intervencion_id,coleccion,lote,archivo_origen,archivo_revision_v3,etiqueta_origen,es_relevante_origen,etiqueta_previa_v3,es_relevante_previa_v3,etiqueta_v3,es_relevante_v3,resultado_revision,confianza_revision_v3,cita_literal_espacios_normalizados,fundamento_revision_v3,estado_revision_v3,sha256_texto,n_caracteres_texto,rol_recomendado,incluir_control_primario,uso_recomendado
RPM-2008-01-10:1628:1,ia_base_v2,etiquetas_escalado_r10.csv,data/etiquetas/etiquetas_escalado_r10.csv,data/auditoria/revision_etiquetas_escalado_r10_v3/revision.csv,neutral,1,neutral,1,neutral,1,compatible,alta,"si respecto del Dólar Chile se está apreciando, respecto del tipo de cambio multilateral se mantiene constante",Compatible con N: sin dirección respaldada. La unidad no adopta una dirección monetaria propia.,revisado,0555b8f0c893610c26eeb070dee1bb7934b2d693073515c064f2bfcb1fbebf89,441,desarrollo_base_v3,si,supervision_oof_control_primario
RPM-2008-02-07:1644:1,ia_base_v2,etiquetas_escalado_r10.csv,data/etiquetas/etiquetas_escalado_r10.csv,data/auditoria/revision_etiquetas_escalado_r10_v3/revision.csv,neutral,0,neutral,0,neutral,0,compatible,alta,,Compatible con N/relevancia0: fijacion de fecha e invitacion a exponer (logistica).,revisado,5d928a0650483002c9384251ca0d66182fc6e20159162bf0534a35887aad49e2,407,desarrollo_base_v3,si,supervision_oof_control_primario
RPM-2008-02-07:1648:1,ia_base_v2,etiquetas_escalado_r10.csv,data/etiquetas/etiquetas_escalado_r10.csv,data/auditoria/revision_etiquetas_escalado_r10_v3/revision.csv,neutral,1,neutral,1,neutral,1,compatible,alta,"la inflación en Asia está disminuyendo un poco. En su opinión, ese no es el caso de China",Compatible con N: sin dirección respaldada. La unidad no adopta una dirección monetaria propia.,revisado,d8756efd8e44fef19e795e193032c0050f28b7916c5f33e1ee512e87c3b8ad5c,203,desarrollo_base_v3,si,supervision_oof_control_primario
RPM-2008-02-07:1674:1,ia_base_v2,etiquetas_escalado_r10.csv,data/etiquetas/etiquetas_escalado_r10.csv,data/auditoria/revision_etiquetas_escalado_r10_v3/revision.csv,neutral,1,neutral,1,neutral,1,compatible,alta,"las decisiones del Banco de Inglaterra y el Banco Central Europeo, principalmente respecto a los sesgos que incluyeron en el fundamento de sus decisiones",Compatible con N: sin dirección respaldada. La unidad no adopta una dirección monetaria propia.,revisado,4d1b2e9c1c7c891cec23ea099f46e6fb7f0a5a205cf3745bbf350f3bba60dfc7,247,desarrollo_base_v3,si,supervision_oof_control_primario
RPM-2008-03-13:1731:1,ia_base_v2,etiquetas_escalado_r10.csv,data/etiquetas/etiquetas_escalado_r10.csv,data/auditoria/revision_etiquetas_escalado_r10_v3/revision.csv,dovish,1,dovish,1,hawkish,1,cambio_etiqueta,alta,"descarta, por de pronto, la opción de bajar la tasa porque la inflación sigue siendo muy alta y, en estas circunstancias, una relajación de la Política Monetaria tendría efectos adversos","Rechaza sustantivamente relajar por sus efectos inflacionarios y mantiene un sesgo restrictivo: H, no D por escoger mantener frente a subir.",revisado,e744282de07d153853aff275db6ab9af4c4860821bf8fdd369dce7b46ae0ff85,7454,desarrollo_base_v3,si,supervision_oof_control_primario
RPM-2008-03-13:1731:2,ia_base_v2,etiquetas_escalado_r10.csv,data/etiquetas/etiquetas_escalado_r10.csv,data/auditoria/revision_etiquetas_escalado_r10_v3/revision.csv,hawkish,1,hawkish,1,hawkish,1,compatible,media,"vota por mantener la tasa de política monetaria en su nivel actual, manteniendo el sesgo al alza en el Comunicado",Compatible con hawkish: dirección respaldada en la unidad. No depende solo del menú o fase.,revisado,1a0920b92c9bd8d68e6e540132c1286e2ba32d5a67a72989f2b47e5a66df9079,4752,desarrollo_base_v3,si,supervision_oof_control_primario
RPM-2008-04-10:1778:1,ia_base_v2,etiquetas_escalado_r10.csv,data/etiquetas/etiquetas_escalado_r10.csv,data/auditoria/revision_etiquetas_escalado_r10_v3/revision.csv,dovish,1,dovish,1,neutral,1,cambio_etiqueta,alta,continuar con la misma tasa vigente en la actualidad,"Elige mantener y eliminar el sesgo para dejar todas las opciones abiertas. Sin dirección futura propia, corresponde N y no D.",revisado,9279e249f02332526bcf2201bfbca854a004d6d7fa78ec328a745b420e2d777b,1852,desarrollo_base_v3,si,supervision_oof_control_primario
RPM-2008-04-10:1782:1,ia_base_v2,etiquetas_escalado_r10.csv,data/etiquetas/etiquetas_escalado_r10.csv,data/auditoria/revision_etiquetas_escalado_r10_v3/revision.csv,dovish,1,dovish,1,neutral,1,cambio_etiqueta,alta,"mantener la Tasa de Política Monetaria en su nivel actual de 6,25%, eliminando el sesgo de política hacia delante","Mantención con eliminación explícita del sesgo, sin sesgo a la baja: caso de calibración N.",revisado,840f5ac4cd0a7cc1b67ac3fd64d1dbb2bad634291c0d3b35a21606907399e5ae,3209,desarrollo_base_v3,si,supervision_oof_control_primario
RPM-2008-05-08:1786:1,ia_base_v2,etiquetas_escalado_r10.csv,data/etiquetas/etiquetas_escalado_r10.csv,data/auditoria/revision_etiquetas_escalado_r10_v3/revision.csv,neutral,0,neutral,0,neutral,0,compatible,alta,,Compatible con N/relevancia0: encabezado de acta: lista de asistentes y fecha.,revisado,5bb5299799f455e4189d31f42598d5653636c91d6eee4162ba1761052b3f0d74,1277,desarrollo_base_v3,si,supervision_oof_control_primario
RPM-2008-05-08:1789:1,ia_base_v2,etiquetas_escalado_r10.csv,data/etiquetas/etiquetas_escalado_r10.csv,data/auditoria/revision_etiquetas_escalado_r10_v3/revision.csv,neutral,1,neutral,1,neutral,1,compatible,alta,puede que esos inventarios no sean deseados,Compatible con N: sin dirección respaldada. La unidad no adopta una dirección monetaria propia.,revisado,dbdeb22225ea496384661708053a41b5b5cde3b4463d8e1b6e2863ccaa4900ce,96,desarrollo_base_v3,si,supervision_oof_control_primario
RPM-2008-05-08:1828:2,ia_base_v2,etiquetas_escalado_r10.csv,data/etiquetas/etiquetas_escalado_r10.csv,data/auditoria/revision_etiquetas_escalado_r10_v3/revision.csv,neutral,1,neutral,1,neutral,1,compatible,alta,"los créditos hipotecarios son largos y los créditos de consumo que obtienen la Pymes son más bien de corto plazo, por lo cual son de mayor riesgo",Compatible con N: sin dirección respaldada. La unidad no adopta una dirección monetaria propia.,revisado,b354f14cfe3487564a532890065180563e1b606041502094c46552b114e13a4a,284,desarrollo_base_v3,si,supervision_oof_control_primario
RPM-2008-06-10:1869:7,ia_base_v2,etiquetas_escalado_r10.csv,data/etiquetas/etiquetas_escalado_r10.csv,data/auditoria/revision_etiquetas_escalado_r10_v3/revision.csv,neutral,1,neutral,1,neutral,1,compatible,alta,todavía el país está con inercia de alimentos puesto que los precios domésticos no se ajustaron debidamente,Compatible con N: sin dirección respaldada. La unidad no adopta una dirección monetaria propia.,revisado,e46e50068d68400d68ce179b5011c6522b3d14e46e96911241448b1e7cb7e392,381,desarrollo_base_v3,si,supervision_oof_control_primario
RPM-2008-06-10:1873:4,ia_base_v2,etiquetas_escalado_r10.csv,data/etiquetas/etiquetas_escalado_r10.csv,data/auditoria/revision_etiquetas_escalado_r10_v3/revision.csv,neutral,1,neutral,1,neutral,1,compatible,alta,dos tercios de los proyectos o del incremento de la inversión de este año corresponden a minería y energía,Compatible con N: sin dirección respaldada. La unidad no adopta una dirección monetaria propia.,revisado,76bf6d606d9281c6af9b6de8c6f60728a5ef49fc551d82fddec9b11175786d45,517,desarrollo_base_v3,si,supervision_oof_control_primario
RPM-2008-06-10:1889:3,ia_base_v2,etiquetas_escalado_r10.csv,data/etiquetas/etiquetas_escalado_r10.csv,data/auditoria/revision_etiquetas_escalado_r10_v3/revision.csv,neutral,1,neutral,1,neutral,1,compatible,alta,como efecto de segunda vuelta el alza de los plásticos y del transporte afectó el mayor precio de las bebidas,Compatible con N: sin dirección respaldada. La unidad no adopta una dirección monetaria propia.,revisado,a56868f7986d5ac9b92535c50017c9fd2db223ca75a9538fba9b5ba5368ccafa,158,desarrollo_base_v3,si,supervision_oof_control_primario
RPM-2008-07-10:1916:2,ia_base_v2,etiquetas_escalado_r10.csv,data/etiquetas/etiquetas_escalado_r10.csv,data/auditoria/revision_etiquetas_escalado_r10_v3/revision.csv,neutral,1,neutral,1,neutral,1,compatible,alta,la actividad en las economías desarrolladas muestra nuevos signos de debilidad en el contexto de mercados financieros que vuelven a presentar una elevada incertidumbre,Compatible con N: sin dirección respaldada. La unidad no adopta una dirección monetaria propia.,revisado,3dfe70dceca00ec83ea8bbc0f4e11cff99e4ed29ad1dfe0a45c0f0873106d49f,6443,desarrollo_base_v3,si,supervision_oof_control_primario
RPM-2008-07-10:1917:3,ia_base_v2,etiquetas_escalado_r10.csv,data/etiquetas/etiquetas_escalado_r10.csv,data/auditoria/revision_etiquetas_escalado_r10_v3/revision.csv,neutral,1,neutral,1,neutral,1,compatible,alta,en América Latina hay un componente que es el tipo de cambio,Compatible con N: sin dirección respaldada. La unidad no adopta una dirección monetaria propia.,revisado,f972dd635239abe694a46de97d5239d40849ba03a8418e67fae91d0cb23533f9,369,desarrollo_base_v3,si,supervision_oof_control_primario
RPM-2008-07-10:1948:2,ia_base_v2,etiquetas_escalado_r10.csv,data/etiquetas/etiquetas_escalado_r10.csv,data/auditoria/revision_etiquetas_escalado_r10_v3/revision.csv,neutral,1,neutral,1,neutral,1,compatible,alta,"el gran problema de la política monetaria se produce cuando el precio que se fija en un momento no responde a algo que sucedió, sino que a la expectativa",Compatible con N: sin dirección respaldada. La unidad no adopta una dirección monetaria propia.,revisado,2146eadf37af53ce6008a7717c57a3c1f96e154e78e34aafb93ecbd62e364958,1077,desarrollo_base_v3,si,supervision_oof_control_primario
RPM-2008-08-14:1980:1,ia_base_v2,etiquetas_escalado_r10.csv,data/etiquetas/etiquetas_escalado_r10.csv,data/auditoria/revision_etiquetas_escalado_r10_v3/revision.csv,neutral,0,neutral,0,neutral,0,compatible,alta,,Compatible con N/relevancia0: transito procedimental: invitacion a exponer.,revisado,1f0f7d45732bfe22a682c3e730d7558ed560e12880ce7f3073060b0178f32d3d,158,desarrollo_base_v3,si,supervision_oof_control_primario
RPM-2008-08-14:1994:1,ia_base_v2,etiquetas_escalado_r10.csv,data/etiquetas/etiquetas_escalado_r10.csv,data/auditoria/revision_etiquetas_escalado_r10_v3/revision.csv,neutral,1,neutral,1,neutral,1,compatible,alta,"frente a la perspectiva de tasas, el ECB ablandó su posición",Compatible con N: sin dirección respaldada. La unidad no adopta una dirección monetaria propia.,revisado,d4fcfcc3595355866ef99f488af78ac7853250398b760e00b403aa08c50e971d,104,desarrollo_base_v3,si,supervision_oof_control_primario
RPM-2008-08-14:2016:2,ia_base_v2,etiquetas_escalado_r10.csv,data/etiquetas/etiquetas_escalado_r10.csv,data/auditoria/revision_etiquetas_escalado_r10_v3/revision.csv,neutral,1,neutral,1,neutral,1,compatible,alta,"tendría que haber una apreciación fuerte sobre el tipo de cambio real, lo que no se observa",Compatible con N: sin dirección respaldada. La unidad no adopta una dirección monetaria propia.,revisado,198bd4d4f0305629577c26f69c8f03d9e3addec41b217ad3d8b669c6f363d666,208,desarrollo_base_v3,si,supervision_oof_control_primario
RPM-2008-09-04:2050:3,ia_base_v2,etiquetas_escalado_r10.csv,data/etiquetas/etiquetas_escalado_r10.csv,data/auditoria/revision_etiquetas_escalado_r10_v3/revision.csv,neutral,1,neutral,1,neutral,1,compatible,alta,no resulta evidente qué es lo que empuja su promedio,Compatible con N: sin dirección respaldada. La unidad no adopta una dirección monetaria propia.,revisado,5e6118d6f5ae25ec7579d4526f8b360058eebebccf931648f93d8e1a2f4460ad,340,desarrollo_base_v3,si,supervision_oof_control_primario
RPM-2008-09-04:2067:1,ia_base_v2,etiquetas_escalado_r10.csv,data/etiquetas/etiquetas_escalado_r10.csv,data/auditoria/revision_etiquetas_escalado_r10_v3/revision.csv,neutral,1,neutral,1,neutral,1,compatible,alta,"la renovación de equipos de computación es también de empresas grandes, pero corresponde al tamaño de los proyectos",Compatible con N: sin dirección respaldada. La unidad no adopta una dirección monetaria propia.,revisado,cb8380ebb89cdfe6d357f2d1cd95591bc7e845348e50141649e468afe3ae2e9f,294,desarrollo_base_v3,si,supervision_oof_control_primario
RPM-2008-09-04:2086:1,ia_base_v2,etiquetas_escalado_r10.csv,data/etiquetas/etiquetas_escalado_r10.csv,data/auditoria/revision_etiquetas_escalado_r10_v3/revision.csv,hawkish,1,hawkish,1,hawkish,1,compatible,alta,no le parece conveniente efectuar un aumento de 75 puntos base,Compatible con hawkish: dirección respaldada en la unidad. No depende solo del menú o fase.,revisado,2237f4982a84605d89230076f2c378f9eee9d050ad70c6f0ec018ed0b316de00,9550,desarrollo_base_v3,si,supervision_oof_control_primario
RPM-2008-09-04:2095:1,ia_base_v2,etiquetas_escalado_r10.csv,data/etiquetas/etiquetas_escalado_r10.csv,data/auditoria/revision_etiquetas_escalado_r10_v3/revision.csv,hawkish,1,hawkish,1,hawkish,1,compatible,alta,tiene una preferencia por un ajuste de 75 puntos base en esta Reunión,Compatible con hawkish: dirección respaldada en la unidad. No depende solo del menú o fase.,revisado,b131b9cd1786c0bd98786ce28bd361be105a7feb035e58521da63608b2f489cd,4895,desarrollo_base_v3,si,supervision_oof_control_primario
RPM-2008-11-13:2144:1,ia_base_v2,etiquetas_escalado_r10.csv,data/etiquetas/etiquetas_escalado_r10.csv,data/auditoria/revision_etiquetas_escalado_r10_v3/revision.csv,neutral,1,neutral,1,neutral,1,compatible,alta,la depreciación del peso se ha observado en muchas otras monedas,Compatible con N: sin dirección respaldada. La unidad no adopta una dirección monetaria propia.,revisado,26ccf15152cd1a360aca02bd0550dfcd81c0416e32cc732ce491bb667679ae6b,235,desarrollo_base_v3,si,supervision_oof_control_primario
RPM-2008-11-13:2146:1,ia_base_v2,etiquetas_escalado_r10.csv,data/etiquetas/etiquetas_escalado_r10.csv,data/auditoria/revision_etiquetas_escalado_r10_v3/revision.csv,neutral,1,neutral,1,neutral,1,compatible,alta,lo que se ha observado más recientemente es que los agregados monetarios han aumentado su tasa de crecimiento,Compatible con N: sin dirección respaldada. La unidad no adopta una dirección monetaria propia.,revisado,f0cd8bd7b6339ccee856f67acb4306ccba34c9659e6c42767494fcefa76a00f4,178,desarrollo_base_v3,si,supervision_oof_control_primario
RPM-2008-11-13:2155:1,ia_base_v2,etiquetas_escalado_r10.csv,data/etiquetas/etiquetas_escalado_r10.csv,data/auditoria/revision_etiquetas_escalado_r10_v3/revision.csv,neutral,1,neutral,1,neutral,1,compatible,alta,le gustaría que en las discusiones se afinaran más aún las sensibilidades de un escenario incierto,Compatible con N: sin dirección respaldada. La unidad no adopta una dirección monetaria propia.,revisado,5be3be13f4083d52340ac2a29050c23e9af068019abc6e712d98a039f2a39a41,412,desarrollo_base_v3,si,supervision_oof_control_primario
RPM-2008-11-13:2171:1,ia_base_v2,etiquetas_escalado_r10.csv,data/etiquetas/etiquetas_escalado_r10.csv,data/auditoria/revision_etiquetas_escalado_r10_v3/revision.csv,dovish,1,dovish,1,neutral,1,cambio_etiqueta,alta,tampoco estima prudente anunciar algún tipo de sesgo en el Comunicado,"Considera menos restrictiva la trayectoria que antes se proyectaba, pero decide mantener y no anunciar sesgo. Menos alzas relativas no equivalen a expansión: N.",revisado,d9d36c559272e194a495785cd1608b88b643b926db3df054d421d91d8b2267aa,4843,desarrollo_base_v3,si,supervision_oof_control_primario
RPM-2008-12-11:2177:2,ia_base_v2,etiquetas_escalado_r10.csv,data/etiquetas/etiquetas_escalado_r10.csv,data/auditoria/revision_etiquetas_escalado_r10_v3/revision.csv,neutral,1,neutral,1,neutral,1,compatible,alta,en el caso de los bonos alemanes que también han sufrido caídas muy importantes,Compatible con N: sin dirección respaldada. La unidad no adopta una dirección monetaria propia.,revisado,2f805f62b9d39697e616cbe2ffc9f422edcb818534586a47be99690859db7976,213,desarrollo_base_v3,si,supervision_oof_control_primario
RPM-2008-12-11:2221:2,ia_base_v2,etiquetas_escalado_r10.csv,data/etiquetas/etiquetas_escalado_r10.csv,data/auditoria/revision_etiquetas_escalado_r10_v3/revision.csv,neutral,1,neutral,1,neutral,1,compatible,alta,consulta si en ese modelo está implícita una trayectoria de la tasa de interés,Compatible con N: sin dirección respaldada. La unidad no adopta una dirección monetaria propia.,revisado,6b724a1cd41d5a9587e19d6c4cbae7ed07d3071881661e24b84fa70104d410ad,133,desarrollo_base_v3,si,supervision_oof_control_primario
RPM-2008-12-11:2229:1,ia_base_v2,etiquetas_escalado_r10.csv,data/etiquetas/etiquetas_escalado_r10.csv,data/auditoria/revision_etiquetas_escalado_r10_v3/revision.csv,neutral,1,neutral,1,neutral,1,compatible,alta,las operaciones de comercio exterior deberían observarse en dólares,Compatible con N: sin dirección respaldada. La unidad no adopta una dirección monetaria propia.,revisado,749b6be342eab472cc8f9d0127418fcb69d6a0eaab372273fde0a16a924c7de3,457,desarrollo_base_v3,si,supervision_oof_control_primario
RPM-2008-12-11:2232:1,ia_base_v2,etiquetas_escalado_r10.csv,data/etiquetas/etiquetas_escalado_r10.csv,data/auditoria/revision_etiquetas_escalado_r10_v3/revision.csv,neutral,1,neutral,1,neutral,1,compatible,alta,si las Administradoras de Fondos de Pensiones son un factor de la depreciación adicional del tipo de cambio multilateral,Compatible con N: sin dirección respaldada. La unidad no adopta una dirección monetaria propia.,revisado,f22eac5ccccd0e6661775c7a0504c0ce32f472a30587e00d21eaa944188197f6,264,desarrollo_base_v3,si,supervision_oof_control_primario
RPM-2009-01-08:2271:2,ia_base_v2,etiquetas_escalado_r10.csv,data/etiquetas/etiquetas_escalado_r10.csv,data/auditoria/revision_etiquetas_escalado_r10_v3/revision.csv,neutral,1,neutral,1,neutral,1,compatible,alta,"se aprecia una velocidad negativa en el empleo, por primera vez durante el año, desde fines de 2007",Compatible con N: sin dirección respaldada. La unidad no adopta una dirección monetaria propia.,revisado,6da95de89c62328b26cc739b8e597b66b47e7cd18674ee3346c48fb1e3ace5ea,698,desarrollo_base_v3,si,supervision_oof_control_primario
RPM-2009-01-08:2280:2,ia_base_v2,etiquetas_escalado_r10.csv,data/etiquetas/etiquetas_escalado_r10.csv,data/auditoria/revision_etiquetas_escalado_r10_v3/revision.csv,neutral,1,neutral,1,neutral,1,compatible,alta,esta situación comenzaría a ocurrir aproximadamente en el mes de junio,Compatible con N: sin dirección respaldada. La unidad no adopta una dirección monetaria propia.,revisado,9ee2d9de0cddf10d86f30ad2adecdc530363363c2f6d8a3be67da86767195545,690,desarrollo_base_v3,si,supervision_oof_control_primario
RPM-2009-02-12:2339:1,ia_base_v2,etiquetas_escalado_r10.csv,data/etiquetas/etiquetas_escalado_r10.csv,data/auditoria/revision_etiquetas_escalado_r10_v3/revision.csv,neutral,1,neutral,1,neutral,1,compatible,alta,si el nivel es igual y la tasa de variación también lo es ya se pierde más de un punto en la proyección,Compatible con N: sin dirección respaldada. La unidad no adopta una dirección monetaria propia.,revisado,8f01810e81a544edb05aadb10a2227f779009ca98fa1b6a18b41d32b167b312d,148,desarrollo_base_v3,si,supervision_oof_control_primario
RPM-2009-02-12:2340:1,ia_base_v2,etiquetas_escalado_r10.csv,data/etiquetas/etiquetas_escalado_r10.csv,data/auditoria/revision_etiquetas_escalado_r10_v3/revision.csv,neutral,1,neutral,1,neutral,1,compatible,alta,se tiene un punto o un punto y medio más de brecha si se toma en cuenta el cuarto trimestre,Compatible con N: sin dirección respaldada. La unidad no adopta una dirección monetaria propia.,revisado,1b52fe5271be80d479982675ce9c02bcfa71607ae5df1843a255aff74bc14eee,381,desarrollo_base_v3,si,supervision_oof_control_primario
RPM-2009-02-12:2380:1,ia_base_v2,etiquetas_escalado_r10.csv,data/etiquetas/etiquetas_escalado_r10.csv,data/auditoria/revision_etiquetas_escalado_r10_v3/revision.csv,dovish,1,dovish,1,dovish,1,compatible,alta,mantiene su decisión de rebajar la Tasa de Política Monetaria en sólo 200 puntos base,Compatible con dovish: dirección respaldada en la unidad. No depende solo del menú o fase.,revisado,04f9e33988d6610af8df963ee222d187ed6e1f87ffba8044b31ef0a97d35389c,162,desarrollo_base_v3,si,supervision_oof_control_primario
RPM-2009-03-12:2396:2,ia_base_v2,etiquetas_escalado_r10.csv,data/etiquetas/etiquetas_escalado_r10.csv,data/auditoria/revision_etiquetas_escalado_r10_v3/revision.csv,neutral,1,neutral,1,neutral,1,compatible,alta,dando cuenta justamente que a mayores plazos se están percibiendo mayores riesgos,Compatible con N: sin dirección respaldada. La unidad no adopta una dirección monetaria propia.,revisado,854ce9e20d0bb76479b64c45d8fcdb272674224bfcb8a82c8c1eda44af04d2fb,1933,desarrollo_base_v3,si,supervision_oof_control_primario
RPM-2009-04-09:2443:1,ia_base_v2,etiquetas_escalado_r10.csv,data/etiquetas/etiquetas_escalado_r10.csv,data/auditoria/revision_etiquetas_escalado_r10_v3/revision.csv,neutral,1,neutral,1,neutral,1,compatible,alta,cómo se comparan dichas cifras con los últimos datos del FMI,Compatible con N: sin dirección respaldada. La unidad no adopta una dirección monetaria propia.,revisado,894863bf06ba43ba8105b2408af85b17f9da0190f33802c06574b95d9b6b8781,107,desarrollo_base_v3,si,supervision_oof_control_primario
RPM-2009-04-09:2478:2,ia_base_v2,etiquetas_escalado_r10.csv,data/etiquetas/etiquetas_escalado_r10.csv,data/auditoria/revision_etiquetas_escalado_r10_v3/revision.csv,neutral,1,neutral,1,neutral,1,compatible,alta,"la demanda interna, aparentemente está cayendo mucho más que el PIB",Compatible con N: sin dirección respaldada. La unidad no adopta una dirección monetaria propia.,revisado,d554f9479c249f57a6a6e83a2aac9725f54147d1b25eada5d5be0f53a90d24ef,301,desarrollo_base_v3,si,supervision_oof_control_primario
RPM-2009-04-09:2485:1,ia_base_v2,etiquetas_escalado_r10.csv,data/etiquetas/etiquetas_escalado_r10.csv,data/auditoria/revision_etiquetas_escalado_r10_v3/revision.csv,neutral,1,neutral,1,neutral,1,compatible,media,"no recuerda una RPM en la que el update de la proyección tanto de actividad como de inflación respecto al dato de la RPM anterior, sea tan marcado",Compatible con N: sin dirección respaldada. La unidad no adopta una dirección monetaria propia.,revisado,530bc6322d5ac41df9cb6c436c15e45d5238265d9cbedf7f18c244bd2e83a0c5,1444,desarrollo_base_v3,si,supervision_oof_control_primario
RPM-2009-04-09:2488:1,ia_base_v2,etiquetas_escalado_r10.csv,data/etiquetas/etiquetas_escalado_r10.csv,data/auditoria/revision_etiquetas_escalado_r10_v3/revision.csv,neutral,1,neutral,1,neutral,1,compatible,alta,ninguna de ellas le va a llegar a los sectores que exportan,Compatible con N: sin dirección respaldada. La unidad no adopta una dirección monetaria propia.,revisado,19a341f1e421e3ae26969a7c7b06592b63399594badacd98783e820afbdb40f7,1141,desarrollo_base_v3,si,supervision_oof_control_primario
RPM-2009-04-09:2495:1,ia_base_v2,etiquetas_escalado_r10.csv,data/etiquetas/etiquetas_escalado_r10.csv,data/auditoria/revision_etiquetas_escalado_r10_v3/revision.csv,neutral,0,neutral,0,neutral,0,compatible,alta,,Compatible con N/relevancia0: transito procedimental: apertura de la votacion.,revisado,443872b5bbba42ddf78da53c8fa9511140a5d5dc798886ab69c2635957451665,157,desarrollo_base_v3,si,supervision_oof_control_primario
RPM-2009-05-07:2529:2,ia_base_v2,etiquetas_escalado_r10.csv,data/etiquetas/etiquetas_escalado_r10.csv,data/auditoria/revision_etiquetas_escalado_r10_v3/revision.csv,neutral,1,neutral,1,neutral,1,compatible,alta,no extraería más información de la que realmente puede proporcionar,Compatible con N: sin dirección respaldada. La unidad no adopta una dirección monetaria propia.,revisado,ee57f07e70ee21016d33ff0c7a433ef4e94bc68f97593555870f99e6511a5fed,885,desarrollo_base_v3,si,supervision_oof_control_primario
RPM-2009-05-07:2530:1,ia_base_v2,etiquetas_escalado_r10.csv,data/etiquetas/etiquetas_escalado_r10.csv,data/auditoria/revision_etiquetas_escalado_r10_v3/revision.csv,neutral,1,neutral,1,neutral,1,compatible,alta,"el cambio de la ley es a partir de febrero, por lo tanto la primera caída del mes no incorpora eso todavía",Compatible con N: sin dirección respaldada. La unidad no adopta una dirección monetaria propia.,revisado,96896b8d1eb28663a89f4baf2890e9bf5229d25b72c45f7ef1d36b8bb7f816d6,148,desarrollo_base_v3,si,supervision_oof_control_primario
RPM-2009-05-07:2532:1,ia_base_v2,etiquetas_escalado_r10.csv,data/etiquetas/etiquetas_escalado_r10.csv,data/auditoria/revision_etiquetas_escalado_r10_v3/revision.csv,neutral,1,neutral,1,neutral,1,compatible,alta,por qué se está suponiendo que hay una caída de inventarios el segundo trimestre,Compatible con N: sin dirección respaldada. La unidad no adopta una dirección monetaria propia.,revisado,bf61553b5a3b43db67c68c1636c208a2920a3f3107cba8c197ed39b4a45623f2,123,desarrollo_base_v3,si,supervision_oof_control_primario
RPM-2009-05-07:2532:5,ia_base_v2,etiquetas_escalado_r10.csv,data/etiquetas/etiquetas_escalado_r10.csv,data/auditoria/revision_etiquetas_escalado_r10_v3/revision.csv,neutral,1,neutral,1,neutral,1,compatible,alta,"si esa fuese la interpretación, entonces estas observaciones serían más bien pesimistas que optimistas",Compatible con N: sin dirección respaldada. La unidad no adopta una dirección monetaria propia.,revisado,abdefefb8b2fa36b5f7abc0f284aad3ad870929735d5c170bc8bf0e2a2839159,737,desarrollo_base_v3,si,supervision_oof_control_primario
RPM-2009-05-07:2534:1,ia_base_v2,etiquetas_escalado_r10.csv,data/etiquetas/etiquetas_escalado_r10.csv,data/auditoria/revision_etiquetas_escalado_r10_v3/revision.csv,neutral,1,neutral,1,neutral,1,compatible,alta,si lo anterior tiene que ver con el problema de estacionalizar el vestuario,Compatible con N: sin dirección respaldada. La unidad no adopta una dirección monetaria propia.,revisado,4a7e85d28564ab440b816a0a2df6ecc12c5e9c467a45e08f47889fb54604b26a,122,desarrollo_base_v3,si,supervision_oof_control_primario
RPM-2009-05-07:2538:1,ia_base_v2,etiquetas_escalado_r10.csv,data/etiquetas/etiquetas_escalado_r10.csv,data/auditoria/revision_etiquetas_escalado_r10_v3/revision.csv,neutral,1,neutral,1,neutral,1,compatible,alta,el mercado está esperando inflaciones un poco más arriba de lo que el Banco estaba indicando en sus proyecciones,Compatible con N: sin dirección respaldada. La unidad no adopta una dirección monetaria propia.,revisado,d0bb77cc331f59564e7a200d45604cf5d6aea9161767417da9561ff89df37141,204,desarrollo_base_v3,si,supervision_oof_control_primario
RPM-2009-05-07:2541:2,ia_base_v2,etiquetas_escalado_r10.csv,data/etiquetas/etiquetas_escalado_r10.csv,data/auditoria/revision_etiquetas_escalado_r10_v3/revision.csv,neutral,0,neutral,0,neutral,0,compatible,alta,,Compatible con N/relevancia0: incorporacion de autoridad a la reunion (logistica).,revisado,f8604fecaddb664faf1696444ea8c6c75e4337d53e806c96a41ccd329c70b928,115,desarrollo_base_v3,si,supervision_oof_control_primario
RPM-2009-06-16:2555:4,ia_base_v2,etiquetas_escalado_r10.csv,data/etiquetas/etiquetas_escalado_r10.csv,data/auditoria/revision_etiquetas_escalado_r10_v3/revision.csv,neutral,1,neutral,1,neutral,1,compatible,alta,"luego de la fuerte caída que se produjo en marzo, se observa un rebote",Compatible con N: sin dirección respaldada. La unidad no adopta una dirección monetaria propia.,revisado,bdac2c3a5b7e247da97685078652d7c5a8b9bede27b99cf9782b98c5047836cc,173,desarrollo_base_v3,si,supervision_oof_control_primario
RPM-2009-06-16:2567:2,ia_base_v2,etiquetas_escalado_r10.csv,data/etiquetas/etiquetas_escalado_r10.csv,data/auditoria/revision_etiquetas_escalado_r10_v3/revision.csv,neutral,1,neutral,1,neutral,1,compatible,alta,si se tiene evidencia de que se esté empezando a registrar nuevamente inversión financiera en este tipo de materias primas,Compatible con N: sin dirección respaldada. La unidad no adopta una dirección monetaria propia.,revisado,83f0964f707fbec6c69bc20ebe021551288f81e64e4f485ccef917a8a22a83f9,329,desarrollo_base_v3,si,supervision_oof_control_primario
RPM-2009-06-16:2567:5,ia_base_v2,etiquetas_escalado_r10.csv,data/etiquetas/etiquetas_escalado_r10.csv,data/auditoria/revision_etiquetas_escalado_r10_v3/revision.csv,neutral,1,neutral,1,neutral,1,compatible,alta,"para el año 2009, el precio promedio se mantendría en 60 dólares el barril",Compatible con N: sin dirección respaldada. La unidad no adopta una dirección monetaria propia.,revisado,08235f3bbe0321fa37c6773c0fbbc3c8bc66a4cda0fe763ca67ece7bbb0a5f2e,232,desarrollo_base_v3,si,supervision_oof_control_primario
RPM-2009-06-16:2591:5,ia_base_v2,etiquetas_escalado_r10.csv,data/etiquetas/etiquetas_escalado_r10.csv,data/auditoria/revision_etiquetas_escalado_r10_v3/revision.csv,neutral,1,neutral,1,neutral,1,compatible,alta,"lo esencial no radica solamente en el nivel, sino que también en la velocidad",Compatible con N: sin dirección respaldada. La unidad no adopta una dirección monetaria propia.,revisado,d62d0f35aea8ed76febd91b50650498b89ebdc6f47d865cbc082a3101d3157b2,1020,desarrollo_base_v3,si,supervision_oof_control_primario
RPM-2009-06-16:2596:1,ia_base_v2,etiquetas_escalado_r10.csv,data/etiquetas/etiquetas_escalado_r10.csv,data/auditoria/revision_etiquetas_escalado_r10_v3/revision.csv,neutral,0,neutral,0,neutral,0,compatible,alta,,Compatible con N/relevancia0: transito procedimental: ofrecimiento de la palabra.,revisado,4e4b6a7c22f16ed220d06f11d516393b0849a8b6eb082e3114205f7b06d568a3,136,desarrollo_base_v3,si,supervision_oof_control_primario
RPM-2009-06-16:2603:1,ia_base_v2,etiquetas_escalado_r10.csv,data/etiquetas/etiquetas_escalado_r10.csv,data/auditoria/revision_etiquetas_escalado_r10_v3/revision.csv,neutral,0,neutral,0,neutral,0,compatible,alta,,Compatible con N/relevancia0: aprobacion del comunicado y cierre de la sesion (logistica).,revisado,b7549e27c534f2a02283fcc1ad2881803c8c84d7ae7d45ea7474c51753d88cde,83,desarrollo_base_v3,si,supervision_oof_control_primario
RPM-2009-07-09:2637:2,ia_base_v2,etiquetas_escalado_r10.csv,data/etiquetas/etiquetas_escalado_r10.csv,data/auditoria/revision_etiquetas_escalado_r10_v3/revision.csv,neutral,1,neutral,1,neutral,1,compatible,alta,la mayoría de los agentes encuestados estima que el Consejo acordará una disminución de la Tasa de Política Monetaria en 25 puntos base,Compatible con N: sin dirección respaldada. La unidad no adopta una dirección monetaria propia.,revisado,4d90a3a7053506ad62f9afb524c4c0485872d0291ffb2fa0e4e534442c410bd1,596,desarrollo_base_v3,si,supervision_oof_control_primario
RPM-2009-08-13:2656:1,ia_base_v2,etiquetas_escalado_r10.csv,data/etiquetas/etiquetas_escalado_r10.csv,data/auditoria/revision_etiquetas_escalado_r10_v3/revision.csv,neutral,0,neutral,0,neutral,0,compatible,alta,,Compatible con N/relevancia0: encabezado de acta: lista de asistentes y fecha.,revisado,fb4810b748e35a0080f690d5246029e3f240d4206b7a7e401fb977c2756fdac3,1566,desarrollo_base_v3,si,supervision_oof_control_primario
RPM-2009-08-13:2660:1,ia_base_v2,etiquetas_escalado_r10.csv,data/etiquetas/etiquetas_escalado_r10.csv,data/auditoria/revision_etiquetas_escalado_r10_v3/revision.csv,neutral,1,neutral,1,neutral,1,compatible,alta,"los indicadores de empleo han continuado dando cifras negativas, aunque han tendido a atenuarse en los últimos meses",Compatible con N: sin dirección respaldada. La unidad no adopta una dirección monetaria propia.,revisado,5407c6f78b665aa8b044a51e97c44556ed0f04be302b7acd220a0ac8a679fde1,2750,desarrollo_base_v3,si,supervision_oof_control_primario
RPM-2009-08-13:2665:1,ia_base_v2,etiquetas_escalado_r10.csv,data/etiquetas/etiquetas_escalado_r10.csv,data/auditoria/revision_etiquetas_escalado_r10_v3/revision.csv,neutral,1,neutral,1,neutral,1,compatible,alta,"las tasas a diez años en Chile hace tiempo que no están en 6,5%, sino que 100 puntos más abajo",Compatible con N: sin dirección respaldada. La unidad no adopta una dirección monetaria propia.,revisado,9c21ceb5735d0e9056793155f6e053b891f6a02805a42b8959bc5f5de1a00352,279,desarrollo_base_v3,si,supervision_oof_control_primario
RPM-2009-08-13:2668:1,ia_base_v2,etiquetas_escalado_r10.csv,data/etiquetas/etiquetas_escalado_r10.csv,data/auditoria/revision_etiquetas_escalado_r10_v3/revision.csv,neutral,1,neutral,1,neutral,1,compatible,alta,resulta natural una declinación de los mismos en los años más cercanos,Compatible con N: sin dirección respaldada. La unidad no adopta una dirección monetaria propia.,revisado,e6c2a9c4bbed9a545338170bbf8a6c4ea44e9e0038f8233ccd1ab8ef3ed96798,390,desarrollo_base_v3,si,supervision_oof_control_primario
RPM-2009-08-13:2674:3,ia_base_v2,etiquetas_escalado_r10.csv,data/etiquetas/etiquetas_escalado_r10.csv,data/auditoria/revision_etiquetas_escalado_r10_v3/revision.csv,neutral,1,neutral,1,neutral,1,compatible,alta,los spreads entre las tasas de colocación y captación han aumentado y son comparables con otros episodios de stress financiero,Compatible con N: sin dirección respaldada. La unidad no adopta una dirección monetaria propia.,revisado,019d2bfd16378bea5bf01a2e06c35fdd47ad7567f24d4cae9f9e057d85eebd9c,1507,desarrollo_base_v3,si,supervision_oof_control_primario
RPM-2009-08-13:2679:1,ia_base_v2,etiquetas_escalado_r10.csv,data/etiquetas/etiquetas_escalado_r10.csv,data/auditoria/revision_etiquetas_escalado_r10_v3/revision.csv,neutral,1,neutral,1,neutral,1,compatible,alta,"no significa que el mercado de manera unánime esté esperando que la inflación vaya subiendo, más bien todo lo contrario",Compatible con N: sin dirección respaldada. La unidad no adopta una dirección monetaria propia.,revisado,164281f39f203800996bedc2171e3af71969e6738b0c74d96a42b7621db8d4e8,755,desarrollo_base_v3,si,supervision_oof_control_primario
RPM-2009-08-13:2681:1,ia_base_v2,etiquetas_escalado_r10.csv,data/etiquetas/etiquetas_escalado_r10.csv,data/auditoria/revision_etiquetas_escalado_r10_v3/revision.csv,neutral,1,dovish,1,neutral,1,cambio_etiqueta,alta,las opciones más plausibles para esta Reunión son la mantención de la actual instancia de política monetaria o su eventual ampliación,"La minuta presenta mantener o ampliar el estímulo y describe instrumentos condicionales, pero no elige una dirección. Menú sin preferencia: N, no D.",revisado,9a328a3a0a0d6e026ceea57c5566651290eabbce11d0ce907a23c678c215c33e,11080,desarrollo_base_v3,si,supervision_oof_control_primario
RPM-2009-09-08:2705:7,ia_base_v2,etiquetas_escalado_r10.csv,data/etiquetas/etiquetas_escalado_r10.csv,data/auditoria/revision_etiquetas_escalado_r10_v3/revision.csv,neutral,0,neutral,0,neutral,0,compatible,alta,,Compatible con N/relevancia0: reanudacion de sesion (logistica).,revisado,95e45b9126697b4a3c130b9470658ff9611bb8ba041d3be8a92e0c67313cb90a,199,desarrollo_base_v3,si,supervision_oof_control_primario
RPM-2009-10-13:2715:1,ia_base_v2,etiquetas_escalado_r10.csv,data/etiquetas/etiquetas_escalado_r10.csv,data/auditoria/revision_etiquetas_escalado_r10_v3/revision.csv,neutral,0,neutral,0,neutral,0,compatible,alta,,Compatible con N/relevancia0: transito procedimental: invitacion a exponer.,revisado,cddc49a5deac614ded108f169e1f298b2989a52994dc063205eb82989a1643eb,158,desarrollo_base_v3,si,supervision_oof_control_primario
RPM-2009-10-13:2718:1,ia_base_v2,etiquetas_escalado_r10.csv,data/etiquetas/etiquetas_escalado_r10.csv,data/auditoria/revision_etiquetas_escalado_r10_v3/revision.csv,neutral,1,neutral,1,neutral,1,compatible,alta,varias empresas importantes relacionadas con el negocio de propiedades comerciales se encuentran en procesos de quiebra,Compatible con N: sin dirección respaldada. La unidad no adopta una dirección monetaria propia.,revisado,c2a81102d43a5208fce39d6dc9044a1245d49fe93a142c14c876064442fe5853,261,desarrollo_base_v3,si,supervision_oof_control_primario
RPM-2009-10-13:2726:2,ia_base_v2,etiquetas_escalado_r10.csv,data/etiquetas/etiquetas_escalado_r10.csv,data/auditoria/revision_etiquetas_escalado_r10_v3/revision.csv,neutral,1,neutral,1,neutral,1,compatible,alta,los de seis y doce meses son los que muestran distorsiones actualmente,Compatible con N: sin dirección respaldada. La unidad no adopta una dirección monetaria propia.,revisado,23189444a6f396cef333efe1a2871db652906bf668a78c9ca319a53d69d64192,641,desarrollo_base_v3,si,supervision_oof_control_primario
RPM-2009-10-13:2728:1,ia_base_v2,etiquetas_escalado_r10.csv,data/etiquetas/etiquetas_escalado_r10.csv,data/auditoria/revision_etiquetas_escalado_r10_v3/revision.csv,neutral,0,neutral,0,neutral,0,compatible,alta,,Compatible con N/relevancia0: agradecimiento y ofrecimiento de la palabra (logistica).,revisado,37c8e95b0372884374c0d3767562a7cfd2ff834cb0f15df99ae1acc23a59e913,126,desarrollo_base_v3,si,supervision_oof_control_primario
RPM-2009-10-13:2729:1,ia_base_v2,etiquetas_escalado_r10.csv,data/etiquetas/etiquetas_escalado_r10.csv,data/auditoria/revision_etiquetas_escalado_r10_v3/revision.csv,neutral,1,neutral,1,neutral,1,compatible,alta,el precio del petróleo podría reducirse drásticamente por aumentos de capacidad de producción,Compatible con N: sin dirección respaldada. La unidad no adopta una dirección monetaria propia.,revisado,3d49ac2056f15fb707b4bc08367ae9ab56b264d5555f97d52886d21c500d0c4f,391,desarrollo_base_v3,si,supervision_oof_control_primario
RPM-2009-10-13:2734:2,ia_base_v2,etiquetas_escalado_r10.csv,data/etiquetas/etiquetas_escalado_r10.csv,data/auditoria/revision_etiquetas_escalado_r10_v3/revision.csv,neutral,1,neutral,1,neutral,1,compatible,alta,le sorprende que el fortalecimiento del consumo no se traduzca en las importaciones,Compatible con N: sin dirección respaldada. La unidad no adopta una dirección monetaria propia.,revisado,823bd5fab171ca904e7cf27907d1e6ae256c6ca11f7558eadbdc2af072d406a5,271,desarrollo_base_v3,si,supervision_oof_control_primario
RPM-2009-10-13:2758:1,ia_base_v2,etiquetas_escalado_r10.csv,data/etiquetas/etiquetas_escalado_r10.csv,data/auditoria/revision_etiquetas_escalado_r10_v3/revision.csv,dovish,1,dovish,1,dovish,1,compatible,alta,"vota por mantener la TPM en 0,5% y las medidas de política monetaria excepcionales adoptadas en julio",Compatible con dovish: dirección respaldada en la unidad. No depende solo del menú o fase.,revisado,c0e423f046cd974d56a3ad27e8ae42d3cc11c29dfd7c579d0fbec41c665658a5,2179,desarrollo_base_v3,si,supervision_oof_control_primario
RPM-2009-11-12:2778:3,ia_base_v2,etiquetas_escalado_r10.csv,data/etiquetas/etiquetas_escalado_r10.csv,data/auditoria/revision_etiquetas_escalado_r10_v3/revision.csv,neutral,1,neutral,1,neutral,1,compatible,alta,el actual escenario sigue presuponiendo una salida de la crisis más rápida que en la del 1998,Compatible con N: sin dirección respaldada. La unidad no adopta una dirección monetaria propia.,revisado,ba392e170892300ac77a30ccae4bdca8c998611d7fba202d0b42671f9697b30d,1809,desarrollo_base_v3,si,supervision_oof_control_primario
RPM-2009-11-12:2791:1,ia_base_v2,etiquetas_escalado_r10.csv,data/etiquetas/etiquetas_escalado_r10.csv,data/auditoria/revision_etiquetas_escalado_r10_v3/revision.csv,neutral,1,neutral,1,hawkish,1,cambio_etiqueta,alta,un retiro gradual de la FLAP es la opción que parece más plausible,Respalda retirar gradualmente una facilidad monetaria extraordinaria y señalizar una normalización pausada: H.,revisado,870ce7c5ae4e85ad8439e4ad44e1ecf375fdc3f63942821e06f71a1a7c30f97f,2819,desarrollo_base_v3,si,supervision_oof_control_primario
RPM-2010-01-14:2857:3,ia_base_v2,etiquetas_escalado_r10.csv,data/etiquetas/etiquetas_escalado_r10.csv,data/auditoria/revision_etiquetas_escalado_r10_v3/revision.csv,neutral,1,neutral,1,neutral,1,compatible,alta,"se ve bastante dinamismo y que el indicador coincidente, de hecho, está con una velocidad bastante elevada en el margen",Compatible con N: sin dirección respaldada. La unidad no adopta una dirección monetaria propia.,revisado,7df184179bb71a9ae0765e81d1b71222d16b93aa7307c28f0c16c66d145dee53,1121,desarrollo_base_v3,si,supervision_oof_control_primario
RPM-2010-01-14:2870:1,ia_base_v2,etiquetas_escalado_r10.csv,data/etiquetas/etiquetas_escalado_r10.csv,data/auditoria/revision_etiquetas_escalado_r10_v3/revision.csv,neutral,1,neutral,1,dovish,1,cambio_etiqueta,media,con la política monetaria se quiere impulsar la demanda y la oferta,"Explicita y hace propio el propósito expansivo de la política vigente, sosteniendo una orientación de estímulo: D.",revisado,b70516c92971ed6d3a9914e3af71440553012ea7803346c28d5801833f457675,848,desarrollo_base_v3,si,supervision_oof_control_primario
RPM-2010-01-14:2871:1,ia_base_v2,etiquetas_escalado_r10.csv,data/etiquetas/etiquetas_escalado_r10.csv,data/auditoria/revision_etiquetas_escalado_r10_v3/revision.csv,neutral,1,neutral,1,neutral,1,compatible,alta,habría anticipado lo que ocurrió,Compatible con N: sin dirección respaldada. La unidad no adopta una dirección monetaria propia.,revisado,db3433ad76cad88eadf62a0f6a40ca406df4960a5473236612072455066963d7,700,desarrollo_base_v3,si,supervision_oof_control_primario
RPM-2010-02-11:2915:1,ia_base_v2,etiquetas_escalado_r10.csv,data/etiquetas/etiquetas_escalado_r10.csv,data/auditoria/revision_etiquetas_escalado_r10_v3/revision.csv,neutral,1,neutral,1,neutral,1,compatible,alta,se registró un aumento en la cifra mensual de variación de los salarios en términos desestacionalizados,Compatible con N: sin dirección respaldada. La unidad no adopta una dirección monetaria propia.,revisado,378dacf769f5d75cd8060dbeab9ebf6ebeca0b1f585f191518a426e15e040426,475,desarrollo_base_v3,si,supervision_oof_control_primario
RPM-2010-02-11:2931:3,ia_base_v2,etiquetas_escalado_r10.csv,data/etiquetas/etiquetas_escalado_r10.csv,data/auditoria/revision_etiquetas_escalado_r10_v3/revision.csv,neutral,1,neutral,1,neutral,1,compatible,alta,prácticamente idéntico al que difundió hace un año atrás para el IPC del Gran Santiago,Compatible con N: sin dirección respaldada. La unidad no adopta una dirección monetaria propia.,revisado,28a35448286f364eeb13179aa661b015a8b09b407d1ae46a54ed3a8b031492e4,242,desarrollo_base_v3,si,supervision_oof_control_primario
RPM-2010-02-11:2932:1,ia_base_v2,etiquetas_escalado_r10.csv,data/etiquetas/etiquetas_escalado_r10.csv,data/auditoria/revision_etiquetas_escalado_r10_v3/revision.csv,neutral,1,neutral,1,neutral,1,compatible,alta,donde se producen mayores efectos es en los bienes no transables,Compatible con N: sin dirección respaldada. La unidad no adopta una dirección monetaria propia.,revisado,bfefc9678f3c7237af34ebc85d2dd6361f334e73c4e1744b13aa8b44c4c7fa9a,1555,desarrollo_base_v3,si,supervision_oof_control_primario
RPM-2010-02-11:2943:1,ia_base_v2,etiquetas_escalado_r10.csv,data/etiquetas/etiquetas_escalado_r10.csv,data/auditoria/revision_etiquetas_escalado_r10_v3/revision.csv,neutral,1,neutral,1,neutral,1,compatible,alta,si ello quiere decir que los márgenes están muy comprimidos o que se han producido racionalizaciones,Compatible con N: sin dirección respaldada. La unidad no adopta una dirección monetaria propia.,revisado,74d5044bfcfb77b98ed3bc771fa5613385252dca080a43f15647c68c6d499716,231,desarrollo_base_v3,si,supervision_oof_control_primario
RPM-2010-02-11:2958:2,ia_base_v2,etiquetas_escalado_r10.csv,data/etiquetas/etiquetas_escalado_r10.csv,data/auditoria/revision_etiquetas_escalado_r10_v3/revision.csv,neutral,0,neutral,0,neutral,0,compatible,alta,,Compatible con N/relevancia0: inicio de sesion de tarde y transito a opciones (logistica).,revisado,f40f32ced5f6e2a9ddb80331e39dc841fdb39958ec9c4ec463f211a54cd5f523,224,desarrollo_base_v3,si,supervision_oof_control_primario
RPM-2010-02-11:2962:2,ia_base_v2,etiquetas_escalado_r10.csv,data/etiquetas/etiquetas_escalado_r10.csv,data/auditoria/revision_etiquetas_escalado_r10_v3/revision.csv,neutral,0,neutral,0,neutral,0,compatible,alta,,Compatible con N/relevancia0: concesion de la palabra (logistica).,revisado,243bfb80ef80b3df1c2efaaeee64f6991a0707be6a0f0086ae7c1ae4b674af20,120,desarrollo_base_v3,si,supervision_oof_control_primario
RPM-2010-03-18:2982:1,ia_base_v2,etiquetas_escalado_r10.csv,data/etiquetas/etiquetas_escalado_r10.csv,data/auditoria/revision_etiquetas_escalado_r10_v3/revision.csv,neutral,1,neutral,1,neutral,1,compatible,alta,"existe, además, un agregado de una percepción de cuánto cayó la actividad, no por menor disponibilidad de factores, sino que porque hay una disrupción",Compatible con N: sin dirección respaldada. La unidad no adopta una dirección monetaria propia.,revisado,f80b40ce5187b5e975987d2d02aadc6e8b176c7f01b9a9291115e5f2f5dadb0f,419,desarrollo_base_v3,si,supervision_oof_control_primario
RPM-2010-03-18:2993:1,ia_base_v2,etiquetas_escalado_r10.csv,data/etiquetas/etiquetas_escalado_r10.csv,data/auditoria/revision_etiquetas_escalado_r10_v3/revision.csv,neutral,1,neutral,1,neutral,1,compatible,alta,"calibrar los modelos con efectos ingresos sobre la oferta de trabajo, por ejemplo vía salarios reales, le parece exagerado",Compatible con N: sin dirección respaldada. La unidad no adopta una dirección monetaria propia.,revisado,75f0a7ddce9e6cbd8de04d4c394d00c843811dd2f6708ed978ccc926d510766d,597,desarrollo_base_v3,si,supervision_oof_control_primario
RPM-2010-04-15:3065:1,ia_base_v2,etiquetas_escalado_r10.csv,data/etiquetas/etiquetas_escalado_r10.csv,data/auditoria/revision_etiquetas_escalado_r10_v3/revision.csv,neutral,1,neutral,1,neutral,1,compatible,alta,solicita que se efectúe una revisión al IMCE,Compatible con N: sin dirección respaldada. La unidad no adopta una dirección monetaria propia.,revisado,38d7190f50a870c3e8197806bd32034438063f3e1b99c063519cc905f9334272,315,desarrollo_base_v3,si,supervision_oof_control_primario
RPM-2010-06-15:3134:1,ia_base_v2,etiquetas_escalado_r10.csv,data/etiquetas/etiquetas_escalado_r10.csv,data/auditoria/revision_etiquetas_escalado_r10_v3/revision.csv,neutral,1,neutral,1,neutral,1,compatible,alta,"no recoge probablemente la mayor turbulencia que se observó en los mercados financieros a contar de esa fecha, cuando se agudizó la situación de fragilidad de Europa",Compatible con N: sin dirección respaldada. La unidad no adopta una dirección monetaria propia.,revisado,2f59220aa977622e5182c327d5894ea36f922377f9b7f1fa1fd853e31a9ec4ae,1151,desarrollo_base_v3,si,supervision_oof_control_primario
RPM-2010-06-15:3147:1,ia_base_v2,etiquetas_escalado_r10.csv,data/etiquetas/etiquetas_escalado_r10.csv,data/auditoria/revision_etiquetas_escalado_r10_v3/revision.csv,neutral,1,neutral,1,neutral,1,compatible,alta,hoy los bancos centrales están aplicando medidas de provisión de liquidez muy distintas de las que se aplicaron después de Bear Stearns,Compatible con N: sin dirección respaldada. La unidad no adopta una dirección monetaria propia.,revisado,16d0d0e93a0a48885274c1088c6135c7f0a8ed1a6ea3171249996ed4aee86270,203,desarrollo_base_v3,si,supervision_oof_control_primario
RPM-2010-06-15:3151:1,ia_base_v2,etiquetas_escalado_r10.csv,data/etiquetas/etiquetas_escalado_r10.csv,data/auditoria/revision_etiquetas_escalado_r10_v3/revision.csv,neutral,1,neutral,1,neutral,1,compatible,alta,reflejó claramente el efecto sustitución de importaciones por producción doméstica,Compatible con N: sin dirección respaldada. La unidad no adopta una dirección monetaria propia.,revisado,a50c9fb798a5a04ca8ca9d52758fa01690f84617bc274af4176f39f1ab7d4779,1288,desarrollo_base_v3,si,supervision_oof_control_primario
RPM-2010-06-15:3188:1,ia_base_v2,etiquetas_escalado_r10.csv,data/etiquetas/etiquetas_escalado_r10.csv,data/auditoria/revision_etiquetas_escalado_r10_v3/revision.csv,neutral,1,neutral,1,neutral,1,compatible,alta,la tasa de interés en el corto plazo se ajusta de tal manera de que haya equilibrio en el mercado monetario,Compatible con N: sin dirección respaldada. La unidad no adopta una dirección monetaria propia.,revisado,81809e1d26a57779ea733802e94fc0b0cd16921f83529649a2555c448ecfac92,461,desarrollo_base_v3,si,supervision_oof_control_primario
RPM-2010-06-15:3192:1,ia_base_v2,etiquetas_escalado_r10.csv,data/etiquetas/etiquetas_escalado_r10.csv,data/auditoria/revision_etiquetas_escalado_r10_v3/revision.csv,neutral,1,neutral,1,neutral,1,compatible,alta,la Encuesta de Expectativas Económicas arrojó que la mayoría de los analistas piensa que se acordará un aumento de 25 puntos,Compatible con N: sin dirección respaldada. La unidad no adopta una dirección monetaria propia.,revisado,6dd6a22bd9b4c363da379cef4df6e100e81f3212120fa455dd50346cbdf88632,1317,desarrollo_base_v3,si,supervision_oof_control_primario
RPM-2010-07-15:3214:1,ia_base_v2,etiquetas_escalado_r10.csv,data/etiquetas/etiquetas_escalado_r10.csv,data/auditoria/revision_etiquetas_escalado_r10_v3/revision.csv,neutral,1,neutral,1,neutral,1,compatible,alta,"el negocio crediticio de los bancos registra una evolución plana, el segmento securitizado está todavía muy deteriorado y los bonos simples no repuntan",Compatible con N: sin dirección respaldada. La unidad no adopta una dirección monetaria propia.,revisado,52a1a28bb2434cefa9e479a0470059b39ef6dbb26ac648308f720e064858ade8,1040,desarrollo_base_v3,si,supervision_oof_control_primario
RPM-2010-07-15:3230:2,ia_base_v2,etiquetas_escalado_r10.csv,data/etiquetas/etiquetas_escalado_r10.csv,data/auditoria/revision_etiquetas_escalado_r10_v3/revision.csv,neutral,1,neutral,1,neutral,1,compatible,alta,dichas restricciones fueron impuestas en Corea con una proyección de superávit,Compatible con N: sin dirección respaldada. La unidad no adopta una dirección monetaria propia.,revisado,9dc21d46eb9f557e6bdc2c3d596a1f3b4a71a57438c704f80c699b0adebcf526,123,desarrollo_base_v3,si,supervision_oof_control_primario
RPM-2010-08-12:3286:3,ia_base_v2,etiquetas_escalado_r10.csv,data/etiquetas/etiquetas_escalado_r10.csv,data/auditoria/revision_etiquetas_escalado_r10_v3/revision.csv,neutral,1,neutral,1,neutral,1,compatible,alta,las expectativas de movimientos de política monetaria recogen un aplazamiento de los ajustes,Compatible con N: sin dirección respaldada. La unidad no adopta una dirección monetaria propia.,revisado,d0f45a44d8d4b08f13874cea7d83c350ffb35ec23a9c2b6613148b463337b1b0,1547,desarrollo_base_v3,si,supervision_oof_control_primario
RPM-2010-08-12:3302:1,ia_base_v2,etiquetas_escalado_r10.csv,data/etiquetas/etiquetas_escalado_r10.csv,data/auditoria/revision_etiquetas_escalado_r10_v3/revision.csv,neutral,1,neutral,1,neutral,1,compatible,alta,"pregunta dónde se registran los albañiles, si acaso en el sector servicios",Compatible con N: sin dirección respaldada. La unidad no adopta una dirección monetaria propia.,revisado,2de5057fca3b019e69808290143ba69cc2a59549411177ff8dc24e4be6f477b1,95,desarrollo_base_v3,si,supervision_oof_control_primario
RPM-2010-08-12:3303:3,ia_base_v2,etiquetas_escalado_r10.csv,data/etiquetas/etiquetas_escalado_r10.csv,data/auditoria/revision_etiquetas_escalado_r10_v3/revision.csv,neutral,1,neutral,1,neutral,1,compatible,alta,se incorporan como relaciones menores en dicho sector,Compatible con N: sin dirección respaldada. La unidad no adopta una dirección monetaria propia.,revisado,2008d7835d059a1c021ad3b6aa647b18a8f96c53ed4d4b432c04caae8194742b,114,desarrollo_base_v3,si,supervision_oof_control_primario
RPM-2010-08-12:3308:2,ia_base_v2,etiquetas_escalado_r10.csv,data/etiquetas/etiquetas_escalado_r10.csv,data/auditoria/revision_etiquetas_escalado_r10_v3/revision.csv,neutral,1,neutral,1,neutral,1,compatible,alta,"disminuyeron los meses para botar vivienda desde el peak de 30 meses, aproximadamente, a algo menos de 20 meses",Compatible con N: sin dirección respaldada. La unidad no adopta una dirección monetaria propia.,revisado,dab09c72752d76e5880275dbaadeb706885328f332a1d020a7eb3cfbc8c1e169,277,desarrollo_base_v3,si,supervision_oof_control_primario
RPM-2010-08-12:3310:4,ia_base_v2,etiquetas_escalado_r10.csv,data/etiquetas/etiquetas_escalado_r10.csv,data/auditoria/revision_etiquetas_escalado_r10_v3/revision.csv,neutral,1,neutral,1,neutral,1,compatible,alta,esto no ha continuado acelerándose desde el punto de vista de la difusión coyuntural que se está observando,Compatible con N: sin dirección respaldada. La unidad no adopta una dirección monetaria propia.,revisado,b1ddbc4af1443ce90a44de008f173b43abf5026140a63f121556c7938db6f422,759,desarrollo_base_v3,si,supervision_oof_control_primario
RPM-2010-09-16:3346:1,ia_base_v2,etiquetas_escalado_r10.csv,data/etiquetas/etiquetas_escalado_r10.csv,data/auditoria/revision_etiquetas_escalado_r10_v3/revision.csv,neutral,0,neutral,0,neutral,0,compatible,alta,,"Compatible con N/relevancia0: fijacion de fecha, constancia de asistencia e invitacion a exponer (logistica).",revisado,9478ccac725588ac0bc3eface5817e5dddcd8ea8f49689673d49d32e333dd2f1,556,desarrollo_base_v3,si,supervision_oof_control_primario
RPM-2010-09-16:3354:3,ia_base_v2,etiquetas_escalado_r10.csv,data/etiquetas/etiquetas_escalado_r10.csv,data/auditoria/revision_etiquetas_escalado_r10_v3/revision.csv,neutral,1,neutral,1,neutral,1,compatible,alta,"el yen se debilitó por efecto de carry trade, o sea, las casas se financiaron en Japón",Compatible con N: sin dirección respaldada. La unidad no adopta una dirección monetaria propia.,revisado,be3f9bb126e46a6702300dca55953ca2191cc2ae0921949063209497035c79f6,134,desarrollo_base_v3,si,supervision_oof_control_primario
RPM-2010-09-16:3374:1,ia_base_v2,etiquetas_escalado_r10.csv,data/etiquetas/etiquetas_escalado_r10.csv,data/auditoria/revision_etiquetas_escalado_r10_v3/revision.csv,neutral,1,neutral,1,neutral,1,compatible,alta,ello se denomina perfect capital mobility y que por algo no hay convergencia de tasas,Compatible con N: sin dirección respaldada. La unidad no adopta una dirección monetaria propia.,revisado,2f9a2c9e948e2010bafd6d80e9462876fc5b19cb937bd8127c3eef938e9e2de9,135,desarrollo_base_v3,si,supervision_oof_control_primario
RPM-2010-09-16:3389:1,ia_base_v2,etiquetas_escalado_r10.csv,data/etiquetas/etiquetas_escalado_r10.csv,data/auditoria/revision_etiquetas_escalado_r10_v3/revision.csv,neutral,1,neutral,1,neutral,1,compatible,alta,se debe considerar también la reconstrucción en las regiones más afectadas por el terremoto,Compatible con N: sin dirección respaldada. La unidad no adopta una dirección monetaria propia.,revisado,44103097c0539e2a0d246d103556f68582688efcb11493106106fdce0ab2cf94,228,desarrollo_base_v3,si,supervision_oof_control_primario
RPM-2010-09-16:3395:4,ia_base_v2,etiquetas_escalado_r10.csv,data/etiquetas/etiquetas_escalado_r10.csv,data/auditoria/revision_etiquetas_escalado_r10_v3/revision.csv,neutral,1,neutral,1,neutral,1,compatible,alta,"resulta ser, de alguna manera, una suerte de espejo de lo que ocurre con la venta de automóviles",Compatible con N: sin dirección respaldada. La unidad no adopta una dirección monetaria propia.,revisado,ba82e4026c0a1a2216d79b269fd5f699f1d8b4244c47d290744a4542459dd7db,258,desarrollo_base_v3,si,supervision_oof_control_primario
RPM-2010-09-16:3409:2,ia_base_v2,etiquetas_escalado_r10.csv,data/etiquetas/etiquetas_escalado_r10.csv,data/auditoria/revision_etiquetas_escalado_r10_v3/revision.csv,neutral,1,neutral,1,neutral,1,compatible,alta,"hay un fenómeno más estructural, que es la entrada del gas, que ha tenido un efecto muy fuerte en el valor agregado",Compatible con N: sin dirección respaldada. La unidad no adopta una dirección monetaria propia.,revisado,52498ead84acd9cb4fc9ab5bc17c650e45a17bf66edc03a44b5ccea90102cf18,203,desarrollo_base_v3,si,supervision_oof_control_primario
RPM-2010-10-14:3434:3,ia_base_v2,etiquetas_escalado_r10.csv,data/etiquetas/etiquetas_escalado_r10.csv,data/auditoria/revision_etiquetas_escalado_r10_v3/revision.csv,neutral,1,neutral,1,neutral,1,compatible,alta,de pronto sorprendió con un alza de 4 a 6% del ingreso,Compatible con N: sin dirección respaldada. La unidad no adopta una dirección monetaria propia.,revisado,a247d3d3f0e89c8e8cbbb48a53ea92e9a830a0262d97ae446914c8b9005b2fba,241,desarrollo_base_v3,si,supervision_oof_control_primario
RPM-2010-10-14:3476:5,ia_base_v2,etiquetas_escalado_r10.csv,data/etiquetas/etiquetas_escalado_r10.csv,data/auditoria/revision_etiquetas_escalado_r10_v3/revision.csv,neutral,0,neutral,0,neutral,0,compatible,alta,,Compatible con N/relevancia0: reanudacion de sesion (logistica).,revisado,0ace68f294a6e2a592b6b3bf3c98b886204840b5205930b3b27135ca060fe3bb,66,desarrollo_base_v3,si,supervision_oof_control_primario
RPM-2010-10-14:3491:1,ia_base_v2,etiquetas_escalado_r10.csv,data/etiquetas/etiquetas_escalado_r10.csv,data/auditoria/revision_etiquetas_escalado_r10_v3/revision.csv,hawkish,1,hawkish,1,hawkish,1,compatible,alta,"su voto es por subir la TPM en 25 puntos base hasta 2,75%",Compatible con hawkish: dirección respaldada en la unidad. No depende solo del menú o fase.,revisado,900925f48dd9136960187c8cb49ff360d79b19432a560d4602ba8691944c637e,4127,desarrollo_base_v3,si,supervision_oof_control_primario
RPM-2010-10-14:3492:1,ia_base_v2,etiquetas_escalado_r10.csv,data/etiquetas/etiquetas_escalado_r10.csv,data/auditoria/revision_etiquetas_escalado_r10_v3/revision.csv,hawkish,1,hawkish,1,hawkish,1,compatible,alta,"acordó aumentar la tasa de interés de política monetaria en 25 puntos base, hasta 2,75% anual",Compatible con hawkish: dirección respaldada en la unidad. No depende solo del menú o fase.,revisado,01e60d1ac31f53ef19c0066d5f11b9f5a903c78b8891a5e745dfcffa773fa5e5,1876,desarrollo_base_v3,si,supervision_oof_control_primario
RPM-2010-11-16:3499:2,ia_base_v2,etiquetas_escalado_r10.csv,data/etiquetas/etiquetas_escalado_r10.csv,data/auditoria/revision_etiquetas_escalado_r10_v3/revision.csv,neutral,1,neutral,1,neutral,1,compatible,alta,"los PMI son algo más positivos en Estados Unidos, mientras que los indicadores de producción industrial no están exhibiendo un dinamismo similar",Compatible con N: sin dirección respaldada. La unidad no adopta una dirección monetaria propia.,revisado,2f6a83d552edd39aedd99f13475fa4c476af5d44f8218b545338b4a8e4c087bb,390,desarrollo_base_v3,si,supervision_oof_control_primario
RPM-2010-11-16:3501:1,ia_base_v2,etiquetas_escalado_r10.csv,data/etiquetas/etiquetas_escalado_r10.csv,data/auditoria/revision_etiquetas_escalado_r10_v3/revision.csv,neutral,1,neutral,1,neutral,1,compatible,alta,consulta por los niveles que exhiben los componentes del ISM manufacturero,Compatible con N: sin dirección respaldada. La unidad no adopta una dirección monetaria propia.,revisado,76304e6412baed5937d6c3a2b5c849b9c17772d7c270fa7f13ee070e90e353da,145,desarrollo_base_v3,si,supervision_oof_control_primario
RPM-2010-11-16:3550:1,ia_base_v2,etiquetas_escalado_r10.csv,data/etiquetas/etiquetas_escalado_r10.csv,data/auditoria/revision_etiquetas_escalado_r10_v3/revision.csv,neutral,1,neutral,1,neutral,1,compatible,alta,solo ve posible que el gasto pueda materializarse mediante la entrega de bonos a la población,Compatible con N: sin dirección respaldada. La unidad no adopta una dirección monetaria propia.,revisado,9fc1f063e08a1c0cfb8923a000dcaeb4ea81462ad2dbd818ba64e89bb66f4309,384,desarrollo_base_v3,si,supervision_oof_control_primario
RPM-2010-11-16:3567:1,ia_base_v2,etiquetas_escalado_r10.csv,data/etiquetas/etiquetas_escalado_r10.csv,data/auditoria/revision_etiquetas_escalado_r10_v3/revision.csv,neutral,1,neutral,1,neutral,1,compatible,alta,"las economías emergentes tienen una apreciación cambiaria, poca inflación",Compatible con N: sin dirección respaldada. La unidad no adopta una dirección monetaria propia.,revisado,ffbd627f3fcdef5364c4e612d14bb36f98fdd372e81499f19c4178385d18abd8,330,desarrollo_base_v3,si,supervision_oof_control_primario
RPM-2010-11-16:3568:2,ia_base_v2,etiquetas_escalado_r10.csv,data/etiquetas/etiquetas_escalado_r10.csv,data/auditoria/revision_etiquetas_escalado_r10_v3/revision.csv,neutral,1,neutral,1,neutral,1,compatible,alta,pregunta por los efectos de la tasa y por lo que las decisiones que hay que adoptar en ese caso,Compatible con N: sin dirección respaldada. La unidad no adopta una dirección monetaria propia.,revisado,ef8fe87b451c00defde0bfe09bcd000531f07914b1ae71df1133273bef9e4c71,133,desarrollo_base_v3,si,supervision_oof_control_primario
RPM-2010-11-16:3572:1,ia_base_v2,etiquetas_escalado_r10.csv,data/etiquetas/etiquetas_escalado_r10.csv,data/auditoria/revision_etiquetas_escalado_r10_v3/revision.csv,neutral,0,neutral,0,neutral,0,compatible,alta,,Compatible con N/relevancia0: suspension de la sesion (logistica).,revisado,ab1913f9c31b4ffe0c2130be1e3ec554621a888e43bc1ffe8eb995d99c1ca590,102,desarrollo_base_v3,si,supervision_oof_control_primario
RPM-2010-12-16:3622:1,ia_base_v2,etiquetas_escalado_r10.csv,data/etiquetas/etiquetas_escalado_r10.csv,data/auditoria/revision_etiquetas_escalado_r10_v3/revision.csv,neutral,1,neutral,1,neutral,1,compatible,alta,las mismas inmobiliarias podrían estar otorgando el financiamiento requerido,Compatible con N: sin dirección respaldada. La unidad no adopta una dirección monetaria propia.,revisado,f5fda2bfff0216683a098286738225cc9fee42f5786e21ecfd84cf9fff54b567,568,desarrollo_base_v3,si,supervision_oof_control_primario
RPM-2010-12-16:3626:1,ia_base_v2,etiquetas_escalado_r10.csv,data/etiquetas/etiquetas_escalado_r10.csv,data/auditoria/revision_etiquetas_escalado_r10_v3/revision.csv,neutral,1,neutral,1,neutral,1,compatible,alta,consulta por el valor mínimo de ese rango,Compatible con N: sin dirección respaldada. La unidad no adopta una dirección monetaria propia.,revisado,20aa43f2969fb8cb463ed2778fa325bff62c3cd5284a289967b5b5bb252dbee0,79,desarrollo_base_v3,si,supervision_oof_control_primario
RPM-2011-01-13:3656:3,ia_base_v2,etiquetas_escalado_r10.csv,data/etiquetas/etiquetas_escalado_r10.csv,data/auditoria/revision_etiquetas_escalado_r10_v3/revision.csv,neutral,1,neutral,1,neutral,1,compatible,alta,"el nivel actual de dicho índice, expresado tanto en dólares como en pesos, es similar e incluso superior al registrado en el año 2008",Compatible con N: sin dirección respaldada. La unidad no adopta una dirección monetaria propia.,revisado,a52dbe30d95d44fe6edab92cd213e12e700b508f6860dbf38b6e587780586842,1067,desarrollo_base_v3,si,supervision_oof_control_primario
RPM-2011-08-18:4267:2,ia_base_v2,etiquetas_escalado_r10.csv,data/etiquetas/etiquetas_escalado_r10.csv,data/auditoria/revision_etiquetas_escalado_r10_v3/revision.csv,neutral,0,neutral,0,neutral,0,compatible,alta,,Compatible con N/relevancia0: reanudacion de sesion e incorporacion de autoridad (logistica).,revisado,b8a45b96316fe84a892c89b27e5546dc3414f9a24772844bbadda55f045020ed,143,desarrollo_base_v3,si,supervision_oof_control_primario
RPM-2011-10-13:4384:1,ia_base_v2,etiquetas_escalado_r10.csv,data/etiquetas/etiquetas_escalado_r10.csv,data/auditoria/revision_etiquetas_escalado_r10_v3/revision.csv,neutral,1,neutral,1,neutral,1,compatible,media,"frente a la gran incertidumbre del último tiempo, era natural prever que los agentes económicos moderarían su gasto y con ello lo haría la actividad",Compatible con N: sin dirección respaldada. La unidad no adopta una dirección monetaria propia.,revisado,f820383bf272a3b9a285ba30b04a6b197df522f8f9f391fe0149c809c5319931,478,desarrollo_base_v3,si,supervision_oof_control_primario
RPM-2011-11-15:4433:3,ia_base_v2,etiquetas_escalado_r10.csv,data/etiquetas/etiquetas_escalado_r10.csv,data/auditoria/revision_etiquetas_escalado_r10_v3/revision.csv,neutral,1,neutral,1,neutral,1,compatible,alta,"la proyección para el año se mantiene en 6,3%, pero contempla una pequeña recomposición del PIB",Compatible con N: sin dirección respaldada. La unidad no adopta una dirección monetaria propia.,revisado,c72f4c25c492b4b00ffb23dc1ea09a140b2b0a060efb25675e8d5ce1225184d2,1482,desarrollo_base_v3,si,supervision_oof_control_primario
RPM-2011-01-13:3651:1,ia_base_v2,etiquetas_escalado_r11.csv,data/etiquetas/etiquetas_escalado_r11.csv,data/auditoria/revision_etiquetas_escalado_r11_v3/revision.csv,neutral,1,neutral,1,neutral,1,compatible,alta,solicita analizar el tipo de cambio real y la inflación doméstica,Compatible con N: sin dirección respaldada. La unidad no adopta una dirección monetaria propia.,revisado,a499b67b949f1ef84e4ecda77297c0c55c22f8ee1507848189ce338b212af714,165,desarrollo_base_v3,si,supervision_oof_control_primario
RPM-2011-01-13:3659:1,ia_base_v2,etiquetas_escalado_r11.csv,data/etiquetas/etiquetas_escalado_r11.csv,data/auditoria/revision_etiquetas_escalado_r11_v3/revision.csv,neutral,1,neutral,1,neutral,1,compatible,alta,"alimentos representa el 16,5% del IPC total y que 3,5% de este corresponde a frutas y verduras",Compatible con N: sin dirección respaldada. La unidad no adopta una dirección monetaria propia.,revisado,358ba6f006a8d043167d91964d2f9b617f8cf014dcd132417243435d9e40dcc8,165,desarrollo_base_v3,si,supervision_oof_control_primario
RPM-2011-01-13:3672:1,ia_base_v2,etiquetas_escalado_r11.csv,data/etiquetas/etiquetas_escalado_r11.csv,data/auditoria/revision_etiquetas_escalado_r11_v3/revision.csv,neutral,1,neutral,1,neutral,1,compatible,alta,"las tasas de crecimiento de los años 2006 y 2007 fueron aún mayores y cercanas al 40%, porque la base era mucho menor",Compatible con N: sin dirección respaldada. La unidad no adopta una dirección monetaria propia.,revisado,a7b63ad6b75c757fcec0ad3d43e17d137007a49a0f14d1354be8a11d7bbb259a,282,desarrollo_base_v3,si,supervision_oof_control_primario
RPM-2011-01-13:3698:1,ia_base_v2,etiquetas_escalado_r11.csv,data/etiquetas/etiquetas_escalado_r11.csv,data/auditoria/revision_etiquetas_escalado_r11_v3/revision.csv,neutral,1,neutral,1,neutral,1,compatible,alta,"su contribución fue de 1,5%, esto es, la mitad de la inflación del año 2010",Compatible con N: sin dirección respaldada. La unidad no adopta una dirección monetaria propia.,revisado,c3ab53ef27707f941657528f6db11f1d94ae471e10febde99dd96dd95492c9dc,109,desarrollo_base_v3,si,supervision_oof_control_primario
RPM-2011-02-17:3739:1,ia_base_v2,etiquetas_escalado_r11.csv,data/etiquetas/etiquetas_escalado_r11.csv,data/auditoria/revision_etiquetas_escalado_r11_v3/revision.csv,neutral,1,neutral,1,neutral,1,compatible,alta,"los fondos de inversión extranjeros han realizado muy pocos movimientos, no así las AFP y los fondos mutuos",Compatible con N: sin dirección respaldada. La unidad no adopta una dirección monetaria propia.,revisado,20dc9b3f61b213ee5b336e5ce7be16182fa9aa983ad809a204312448c3d035e6,145,desarrollo_base_v3,si,supervision_oof_control_primario
RPM-2011-02-17:3780:1,ia_base_v2,etiquetas_escalado_r11.csv,data/etiquetas/etiquetas_escalado_r11.csv,data/auditoria/revision_etiquetas_escalado_r11_v3/revision.csv,neutral,1,neutral,1,neutral,1,compatible,alta,"si su precio cae por obsolescencia, la caída se reflejará en el índice de precios",Compatible con N: sin dirección respaldada. La unidad no adopta una dirección monetaria propia.,revisado,7db1cb2987b1dffe72f8e8a8397f54a76aad7bf237df112dc72dc5034e2b6a57,540,desarrollo_base_v3,si,supervision_oof_control_primario
RPM-2011-02-17:3781:1,ia_base_v2,etiquetas_escalado_r11.csv,data/etiquetas/etiquetas_escalado_r11.csv,data/auditoria/revision_etiquetas_escalado_r11_v3/revision.csv,neutral,1,neutral,1,neutral,1,compatible,alta,"tiene una inflación muy baja, por un efecto de competencia en el sector comercial que ha disminuido los márgenes y los precios",Compatible con N: sin dirección respaldada. La unidad no adopta una dirección monetaria propia.,revisado,ec233fed9400d2e5f4955bcb8372a87e58eedfb7ed2d975ebe967ab9608771d1,231,desarrollo_base_v3,si,supervision_oof_control_primario
RPM-2011-02-17:3800:1,ia_base_v2,etiquetas_escalado_r11.csv,data/etiquetas/etiquetas_escalado_r11.csv,data/auditoria/revision_etiquetas_escalado_r11_v3/revision.csv,neutral,1,neutral,1,neutral,1,compatible,alta,"se está elaborando una minuta sobre la materia, que será presentada a los señores Consejeros próximamente",Compatible con N: sin dirección respaldada. La unidad no adopta una dirección monetaria propia.,revisado,816db043899eabe85e8e9104438fc4f57adcf1cf59c93f04c02205910f4ff882,141,desarrollo_base_v3,si,supervision_oof_control_primario
RPM-2011-03-17:3831:1,ia_base_v2,etiquetas_escalado_r11.csv,data/etiquetas/etiquetas_escalado_r11.csv,data/auditoria/revision_etiquetas_escalado_r11_v3/revision.csv,neutral,1,neutral,1,neutral,1,compatible,alta,no le queda claro cuál es la implicancia final de la evolución tan heterogénea de estos precios,Compatible con N: sin dirección respaldada. La unidad no adopta una dirección monetaria propia.,revisado,f45b62ec6592e6c9aa7d3e5030e6df3c8a5a3c3080abe32fa856b1e14a4828f2,1026,desarrollo_base_v3,si,supervision_oof_control_primario
RPM-2011-03-17:3852:1,ia_base_v2,etiquetas_escalado_r11.csv,data/etiquetas/etiquetas_escalado_r11.csv,data/auditoria/revision_etiquetas_escalado_r11_v3/revision.csv,neutral,1,neutral,1,neutral,1,compatible,alta,"un creciente número de proyectos de inversión se está financiando con capital de trabajo, o sea, con fondos propios, más que con endeudamiento",Compatible con N: sin dirección respaldada. La unidad no adopta una dirección monetaria propia.,revisado,ade9be2fcedcdad6d9daf906d6f1a4203d0d12c49fb2ca1fce6ed43de7102715,812,desarrollo_base_v3,si,supervision_oof_control_primario
RPM-2011-05-12:4021:1,ia_base_v2,etiquetas_escalado_r11.csv,data/etiquetas/etiquetas_escalado_r11.csv,data/auditoria/revision_etiquetas_escalado_r11_v3/revision.csv,neutral,1,neutral,1,neutral,1,compatible,alta,"esta nueva encuesta sugiere que aumentaría en invierno. A su juicio, esto resulta ser muy extraño",Compatible con N: sin dirección respaldada. La unidad no adopta una dirección monetaria propia.,revisado,23b63bb00022f6e63178cf7bcdbd4abba74a4d2ab5b0811133ee0797495c8c1f,215,desarrollo_base_v3,si,supervision_oof_control_primario
RPM-2011-05-12:4033:1,ia_base_v2,etiquetas_escalado_r11.csv,data/etiquetas/etiquetas_escalado_r11.csv,data/auditoria/revision_etiquetas_escalado_r11_v3/revision.csv,neutral,1,neutral,1,neutral,1,compatible,alta,consulta por la proyección en materia de precios de alimentos,Compatible con N: sin dirección respaldada. La unidad no adopta una dirección monetaria propia.,revisado,040f635e6218d40fdc203ae03f3584049abb155177f9c588da0615d075ef199c,97,desarrollo_base_v3,si,supervision_oof_control_primario
RPM-2011-06-14:4073:1,ia_base_v2,etiquetas_escalado_r11.csv,data/etiquetas/etiquetas_escalado_r11.csv,data/auditoria/revision_etiquetas_escalado_r11_v3/revision.csv,neutral,1,neutral,1,neutral,1,compatible,alta,"se esperaba cierta estabilidad en el resto del año y después una caída, la que no se ha materializado",Compatible con N: sin dirección respaldada. La unidad no adopta una dirección monetaria propia.,revisado,8de28eff8aa1842b009567dd31cb110b20451aa0a6eba6d8819fa50e7fc986ad,537,desarrollo_base_v3,si,supervision_oof_control_primario
RPM-2011-06-14:4073:2,ia_base_v2,etiquetas_escalado_r11.csv,data/etiquetas/etiquetas_escalado_r11.csv,data/auditoria/revision_etiquetas_escalado_r11_v3/revision.csv,neutral,1,neutral,1,neutral,1,compatible,media,los antecedentes de las últimas semanas no han sido buenos y la situación de Europa es especialmente compleja,Compatible con N: sin dirección respaldada. La unidad no adopta una dirección monetaria propia.,revisado,6c76c6bbddf861b2711f7b328787ee91c5f2e4b0b4a25e48432ae2f76b557cc7,678,desarrollo_base_v3,si,supervision_oof_control_primario
RPM-2011-06-14:4084:1,ia_base_v2,etiquetas_escalado_r11.csv,data/etiquetas/etiquetas_escalado_r11.csv,data/auditoria/revision_etiquetas_escalado_r11_v3/revision.csv,neutral,1,neutral,1,neutral,1,compatible,alta,comparte lo planteado por el Consejero señor Enrique Marshall,Compatible con N: sin dirección respaldada. La unidad no adopta una dirección monetaria propia.,revisado,d0481c3095f40a277c23515154ac91b6c58e4c0a540d032b47f1766d52873224,99,desarrollo_base_v3,si,supervision_oof_control_primario
RPM-2011-06-14:4092:1,ia_base_v2,etiquetas_escalado_r11.csv,data/etiquetas/etiquetas_escalado_r11.csv,data/auditoria/revision_etiquetas_escalado_r11_v3/revision.csv,neutral,1,neutral,1,neutral,1,compatible,alta,la proyección interna de actividad se ha corregido al alza por industria y sectores ligados al consumo,Compatible con N: sin dirección respaldada. La unidad no adopta una dirección monetaria propia.,revisado,b005ccec2330db137c72256096faf8039b77e43cc2d17bf41c6885a78b99baad,1214,desarrollo_base_v3,si,supervision_oof_control_primario
RPM-2011-06-14:4098:1,ia_base_v2,etiquetas_escalado_r11.csv,data/etiquetas/etiquetas_escalado_r11.csv,data/auditoria/revision_etiquetas_escalado_r11_v3/revision.csv,neutral,1,neutral,1,neutral,1,compatible,alta,anticipa que se movería de una manera parecida al tipo de cambio bilateral del dólar,Compatible con N: sin dirección respaldada. La unidad no adopta una dirección monetaria propia.,revisado,e4314a7f3c4352ac850e86f1262ad8791b52a3774ff21c87008856d99e1241b4,141,desarrollo_base_v3,si,supervision_oof_control_primario
RPM-2011-06-14:4114:1,ia_base_v2,etiquetas_escalado_r11.csv,data/etiquetas/etiquetas_escalado_r11.csv,data/auditoria/revision_etiquetas_escalado_r11_v3/revision.csv,hawkish,1,hawkish,1,hawkish,1,compatible,alta,"vota por subir la TPM en 25 puntos base, para dejarla en 5,25%",Compatible con hawkish: dirección respaldada en la unidad. No depende solo del menú o fase.,revisado,900442a20ebcec0007b86f9b5db9f4b8cb5e9d492715a01daf34c42842d93da0,5719,desarrollo_base_v3,si,supervision_oof_control_primario
RPM-2011-07-14:4162:1,ia_base_v2,etiquetas_escalado_r11.csv,data/etiquetas/etiquetas_escalado_r11.csv,data/auditoria/revision_etiquetas_escalado_r11_v3/revision.csv,neutral,1,neutral,1,neutral,1,compatible,alta,"ha habido, entonces, un retroceso muy significativo respecto de cualquier opción de solución en el corto plazo",Compatible con N: sin dirección respaldada. La unidad no adopta una dirección monetaria propia.,revisado,6d16c254a45634ae149420d63037832150b4611bfacb8acb0f93bc0b214453b2,360,desarrollo_base_v3,si,supervision_oof_control_primario
RPM-2011-07-14:4187:1,ia_base_v2,etiquetas_escalado_r11.csv,data/etiquetas/etiquetas_escalado_r11.csv,data/auditoria/revision_etiquetas_escalado_r11_v3/revision.csv,neutral,1,neutral,1,neutral,1,compatible,alta,consulta si parte del aumento idiosincrásico del precio del cobre tiene relación con restricciones en su producción,Compatible con N: sin dirección respaldada. La unidad no adopta una dirección monetaria propia.,revisado,8cdab0ec08ab1dfac7ec81338238d7d9464278ff5a0f3af9e54c39c2f42ffc02,362,desarrollo_base_v3,si,supervision_oof_control_primario
RPM-2011-07-14:4189:1,ia_base_v2,etiquetas_escalado_r11.csv,data/etiquetas/etiquetas_escalado_r11.csv,data/auditoria/revision_etiquetas_escalado_r11_v3/revision.csv,neutral,1,neutral,1,neutral,1,compatible,alta,la apreciación del tipo de cambio también podría deberse a la depreciación del euro y del dólar en los mercados internacionales,Compatible con N: sin dirección respaldada. La unidad no adopta una dirección monetaria propia.,revisado,ad243a156657c77ad2a2c80ef2828d1831e0d5ac16b591fa7e590b444368a1f1,364,desarrollo_base_v3,si,supervision_oof_control_primario
RPM-2011-07-14:4202:1,ia_base_v2,etiquetas_escalado_r11.csv,data/etiquetas/etiquetas_escalado_r11.csv,data/auditoria/revision_etiquetas_escalado_r11_v3/revision.csv,neutral,0,neutral,0,neutral,0,compatible,alta,,Compatible con N/relevancia0: agradecimiento y concesion de la palabra (logistica).,revisado,e7bbf21fc6fa2f2d406c86991f7d729cc02c4ed3071d790e8dcc8e49d36a8653,201,desarrollo_base_v3,si,supervision_oof_control_primario
RPM-2011-08-18:4234:2,ia_base_v2,etiquetas_escalado_r11.csv,data/etiquetas/etiquetas_escalado_r11.csv,data/auditoria/revision_etiquetas_escalado_r11_v3/revision.csv,neutral,1,neutral,1,neutral,1,compatible,alta,"para el año 2012 se espera un crecimiento de 1,5% para Estados Unidos, de 1% para Europa y de 8% para China",Compatible con N: sin dirección respaldada. La unidad no adopta una dirección monetaria propia.,revisado,742caa66afe709c75bc6b31ffdde8dd674ce089943b01aa16068944519e77360,148,desarrollo_base_v3,si,supervision_oof_control_primario
RPM-2011-09-15:4314:2,ia_base_v2,etiquetas_escalado_r11.csv,data/etiquetas/etiquetas_escalado_r11.csv,data/auditoria/revision_etiquetas_escalado_r11_v3/revision.csv,neutral,1,neutral,1,neutral,1,compatible,alta,pregunta si acaso este dato no constituye información nueva,Compatible con N: sin dirección respaldada. La unidad no adopta una dirección monetaria propia.,revisado,1208e8f6bbc34a038ad5a3bfdfaf0834cee1221fc518a5f8d39ab8035a2447d3,97,desarrollo_base_v3,si,supervision_oof_control_primario
RPM-2011-09-15:4329:1,ia_base_v2,etiquetas_escalado_r11.csv,data/etiquetas/etiquetas_escalado_r11.csv,data/auditoria/revision_etiquetas_escalado_r11_v3/revision.csv,dovish,1,dovish,1,neutral,1,cambio_etiqueta,alta,"no parece prudente, por el momento, señalizar eventuales cambios en la dirección de la política monetaria","Vota mantener y rechaza señalizar una dirección, a la espera de información: N, no D.",revisado,c89e41004a574ce3097b88b596a7400f50c1a7d624cca39bffc34e0a7bae0d0f,5011,desarrollo_base_v3,si,supervision_oof_control_primario
RPM-2011-09-15:4333:1,ia_base_v2,etiquetas_escalado_r11.csv,data/etiquetas/etiquetas_escalado_r11.csv,data/auditoria/revision_etiquetas_escalado_r11_v3/revision.csv,dovish,1,dovish,1,neutral,1,cambio_etiqueta,alta,"se acuerda por unanimidad mantener la tasa de política monetaria en 5,25% anual","El acuerdo solo mantiene la TPM y no expresa sesgo ni dirección futura: N, no D.",revisado,d6c5b00d4d6494f4848f14ba80c2ed6e122a7dbf8b7012fd1495f9c7a5332245,145,desarrollo_base_v3,si,supervision_oof_control_primario
RPM-2011-10-13:4339:1,ia_base_v2,etiquetas_escalado_r11.csv,data/etiquetas/etiquetas_escalado_r11.csv,data/auditoria/revision_etiquetas_escalado_r11_v3/revision.csv,neutral,1,neutral,1,neutral,1,compatible,alta,solicita detalles sobre la operatoria de este Fondo,Compatible con N: sin dirección respaldada. La unidad no adopta una dirección monetaria propia.,revisado,196362a13852de120c950c3a7da86c0d7850799be464efcf6974d71c91220aa9,87,desarrollo_base_v3,si,supervision_oof_control_primario
RPM-2011-10-13:4341:1,ia_base_v2,etiquetas_escalado_r11.csv,data/etiquetas/etiquetas_escalado_r11.csv,data/auditoria/revision_etiquetas_escalado_r11_v3/revision.csv,neutral,1,neutral,1,neutral,1,compatible,alta,consulta si la votación de los distintos países tiene por objeto aprobar la ampliación del Fondo,Compatible con N: sin dirección respaldada. La unidad no adopta una dirección monetaria propia.,revisado,e45511f6348bcb0075247be7847b52587b395ea01283a6c152008fa1f7a86de7,134,desarrollo_base_v3,si,supervision_oof_control_primario
RPM-2011-10-13:4342:3,ia_base_v2,etiquetas_escalado_r11.csv,data/etiquetas/etiquetas_escalado_r11.csv,data/auditoria/revision_etiquetas_escalado_r11_v3/revision.csv,neutral,1,neutral,1,neutral,1,compatible,alta,"Alemania propone que la primera instancia de ayuda sean el gobierno y los fondos privados, mientras que Francia sugiere que lo sea el Fondo Europeo de Estabilización Financiera",Compatible con N: sin dirección respaldada. La unidad no adopta una dirección monetaria propia.,revisado,3727fdb211925f865f9387b83e5ab5a2eea91306b4187cedf014638727a8bdb3,284,desarrollo_base_v3,si,supervision_oof_control_primario
RPM-2011-10-13:4351:1,ia_base_v2,etiquetas_escalado_r11.csv,data/etiquetas/etiquetas_escalado_r11.csv,data/auditoria/revision_etiquetas_escalado_r11_v3/revision.csv,neutral,1,neutral,1,neutral,1,compatible,alta,"subraya la salida de especuladores, que eventualmente podría acentuarse, y la caída importante de su precio",Compatible con N: sin dirección respaldada. La unidad no adopta una dirección monetaria propia.,revisado,31ad352f1abf1160431d62dc4588eac2d6b8d99c0b8acfe827d5258f0ccac9a9,2970,desarrollo_base_v3,si,supervision_oof_control_primario
RPM-2011-10-13:4361:1,ia_base_v2,etiquetas_escalado_r11.csv,data/etiquetas/etiquetas_escalado_r11.csv,data/auditoria/revision_etiquetas_escalado_r11_v3/revision.csv,neutral,1,neutral,1,neutral,1,compatible,alta,"las condiciones de oferta de crédito aparecen más deterioradas que en la encuesta anterior, fundamentalmente en el caso de los créditos para hipotecas, pymes y créditos comerciales",Compatible con N: sin dirección respaldada. La unidad no adopta una dirección monetaria propia.,revisado,c1293b8d36580eecd478854ff70eabb10177b18a6ad27241217bf44ceba058b6,789,desarrollo_base_v3,si,supervision_oof_control_primario
RPM-2011-10-13:4366:3,ia_base_v2,etiquetas_escalado_r11.csv,data/etiquetas/etiquetas_escalado_r11.csv,data/auditoria/revision_etiquetas_escalado_r11_v3/revision.csv,neutral,1,neutral,1,neutral,1,compatible,alta,"si bien las expectativas empresariales han retrocedido, continúan en terreno optimista",Compatible con N: sin dirección respaldada. La unidad no adopta una dirección monetaria propia.,revisado,dbfe06dff75ff66875a4f84f6bfb083a12f65f49cfdf09cba82150e85945c436,2690,desarrollo_base_v3,si,supervision_oof_control_primario
RPM-2011-11-15:4410:1,ia_base_v2,etiquetas_escalado_r11.csv,data/etiquetas/etiquetas_escalado_r11.csv,data/auditoria/revision_etiquetas_escalado_r11_v3/revision.csv,neutral,1,neutral,1,neutral,1,compatible,alta,"cualquier acuerdo por una suma inferior a US$500 billones no tendrá premio, porque igualmente se gatilla esa cláusula",Compatible con N: sin dirección respaldada. La unidad no adopta una dirección monetaria propia.,revisado,59a7c27bb7ebf4d6bcb5ecb64e0409e9606a1c8b476f6b23e05dd2621badf778,223,desarrollo_base_v3,si,supervision_oof_control_primario
RPM-2011-11-15:4420:1,ia_base_v2,etiquetas_escalado_r11.csv,data/etiquetas/etiquetas_escalado_r11.csv,data/auditoria/revision_etiquetas_escalado_r11_v3/revision.csv,neutral,1,neutral,1,neutral,1,compatible,alta,"al cierre de octubre dio cuenta de una caída de 4 y 5%, respectivamente, en relación con el cierre del mes anterior",Compatible con N: sin dirección respaldada. La unidad no adopta una dirección monetaria propia.,revisado,54b409c8817a3a669ebcf637ad707c3e10ac36b46c6d0b4ee37aa91d6aab40dc,706,desarrollo_base_v3,si,supervision_oof_control_primario
RPM-2011-11-15:4437:3,ia_base_v2,etiquetas_escalado_r11.csv,data/etiquetas/etiquetas_escalado_r11.csv,data/auditoria/revision_etiquetas_escalado_r11_v3/revision.csv,neutral,1,neutral,1,neutral,1,compatible,alta,"se tiene como supuesto una variación negativa de existencias hacia fines de año, es decir, que se producirá una desacumulación de inventarios",Compatible con N: sin dirección respaldada. La unidad no adopta una dirección monetaria propia.,revisado,b44d88e4cf68dfea280983cff9bdf91d537499baab26b598f06fa90bd0a28816,219,desarrollo_base_v3,si,supervision_oof_control_primario
RPM-2011-11-15:4438:1,ia_base_v2,etiquetas_escalado_r11.csv,data/etiquetas/etiquetas_escalado_r11.csv,data/auditoria/revision_etiquetas_escalado_r11_v3/revision.csv,neutral,1,neutral,1,neutral,1,compatible,alta,consulta por el sector minero,Compatible con N: sin dirección respaldada. La unidad no adopta una dirección monetaria propia.,revisado,0e89602b4b81fd67a843eb4da5191c1d02ae99df0f860c61fb95bd9ebffaf69c,65,desarrollo_base_v3,si,supervision_oof_control_primario
RPM-2011-12-13:4477:1,ia_base_v2,etiquetas_escalado_r11.csv,data/etiquetas/etiquetas_escalado_r11.csv,data/auditoria/revision_etiquetas_escalado_r11_v3/revision.csv,neutral,1,neutral,1,neutral,1,compatible,alta,"el Reino Unido quiso proteger a la City de todas las regulaciones financieras, pero sin éxito",Compatible con N: sin dirección respaldada. La unidad no adopta una dirección monetaria propia.,revisado,bb8cf13fe2a80f72ff96f975e0293e8638f58b22e094aa29e0a59a132d525000,568,desarrollo_base_v3,si,supervision_oof_control_primario
RPM-2011-12-13:4507:4,ia_base_v2,etiquetas_escalado_r11.csv,data/etiquetas/etiquetas_escalado_r11.csv,data/auditoria/revision_etiquetas_escalado_r11_v3/revision.csv,neutral,0,neutral,0,neutral,0,compatible,alta,,Compatible con N/relevancia0: transito procedimental: apertura de la votacion.,revisado,c2cb93d98c782269f9d065972d1ce2cdfb7109df2d9aedef3fc3698a60ef74d5,135,desarrollo_base_v3,si,supervision_oof_control_primario
RPM-2012-01-12:4520:1,ia_base_v2,etiquetas_escalado_r11.csv,data/etiquetas/etiquetas_escalado_r11.csv,data/auditoria/revision_etiquetas_escalado_r11_v3/revision.csv,neutral,1,neutral,1,neutral,1,compatible,alta,consulta la razón por la que Chile aparece en cero o marginalmente negativo en el gráfico,Compatible con N: sin dirección respaldada. La unidad no adopta una dirección monetaria propia.,revisado,1abb0f4353d8c93133948af708cdb4bbb61d7a1e1bbb526223e7004118f1c209,172,desarrollo_base_v3,si,supervision_oof_control_primario
RPM-2012-01-12:4525:1,ia_base_v2,etiquetas_escalado_r11.csv,data/etiquetas/etiquetas_escalado_r11.csv,data/auditoria/revision_etiquetas_escalado_r11_v3/revision.csv,neutral,1,neutral,1,neutral,1,compatible,alta,"solicita mayores antecedentes respecto del alza de la TPM acordada en Hungría en el último mes, y que fue de 50 puntos base",Compatible con N: sin dirección respaldada. La unidad no adopta una dirección monetaria propia.,revisado,1a697744a2f71cc7563902b5ab8bd567df2b84e61ac89370941bb3bd3e1f4bf1,160,desarrollo_base_v3,si,supervision_oof_control_primario
RPM-2012-01-12:4531:2,ia_base_v2,etiquetas_escalado_r11.csv,data/etiquetas/etiquetas_escalado_r11.csv,data/auditoria/revision_etiquetas_escalado_r11_v3/revision.csv,neutral,1,neutral,1,neutral,1,compatible,alta,"solicita, además, que se precise el comportamiento de la fuerza de trabajo",Compatible con N: sin dirección respaldada. La unidad no adopta una dirección monetaria propia.,revisado,23fded2a09c748a522a1b0149fed2a8f573cf7147dd6561d6fedce841cbd5677,317,desarrollo_base_v3,si,supervision_oof_control_primario
RPM-2012-02-14:4577:1,ia_base_v2,etiquetas_escalado_r11.csv,data/etiquetas/etiquetas_escalado_r11.csv,data/auditoria/revision_etiquetas_escalado_r11_v3/revision.csv,neutral,1,neutral,1,neutral,1,compatible,alta,"persistirían las bajas de las tasas rectoras y, además, que ellas serán más prolongadas en las economías desarrolladas",Compatible con N: sin dirección respaldada. La unidad no adopta una dirección monetaria propia.,revisado,6c187b57aef147d24340507cf15e8cd8d5fb3bb2b240c5e7d4e4e7887250d0c4,4933,desarrollo_base_v3,si,supervision_oof_control_primario
RPM-2012-02-14:4586:1,ia_base_v2,etiquetas_escalado_r11.csv,data/etiquetas/etiquetas_escalado_r11.csv,data/auditoria/revision_etiquetas_escalado_r11_v3/revision.csv,neutral,1,neutral,1,neutral,1,compatible,alta,han llevado a una modificación del escenario de carácter más permanente,Compatible con N: sin dirección respaldada. La unidad no adopta una dirección monetaria propia.,revisado,f366d2d822b0ef63b12b789ec138dd9a1780e0b59b439cf8ad3a2e819ace4038,933,desarrollo_base_v3,si,supervision_oof_control_primario
RPM-2012-02-14:4611:1,ia_base_v2,etiquetas_escalado_r11.csv,data/etiquetas/etiquetas_escalado_r11.csv,data/auditoria/revision_etiquetas_escalado_r11_v3/revision.csv,neutral,1,neutral,1,neutral,1,compatible,media,podría llevar a recalentamientos en esa actividad y burbujas inmobiliarias,Compatible con N: sin dirección respaldada. La unidad no adopta una dirección monetaria propia.,revisado,7137636b6a5b22af1a214c99efd162ac752a7a2894b23e10da60e35c89a2dd32,822,desarrollo_base_v3,si,supervision_oof_control_primario
RPM-2012-02-14:4620:1,ia_base_v2,etiquetas_escalado_r11.csv,data/etiquetas/etiquetas_escalado_r11.csv,data/auditoria/revision_etiquetas_escalado_r11_v3/revision.csv,neutral,1,neutral,1,neutral,1,compatible,alta,los movimientos sociales del tercer trimestre del 2011 llevaron a ajustar a la baja algunos componentes del PIB,Compatible con N: sin dirección respaldada. La unidad no adopta una dirección monetaria propia.,revisado,725e253432cc3f60566b4342ec7d56f542b10042a9635996a807ce1b141432f6,792,desarrollo_base_v3,si,supervision_oof_control_primario
RPM-2012-02-14:4628:1,ia_base_v2,etiquetas_escalado_r11.csv,data/etiquetas/etiquetas_escalado_r11.csv,data/auditoria/revision_etiquetas_escalado_r11_v3/revision.csv,neutral,1,neutral,1,neutral,1,compatible,alta,la proyección de la parte del IPC alimentos total se corrige levemente al alza por el tema de las frutas y verduras,Compatible con N: sin dirección respaldada. La unidad no adopta una dirección monetaria propia.,revisado,3effc79cc9f1e29a260fdf575ab79c27eb13ff180c3bc829a63e93e1f474200f,950,desarrollo_base_v3,si,supervision_oof_control_primario
RPM-2012-03-15:4681:1,ia_base_v2,etiquetas_escalado_r11.csv,data/etiquetas/etiquetas_escalado_r11.csv,data/auditoria/revision_etiquetas_escalado_r11_v3/revision.csv,neutral,1,neutral,1,neutral,1,compatible,alta,"genera tranquilidad saber que Chile está, comparativamente, en la parte alta del rango",Compatible con N: sin dirección respaldada. La unidad no adopta una dirección monetaria propia.,revisado,0e73a414256738461d38b5559852aa9f97a9c6164fdcc431fb2d9ec252b28618,912,desarrollo_base_v3,si,supervision_oof_control_primario
RPM-2012-03-15:4697:1,ia_base_v2,etiquetas_escalado_r11.csv,data/etiquetas/etiquetas_escalado_r11.csv,data/auditoria/revision_etiquetas_escalado_r11_v3/revision.csv,neutral,1,neutral,1,neutral,1,compatible,alta,"se advierte un claro desplazamiento al alza en la curva forward, que obedece a que el mercado está descartando reducciones de tasas en los próximos meses",Compatible con N: sin dirección respaldada. La unidad no adopta una dirección monetaria propia.,revisado,67c3e1400b24d2d74c74802b52ead6da524db2daea3b0105f0d21ca351b160de,1651,desarrollo_base_v3,si,supervision_oof_control_primario
RPM-2012-03-15:4706:2,ia_base_v2,etiquetas_escalado_r11.csv,data/etiquetas/etiquetas_escalado_r11.csv,data/auditoria/revision_etiquetas_escalado_r11_v3/revision.csv,neutral,1,neutral,1,neutral,1,compatible,alta,estas cifras recogen decisiones de compras adoptadas algunos meses atrás,Compatible con N: sin dirección respaldada. La unidad no adopta una dirección monetaria propia.,revisado,515d95d8ca2d6ac1f95ae28d54cc7ffe8c4d0a9ea3e8b83ad57a23e36c016b8e,436,desarrollo_base_v3,si,supervision_oof_control_primario
RPM-2012-03-15:4721:1,ia_base_v2,etiquetas_escalado_r11.csv,data/etiquetas/etiquetas_escalado_r11.csv,data/auditoria/revision_etiquetas_escalado_r11_v3/revision.csv,neutral,1,neutral,1,neutral,1,compatible,alta,este conjunto de consideraciones aconseja proponer la mantención de la TPM en 5%,Compatible con N: sin dirección respaldada. La unidad no adopta una dirección monetaria propia.,revisado,a15ac89b1c9381662577a0df98af384edb95ed165d0c6b85eae3779df4cb3069,7810,desarrollo_base_v3,si,supervision_oof_control_primario
RPM-2012-04-17:4743:1,ia_base_v2,etiquetas_escalado_r11.csv,data/etiquetas/etiquetas_escalado_r11.csv,data/auditoria/revision_etiquetas_escalado_r11_v3/revision.csv,neutral,1,neutral,1,neutral,1,compatible,alta,"Chile figura con un crecimiento trimestre a trimestre de 4,5% en términos anualizados, cifra coincidente con la contemplada en el IPoM",Compatible con N: sin dirección respaldada. La unidad no adopta una dirección monetaria propia.,revisado,5a407e3c65c1dd3dc37c4f6f168480f3e4bfecc1ecefba6c81083e22761d133a,263,desarrollo_base_v3,si,supervision_oof_control_primario
RPM-2012-04-17:4770:1,ia_base_v2,etiquetas_escalado_r11.csv,data/etiquetas/etiquetas_escalado_r11.csv,data/auditoria/revision_etiquetas_escalado_r11_v3/revision.csv,neutral,1,neutral,1,neutral,1,compatible,alta,ello mezcla el supuesto que el precio de frutas y verduras no se revierte durante el invierno,Compatible con N: sin dirección respaldada. La unidad no adopta una dirección monetaria propia.,revisado,0fac79479f0e659b9961cdb33a30a486a9449e87cc01aaa664577af7f5df5c8d,210,desarrollo_base_v3,si,supervision_oof_control_primario
RPM-2012-04-17:4771:1,ia_base_v2,etiquetas_escalado_r11.csv,data/etiquetas/etiquetas_escalado_r11.csv,data/auditoria/revision_etiquetas_escalado_r11_v3/revision.csv,neutral,1,neutral,1,neutral,1,compatible,alta,el mercado estaría otorgando una ponderación significativa a la rebaja del impuesto de timbres y estampillas,Compatible con N: sin dirección respaldada. La unidad no adopta una dirección monetaria propia.,revisado,5666b03f4e5d8181e8cc634cdd59eab61fff4ea98c9f1b36115202d4bd0d772f,244,desarrollo_base_v3,si,supervision_oof_control_primario
RPM-2012-04-17:4778:3,ia_base_v2,etiquetas_escalado_r11.csv,data/etiquetas/etiquetas_escalado_r11.csv,data/auditoria/revision_etiquetas_escalado_r11_v3/revision.csv,neutral,0,neutral,0,neutral,0,compatible,alta,,Compatible con N/relevancia0: reanudacion de sesion (logistica).,revisado,447be41389319792c1c70d4fe2a783a44a3c2d6838cec5397b58e68e80bb61d0,75,desarrollo_base_v3,si,supervision_oof_control_primario
RPM-2012-04-17:4790:2,ia_base_v2,etiquetas_escalado_r11.csv,data/etiquetas/etiquetas_escalado_r11.csv,data/auditoria/revision_etiquetas_escalado_r11_v3/revision.csv,neutral,1,neutral,1,neutral,1,compatible,alta,acordó mantener la tasa de interés de política monetaria en 5% anual,Compatible con N: sin dirección respaldada. La unidad no adopta una dirección monetaria propia.,revisado,194c8e9ad23c61e8cf3d057fb1527e0f407a1df0e01667d568e018aeb0b3c64c,1973,desarrollo_base_v3,si,supervision_oof_control_primario
RPM-2012-06-14:4863:1,ia_base_v2,etiquetas_escalado_r11.csv,data/etiquetas/etiquetas_escalado_r11.csv,data/auditoria/revision_etiquetas_escalado_r11_v3/revision.csv,neutral,0,neutral,0,neutral,0,compatible,alta,,Compatible con N/relevancia0: agradecimiento y ofrecimiento de la palabra (logistica).,revisado,acbffdbec9543a5625b6bdd3c5844ccfdcb397daa43ccdce7f15c210b52afc07,186,desarrollo_base_v3,si,supervision_oof_control_primario
RPM-2012-07-12:4901:1,ia_base_v2,etiquetas_escalado_r11.csv,data/etiquetas/etiquetas_escalado_r11.csv,data/auditoria/revision_etiquetas_escalado_r11_v3/revision.csv,neutral,0,neutral,0,neutral,0,compatible,alta,,"Compatible con N/relevancia0: fijacion de fecha, constancia de asistencia e invitacion a exponer (logistica).",revisado,0e6a353fe59f146e0a6cc6cc175964ee7c6cc5a5a01058b2c8a0c2d72b7a05f3,803,desarrollo_base_v3,si,supervision_oof_control_primario
RPM-2012-07-12:4903:2,ia_base_v2,etiquetas_escalado_r11.csv,data/etiquetas/etiquetas_escalado_r11.csv,data/auditoria/revision_etiquetas_escalado_r11_v3/revision.csv,neutral,1,neutral,1,neutral,1,compatible,alta,"se esperaba una señal algo más concluyente acerca de eventuales futuras medidas de relajo monetario, pero dicho anuncio fue más débil que lo esperado",Compatible con N: sin dirección respaldada. La unidad no adopta una dirección monetaria propia.,revisado,080b104f7f6948af5e156106c91bcc1c21ef111e3116827350819c907c7c566e,462,desarrollo_base_v3,si,supervision_oof_control_primario
RPM-2012-07-12:4959:1,ia_base_v2,etiquetas_escalado_r11.csv,data/etiquetas/etiquetas_escalado_r11.csv,data/auditoria/revision_etiquetas_escalado_r11_v3/revision.csv,neutral,1,neutral,1,neutral,1,compatible,alta,la Gerencia a su cargo propone al Consejo mantener la TPM en su nivel actual,Compatible con N: sin dirección respaldada. La unidad no adopta una dirección monetaria propia.,revisado,582bc274ea7a9bf1b95609b2a51673d1b5d444cf6c92b5b66bf6a9f983f39480,2979,desarrollo_base_v3,si,supervision_oof_control_primario
RPM-2012-08-16:5012:1,ia_base_v2,etiquetas_escalado_r11.csv,data/etiquetas/etiquetas_escalado_r11.csv,data/auditoria/revision_etiquetas_escalado_r11_v3/revision.csv,neutral,1,neutral,1,neutral,1,compatible,media,podrían conducir a un eventual recalentamiento de la economía,Compatible con N: sin dirección respaldada. La unidad no adopta una dirección monetaria propia.,revisado,1db956764b7e56aba489bb854f0a79bdce13c5314a6c1541a654bf2f40467116,332,desarrollo_base_v3,si,supervision_oof_control_primario
RPM-2012-08-16:5039:2,ia_base_v2,etiquetas_escalado_r11.csv,data/etiquetas/etiquetas_escalado_r11.csv,data/auditoria/revision_etiquetas_escalado_r11_v3/revision.csv,neutral,1,neutral,1,neutral,1,compatible,alta,se acuerda por unanimidad de los señores Consejeros mantener la Tasa de Política Monetaria en 5% anual,Compatible con N: sin dirección respaldada. La unidad no adopta una dirección monetaria propia.,revisado,7bfbea25ad161848435a5e53a0388ecac169414225a91e13cc6d3d8672ad3bf3,176,desarrollo_base_v3,si,supervision_oof_control_primario
RPM-2012-09-13:5060:1,ia_base_v2,etiquetas_escalado_r11.csv,data/etiquetas/etiquetas_escalado_r11.csv,data/auditoria/revision_etiquetas_escalado_r11_v3/revision.csv,neutral,1,neutral,1,neutral,1,compatible,alta,esta operación constituye la primera de este tipo por parte del BCI y sustituye fuentes de financiamiento tradicionales,Compatible con N: sin dirección respaldada. La unidad no adopta una dirección monetaria propia.,revisado,2eeb7dfdbb460e3c8e9b3c56ab63b435eec051ec3b7c852de61fcbd055fcdd9d,666,desarrollo_base_v3,si,supervision_oof_control_primario
RPM-2012-09-13:5068:1,ia_base_v2,etiquetas_escalado_r11.csv,data/etiquetas/etiquetas_escalado_r11.csv,data/auditoria/revision_etiquetas_escalado_r11_v3/revision.csv,neutral,1,neutral,1,neutral,1,compatible,alta,una parte del aumento de las ventas de viviendas responde a enajenaciones de inmuebles en construcción y promesas de compra,Compatible con N: sin dirección respaldada. La unidad no adopta una dirección monetaria propia.,revisado,eaf2f31e9e88b5acf7bc09a681c056813dc9b0a8eb24dafb10e0539968d35b34,344,desarrollo_base_v3,si,supervision_oof_control_primario
RPM-2012-09-13:5075:1,ia_base_v2,etiquetas_escalado_r11.csv,data/etiquetas/etiquetas_escalado_r11.csv,data/auditoria/revision_etiquetas_escalado_r11_v3/revision.csv,neutral,1,neutral,1,neutral,1,compatible,media,lo cual constituye obviamente un problema considerando los instrumentos de política monetaria disponibles para el Banco,Compatible con N: sin dirección respaldada. La unidad no adopta una dirección monetaria propia.,revisado,6a58f93490427381a134aa531b1d7f53a73fbf3501ff89c833df2156a4547f95,904,desarrollo_base_v3,si,supervision_oof_control_primario
RPM-2012-09-13:5086:1,ia_base_v2,etiquetas_escalado_r11.csv,data/etiquetas/etiquetas_escalado_r11.csv,data/auditoria/revision_etiquetas_escalado_r11_v3/revision.csv,neutral,0,neutral,0,neutral,0,compatible,alta,,Compatible con N/relevancia0: agradecimiento y concesion de la palabra (logistica).,revisado,17002f43aa7bf1f5de49a163bdeb18ba86ec686c498a31446b25709318f67de5,167,desarrollo_base_v3,si,supervision_oof_control_primario
RPM-2012-10-18:5110:1,ia_base_v2,etiquetas_escalado_r11.csv,data/etiquetas/etiquetas_escalado_r11.csv,data/auditoria/revision_etiquetas_escalado_r11_v3/revision.csv,neutral,1,neutral,1,neutral,1,compatible,alta,plantea la conveniencia de contar para la próxima Reunión de Política Monetaria con un gráfico relativo al balance del Banco Central Europeo,Compatible con N: sin dirección respaldada. La unidad no adopta una dirección monetaria propia.,revisado,04de59abe0442c4429b8c05081d26df36a23680124c5b811146c289ce9f80eca,266,desarrollo_base_v3,si,supervision_oof_control_primario
RPM-2012-12-13:5223:1,ia_base_v2,etiquetas_escalado_r11.csv,data/etiquetas/etiquetas_escalado_r11.csv,data/auditoria/revision_etiquetas_escalado_r11_v3/revision.csv,neutral,0,neutral,0,neutral,0,compatible,alta,,Compatible con N/relevancia0: encabezado de acta: lista de asistentes y fecha.,revisado,74638fc16fc177942f773b2c76e621280965e3742d1e01d5db0fff4dd3418aa8,1387,desarrollo_base_v3,si,supervision_oof_control_primario
RPM-2013-01-17:5279:2,ia_base_v2,etiquetas_escalado_r11.csv,data/etiquetas/etiquetas_escalado_r11.csv,data/auditoria/revision_etiquetas_escalado_r11_v3/revision.csv,neutral,1,neutral,1,neutral,1,compatible,alta,da cuenta de un predominio de desaceleraciones y una situación mixta en Asia y América Latina,Compatible con N: sin dirección respaldada. La unidad no adopta una dirección monetaria propia.,revisado,d19dbde7629d115b3a8d089a210527dfde8a8a8a44a0a81c4e46fe630ffbbec2,720,desarrollo_base_v3,si,supervision_oof_control_primario
RPM-2013-03-14:5412:2,ia_base_v2,etiquetas_escalado_r11.csv,data/etiquetas/etiquetas_escalado_r11.csv,data/auditoria/revision_etiquetas_escalado_r11_v3/revision.csv,neutral,1,neutral,1,neutral,1,compatible,alta,plantea la conveniencia de seguir con atención varios elementos que podrían dar cuenta de mejores perspectivas,Compatible con N: sin dirección respaldada. La unidad no adopta una dirección monetaria propia.,revisado,94017e7bc06286d75a4d79a151fae466691dbbb89419993dc2bd650c1fc51dab,509,desarrollo_base_v3,si,supervision_oof_control_primario
RPM-2013-03-14:5430:1,ia_base_v2,etiquetas_escalado_r11.csv,data/etiquetas/etiquetas_escalado_r11.csv,data/auditoria/revision_etiquetas_escalado_r11_v3/revision.csv,neutral,1,neutral,1,neutral,1,compatible,media,razón por la cual habría que plantearse con bastante más urgencia una política que la sustituya,Compatible con N: sin dirección respaldada. La unidad no adopta una dirección monetaria propia.,revisado,da693532c9ee7e02e394ae1596c418e7895f7f357ef0468f1e9aefabada68752,1631,desarrollo_base_v3,si,supervision_oof_control_primario
RPM-2013-04-11:5458:1,ia_base_v2,etiquetas_escalado_r11.csv,data/etiquetas/etiquetas_escalado_r11.csv,data/auditoria/revision_etiquetas_escalado_r11_v3/revision.csv,neutral,1,neutral,1,neutral,1,compatible,alta,sugiere incorporar una mayor graduación al heat map,Compatible con N: sin dirección respaldada. La unidad no adopta una dirección monetaria propia.,revisado,e53ada45647874e0f588ec0f1f4d6f9889d0d1c0ac35ead5cacf8267f75c4361,293,desarrollo_base_v3,si,supervision_oof_control_primario
RPM-2013-04-11:5508:1,ia_base_v2,etiquetas_escalado_r11.csv,data/etiquetas/etiquetas_escalado_r11.csv,data/auditoria/revision_etiquetas_escalado_r11_v3/revision.csv,neutral,1,neutral,1,neutral,1,compatible,alta,la opción de mantener la Tasa de Política Monetaria en 5% anual domina ampliamente a cualquier otra alternativa,Compatible con N: sin dirección respaldada. La unidad no adopta una dirección monetaria propia.,revisado,1cf455eae02fe6ec0912bd42e5ae5aefd60974cf81b27fe51108202d2dded79c,3357,desarrollo_base_v3,si,supervision_oof_control_primario
RPM-2013-06-13:5578:2,ia_base_v2,etiquetas_escalado_r11.csv,data/etiquetas/etiquetas_escalado_r11.csv,data/auditoria/revision_etiquetas_escalado_r11_v3/revision.csv,neutral,1,neutral,1,neutral,1,compatible,alta,las distorsiones aludidas se dan fundamentalmente con las efectuadas a Hong Kong,Compatible con N: sin dirección respaldada. La unidad no adopta una dirección monetaria propia.,revisado,640075a80de01b340cf0e106bb79010d4ee156f47efb782c968beaac411dcf0c,271,desarrollo_base_v3,si,supervision_oof_control_primario
RPM-2013-06-13:5599:1,ia_base_v2,etiquetas_escalado_r11.csv,data/etiquetas/etiquetas_escalado_r11.csv,data/auditoria/revision_etiquetas_escalado_r11_v3/revision.csv,neutral,1,neutral,1,neutral,1,compatible,alta,"la proyección para el presente año ha disminuido a una cifra en torno al 4,4%",Compatible con N: sin dirección respaldada. La unidad no adopta una dirección monetaria propia.,revisado,cc54c7eb96179ba8401fab36aa399f38e4df4c1a7d8daa0aa524b26c2a82ef9e,1146,desarrollo_base_v3,si,supervision_oof_control_primario
RPM-2013-07-11:5646:1,ia_base_v2,etiquetas_escalado_r11.csv,data/etiquetas/etiquetas_escalado_r11.csv,data/auditoria/revision_etiquetas_escalado_r11_v3/revision.csv,neutral,1,neutral,1,neutral,1,compatible,alta,"el dólar estadounidense se ha fortalecido, mientras que la depreciación del real brasileño sobresale",Compatible con N: sin dirección respaldada. La unidad no adopta una dirección monetaria propia.,revisado,dec562dec9b0f6e66e0f58fe1b4a196ba7794e6272b0e427b221d76d88d1055b,644,desarrollo_base_v3,si,supervision_oof_control_primario
RPM-2013-08-13:5718:1,ia_base_v2,etiquetas_escalado_r11.csv,data/etiquetas/etiquetas_escalado_r11.csv,data/auditoria/revision_etiquetas_escalado_r11_v3/revision.csv,neutral,1,neutral,1,neutral,1,compatible,alta,consulta por las ponderaciones del consumo privado,Compatible con N: sin dirección respaldada. La unidad no adopta una dirección monetaria propia.,revisado,ab2bd8f350f154d2d985b7df390b40b5b70e880caa7686a4b86f7b871e589456,87,desarrollo_base_v3,si,supervision_oof_control_primario
RPM-2013-08-13:5727:2,ia_base_v2,etiquetas_escalado_r11.csv,data/etiquetas/etiquetas_escalado_r11.csv,data/auditoria/revision_etiquetas_escalado_r11_v3/revision.csv,neutral,1,neutral,1,neutral,1,compatible,alta,el SIPCO dejó de operar la semana anterior y que ese Ministerio también espera que los precios de combustibles exhiban una tendencia a la baja,Compatible con N: sin dirección respaldada. La unidad no adopta una dirección monetaria propia.,revisado,a2b044134aef33e23bc5e2e474f9ee38c18662909023ca6e34240557d954c265,251,desarrollo_base_v3,si,supervision_oof_control_primario
RPM-2013-08-13:5738:2,ia_base_v2,etiquetas_escalado_r11.csv,data/etiquetas/etiquetas_escalado_r11.csv,data/auditoria/revision_etiquetas_escalado_r11_v3/revision.csv,neutral,0,neutral,0,neutral,0,compatible,alta,,Compatible con N/relevancia0: suspension de la reunion (logistica).,revisado,ec52af184dd9ed54c68c391b79bfca6f0df4b16a8aa3dda55b52b6a16e4e8bbe,245,desarrollo_base_v3,si,supervision_oof_control_primario
RPM-2013-08-13:5748:1,ia_base_v2,etiquetas_escalado_r11.csv,data/etiquetas/etiquetas_escalado_r11.csv,data/auditoria/revision_etiquetas_escalado_r11_v3/revision.csv,neutral,1,neutral,1,neutral,1,compatible,alta,"por razones de prudencia, se inclina finalmente por la opción de mantener la Tasa de Política Monetaria en su actual nivel de 5% anual",Compatible con N: sin dirección respaldada. La unidad no adopta una dirección monetaria propia.,revisado,25899016a3d23f96f77d280dab69a7d057565b60e285b0d84f951fe1f982d34c,322,desarrollo_base_v3,si,supervision_oof_control_primario
RPM-2013-09-12:5757:1,ia_base_v2,etiquetas_escalado_r11.csv,data/etiquetas/etiquetas_escalado_r11.csv,data/auditoria/revision_etiquetas_escalado_r11_v3/revision.csv,neutral,1,neutral,1,neutral,1,compatible,alta,"consulta si la variación de 0,98 registrada por el índice S&P 500 en la última semana representa un movimiento al alza menor",Compatible con N: sin dirección respaldada. La unidad no adopta una dirección monetaria propia.,revisado,62a9a8e89f3da4fe6b2283c7d0d6d070f2d5028da2733beebf3a98d9516b8e8b,295,desarrollo_base_v3,si,supervision_oof_control_primario
RPM-2013-10-17:5837:1,ia_base_v2,etiquetas_escalado_r11.csv,data/etiquetas/etiquetas_escalado_r11.csv,data/auditoria/revision_etiquetas_escalado_r11_v3/revision.csv,neutral,1,neutral,1,neutral,1,compatible,alta,"mientras se observe que el empleo, los salarios y la masa salarial crecen a tasas cercanas al 6%, como lo hacen hasta esta fecha, el consumo seguirá creciendo",Compatible con N: sin dirección respaldada. La unidad no adopta una dirección monetaria propia.,revisado,4a9d6a2efdfaa955812e64b473e7a68a8c3ad48709ff5328c2c7b7ae9ba652f6,230,desarrollo_base_v3,si,supervision_oof_control_primario
RPM-2013-10-17:5849:1,ia_base_v2,etiquetas_escalado_r11.csv,data/etiquetas/etiquetas_escalado_r11.csv,data/auditoria/revision_etiquetas_escalado_r11_v3/revision.csv,dovish,1,dovish,1,dovish,1,compatible,alta,"su voto es por rebajar la Tasa de Política Monetaria a 4,75% anual",Compatible con dovish: dirección respaldada en la unidad. No depende solo del menú o fase.,revisado,0b390acf90c3dbad1233534aae581507d634b93e2177f2b7d621ca2b1fc384e7,3848,desarrollo_base_v3,si,supervision_oof_control_primario
RPM-2013-10-17:5857:2,ia_base_v2,etiquetas_escalado_r11.csv,data/etiquetas/etiquetas_escalado_r11.csv,data/auditoria/revision_etiquetas_escalado_r11_v3/revision.csv,dovish,1,dovish,1,dovish,1,compatible,alta,"se acuerda por unanimidad de los señores Consejeros reducir la Tasa de Política Monetaria en 25 puntos base a 4,75% anual",Compatible con dovish: dirección respaldada en la unidad. No depende solo del menú o fase.,revisado,b256205b720abd08502df74d839432592f0dede79c3568a1fc09fa7a093d8e89,195,desarrollo_base_v3,si,supervision_oof_control_primario
RPM-2013-11-19:5866:1,ia_base_v2,etiquetas_escalado_r11.csv,data/etiquetas/etiquetas_escalado_r11.csv,data/auditoria/revision_etiquetas_escalado_r11_v3/revision.csv,neutral,1,neutral,1,neutral,1,compatible,alta,"sus implicancias son algo adversas en el corto plazo, porque significan un ajuste a condiciones menos favorables",Compatible con N: sin dirección respaldada. La unidad no adopta una dirección monetaria propia.,revisado,a1bde8cc3ec739d0ff68a7e1ce43e5e36650a167818a1c4556e69eca8b40c2e0,737,desarrollo_base_v3,si,supervision_oof_control_primario
RPM-2013-11-19:5872:1,ia_base_v2,etiquetas_escalado_r11.csv,data/etiquetas/etiquetas_escalado_r11.csv,data/auditoria/revision_etiquetas_escalado_r11_v3/revision.csv,neutral,1,neutral,1,neutral,1,compatible,alta,consulta si la reducción de existencias corresponde a bienes exportables o de otra clase,Compatible con N: sin dirección respaldada. La unidad no adopta una dirección monetaria propia.,revisado,49a1c7603b65c6ca6791f50ea103a2bff8246fef0d0b11fb8773d1b40a757bf4,127,desarrollo_base_v3,si,supervision_oof_control_primario
RPM-2013-11-19:5884:3,ia_base_v2,etiquetas_escalado_r11.csv,data/etiquetas/etiquetas_escalado_r11.csv,data/auditoria/revision_etiquetas_escalado_r11_v3/revision.csv,neutral,0,neutral,0,neutral,0,compatible,alta,,Compatible con N/relevancia0: reanudacion de sesion (logistica).,revisado,5cf3f5f8d114e706dbcae3ad8d3e42e2bd2480dd1ee83cff1c44a459508ceca9,70,desarrollo_base_v3,si,supervision_oof_control_primario
RPM-2013-11-19:5901:1,ia_base_v2,etiquetas_escalado_r11.csv,data/etiquetas/etiquetas_escalado_r11.csv,data/auditoria/revision_etiquetas_escalado_r11_v3/revision.csv,dovish,1,dovish,1,dovish,1,compatible,alta,"su voto es por bajar la tasa de política monetaria en 25 puntos base en esta oportunidad a 4,5% anual",Compatible con dovish: dirección respaldada en la unidad. No depende solo del menú o fase.,revisado,3b43834a3062d2b5f52038d0d50cfedd6fb6c16cab0bbed7477318cece13bd19,1456,desarrollo_base_v3,si,supervision_oof_control_primario
RPM-2013-12-12:5939:1,ia_base_v2,etiquetas_escalado_r11.csv,data/etiquetas/etiquetas_escalado_r11.csv,data/auditoria/revision_etiquetas_escalado_r11_v3/revision.csv,neutral,1,neutral,1,neutral,1,compatible,alta,"lo que implica mantener tranquilidad y prudencia, de manera de no reaccionar frente a una cifra puntual",Compatible con N: sin dirección respaldada. La unidad no adopta una dirección monetaria propia.,revisado,d7ea5ffc4db3661a70ebe6c4db72e82f5f60321340710857c227bf2d6869a1fc,927,desarrollo_base_v3,si,supervision_oof_control_primario
RPM-2013-12-12:5950:1,ia_base_v2,etiquetas_escalado_r11.csv,data/etiquetas/etiquetas_escalado_r11.csv,data/auditoria/revision_etiquetas_escalado_r11_v3/revision.csv,neutral,0,neutral,0,neutral,0,compatible,alta,,Compatible con N/relevancia0: agradecimiento y ofrecimiento de la palabra (logistica).,revisado,d46e0a05e60882dbd1d82e0fcc25a3de04b503da25c87c0a86517e6eabe72741,219,desarrollo_base_v3,si,supervision_oof_control_primario
RPM-2014-01-16:5968:1,ia_base_v2,etiquetas_escalado_r11.csv,data/etiquetas/etiquetas_escalado_r11.csv,data/auditoria/revision_etiquetas_escalado_r11_v3/revision.csv,neutral,1,neutral,1,neutral,1,compatible,alta,la depreciación del peso chileno es comparable con la experimentada por las monedas de países exportadores de commodities y latinoamericanos,Compatible con N: sin dirección respaldada. La unidad no adopta una dirección monetaria propia.,revisado,f0cf73083f4b8fe7c2dc222b14fc5f45d4f907b6f2f41e443cb2db618b5de466,15462,desarrollo_base_v3,si,supervision_oof_control_primario
RPM-2014-01-16:5999:1,ia_base_v2,etiquetas_escalado_r11.csv,data/etiquetas/etiquetas_escalado_r11.csv,data/auditoria/revision_etiquetas_escalado_r11_v3/revision.csv,neutral,0,neutral,0,neutral,0,compatible,alta,,Compatible con N/relevancia0: agradecimiento a comentarios previos (logistica).,revisado,5201d165a0f99f85f7c85d5a7941c8ab6a9c3fb6c74504aff71b4a7dc8c826dd,132,desarrollo_base_v3,si,supervision_oof_control_primario
RPM-2014-02-18:6055:1,ia_base_v2,etiquetas_escalado_r11.csv,data/etiquetas/etiquetas_escalado_r11.csv,data/auditoria/revision_etiquetas_escalado_r11_v3/revision.csv,dovish,1,dovish,1,dovish,1,compatible,alta,"en su opinión, la opción de bajar la TPM se impone claramente sobre la de mantenerla",Compatible con dovish: dirección respaldada en la unidad. No depende solo del menú o fase.,revisado,6f8ebbc95a1c1425cd21498d5e1ca5298b26ac92fc7c967b42cee20116c574bc,2060,desarrollo_base_v3,si,supervision_oof_control_primario
RPM-2014-03-13:6063:1,ia_base_v2,etiquetas_escalado_r11.csv,data/etiquetas/etiquetas_escalado_r11.csv,data/auditoria/revision_etiquetas_escalado_r11_v3/revision.csv,neutral,1,neutral,1,neutral,1,compatible,alta,"Chile solo aparece en una situación desfavorable en materia de paridades, no así en cuanto a su solvencia, premios por riesgo, tasas de interés del gobierno",Compatible con N: sin dirección respaldada. La unidad no adopta una dirección monetaria propia.,revisado,c95cc4c3fdbb83176a2544f85cdab3bb6e8b001a4aa2aa8fc5bbcef708431752,279,desarrollo_base_v3,si,supervision_oof_control_primario
RPM-2014-03-13:6087:1,ia_base_v2,etiquetas_escalado_r11.csv,data/etiquetas/etiquetas_escalado_r11.csv,data/auditoria/revision_etiquetas_escalado_r11_v3/revision.csv,neutral,1,neutral,1,neutral,1,compatible,alta,"a pesar del elevado registro inflacionario del mes de febrero, las expectativas de inflación a un año se mantienen estables en torno al 3%",Compatible con N: sin dirección respaldada. La unidad no adopta una dirección monetaria propia.,revisado,b15973717b3abb3053e757c0becbb68bba66addc40f5e49f4c6237823c35c41d,6025,desarrollo_base_v3,si,supervision_oof_control_primario
RPM-2014-04-17:6133:1,ia_base_v2,etiquetas_escalado_r11.csv,data/etiquetas/etiquetas_escalado_r11.csv,data/auditoria/revision_etiquetas_escalado_r11_v3/revision.csv,neutral,1,neutral,1,neutral,1,compatible,alta,"se anticipan dos recortes adicionales, lo que constituye un cambio frente al escenario anterior a la publicación del Informe antedicho",Compatible con N: sin dirección respaldada. La unidad no adopta una dirección monetaria propia.,revisado,9a749f4c0d597af7353a4340e5ec5030d941bcc2ddbc8bbf0dd2f4066aec1911,2700,desarrollo_base_v3,si,supervision_oof_control_primario
RPM-2014-05-15:6195:3,ia_base_v2,etiquetas_escalado_r11.csv,data/etiquetas/etiquetas_escalado_r11.csv,data/auditoria/revision_etiquetas_escalado_r11_v3/revision.csv,neutral,1,neutral,1,neutral,1,compatible,alta,"la inversión en construcción y obras para el presente año se corrigió a la baja, pero mantiene una tasa de crecimiento positiva",Compatible con N: sin dirección respaldada. La unidad no adopta una dirección monetaria propia.,revisado,c32f5b38829bd8584e526dd1cc742b1c55ee1167ecc569716a65b915d907962b,976,desarrollo_base_v3,si,supervision_oof_control_primario
RPM-2014-05-15:6202:1,ia_base_v2,etiquetas_escalado_r11.csv,data/etiquetas/etiquetas_escalado_r11.csv,data/auditoria/revision_etiquetas_escalado_r11_v3/revision.csv,neutral,1,neutral,1,neutral,1,compatible,alta,pregunta si ello significa que la producción agrícola no exportada y reorientada al consumo interno no se contabiliza como exportaciones,Compatible con N: sin dirección respaldada. La unidad no adopta una dirección monetaria propia.,revisado,6da344d766768e20e78fd8473d86b7246ab9e0ee48e6dabe9796d82d614b4610,229,desarrollo_base_v3,si,supervision_oof_control_primario
RPM-2014-05-15:6207:1,ia_base_v2,etiquetas_escalado_r11.csv,data/etiquetas/etiquetas_escalado_r11.csv,data/auditoria/revision_etiquetas_escalado_r11_v3/revision.csv,neutral,1,neutral,1,neutral,1,compatible,alta,la metodología empleada para estimar la producción y exportación agrícola en el año evita correcciones significativas,Compatible con N: sin dirección respaldada. La unidad no adopta una dirección monetaria propia.,revisado,7e36d86d9bd83cf2c63d55771ea5c4f26b56bc5a8fa92da758619c8967aa46a7,176,desarrollo_base_v3,si,supervision_oof_control_primario
RPM-2014-05-15:6229:1,ia_base_v2,etiquetas_escalado_r11.csv,data/etiquetas/etiquetas_escalado_r11.csv,data/auditoria/revision_etiquetas_escalado_r11_v3/revision.csv,neutral,0,neutral,0,neutral,0,compatible,alta,,Compatible con N/relevancia0: agradecimiento y concesion de la palabra (logistica).,revisado,17002f43aa7bf1f5de49a163bdeb18ba86ec686c498a31446b25709318f67de5,167,desarrollo_base_v3,si,supervision_oof_control_primario
RPM-2014-06-12:6237:1,ia_base_v2,etiquetas_escalado_r11.csv,data/etiquetas/etiquetas_escalado_r11.csv,data/auditoria/revision_etiquetas_escalado_r11_v3/revision.csv,neutral,0,neutral,0,neutral,0,compatible,alta,,"Compatible con N/relevancia0: inicio de reunion, fijacion de fecha e invitacion a exponer (logistica).",revisado,4a272162502f39b4d8be2762c4f162f2ecf56b9eb87ee897e20575ee2bf0820e,474,desarrollo_base_v3,si,supervision_oof_control_primario
RPM-2014-06-12:6265:1,ia_base_v2,etiquetas_escalado_r11.csv,data/etiquetas/etiquetas_escalado_r11.csv,data/auditoria/revision_etiquetas_escalado_r11_v3/revision.csv,neutral,1,neutral,1,neutral,1,compatible,alta,pregunta por las series de inventarios que contempla el proyecto de Cuentas Nacionales,Compatible con N: sin dirección respaldada. La unidad no adopta una dirección monetaria propia.,revisado,665c836262d180f32959c7937d6f53d1d00a0a80acb962fc5e3e487f46847801,123,desarrollo_base_v3,si,supervision_oof_control_primario
RPM-2014-07-15:6319:3,ia_base_v2,etiquetas_escalado_r11.csv,data/etiquetas/etiquetas_escalado_r11.csv,data/auditoria/revision_etiquetas_escalado_r11_v3/revision.csv,neutral,1,neutral,1,neutral,1,compatible,alta,el 60% de los analistas de mercado espera una reducción de 25 puntos base en esta oportunidad,Compatible con N: sin dirección respaldada. La unidad no adopta una dirección monetaria propia.,revisado,3531867d48965355bbb32517ac93c4e8d1ad734a7ca118e381376d4fc7373e2a,2058,desarrollo_base_v3,si,supervision_oof_control_primario
RPM-2014-07-15:6340:1,ia_base_v2,etiquetas_escalado_r11.csv,data/etiquetas/etiquetas_escalado_r11.csv,data/auditoria/revision_etiquetas_escalado_r11_v3/revision.csv,dovish,1,dovish,1,dovish,1,compatible,alta,"la opción de bajar 25 puntos base, que a su juicio es la adecuada en esta ocasión, se basa en una actividad que sigue mostrando debilidad",Compatible con dovish: dirección respaldada en la unidad. No depende solo del menú o fase.,revisado,a30f739761774102bd2ccb02e239308c0bb0fe068d9bd4843d5f63aa378b9fb8,2466,desarrollo_base_v3,si,supervision_oof_control_primario
RPM-2014-08-14:6368:3,ia_base_v2,etiquetas_escalado_r11.csv,data/etiquetas/etiquetas_escalado_r11.csv,data/auditoria/revision_etiquetas_escalado_r11_v3/revision.csv,neutral,1,neutral,1,neutral,1,compatible,alta,hay un efecto base en algunos sectores y que también se anticipa un repunte moderado de las velocidades de la demanda y del consumo,Compatible con N: sin dirección respaldada. La unidad no adopta una dirección monetaria propia.,revisado,e52e11f359b0989cf28ee5668939bbee072e85cf5ff5d229a85f5d8c5d863e97,167,desarrollo_base_v3,si,supervision_oof_control_primario
RPM-2014-08-14:6386:1,ia_base_v2,etiquetas_escalado_r11.csv,data/etiquetas/etiquetas_escalado_r11.csv,data/auditoria/revision_etiquetas_escalado_r11_v3/revision.csv,dovish,1,dovish,1,dovish,1,compatible,alta,"su voto es por bajar la TPM en 25 puntos base, a 3,5% anual",Compatible con dovish: dirección respaldada en la unidad. No depende solo del menú o fase.,revisado,5c9b0c4188ab773ecc5448f0cd346f2b0cf9e3c6947f1f204552bc92f510fa10,5096,desarrollo_base_v3,si,supervision_oof_control_primario
RPM-2014-09-11:6405:1,ia_base_v2,etiquetas_escalado_r11.csv,data/etiquetas/etiquetas_escalado_r11.csv,data/auditoria/revision_etiquetas_escalado_r11_v3/revision.csv,neutral,1,neutral,1,neutral,1,compatible,alta,"el mercado laboral ha continuado dando señales de deterioro, en particular en términos de sus cantidades",Compatible con N: sin dirección respaldada. La unidad no adopta una dirección monetaria propia.,revisado,10209806d3da2ff126bc260801f56d409a15e1f9fee7fa731941bea238b65adc,4152,desarrollo_base_v3,si,supervision_oof_control_primario
RPM-2014-09-11:6406:1,ia_base_v2,etiquetas_escalado_r11.csv,data/etiquetas/etiquetas_escalado_r11.csv,data/auditoria/revision_etiquetas_escalado_r11_v3/revision.csv,neutral,1,neutral,1,neutral,1,compatible,alta,"observa la significativa caída de la percepción de los consumidores a mediados del año 2011, cuando la economía registraba un fuerte crecimiento",Compatible con N: sin dirección respaldada. La unidad no adopta una dirección monetaria propia.,revisado,9473f946a2d607a4714a878ecae2a31237ca2ee8232f474ad241a2a6d546063c,181,desarrollo_base_v3,si,supervision_oof_control_primario
RPM-2014-09-11:6415:3,ia_base_v2,etiquetas_escalado_r11.csv,data/etiquetas/etiquetas_escalado_r11.csv,data/auditoria/revision_etiquetas_escalado_r11_v3/revision.csv,neutral,1,neutral,1,neutral,1,compatible,alta,la mayoría de los consultados espera un recorte de 25 puntos base para esta Reunión,Compatible con N: sin dirección respaldada. La unidad no adopta una dirección monetaria propia.,revisado,2d8695bb950812de5b9bc5242b1a66a38de97ef3cf50f088901122a9451b612f,347,desarrollo_base_v3,si,supervision_oof_control_primario
RPM-2014-09-11:6423:1,ia_base_v2,etiquetas_escalado_r11.csv,data/etiquetas/etiquetas_escalado_r11.csv,data/auditoria/revision_etiquetas_escalado_r11_v3/revision.csv,neutral,0,neutral,0,neutral,0,compatible,alta,,Compatible con N/relevancia0: fijacion de fecha y transito a opciones (logistica).,revisado,fdc480ff3f7c0ed44c3154934bd5a214f306867c5304f8b7261acdddf7de60bf,349,desarrollo_base_v3,si,supervision_oof_control_primario
RPM-2014-11-18:6501:1,ia_base_v2,etiquetas_escalado_r11.csv,data/etiquetas/etiquetas_escalado_r11.csv,data/auditoria/revision_etiquetas_escalado_r11_v3/revision.csv,neutral,1,neutral,1,neutral,1,compatible,media,plantea la conveniencia de realizar una evaluación algo más gruesa de la inflación y no sobredimensionar el último dato,Compatible con N: sin dirección respaldada. La unidad no adopta una dirección monetaria propia.,revisado,91921ccccd1ce5a2a2b5eeedafeaf252c14fc4da73e35190f37e90f571027e86,598,desarrollo_base_v3,si,supervision_oof_control_primario
RPM-2014-01-16:5971:1,ia_base_v2,etiquetas_escalado_r12.csv,data/etiquetas/etiquetas_escalado_r12.csv,data/auditoria/revision_etiquetas_escalado_r12_v3/revision.csv,neutral,0,neutral,0,neutral,0,compatible,alta,,Compatible con N/relevancia0: agradecimiento y concesion de la palabra (logistica).,revisado,9c08005ae69233288c85c20803848603bb98f0fae95bd3bac5b7fdc21b510be0,187,desarrollo_base_v3,si,supervision_oof_control_primario
RPM-2014-01-16:5975:1,ia_base_v2,etiquetas_escalado_r12.csv,data/etiquetas/etiquetas_escalado_r12.csv,data/auditoria/revision_etiquetas_escalado_r12_v3/revision.csv,neutral,1,neutral,1,neutral,1,compatible,alta,"se observa un panorama económico mundial más tranquilo y positivo, con alguna volatilidad en las economías emergentes",Compatible con N: sin dirección respaldada. La unidad no adopta una dirección monetaria propia.,revisado,9a1264378ba2f0fa7d2313d1a8b02cfedbcb29f3598045d750d7ba24618ef9f4,1753,desarrollo_base_v3,si,supervision_oof_control_primario
RPM-2014-03-13:6093:2,ia_base_v2,etiquetas_escalado_r12.csv,data/etiquetas/etiquetas_escalado_r12.csv,data/auditoria/revision_etiquetas_escalado_r12_v3/revision.csv,neutral,0,neutral,0,neutral,0,compatible,alta,,Compatible con N/relevancia0: suspension de la reunion (logistica).,revisado,4dd95d6ec4cdd94ac898121cd0402d93fbe388683ad89bcc100ca6993c5a437d,246,desarrollo_base_v3,si,supervision_oof_control_primario
RPM-2014-05-15:6214:1,ia_base_v2,etiquetas_escalado_r12.csv,data/etiquetas/etiquetas_escalado_r12.csv,data/auditoria/revision_etiquetas_escalado_r12_v3/revision.csv,neutral,1,neutral,1,neutral,1,compatible,alta,sugería que el traspaso de la depreciación del tipo de cambio ha sido mayor que el previsto,Compatible con N: sin dirección respaldada. La unidad no adopta una dirección monetaria propia.,revisado,3298076c8faae347cd3f1ba2057122b0e87482d6d38e95f41c9f029884244032,1142,desarrollo_base_v3,si,supervision_oof_control_primario
RPM-2014-05-15:6233:1,ia_base_v2,etiquetas_escalado_r12.csv,data/etiquetas/etiquetas_escalado_r12.csv,data/auditoria/revision_etiquetas_escalado_r12_v3/revision.csv,neutral,1,neutral,1,neutral,1,compatible,alta,"si todo va de acuerdo con lo proyectado, a fines de año la Reserva Federal terminaría con la compra de activos",Compatible con N: sin dirección respaldada. La unidad no adopta una dirección monetaria propia.,revisado,00beb9a533f9698706c0deb44b0fe7fa92ef487663e8051d7a600d34f1842dfe,1412,desarrollo_base_v3,si,supervision_oof_control_primario
RPM-2014-06-12:6261:1,ia_base_v2,etiquetas_escalado_r12.csv,data/etiquetas/etiquetas_escalado_r12.csv,data/auditoria/revision_etiquetas_escalado_r12_v3/revision.csv,neutral,1,neutral,1,neutral,1,compatible,alta,consulta por las razones que sustentan la corrección al alza del sector construcción,Compatible con N: sin dirección respaldada. La unidad no adopta una dirección monetaria propia.,revisado,703e3abb29478d315aea2bb639f1e363017911dbdf2af0a8034e50a4a6f0189c,120,desarrollo_base_v3,si,supervision_oof_control_primario
RPM-2014-07-15:6340:3,ia_base_v2,etiquetas_escalado_r12.csv,data/etiquetas/etiquetas_escalado_r12.csv,data/auditoria/revision_etiquetas_escalado_r12_v3/revision.csv,dovish,1,dovish,1,dovish,1,compatible,alta,"acordó reducir la tasa de interés de política monetaria en 25 puntos base, a 3,75% anual",Compatible con dovish: dirección respaldada en la unidad. No depende solo del menú o fase.,revisado,7ea10e8b935f38c2e767a5210810e0fc2fa953582b4fad389f3c3385d7fd8083,2394,desarrollo_base_v3,si,supervision_oof_control_primario
RPM-2014-08-14:6369:1,ia_base_v2,etiquetas_escalado_r12.csv,data/etiquetas/etiquetas_escalado_r12.csv,data/auditoria/revision_etiquetas_escalado_r12_v3/revision.csv,neutral,1,neutral,1,neutral,1,compatible,alta,"si bien se ha registrado una desaceleración bastante significativa de inventarios, las encuestas sugieren que siguen siendo excesivos",Compatible con N: sin dirección respaldada. La unidad no adopta una dirección monetaria propia.,revisado,3d3ba25acfa95321367d6300defec0a0e339f1e7b86daace642df7818ad50efa,292,desarrollo_base_v3,si,supervision_oof_control_primario
RPM-2014-10-16:6451:2,ia_base_v2,etiquetas_escalado_r12.csv,data/etiquetas/etiquetas_escalado_r12.csv,data/auditoria/revision_etiquetas_escalado_r12_v3/revision.csv,neutral,1,neutral,1,neutral,1,compatible,alta,"el escenario actual debe ser analizado con cautela, ya que ha sido muy afectado por los acontecimientos de las últimas dos semanas",Compatible con N: sin dirección respaldada. La unidad no adopta una dirección monetaria propia.,revisado,fb2e3b47106aca1880bec203414fbac0274ab70dd2766d21eb56d8658cf10de1,329,desarrollo_base_v3,si,supervision_oof_control_primario
RPM-2014-10-16:6452:1,ia_base_v2,etiquetas_escalado_r12.csv,data/etiquetas/etiquetas_escalado_r12.csv,data/auditoria/revision_etiquetas_escalado_r12_v3/revision.csv,neutral,1,neutral,1,neutral,1,compatible,alta,las expectativas de consumidores y empresarios volvieron a caer en el mes de septiembre,Compatible con N: sin dirección respaldada. La unidad no adopta una dirección monetaria propia.,revisado,cdc30ed22a4bd5b93daa22c262fd65c699365f2bce5926a4349db0632e129d45,1706,desarrollo_base_v3,si,supervision_oof_control_primario
RPM-2014-12-11:6530:2,ia_base_v2,etiquetas_escalado_r12.csv,data/etiquetas/etiquetas_escalado_r12.csv,data/auditoria/revision_etiquetas_escalado_r12_v3/revision.csv,neutral,0,neutral,0,neutral,0,compatible,alta,,Compatible con N/relevancia0: transito procedimental: apertura de la exposicion del escenario interno.,revisado,753e19b8b6284340209737100366af96c02cc092978ecb7afb45e630177269b0,239,desarrollo_base_v3,si,supervision_oof_control_primario
RPM-2014-12-11:6547:1,ia_base_v2,etiquetas_escalado_r12.csv,data/etiquetas/etiquetas_escalado_r12.csv,data/auditoria/revision_etiquetas_escalado_r12_v3/revision.csv,neutral,1,neutral,1,neutral,1,compatible,alta,"su voto es por mantener la Tasa de Política Monetaria en 3,0% anual y el sesgo neutral del último Comunicado",Compatible con N: sin dirección respaldada. La unidad no adopta una dirección monetaria propia.,revisado,7501dc7b1d15c3dd4fa36ddedd2d96fedf7e29f61d439c746904d45c8ec8746e,640,desarrollo_base_v3,si,supervision_oof_control_primario
RPM-2015-01-15:6550:1,ia_base_v2,etiquetas_escalado_r12.csv,data/etiquetas/etiquetas_escalado_r12.csv,data/auditoria/revision_etiquetas_escalado_r12_v3/revision.csv,neutral,0,neutral,0,neutral,0,compatible,alta,,"Compatible con N/relevancia0: inicio de reunion, fijacion de fecha e invitacion a exponer (logistica).",revisado,3700ead7a71914a5b5104d38948a5fded27a9df31f32e530c6d8614521ceca4d,471,desarrollo_base_v3,si,supervision_oof_control_primario
RPM-2015-01-15:6585:1,ia_base_v2,etiquetas_escalado_r12.csv,data/etiquetas/etiquetas_escalado_r12.csv,data/auditoria/revision_etiquetas_escalado_r12_v3/revision.csv,neutral,1,neutral,1,neutral,1,compatible,alta,"la Gerencia de División Estudios propone como única opción relevante mantener la TPM en 3,00%",Compatible con N: sin dirección respaldada. La unidad no adopta una dirección monetaria propia.,revisado,66a98639fcc11dbfbdf49bbbfce6000dacc42f208c2337a04e62f1ad81c14b03,7534,desarrollo_base_v3,si,supervision_oof_control_primario
RPM-2015-01-15:6592:1,ia_base_v2,etiquetas_escalado_r12.csv,data/etiquetas/etiquetas_escalado_r12.csv,data/auditoria/revision_etiquetas_escalado_r12_v3/revision.csv,neutral,0,neutral,0,neutral,0,compatible,alta,,Compatible con N/relevancia0: agradecimiento y concesion de la palabra (logistica).,revisado,4fb393143c4e8830a2326f633ed4773c3191f80e3234026fa43ff6f3fe0346af,176,desarrollo_base_v3,si,supervision_oof_control_primario
RPM-2015-03-19:6671:1,ia_base_v2,etiquetas_escalado_r12.csv,data/etiquetas/etiquetas_escalado_r12.csv,data/auditoria/revision_etiquetas_escalado_r12_v3/revision.csv,neutral,1,neutral,1,neutral,1,compatible,alta,el ajuste que se está produciendo es el esperado y es relativamente moderado si se lo compara con episodios anteriores,Compatible con N: sin dirección respaldada. La unidad no adopta una dirección monetaria propia.,revisado,40f9450fa31aa79fd4a363284c84ce51c2457cceb56c27c6dd05a6715b267cca,207,desarrollo_base_v3,si,supervision_oof_control_primario
RPM-2015-04-16:6706:1,ia_base_v2,etiquetas_escalado_r12.csv,data/etiquetas/etiquetas_escalado_r12.csv,data/auditoria/revision_etiquetas_escalado_r12_v3/revision.csv,neutral,1,neutral,1,neutral,1,compatible,alta,"se manifestó muy pesimista respecto del precio del cobre, atendida la caída sostenida del consumo en China",Compatible con N: sin dirección respaldada. La unidad no adopta una dirección monetaria propia.,revisado,b0465928a22c60982e3f73385139f47dc12fb1aadd9eda3e74eb5718d0e6d88f,223,desarrollo_base_v3,si,supervision_oof_control_primario
RPM-2015-04-16:6741:3,ia_base_v2,etiquetas_escalado_r12.csv,data/etiquetas/etiquetas_escalado_r12.csv,data/auditoria/revision_etiquetas_escalado_r12_v3/revision.csv,neutral,0,neutral,0,neutral,0,compatible,alta,,Compatible con N/relevancia0: reanudacion de sesion e incorporacion de representante (logistica).,revisado,d45c28ac7b5c88005c4a6882d95dd93c93d378cb8a9fa59bc05eaa6b67122b88,188,desarrollo_base_v3,si,supervision_oof_control_primario
RPM-2015-05-14:6760:1,ia_base_v2,etiquetas_escalado_r12.csv,data/etiquetas/etiquetas_escalado_r12.csv,data/auditoria/revision_etiquetas_escalado_r12_v3/revision.csv,neutral,1,neutral,1,neutral,1,compatible,alta,solicita el envío de información sobre la evolución del tipo de cambio real en las economías latinoamericanas,Compatible con N: sin dirección respaldada. La unidad no adopta una dirección monetaria propia.,revisado,97c298b84eb2a8328e7ee059e3802b09623a773c19ca42735f0f2f2e310d4e5f,181,desarrollo_base_v3,si,supervision_oof_control_primario
RPM-2015-05-14:6762:1,ia_base_v2,etiquetas_escalado_r12.csv,data/etiquetas/etiquetas_escalado_r12.csv,data/auditoria/revision_etiquetas_escalado_r12_v3/revision.csv,neutral,0,neutral,0,neutral,0,compatible,alta,,Compatible con N/relevancia0: agradecimiento y concesion de la palabra (logistica).,revisado,a211423de79062ec28fd2231cf614aeda91993a6998ea52a6cfd9e6a10c79c29,153,desarrollo_base_v3,si,supervision_oof_control_primario
RPM-2015-05-14:6769:2,ia_base_v2,etiquetas_escalado_r12.csv,data/etiquetas/etiquetas_escalado_r12.csv,data/auditoria/revision_etiquetas_escalado_r12_v3/revision.csv,neutral,1,neutral,1,neutral,1,compatible,alta,se pondrán a disposición del público las series de actividad económica mensual desagregadas a nivel de veinticuatro sectores,Compatible con N: sin dirección respaldada. La unidad no adopta una dirección monetaria propia.,revisado,1f74e80150d6bbc0ee277b2a5a84dd30eb2034f32b12e2b110ddef712bd59b37,339,desarrollo_base_v3,si,supervision_oof_control_primario
RPM-2015-05-14:6772:1,ia_base_v2,etiquetas_escalado_r12.csv,data/etiquetas/etiquetas_escalado_r12.csv,data/auditoria/revision_etiquetas_escalado_r12_v3/revision.csv,neutral,1,neutral,1,neutral,1,compatible,alta,"anticipa que el IMACEC crecería en torno a 2,2% anual en los meses de abril y mayo",Compatible con N: sin dirección respaldada. La unidad no adopta una dirección monetaria propia.,revisado,fb3c2459a92ac84fab8e742f4feb52400ffa407f75b474f9a019d1536db265ab,1453,desarrollo_base_v3,si,supervision_oof_control_primario
RPM-2015-05-14:6773:1,ia_base_v2,etiquetas_escalado_r12.csv,data/etiquetas/etiquetas_escalado_r12.csv,data/auditoria/revision_etiquetas_escalado_r12_v3/revision.csv,neutral,1,neutral,1,neutral,1,compatible,alta,"su incidencia total sobre el IMACEC de marzo, incluyendo las mermas ocasionadas en minería, comercio y otros sectores, fue de entre 0,4 y 0,5 puntos porcentuales",Compatible con N: sin dirección respaldada. La unidad no adopta una dirección monetaria propia.,revisado,2cdb0879b881aa4ac26c3960bfe9d8382a973e4ecb88f25e6e7d49a268fe9c9e,356,desarrollo_base_v3,si,supervision_oof_control_primario
RPM-2015-05-14:6774:1,ia_base_v2,etiquetas_escalado_r12.csv,data/etiquetas/etiquetas_escalado_r12.csv,data/auditoria/revision_etiquetas_escalado_r12_v3/revision.csv,neutral,1,neutral,1,neutral,1,compatible,alta,"la tasa de desempleo se mantiene en 6,1%, en un contexto de baja creación de empleo",Compatible con N: sin dirección respaldada. La unidad no adopta una dirección monetaria propia.,revisado,d5b5147e49d7c1d8c32d10d14e346b9b5d055774f71f556da9416866ee5f10d5,370,desarrollo_base_v3,si,supervision_oof_control_primario
RPM-2015-05-14:6800:1,ia_base_v2,etiquetas_escalado_r12.csv,data/etiquetas/etiquetas_escalado_r12.csv,data/auditoria/revision_etiquetas_escalado_r12_v3/revision.csv,neutral,0,neutral,0,neutral,0,compatible,alta,,Compatible con N/relevancia0: agradecimiento y ofrecimiento de la palabra (logistica).,revisado,3bf3cb9ab481f48dc30c848b1ba27ffab8a65691666619e6fd5da0fc64c85cbf,141,desarrollo_base_v3,si,supervision_oof_control_primario
RPM-2015-06-11:6824:1,ia_base_v2,etiquetas_escalado_r12.csv,data/etiquetas/etiquetas_escalado_r12.csv,data/auditoria/revision_etiquetas_escalado_r12_v3/revision.csv,neutral,0,neutral,0,neutral,0,compatible,alta,,Compatible con N/relevancia0: agradecimiento y concesion de la palabra (logistica).,revisado,a211423de79062ec28fd2231cf614aeda91993a6998ea52a6cfd9e6a10c79c29,153,desarrollo_base_v3,si,supervision_oof_control_primario
RPM-2015-06-11:6839:2,ia_base_v2,etiquetas_escalado_r12.csv,data/etiquetas/etiquetas_escalado_r12.csv,data/auditoria/revision_etiquetas_escalado_r12_v3/revision.csv,neutral,1,neutral,1,neutral,1,compatible,alta,todos los indicadores de empleo exhiben algún grado de recuperación,Compatible con N: sin dirección respaldada. La unidad no adopta una dirección monetaria propia.,revisado,cb721374747e58b2fd45e97ceac1effef843a9f17ec5fa0355341f1f81d0308f,328,desarrollo_base_v3,si,supervision_oof_control_primario
RPM-2015-06-11:6854:1,ia_base_v2,etiquetas_escalado_r12.csv,data/etiquetas/etiquetas_escalado_r12.csv,data/auditoria/revision_etiquetas_escalado_r12_v3/revision.csv,neutral,1,dovish,1,neutral,1,cambio_etiqueta,alta,propone como única opción relevante mantener la TPM en 3% y el sesgo neutral,"Mantención con sesgo explícitamente neutral, sin dirección futura: caso N del codebook, no D.",revisado,72952d03bd61ce1407f1f3e03d2d91ff05de5b5c7b417c50c62401eeb36a4173,5361,desarrollo_base_v3,si,supervision_oof_control_primario
RPM-2015-07-14:6884:1,ia_base_v2,etiquetas_escalado_r12.csv,data/etiquetas/etiquetas_escalado_r12.csv,data/auditoria/revision_etiquetas_escalado_r12_v3/revision.csv,neutral,1,neutral,1,neutral,1,compatible,alta,habrían cesado las persistentes y evidentes correcciones a la baja registradas en meses anteriores,Compatible con N: sin dirección respaldada. La unidad no adopta una dirección monetaria propia.,revisado,ad22e0c32e5775247d0aaf66e3e4fdcfc817accbd43d627ce8745966741f0639,2533,desarrollo_base_v3,si,supervision_oof_control_primario
RPM-2015-07-14:6888:1,ia_base_v2,etiquetas_escalado_r12.csv,data/etiquetas/etiquetas_escalado_r12.csv,data/auditoria/revision_etiquetas_escalado_r12_v3/revision.csv,neutral,1,neutral,1,neutral,1,compatible,alta,tanto exportaciones como importaciones registrarán caídas anuales en términos de volumen,Compatible con N: sin dirección respaldada. La unidad no adopta una dirección monetaria propia.,revisado,2442b3da4728c59e6d53ff87f45c197f9855ec80a5444e05fd51c74dc3734374,582,desarrollo_base_v3,si,supervision_oof_control_primario
RPM-2015-07-14:6917:1,ia_base_v2,etiquetas_escalado_r12.csv,data/etiquetas/etiquetas_escalado_r12.csv,data/auditoria/revision_etiquetas_escalado_r12_v3/revision.csv,neutral,0,neutral,0,neutral,0,compatible,alta,,Compatible con N/relevancia0: aprobacion del comunicado y cierre de la sesion (logistica).,revisado,d2f590e68957cd49ac08b8352348227e65727904ef27169888295a6f6a927edb,83,desarrollo_base_v3,si,supervision_oof_control_primario
RPM-2015-08-13:6921:1,ia_base_v2,etiquetas_escalado_r12.csv,data/etiquetas/etiquetas_escalado_r12.csv,data/auditoria/revision_etiquetas_escalado_r12_v3/revision.csv,neutral,0,neutral,0,neutral,0,compatible,alta,,Compatible con N/relevancia0: agradecimiento y concesion de la palabra (logistica).,revisado,a211423de79062ec28fd2231cf614aeda91993a6998ea52a6cfd9e6a10c79c29,153,desarrollo_base_v3,si,supervision_oof_control_primario
RPM-2015-08-13:6925:1,ia_base_v2,etiquetas_escalado_r12.csv,data/etiquetas/etiquetas_escalado_r12.csv,data/auditoria/revision_etiquetas_escalado_r12_v3/revision.csv,neutral,1,neutral,1,neutral,1,compatible,alta,"los riesgos más importantes para Chile provienen de China, no así de Europa y Estados Unidos de América",Compatible con N: sin dirección respaldada. La unidad no adopta una dirección monetaria propia.,revisado,5d5d91597ebad55e7a78e9afaba40e2508096e84862d13bad45e1e382090aff3,1266,desarrollo_base_v3,si,supervision_oof_control_primario
RPM-2015-08-13:6937:1,ia_base_v2,etiquetas_escalado_r12.csv,data/etiquetas/etiquetas_escalado_r12.csv,data/auditoria/revision_etiquetas_escalado_r12_v3/revision.csv,neutral,1,neutral,1,neutral,1,compatible,alta,"llevando a anticipar un crecimiento del PIB de 2,1% para este año, menor que el 2,7% proyectado en dicho Informe",Compatible con N: sin dirección respaldada. La unidad no adopta una dirección monetaria propia.,revisado,6f583925619c38148b8a3b727834cbbede9ce7bda0d389d9e4a68173a7d01d5b,1860,desarrollo_base_v3,si,supervision_oof_control_primario
RPM-2015-08-13:6965:1,ia_base_v2,etiquetas_escalado_r12.csv,data/etiquetas/etiquetas_escalado_r12.csv,data/auditoria/revision_etiquetas_escalado_r12_v3/revision.csv,neutral,1,dovish,1,dovish,1,compatible,media,"la opción de subir la tasa es confusa y se justificaría únicamente en un contexto de desanclaje, que hoy no está presente",Compatible con dovish: dirección respaldada en la unidad. No depende solo del menú o fase.,revisado,2fe2fed24135c473b3990d273f09b85df7497564ef923843c96f584dc6de2576,2831,desarrollo_base_v3,si,supervision_oof_control_primario
RPM-2015-09-15:6990:1,ia_base_v2,etiquetas_escalado_r12.csv,data/etiquetas/etiquetas_escalado_r12.csv,data/auditoria/revision_etiquetas_escalado_r12_v3/revision.csv,neutral,1,neutral,1,neutral,1,compatible,alta,la venta de papeles de Estados Unidos de América por parte de China ha sido identificada por los analistas como uno de los factores,Compatible con N: sin dirección respaldada. La unidad no adopta una dirección monetaria propia.,revisado,ef6d3aa5b275d0cfcc56b7049f63b411a6d655d91cbba03ee7005e7b5a92cb08,258,desarrollo_base_v3,si,supervision_oof_control_primario
RPM-2015-09-15:6996:1,ia_base_v2,etiquetas_escalado_r12.csv,data/etiquetas/etiquetas_escalado_r12.csv,data/auditoria/revision_etiquetas_escalado_r12_v3/revision.csv,neutral,1,neutral,1,neutral,1,compatible,alta,"cuando el nivel de inventarios ha sido excesivo, la única forma de ajuste ha sido la de llevar el precio a su costo marginal",Compatible con N: sin dirección respaldada. La unidad no adopta una dirección monetaria propia.,revisado,906303727794b312daaa462b8233266a5bebab63444ece421e79be5f10870d51,411,desarrollo_base_v3,si,supervision_oof_control_primario
RPM-2015-09-15:7003:2,ia_base_v2,etiquetas_escalado_r12.csv,data/etiquetas/etiquetas_escalado_r12.csv,data/auditoria/revision_etiquetas_escalado_r12_v3/revision.csv,neutral,0,neutral,0,neutral,0,compatible,alta,,Compatible con N/relevancia0: transito procedimental: apertura de la exposicion del escenario interno.,revisado,c2310c55a86185916d80a8f5f84c124233be671fedb942a1a884362eaa8d2e85,170,desarrollo_base_v3,si,supervision_oof_control_primario
RPM-2015-09-15:7015:1,ia_base_v2,etiquetas_escalado_r12.csv,data/etiquetas/etiquetas_escalado_r12.csv,data/auditoria/revision_etiquetas_escalado_r12_v3/revision.csv,neutral,1,neutral,1,neutral,1,compatible,alta,"dan cuenta de una percepción negativa sobre el empleo futuro, lo que históricamente ha tenido una correlación estadística con la evolución del empleo asalariado",Compatible con N: sin dirección respaldada. La unidad no adopta una dirección monetaria propia.,revisado,c1156a824a13034b7088222f14e37f2bc5a368a7fd70bbb650d4ad113faa578e,640,desarrollo_base_v3,si,supervision_oof_control_primario
RPM-2015-09-15:7021:1,ia_base_v2,etiquetas_escalado_r12.csv,data/etiquetas/etiquetas_escalado_r12.csv,data/auditoria/revision_etiquetas_escalado_r12_v3/revision.csv,neutral,1,neutral,1,neutral,1,compatible,alta,"el crecimiento del consumo privado está por debajo del aumento de los ingresos laborales, lo que es coherente con expectativas más pesimistas de los consumidores",Compatible con N: sin dirección respaldada. La unidad no adopta una dirección monetaria propia.,revisado,7ff74e512770584899d401d107a6fb4112594a2d2c8bce0417d5861cb44bf17a,783,desarrollo_base_v3,si,supervision_oof_control_primario
RPM-2015-10-15:7063:2,ia_base_v2,etiquetas_escalado_r12.csv,data/etiquetas/etiquetas_escalado_r12.csv,data/auditoria/revision_etiquetas_escalado_r12_v3/revision.csv,neutral,1,neutral,1,neutral,1,compatible,alta,"el nivel de las tasas de largo plazo no se relaciona con la evolución del precio del petróleo, sino que con la evolución de la economía china",Compatible con N: sin dirección respaldada. La unidad no adopta una dirección monetaria propia.,revisado,054c7f83346436106ad49a4bb4b339da6f938a72f7279bd87341e8f958122f43,306,desarrollo_base_v3,si,supervision_oof_control_primario
RPM-2015-10-15:7080:1,ia_base_v2,etiquetas_escalado_r12.csv,data/etiquetas/etiquetas_escalado_r12.csv,data/auditoria/revision_etiquetas_escalado_r12_v3/revision.csv,neutral,1,neutral,1,neutral,1,compatible,alta,la estabilización del tipo de cambio será el elemento principal en la desinflación,Compatible con N: sin dirección respaldada. La unidad no adopta una dirección monetaria propia.,revisado,1632d59fe4f3bf9ae19171430b49c71796ddd69e09d0d0cbe172124e1e547d13,1317,desarrollo_base_v3,si,supervision_oof_control_primario
RPM-2015-10-15:7097:2,ia_base_v2,etiquetas_escalado_r12.csv,data/etiquetas/etiquetas_escalado_r12.csv,data/auditoria/revision_etiquetas_escalado_r12_v3/revision.csv,neutral,0,neutral,0,neutral,0,compatible,alta,,Compatible con N/relevancia0: reanudacion de sesion e incorporacion de autoridad (logistica).,revisado,88301ffd107851b8c199a0610e61930442751fc4ef430859664112b58e4894f5,145,desarrollo_base_v3,si,supervision_oof_control_primario
RPM-2015-10-15:7103:1,ia_base_v2,etiquetas_escalado_r12.csv,data/etiquetas/etiquetas_escalado_r12.csv,data/auditoria/revision_etiquetas_escalado_r12_v3/revision.csv,neutral,0,neutral,0,neutral,0,compatible,alta,,Compatible con N/relevancia0: agradecimiento y transito a la votacion (logistica).,revisado,234c36e5a13d7d4159647ea0558711ecfef7501cc6706a9b905610272eb653ae,289,desarrollo_base_v3,si,supervision_oof_control_primario
RPM-2015-10-15:7110:1,ia_base_v2,etiquetas_escalado_r12.csv,data/etiquetas/etiquetas_escalado_r12.csv,data/auditoria/revision_etiquetas_escalado_r12_v3/revision.csv,hawkish,1,hawkish,1,hawkish,1,compatible,alta,"acordó aumentar la tasa de interés de política monetaria en 25 puntos base, hasta 3,25%",Compatible con hawkish: dirección respaldada en la unidad. No depende solo del menú o fase.,revisado,8568f3981f9225bb1c542005746b270128390e92421fae5b27c812c1ca5c8df8,2130,desarrollo_base_v3,si,supervision_oof_control_primario
RPM-2015-11-12:7131:1,ia_base_v2,etiquetas_escalado_r12.csv,data/etiquetas/etiquetas_escalado_r12.csv,data/auditoria/revision_etiquetas_escalado_r12_v3/revision.csv,neutral,1,neutral,1,neutral,1,compatible,alta,se suma a lo expresado por el Consejero señor Joaquín Vial en cuanto a la necesidad de ir afinando aquellas medidas que son demasiado volátiles,Compatible con N: sin dirección respaldada. La unidad no adopta una dirección monetaria propia.,revisado,33eb95f2974927ab38fa91fc8f0eccaecf7b5374e1df583c07885d2e556ab89d,389,desarrollo_base_v3,si,supervision_oof_control_primario
RPM-2015-11-12:7145:1,ia_base_v2,etiquetas_escalado_r12.csv,data/etiquetas/etiquetas_escalado_r12.csv,data/auditoria/revision_etiquetas_escalado_r12_v3/revision.csv,neutral,1,neutral,1,neutral,1,compatible,alta,los riesgos respecto de las proyecciones internas siguen siendo más a la baja que al alza,Compatible con N: sin dirección respaldada. La unidad no adopta una dirección monetaria propia.,revisado,06715ae03f9a1f07252a5be40d089ae0025e5e64a443ed4fa35dedfc56570faa,501,desarrollo_base_v3,si,supervision_oof_control_primario
RPM-2015-12-17:7162:1,ia_base_v2,etiquetas_escalado_r12.csv,data/etiquetas/etiquetas_escalado_r12.csv,data/auditoria/revision_etiquetas_escalado_r12_v3/revision.csv,neutral,1,neutral,1,neutral,1,compatible,alta,consulta por las causas detrás del ajuste tan menor en la proyección de inflación de la Reserva Federal para el año 2016,Compatible con N: sin dirección respaldada. La unidad no adopta una dirección monetaria propia.,revisado,fe725d6da285a4aa99da7658068271725f8f3fb04b7e70ad0343f0d987de5f59,269,desarrollo_base_v3,si,supervision_oof_control_primario
RPM-2015-12-17:7169:1,ia_base_v2,etiquetas_escalado_r12.csv,data/etiquetas/etiquetas_escalado_r12.csv,data/auditoria/revision_etiquetas_escalado_r12_v3/revision.csv,neutral,1,neutral,1,neutral,1,compatible,alta,"la estimación del precio promedio del próximo año supone un 40% de aumento respecto del nivel actual, lo que no considera una proyección conservadora",Compatible con N: sin dirección respaldada. La unidad no adopta una dirección monetaria propia.,revisado,e1c6b92363a6f134bcdf6e9391cc2fec53f12559ba1c80dde35660f9be495ac5,197,desarrollo_base_v3,si,supervision_oof_control_primario
RPM-2015-12-17:7175:1,ia_base_v2,etiquetas_escalado_r12.csv,data/etiquetas/etiquetas_escalado_r12.csv,data/auditoria/revision_etiquetas_escalado_r12_v3/revision.csv,neutral,1,neutral,1,neutral,1,compatible,alta,dichos elementos tampoco le parecen suficientes para explicar la magnitud de la recesión de esa economía,Compatible con N: sin dirección respaldada. La unidad no adopta una dirección monetaria propia.,revisado,33f4f53758345d8d0738ff8ff7a4432df1ad25df0ed0752d5e564e47e0588d32,776,desarrollo_base_v3,si,supervision_oof_control_primario
RPM-2015-12-17:7192:1,ia_base_v2,etiquetas_escalado_r12.csv,data/etiquetas/etiquetas_escalado_r12.csv,data/auditoria/revision_etiquetas_escalado_r12_v3/revision.csv,neutral,1,neutral,1,neutral,1,compatible,alta,"estos datos se incorporan en el cálculo del indicador sintético, que corresponde al dato oficial",Compatible con N: sin dirección respaldada. La unidad no adopta una dirección monetaria propia.,revisado,3e4dd2ef5cf0bba8edcb495f87588049b67f6e55684f326b7a0a6ffe9abb30c1,133,desarrollo_base_v3,si,supervision_oof_control_primario
RPM-2015-12-17:7194:2,ia_base_v2,etiquetas_escalado_r12.csv,data/etiquetas/etiquetas_escalado_r12.csv,data/auditoria/revision_etiquetas_escalado_r12_v3/revision.csv,neutral,1,neutral,1,neutral,1,compatible,alta,el Banco Central estaría sobreestimando el crecimiento de esa industria,Compatible con N: sin dirección respaldada. La unidad no adopta una dirección monetaria propia.,revisado,ae4f89f32505dc74cbbbe3254e2781014235ecde8e478a3304a383a44efa3e33,409,desarrollo_base_v3,si,supervision_oof_control_primario
RPM-2015-12-17:7211:2,ia_base_v2,etiquetas_escalado_r12.csv,data/etiquetas/etiquetas_escalado_r12.csv,data/auditoria/revision_etiquetas_escalado_r12_v3/revision.csv,dovish,1,dovish,1,dovish,1,compatible,alta,sugieren que la política monetaria tiene amplio espacio para mantenerse acomodativa,Compatible con dovish: dirección respaldada en la unidad. No depende solo del menú o fase.,revisado,12af77c1df2855ac3bb4976e4ad1ef54b5b39dc7e2bd9c1d56ac5cc02acdf309,3565,desarrollo_base_v3,si,supervision_oof_control_primario
RPM-2015-12-17:7212:1,ia_base_v2,etiquetas_escalado_r12.csv,data/etiquetas/etiquetas_escalado_r12.csv,data/auditoria/revision_etiquetas_escalado_r12_v3/revision.csv,hawkish,1,hawkish,1,hawkish,1,compatible,alta,"su voto es por aumentar la TPM en 25 puntos base, a 3,5%",Compatible con hawkish: dirección respaldada en la unidad. No depende solo del menú o fase.,revisado,610009da5e0beec504efad779d6541f625a5f68cc684ec30742d2517eb3c4a48,4178,desarrollo_base_v3,si,supervision_oof_control_primario
RPM-2005-10-11:437:1,ia_base_v2,etiquetas_escalado_r13.csv,data/etiquetas/etiquetas_escalado_r13.csv,data/auditoria/revision_etiquetas_escalado_r13_v3/revision.csv,neutral,0,neutral,0,neutral,0,compatible,alta,,Compatible con N/relevancia0: reanudacion de sesion (logistica).,revisado,eba4eebd791d15468152bcd904ab56afec3f0a87df3a9c4e2ce9093114e201b5,73,desarrollo_base_v3,si,supervision_oof_control_primario
RPM-2006-01-12:567:1,ia_base_v2,etiquetas_escalado_r13.csv,data/etiquetas/etiquetas_escalado_r13.csv,data/auditoria/revision_etiquetas_escalado_r13_v3/revision.csv,neutral,1,neutral,1,neutral,1,compatible,alta,"si uno analiza las decisiones previas, éstas aparezcan como inconsistentes, pero había buenas razones para proceder como se hizo",Compatible con N: sin dirección respaldada. La unidad no adopta una dirección monetaria propia.,revisado,cf602af3f318b98398b3982bacca859c0288e85576d6f07d1f143a6d5eaceab5,961,desarrollo_base_v3,si,supervision_oof_control_primario
RPM-2006-03-16:625:1,ia_base_v2,etiquetas_escalado_r13.csv,data/etiquetas/etiquetas_escalado_r13.csv,data/auditoria/revision_etiquetas_escalado_r13_v3/revision.csv,hawkish,1,hawkish,1,hawkish,1,compatible,media,reafirma que incrementos futuros de la tasa de interés siguen siendo necesarios,Compatible con hawkish: dirección respaldada en la unidad. No depende solo del menú o fase.,revisado,13b9d4e0cc8c77f5aff9781285dbdd304d2489900068a2d9ba1dc266602c2b5e,2132,desarrollo_base_v3,si,supervision_oof_control_primario
RPM-2006-04-13:630:1,ia_base_v2,etiquetas_escalado_r13.csv,data/etiquetas/etiquetas_escalado_r13.csv,data/auditoria/revision_etiquetas_escalado_r13_v3/revision.csv,neutral,1,neutral,1,neutral,1,compatible,alta,las tendencias de los componentes de la demanda interna retornan a un escenario de desaceleración más parecido al delineado en el IPoM de enero,Compatible con N: sin dirección respaldada. La unidad no adopta una dirección monetaria propia.,revisado,6b544b52db99dc585dfef26cc39888d7db8c0e48fba6c0afa6592be43f137fe1,6308,desarrollo_base_v3,si,supervision_oof_control_primario
RPM-2007-03-15:1105:1,ia_base_v2,etiquetas_escalado_r13.csv,data/etiquetas/etiquetas_escalado_r13.csv,data/auditoria/revision_etiquetas_escalado_r13_v3/revision.csv,neutral,0,neutral,0,neutral,0,compatible,alta,,Compatible con N/relevancia0: comunicacion administrativa: cambio de orden del dia.,revisado,e8cc8b33841fb3ccc75c1eb8b6e4409a677ee85c73aade5ae91f414dbcd5564f,744,desarrollo_base_v3,si,supervision_oof_control_primario
RPM-2007-03-15:1156:1,ia_base_v2,etiquetas_escalado_r13.csv,data/etiquetas/etiquetas_escalado_r13.csv,data/auditoria/revision_etiquetas_escalado_r13_v3/revision.csv,neutral,0,neutral,0,neutral,0,compatible,alta,,Compatible con N/relevancia0: transito procedimental: ofrecimiento de la palabra.,revisado,f5fe29c0fdc559632b0d6e758bae5cd9658bf4b230891615323d7d239cbc3000,88,desarrollo_base_v3,si,supervision_oof_control_primario
RPM-2007-11-13:1525:1,ia_base_v2,etiquetas_escalado_r13.csv,data/etiquetas/etiquetas_escalado_r13.csv,data/auditoria/revision_etiquetas_escalado_r13_v3/revision.csv,neutral,1,neutral,1,neutral,1,compatible,alta,se refuerzan las expectativas de una desaceleración en el crecimiento mundial,Compatible con N: sin dirección respaldada. La unidad no adopta una dirección monetaria propia.,revisado,158353739695b59793a9d189a97c3c14a708da2de8298098a2fb194681976a20,12514,desarrollo_base_v3,si,supervision_oof_control_primario
RPM-2007-11-13:1566:1,ia_base_v2,etiquetas_escalado_r13.csv,data/etiquetas/etiquetas_escalado_r13.csv,data/auditoria/revision_etiquetas_escalado_r13_v3/revision.csv,dovish,1,dovish,1,neutral,1,cambio_etiqueta,alta,su voto es por mantener la Tasa de Política Monetaria en su nivel actual,"Balancea argumentos para subir y mantener, y resuelve mantener sin sesgo ni trayectoria futura propia: N, no D.",revisado,8553b1b44d1f39b2c54dffac063c9b42ea5a9532bd7d1da0b7899b4ed0bec899,3683,desarrollo_base_v3,si,supervision_oof_control_primario
RPM-2008-06-10:1879:1,ia_base_v2,etiquetas_escalado_r13.csv,data/etiquetas/etiquetas_escalado_r13.csv,data/auditoria/revision_etiquetas_escalado_r13_v3/revision.csv,neutral,1,neutral,1,neutral,1,compatible,alta,los períodos de fuerte crecimiento de la oferta de trabajo corresponden a aquéllos en que las familias necesitan más ingresos,Compatible con N: sin dirección respaldada. La unidad no adopta una dirección monetaria propia.,revisado,7f4124f35c91a777f5c8729e8bbb7f1a0c1a879849627b3b705dfc43406c036a,235,desarrollo_base_v3,si,supervision_oof_control_primario
RPM-2008-07-10:1975:1,ia_base_v2,etiquetas_escalado_r13.csv,data/etiquetas/etiquetas_escalado_r13.csv,data/auditoria/revision_etiquetas_escalado_r13_v3/revision.csv,neutral,1,neutral,1,neutral,1,compatible,alta,"consulta al Consejero señor Sebastián Claro si se suma a la votación de la mayoría de los Consejeros, en cuanto a subir la Tasa de Política Monetaria en 50 puntos base",Compatible con N: transito procedimental con constancia de la direccion mayoritaria. La unidad no adopta una dirección monetaria propia.,revisado,157cb71f2ee1c77fea302a643d0e71656f5bbc2c2693bc666e669e6704dd1560,205,desarrollo_base_v3,si,supervision_oof_control_primario
RPM-2008-08-14:1994:4,ia_base_v2,etiquetas_escalado_r13.csv,data/etiquetas/etiquetas_escalado_r13.csv,data/auditoria/revision_etiquetas_escalado_r13_v3/revision.csv,neutral,1,neutral,1,neutral,1,compatible,alta,un elemento que caracteriza a Estados Unidos de América es una amplia incertidumbre respecto a qué va a ocurrir el próximo año en ese país,Compatible con N: sin dirección respaldada. La unidad no adopta una dirección monetaria propia.,revisado,b945811c8466cbc3ff91706987951cd81e7adb09925bc4a7868aeac03cc4d043,1524,desarrollo_base_v3,si,supervision_oof_control_primario
RPM-2008-10-09:2105:2,ia_base_v2,etiquetas_escalado_r13.csv,data/etiquetas/etiquetas_escalado_r13.csv,data/auditoria/revision_etiquetas_escalado_r13_v3/revision.csv,neutral,1,neutral,1,neutral,1,compatible,alta,el panorama de liquidez se observa también a plazos mayores en las economías desarrolladas,Compatible con N: sin dirección respaldada. La unidad no adopta una dirección monetaria propia.,revisado,ef09842a2fdb866dcfc0c460eb0f8222956e4efe39e2738985c9ab1a1e912ab4,1947,desarrollo_base_v3,si,supervision_oof_control_primario
RPM-2009-03-12:2388:1,ia_base_v2,etiquetas_escalado_r13.csv,data/etiquetas/etiquetas_escalado_r13.csv,data/auditoria/revision_etiquetas_escalado_r13_v3/revision.csv,neutral,1,neutral,1,neutral,1,compatible,alta,consulta si acaso el año 2009 se observan caídas como las que estaban proyectando,Compatible con N: sin dirección respaldada. La unidad no adopta una dirección monetaria propia.,revisado,5b6b70e8a3ee7f1fd6e89450dc97f7bbb26e1c2066a90c17ac0bbfe1b429cec1,119,desarrollo_base_v3,si,supervision_oof_control_primario
RPM-2009-07-09:2629:3,ia_base_v2,etiquetas_escalado_r13.csv,data/etiquetas/etiquetas_escalado_r13.csv,data/auditoria/revision_etiquetas_escalado_r13_v3/revision.csv,neutral,1,neutral,1,neutral,1,compatible,alta,"la fuerte caída que tuvo la tasa de los BCU-5, que la ha llevado a niveles menores que 2% real en febrero de este año",Compatible con N: sin dirección respaldada. La unidad no adopta una dirección monetaria propia.,revisado,d0d80e51ef691344eafd439e6479e1b0d87e1f67f411a2644e871d69544e4700,1885,desarrollo_base_v3,si,supervision_oof_control_primario
RPM-2009-08-13:2674:5,ia_base_v2,etiquetas_escalado_r13.csv,data/etiquetas/etiquetas_escalado_r13.csv,data/auditoria/revision_etiquetas_escalado_r13_v3/revision.csv,neutral,1,neutral,1,neutral,1,compatible,alta,pregunta si ello significa que una caída implica una desbancarización,Compatible con N: sin dirección respaldada. La unidad no adopta una dirección monetaria propia.,revisado,bf20cb36e57129b4f99860b8132ee38881cd737bfc0792863b9e7322c5d0f2dc,237,desarrollo_base_v3,si,supervision_oof_control_primario
RPM-2009-08-13:2680:3,ia_base_v2,etiquetas_escalado_r13.csv,data/etiquetas/etiquetas_escalado_r13.csv,data/auditoria/revision_etiquetas_escalado_r13_v3/revision.csv,neutral,0,neutral,0,neutral,0,compatible,alta,,Compatible con N/relevancia0: transito procedimental: apertura de la presentacion de opciones.,revisado,ea4888ab4b6b281b2e57fab74d0ec8f5046344e4170cb74b5cfea40d22a8e6e1,164,desarrollo_base_v3,si,supervision_oof_control_primario
RPM-2009-10-13:2757:2,ia_base_v2,etiquetas_escalado_r13.csv,data/etiquetas/etiquetas_escalado_r13.csv,data/auditoria/revision_etiquetas_escalado_r13_v3/revision.csv,dovish,1,dovish,1,dovish,1,compatible,alta,"resulta de particular importancia enfatizar el mensaje de mantención prolongada de la actual tasa de política monetaria, la que ha sido complementada con medidas de política monetaria no convencionales",Compatible con dovish: dirección respaldada en la unidad. No depende solo del menú o fase.,revisado,927617b9d6c2a7cc16af1b027b2f498ce0c5f2768080ed57f2a14d513776a172,2216,desarrollo_base_v3,si,supervision_oof_control_primario
RPM-2009-12-15:2828:1,ia_base_v2,etiquetas_escalado_r13.csv,data/etiquetas/etiquetas_escalado_r13.csv,data/auditoria/revision_etiquetas_escalado_r13_v3/revision.csv,neutral,1,neutral,1,neutral,1,compatible,alta,"propone pensar en una posición para el futuro, ya que le parece que este es el momento para hacerlo",Compatible con N: sin dirección respaldada. La unidad no adopta una dirección monetaria propia.,revisado,75ad7d16fe0a8bb5aac36aa03f34732bf06f468ed67c56148fead37136be2fb9,656,desarrollo_base_v3,si,supervision_oof_control_primario
RPM-2010-02-11:2915:4,ia_base_v2,etiquetas_escalado_r13.csv,data/etiquetas/etiquetas_escalado_r13.csv,data/auditoria/revision_etiquetas_escalado_r13_v3/revision.csv,neutral,1,neutral,1,neutral,1,compatible,alta,"el IPC en promedio del índice es muy parecido, es decir que el del mes de diciembre es similar en base 2009 promedio igual 100 que en base diciembre 2008 igual 100",Compatible con N: sin dirección respaldada. La unidad no adopta una dirección monetaria propia.,revisado,213df119eb44174cfc4ef49eb75bfc4bdb94d65bfa53bb103376f72830b3f2e5,1520,desarrollo_base_v3,si,supervision_oof_control_primario
RPM-2010-05-13:3095:1,ia_base_v2,etiquetas_escalado_r13.csv,data/etiquetas/etiquetas_escalado_r13.csv,data/auditoria/revision_etiquetas_escalado_r13_v3/revision.csv,neutral,1,neutral,1,neutral,1,compatible,alta,se debería fundamentalmente a una base de comparación muy baja y las habría llevado a un nivel que no supera al registrado en el año 2008,Compatible con N: sin dirección respaldada. La unidad no adopta una dirección monetaria propia.,revisado,adea13c1311ab261d8ad2ac80027a344f85a00d39705eb859254a7b4d04c73b6,220,desarrollo_base_v3,si,supervision_oof_control_primario
RPM-2010-09-16:3345:1,ia_base_v2,etiquetas_escalado_r13.csv,data/etiquetas/etiquetas_escalado_r13.csv,data/auditoria/revision_etiquetas_escalado_r13_v3/revision.csv,neutral,0,neutral,0,neutral,0,compatible,alta,,Compatible con N/relevancia0: encabezado de acta: lista de asistentes y fecha.,revisado,f967755cc82afda1f14c793c0db560dc4f17ea6dbc6ea17b5c9be63b75f5460f,1570,desarrollo_base_v3,si,supervision_oof_control_primario
RPM-2010-11-16:3556:1,ia_base_v2,etiquetas_escalado_r13.csv,data/etiquetas/etiquetas_escalado_r13.csv,data/auditoria/revision_etiquetas_escalado_r13_v3/revision.csv,neutral,1,neutral,1,neutral,1,compatible,alta,la noticia más importante para esta Reunión es el alza relevante del empleo asalariado,Compatible con N: sin dirección respaldada. La unidad no adopta una dirección monetaria propia.,revisado,c02b24c8d67f5f51f5177c363a266acfded03059eab5504e7d6f220b25a67fcb,2981,desarrollo_base_v3,si,supervision_oof_control_primario
RPM-2011-01-13:3717:1,ia_base_v2,etiquetas_escalado_r13.csv,data/etiquetas/etiquetas_escalado_r13.csv,data/auditoria/revision_etiquetas_escalado_r13_v3/revision.csv,neutral,0,neutral,0,neutral,0,compatible,alta,,Compatible con N/relevancia0: aprobacion del comunicado y cierre de la sesion (logistica).,revisado,007fc34525eb5d746fa048b8da99a185f0e8569bf6671d09d98f8dadcd6f700f,83,desarrollo_base_v3,si,supervision_oof_control_primario
RPM-2011-02-17:3784:1,ia_base_v2,etiquetas_escalado_r13.csv,data/etiquetas/etiquetas_escalado_r13.csv,data/auditoria/revision_etiquetas_escalado_r13_v3/revision.csv,neutral,1,neutral,1,neutral,1,compatible,alta,no se contemplan alzas adicionales en el horizonte de corto plazo,Compatible con N: sin dirección respaldada. La unidad no adopta una dirección monetaria propia.,revisado,2460b91e34fd47f31a97f873f1eccea436d14b8283a7a67531b51d9f485995de,1131,desarrollo_base_v3,si,supervision_oof_control_primario
RPM-2011-02-17:3808:1,ia_base_v2,etiquetas_escalado_r13.csv,data/etiquetas/etiquetas_escalado_r13.csv,data/auditoria/revision_etiquetas_escalado_r13_v3/revision.csv,hawkish,1,hawkish,1,hawkish,1,compatible,alta,"su voto, en esta oportunidad, es por elevar la TPM en 25 puntos base para llevarla a 3,5%",Compatible con hawkish: dirección respaldada en la unidad. No depende solo del menú o fase.,revisado,6b1425f9115b907753e6ea54145ee3cb77a1402a0ce81b7a7bfe0f8575cd1583,3547,desarrollo_base_v3,si,supervision_oof_control_primario
RPM-2011-02-17:3813:1,ia_base_v2,etiquetas_escalado_r13.csv,data/etiquetas/etiquetas_escalado_r13.csv,data/auditoria/revision_etiquetas_escalado_r13_v3/revision.csv,hawkish,1,hawkish,1,hawkish,1,compatible,alta,su voto es por elevar la TPM en 25 puntos base en esta oportunidad,Compatible con hawkish: dirección respaldada en la unidad. No depende solo del menú o fase.,revisado,54bea0875e3eca1ad6f95830c2e5df39b7cf0bdbf19f467625e99b873490fc72,1131,desarrollo_base_v3,si,supervision_oof_control_primario
RPM-2011-03-17:3833:1,ia_base_v2,etiquetas_escalado_r13.csv,data/etiquetas/etiquetas_escalado_r13.csv,data/auditoria/revision_etiquetas_escalado_r13_v3/revision.csv,neutral,1,neutral,1,neutral,1,compatible,alta,los mercados monetarios muestran tasas muy comprimidas y el financiamiento a largo plazo sugiere una sustitución importante por uno de corto plazo,Compatible con N: sin dirección respaldada. La unidad no adopta una dirección monetaria propia.,revisado,e8e3c5dd00c91b24fb0389df07cae1d3af4674fda83dfe9b9c9ec7dfec49f849,755,desarrollo_base_v3,si,supervision_oof_control_primario
RPM-2011-05-12:4020:1,ia_base_v2,etiquetas_escalado_r13.csv,data/etiquetas/etiquetas_escalado_r13.csv,data/auditoria/revision_etiquetas_escalado_r13_v3/revision.csv,neutral,1,neutral,1,neutral,1,compatible,alta,"la tasa de desempleo sigue baja, por debajo de las estimaciones de lo que podría ser la NAIRU",Compatible con N: sin dirección respaldada. La unidad no adopta una dirección monetaria propia.,revisado,2a4a8de4d00eddf1fc724ffb38781c597a37a7a5fa2bc6224b3e9d7d6d4adb74,593,desarrollo_base_v3,si,supervision_oof_control_primario
RPM-2011-05-12:4032:1,ia_base_v2,etiquetas_escalado_r13.csv,data/etiquetas/etiquetas_escalado_r13.csv,data/auditoria/revision_etiquetas_escalado_r13_v3/revision.csv,neutral,1,neutral,1,neutral,1,compatible,alta,"llevando a corregir el IPC a septiembre en aproximadamente seis décimas, esto es, desde un 4,7% a un 4,1% anual",Compatible con N: sin dirección respaldada. La unidad no adopta una dirección monetaria propia.,revisado,abbf311d7069d000f9727b5aea6be97a73da5d1a3a6c127067c1e427d1f65489,854,desarrollo_base_v3,si,supervision_oof_control_primario
RPM-2011-06-14:4110:1,ia_base_v2,etiquetas_escalado_r13.csv,data/etiquetas/etiquetas_escalado_r13.csv,data/auditoria/revision_etiquetas_escalado_r13_v3/revision.csv,hawkish,1,hawkish,1,hawkish,1,compatible,alta,"se inclina en esta oportunidad por subir la TPM en 25 puntos base, hasta 5,25%",Compatible con hawkish: dirección respaldada en la unidad. No depende solo del menú o fase.,revisado,770b57e5c1fd7e39e7fa87debc49f49a9050259a1c04a34c3a6d23a1f2ec7a54,3695,desarrollo_base_v3,si,supervision_oof_control_primario
RPM-2011-06-14:4118:1,ia_base_v2,etiquetas_escalado_r13.csv,data/etiquetas/etiquetas_escalado_r13.csv,data/auditoria/revision_etiquetas_escalado_r13_v3/revision.csv,hawkish,1,hawkish,1,hawkish,1,compatible,alta,"acordó aumentar la tasa de interés de política monetaria en 25 puntos base, hasta 5,25% anual",Compatible con hawkish: dirección respaldada en la unidad. No depende solo del menú o fase.,revisado,3207a5ad2589a4c2bedfaaeb2a0d2359b9aae05a9d066246ad5083fc519fa69b,1828,desarrollo_base_v3,si,supervision_oof_control_primario
RPM-2011-08-18:4252:2,ia_base_v2,etiquetas_escalado_r13.csv,data/etiquetas/etiquetas_escalado_r13.csv,data/auditoria/revision_etiquetas_escalado_r13_v3/revision.csv,neutral,1,neutral,1,neutral,1,compatible,alta,"las nulas capacidades que los gobiernos europeos, específicamente el alemán y el francés, han demostrado políticamente para ponerse de acuerdo",Compatible con N: sin dirección respaldada. La unidad no adopta una dirección monetaria propia.,revisado,486980e4e351a074026976caef7b9377f2f08c73c9401ae43cdba65b35809378,225,desarrollo_base_v3,si,supervision_oof_control_primario
RPM-2011-08-18:4280:1,ia_base_v2,etiquetas_escalado_r13.csv,data/etiquetas/etiquetas_escalado_r13.csv,data/auditoria/revision_etiquetas_escalado_r13_v3/revision.csv,dovish,1,neutral,1,neutral,1,compatible,alta,"acordó mantener la tasa de interés de política monetaria en 5,25% anual",Compatible con N: sin dirección respaldada. La unidad no adopta una dirección monetaria propia.,revisado,52aaf99f0d4134abb6df0897725b8a119bb85ff2d1d3fcde7c610152e24b022d,2074,desarrollo_base_v3,si,supervision_oof_control_primario
RPM-2011-09-15:4319:1,ia_base_v2,etiquetas_escalado_r13.csv,data/etiquetas/etiquetas_escalado_r13.csv,data/auditoria/revision_etiquetas_escalado_r13_v3/revision.csv,neutral,1,neutral,1,neutral,1,compatible,alta,el abanico de escenarios está muy abierto en todo el mundo,Compatible con N: sin dirección respaldada. La unidad no adopta una dirección monetaria propia.,revisado,c3944a88687fd7342a9937e588c1471700460b696cd9cbe87afcdf992a976b51,735,desarrollo_base_v3,si,supervision_oof_control_primario
RPM-2012-02-14:4633:1,ia_base_v2,etiquetas_escalado_r13.csv,data/etiquetas/etiquetas_escalado_r13.csv,data/auditoria/revision_etiquetas_escalado_r13_v3/revision.csv,neutral,1,neutral,1,neutral,1,compatible,alta,"el mercado espera una inflación de 3,8% en doce meses para el mes de mayo próximo",Compatible con N: sin dirección respaldada. La unidad no adopta una dirección monetaria propia.,revisado,26355cfd84352d2637697301346c6415ce377396f1a16c27bb3bc188cdbefeb1,380,desarrollo_base_v3,si,supervision_oof_control_primario
RPM-2012-05-17:4793:1,ia_base_v2,etiquetas_escalado_r13.csv,data/etiquetas/etiquetas_escalado_r13.csv,data/auditoria/revision_etiquetas_escalado_r13_v3/revision.csv,neutral,0,neutral,0,neutral,0,compatible,alta,,"Compatible con N/relevancia0: fijacion de fecha, constancia de asistencia e invitacion a exponer (logistica).",revisado,078e313ead86ad30d6d65c15834c1aa41a03d66cbd915e34678217ee4d1107ea,785,desarrollo_base_v3,si,supervision_oof_control_primario
RPM-2012-10-18:5123:1,ia_base_v2,etiquetas_escalado_r13.csv,data/etiquetas/etiquetas_escalado_r13.csv,data/auditoria/revision_etiquetas_escalado_r13_v3/revision.csv,neutral,1,neutral,1,neutral,1,compatible,alta,"la percepción sobre la demanda por créditos sigue bastante dinámica, pero que las condiciones de oferta son más restrictivas",Compatible con N: sin dirección respaldada. La unidad no adopta una dirección monetaria propia.,revisado,e495f17d00bfab4fe7c09065061a894b3eaa9d600b6ef80c75056d3ab26edfa9,4288,desarrollo_base_v3,si,supervision_oof_control_primario
RPM-2012-10-18:5153:1,ia_base_v2,etiquetas_escalado_r13.csv,data/etiquetas/etiquetas_escalado_r13.csv,data/auditoria/revision_etiquetas_escalado_r13_v3/revision.csv,neutral,1,neutral,1,neutral,1,compatible,alta,"por ahora lo más adecuado es mantener la Tasa de Política Monetaria en 5% anual, por lo que su voto refleja esa opinión",Compatible con N: sin dirección respaldada. La unidad no adopta una dirección monetaria propia.,revisado,aa44d4348c4c5cdc620d4623a7b8d83e39ae9cd756b795932cc70b15a3d95fc5,3537,desarrollo_base_v3,si,supervision_oof_control_primario
RPM-2013-02-14:5398:2,ia_base_v2,etiquetas_escalado_r13.csv,data/etiquetas/etiquetas_escalado_r13.csv,data/auditoria/revision_etiquetas_escalado_r13_v3/revision.csv,neutral,1,neutral,1,neutral,1,compatible,alta,se acuerda por unanimidad de los señores Consejeros mantener la Tasa de Política Monetaria en 5% anual,Compatible con N: sin dirección respaldada. La unidad no adopta una dirección monetaria propia.,revisado,7bfbea25ad161848435a5e53a0388ecac169414225a91e13cc6d3d8672ad3bf3,176,desarrollo_base_v3,si,supervision_oof_control_primario
RPM-2013-04-11:5489:1,ia_base_v2,etiquetas_escalado_r13.csv,data/etiquetas/etiquetas_escalado_r13.csv,data/auditoria/revision_etiquetas_escalado_r13_v3/revision.csv,neutral,1,neutral,1,neutral,1,compatible,alta,la mayor parte de la corrección a la baja en el primer trimestre responde a la paralización de los puertos y que alrededor de la mitad de la corrección se revertirá en el segundo,Compatible con N: sin dirección respaldada. La unidad no adopta una dirección monetaria propia.,revisado,fa3dfca8674d6acd22cf91b9ebebede4f345f656592c520620457f452ffd5d23,1434,desarrollo_base_v3,si,supervision_oof_control_primario
RPM-2013-04-11:5498:1,ia_base_v2,etiquetas_escalado_r13.csv,data/etiquetas/etiquetas_escalado_r13.csv,data/auditoria/revision_etiquetas_escalado_r13_v3/revision.csv,neutral,0,neutral,0,neutral,0,compatible,alta,,Compatible con N/relevancia0: agradecimiento y suspension de la reunion (logistica).,revisado,d69b39c9f8f511ab99d4e9ed722ba4a732f539d4caed01d749bd9960e50b8592,350,desarrollo_base_v3,si,supervision_oof_control_primario
RPM-2013-04-11:5499:1,ia_base_v2,etiquetas_escalado_r13.csv,data/etiquetas/etiquetas_escalado_r13.csv,data/auditoria/revision_etiquetas_escalado_r13_v3/revision.csv,neutral,1,neutral,1,neutral,1,compatible,alta,las encuestas y los precios financieros continúan señalando la expectativa de que se va a mantener la TPM en el corto plazo,Compatible con N: sin dirección respaldada. La unidad no adopta una dirección monetaria propia.,revisado,ec98bb146e52df56b087c66523604fc6e1154a918426e159b4e08821f3da84fd,1614,desarrollo_base_v3,si,supervision_oof_control_primario
RPM-2013-05-16:5547:1,ia_base_v2,etiquetas_escalado_r13.csv,data/etiquetas/etiquetas_escalado_r13.csv,data/auditoria/revision_etiquetas_escalado_r13_v3/revision.csv,neutral,1,neutral,1,neutral,1,compatible,media,"tan pronto se cuente con datos relevantes y que otorguen certeza sobre una desaceleración de la economía nacional, considera que el Banco debería actuar con prontitud",Compatible con N: sin dirección respaldada. La unidad no adopta una dirección monetaria propia.,revisado,1d64c1642e694ef2b42dddcbb70e3dc7368f6c8df04bb2195fc9636dd41dac90,364,desarrollo_base_v3,si,supervision_oof_control_primario
RPM-2013-10-17:5844:1,ia_base_v2,etiquetas_escalado_r13.csv,data/etiquetas/etiquetas_escalado_r13.csv,data/auditoria/revision_etiquetas_escalado_r13_v3/revision.csv,neutral,1,neutral,1,neutral,1,compatible,alta,"se proponen como opciones relevantes mantener la Tasa de Política Monetaria en 5% anual o recortarla en 25 puntos base a 4,75% anual",Compatible con N: sin dirección respaldada. La unidad no adopta una dirección monetaria propia.,revisado,3a6ef30ff25a5f7d733dedce217d987197ec15326c1a5d5e3421ac7092861f83,5281,desarrollo_base_v3,si,supervision_oof_control_primario
RPM-2013-11-19:5861:1,ia_base_v2,etiquetas_escalado_r13.csv,data/etiquetas/etiquetas_escalado_r13.csv,data/auditoria/revision_etiquetas_escalado_r13_v3/revision.csv,neutral,1,neutral,1,neutral,1,compatible,alta,el predominio de las mantenciones de las tasas rectoras y las sorpresivas rebajas de 25 puntos base,Compatible con N: sin dirección respaldada. La unidad no adopta una dirección monetaria propia.,revisado,6f23ba0db7a6b4ce34d9cf1e78e34516730f38807c4dbf05d1a4ee9d1fc2b64d,22016,desarrollo_base_v3,si,supervision_oof_control_primario
RPM-2013-12-12:5942:1,ia_base_v2,etiquetas_escalado_r13.csv,data/etiquetas/etiquetas_escalado_r13.csv,data/auditoria/revision_etiquetas_escalado_r13_v3/revision.csv,neutral,1,neutral,1,neutral,1,compatible,alta,el alza reciente obedece a un ajuste de precios relativos,Compatible con N: sin dirección respaldada. La unidad no adopta una dirección monetaria propia.,revisado,a4a72c93bba7217f150278debc339c1d84f0e8acbd027b17a756344aa6f26e31,590,desarrollo_base_v3,si,supervision_oof_control_primario
RPM-2013-12-12:5942:2,ia_base_v2,etiquetas_escalado_r13.csv,data/etiquetas/etiquetas_escalado_r13.csv,data/auditoria/revision_etiquetas_escalado_r13_v3/revision.csv,neutral,0,neutral,0,neutral,0,compatible,alta,,Compatible con N/relevancia0: suspension de la reunion (logistica).,revisado,663f7e18a5b41039e159b0cacd6a8be59c0586c1d41e76e4b2d8c6b3fc891b48,246,desarrollo_base_v3,si,supervision_oof_control_primario
RPM-2013-12-12:5945:1,ia_base_v2,etiquetas_escalado_r13.csv,data/etiquetas/etiquetas_escalado_r13.csv,data/auditoria/revision_etiquetas_escalado_r13_v3/revision.csv,neutral,1,neutral,1,neutral,1,compatible,alta,"llevan a recomendar en esta oportunidad la opción de mantener la Tasa de Política Monetaria en 4,5% anual",Compatible con N: sin dirección respaldada. La unidad no adopta una dirección monetaria propia.,revisado,31c443e94b3d94b7c9f28c5058d8b46b607b7afa799c616e6cf8331298baa52e,5067,desarrollo_base_v3,si,supervision_oof_control_primario
RPM-2014-02-18:6041:1,ia_base_v2,etiquetas_escalado_r13.csv,data/etiquetas/etiquetas_escalado_r13.csv,data/auditoria/revision_etiquetas_escalado_r13_v3/revision.csv,dovish,1,dovish,1,dovish,1,compatible,alta,se estima conveniente mantener un sesgo explícito a la baja en el párrafo final del Comunicado,Compatible con dovish: dirección respaldada en la unidad. No depende solo del menú o fase.,revisado,3e6427ffc059e1194b4b80b0ddb821852efeef2fb3f1ba5ca94f33f849bc5cb2,4683,desarrollo_base_v3,si,supervision_oof_control_primario
RPM-2014-02-18:6056:1,ia_base_v2,etiquetas_escalado_r13.csv,data/etiquetas/etiquetas_escalado_r13.csv,data/auditoria/revision_etiquetas_escalado_r13_v3/revision.csv,neutral,0,neutral,0,neutral,0,compatible,alta,,Compatible con N/relevancia0: aprobacion del comunicado y cierre de la sesion (logistica).,revisado,dc45a45602686a77a71964be72e410538b36c8ffab67d7f7465f7dd5b840a059,83,desarrollo_base_v3,si,supervision_oof_control_primario
RPM-2014-03-13:6112:1,ia_base_v2,etiquetas_escalado_r13.csv,data/etiquetas/etiquetas_escalado_r13.csv,data/auditoria/revision_etiquetas_escalado_r13_v3/revision.csv,neutral,1,neutral,1,neutral,1,compatible,alta,"se sigue consolidando la tendencia de mayor crecimiento en las economías desarrolladas, particularmente en Estados Unidos de América",Compatible con N: sin dirección respaldada. La unidad no adopta una dirección monetaria propia.,revisado,a058a9dd80e405c938f18f312da6caa6d527440bb7e5f5127b2138e65f01dbdc,1181,desarrollo_base_v3,si,supervision_oof_control_primario
RPM-2014-06-12:6277:1,ia_base_v2,etiquetas_escalado_r13.csv,data/etiquetas/etiquetas_escalado_r13.csv,data/auditoria/revision_etiquetas_escalado_r13_v3/revision.csv,neutral,0,neutral,0,neutral,0,compatible,alta,,Compatible con N/relevancia0: testimonio de reconocimiento por alejamiento de un funcionario (logistica).,revisado,9998d433692df89767ed30f09479db46e2335079468c751d5ebe06105c9c00fa,960,desarrollo_base_v3,si,supervision_oof_control_primario
RPM-2014-11-18:6506:1,ia_base_v2,etiquetas_escalado_r13.csv,data/etiquetas/etiquetas_escalado_r13.csv,data/auditoria/revision_etiquetas_escalado_r13_v3/revision.csv,neutral,0,neutral,0,neutral,0,compatible,alta,,Compatible con N/relevancia0: fijacion de fecha y transito a opciones (logistica).,revisado,77b17d24c6e001b839331b8834cab958b8aeee9226aa7cea44043638744880fd,348,desarrollo_base_v3,si,supervision_oof_control_primario
RPM-2014-11-18:6509:1,ia_base_v2,etiquetas_escalado_r13.csv,data/etiquetas/etiquetas_escalado_r13.csv,data/auditoria/revision_etiquetas_escalado_r13_v3/revision.csv,neutral,1,neutral,1,neutral,1,compatible,alta,"concordar, en términos generales, con los argumentos planteados por la Gerencia de División Estudios en cuanto a que la única opción que parece razonable en esta oportunidad es la de mantener la TPM en 3,0%",Compatible con N: sin dirección respaldada. La unidad no adopta una dirección monetaria propia.,revisado,ff0d182bbbd50bc8114e1bd04beab6ff8430346e251937e906a7a2629484df46,2319,desarrollo_base_v3,si,supervision_oof_control_primario
RPM-2015-03-19:6664:1,ia_base_v2,etiquetas_escalado_r13.csv,data/etiquetas/etiquetas_escalado_r13.csv,data/auditoria/revision_etiquetas_escalado_r13_v3/revision.csv,neutral,1,neutral,1,neutral,1,compatible,alta,"el consumo privado creció menos de lo proyectado y por debajo de la masa salarial real, en un contexto de expectativas de consumidores que se mantienen en niveles pesimistas",Compatible con N: sin dirección respaldada. La unidad no adopta una dirección monetaria propia.,revisado,9bf8a6e2ff362427da19b71f399928907d742c2f6b227a8764f4e560174bf410,2603,desarrollo_base_v3,si,supervision_oof_control_primario
RPM-2015-03-19:6682:1,ia_base_v2,etiquetas_escalado_r13.csv,data/etiquetas/etiquetas_escalado_r13.csv,data/auditoria/revision_etiquetas_escalado_r13_v3/revision.csv,neutral,0,neutral,0,neutral,0,compatible,alta,,Compatible con N/relevancia0: agradecimiento y transito a la votacion (logistica).,revisado,341514d1a1c08c9862714a245b80c8180e08b5846a7da8226759083d9369f698,305,desarrollo_base_v3,si,supervision_oof_control_primario
RPM-2015-05-14:6804:1,ia_base_v2,etiquetas_escalado_r13.csv,data/etiquetas/etiquetas_escalado_r13.csv,data/auditoria/revision_etiquetas_escalado_r13_v3/revision.csv,neutral,1,neutral,1,neutral,1,compatible,alta,"su voto es por mantener la TPM en su actual nivel de 3%, así como también el sesgo del Comunicado",Compatible con N: sin dirección respaldada. La unidad no adopta una dirección monetaria propia.,revisado,36ec62addc968cbb5d33c5603c2379c46932c534f1bb6c673d8e3a1e7a1f443b,3217,desarrollo_base_v3,si,supervision_oof_control_primario
RPM-2015-10-15:7068:1,ia_base_v2,etiquetas_escalado_r13.csv,data/etiquetas/etiquetas_escalado_r13.csv,data/auditoria/revision_etiquetas_escalado_r13_v3/revision.csv,neutral,1,neutral,1,neutral,1,compatible,alta,se ha sobreestimado la relevancia de la eventual alza de la tasa de instancia norteamericana,Compatible con N: sin dirección respaldada. La unidad no adopta una dirección monetaria propia.,revisado,923707db7ddcf9cf3e9108d54f14f31a2e7624e7ddc0c864b2baf077cccf8619,2002,desarrollo_base_v3,si,supervision_oof_control_primario
RPM-2005-07-12:308:1,ia_base_v2,etiquetas_escalado_r14.csv,data/etiquetas/etiquetas_escalado_r14.csv,data/auditoria/revision_etiquetas_escalado_r14_v3/revision.csv,hawkish,1,hawkish,1,hawkish,1,compatible,alta,coincide en que resulta difícil justificar una decisión diferente a la de elevar en 25 puntos base la tasa de política monetaria,Compatible con hawkish: dirección respaldada en la unidad. No depende solo del menú o fase.,revisado,b9e48177b204426d80f71d668f78937ecbbe8d8031e2ec0e9785f69ba382afe2,1880,desarrollo_base_v3,si,supervision_oof_control_primario
RPM-2006-03-16:614:3,ia_base_v2,etiquetas_escalado_r14.csv,data/etiquetas/etiquetas_escalado_r14.csv,data/auditoria/revision_etiquetas_escalado_r14_v3/revision.csv,neutral,0,neutral,0,neutral,0,compatible,alta,,Compatible con N/relevancia0: constancia de asistencia y transito a opciones (logistica).,revisado,1a0e7084f51f7a36ec1e67ffca71413e0eb41db12d261099b27bdeeb8571a959,457,desarrollo_base_v3,si,supervision_oof_control_primario
RPM-2006-07-13:745:4,ia_base_v2,etiquetas_escalado_r14.csv,data/etiquetas/etiquetas_escalado_r14.csv,data/auditoria/revision_etiquetas_escalado_r14_v3/revision.csv,neutral,1,neutral,1,neutral,1,compatible,alta,"eso ha llevado a revisar la proyección para este año de US$ 2.60 la libra, que se indicaba hace un mes atrás, a US$ 2.90 la libra",Compatible con N: sin dirección respaldada. La unidad no adopta una dirección monetaria propia.,revisado,707b053cb6b2841b2f8771a72482174647e8cdf6e99de807556cdaf535935e01,2582,desarrollo_base_v3,si,supervision_oof_control_primario
RPM-2006-08-10:789:1,ia_base_v2,etiquetas_escalado_r14.csv,data/etiquetas/etiquetas_escalado_r14.csv,data/auditoria/revision_etiquetas_escalado_r14_v3/revision.csv,neutral,1,neutral,1,neutral,1,compatible,alta,"en términos relativos, los inventarios son más pequeños en relación a la demanda",Compatible con N: sin dirección respaldada. La unidad no adopta una dirección monetaria propia.,revisado,82e32dc2077038eeb33e1cd078a3dd3d635e7707025475e0918400b44c925345,297,desarrollo_base_v3,si,supervision_oof_control_primario
RPM-2006-12-14:1021:1,ia_base_v2,etiquetas_escalado_r14.csv,data/etiquetas/etiquetas_escalado_r14.csv,data/auditoria/revision_etiquetas_escalado_r14_v3/revision.csv,neutral,0,neutral,0,neutral,0,compatible,alta,,Compatible con N/relevancia0: aprobacion del comunicado y cierre (logistica).,revisado,7932ce11ab0beffccf13137bcd6cde5c458686759a01c984a380d1eb2660f301,83,desarrollo_base_v3,si,supervision_oof_control_primario
RPM-2007-01-11:1047:3,ia_base_v2,etiquetas_escalado_r14.csv,data/etiquetas/etiquetas_escalado_r14.csv,data/auditoria/revision_etiquetas_escalado_r14_v3/revision.csv,neutral,0,neutral,0,neutral,0,compatible,alta,,Compatible con N/relevancia0: transito a opciones (logistica).,revisado,0fd99b92ed17260664fd69a9bafa8d2fed9afa5f50cf45b3ce27ab509691d670,159,desarrollo_base_v3,si,supervision_oof_control_primario
RPM-2007-02-08:1083:1,ia_base_v2,etiquetas_escalado_r14.csv,data/etiquetas/etiquetas_escalado_r14.csv,data/auditoria/revision_etiquetas_escalado_r14_v3/revision.csv,neutral,1,neutral,1,neutral,1,compatible,alta,"en general, en la discusión respecto de mercado laboral se le cree más al INE",Compatible con N: sin dirección respaldada. La unidad no adopta una dirección monetaria propia.,revisado,8529fd1618d354fb0bb1acb4786216aad19c011029bd4da963304420ca0c9e44,1424,desarrollo_base_v3,si,supervision_oof_control_primario
RPM-2007-09-13:1459:2,ia_base_v2,etiquetas_escalado_r14.csv,data/etiquetas/etiquetas_escalado_r14.csv,data/auditoria/revision_etiquetas_escalado_r14_v3/revision.csv,hawkish,1,hawkish,1,hawkish,1,compatible,alta,es difícil argumentar a favor de una opción diferente a la de aumentar la tasa de política monetaria en 25 puntos base,Compatible con hawkish: dirección respaldada en la unidad. No depende solo del menú o fase.,revisado,40d482a34efc2a4eaa031be9abf9496ad0a9ba913ce492d0d4c1268711193123,11451,desarrollo_base_v3,si,supervision_oof_control_primario
RPM-2007-10-11:1502:1,ia_base_v2,etiquetas_escalado_r14.csv,data/etiquetas/etiquetas_escalado_r14.csv,data/auditoria/revision_etiquetas_escalado_r14_v3/revision.csv,neutral,1,neutral,1,neutral,1,compatible,alta,lo que resalta es la caída en la proyección del consumo privado que baja en un punto respecto de lo proyectado en el IPoM para el tercer trimestre,Compatible con N: sin dirección respaldada. La unidad no adopta una dirección monetaria propia.,revisado,d042aceded8385ee8e87a38927f7072332c41e9dd57c29da4fd4975ef2ca899e,1230,desarrollo_base_v3,si,supervision_oof_control_primario
RPM-2007-11-13:1526:4,ia_base_v2,etiquetas_escalado_r14.csv,data/etiquetas/etiquetas_escalado_r14.csv,data/auditoria/revision_etiquetas_escalado_r14_v3/revision.csv,neutral,1,neutral,1,neutral,1,compatible,alta,consulta si el Gerente señor Lehmann puede explicar la razón por la cual los inventarios están bajos,Compatible con N: sin dirección respaldada. La unidad no adopta una dirección monetaria propia.,revisado,3102125d983360d06b7ec14e83486857e86e3ec47938e8e798e7d1b56c2e9011,259,desarrollo_base_v3,si,supervision_oof_control_primario
RPM-2008-01-10:1618:1,ia_base_v2,etiquetas_escalado_r14.csv,data/etiquetas/etiquetas_escalado_r14.csv,data/auditoria/revision_etiquetas_escalado_r14_v3/revision.csv,neutral,1,neutral,1,neutral,1,compatible,alta,"se presentó una caída significativa en las tasas de interés a largo plazo, particularmente en Estados Unidos de América",Compatible con N: sin dirección respaldada. La unidad no adopta una dirección monetaria propia.,revisado,77d0eee0caebb8eacd24bd404f63e4c6513ed6186b0babc9991bc16f639b742b,10308,desarrollo_base_v3,si,supervision_oof_control_primario
RPM-2008-02-07:1684:1,ia_base_v2,etiquetas_escalado_r14.csv,data/etiquetas/etiquetas_escalado_r14.csv,data/auditoria/revision_etiquetas_escalado_r14_v3/revision.csv,dovish,1,hawkish,1,hawkish,1,compatible,media,las noticias han sido suficientemente significativas para hacer que la mantención de la Tasa de Política Monetaria sea la alternativa más aconsejable en esta ocasión,Compatible con hawkish: dirección respaldada en la unidad. No depende solo del menú o fase.,revisado,a17b0aca10114d90546604942bf347ca1a8d2dcc030f5bae8692e4dcfe73c877,5816,desarrollo_base_v3,si,supervision_oof_control_primario
RPM-2008-08-14:2027:1,ia_base_v2,etiquetas_escalado_r14.csv,data/etiquetas/etiquetas_escalado_r14.csv,data/auditoria/revision_etiquetas_escalado_r14_v3/revision.csv,neutral,1,neutral,1,neutral,1,compatible,alta,las cifras de la Universidad de Chile registran una baja en la tasa de desempleo,Compatible con N: sin dirección respaldada. La unidad no adopta una dirección monetaria propia.,revisado,e2f4ef8bd2a0af9925bf8609e75b7535ad9a893ab05e656a7759470be2e09240,153,desarrollo_base_v3,si,supervision_oof_control_primario
RPM-2008-08-14:2041:1,ia_base_v2,etiquetas_escalado_r14.csv,data/etiquetas/etiquetas_escalado_r14.csv,data/auditoria/revision_etiquetas_escalado_r14_v3/revision.csv,hawkish,1,hawkish,1,hawkish,1,compatible,alta,"se inclina por un alza de 50 puntos base, pero para ser congruente con lo señalado, estima que la orientación de la política debe mantener el sesgo restrictivo que traía",Compatible con hawkish: dirección respaldada en la unidad. No depende solo del menú o fase.,revisado,a33153997e2730ce944e0d7663ca5474808eaa70e5c92d4393bbecc553e1ba2d,6967,desarrollo_base_v3,si,supervision_oof_control_primario
RPM-2008-09-04:2094:1,ia_base_v2,etiquetas_escalado_r14.csv,data/etiquetas/etiquetas_escalado_r14.csv,data/auditoria/revision_etiquetas_escalado_r14_v3/revision.csv,hawkish,1,hawkish,1,hawkish,1,compatible,alta,"vota por subir la Tasa de Política Monetaria en 50 puntos base, manteniendo un tono hawkish en el Comunicado",Compatible con hawkish: dirección respaldada en la unidad. No depende solo del menú o fase.,revisado,fa88650d63654a78392fe71c7f8276f80b56555abcba9b98238a12ff14406b50,4032,desarrollo_base_v3,si,supervision_oof_control_primario
RPM-2008-09-04:2099:1,ia_base_v2,etiquetas_escalado_r14.csv,data/etiquetas/etiquetas_escalado_r14.csv,data/auditoria/revision_etiquetas_escalado_r14_v3/revision.csv,hawkish,1,hawkish,1,hawkish,1,compatible,alta,La trayectoria futura de la TPM contempla ajustes adicionales para asegurar la convergencia de la inflación a la meta,Compatible con hawkish: dirección respaldada en la unidad. No depende solo del menú o fase.,revisado,a9dfabd7a911a5900f1ec74d5bad3ff89c9b2c8f85e70208513d4ab22be3e985,2222,desarrollo_base_v3,si,supervision_oof_control_primario
RPM-2008-11-13:2147:1,ia_base_v2,etiquetas_escalado_r14.csv,data/etiquetas/etiquetas_escalado_r14.csv,data/auditoria/revision_etiquetas_escalado_r14_v3/revision.csv,neutral,1,neutral,1,neutral,1,compatible,alta,los analistas esperan una corrección drástica en el último trimestre,Compatible con N: sin dirección respaldada. La unidad no adopta una dirección monetaria propia.,revisado,de7d0c05567dfaa5e55a291fdd99eab61938db17dbdbba423ac4236956badc95,344,desarrollo_base_v3,si,supervision_oof_control_primario
RPM-2008-11-13:2158:1,ia_base_v2,etiquetas_escalado_r14.csv,data/etiquetas/etiquetas_escalado_r14.csv,data/auditoria/revision_etiquetas_escalado_r14_v3/revision.csv,neutral,0,neutral,0,neutral,0,compatible,alta,,Compatible con N/relevancia0: fijacion de fecha y transito a opciones (logistica).,revisado,406efb49224e313f5f5ea633b4df0db76c5e5d29a37405db85c5d0f6cc8f06b0,305,desarrollo_base_v3,si,supervision_oof_control_primario
RPM-2009-02-12:2319:1,ia_base_v2,etiquetas_escalado_r14.csv,data/etiquetas/etiquetas_escalado_r14.csv,data/auditoria/revision_etiquetas_escalado_r14_v3/revision.csv,neutral,1,neutral,1,neutral,1,compatible,alta,en los países en que se presentan problemas en sus sistemas bancarios debería incorporarse alguna expectativa de su influencia en el déficit fiscal,Compatible con N: sin dirección respaldada. La unidad no adopta una dirección monetaria propia.,revisado,575cd90f558aebc058b6b8a93c056226affb17a40f174aea5c843ab5b6edd0f2,1560,desarrollo_base_v3,si,supervision_oof_control_primario
RPM-2009-04-09:2492:1,ia_base_v2,etiquetas_escalado_r14.csv,data/etiquetas/etiquetas_escalado_r14.csv,data/auditoria/revision_etiquetas_escalado_r14_v3/revision.csv,dovish,1,dovish,1,dovish,1,compatible,alta,"una reducción de 50 puntos base, con un sesgo relativamente distinto al anterior, podría lograr dicho objetivo",Compatible con dovish: dirección respaldada en la unidad. No depende solo del menú o fase.,revisado,064990922a2111b594dd0abbb469b2c9e34e206baff19a4f888f844802551fba,2956,desarrollo_base_v3,si,supervision_oof_control_primario
RPM-2009-04-09:2498:1,ia_base_v2,etiquetas_escalado_r14.csv,data/etiquetas/etiquetas_escalado_r14.csv,data/auditoria/revision_etiquetas_escalado_r14_v3/revision.csv,dovish,1,dovish,1,dovish,1,compatible,alta,le parece que lo prudente es reducir en 50 puntos base la tasa de interés en esta ocasión,Compatible con dovish: dirección respaldada en la unidad. No depende solo del menú o fase.,revisado,c033f1802016400017d58c2cec739499a156217d10660cf223a7a1168c5e965d,4220,desarrollo_base_v3,si,supervision_oof_control_primario
RPM-2010-04-15:3076:1,ia_base_v2,etiquetas_escalado_r14.csv,data/etiquetas/etiquetas_escalado_r14.csv,data/auditoria/revision_etiquetas_escalado_r14_v3/revision.csv,hawkish,1,hawkish,1,hawkish,1,compatible,alta,se deberá comenzar a normalizar en los meses venideros,Compatible con hawkish: dirección respaldada en la unidad. No depende solo del menú o fase.,revisado,7aff69d41253a343c79c7bf35912f53b63f214add069152fd6144aaef9e2a38c,3671,desarrollo_base_v3,si,supervision_oof_control_primario
RPM-2010-06-15:3132:2,ia_base_v2,etiquetas_escalado_r14.csv,data/etiquetas/etiquetas_escalado_r14.csv,data/auditoria/revision_etiquetas_escalado_r14_v3/revision.csv,neutral,1,neutral,1,neutral,1,compatible,alta,"la volatilidad se mantiene, aunque se reduce en el margen",Compatible con N: sin dirección respaldada. La unidad no adopta una dirección monetaria propia.,revisado,1016cd8e3c66d31a645f4dfff1784b23103cf5d9e836397ecb9f9dbcf06a5a28,672,desarrollo_base_v3,si,supervision_oof_control_primario
RPM-2010-06-15:3135:1,ia_base_v2,etiquetas_escalado_r14.csv,data/etiquetas/etiquetas_escalado_r14.csv,data/auditoria/revision_etiquetas_escalado_r14_v3/revision.csv,neutral,1,neutral,1,neutral,1,compatible,alta,los movimientos esperados en las tasas de política monetaria han tendido a postergarse o a ser más moderados,Compatible con N: sin dirección respaldada. La unidad no adopta una dirección monetaria propia.,revisado,f6059c8cb39a157571ad8543f22daa06268057906cb6c21cdcc653789aaf9fb2,2079,desarrollo_base_v3,si,supervision_oof_control_primario
RPM-2010-10-14:3449:4,ia_base_v2,etiquetas_escalado_r14.csv,data/etiquetas/etiquetas_escalado_r14.csv,data/auditoria/revision_etiquetas_escalado_r14_v3/revision.csv,neutral,1,neutral,1,neutral,1,compatible,alta,"está predominando no solo el relajamiento cuantitativo, en el sentido de que la curva libre de riesgo se ha aplanado significativamente y ha caído",Compatible con N: sin dirección respaldada. La unidad no adopta una dirección monetaria propia.,revisado,1fa21778302fddd61acf6da3c683b8adcfa419c8c57000c30bab90435a377c87,1080,desarrollo_base_v3,si,supervision_oof_control_primario
RPM-2010-11-16:3572:2,ia_base_v2,etiquetas_escalado_r14.csv,data/etiquetas/etiquetas_escalado_r14.csv,data/auditoria/revision_etiquetas_escalado_r14_v3/revision.csv,neutral,0,neutral,0,neutral,0,compatible,alta,,Compatible con N/relevancia0: reanudacion de sesion y transito a opciones (logistica).,revisado,6d9ca8a3ebb1bd896b4756f52502b6a5ef993065a094d1c0ed70ba5a694140a3,235,desarrollo_base_v3,si,supervision_oof_control_primario
RPM-2011-02-17:3810:1,ia_base_v2,etiquetas_escalado_r14.csv,data/etiquetas/etiquetas_escalado_r14.csv,data/auditoria/revision_etiquetas_escalado_r14_v3/revision.csv,hawkish,1,hawkish,1,hawkish,1,compatible,alta,"la mejor alternativa sea un aumento de la TPM en 25 puntos base en esta ocasión, ya que la normalización gradual de la política monetaria se condice con las condiciones generales de la economía",Compatible con hawkish: dirección respaldada en la unidad. No depende solo del menú o fase.,revisado,c05b01214201e6a7fe7cc23e3e4abe74db30a55d63ff36a51037150e2be61b63,6479,desarrollo_base_v3,si,supervision_oof_control_primario
RPM-2011-05-12:4012:1,ia_base_v2,etiquetas_escalado_r14.csv,data/etiquetas/etiquetas_escalado_r14.csv,data/auditoria/revision_etiquetas_escalado_r14_v3/revision.csv,neutral,1,neutral,1,neutral,1,compatible,alta,"los futuros de alimentos tienden a estabilizarse o registrarán una ligera caída adicional, particularmente en el caso del maíz y del trigo",Compatible con N: sin dirección respaldada. La unidad no adopta una dirección monetaria propia.,revisado,8029a0c4139bbf65c5d9acb558549cc44b4ba2fa954c107e742330e3ff6e5912,602,desarrollo_base_v3,si,supervision_oof_control_primario
RPM-2011-07-14:4160:1,ia_base_v2,etiquetas_escalado_r14.csv,data/etiquetas/etiquetas_escalado_r14.csv,data/auditoria/revision_etiquetas_escalado_r14_v3/revision.csv,neutral,0,neutral,0,neutral,0,compatible,alta,,"Compatible con N/relevancia0: discusion institucional de presupuesto y legitimidad, ajena a la decision TPM.",revisado,4c3cd111a679a1031762620c6e9e198181eaad9a496b7ef3c0f928bbab9d9d3e,440,desarrollo_base_v3,si,supervision_oof_control_primario
RPM-2011-10-13:4372:1,ia_base_v2,etiquetas_escalado_r14.csv,data/etiquetas/etiquetas_escalado_r14.csv,data/auditoria/revision_etiquetas_escalado_r14_v3/revision.csv,neutral,1,neutral,1,neutral,1,compatible,alta,"la demanda, a diferencia de la actividad, se ha corregido al alza, fundamentalmente por el dato de importaciones observado en el tercer trimestre",Compatible con N: sin dirección respaldada. La unidad no adopta una dirección monetaria propia.,revisado,1bdd79d494215071f23d892d8a95d031830acecc2296415a5bbe533d217b6caf,2126,desarrollo_base_v3,si,supervision_oof_control_primario
RPM-2012-05-17:4822:1,ia_base_v2,etiquetas_escalado_r14.csv,data/etiquetas/etiquetas_escalado_r14.csv,data/auditoria/revision_etiquetas_escalado_r14_v3/revision.csv,neutral,1,neutral,1,neutral,1,compatible,alta,consulta por las razones que motivan la significativa sorpresa al alza del consumo de bienes durables,Compatible con N: sin dirección respaldada. La unidad no adopta una dirección monetaria propia.,revisado,141e52700cc3940430ca4adffc3f720ab5b3bd52af14cb8605a5b4d8277cfff9,137,desarrollo_base_v3,si,supervision_oof_control_primario
RPM-2012-06-14:4890:1,ia_base_v2,etiquetas_escalado_r14.csv,data/etiquetas/etiquetas_escalado_r14.csv,data/auditoria/revision_etiquetas_escalado_r14_v3/revision.csv,neutral,0,neutral,0,neutral,0,compatible,alta,,Compatible con N/relevancia0: agradecimiento al ministro y transito a la votacion (logistica).,revisado,0443e282f6a3e6c417acf5f425242a756501b9477ddd9b6240c538e56445e527,331,desarrollo_base_v3,si,supervision_oof_control_primario
RPM-2012-07-12:4973:2,ia_base_v2,etiquetas_escalado_r14.csv,data/etiquetas/etiquetas_escalado_r14.csv,data/auditoria/revision_etiquetas_escalado_r14_v3/revision.csv,neutral,1,neutral,1,neutral,1,compatible,alta,se acuerda por unanimidad de los señores Consejeros mantener la Tasa de Política Monetaria en 5.0% anual,Compatible con N: sin dirección respaldada. La unidad no adopta una dirección monetaria propia.,revisado,d431f22afea7aa8a5ff32abd5c52e441249207da9462cdd0757674818631db48,178,desarrollo_base_v3,si,supervision_oof_control_primario
RPM-2012-08-16:4976:1,ia_base_v2,etiquetas_escalado_r14.csv,data/etiquetas/etiquetas_escalado_r14.csv,data/auditoria/revision_etiquetas_escalado_r14_v3/revision.csv,neutral,1,neutral,1,neutral,1,compatible,alta,"la Reserva Federal ha mantenido la política monetaria, lo cual ha generado un sentimiento levemente más positivo en los mercados financieros",Compatible con N: sin dirección respaldada. La unidad no adopta una dirección monetaria propia.,revisado,f0e2d392cfaded2bf4f8028065ffefa7bad9e4cebe1934d0ada9e99b0a497a99,7564,desarrollo_base_v3,si,supervision_oof_control_primario
RPM-2012-08-16:5030:1,ia_base_v2,etiquetas_escalado_r14.csv,data/etiquetas/etiquetas_escalado_r14.csv,data/auditoria/revision_etiquetas_escalado_r14_v3/revision.csv,neutral,0,neutral,0,neutral,0,compatible,alta,,Compatible con N/relevancia0: agradecimiento al ministro y transito a la votacion (logistica).,revisado,3061f642b143763d8a38dbabaa62fd7dd090892ca19a65a5f1b3f677561eb3ef,336,desarrollo_base_v3,si,supervision_oof_control_primario
RPM-2012-09-13:5089:1,ia_base_v2,etiquetas_escalado_r14.csv,data/etiquetas/etiquetas_escalado_r14.csv,data/auditoria/revision_etiquetas_escalado_r14_v3/revision.csv,neutral,1,neutral,1,neutral,1,compatible,alta,"la opción que predomina ampliamente es la de mantener la tasa rectora y que, en tal sentido, coincide con lo planteado en la minuta de la Gerencia de División Estudios",Compatible con N: sin dirección respaldada. La unidad no adopta una dirección monetaria propia.,revisado,404fd94956f6e1951fba1dd76960cd2bec61a84cc0cfc6cb3669797853d5dfce,4581,desarrollo_base_v3,si,supervision_oof_control_primario
RPM-2012-10-18:5095:1,ia_base_v2,etiquetas_escalado_r14.csv,data/etiquetas/etiquetas_escalado_r14.csv,data/auditoria/revision_etiquetas_escalado_r14_v3/revision.csv,neutral,0,neutral,0,neutral,0,compatible,alta,,Compatible con N/relevancia0: apertura de sesion: fijacion de fecha futura y constancia de asistencia (logistica).,revisado,259374ad870cae5af607c3e5c38482fb1043bd23857b476eea5a38dd839cae7d,803,desarrollo_base_v3,si,supervision_oof_control_primario
RPM-2012-10-18:5141:1,ia_base_v2,etiquetas_escalado_r14.csv,data/etiquetas/etiquetas_escalado_r14.csv,data/auditoria/revision_etiquetas_escalado_r14_v3/revision.csv,neutral,1,neutral,1,neutral,1,compatible,alta,las empresas bancarias informan la existencia de mayores restricciones crediticias para el sector inmobiliario,Compatible con N: sin dirección respaldada. La unidad no adopta una dirección monetaria propia.,revisado,58df09fdb1fd5a54ae59798faec1ca113b8e92a0ae0c4024a7e2a60046cc3ca9,1377,desarrollo_base_v3,si,supervision_oof_control_primario
RPM-2012-10-18:5141:2,ia_base_v2,etiquetas_escalado_r14.csv,data/etiquetas/etiquetas_escalado_r14.csv,data/auditoria/revision_etiquetas_escalado_r14_v3/revision.csv,neutral,0,neutral,0,neutral,0,compatible,alta,,Compatible con N/relevancia0: suspension de la reunion (logistica).,revisado,0ee8b9264327416206f16e32817e77b811dab844c873e311bed5f04ad624fea3,209,desarrollo_base_v3,si,supervision_oof_control_primario
RPM-2013-01-17:5322:1,ia_base_v2,etiquetas_escalado_r14.csv,data/etiquetas/etiquetas_escalado_r14.csv,data/auditoria/revision_etiquetas_escalado_r14_v3/revision.csv,neutral,1,neutral,1,neutral,1,compatible,alta,"manifiesta su concordancia con la recomendación del staff, razón por la cual vota por mantener la TPM en 5%",Compatible con N: sin dirección respaldada. La unidad no adopta una dirección monetaria propia.,revisado,6f63fdc0904bfbb246928cf5af5ae7b70de5d747ba47e6bb37026f864775e422,2421,desarrollo_base_v3,si,supervision_oof_control_primario
RPM-2013-02-14:5358:1,ia_base_v2,etiquetas_escalado_r14.csv,data/etiquetas/etiquetas_escalado_r14.csv,data/auditoria/revision_etiquetas_escalado_r14_v3/revision.csv,neutral,1,neutral,1,neutral,1,compatible,alta,señala concordar con la apreciación del Consejero señor Enrique Marshall en cuanto a que el escenario es similar al observado el mes pasado,Compatible con N: sin dirección respaldada. La unidad no adopta una dirección monetaria propia.,revisado,881cf9e722701e5127ed11c5006a3d804e8e1e4ea2903ab44dc06a1e76d67366,1727,desarrollo_base_v3,si,supervision_oof_control_primario
RPM-2013-03-14:5421:1,ia_base_v2,etiquetas_escalado_r14.csv,data/etiquetas/etiquetas_escalado_r14.csv,data/auditoria/revision_etiquetas_escalado_r14_v3/revision.csv,neutral,1,neutral,1,neutral,1,compatible,alta,hace referencia a la fuerte revisión al alza del PIB correspondiente al primer trimestre del año en curso,Compatible con N: sin dirección respaldada. La unidad no adopta una dirección monetaria propia.,revisado,ce41ed81d909624d0fcdb0579b30bb45f42ffd14cc76c175e260cbd5c36bc9b9,251,desarrollo_base_v3,si,supervision_oof_control_primario
RPM-2013-04-11:5498:3,ia_base_v2,etiquetas_escalado_r14.csv,data/etiquetas/etiquetas_escalado_r14.csv,data/auditoria/revision_etiquetas_escalado_r14_v3/revision.csv,neutral,0,neutral,0,neutral,0,compatible,alta,,Compatible con N/relevancia0: fijacion de fecha y transito a opciones (logistica).,revisado,ab2e2421c1cad6a1b3b52b47b5ba47cfc79dacd178763c4ff88a3b70092e5ad3,346,desarrollo_base_v3,si,supervision_oof_control_primario
RPM-2013-06-13:5632:1,ia_base_v2,etiquetas_escalado_r14.csv,data/etiquetas/etiquetas_escalado_r14.csv,data/auditoria/revision_etiquetas_escalado_r14_v3/revision.csv,neutral,1,dovish,1,dovish,1,compatible,alta,"coincide con la recomendación del staff y, por lo tanto, expresa que su voto es por mantener la Tasa de Política Monetaria en 5% anual",Compatible con dovish: dirección respaldada en la unidad. No depende solo del menú o fase.,revisado,0026173ff766fd3aa08e265ac6c8ef17957074e482f4a1125140a72639d2285a,6383,desarrollo_base_v3,si,supervision_oof_control_primario
RPM-2013-09-12:5812:3,ia_base_v2,etiquetas_escalado_r14.csv,data/etiquetas/etiquetas_escalado_r14.csv,data/auditoria/revision_etiquetas_escalado_r14_v3/revision.csv,neutral,1,neutral,1,neutral,1,compatible,alta,La consolidación de las tendencias delineadas en el último IPoM podría requerir de ajustes en la Tasa de Política Monetaria en los próximos meses,Compatible con N: sin dirección respaldada. La unidad no adopta una dirección monetaria propia.,revisado,09c9ef074666019ffae9a278d3f89bd74b9cf4ce05273fc59c6e6e794e51a99e,2250,desarrollo_base_v3,si,supervision_oof_control_primario
RPM-2014-01-16:5990:1,ia_base_v2,etiquetas_escalado_r14.csv,data/etiquetas/etiquetas_escalado_r14.csv,data/auditoria/revision_etiquetas_escalado_r14_v3/revision.csv,neutral,1,neutral,1,neutral,1,compatible,alta,"hasta esta fecha, no se advierte traspaso ni efectos del reciente shock de precios sobre otros indicadores, tales como los salarios nominales, expectativas o inflación de servicios",Compatible con N: sin dirección respaldada. La unidad no adopta una dirección monetaria propia.,revisado,47a608a8095b06ed4e2c73a5b0a88d7350101f94a26af9bec8a1514d2f78fbef,2533,desarrollo_base_v3,si,supervision_oof_control_primario
RPM-2014-04-17:6164:1,ia_base_v2,etiquetas_escalado_r14.csv,data/etiquetas/etiquetas_escalado_r14.csv,data/auditoria/revision_etiquetas_escalado_r14_v3/revision.csv,neutral,0,neutral,0,neutral,0,compatible,alta,,Compatible con N/relevancia0: fijacion de fecha y transito a opciones (logistica).,revisado,c8d4f65d3e6a9ed11b0b0e1a65dcee6630289eb50cac1135794ae3495cc9d42c,355,desarrollo_base_v3,si,supervision_oof_control_primario
RPM-2014-05-15:6234:1,ia_base_v2,etiquetas_escalado_r14.csv,data/etiquetas/etiquetas_escalado_r14.csv,data/auditoria/revision_etiquetas_escalado_r14_v3/revision.csv,dovish,1,dovish,1,dovish,1,compatible,media,"su voto es por mantener la Tasa de Política Monetaria en 4,0% anual y el sesgo expansivo",Compatible con dovish: dirección respaldada en la unidad. No depende solo del menú o fase.,revisado,130eb6d9025ae98dff48ad01abcc197287da60589f07abbb70b586734a48a0b3,4434,desarrollo_base_v3,si,supervision_oof_control_primario
RPM-2014-06-12:6293:3,ia_base_v2,etiquetas_escalado_r14.csv,data/etiquetas/etiquetas_escalado_r14.csv,data/auditoria/revision_etiquetas_escalado_r14_v3/revision.csv,neutral,1,neutral,1,neutral,1,compatible,alta,"se acuerda por cuatro votos a favor y uno en contra, mantener la Tasa de Política Monetaria en 4,0% anual",Compatible con N: sin dirección respaldada. La unidad no adopta una dirección monetaria propia.,revisado,e8866c0e4811ea2fdeeba5016efe4cc836fb9f2b5644b06a717a4d67d5901de2,187,desarrollo_base_v3,si,supervision_oof_control_primario
RPM-2014-06-12:6295:1,ia_base_v2,etiquetas_escalado_r14.csv,data/etiquetas/etiquetas_escalado_r14.csv,data/auditoria/revision_etiquetas_escalado_r14_v3/revision.csv,neutral,0,neutral,0,neutral,0,compatible,alta,,Compatible con N/relevancia0: aprobacion del comunicado y cierre (logistica).,revisado,dc45a45602686a77a71964be72e410538b36c8ffab67d7f7465f7dd5b840a059,83,desarrollo_base_v3,si,supervision_oof_control_primario
RPM-2014-07-15:6325:1,ia_base_v2,etiquetas_escalado_r14.csv,data/etiquetas/etiquetas_escalado_r14.csv,data/auditoria/revision_etiquetas_escalado_r14_v3/revision.csv,dovish,1,dovish,1,dovish,1,compatible,alta,el Banco ha señalado que su aumento es transitorio y es por ello que se ha incorporado un sesgo negativo en la política monetaria,Compatible con dovish: dirección respaldada en la unidad. No depende solo del menú o fase.,revisado,6f9af5b2d69edcb763c7de0ce0021f5162d9ad9016829c4fd0dc3eb251aafec3,933,desarrollo_base_v3,si,supervision_oof_control_primario
RPM-2014-07-15:6341:1,ia_base_v2,etiquetas_escalado_r14.csv,data/etiquetas/etiquetas_escalado_r14.csv,data/auditoria/revision_etiquetas_escalado_r14_v3/revision.csv,neutral,0,neutral,0,neutral,0,compatible,alta,,Compatible con N/relevancia0: aprobacion del comunicado y cierre (logistica).,revisado,e2cc009426436e0a8cdcdca27d9d8a2bc575f9377b7afe2d7008b25dbcaa74f1,83,desarrollo_base_v3,si,supervision_oof_control_primario
RPM-2015-04-16:6737:1,ia_base_v2,etiquetas_escalado_r14.csv,data/etiquetas/etiquetas_escalado_r14.csv,data/auditoria/revision_etiquetas_escalado_r14_v3/revision.csv,neutral,1,neutral,1,neutral,1,compatible,alta,"surgen nuevos elementos de análisis para revisar el comportamiento de la inversión minera en el año 2013, que fue sorprendentemente dinámica",Compatible con N: sin dirección respaldada. La unidad no adopta una dirección monetaria propia.,revisado,47bd82b438005f577a0772e849b2895803cabad0f7a5ff55c197cf88fba32f11,556,desarrollo_base_v3,si,supervision_oof_control_primario
RPM-2015-06-11:6856:1,ia_base_v2,etiquetas_escalado_r14.csv,data/etiquetas/etiquetas_escalado_r14.csv,data/auditoria/revision_etiquetas_escalado_r14_v3/revision.csv,neutral,1,neutral,1,neutral,1,compatible,alta,"manifiesta que su voto es por mantener la TPM, tal como lo sugiere la Gerencia de División Estudios",Compatible con N: sin dirección respaldada. La unidad no adopta una dirección monetaria propia.,revisado,5dd5007f16e327ea8471aa140126227caac59565fabf6629f83e1021e6ee6757,2833,desarrollo_base_v3,si,supervision_oof_control_primario
RPM-2015-10-15:7097:1,ia_base_v2,etiquetas_escalado_r14.csv,data/etiquetas/etiquetas_escalado_r14.csv,data/auditoria/revision_etiquetas_escalado_r14_v3/revision.csv,neutral,1,neutral,1,neutral,1,compatible,alta,"la tasa de interés real de corto plazo es muy negativa, lo que deja en evidencia su nivel de expansividad",Compatible con N: sin dirección respaldada. La unidad no adopta una dirección monetaria propia.,revisado,f1bdce6212c1c3f4046b06847eb1c289db1609535221fd2e7be47c531ae7cfab,1996,desarrollo_base_v3,si,supervision_oof_control_primario
RPM-2015-12-17:7191:1,ia_base_v2,etiquetas_escalado_r14.csv,data/etiquetas/etiquetas_escalado_r14.csv,data/auditoria/revision_etiquetas_escalado_r14_v3/revision.csv,neutral,1,neutral,1,neutral,1,compatible,alta,"la significativa diferencia que se observa entre los indicadores de hormigón y de cemento, lo que sugiere mayores importaciones de cemento",Compatible con N: sin dirección respaldada. La unidad no adopta una dirección monetaria propia.,revisado,b874c0df7088280c9183c23066a16250def3523506fd3a85490435e386925f2e,260,desarrollo_base_v3,si,supervision_oof_control_primario
RPM-2006-04-13:649:2,ia_base_v2,etiquetas_escalado_r15.csv,data/etiquetas/etiquetas_escalado_r15.csv,data/auditoria/revision_etiquetas_escalado_r15_v3/revision.csv,neutral,1,neutral,1,neutral,1,compatible,alta,dicha información nos deja cómodos respecto de lo que se va a hacer,Compatible con N: sin dirección respaldada. La unidad no adopta una dirección monetaria propia.,revisado,d1a6b4fa31525c4d37f44a12e4898fb3a6c8b904ab08f80c4c880a3f48cabf93,341,desarrollo_base_v3,si,supervision_oof_control_primario
RPM-2006-05-11:661:1,ia_base_v2,etiquetas_escalado_r15.csv,data/etiquetas/etiquetas_escalado_r15.csv,data/auditoria/revision_etiquetas_escalado_r15_v3/revision.csv,neutral,1,neutral,1,neutral,1,compatible,alta,consulta sobre los factores especiales o transitorios que explican la caída en agricultura y minería,Compatible con N: sin dirección respaldada. La unidad no adopta una dirección monetaria propia.,revisado,69fd43bab862a69193c1dada141f201c8ef82a8c79142937489e47c83f0286af,132,desarrollo_base_v3,si,supervision_oof_control_primario
RPM-2006-05-11:671:1,ia_base_v2,etiquetas_escalado_r15.csv,data/etiquetas/etiquetas_escalado_r15.csv,data/auditoria/revision_etiquetas_escalado_r15_v3/revision.csv,dovish,1,dovish,1,hawkish,1,cambio_etiqueta,alta,nuestro escenario central considera una normalización pausada de la política monetaria,"Hace propia la normalización al alza y pausa únicamente para no sorprender al mercado: H, no D.",revisado,ec19267cc3b575ca05db57b1d106a4244d72b18b1c36512b2f34f35ee898363c,1817,desarrollo_base_v3,si,supervision_oof_control_primario
RPM-2006-05-11:674:1,ia_base_v2,etiquetas_escalado_r15.csv,data/etiquetas/etiquetas_escalado_r15.csv,data/auditoria/revision_etiquetas_escalado_r15_v3/revision.csv,dovish,1,hawkish,1,hawkish,1,compatible,alta,"hay espacio para hacer una pausa en el proceso de normalización, a la espera de nueva información",Compatible con hawkish: dirección respaldada en la unidad. No depende solo del menú o fase.,revisado,c9ce46c4cacfa20a9ceb7e0fdfc547565bbf77428938c060add6902124688fee,2987,desarrollo_base_v3,si,supervision_oof_control_primario
RPM-2006-06-15:716:1,ia_base_v2,etiquetas_escalado_r15.csv,data/etiquetas/etiquetas_escalado_r15.csv,data/auditoria/revision_etiquetas_escalado_r15_v3/revision.csv,neutral,1,neutral,1,neutral,1,compatible,alta,lo que informa efectivamente esa muestra es que se subestimó el nivel de empleo absoluto en los últimos años,Compatible con N: sin dirección respaldada. La unidad no adopta una dirección monetaria propia.,revisado,efff69d41ce13198adebf1b0732605d1807cc8f6df53f95bf2d4f58488118c52,391,desarrollo_base_v3,si,supervision_oof_control_primario
RPM-2006-07-13:758:1,ia_base_v2,etiquetas_escalado_r15.csv,data/etiquetas/etiquetas_escalado_r15.csv,data/auditoria/revision_etiquetas_escalado_r15_v3/revision.csv,neutral,1,neutral,1,neutral,1,compatible,alta,a veces más que ser un indicador de la política monetaria es un indicador del ciclo,Compatible con N: sin dirección respaldada. La unidad no adopta una dirección monetaria propia.,revisado,cea6429c9255759a258e8783686ba4e3a7322638fa30977957232bb1c66751e1,375,desarrollo_base_v3,si,supervision_oof_control_primario
RPM-2006-12-14:1019:1,ia_base_v2,etiquetas_escalado_r15.csv,data/etiquetas/etiquetas_escalado_r15.csv,data/auditoria/revision_etiquetas_escalado_r15_v3/revision.csv,hawkish,1,hawkish,1,hawkish,1,compatible,alta,le parece prematuro optar por una baja en la tasa de interés y para ello se deben acumular más antecedentes,Compatible con hawkish: dirección respaldada en la unidad. No depende solo del menú o fase.,revisado,2f5ef395bfbe86e303c4e9cb825e79aa506a782ae44cbe00d450bba917560efe,3034,desarrollo_base_v3,si,supervision_oof_control_primario
RPM-2007-02-08:1074:1,ia_base_v2,etiquetas_escalado_r15.csv,data/etiquetas/etiquetas_escalado_r15.csv,data/auditoria/revision_etiquetas_escalado_r15_v3/revision.csv,neutral,1,neutral,1,neutral,1,compatible,alta,podría ser inducido por una política monetaria más dura de lo que se contemplaba antes,Compatible con N: sin dirección respaldada. La unidad no adopta una dirección monetaria propia.,revisado,ae33856572145982fc4f2b01109d66d6570e4027a530be0fcbb4c1839ee18af5,441,desarrollo_base_v3,si,supervision_oof_control_primario
RPM-2007-05-10:1254:1,ia_base_v2,etiquetas_escalado_r15.csv,data/etiquetas/etiquetas_escalado_r15.csv,data/auditoria/revision_etiquetas_escalado_r15_v3/revision.csv,hawkish,1,hawkish,1,hawkish,1,compatible,media,este cambio en el panorama tiene implícito una modificación entre 50 y 100 puntos base en la Tasa de Política Monetaria,Compatible con hawkish: dirección respaldada en la unidad. No depende solo del menú o fase.,revisado,5583b1e99d635489ea653d8d7a2fa0c9a7b2fe352f749ad3d69e4049109cc0a3,3995,desarrollo_base_v3,si,supervision_oof_control_primario
RPM-2007-05-10:1261:1,ia_base_v2,etiquetas_escalado_r15.csv,data/etiquetas/etiquetas_escalado_r15.csv,data/auditoria/revision_etiquetas_escalado_r15_v3/revision.csv,neutral,1,hawkish,1,hawkish,1,compatible,alta,"es razonable, en esta ocasión, mantener la tasa de instancia en 5%",Compatible con hawkish: dirección respaldada en la unidad. No depende solo del menú o fase.,revisado,73906c6c95e18ed132a025cc63f50a6cdd14885b6ffd78ac52864d2573f46e1c,2995,desarrollo_base_v3,si,supervision_oof_control_primario
RPM-2007-08-09:1398:1,ia_base_v2,etiquetas_escalado_r15.csv,data/etiquetas/etiquetas_escalado_r15.csv,data/auditoria/revision_etiquetas_escalado_r15_v3/revision.csv,hawkish,1,hawkish,1,hawkish,1,compatible,alta,el alza de 25 puntos base debe ser acompañada de un Comunicado que explicite un sesgo más marcado que en reuniones anteriores,Compatible con hawkish: dirección respaldada en la unidad. No depende solo del menú o fase.,revisado,c9db3271c2e6e1c8c8d5920fb4e379ee17e4d0b86aacd36fdb64341af14ee59c,5579,desarrollo_base_v3,si,supervision_oof_control_primario
RPM-2007-09-13:1434:1,ia_base_v2,etiquetas_escalado_r15.csv,data/etiquetas/etiquetas_escalado_r15.csv,data/auditoria/revision_etiquetas_escalado_r15_v3/revision.csv,neutral,1,neutral,1,neutral,1,compatible,alta,"los datos del mercado laboral del mes de julio continuaron mostrando un crecimiento importante del empleo en términos anuales de 3,2%",Compatible con N: sin dirección respaldada. La unidad no adopta una dirección monetaria propia.,revisado,19fa0f0d86e6b859f3e4021f2944444edd640ba3899570abc63fc2b6229734b5,8618,desarrollo_base_v3,si,supervision_oof_control_primario
RPM-2007-10-11:1504:2,ia_base_v2,etiquetas_escalado_r15.csv,data/etiquetas/etiquetas_escalado_r15.csv,data/auditoria/revision_etiquetas_escalado_r15_v3/revision.csv,neutral,1,neutral,1,neutral,1,compatible,alta,las medias podadas darían una indicación de lo que está pasando con la inflación más de tendencia,Compatible con N: sin dirección respaldada. La unidad no adopta una dirección monetaria propia.,revisado,4cfaab172ac8a76018b18f676a7c7825a0ddf1ffa409ad6d403a3d278a05393b,862,desarrollo_base_v3,si,supervision_oof_control_primario
RPM-2007-12-13:1614:1,ia_base_v2,etiquetas_escalado_r15.csv,data/etiquetas/etiquetas_escalado_r15.csv,data/auditoria/revision_etiquetas_escalado_r15_v3/revision.csv,hawkish,1,hawkish,1,hawkish,1,compatible,alta,Esta decisión es necesaria para reducir los riesgos de propagación de la mayor inflación actual hacia costos y expectativas,Compatible con hawkish: dirección respaldada en la unidad. No depende solo del menú o fase.,revisado,cb1a5cc265ac3195d04b7f7a7f8926e76ae3d5d389171cdf138e3a064b10f841,2156,desarrollo_base_v3,si,supervision_oof_control_primario
RPM-2008-01-10:1637:1,ia_base_v2,etiquetas_escalado_r15.csv,data/etiquetas/etiquetas_escalado_r15.csv,data/auditoria/revision_etiquetas_escalado_r15_v3/revision.csv,hawkish,1,hawkish,1,hawkish,1,compatible,alta,las únicas opciones a considerar para la Reunión de hoy son un aumento de 25 puntos base o un incremento mayor de 50 puntos base,Compatible con hawkish: dirección respaldada en la unidad. No depende solo del menú o fase.,revisado,6cb072a9283df00dc1d4e7e6aaa30861eba8e34c9f6197db325c6be094257cfc,5479,desarrollo_base_v3,si,supervision_oof_control_primario
RPM-2008-06-10:1874:1,ia_base_v2,etiquetas_escalado_r15.csv,data/etiquetas/etiquetas_escalado_r15.csv,data/auditoria/revision_etiquetas_escalado_r15_v3/revision.csv,neutral,1,neutral,1,neutral,1,compatible,alta,"en lo que al Banco le podría interesar, porque es donde influye la política monetaria, hay una revisión hacia el alza",Compatible con N: sin dirección respaldada. La unidad no adopta una dirección monetaria propia.,revisado,063cee020025750273dbbf1f06b611c971bfef48432e387f27de18e9c66ba51a,441,desarrollo_base_v3,si,supervision_oof_control_primario
RPM-2008-08-14:2026:1,ia_base_v2,etiquetas_escalado_r15.csv,data/etiquetas/etiquetas_escalado_r15.csv,data/auditoria/revision_etiquetas_escalado_r15_v3/revision.csv,neutral,1,neutral,1,neutral,1,compatible,alta,éste se encuentra siempre entre los tres primeros en importancia,Compatible con N: sin dirección respaldada. La unidad no adopta una dirección monetaria propia.,revisado,3778529286bbd11e99bfc52da463002a9c890d72be8bcde2ac2f9500821ecae0,254,desarrollo_base_v3,si,supervision_oof_control_primario
RPM-2008-09-04:2073:1,ia_base_v2,etiquetas_escalado_r15.csv,data/etiquetas/etiquetas_escalado_r15.csv,data/auditoria/revision_etiquetas_escalado_r15_v3/revision.csv,neutral,1,neutral,1,neutral,1,compatible,alta,"tendería a reforzar esa tendencia a la baja en el salario real y, más bien, constituiría una fuente de desinflación",Compatible con N: sin dirección respaldada. La unidad no adopta una dirección monetaria propia.,revisado,8e2454b63b2209f30da0dc3ff72264dcf51f556fbdb0c42b33af8a9e142bbc0e,955,desarrollo_base_v3,si,supervision_oof_control_primario
RPM-2008-12-11:2217:1,ia_base_v2,etiquetas_escalado_r15.csv,data/etiquetas/etiquetas_escalado_r15.csv,data/auditoria/revision_etiquetas_escalado_r15_v3/revision.csv,neutral,1,neutral,1,neutral,1,compatible,alta,no es lo mismo bajar 7 décimas que bajar 2 décimas en un mes,Compatible con N: sin dirección respaldada. La unidad no adopta una dirección monetaria propia.,revisado,31982082b5753a54164b417dbe1750f44024a8a2d9e7629bea2eae214c862c22,372,desarrollo_base_v3,si,supervision_oof_control_primario
RPM-2008-12-11:2237:4,ia_base_v2,etiquetas_escalado_r15.csv,data/etiquetas/etiquetas_escalado_r15.csv,data/auditoria/revision_etiquetas_escalado_r15_v3/revision.csv,neutral,0,neutral,0,neutral,0,compatible,alta,,Compatible con N/relevancia0: ofrecimiento de la palabra al staff (logistica).,revisado,ab8a07cf8e6599ff42e32be00b89b4a003a369bf77f4b09d329e1dfe167ba022,177,desarrollo_base_v3,si,supervision_oof_control_primario
RPM-2009-05-07:2525:1,ia_base_v2,etiquetas_escalado_r15.csv,data/etiquetas/etiquetas_escalado_r15.csv,data/auditoria/revision_etiquetas_escalado_r15_v3/revision.csv,neutral,1,neutral,1,neutral,1,compatible,alta,"baja generalizada de lo que los bancos cobran, especialmente Banco Estado",Compatible con N: sin dirección respaldada. La unidad no adopta una dirección monetaria propia.,revisado,2f339a2a35208701b3cabb28f92910098f60f5e27e459b7d89f94bb32c8239e5,278,desarrollo_base_v3,si,supervision_oof_control_primario
RPM-2009-05-07:2535:2,ia_base_v2,etiquetas_escalado_r15.csv,data/etiquetas/etiquetas_escalado_r15.csv,data/auditoria/revision_etiquetas_escalado_r15_v3/revision.csv,neutral,1,neutral,1,neutral,1,compatible,alta,"entre noviembre y diciembre, la inflación acumulada fue aproximadamente -1,3%",Compatible con N: sin dirección respaldada. La unidad no adopta una dirección monetaria propia.,revisado,ad0e011cd5e6b08d34a51f82d27c023906df6ac925066a68311c3c737ac8d748,553,desarrollo_base_v3,si,supervision_oof_control_primario
RPM-2009-06-16:2583:6,ia_base_v2,etiquetas_escalado_r15.csv,data/etiquetas/etiquetas_escalado_r15.csv,data/auditoria/revision_etiquetas_escalado_r15_v3/revision.csv,neutral,1,neutral,1,neutral,1,compatible,alta,la proyección disponible supone que habrá un aumento de velocidades positivas en el tercer trimestre,Compatible con N: sin dirección respaldada. La unidad no adopta una dirección monetaria propia.,revisado,1d9a6aef1e6f0a65ae72d4619b2ce3de9afed7025311e8cfb5a9b08706462db1,1118,desarrollo_base_v3,si,supervision_oof_control_primario
RPM-2009-08-13:2677:1,ia_base_v2,etiquetas_escalado_r15.csv,data/etiquetas/etiquetas_escalado_r15.csv,data/auditoria/revision_etiquetas_escalado_r15_v3/revision.csv,neutral,1,neutral,1,neutral,1,compatible,alta,le llama la atención que las cifras hayan sido interpretadas como que efectivamente las tasas se corrigen 50 ó 60 puntos hacia abajo,Compatible con N: sin dirección respaldada. La unidad no adopta una dirección monetaria propia.,revisado,dea07e8a72896da2b65752723f028b75eb666e4082be5c77b4650085d811c903,902,desarrollo_base_v3,si,supervision_oof_control_primario
RPM-2009-08-13:2688:1,ia_base_v2,etiquetas_escalado_r15.csv,data/etiquetas/etiquetas_escalado_r15.csv,data/auditoria/revision_etiquetas_escalado_r15_v3/revision.csv,dovish,1,dovish,1,dovish,1,compatible,alta,"El Consejo reitera que la TPM se mantendrá en el nivel mínimo de 0,50% por un período de tiempo prolongado",Compatible con dovish: dirección respaldada en la unidad. No depende solo del menú o fase.,revisado,393be714eb716d566c78098a50bc4ac94c4c3085e3008a4878e15e2fcbb1b0d4,1824,desarrollo_base_v3,si,supervision_oof_control_primario
RPM-2010-01-14:2887:1,ia_base_v2,etiquetas_escalado_r15.csv,data/etiquetas/etiquetas_escalado_r15.csv,data/auditoria/revision_etiquetas_escalado_r15_v3/revision.csv,dovish,1,dovish,1,dovish,1,compatible,media,"el entorno macroeconómico es congruente con una TPM que se mantendrá en el nivel mínimo de 0,50% hasta al menos el segundo trimestre de este año",Compatible con dovish: dirección respaldada en la unidad. No depende solo del menú o fase.,revisado,883f687dd902b73c2ac18812b289452781b244b1be3545d692e7f788fcc0cbae,1418,desarrollo_base_v3,si,supervision_oof_control_primario
RPM-2010-02-11:2897:1,ia_base_v2,etiquetas_escalado_r15.csv,data/etiquetas/etiquetas_escalado_r15.csv,data/auditoria/revision_etiquetas_escalado_r15_v3/revision.csv,neutral,1,neutral,1,neutral,1,compatible,alta,"consulta si son semejantes las importaciones de las diversas economías, como también si es efectivo que estas se concentran en Asia",Compatible con N: sin dirección respaldada. La unidad no adopta una dirección monetaria propia.,revisado,5fec7db9a99a5d2cf07a77dce351571f2e3ba8456cc8bc19a70c0126638e724c,167,desarrollo_base_v3,si,supervision_oof_control_primario
RPM-2010-04-15:3063:2,ia_base_v2,etiquetas_escalado_r15.csv,data/etiquetas/etiquetas_escalado_r15.csv,data/auditoria/revision_etiquetas_escalado_r15_v3/revision.csv,neutral,1,neutral,1,neutral,1,compatible,alta,en marzo han continuado aumentando las colocaciones tanto de consumo como de vivienda y comerciales,Compatible con N: sin dirección respaldada. La unidad no adopta una dirección monetaria propia.,revisado,4e199518766496523b96c213a3b8a4236217219107e5e68cbd38b69a6faa4fb7,2913,desarrollo_base_v3,si,supervision_oof_control_primario
RPM-2011-02-17:3765:1,ia_base_v2,etiquetas_escalado_r15.csv,data/etiquetas/etiquetas_escalado_r15.csv,data/auditoria/revision_etiquetas_escalado_r15_v3/revision.csv,neutral,1,neutral,1,neutral,1,compatible,alta,parte importante del gasto de ese cuarto trimestre se relaciona con el repunte del sector construcción,Compatible con N: sin dirección respaldada. La unidad no adopta una dirección monetaria propia.,revisado,c83e3f17dbf015f919ffefd69f4969f0ab1f5d93e0ab73c24947fa1605e3a7c7,547,desarrollo_base_v3,si,supervision_oof_control_primario
RPM-2011-03-17:3862:1,ia_base_v2,etiquetas_escalado_r15.csv,data/etiquetas/etiquetas_escalado_r15.csv,data/auditoria/revision_etiquetas_escalado_r15_v3/revision.csv,neutral,1,neutral,1,neutral,1,compatible,alta,"si el polinomio arroja un alza de la tarifa, habría que reducir la ponderación para neutralizarla",Compatible con N: sin dirección respaldada. La unidad no adopta una dirección monetaria propia.,revisado,f53cf11aa81d706c307e5474a7deb0e34e36278db18f8896b9515cccc4000ece,194,desarrollo_base_v3,si,supervision_oof_control_primario
RPM-2011-03-17:3889:2,ia_base_v2,etiquetas_escalado_r15.csv,data/etiquetas/etiquetas_escalado_r15.csv,data/auditoria/revision_etiquetas_escalado_r15_v3/revision.csv,hawkish,1,hawkish,1,hawkish,1,compatible,alta,"considera que lo prudente sería apurar el ritmo de normalización de la política monetaria, dado el vigor del crecimiento interno",Compatible con hawkish: dirección respaldada en la unidad. No depende solo del menú o fase.,revisado,c2cf12047254a695cca1fecc29c111e4e31b3c7a68952480cf4f6e7ca2e94221,4096,desarrollo_base_v3,si,supervision_oof_control_primario
RPM-2011-04-12:3966:1,ia_base_v2,etiquetas_escalado_r15.csv,data/etiquetas/etiquetas_escalado_r15.csv,data/auditoria/revision_etiquetas_escalado_r15_v3/revision.csv,hawkish,1,hawkish,1,hawkish,1,compatible,alta,es este espacio el que justifica un alza de 50pb en esta ocasión,Compatible con hawkish: dirección respaldada en la unidad. No depende solo del menú o fase.,revisado,df7cb15c805c854f07a2889c6b97992b6de4f74c13df976e4ee0aafa7619d661,4028,desarrollo_base_v3,si,supervision_oof_control_primario
RPM-2011-05-12:4036:1,ia_base_v2,etiquetas_escalado_r15.csv,data/etiquetas/etiquetas_escalado_r15.csv,data/auditoria/revision_etiquetas_escalado_r15_v3/revision.csv,neutral,1,neutral,1,neutral,1,compatible,alta,consulta por los fundamentos del supuesto relativo al alza del pan,Compatible con N: sin dirección respaldada. La unidad no adopta una dirección monetaria propia.,revisado,349795bddbc42867350e77f9ae8de5d38af645486574a94c68ef8f3b2bfb813f,120,desarrollo_base_v3,si,supervision_oof_control_primario
RPM-2011-05-12:4044:1,ia_base_v2,etiquetas_escalado_r15.csv,data/etiquetas/etiquetas_escalado_r15.csv,data/auditoria/revision_etiquetas_escalado_r15_v3/revision.csv,neutral,0,neutral,0,neutral,0,compatible,alta,,Compatible con N/relevancia0: agradecimiento y ofrecimiento de comentarios (logistica).,revisado,c412c4c7b8d54e04858eea843a5e6186ca7ec9806611c8bc4137c59de63596c3,157,desarrollo_base_v3,si,supervision_oof_control_primario
RPM-2011-07-14:4213:1,ia_base_v2,etiquetas_escalado_r15.csv,data/etiquetas/etiquetas_escalado_r15.csv,data/auditoria/revision_etiquetas_escalado_r15_v3/revision.csv,hawkish,1,hawkish,1,hawkish,1,compatible,alta,serán necesarios aumentos adicionales en la tasa de polítíca monetaria,Compatible con hawkish: dirección respaldada en la unidad. No depende solo del menú o fase.,revisado,8ab53213d4fce38e20dcafe7826dc3a6bd4f42521596397307e9b830cbc7e159,1918,desarrollo_base_v3,si,supervision_oof_control_primario
RPM-2011-08-18:4267:3,ia_base_v2,etiquetas_escalado_r15.csv,data/etiquetas/etiquetas_escalado_r15.csv,data/auditoria/revision_etiquetas_escalado_r15_v3/revision.csv,neutral,0,neutral,0,neutral,0,compatible,alta,,Compatible con N/relevancia0: ofrecimiento de la palabra al staff (logistica).,revisado,1bf3add17f3b18f96e8e964284020742afc741086b2242b7ff687bc443dafb3f,184,desarrollo_base_v3,si,supervision_oof_control_primario
RPM-2011-09-15:4332:1,ia_base_v2,etiquetas_escalado_r15.csv,data/etiquetas/etiquetas_escalado_r15.csv,data/auditoria/revision_etiquetas_escalado_r15_v3/revision.csv,dovish,1,dovish,1,neutral,1,cambio_etiqueta,alta,"su voto también es por mantener la tasa en un 5,25%, con un sesgo neutral","Mantiene con sesgo neutral y condiciona cualquier ajuste a nueva información: N, no D.",revisado,fe4bcf9de0a1895d682e94a4322b596280877a1c30f97bb9d4976e314f672aa6,3732,desarrollo_base_v3,si,supervision_oof_control_primario
RPM-2011-10-13:4380:1,ia_base_v2,etiquetas_escalado_r15.csv,data/etiquetas/etiquetas_escalado_r15.csv,data/auditoria/revision_etiquetas_escalado_r15_v3/revision.csv,neutral,1,neutral,1,neutral,1,compatible,alta,"para esta Reunión, el mercado espera una mantención de la tasa de política monetaria",Compatible con N: sin dirección respaldada. La unidad no adopta una dirección monetaria propia.,revisado,c068559b7106ff8b2a4eaccda221c890829cb45e4f6daf6fff7f9b84cb993aab,2064,desarrollo_base_v3,si,supervision_oof_control_primario
RPM-2012-02-14:4584:1,ia_base_v2,etiquetas_escalado_r15.csv,data/etiquetas/etiquetas_escalado_r15.csv,data/auditoria/revision_etiquetas_escalado_r15_v3/revision.csv,neutral,1,neutral,1,neutral,1,compatible,alta,"también experimentó un aumento de 2%, empujado por todos sus componentes, con excepción de la carne, cuya alza fue inferior a 2%",Compatible con N: sin dirección respaldada. La unidad no adopta una dirección monetaria propia.,revisado,be4ec63a7ce1938bc3f352ff0013e809fa00a43e7bdd8fb9bb2a833c7889b24f,3010,desarrollo_base_v3,si,supervision_oof_control_primario
RPM-2012-02-14:4648:1,ia_base_v2,etiquetas_escalado_r15.csv,data/etiquetas/etiquetas_escalado_r15.csv,data/auditoria/revision_etiquetas_escalado_r15_v3/revision.csv,neutral,1,neutral,1,neutral,1,compatible,media,"no se pueden descartar bajas futuras de la tasa rectora, aunque las condiciones actuales no permiten observar con claridad su oportunidad y la magnitud de ellas",Compatible con N: sin dirección respaldada. La unidad no adopta una dirección monetaria propia.,revisado,124b39b9ea81a9613eaeeecc90bf5da7f7e4cfdce5a5c23b0fb6797274309fbf,6040,desarrollo_base_v3,si,supervision_oof_control_primario
RPM-2012-03-15:4701:1,ia_base_v2,etiquetas_escalado_r15.csv,data/etiquetas/etiquetas_escalado_r15.csv,data/auditoria/revision_etiquetas_escalado_r15_v3/revision.csv,neutral,1,neutral,1,neutral,1,compatible,alta,estos últimos han ido retrocediendo por una conjunción de alzas en las ventas y la moderación previa que hubo en la construcción,Compatible con N: sin dirección respaldada. La unidad no adopta una dirección monetaria propia.,revisado,8192887909765a7819cce10be95372531edc4325f5b3ec510690b3766f760f01,687,desarrollo_base_v3,si,supervision_oof_control_primario
RPM-2012-04-17:4749:1,ia_base_v2,etiquetas_escalado_r15.csv,data/etiquetas/etiquetas_escalado_r15.csv,data/auditoria/revision_etiquetas_escalado_r15_v3/revision.csv,neutral,1,neutral,1,neutral,1,compatible,alta,pregunta si el comportamiento de la economía china afecta solo al precio de los metales o también al de los alimentos,Compatible con N: sin dirección respaldada. La unidad no adopta una dirección monetaria propia.,revisado,c7011d86e6206a0b246f07ff98d31f87435f884736a6987ff13f46e01e3e990a,154,desarrollo_base_v3,si,supervision_oof_control_primario
RPM-2012-10-18:5116:1,ia_base_v2,etiquetas_escalado_r15.csv,data/etiquetas/etiquetas_escalado_r15.csv,data/auditoria/revision_etiquetas_escalado_r15_v3/revision.csv,neutral,1,neutral,1,neutral,1,compatible,alta,"debe mantener un cierto grado de escepticismo, en razón de que varios problemas de fondo aún no han sido resueltos",Compatible con N: sin dirección respaldada. La unidad no adopta una dirección monetaria propia.,revisado,bdd0e6d87ca2773dd6613bd66612c6ed70f83464c25de91f514104b30e71db40,1621,desarrollo_base_v3,si,supervision_oof_control_primario
RPM-2012-10-18:5158:1,ia_base_v2,etiquetas_escalado_r15.csv,data/etiquetas/etiquetas_escalado_r15.csv,data/auditoria/revision_etiquetas_escalado_r15_v3/revision.csv,neutral,1,neutral,1,neutral,1,compatible,alta,"el PIB se mantiene creciendo a su tasa de tendencia, mientras que la demanda interna muestra signos incipientes de aceleración",Compatible con N: sin dirección respaldada. La unidad no adopta una dirección monetaria propia.,revisado,02b5c6e9e3623d55f4be8bc1d4379339d3d4007a4175c0fbc1edc0e269306db9,2187,desarrollo_base_v3,si,supervision_oof_control_primario
RPM-2012-11-13:5207:3,ia_base_v2,etiquetas_escalado_r15.csv,data/etiquetas/etiquetas_escalado_r15.csv,data/auditoria/revision_etiquetas_escalado_r15_v3/revision.csv,neutral,0,neutral,0,neutral,0,compatible,alta,,Compatible con N/relevancia0: reanudacion de la reunion (logistica).,revisado,7ee46d89e44470dd28b7b277b56cfe1710a875d0d5c8b8c4c2389839062d1f92,75,desarrollo_base_v3,si,supervision_oof_control_primario
RPM-2013-01-17:5283:1,ia_base_v2,etiquetas_escalado_r15.csv,data/etiquetas/etiquetas_escalado_r15.csv,data/auditoria/revision_etiquetas_escalado_r15_v3/revision.csv,neutral,1,neutral,1,neutral,1,compatible,alta,sería altamente conveniente realizar un catastro sobre las medidas de proteccionismo cambiario adoptadas últimamente por diversas economías,Compatible con N: sin dirección respaldada. La unidad no adopta una dirección monetaria propia.,revisado,0947aadd0b3422ff09f186bd5ca082147735d94c869ea37e22bba4a9b0d7e958,1209,desarrollo_base_v3,si,supervision_oof_control_primario
RPM-2013-02-14:5350:1,ia_base_v2,etiquetas_escalado_r15.csv,data/etiquetas/etiquetas_escalado_r15.csv,data/auditoria/revision_etiquetas_escalado_r15_v3/revision.csv,neutral,1,neutral,1,neutral,1,compatible,alta,consulta por alguna razón especial que explique el alza del precio del petróleo,Compatible con N: sin dirección respaldada. La unidad no adopta una dirección monetaria propia.,revisado,234d569fb93efd6b7c3fda4ab59bfcab844ccad48912de0106059a3068b0e839,116,desarrollo_base_v3,si,supervision_oof_control_primario
RPM-2013-05-16:5550:1,ia_base_v2,etiquetas_escalado_r15.csv,data/etiquetas/etiquetas_escalado_r15.csv,data/auditoria/revision_etiquetas_escalado_r15_v3/revision.csv,neutral,0,neutral,0,neutral,0,compatible,alta,,Compatible con N/relevancia0: fijacion de fecha y transito a opciones (logistica).,revisado,0a1c3b2c3edf61c697c73a0a13e65d2eeac91bcd8143ce57e897ffe279764385,350,desarrollo_base_v3,si,supervision_oof_control_primario
RPM-2013-05-16:5566:2,ia_base_v2,etiquetas_escalado_r15.csv,data/etiquetas/etiquetas_escalado_r15.csv,data/auditoria/revision_etiquetas_escalado_r15_v3/revision.csv,neutral,1,neutral,1,neutral,1,compatible,alta,se acuerda por unanimidad de los señores Consejeros mantener la Tasa de Política Monetaria en 5% anual,Compatible con N: sin dirección respaldada. La unidad no adopta una dirección monetaria propia.,revisado,7bfbea25ad161848435a5e53a0388ecac169414225a91e13cc6d3d8672ad3bf3,176,desarrollo_base_v3,si,supervision_oof_control_primario
RPM-2013-08-13:5752:2,ia_base_v2,etiquetas_escalado_r15.csv,data/etiquetas/etiquetas_escalado_r15.csv,data/auditoria/revision_etiquetas_escalado_r15_v3/revision.csv,neutral,1,neutral,1,neutral,1,compatible,alta,se acuerda por unanimidad de los señores Consejeros mantener la Tasa de Política Monetaria en 5% anual,Compatible con N: sin dirección respaldada. La unidad no adopta una dirección monetaria propia.,revisado,7bfbea25ad161848435a5e53a0388ecac169414225a91e13cc6d3d8672ad3bf3,176,desarrollo_base_v3,si,supervision_oof_control_primario
RPM-2013-12-12:5908:1,ia_base_v2,etiquetas_escalado_r15.csv,data/etiquetas/etiquetas_escalado_r15.csv,data/auditoria/revision_etiquetas_escalado_r15_v3/revision.csv,neutral,0,neutral,0,neutral,0,compatible,alta,,"Compatible con N/relevancia0: comentario sobre acuerdo institucional Banco-Fisco, fuera del alcance PM.",revisado,0a3d08b96cf62c5a7b58265f828ebd07b4a2308cdde2176d70840faf02c93c26,230,desarrollo_base_v3,si,supervision_oof_control_primario
RPM-2013-12-12:5913:1,ia_base_v2,etiquetas_escalado_r15.csv,data/etiquetas/etiquetas_escalado_r15.csv,data/auditoria/revision_etiquetas_escalado_r15_v3/revision.csv,neutral,1,neutral,1,neutral,1,compatible,alta,las perspectivas del precio de la gasolina se han corregido al alza y en lo futuro se advierte un precio algo mayor,Compatible con N: sin dirección respaldada. La unidad no adopta una dirección monetaria propia.,revisado,2727319d24c19ca46ef1b0a5b3de601ebf7231acf81bac277c371ae1ccbff171,1510,desarrollo_base_v3,si,supervision_oof_control_primario
RPM-2013-12-12:5935:1,ia_base_v2,etiquetas_escalado_r15.csv,data/etiquetas/etiquetas_escalado_r15.csv,data/auditoria/revision_etiquetas_escalado_r15_v3/revision.csv,neutral,1,neutral,1,neutral,1,compatible,alta,la depreciación del tipo de cambio y el ajuste de los precios relativos podría traducirse en variaciones algo mayores,Compatible con N: sin dirección respaldada. La unidad no adopta una dirección monetaria propia.,revisado,a419cdd8ac7d3078dbf71c631feca51bf51b370079fc09553c5710fdefc199cd,914,desarrollo_base_v3,si,supervision_oof_control_primario
RPM-2014-01-16:5972:1,ia_base_v2,etiquetas_escalado_r15.csv,data/etiquetas/etiquetas_escalado_r15.csv,data/auditoria/revision_etiquetas_escalado_r15_v3/revision.csv,neutral,1,neutral,1,neutral,1,compatible,alta,"en términos netos sería más positivo para Chile, aunque reconoce que el panorama se ha tornado complejo",Compatible con N: sin dirección respaldada. La unidad no adopta una dirección monetaria propia.,revisado,6977a06996a6a221a8f0926ee1cf89607c3c6775f327a4ea20a2626e22769e0c,1883,desarrollo_base_v3,si,supervision_oof_control_primario
RPM-2014-04-17:6165:1,ia_base_v2,etiquetas_escalado_r15.csv,data/etiquetas/etiquetas_escalado_r15.csv,data/auditoria/revision_etiquetas_escalado_r15_v3/revision.csv,neutral,1,neutral,1,neutral,1,compatible,alta,la mediana de los encuestados considera la posibilidad de que se produzcan dos recortes en los próximos meses,Compatible con N: sin dirección respaldada. La unidad no adopta una dirección monetaria propia.,revisado,3be1e0cbaa20090403bde87473f5b35550a5789ae849992082d974a7803e7648,2620,desarrollo_base_v3,si,supervision_oof_control_primario
RPM-2014-05-15:6193:1,ia_base_v2,etiquetas_escalado_r15.csv,data/etiquetas/etiquetas_escalado_r15.csv,data/auditoria/revision_etiquetas_escalado_r15_v3/revision.csv,neutral,1,neutral,1,neutral,1,compatible,alta,"las expectativas para la TPM se han ajustado al alza, esperándose solo un recorte adicional",Compatible con N: sin dirección respaldada. La unidad no adopta una dirección monetaria propia.,revisado,fb30a7e63599977a60e9b087f07f094c07823ad9bfc77cf5a984a83927ddcecc,4662,desarrollo_base_v3,si,supervision_oof_control_primario
RPM-2014-05-15:6212:1,ia_base_v2,etiquetas_escalado_r15.csv,data/etiquetas/etiquetas_escalado_r15.csv,data/auditoria/revision_etiquetas_escalado_r15_v3/revision.csv,neutral,1,neutral,1,neutral,1,compatible,alta,"el IPC del mes de abril registró una variación muy superior a la esperada internamente, debido a las sorpresas provenientes principalmente de los ítems core",Compatible con N: sin dirección respaldada. La unidad no adopta una dirección monetaria propia.,revisado,aa9e933c650e7615884307dbc0e9a07f34ab60403b98370285f90affab911eda,4012,desarrollo_base_v3,si,supervision_oof_control_primario
RPM-2014-05-15:6218:1,ia_base_v2,etiquetas_escalado_r15.csv,data/etiquetas/etiquetas_escalado_r15.csv,data/auditoria/revision_etiquetas_escalado_r15_v3/revision.csv,neutral,1,neutral,1,neutral,1,compatible,alta,"manifiesta su preocupación por la inflación, superior a 4% anual en los últimos meses",Compatible con N: sin dirección respaldada. La unidad no adopta una dirección monetaria propia.,revisado,b84eee743439392e6370340dec5aeffc2e8af8553b5b097a6a9452a92ae2755e,873,desarrollo_base_v3,si,supervision_oof_control_primario
RPM-2014-05-15:6220:1,ia_base_v2,etiquetas_escalado_r15.csv,data/etiquetas/etiquetas_escalado_r15.csv,data/auditoria/revision_etiquetas_escalado_r15_v3/revision.csv,neutral,1,neutral,1,neutral,1,compatible,alta,"en los ciclos positivos, el empleo aumenta y el de cuenta propia cae, y viceversa",Compatible con N: sin dirección respaldada. La unidad no adopta una dirección monetaria propia.,revisado,9ef2a01c358745aa4c763b3406e12232ee67bc598f0542774cc47b30bdc59914,298,desarrollo_base_v3,si,supervision_oof_control_primario
RPM-2014-06-12:6248:1,ia_base_v2,etiquetas_escalado_r15.csv,data/etiquetas/etiquetas_escalado_r15.csv,data/auditoria/revision_etiquetas_escalado_r15_v3/revision.csv,neutral,1,neutral,1,neutral,1,compatible,alta,da cuenta de una situación mucho más tranquila que lo que la realidad subyacente sugiere,Compatible con N: sin dirección respaldada. La unidad no adopta una dirección monetaria propia.,revisado,2219d3846803c593b98c57dd48c2da89fa775780b4615e6a72de1872bb494530,1616,desarrollo_base_v3,si,supervision_oof_control_primario
RPM-2014-06-12:6294:1,ia_base_v2,etiquetas_escalado_r15.csv,data/etiquetas/etiquetas_escalado_r15.csv,data/auditoria/revision_etiquetas_escalado_r15_v3/revision.csv,dovish,1,dovish,1,dovish,1,compatible,alta,El Consejo evaluará la posibilidad de introducir recortes adicionales de la TPM de acuerdo a la evolución de las condiciones macroeconómicas internas y externas,Compatible con dovish: dirección respaldada en la unidad. No depende solo del menú o fase.,revisado,45eb175317bb9f667cdf30fb3ccfb237585d29f7d12f3f26543c2e0bf9a25cf1,2317,desarrollo_base_v3,si,supervision_oof_control_primario
RPM-2014-07-15:6337:1,ia_base_v2,etiquetas_escalado_r15.csv,data/etiquetas/etiquetas_escalado_r15.csv,data/auditoria/revision_etiquetas_escalado_r15_v3/revision.csv,neutral,0,neutral,0,neutral,0,compatible,alta,,Compatible con N/relevancia0: agradecimiento y ofrecimiento de la palabra (logistica).,revisado,4fb393143c4e8830a2326f633ed4773c3191f80e3234026fa43ff6f3fe0346af,176,desarrollo_base_v3,si,supervision_oof_control_primario
RPM-2014-09-11:6414:1,ia_base_v2,etiquetas_escalado_r15.csv,data/etiquetas/etiquetas_escalado_r15.csv,data/auditoria/revision_etiquetas_escalado_r15_v3/revision.csv,neutral,1,neutral,1,neutral,1,compatible,alta,"medidas por el indicador sintético, se mantienen en torno a 3%",Compatible con N: sin dirección respaldada. La unidad no adopta una dirección monetaria propia.,revisado,461011612eb9e152264de6b35111eeb7153d44236db4ae7740b6910bccbb0760,1048,desarrollo_base_v3,si,supervision_oof_control_primario
RPM-2014-10-16:6484:1,ia_base_v2,etiquetas_escalado_r15.csv,data/etiquetas/etiquetas_escalado_r15.csv,data/auditoria/revision_etiquetas_escalado_r15_v3/revision.csv,dovish,1,dovish,1,dovish,1,compatible,alta,"su voto es por bajar la Tasa de Política Monetaria en 25 puntos base, a 3,00% anual, y por eliminar el sesgo del último Comunicado",Compatible con dovish: dirección respaldada en la unidad. No depende solo del menú o fase.,revisado,649c81b654d07d2162bef68a59aa8eadcb96659312005146ae5d232e3d17bdd7,699,desarrollo_base_v3,si,supervision_oof_control_primario
RPM-2014-11-18:6492:1,ia_base_v2,etiquetas_escalado_r15.csv,data/etiquetas/etiquetas_escalado_r15.csv,data/auditoria/revision_etiquetas_escalado_r15_v3/revision.csv,neutral,1,neutral,1,neutral,1,compatible,alta,"para esta Reunión, el mercado espera mayoritariamente la mantención de la TPM en 3%",Compatible con N: sin dirección respaldada. La unidad no adopta una dirección monetaria propia.,revisado,f4f16558c833575a1897ff02e2f8378e3f157bb0817c55fb41b26414c28b57d8,3813,desarrollo_base_v3,si,supervision_oof_control_primario
RPM-2014-11-18:6511:1,ia_base_v2,etiquetas_escalado_r15.csv,data/etiquetas/etiquetas_escalado_r15.csv,data/auditoria/revision_etiquetas_escalado_r15_v3/revision.csv,neutral,1,neutral,1,neutral,1,compatible,alta,manifiesta su concordancia con que la única opción relevante es mantener la TPM en 3%,Compatible con N: sin dirección respaldada. La unidad no adopta una dirección monetaria propia.,revisado,a1d135358421b24017cad04fb598da4ff5c1c1bf611f1983dfcdbefe7d8f538a,2052,desarrollo_base_v3,si,supervision_oof_control_primario
RPM-2015-04-16:6696:1,ia_base_v2,etiquetas_escalado_r15.csv,data/etiquetas/etiquetas_escalado_r15.csv,data/auditoria/revision_etiquetas_escalado_r15_v3/revision.csv,neutral,1,neutral,1,neutral,1,compatible,alta,"los datos de Colombia y Perú son mixtos, pero principalmente a la baja",Compatible con N: sin dirección respaldada. La unidad no adopta una dirección monetaria propia.,revisado,31095ec82cacdad1853a3f8f374396f29c192544108911a3e38d5d5100bf1cf8,719,desarrollo_base_v3,si,supervision_oof_control_primario
RPM-2015-04-16:6744:2,ia_base_v2,etiquetas_escalado_r15.csv,data/etiquetas/etiquetas_escalado_r15.csv,data/auditoria/revision_etiquetas_escalado_r15_v3/revision.csv,dovish,1,dovish,1,dovish,1,compatible,media,enfatiza sobre el papel preponderante que le cabe a la política monetaria en la recuperación del ritmo de crecimiento económico,Compatible con dovish: dirección respaldada en la unidad. No depende solo del menú o fase.,revisado,b2b2474ee11ffcb1289caebfeb4c7cdd049d7e302a0092fa57a1d2600bc1f60e,3384,desarrollo_base_v3,si,supervision_oof_control_primario
RPM-2015-09-15:7011:1,ia_base_v2,etiquetas_escalado_r15.csv,data/etiquetas/etiquetas_escalado_r15.csv,data/auditoria/revision_etiquetas_escalado_r15_v3/revision.csv,neutral,1,neutral,1,neutral,1,compatible,alta,"los datos de capacidad instalada del IMCE de julio y agosto son bastante negativos, con niveles cercanos a mínimos históricos",Compatible con N: sin dirección respaldada. La unidad no adopta una dirección monetaria propia.,revisado,13674bdf6ce0d4fbe729f5838b142554831ea4a31285936444e724d0a0cecc52,2438,desarrollo_base_v3,si,supervision_oof_control_primario
RPM-2015-10-15:7097:3,ia_base_v2,etiquetas_escalado_r15.csv,data/etiquetas/etiquetas_escalado_r15.csv,data/auditoria/revision_etiquetas_escalado_r15_v3/revision.csv,neutral,0,neutral,0,neutral,0,compatible,alta,,Compatible con N/relevancia0: fijacion de fecha y transito a opciones (logistica).,revisado,2f2eb070cca95a9cce76ae35e877ca6f893d398c8525dbd4dfa55aaa5b83d72d,349,desarrollo_base_v3,si,supervision_oof_control_primario
RPM-2015-11-12:7142:3,ia_base_v2,etiquetas_escalado_r15.csv,data/etiquetas/etiquetas_escalado_r15.csv,data/auditoria/revision_etiquetas_escalado_r15_v3/revision.csv,neutral,1,neutral,1,neutral,1,compatible,alta,"mientras el sector minero empeora, otros aspectos podrían mejorar",Compatible con N: sin dirección respaldada. La unidad no adopta una dirección monetaria propia.,revisado,c3b1b84da6209550723b153b7aed1222dfbe506945976585ff43a6c356ab81bc,1738,desarrollo_base_v3,si,supervision_oof_control_primario
RPM-2006-03-16:621:1,ia_base_v2,etiquetas_escalado_r16.csv,data/etiquetas/etiquetas_escalado_r16.csv,data/auditoria/revision_etiquetas_escalado_r16_v3/revision.csv,dovish,1,dovish,1,hawkish,1,cambio_etiqueta,media,perfectamente podría aprovecharse la ocasión para dar un paso oportuno en la normalización de la política monetaria,"Acepta y respalda la normalización; prefiere pausar solo porque sorprendería menos al mercado y apoyaría cualquiera de las dos opciones. La trayectoria es H, no D.",revisado,71113e54bb0cd0a579cd79d26a1ac6d9f7b819e465f27e96b7a4878193a517d5,2820,desarrollo_base_v3,si,supervision_oof_control_primario
RPM-2006-10-12:919:1,ia_base_v2,etiquetas_escalado_r16.csv,data/etiquetas/etiquetas_escalado_r16.csv,data/auditoria/revision_etiquetas_escalado_r16_v3/revision.csv,neutral,1,neutral,1,neutral,1,compatible,alta,"aquí se presentan dos noticias, una la inflación baja y la otra, proyecciones de que el precio del petróleo bajó",Compatible con N: sin dirección respaldada. La unidad no adopta una dirección monetaria propia.,revisado,5866fcac647e9943c0bc9864ae854ba15abff09345aa57c1f3af5feb06ded2df,160,desarrollo_base_v3,si,supervision_oof_control_primario
RPM-2006-11-16:979:1,ia_base_v2,etiquetas_escalado_r16.csv,data/etiquetas/etiquetas_escalado_r16.csv,data/auditoria/revision_etiquetas_escalado_r16_v3/revision.csv,dovish,1,dovish,1,neutral,1,cambio_etiqueta,alta,se dé una señal hacia una mayor neutralidad en el sesgo implícito de los movimientos futuros de la tasa de política monetaria,"Respalda mantener y neutralizar el sesgo futuro, no una baja ni orientación expansiva: N.",revisado,67861fc17807c8889d971711958449a8a8f76d46b75e0a8adf995c9c1a1e516c,3420,desarrollo_base_v3,si,supervision_oof_control_primario
RPM-2006-12-14:1003:4,ia_base_v2,etiquetas_escalado_r16.csv,data/etiquetas/etiquetas_escalado_r16.csv,data/auditoria/revision_etiquetas_escalado_r16_v3/revision.csv,neutral,1,neutral,1,neutral,1,compatible,alta,"todas las tendencias inflacionarias que se tenían el mes pasado venían apuntando hacia abajo y por el otro lado, que la situación se hubiese puesto mixta",Compatible con N: sin dirección respaldada. La unidad no adopta una dirección monetaria propia.,revisado,63067862c13ae3ede3b34de35f881039f5fe862127e876a3f9a940b62224dc6a,344,desarrollo_base_v3,si,supervision_oof_control_primario
RPM-2007-03-15:1167:1,ia_base_v2,etiquetas_escalado_r16.csv,data/etiquetas/etiquetas_escalado_r16.csv,data/auditoria/revision_etiquetas_escalado_r16_v3/revision.csv,hawkish,1,hawkish,1,hawkish,1,compatible,media,desde el IPoM han surgido una serie de noticias que le imponen un sesgo al alza a las proyecciones de inflación del escenario central,Compatible con hawkish: dirección respaldada en la unidad. No depende solo del menú o fase.,revisado,a48d961becea14916be089b6d47169b5e298830468951070746fd0be93a31634,3643,desarrollo_base_v3,si,supervision_oof_control_primario
RPM-2007-06-14:1305:1,ia_base_v2,etiquetas_escalado_r16.csv,data/etiquetas/etiquetas_escalado_r16.csv,data/auditoria/revision_etiquetas_escalado_r16_v3/revision.csv,hawkish,1,hawkish,1,hawkish,1,compatible,alta,introducir claramente un sesgo al alza en el Comunicado,Compatible con hawkish: dirección respaldada en la unidad. No depende solo del menú o fase.,revisado,474a1b0a1356625d3613b4314d5f18f3a8fa602eaa3e2e2f4fdeb9b18398475a,3964,desarrollo_base_v3,si,supervision_oof_control_primario
RPM-2007-09-13:1449:2,ia_base_v2,etiquetas_escalado_r16.csv,data/etiquetas/etiquetas_escalado_r16.csv,data/auditoria/revision_etiquetas_escalado_r16_v3/revision.csv,neutral,1,neutral,1,neutral,1,compatible,alta,señala que si la demora es predecible entiende que la cifra resultante es menor y no mayor,Compatible con N: sin dirección respaldada. La unidad no adopta una dirección monetaria propia.,revisado,5dfa706d5ff9b58cdb8c0474bde16ddde464f7e998aa56f829b2fee1412ee029,109,desarrollo_base_v3,si,supervision_oof_control_primario
RPM-2007-09-13:1468:1,ia_base_v2,etiquetas_escalado_r16.csv,data/etiquetas/etiquetas_escalado_r16.csv,data/auditoria/revision_etiquetas_escalado_r16_v3/revision.csv,hawkish,1,hawkish,1,hawkish,1,compatible,alta,su voto es por un aumento de 25 puntos base en la Tasa de Política Monetaria,Compatible con hawkish: dirección respaldada en la unidad. No depende solo del menú o fase.,revisado,7aa0bb67f628bf7c759d3ea9189ddf34f87975297741d044d8ae1ca6191fa173,3308,desarrollo_base_v3,si,supervision_oof_control_primario
RPM-2007-10-11:1519:1,ia_base_v2,etiquetas_escalado_r16.csv,data/etiquetas/etiquetas_escalado_r16.csv,data/auditoria/revision_etiquetas_escalado_r16_v3/revision.csv,neutral,1,neutral,1,neutral,1,compatible,alta,en esta ocasión lo apropiado es mantener la Tasa de Política Monetaria a la espera de acumular más antecedentes,Compatible con N: sin dirección respaldada. La unidad no adopta una dirección monetaria propia.,revisado,418dff10f45604309c11f7a011e660859f86435e0cce7d3971bc14ce195ebe10,5251,desarrollo_base_v3,si,supervision_oof_control_primario
RPM-2008-01-10:1636:1,ia_base_v2,etiquetas_escalado_r16.csv,data/etiquetas/etiquetas_escalado_r16.csv,data/auditoria/revision_etiquetas_escalado_r16_v3/revision.csv,hawkish,1,hawkish,1,hawkish,1,compatible,alta,se inclina por un aumento de 25 puntos base en la Tasa de Política Monetaria,Compatible con hawkish: dirección respaldada en la unidad. No depende solo del menú o fase.,revisado,b664abe563020e6b616548372c8713363cbf9d8f6f2f7ae0c2c052d19ed790c7,3825,desarrollo_base_v3,si,supervision_oof_control_primario
RPM-2008-04-10:1761:1,ia_base_v2,etiquetas_escalado_r16.csv,data/etiquetas/etiquetas_escalado_r16.csv,data/auditoria/revision_etiquetas_escalado_r16_v3/revision.csv,neutral,1,neutral,1,neutral,1,compatible,alta,"el trigo chileno que es el que se utiliza fundamentalmente para producir el pan chileno, no es el más apropiado para venderlo internacionalmente",Compatible con N: sin dirección respaldada. La unidad no adopta una dirección monetaria propia.,revisado,e6455d1664c6692d479830fd9ac0e433c3c696d9fa0bb0028d72f5c5de1397e4,609,desarrollo_base_v3,si,supervision_oof_control_primario
RPM-2008-07-10:1953:1,ia_base_v2,etiquetas_escalado_r16.csv,data/etiquetas/etiquetas_escalado_r16.csv,data/auditoria/revision_etiquetas_escalado_r16_v3/revision.csv,neutral,1,neutral,1,neutral,1,compatible,alta,existe un riesgo por menor inflación si efectivamente se obtiene una buena cosecha de perecibles,Compatible con N: sin dirección respaldada. La unidad no adopta una dirección monetaria propia.,revisado,1de55aa92442bf8946b1abe076031cfd39005900b27b55930a33e062f77fbfbe,808,desarrollo_base_v3,si,supervision_oof_control_primario
RPM-2008-11-13:2147:3,ia_base_v2,etiquetas_escalado_r16.csv,data/etiquetas/etiquetas_escalado_r16.csv,data/auditoria/revision_etiquetas_escalado_r16_v3/revision.csv,neutral,1,neutral,1,neutral,1,compatible,alta,"ahora lentamente se han ido corrigiendo a la baja, más o menos en línea con lo que observaba el Banco Central de Chile",Compatible con N: sin dirección respaldada. La unidad no adopta una dirección monetaria propia.,revisado,06676b5b0303d0455f6a59d884f176128f2cfe1da8a5accf182b4fbf294e763a,453,desarrollo_base_v3,si,supervision_oof_control_primario
RPM-2008-11-13:2164:1,ia_base_v2,etiquetas_escalado_r16.csv,data/etiquetas/etiquetas_escalado_r16.csv,data/auditoria/revision_etiquetas_escalado_r16_v3/revision.csv,neutral,1,neutral,1,neutral,1,compatible,alta,"ello significa una décima más de crecimiento para este año, respecto a la proyección que presentó",Compatible con N: sin dirección respaldada. La unidad no adopta una dirección monetaria propia.,revisado,d701acf89dc94da8333aaf9f0c1439f9746929381968ad4d3be63ea435b23dd5,603,desarrollo_base_v3,si,supervision_oof_control_primario
RPM-2009-04-09:2490:1,ia_base_v2,etiquetas_escalado_r16.csv,data/etiquetas/etiquetas_escalado_r16.csv,data/auditoria/revision_etiquetas_escalado_r16_v3/revision.csv,neutral,0,neutral,0,neutral,0,compatible,alta,,Compatible con N/relevancia0: ofrecimiento de la palabra al staff (logistica).,revisado,d9fb064a97fc6ea223329e7aaaccae8fa2c99b3ab366b94b37b3fc86c4e2688f,161,desarrollo_base_v3,si,supervision_oof_control_primario
RPM-2009-04-09:2494:1,ia_base_v2,etiquetas_escalado_r16.csv,data/etiquetas/etiquetas_escalado_r16.csv,data/auditoria/revision_etiquetas_escalado_r16_v3/revision.csv,dovish,1,dovish,1,dovish,1,compatible,alta,su juicio es más bien hacia un recorte más audaz que un recorte menos audaz en la Tasa de Política Monetaria,Compatible con dovish: dirección respaldada en la unidad. No depende solo del menú o fase.,revisado,246f63ab4d040664ec4f0287d2f024163f0182f491c081c0f8cf2dc4d1f82d16,4306,desarrollo_base_v3,si,supervision_oof_control_primario
RPM-2009-04-09:2497:1,ia_base_v2,etiquetas_escalado_r16.csv,data/etiquetas/etiquetas_escalado_r16.csv,data/auditoria/revision_etiquetas_escalado_r16_v3/revision.csv,dovish,1,dovish,1,dovish,1,compatible,alta,"su voto es por bajar la Tasa de Política Monetaria en 50 puntos base hasta 1,75%",Compatible con dovish: dirección respaldada en la unidad. No depende solo del menú o fase.,revisado,d745a928d1e98474f91827a17d76432527397f422f223386c40b5226d671ca3c,6324,desarrollo_base_v3,si,supervision_oof_control_primario
RPM-2009-05-07:2505:1,ia_base_v2,etiquetas_escalado_r16.csv,data/etiquetas/etiquetas_escalado_r16.csv,data/auditoria/revision_etiquetas_escalado_r16_v3/revision.csv,neutral,0,neutral,0,neutral,0,compatible,alta,,Compatible con N/relevancia0: ofrecimiento de la palabra al staff (logistica).,revisado,a64481f87fa2476d35a9387a501369d08e1ebc9ab18e9aaecf9778c955e06295,161,desarrollo_base_v3,si,supervision_oof_control_primario
RPM-2009-05-07:2550:1,ia_base_v2,etiquetas_escalado_r16.csv,data/etiquetas/etiquetas_escalado_r16.csv,data/auditoria/revision_etiquetas_escalado_r16_v3/revision.csv,dovish,1,dovish,1,dovish,1,compatible,alta,El Consejo no descarta que sea necesario reducir nuevamente la TPM,Compatible con dovish: dirección respaldada en la unidad. No depende solo del menú o fase.,revisado,5581ccaa75e843f3a9f6a846467dbccf9c09f30378b92aa5a3fd20ba8b3b37da,1576,desarrollo_base_v3,si,supervision_oof_control_primario
RPM-2009-06-16:2602:1,ia_base_v2,etiquetas_escalado_r16.csv,data/etiquetas/etiquetas_escalado_r16.csv,data/auditoria/revision_etiquetas_escalado_r16_v3/revision.csv,dovish,1,dovish,1,dovish,1,compatible,alta,será necesario mantener el estímulo monetario por un tiempo más prolongado que el implícito en los precios de activos financieros,Compatible con dovish: dirección respaldada en la unidad. No depende solo del menú o fase.,revisado,5b75e4cd36b02537ddffa0398b85bead2fc70ce3b90189a255d4ec331d6e911e,1581,desarrollo_base_v3,si,supervision_oof_control_primario
RPM-2009-09-08:2706:1,ia_base_v2,etiquetas_escalado_r16.csv,data/etiquetas/etiquetas_escalado_r16.csv,data/auditoria/revision_etiquetas_escalado_r16_v3/revision.csv,neutral,0,neutral,0,neutral,0,compatible,alta,,Compatible con N/relevancia0: ofrecimiento de la palabra al staff (logistica).,revisado,aaafd24f183ebb27783d06af53db105bceb47cfea0770f10b89d028780441d35,162,desarrollo_base_v3,si,supervision_oof_control_primario
RPM-2009-10-13:2747:1,ia_base_v2,etiquetas_escalado_r16.csv,data/etiquetas/etiquetas_escalado_r16.csv,data/auditoria/revision_etiquetas_escalado_r16_v3/revision.csv,neutral,0,neutral,0,neutral,0,compatible,alta,,Compatible con N/relevancia0: ofrecimiento de la palabra al staff (logistica).,revisado,5f4080e4c0b05105a7dd5bd5f4fa78a4ba0a099de723a61b48b3c0fd8fb128c6,181,desarrollo_base_v3,si,supervision_oof_control_primario
RPM-2010-01-14:2844:1,ia_base_v2,etiquetas_escalado_r16.csv,data/etiquetas/etiquetas_escalado_r16.csv,data/auditoria/revision_etiquetas_escalado_r16_v3/revision.csv,neutral,1,neutral,1,neutral,1,compatible,alta,"la actividad continúa recuperándose a nivel global, destacando algunas cifras positivas en el caso de la producción industrial en Japón",Compatible con N: sin dirección respaldada. La unidad no adopta una dirección monetaria propia.,revisado,88ea2f739a51318fa95ffbea383e2da4983fc9f9f4065a110773976cbaf3d616,2377,desarrollo_base_v3,si,supervision_oof_control_primario
RPM-2010-01-14:2883:1,ia_base_v2,etiquetas_escalado_r16.csv,data/etiquetas/etiquetas_escalado_r16.csv,data/auditoria/revision_etiquetas_escalado_r16_v3/revision.csv,neutral,1,neutral,1,neutral,1,compatible,alta,"la implicancia fundamental es la de no innovar, por lo que vota por mantener la TPM en su nivel actual y continuar con el programa anunciado",Compatible con N: sin dirección respaldada. La unidad no adopta una dirección monetaria propia.,revisado,eb4aa3755fc0ab79df0a247faeb42083e5680aed6c3dbe55ef47247c0fbf3cdc,3553,desarrollo_base_v3,si,supervision_oof_control_primario
RPM-2010-07-15:3276:1,ia_base_v2,etiquetas_escalado_r16.csv,data/etiquetas/etiquetas_escalado_r16.csv,data/auditoria/revision_etiquetas_escalado_r16_v3/revision.csv,hawkish,1,hawkish,1,hawkish,1,compatible,alta,la vigorosa recuperación de la economía hace anticipar que la inflación irá en aumento,Compatible con hawkish: dirección respaldada en la unidad. No depende solo del menú o fase.,revisado,634b690ae89bfec2630e0003795e676bc50553895e5807ccc07a8e47533fb9e1,2612,desarrollo_base_v3,si,supervision_oof_control_primario
RPM-2010-08-12:3337:1,ia_base_v2,etiquetas_escalado_r16.csv,data/etiquetas/etiquetas_escalado_r16.csv,data/auditoria/revision_etiquetas_escalado_r16_v3/revision.csv,hawkish,1,hawkish,1,hawkish,1,compatible,media,lo más adecuado sería continuar con el proceso paulatino y gradual de normalización de la política monetaria,Compatible con hawkish: dirección respaldada en la unidad. No depende solo del menú o fase.,revisado,c93a353df06ee27c49824dc06429c1d739eb8d97457e6c45481e2a8b89bf939e,4758,desarrollo_base_v3,si,supervision_oof_control_primario
RPM-2010-10-14:3435:1,ia_base_v2,etiquetas_escalado_r16.csv,data/etiquetas/etiquetas_escalado_r16.csv,data/auditoria/revision_etiquetas_escalado_r16_v3/revision.csv,neutral,1,neutral,1,neutral,1,compatible,alta,"no le queda claro si los actuales datos de Consensus se están acercando, de alguna manera, hacia la proyección del Banco",Compatible con N: sin dirección respaldada. La unidad no adopta una dirección monetaria propia.,revisado,d4d02dc5ac73ba956d6d0585cbb5aaf76f15349e7ae2898a5abed02a3789a717,586,desarrollo_base_v3,si,supervision_oof_control_primario
RPM-2010-11-16:3569:1,ia_base_v2,etiquetas_escalado_r16.csv,data/etiquetas/etiquetas_escalado_r16.csv,data/auditoria/revision_etiquetas_escalado_r16_v3/revision.csv,hawkish,1,hawkish,1,hawkish,1,compatible,media,"lo lógico es que la inflación adquiera una cierta normalización, por lo que nuevamente es preventivo y protege reaccionar a esa realidad",Compatible con hawkish: dirección respaldada en la unidad. No depende solo del menú o fase.,revisado,07e9eced25c8f9e21ae2db5531a250a9a244846aef36a7763d4fd53e2359dc60,1292,desarrollo_base_v3,si,supervision_oof_control_primario
RPM-2010-12-16:3598:1,ia_base_v2,etiquetas_escalado_r16.csv,data/etiquetas/etiquetas_escalado_r16.csv,data/auditoria/revision_etiquetas_escalado_r16_v3/revision.csv,neutral,1,neutral,1,neutral,1,compatible,alta,"Bélgica está empezando a contagiarse, y solicita que se verifique esta noticia",Compatible con N: sin dirección respaldada. La unidad no adopta una dirección monetaria propia.,revisado,812c7a4ac5148a3dbfb26684c3789dc6639386f15c4233c35531419bcaf51b45,299,desarrollo_base_v3,si,supervision_oof_control_primario
RPM-2011-02-17:3731:1,ia_base_v2,etiquetas_escalado_r16.csv,data/etiquetas/etiquetas_escalado_r16.csv,data/auditoria/revision_etiquetas_escalado_r16_v3/revision.csv,neutral,1,neutral,1,neutral,1,compatible,alta,"se mantienen las expectativas de alzas de la TPM, con trayectorias algo más aceleradas en América Latina y un ligero adelanto en las economías desarrolladas",Compatible con N: sin dirección respaldada. La unidad no adopta una dirección monetaria propia.,revisado,467519abb029e1375cfc366be5a0478433a23960cbf6f70bf394b955fc90789a,2894,desarrollo_base_v3,si,supervision_oof_control_primario
RPM-2011-02-17:3813:3,ia_base_v2,etiquetas_escalado_r16.csv,data/etiquetas/etiquetas_escalado_r16.csv,data/auditoria/revision_etiquetas_escalado_r16_v3/revision.csv,hawkish,1,hawkish,1,hawkish,1,compatible,alta,El Consejo reitera que será necesario continuar reduciendo el estímulo monetario en los meses venideros,Compatible con hawkish: dirección respaldada en la unidad. No depende solo del menú o fase.,revisado,75c4db98255bd824fdbcc9a56f870da3ce621442831dc5550f03e69319a49b07,1806,desarrollo_base_v3,si,supervision_oof_control_primario
RPM-2011-03-17:3881:4,ia_base_v2,etiquetas_escalado_r16.csv,data/etiquetas/etiquetas_escalado_r16.csv,data/auditoria/revision_etiquetas_escalado_r16_v3/revision.csv,neutral,0,neutral,0,neutral,0,compatible,alta,,Compatible con N/relevancia0: bienvenida al ministro y transito a opciones (logistica).,revisado,61735d234a3d347c44338b20eeef60d151587cb740b6ee6d11b542f4bee5ea91,257,desarrollo_base_v3,si,supervision_oof_control_primario
RPM-2011-05-12:4045:1,ia_base_v2,etiquetas_escalado_r16.csv,data/etiquetas/etiquetas_escalado_r16.csv,data/auditoria/revision_etiquetas_escalado_r16_v3/revision.csv,hawkish,1,hawkish,1,hawkish,1,compatible,alta,"comunicar a la opinión pública, a los agentes y al mercado, que la tasa rectora de llegada está aún más arriba y que es cercana a 6%",Compatible con hawkish: dirección respaldada en la unidad. No depende solo del menú o fase.,revisado,955c79623ff567d595859f7d7496fbb4a339bb8fc6fc0845917759f5f8f7a901,2810,desarrollo_base_v3,si,supervision_oof_control_primario
RPM-2011-08-18:4216:1,ia_base_v2,etiquetas_escalado_r16.csv,data/etiquetas/etiquetas_escalado_r16.csv,data/auditoria/revision_etiquetas_escalado_r16_v3/revision.csv,neutral,0,neutral,0,neutral,0,compatible,alta,,Compatible con N/relevancia0: apertura de sesion: fijacion de fecha y constancia de asistencia (logistica).,revisado,34bf860aa5beaae73ddba43c43a21847bea387d3eac152c165ce15c68a46fb4d,655,desarrollo_base_v3,si,supervision_oof_control_primario
RPM-2012-01-12:4555:3,ia_base_v2,etiquetas_escalado_r16.csv,data/etiquetas/etiquetas_escalado_r16.csv,data/auditoria/revision_etiquetas_escalado_r16_v3/revision.csv,neutral,1,neutral,1,neutral,1,compatible,alta,"la masa salarial nominal está creciendo al 10%, ya que los salarios nominales lo hacen al 6% y el empleo asalariado al 4%",Compatible con N: sin dirección respaldada. La unidad no adopta una dirección monetaria propia.,revisado,f58442010c6ec3bcb6088332470cc06058898012b79f0ffe5c9a644a1955bfdc,170,desarrollo_base_v3,si,supervision_oof_control_primario
RPM-2012-03-15:4689:2,ia_base_v2,etiquetas_escalado_r16.csv,data/etiquetas/etiquetas_escalado_r16.csv,data/auditoria/revision_etiquetas_escalado_r16_v3/revision.csv,neutral,1,neutral,1,neutral,1,compatible,alta,"para esta Reunión, el mercado espera unánimemente una mantención de la TPM en 5%",Compatible con N: sin dirección respaldada. La unidad no adopta una dirección monetaria propia.,revisado,d6675174246b5a266cbb6582cbb819ef021445e93a12bbfa3c3b070b7c972da2,1070,desarrollo_base_v3,si,supervision_oof_control_primario
RPM-2012-03-15:4720:1,ia_base_v2,etiquetas_escalado_r16.csv,data/etiquetas/etiquetas_escalado_r16.csv,data/auditoria/revision_etiquetas_escalado_r16_v3/revision.csv,neutral,0,neutral,0,neutral,0,compatible,alta,,Compatible con N/relevancia0: agradecimiento y suspension de la reunion (logistica).,revisado,16541f0d1c930622a7f7536169e196a0030f36aae6d2ff97ec0315f61fcb2dde,222,desarrollo_base_v3,si,supervision_oof_control_primario
RPM-2012-04-17:4788:2,ia_base_v2,etiquetas_escalado_r16.csv,data/etiquetas/etiquetas_escalado_r16.csv,data/auditoria/revision_etiquetas_escalado_r16_v3/revision.csv,neutral,0,neutral,0,neutral,0,compatible,alta,,Compatible con N/relevancia0: constancia del acuerdo de mantencion (logistica).,revisado,6474123309692a0342d142678d5b0dd576ea7c5e59d5b3333c181e83edb99269,155,desarrollo_base_v3,si,supervision_oof_control_primario
RPM-2012-06-14:4897:1,ia_base_v2,etiquetas_escalado_r16.csv,data/etiquetas/etiquetas_escalado_r16.csv,data/auditoria/revision_etiquetas_escalado_r16_v3/revision.csv,neutral,1,neutral,1,neutral,1,compatible,alta,"la decisión correcta es la de mantener la TPM en su nivel actual del 5% anual, con un sesgo neutral para las próximas decisiones",Compatible con N: sin dirección respaldada. La unidad no adopta una dirección monetaria propia.,revisado,d967f993e5cf2fc9c7fb174074c202eb5a2b2ce3bbc959b088aa86101ed57cac,3986,desarrollo_base_v3,si,supervision_oof_control_primario
RPM-2012-07-12:4924:1,ia_base_v2,etiquetas_escalado_r16.csv,data/etiquetas/etiquetas_escalado_r16.csv,data/auditoria/revision_etiquetas_escalado_r16_v3/revision.csv,neutral,1,neutral,1,neutral,1,compatible,alta,"la masa salarial exhibe una leve aceleración, al aumentar en términos nominales desde 8%-8,5% a 8,5%—9%, aproximadamente",Compatible con N: sin dirección respaldada. La unidad no adopta una dirección monetaria propia.,revisado,b4dd05d033f290673f21c244168f21888c5aabe9e05b638066b0fe98e3c83a49,213,desarrollo_base_v3,si,supervision_oof_control_primario
RPM-2012-11-13:5215:1,ia_base_v2,etiquetas_escalado_r16.csv,data/etiquetas/etiquetas_escalado_r16.csv,data/auditoria/revision_etiquetas_escalado_r16_v3/revision.csv,neutral,1,neutral,1,neutral,1,compatible,alta,en esta oportunidad lo más adecuado es mantener la Tasa de Política Monetaria en 5% anual y el tenor del Comunicado,Compatible con N: sin dirección respaldada. La unidad no adopta una dirección monetaria propia.,revisado,0b0965c37b7b35744deda3865966feab389a2dd3836c6f1b537c7141e7d3980d,4435,desarrollo_base_v3,si,supervision_oof_control_primario
RPM-2013-02-14:5393:1,ia_base_v2,etiquetas_escalado_r16.csv,data/etiquetas/etiquetas_escalado_r16.csv,data/auditoria/revision_etiquetas_escalado_r16_v3/revision.csv,neutral,1,neutral,1,neutral,1,compatible,alta,la opción de política monetaria que predomina ampliamente es la de mantener la tasa,Compatible con N: sin dirección respaldada. La unidad no adopta una dirección monetaria propia.,revisado,d3760f740022224d278540b2b7551d839dba70f6dfdc713b61d7237e7a485cfa,4462,desarrollo_base_v3,si,supervision_oof_control_primario
RPM-2013-04-11:5492:1,ia_base_v2,etiquetas_escalado_r16.csv,data/etiquetas/etiquetas_escalado_r16.csv,data/auditoria/revision_etiquetas_escalado_r16_v3/revision.csv,neutral,1,neutral,1,neutral,1,compatible,alta,reitera la conveniencia de contar con el gráfico antedicho para efectos de favorecer una buena discusión sobre la materia,Compatible con N: sin dirección respaldada. La unidad no adopta una dirección monetaria propia.,revisado,cd292316fad3003bdfe6864ecd0201fc68c4ef46eec6df4dcaadc4d29d2335a0,910,desarrollo_base_v3,si,supervision_oof_control_primario
RPM-2013-07-11:5641:1,ia_base_v2,etiquetas_escalado_r16.csv,data/etiquetas/etiquetas_escalado_r16.csv,data/auditoria/revision_etiquetas_escalado_r16_v3/revision.csv,neutral,1,neutral,1,neutral,1,compatible,alta,las señales entregadas por el Presidente de la FED el día de ayer contribuyeron a frenar esta alza,Compatible con N: sin dirección respaldada. La unidad no adopta una dirección monetaria propia.,revisado,10fc22695be5e835667068e16862a4c1cb7b536d98e06686748640ad59c4ec7f,6303,desarrollo_base_v3,si,supervision_oof_control_primario
RPM-2013-11-19:5900:1,ia_base_v2,etiquetas_escalado_r16.csv,data/etiquetas/etiquetas_escalado_r16.csv,data/auditoria/revision_etiquetas_escalado_r16_v3/revision.csv,dovish,1,dovish,1,dovish,1,compatible,alta,todo ello apunta en la dirección de recomendar una nueva baja de la tasa rectora,Compatible con dovish: dirección respaldada en la unidad. No depende solo del menú o fase.,revisado,0cb94560a6a5c6cf9c6393cc5b61a540265c10800f6e3cc0e9491aa59549ec69,3887,desarrollo_base_v3,si,supervision_oof_control_primario
RPM-2013-12-12:5925:1,ia_base_v2,etiquetas_escalado_r16.csv,data/etiquetas/etiquetas_escalado_r16.csv,data/auditoria/revision_etiquetas_escalado_r16_v3/revision.csv,neutral,1,neutral,1,neutral,1,compatible,alta,dicho ciclo se vincularía con la inversión en infraestructura y sus sectores derivados,Compatible con N: sin dirección respaldada. La unidad no adopta una dirección monetaria propia.,revisado,1962836f9031d3e0930adedbe51efe86ee9a5e41c4e2c3a11f5287d59856bbb2,603,desarrollo_base_v3,si,supervision_oof_control_primario
RPM-2014-02-18:6015:4,ia_base_v2,etiquetas_escalado_r16.csv,data/etiquetas/etiquetas_escalado_r16.csv,data/auditoria/revision_etiquetas_escalado_r16_v3/revision.csv,neutral,1,neutral,1,neutral,1,compatible,alta,"las proyecciones del WEO muestran correcciones al alza para el crecimiento mundial en el año 2014, en línea con lo contemplado en el IPoM",Compatible con N: sin dirección respaldada. La unidad no adopta una dirección monetaria propia.,revisado,39a1636fefc822c3fb5b6b4104c8b8ef5b18f2f1a1b4eb287cc0e67ce8b09401,8218,desarrollo_base_v3,si,supervision_oof_control_primario
RPM-2014-05-15:6189:1,ia_base_v2,etiquetas_escalado_r16.csv,data/etiquetas/etiquetas_escalado_r16.csv,data/auditoria/revision_etiquetas_escalado_r16_v3/revision.csv,neutral,1,neutral,1,neutral,1,compatible,alta,"sugieren que el rebalanceo se está produciendo, pero a una velocidad distinta de la anticipada",Compatible con N: sin dirección respaldada. La unidad no adopta una dirección monetaria propia.,revisado,1a447d646272d54cb031bb4e69078d7d54a9d37f8f1ac0cc295d279c5c462596,1372,desarrollo_base_v3,si,supervision_oof_control_primario
RPM-2014-05-15:6221:1,ia_base_v2,etiquetas_escalado_r16.csv,data/etiquetas/etiquetas_escalado_r16.csv,data/auditoria/revision_etiquetas_escalado_r16_v3/revision.csv,neutral,0,neutral,0,neutral,0,compatible,alta,,Compatible con N/relevancia0: fijacion de fecha y transito a opciones (logistica).,revisado,15c1b472ec1de4ff32455e1da37881338983983d6cd22fcae7d751903c0dd044,357,desarrollo_base_v3,si,supervision_oof_control_primario
RPM-2014-09-11:6397:1,ia_base_v2,etiquetas_escalado_r16.csv,data/etiquetas/etiquetas_escalado_r16.csv,data/auditoria/revision_etiquetas_escalado_r16_v3/revision.csv,neutral,1,neutral,1,neutral,1,compatible,alta,las condiciones financieras internacionales exhibieron mejoras durante el último mes,Compatible con N: sin dirección respaldada. La unidad no adopta una dirección monetaria propia.,revisado,4f2527712fd76c56cc51058fbfb774acb6e0caa10daf34ee3865287899a7e7fd,2858,desarrollo_base_v3,si,supervision_oof_control_primario
RPM-2014-09-11:6437:1,ia_base_v2,etiquetas_escalado_r16.csv,data/etiquetas/etiquetas_escalado_r16.csv,data/auditoria/revision_etiquetas_escalado_r16_v3/revision.csv,dovish,1,dovish,1,dovish,1,compatible,alta,la de reducir la TPM en 25 puntos base se impone en esta oportunidad,Compatible con dovish: dirección respaldada en la unidad. No depende solo del menú o fase.,revisado,20b72a8a8054cdfcd8e63e00a650f7b277627739615dfab5add1dd8f8db8b033,3089,desarrollo_base_v3,si,supervision_oof_control_primario
RPM-2014-11-18:6487:1,ia_base_v2,etiquetas_escalado_r16.csv,data/etiquetas/etiquetas_escalado_r16.csv,data/auditoria/revision_etiquetas_escalado_r16_v3/revision.csv,neutral,0,neutral,0,neutral,0,compatible,alta,,Compatible con N/relevancia0: apertura de sesion: fijacion de fecha futura y ofrecimiento de la palabra (logistica).,revisado,8887b008a3e96c2a094909976891190ae93adc4b86c966d085e014fe150399a9,491,desarrollo_base_v3,si,supervision_oof_control_primario
RPM-2015-02-12:6620:1,ia_base_v2,etiquetas_escalado_r16.csv,data/etiquetas/etiquetas_escalado_r16.csv,data/auditoria/revision_etiquetas_escalado_r16_v3/revision.csv,neutral,1,neutral,1,neutral,1,compatible,alta,"los últimos datos confirmarían que el mayor deterioro de la actividad, observado mes a mes desde el segundo semestre de 2014, se ha detenido",Compatible con N: sin dirección respaldada. La unidad no adopta una dirección monetaria propia.,revisado,d32c0a3e6b426753595d3eaf3fd83bd2eb8546bdacfea268d2973d1700ee2877,841,desarrollo_base_v3,si,supervision_oof_control_primario
RPM-2015-02-12:6624:1,ia_base_v2,etiquetas_escalado_r16.csv,data/etiquetas/etiquetas_escalado_r16.csv,data/auditoria/revision_etiquetas_escalado_r16_v3/revision.csv,neutral,1,neutral,1,neutral,1,compatible,alta,Manifiesta su preocupación por una convergencia de la inflación al interior del rango meta que se ha aplazado más allá de lo previsto,Compatible con N: sin dirección respaldada. La unidad no adopta una dirección monetaria propia.,revisado,f5b39951433fb01cc1aa069f257965b35574d1122791862e3c0d1d38af9ba0b7,796,desarrollo_base_v3,si,supervision_oof_control_primario
RPM-2015-04-16:6698:1,ia_base_v2,etiquetas_escalado_r16.csv,data/etiquetas/etiquetas_escalado_r16.csv,data/auditoria/revision_etiquetas_escalado_r16_v3/revision.csv,neutral,1,neutral,1,neutral,1,compatible,alta,los datos de crecimiento mundial para los años 2015 y 2016 coinciden con los contemplados en dicho Informe,Compatible con N: sin dirección respaldada. La unidad no adopta una dirección monetaria propia.,revisado,616fe786ea626bb5427f790d0d955369ce6af429433fe7d5b5ba5db1850c4908,1596,desarrollo_base_v3,si,supervision_oof_control_primario
RPM-2015-07-14:6881:1,ia_base_v2,etiquetas_escalado_r16.csv,data/etiquetas/etiquetas_escalado_r16.csv,data/auditoria/revision_etiquetas_escalado_r16_v3/revision.csv,neutral,1,neutral,1,neutral,1,compatible,alta,la información disponible no es suficiente para descartar que un descalabro mayor en dicha economía sea inocuo para el resto de Europa,Compatible con N: sin dirección respaldada. La unidad no adopta una dirección monetaria propia.,revisado,bf78ea81c0797f1c385bf4b1e051afb32fa5d992c7af4ff06ca658f8502e7fc6,1860,desarrollo_base_v3,si,supervision_oof_control_primario
RPM-2015-10-15:7058:5,ia_base_v2,etiquetas_escalado_r16.csv,data/etiquetas/etiquetas_escalado_r16.csv,data/auditoria/revision_etiquetas_escalado_r16_v3/revision.csv,neutral,1,neutral,1,neutral,1,compatible,alta,un mercado laboral relativamente dinámico respecto de la situación de crecimiento que exhibe la región,Compatible con N: sin dirección respaldada. La unidad no adopta una dirección monetaria propia.,revisado,e2aaf99b47e9ce9ab0ddf004d48757f2cebe6360604df97a55e20a8825570d4b,749,desarrollo_base_v3,si,supervision_oof_control_primario
RPM-2015-12-17:7163:1,ia_base_v2,etiquetas_escalado_r16.csv,data/etiquetas/etiquetas_escalado_r16.csv,data/auditoria/revision_etiquetas_escalado_r16_v3/revision.csv,neutral,1,neutral,1,neutral,1,compatible,alta,las reacciones al alza de tasa en Estados Unidos de América han sido bastante acotadas,Compatible con N: sin dirección respaldada. La unidad no adopta una dirección monetaria propia.,revisado,448258212cad8ecb475eec9b1aec10e87cc2cc49e23aa751f42b54679c3a1425,5106,desarrollo_base_v3,si,supervision_oof_control_primario
RPM-2007-04-12:1220:1,ia_base_v2,etiquetas_escalado_r17.csv,data/etiquetas/etiquetas_escalado_r17.csv,data/auditoria/revision_etiquetas_escalado_r17_v3/revision.csv,neutral,1,neutral,1,neutral,1,compatible,alta,le parece que lo más adecuado es mantener la tasa de política y establecer un sesgo neutral para el futuro de la política monetaria,Compatible con N: sin dirección respaldada. La unidad no adopta una dirección monetaria propia.,revisado,22ed36f514c86a0f706ae50d24c11b72f904bcb4f2662f0ce043e9245e5d6fdc,4449,desarrollo_base_v3,si,supervision_oof_control_primario
RPM-2009-05-07:2537:8,ia_base_v2,etiquetas_escalado_r17.csv,data/etiquetas/etiquetas_escalado_r17.csv,data/auditoria/revision_etiquetas_escalado_r17_v3/revision.csv,neutral,1,neutral,1,neutral,1,compatible,alta,"muy por encima de lo que daba la ecuación sobre todo el periodo de boom, con una reversión muy brusca en los últimos meses",Compatible con N: sin dirección respaldada. La unidad no adopta una dirección monetaria propia.,revisado,614ed05a1493f210f61986f45d255524d183e75080bcdb2179182d432adc5b28,359,desarrollo_base_v3,si,supervision_oof_control_primario
RPM-2011-04-12:3958:1,ia_base_v2,etiquetas_escalado_r17.csv,data/etiquetas/etiquetas_escalado_r17.csv,data/auditoria/revision_etiquetas_escalado_r17_v3/revision.csv,neutral,1,neutral,1,neutral,1,compatible,alta,"la mayoría de los agentes piensa que se acordará un alza de la TPM de 50 puntos base y que esta llegaría a un nivel de entre 5,5 y 6% a mediados de año",Compatible con N: sin dirección respaldada. La unidad no adopta una dirección monetaria propia.,revisado,51e017b7b98d80d47eeb8c500b8f3b97002f2f5a452ea72c26520e5394b5700f,1536,desarrollo_base_v3,si,supervision_oof_control_primario
RPM-2011-12-13:4469:1,ia_base_v2,etiquetas_escalado_r17.csv,data/etiquetas/etiquetas_escalado_r17.csv,data/auditoria/revision_etiquetas_escalado_r17_v3/revision.csv,neutral,1,neutral,1,neutral,1,compatible,alta,pregunta por el porcentaje de la desaceleración de la producción industrial que puede ser explicada por las exportaciones,Compatible con N: sin dirección respaldada. La unidad no adopta una dirección monetaria propia.,revisado,30c83240516aff1c087ddb1a7bdbc994ab5844d2a1ba26e39740994704e55906,293,desarrollo_base_v3,si,supervision_oof_control_primario
RPM-2012-04-17:4779:1,ia_base_v2,etiquetas_escalado_r17.csv,data/etiquetas/etiquetas_escalado_r17.csv,data/auditoria/revision_etiquetas_escalado_r17_v3/revision.csv,neutral,0,neutral,0,neutral,0,compatible,alta,,Compatible con N/relevancia0: ofrecimiento de la palabra al staff (logistica).,revisado,769dbfd95d27f159cc2aac81051318a7cdcbbb4570c66a344f3cc51fc18fd81a,217,desarrollo_base_v3,si,supervision_oof_control_primario
RPM-2013-01-17:5302:1,ia_base_v2,etiquetas_escalado_r17.csv,data/etiquetas/etiquetas_escalado_r17.csv,data/auditoria/revision_etiquetas_escalado_r17_v3/revision.csv,neutral,1,neutral,1,neutral,1,compatible,alta,"el tema inflacionario es un riesgo que ha sido minimizado hasta ahora, pero que comienza a aparecer con una fuerza algo mayor",Compatible con N: sin dirección respaldada. La unidad no adopta una dirección monetaria propia.,revisado,7462e2659ee279f534c1038066cd47b6175bcdcc163e573ea114ddda5d554b3e,2512,desarrollo_base_v3,si,supervision_oof_control_primario
RPM-2013-06-13:5626:1,ia_base_v2,etiquetas_escalado_r17.csv,data/etiquetas/etiquetas_escalado_r17.csv,data/auditoria/revision_etiquetas_escalado_r17_v3/revision.csv,neutral,1,neutral,1,neutral,1,compatible,alta,concordar con la recomendación de la Gerencia de División Estudios en orden a mantener la TPM en 5% anual,Compatible con N: sin dirección respaldada. La unidad no adopta una dirección monetaria propia.,revisado,5780dfed97333bc10c36a84fc59def38a23ec0c303c897ddfd656e2d2b86184f,3002,desarrollo_base_v3,si,supervision_oof_control_primario
RPM-2005-01-11:10:1,ia_base_v2,etiquetas_escalado_r5.csv,data/etiquetas/etiquetas_escalado_r5.csv,data/auditoria/revision_etiquetas_escalado_r5_v3/revision.csv,neutral,1,neutral,1,neutral,1,compatible,alta,"si esto significa que el mercado cree que el promedio de la inflación de los próximos 10 años va a ser 2,5%",Compatible con N: sin dirección respaldada. La unidad no adopta una dirección monetaria propia.,revisado,115ede2ab764ac70dc3ac6399936af0196780b734b3de07bc3b510df2f3768ee,135,desarrollo_base_v3,si,supervision_oof_control_primario
RPM-2005-01-11:11:1,ia_base_v2,etiquetas_escalado_r5.csv,data/etiquetas/etiquetas_escalado_r5.csv,data/auditoria/revision_etiquetas_escalado_r5_v3/revision.csv,neutral,1,neutral,1,neutral,1,compatible,alta,"la UF también es una tasa que fluctúa mucho, por lo tanto también hay una prima de riesgo en las tasas en UF",Compatible con N: sin dirección respaldada. La unidad no adopta una dirección monetaria propia.,revisado,7c5b21297983edd5e3480f461d458fc067e85895d4e7e3674b0e928426bab5d7,245,desarrollo_base_v3,si,supervision_oof_control_primario
RPM-2005-01-11:12:1,ia_base_v2,etiquetas_escalado_r5.csv,data/etiquetas/etiquetas_escalado_r5.csv,data/auditoria/revision_etiquetas_escalado_r5_v3/revision.csv,neutral,1,neutral,1,neutral,1,compatible,alta,la prima de riesgo tiende a aumentar las tasas en UF por lo tanto la diferencia entre la nominal y la UF es más baja,Compatible con N: sin dirección respaldada. La unidad no adopta una dirección monetaria propia.,revisado,81e9ef67ef2beee7ce407bceee0c9a237ed43a0e0fb09b600de9fe7a7da6e18c,185,desarrollo_base_v3,si,supervision_oof_control_primario
RPM-2005-01-11:13:1,ia_base_v2,etiquetas_escalado_r5.csv,data/etiquetas/etiquetas_escalado_r5.csv,data/auditoria/revision_etiquetas_escalado_r5_v3/revision.csv,neutral,1,neutral,1,neutral,1,compatible,alta,desde el punto de vista del largo plazo para ellos el activo más seguro es el activo denominado en UF,Compatible con N: sin dirección respaldada. La unidad no adopta una dirección monetaria propia.,revisado,74b15639627a4c2db94b2b3c2b3599f329f1fc0a16e1bf9f99f84a4cf5e02efd,622,desarrollo_base_v3,si,supervision_oof_control_primario
RPM-2005-01-11:14:1,ia_base_v2,etiquetas_escalado_r5.csv,data/etiquetas/etiquetas_escalado_r5.csv,data/auditoria/revision_etiquetas_escalado_r5_v3/revision.csv,neutral,1,neutral,1,neutral,1,compatible,alta,"la compensación inflacionaria en general debería ser menor que la expectativa de inflación implícita, porque hay que darle un premio adicional a los papeles nominales",Compatible con N: sin dirección respaldada. La unidad no adopta una dirección monetaria propia.,revisado,6792502ab9eed5ccfe5c098a7c1da6ede20c10af3703e1d2f664ab48e3519085,822,desarrollo_base_v3,si,supervision_oof_control_primario
RPM-2005-01-11:15:1,ia_base_v2,etiquetas_escalado_r5.csv,data/etiquetas/etiquetas_escalado_r5.csv,data/auditoria/revision_etiquetas_escalado_r5_v3/revision.csv,neutral,1,neutral,1,neutral,1,compatible,alta,ha sido un poco más intensivo en inversión y el consumo ha sido un poco más estable,Compatible con N: sin dirección respaldada. La unidad no adopta una dirección monetaria propia.,revisado,53d7239738af609f4866ff9334126f370766127ee24cf484e7ea991ab5caca5c,300,desarrollo_base_v3,si,supervision_oof_control_primario
RPM-2005-01-11:16:1,ia_base_v2,etiquetas_escalado_r5.csv,data/etiquetas/etiquetas_escalado_r5.csv,data/auditoria/revision_etiquetas_escalado_r5_v3/revision.csv,neutral,1,neutral,1,neutral,1,compatible,alta,"toda la aceleración que hubo del crecimiento, del orden de un punto y medio, fue básicamente consumo, y nada de inversión",Compatible con N: sin dirección respaldada. La unidad no adopta una dirección monetaria propia.,revisado,466c17252262b42bc5f85dd4e09480e6d2e981ea59dffded1501bb9510cfcb1f,388,desarrollo_base_v3,si,supervision_oof_control_primario
RPM-2005-01-11:17:1,ia_base_v2,etiquetas_escalado_r5.csv,data/etiquetas/etiquetas_escalado_r5.csv,data/auditoria/revision_etiquetas_escalado_r5_v3/revision.csv,neutral,1,neutral,1,neutral,1,compatible,alta,Se pregunta si el 2004 y 2005 puede ser comparable con el 86-87 o quizás con el 91-92 o 92-93,Compatible con N: sin dirección respaldada. La unidad no adopta una dirección monetaria propia.,revisado,1fc0644a463d881acd29fd96feb508b60e8bda93e457d669beaa989149698144,200,desarrollo_base_v3,si,supervision_oof_control_primario
RPM-2005-01-11:18:1,ia_base_v2,etiquetas_escalado_r5.csv,data/etiquetas/etiquetas_escalado_r5.csv,data/auditoria/revision_etiquetas_escalado_r5_v3/revision.csv,neutral,1,neutral,1,neutral,1,compatible,alta,el fenómeno anómalo era la debilidad que había mostrado la inversión en todos estos años más que el rebrote que ha mostrado posteriormente,Compatible con N: sin dirección respaldada. La unidad no adopta una dirección monetaria propia.,revisado,e3fc6e6fcdc8b460c96737bcf5f61cc239c4149c713281a2f74431093f8713c8,666,desarrollo_base_v3,si,supervision_oof_control_primario
RPM-2005-01-11:19:1,ia_base_v2,etiquetas_escalado_r5.csv,data/etiquetas/etiquetas_escalado_r5.csv,data/auditoria/revision_etiquetas_escalado_r5_v3/revision.csv,neutral,1,neutral,1,neutral,1,compatible,alta,la inversión partió rezagada y ahora lo hizo con fuerza y recuperó todo lo que había perdido,Compatible con N: sin dirección respaldada. La unidad no adopta una dirección monetaria propia.,revisado,369860a9bed3ec6824b07d036e4ea963125fa878ebe3c932b0df39d4b4506f24,310,desarrollo_base_v3,si,supervision_oof_control_primario
RPM-2005-01-11:1:1,ia_base_v2,etiquetas_escalado_r5.csv,data/etiquetas/etiquetas_escalado_r5.csv,data/auditoria/revision_etiquetas_escalado_r5_v3/revision.csv,neutral,0,neutral,0,neutral,0,compatible,alta,,Compatible con N/relevancia0: encabezado de acta: lista de asistentes y fecha.,revisado,b3168228aaa4393c44600ec6c2eaab34f113d1a7441da3bb15f9b7502417915d,1260,desarrollo_base_v3,si,supervision_oof_control_primario
RPM-2005-01-11:20:1,ia_base_v2,etiquetas_escalado_r5.csv,data/etiquetas/etiquetas_escalado_r5.csv,data/auditoria/revision_etiquetas_escalado_r5_v3/revision.csv,neutral,1,neutral,1,neutral,1,compatible,alta,"consulta si la proyección de 5,8% para este año está basada, predominantemente, en la imputación de diciembre o hay revisiones hacia atrás",Compatible con N: sin dirección respaldada. La unidad no adopta una dirección monetaria propia.,revisado,44546940b63d2e609c62c57f5b8401437dc7c7b558f01286475d713607430202,235,desarrollo_base_v3,si,supervision_oof_control_primario
RPM-2005-01-11:21:1,ia_base_v2,etiquetas_escalado_r5.csv,data/etiquetas/etiquetas_escalado_r5.csv,data/auditoria/revision_etiquetas_escalado_r5_v3/revision.csv,neutral,1,neutral,1,neutral,1,compatible,alta,"no hay un cambio muy importante, por las ponderaciones del año 2003, que afectan la tasa del 2004",Compatible con N: sin dirección respaldada. La unidad no adopta una dirección monetaria propia.,revisado,0517626e205b628b3ba3faa4a884b125f3eafa351e7d6dc201eba76a9bab9c67,616,desarrollo_base_v3,si,supervision_oof_control_primario
RPM-2005-01-11:22:1,ia_base_v2,etiquetas_escalado_r5.csv,data/etiquetas/etiquetas_escalado_r5.csv,data/auditoria/revision_etiquetas_escalado_r5_v3/revision.csv,neutral,1,neutral,1,neutral,1,compatible,alta,"tiene la impresión que la tasa de desempleo no se sabe interpretar bien, ya que desconocemos si en la fuerza de trabajo prima el componente demográfico o un componente de comportamiento",Compatible con N: sin dirección respaldada. La unidad no adopta una dirección monetaria propia.,revisado,12b15b5d2ebc0d45ee6f852c3371b7f4009303c2e7db7898175cb3d4ea05e4f1,388,desarrollo_base_v3,si,supervision_oof_control_primario
RPM-2005-01-11:23:1,ia_base_v2,etiquetas_escalado_r5.csv,data/etiquetas/etiquetas_escalado_r5.csv,data/auditoria/revision_etiquetas_escalado_r5_v3/revision.csv,neutral,1,neutral,1,neutral,1,compatible,alta,estos elementos hacen bastante difícil extrapolar hacia dónde va la fuerza de trabajo masculina si va a continuar y si alguno de estos dos factores va a predominar,Compatible con N: sin dirección respaldada. La unidad no adopta una dirección monetaria propia.,revisado,eab6d939eb5e108c33cea8114c820d07ea3953549cbd836830a3f1cc64ebd350,709,desarrollo_base_v3,si,supervision_oof_control_primario
RPM-2005-01-11:25:1,ia_base_v2,etiquetas_escalado_r5.csv,data/etiquetas/etiquetas_escalado_r5.csv,data/auditoria/revision_etiquetas_escalado_r5_v3/revision.csv,neutral,1,neutral,1,neutral,1,compatible,alta,el tipo de cambio nominal tiene una depreciación con respecto al dólar en el curso de los próximos dos años hasta alrededor de los $ 590.- $ 600.-,Compatible con N: sin dirección respaldada. La unidad no adopta una dirección monetaria propia.,revisado,fed7c5b2cc5a4f3c377e2e74a023c03d4b0376622a241b72069b7745f6496413,332,desarrollo_base_v3,si,supervision_oof_control_primario
RPM-2005-01-11:26:1,ia_base_v2,etiquetas_escalado_r5.csv,data/etiquetas/etiquetas_escalado_r5.csv,data/auditoria/revision_etiquetas_escalado_r5_v3/revision.csv,neutral,1,neutral,1,neutral,1,compatible,alta,"cómo proyecta el Banco el producto potencial, toda vez que está empezando el 2005",Compatible con N: sin dirección respaldada. La unidad no adopta una dirección monetaria propia.,revisado,62a23ee4bb3032888f0f56ba6173f4719bd8d72a0a6bf7160c17d0a3ec930e17,109,desarrollo_base_v3,si,supervision_oof_control_primario
RPM-2005-01-11:27:1,ia_base_v2,etiquetas_escalado_r5.csv,data/etiquetas/etiquetas_escalado_r5.csv,data/auditoria/revision_etiquetas_escalado_r5_v3/revision.csv,neutral,1,neutral,1,neutral,1,compatible,alta,"el Banco usa una metodología que es, básicamente, muy similar a la que utiliza Hacienda pero con frecuencia trimestral",Compatible con N: sin dirección respaldada. La unidad no adopta una dirección monetaria propia.,revisado,4d0ae9bd1486ec2b018e71cbe5de99202a0214afa573650b242ddd37b0a6fce8,146,desarrollo_base_v3,si,supervision_oof_control_primario
RPM-2005-01-11:28:1,ia_base_v2,etiquetas_escalado_r5.csv,data/etiquetas/etiquetas_escalado_r5.csv,data/auditoria/revision_etiquetas_escalado_r5_v3/revision.csv,neutral,0,neutral,0,neutral,0,compatible,alta,,Compatible con N/relevancia0: suspension y reanudacion de la sesion (logistica).,revisado,8429f23f4c6a0235baf472dc7cb00815ca02a6d389acdc9416a310bd580a8910,128,desarrollo_base_v3,si,supervision_oof_control_primario
RPM-2005-01-11:28:2,ia_base_v2,etiquetas_escalado_r5.csv,data/etiquetas/etiquetas_escalado_r5.csv,data/auditoria/revision_etiquetas_escalado_r5_v3/revision.csv,neutral,0,neutral,0,neutral,0,compatible,alta,,Compatible con N/relevancia0: reanudacion de sesion e incorporacion de funcionarios (logistica).,revisado,82157dc7a96ed971e0971220aeae0c5ad244c1c056928dad0dd91c34dc1ac7fd,261,desarrollo_base_v3,si,supervision_oof_control_primario
RPM-2005-01-11:29:1,ia_base_v2,etiquetas_escalado_r5.csv,data/etiquetas/etiquetas_escalado_r5.csv,data/auditoria/revision_etiquetas_escalado_r5_v3/revision.csv,neutral,1,neutral,1,neutral,1,compatible,alta,"si el ritmo de estrechamiento de las holguras, es más rápido, eso debiera configurar un curso de acción monetario restrictivo más rápido que en el caso contrario",Compatible con N: sin dirección respaldada. La unidad no adopta una dirección monetaria propia.,revisado,b06ae457926813bae2e035b22132ff864ab62196c404c9a929fd364a5973e749,599,desarrollo_base_v3,si,supervision_oof_control_primario
RPM-2005-01-11:2:1,ia_base_v2,etiquetas_escalado_r5.csv,data/etiquetas/etiquetas_escalado_r5.csv,data/auditoria/revision_etiquetas_escalado_r5_v3/revision.csv,neutral,0,neutral,0,neutral,0,compatible,alta,,Compatible con N/relevancia0: fijacion de fecha de sesion futura (logistica).,revisado,87b7d01f8f403f0816b217793e725f622c4065281027c01f52ebe9a3186a0211,119,desarrollo_base_v3,si,supervision_oof_control_primario
RPM-2005-01-11:30:1,ia_base_v2,etiquetas_escalado_r5.csv,data/etiquetas/etiquetas_escalado_r5.csv,data/auditoria/revision_etiquetas_escalado_r5_v3/revision.csv,neutral,1,neutral,1,hawkish,1,cambio_etiqueta,alta,es el momento de empezar a reducir pausadamente este estímulo monetario,Respalda explícitamente comenzar a retirar estímulo: H. Era un falso N.,revisado,1f62a5bfbcfa82a6a3aaf05705bee183c35a2ff0fab0fc15c8ec9080170dcde2,1742,desarrollo_base_v3,si,supervision_oof_control_primario
RPM-2005-01-11:31:1,ia_base_v2,etiquetas_escalado_r5.csv,data/etiquetas/etiquetas_escalado_r5.csv,data/auditoria/revision_etiquetas_escalado_r5_v3/revision.csv,neutral,1,neutral,1,neutral,1,compatible,alta,se trata de una discusión enfocada más en el largo plazo,Compatible con N: sin dirección respaldada. La unidad no adopta una dirección monetaria propia.,revisado,3dcefaa7177c8c165909616594972caeafefb476909ec0e18ffb3c95d73cecbd,346,desarrollo_base_v3,si,supervision_oof_control_primario
RPM-2005-01-11:32:1,ia_base_v2,etiquetas_escalado_r5.csv,data/etiquetas/etiquetas_escalado_r5.csv,data/auditoria/revision_etiquetas_escalado_r5_v3/revision.csv,neutral,1,neutral,1,neutral,1,compatible,alta,"las decisiones en las reuniones de política monetaria están de acuerdo a la coyuntura que existe en ese momento, lo que se puede prever que va a ocurrir, pero que en ningún caso significa que se está amarrando un juicio específico",Compatible con N: sin dirección respaldada. La unidad no adopta una dirección monetaria propia.,revisado,3323d43f27d8e0b35bf6facf3eb3a1e92a453916d3451e00f0d1bd144efa5b0b,1473,desarrollo_base_v3,si,supervision_oof_control_primario
RPM-2005-01-11:33:1,ia_base_v2,etiquetas_escalado_r5.csv,data/etiquetas/etiquetas_escalado_r5.csv,data/auditoria/revision_etiquetas_escalado_r5_v3/revision.csv,neutral,1,neutral,1,neutral,1,compatible,alta,"pregunta si esa trayectoria de normalización hacia una tasa neutral que no se sabe cuál es, pero que se sabe que es más arriba, tiende a ser más apresurada",Compatible con N: sin dirección respaldada. La unidad no adopta una dirección monetaria propia.,revisado,42e3b6fc0fed8f189fec5d6d004333ac97d703bbe0225bf5cf2d931ce467b798,1134,desarrollo_base_v3,si,supervision_oof_control_primario
RPM-2005-01-11:34:1,ia_base_v2,etiquetas_escalado_r5.csv,data/etiquetas/etiquetas_escalado_r5.csv,data/auditoria/revision_etiquetas_escalado_r5_v3/revision.csv,neutral,1,neutral,1,neutral,1,compatible,alta,piensa que las brechas se van cerrando más rápido de lo que se pensaba hace seis meses,Compatible con N: sin dirección respaldada. La unidad no adopta una dirección monetaria propia.,revisado,6af1ef1af2e95ba980a614f8c5dc00645abde5bbef61c9dea6cde9a352e112d5,1520,desarrollo_base_v3,si,supervision_oof_control_primario
RPM-2005-01-11:35:1,ia_base_v2,etiquetas_escalado_r5.csv,data/etiquetas/etiquetas_escalado_r5.csv,data/auditoria/revision_etiquetas_escalado_r5_v3/revision.csv,neutral,1,neutral,1,neutral,1,compatible,alta,"la mayor novedad es que a estas alturas el gap está algo más pequeño de lo que se habría pensado hace seis meses atrás, lo que acepta",Compatible con N: sin dirección respaldada. La unidad no adopta una dirección monetaria propia.,revisado,b995b61a7697480cbd662030049edf824aa631a8aaa0be630306a5a0654cd98b,1131,desarrollo_base_v3,si,supervision_oof_control_primario
RPM-2005-01-11:36:1,ia_base_v2,etiquetas_escalado_r5.csv,data/etiquetas/etiquetas_escalado_r5.csv,data/auditoria/revision_etiquetas_escalado_r5_v3/revision.csv,neutral,1,neutral,1,neutral,1,compatible,alta,"la única manera en que el modelo corrige eso es poniéndole un riesgo país más alto, lo cual no pareciera ser consistente con tener una tasa de crecimiento más alta",Compatible con N: sin dirección respaldada. La unidad no adopta una dirección monetaria propia.,revisado,7646df121eaa5819120f33fa245369a03b0aaecd168f97d66a4240419f0ef67d,1569,desarrollo_base_v3,si,supervision_oof_control_primario
RPM-2005-01-11:37:1,ia_base_v2,etiquetas_escalado_r5.csv,data/etiquetas/etiquetas_escalado_r5.csv,data/auditoria/revision_etiquetas_escalado_r5_v3/revision.csv,neutral,0,neutral,0,neutral,0,compatible,alta,,Compatible con N/relevancia0: transito procedimental: anuncio de minuta de estudio y solicitud de opciones.,revisado,be097699d83a663b405c834ae66d044300681c5d3a9560b9cf8d1500739bc560,460,desarrollo_base_v3,si,supervision_oof_control_primario
RPM-2005-01-11:38:1,ia_base_v2,etiquetas_escalado_r5.csv,data/etiquetas/etiquetas_escalado_r5.csv,data/auditoria/revision_etiquetas_escalado_r5_v3/revision.csv,hawkish,1,hawkish,1,hawkish,1,compatible,alta,"un aumento de 25 puntos base en esta reunión es coherente con el ritmo de normalización considerado en las proyecciones, el que permite mantener la inflación proyectada en torno a 3%",Compatible con hawkish: dirección respaldada en la unidad. No depende solo del menú o fase.,revisado,9c56b1203499afeda4b237878156bac3eee3a93b2113472c2c47244f555c972e,5910,desarrollo_base_v3,si,supervision_oof_control_primario
RPM-2005-01-11:39:1,ia_base_v2,etiquetas_escalado_r5.csv,data/etiquetas/etiquetas_escalado_r5.csv,data/auditoria/revision_etiquetas_escalado_r5_v3/revision.csv,neutral,1,hawkish,1,hawkish,1,compatible,media,una eventual mantención de la tasa de política monetaria podría reafirmar una percepción errónea de que se persigue una normalización más lenta del estímulo monetario,Compatible con hawkish: dirección respaldada en la unidad. No depende solo del menú o fase.,revisado,1287aaa3350ee8c3ba5cab088ac2a8af0e7c32d26319de0a9d61e6d50b5b4d4a,1047,desarrollo_base_v3,si,supervision_oof_control_primario
RPM-2005-01-11:3:1,ia_base_v2,etiquetas_escalado_r5.csv,data/etiquetas/etiquetas_escalado_r5.csv,data/auditoria/revision_etiquetas_escalado_r5_v3/revision.csv,neutral,1,neutral,1,neutral,1,compatible,alta,Ello ha permitido continuar con una normalización pausada de la política monetaria y congruente con una convergencia gradual de la inflación proyectada del IPC a 3%,Compatible con N: sin dirección respaldada. La unidad no adopta una dirección monetaria propia.,revisado,51801fd61577a0707e19b493870f51f75b5ec7ee37f6807cd7fe9e52570883f3,8223,desarrollo_base_v3,si,supervision_oof_control_primario
RPM-2005-01-11:40:1,ia_base_v2,etiquetas_escalado_r5.csv,data/etiquetas/etiquetas_escalado_r5.csv,data/auditoria/revision_etiquetas_escalado_r5_v3/revision.csv,neutral,0,neutral,0,neutral,0,compatible,alta,,Compatible con N/relevancia0: ofrecimiento de la palabra.,revisado,b9689b5eaed084a69e2937a5673f03534bc86d22595fecb3f938877851ccaf48,69,desarrollo_base_v3,si,supervision_oof_control_primario
RPM-2005-01-11:41:1,ia_base_v2,etiquetas_escalado_r5.csv,data/etiquetas/etiquetas_escalado_r5.csv,data/auditoria/revision_etiquetas_escalado_r5_v3/revision.csv,hawkish,1,hawkish,1,hawkish,1,compatible,alta,se inclina por recomendar un alza de 25 puntos base en esta ocasión,Compatible con hawkish: dirección respaldada en la unidad. No depende solo del menú o fase.,revisado,af2005fcbc7d092b6454a6dc9b3f4e7f9ef66c4e89d47b7662225238bd87e9a4,1143,desarrollo_base_v3,si,supervision_oof_control_primario
RPM-2005-01-11:42:1,ia_base_v2,etiquetas_escalado_r5.csv,data/etiquetas/etiquetas_escalado_r5.csv,data/auditoria/revision_etiquetas_escalado_r5_v3/revision.csv,neutral,1,neutral,1,neutral,1,compatible,media,pide al Consejo extrema cautela en lo que se comunique en la Minuta de esta Sesión,Compatible con N: sin dirección respaldada. La unidad no adopta una dirección monetaria propia.,revisado,0fec3ee368b759371906d4e747e69e92c5d23370c4bbf4ce06dcf122f50e9dcf,1654,desarrollo_base_v3,si,supervision_oof_control_primario
RPM-2005-01-11:43:1,ia_base_v2,etiquetas_escalado_r5.csv,data/etiquetas/etiquetas_escalado_r5.csv,data/auditoria/revision_etiquetas_escalado_r5_v3/revision.csv,neutral,1,neutral,1,neutral,1,compatible,alta,lo que se está tratando de analizar es cómo comunicarle al mercado la política del Banco para así aumentar la efectividad de las mismas,Compatible con N: sin dirección respaldada. La unidad no adopta una dirección monetaria propia.,revisado,c2f345436ca2008664129e41bde366e59e133b00800837e38e8d942fd34582a2,748,desarrollo_base_v3,si,supervision_oof_control_primario
RPM-2005-01-11:44:1,ia_base_v2,etiquetas_escalado_r5.csv,data/etiquetas/etiquetas_escalado_r5.csv,data/auditoria/revision_etiquetas_escalado_r5_v3/revision.csv,neutral,1,neutral,1,neutral,1,compatible,alta,la transparencia ayuda mucho y su límite se encuentra en la medida que empiece a entorpecer el manejo de la política monetaria,Compatible con N: sin dirección respaldada. La unidad no adopta una dirección monetaria propia.,revisado,4070fe1d163fcf6cdef6b8b8bdbf9432afff0a60932a924737f128670488401c,934,desarrollo_base_v3,si,supervision_oof_control_primario
RPM-2005-01-11:46:1,ia_base_v2,etiquetas_escalado_r5.csv,data/etiquetas/etiquetas_escalado_r5.csv,data/auditoria/revision_etiquetas_escalado_r5_v3/revision.csv,hawkish,1,hawkish,1,hawkish,1,compatible,media,"hoy día los riesgos que se presentan, dado el mayor crecimiento del producto, y todas las incertidumbres que existen, apoyan la posibilidad de poder adelantar en algo ese ajuste y dejar la pausa para el período posterior",Compatible con hawkish: dirección respaldada en la unidad. No depende solo del menú o fase.,revisado,1dbc7fc0bfb32c5f697cd25179fa5aab769b35f99b708d6d11494253d2017f61,689,desarrollo_base_v3,si,supervision_oof_control_primario
RPM-2005-01-11:47:1,ia_base_v2,etiquetas_escalado_r5.csv,data/etiquetas/etiquetas_escalado_r5.csv,data/auditoria/revision_etiquetas_escalado_r5_v3/revision.csv,neutral,0,neutral,0,neutral,0,compatible,alta,,Compatible con N/relevancia0: consulta procedimental.,revisado,172b2e4c190ee1c1f5b2ea326231d14b8e07708b1b4103496707324a8ffe59e7,71,desarrollo_base_v3,si,supervision_oof_control_primario
RPM-2005-01-11:49:1,ia_base_v2,etiquetas_escalado_r5.csv,data/etiquetas/etiquetas_escalado_r5.csv,data/auditoria/revision_etiquetas_escalado_r5_v3/revision.csv,neutral,0,neutral,0,neutral,0,compatible,alta,,Compatible con N/relevancia0: formula procedimental de apertura de la votacion.,revisado,6437af3933a010780b481d7ec2ef038b7dd7414ef7f6d1d916f9c8a6c6127ea4,108,desarrollo_base_v3,si,supervision_oof_control_primario
RPM-2005-01-11:4:1,ia_base_v2,etiquetas_escalado_r5.csv,data/etiquetas/etiquetas_escalado_r5.csv,data/auditoria/revision_etiquetas_escalado_r5_v3/revision.csv,neutral,1,neutral,1,neutral,1,compatible,alta,"las medidas de inflación subyacente han evolucionado por debajo de lo inicialmente previsto, diferencia que se redujo a algunas décimas desde el Informe de Política Monetaria de septiembre",Compatible con N: sin dirección respaldada. La unidad no adopta una dirección monetaria propia.,revisado,316dd4b8378270556da816c3ff713d46bb63ff6a0714ab25c3b05bbae1ac3899,4183,desarrollo_base_v3,si,supervision_oof_control_primario
RPM-2005-01-11:50:1,ia_base_v2,etiquetas_escalado_r5.csv,data/etiquetas/etiquetas_escalado_r5.csv,data/auditoria/revision_etiquetas_escalado_r5_v3/revision.csv,hawkish,1,hawkish,1,hawkish,1,compatible,alta,"vota por elevar la tasa de política monetaria en 25 puntos base, de manera de situarla en 2,5%",Compatible con hawkish: dirección respaldada en la unidad. No depende solo del menú o fase.,revisado,f885194f0f1e5b6a6f1c3f8147b4c4cd24e4995584d34c63cea90acc6c85128c,2372,desarrollo_base_v3,si,supervision_oof_control_primario
RPM-2005-01-11:51:1,ia_base_v2,etiquetas_escalado_r5.csv,data/etiquetas/etiquetas_escalado_r5.csv,data/auditoria/revision_etiquetas_escalado_r5_v3/revision.csv,hawkish,1,hawkish,1,hawkish,1,compatible,alta,vota por una alza de 25 puntos base en la tasa de política monetaria en esta reunión,Compatible con hawkish: dirección respaldada en la unidad. No depende solo del menú o fase.,revisado,d09d67aa6a7efdecfeb0718f65c7aed48335f54d9d4cd26da2008453a51c6a1b,3057,desarrollo_base_v3,si,supervision_oof_control_primario
RPM-2005-01-11:52:1,ia_base_v2,etiquetas_escalado_r5.csv,data/etiquetas/etiquetas_escalado_r5.csv,data/auditoria/revision_etiquetas_escalado_r5_v3/revision.csv,hawkish,1,hawkish,1,hawkish,1,compatible,alta,es partidario de realizar un ajuste moderado en la tasa de política monetaria en esta reunión de 25 puntos base,Compatible con hawkish: dirección respaldada en la unidad. No depende solo del menú o fase.,revisado,b2e65e91dde8237d9ae445884f76b551c0829c016ab1c60d9a4e3cd92b029291,2280,desarrollo_base_v3,si,supervision_oof_control_primario
RPM-2005-01-11:53:1,ia_base_v2,etiquetas_escalado_r5.csv,data/etiquetas/etiquetas_escalado_r5.csv,data/auditoria/revision_etiquetas_escalado_r5_v3/revision.csv,hawkish,1,hawkish,1,hawkish,1,compatible,alta,"lo recomendable es subir la tasa de interés en 25 puntos base y, en consecuencia, vota en tal sentido",Compatible con hawkish: dirección respaldada en la unidad. No depende solo del menú o fase.,revisado,019e9a233ff85ae80d6f1a44592412b95f8ac87158818c0ddb0b8bbe5361a0d3,472,desarrollo_base_v3,si,supervision_oof_control_primario
RPM-2005-01-11:54:1,ia_base_v2,etiquetas_escalado_r5.csv,data/etiquetas/etiquetas_escalado_r5.csv,data/auditoria/revision_etiquetas_escalado_r5_v3/revision.csv,hawkish,1,hawkish,1,hawkish,1,compatible,alta,su voto es por un aumento de 25 puntos base en la tasa de política monetaria,Compatible con hawkish: dirección respaldada en la unidad. No depende solo del menú o fase.,revisado,4b495533c3d306e9f0af6b0c6e5ccfb3396fb93c767bb78bb8d5627dd12f307d,2068,desarrollo_base_v3,si,supervision_oof_control_primario
RPM-2005-01-11:55:1,ia_base_v2,etiquetas_escalado_r5.csv,data/etiquetas/etiquetas_escalado_r5.csv,data/auditoria/revision_etiquetas_escalado_r5_v3/revision.csv,neutral,0,neutral,0,neutral,0,compatible,alta,,Compatible con N/relevancia0: formula procedimental de adopcion del acuerdo.,revisado,eb1e900d878d77691855a4fe8c890a562069e0d41f0d930c601593e7f196d3d6,101,desarrollo_base_v3,si,supervision_oof_control_primario
RPM-2005-01-11:56:1,ia_base_v2,etiquetas_escalado_r5.csv,data/etiquetas/etiquetas_escalado_r5.csv,data/auditoria/revision_etiquetas_escalado_r5_v3/revision.csv,hawkish,1,hawkish,1,hawkish,1,compatible,alta,"Se acuerda aumentar la tasa de interés de política monetaria a 2,5% anual",Compatible con hawkish: dirección respaldada en la unidad. No depende solo del menú o fase.,revisado,591961558fe7c47e22a2c22244663e91efe613558c6c773bbe5dc46076662998,195,desarrollo_base_v3,si,supervision_oof_control_primario
RPM-2005-01-11:57:1,ia_base_v2,etiquetas_escalado_r5.csv,data/etiquetas/etiquetas_escalado_r5.csv,data/auditoria/revision_etiquetas_escalado_r5_v3/revision.csv,hawkish,1,hawkish,1,hawkish,1,compatible,alta,"el Consejo del Banco Central resolvió, por unanimidad, aumentar la tasa de interés de política monetaria en 25 puntos base hasta 2,5% anual",Compatible con hawkish: dirección respaldada en la unidad. No depende solo del menú o fase.,revisado,56f7ac7a3f1e3de7adf0d0814174f78f4137b26035e94b6b24bd828c9aa7ae36,1930,desarrollo_base_v3,si,supervision_oof_control_primario
RPM-2005-01-11:5:1,ia_base_v2,etiquetas_escalado_r5.csv,data/etiquetas/etiquetas_escalado_r5.csv,data/auditoria/revision_etiquetas_escalado_r5_v3/revision.csv,neutral,1,hawkish,1,hawkish,1,compatible,media,"estos escenarios alternativos configuran un balance de riesgos que es balanceado para el crecimiento y con un sesgo al alza, en el mediano plazo, para la inflación",Compatible con hawkish: dirección respaldada en la unidad. No depende solo del menú o fase.,revisado,3b8b14ab20f39562311eecb73a4ff73db6218e8bf97b9b475dd5bcde570e9737,4423,desarrollo_base_v3,si,supervision_oof_control_primario
RPM-2005-01-11:6:1,ia_base_v2,etiquetas_escalado_r5.csv,data/etiquetas/etiquetas_escalado_r5.csv,data/auditoria/revision_etiquetas_escalado_r5_v3/revision.csv,neutral,0,neutral,0,neutral,0,compatible,alta,,Compatible con N/relevancia0: ofrecimiento de la palabra.,revisado,6ee5f7ff7d20d8b1098a911740c7081dbf36a1b49eca58ea731d50b6560de211,159,desarrollo_base_v3,si,supervision_oof_control_primario
RPM-2005-01-11:7:1,ia_base_v2,etiquetas_escalado_r5.csv,data/etiquetas/etiquetas_escalado_r5.csv,data/auditoria/revision_etiquetas_escalado_r5_v3/revision.csv,neutral,1,neutral,1,neutral,1,compatible,alta,"consulta si la revisión hacia arriba respecto de algunos países tales como Estados Unidos de América, y algunos países del Asia, es primera vez que se hace en tal dirección",Compatible con N: sin dirección respaldada. La unidad no adopta una dirección monetaria propia.,revisado,67e5ec2995363e9b905a9217eadc22e46c2ca8b5c33ff192b07373e2f587f5e9,236,desarrollo_base_v3,si,supervision_oof_control_primario
RPM-2005-01-11:8:1,ia_base_v2,etiquetas_escalado_r5.csv,data/etiquetas/etiquetas_escalado_r5.csv,data/auditoria/revision_etiquetas_escalado_r5_v3/revision.csv,neutral,1,neutral,1,neutral,1,compatible,alta,"en realidad, que la economía americana ha tenido un desempeño más fuerte y ello ha repercutido positivamente en lugares como Asia y América Latina",Compatible con N: sin dirección respaldada. La unidad no adopta una dirección monetaria propia.,revisado,0b97f701a207c7c9d3743e4d7df8e85035a11940b2b31b94041cb526263bf018,463,desarrollo_base_v3,si,supervision_oof_control_primario
RPM-2005-01-11:9:1,ia_base_v2,etiquetas_escalado_r5.csv,data/etiquetas/etiquetas_escalado_r5.csv,data/auditoria/revision_etiquetas_escalado_r5_v3/revision.csv,neutral,1,neutral,1,neutral,1,compatible,alta,en el caso de latinoamérica ya teníamos en meses pasados revisiones hacia arriba,Compatible con N: sin dirección respaldada. La unidad no adopta una dirección monetaria propia.,revisado,a1f896c1497c0e951391459bd682261a0da4b7ea66fe3b63a7820d2f51c2b385,243,desarrollo_base_v3,si,supervision_oof_control_primario
RPM-2005-02-10:100:1,ia_base_v2,etiquetas_escalado_r5.csv,data/etiquetas/etiquetas_escalado_r5.csv,data/auditoria/revision_etiquetas_escalado_r5_v3/revision.csv,neutral,1,neutral,1,neutral,1,compatible,media,"lo que se presenta en actividad y demanda está asociado también, al mismo tiempo, a un crecimiento de la capacidad productiva",Compatible con N: sin dirección respaldada. La unidad no adopta una dirección monetaria propia.,revisado,6b28356f42b85d5a1db53c8171ece0faffe7ed64ec4aba12e0ebf7ab443f4b64,3793,desarrollo_base_v3,si,supervision_oof_control_primario
RPM-2005-02-10:101:1,ia_base_v2,etiquetas_escalado_r5.csv,data/etiquetas/etiquetas_escalado_r5.csv,data/auditoria/revision_etiquetas_escalado_r5_v3/revision.csv,neutral,1,neutral,1,neutral,1,compatible,media,no hay otra manera de interpretarlo que como holguras adicionales respecto a los escenarios con los que se ha trabajado en el pasado,Compatible con N: sin dirección respaldada. La unidad no adopta una dirección monetaria propia.,revisado,82e009c11773695fdfe716c7e757e5e3ba1b0474bcf20ed362e406dc3adbfe28,920,desarrollo_base_v3,si,supervision_oof_control_primario
RPM-2005-02-10:102:1,ia_base_v2,etiquetas_escalado_r5.csv,data/etiquetas/etiquetas_escalado_r5.csv,data/auditoria/revision_etiquetas_escalado_r5_v3/revision.csv,neutral,1,neutral,1,neutral,1,compatible,alta,si ellos se utilizan para rescatar bonos soberanos en el mercado secundario,Compatible con N: sin dirección respaldada. La unidad no adopta una dirección monetaria propia.,revisado,e8f846923d7cc10063452cce4153e4451e5443ef91366e495fd9a3535388c7b7,338,desarrollo_base_v3,si,supervision_oof_control_primario
RPM-2005-02-10:103:1,ia_base_v2,etiquetas_escalado_r5.csv,data/etiquetas/etiquetas_escalado_r5.csv,data/auditoria/revision_etiquetas_escalado_r5_v3/revision.csv,neutral,1,neutral,1,neutral,1,compatible,alta,se han efectuado algunos rescates de bonos,Compatible con N: sin dirección respaldada. La unidad no adopta una dirección monetaria propia.,revisado,c7bfa760930ddfe4ad8fd85fb286c389a63ec71fa25458a6dd2b9c74515a4376,281,desarrollo_base_v3,si,supervision_oof_control_primario
RPM-2005-02-10:104:1,ia_base_v2,etiquetas_escalado_r5.csv,data/etiquetas/etiquetas_escalado_r5.csv,data/auditoria/revision_etiquetas_escalado_r5_v3/revision.csv,neutral,0,neutral,0,neutral,0,compatible,alta,,Compatible con N/relevancia0: ofrecimiento de la palabra.,revisado,3c22325836a77bb9af4856abbea919beaeb8dc9a1bb38c92c032e0ae2ca0717b,85,desarrollo_base_v3,si,supervision_oof_control_primario
RPM-2005-02-10:105:1,ia_base_v2,etiquetas_escalado_r5.csv,data/etiquetas/etiquetas_escalado_r5.csv,data/auditoria/revision_etiquetas_escalado_r5_v3/revision.csv,neutral,1,neutral,1,neutral,1,compatible,media,la probabilidad de ese escenario ha ido creciendo y las consecuencias sobre la inflación son obvias,Compatible con N: sin dirección respaldada. La unidad no adopta una dirección monetaria propia.,revisado,02be92aacd2e526bc64c79154cd378f75d9be23e3cfa034c86c9cb79c93ee59a,478,desarrollo_base_v3,si,supervision_oof_control_primario
RPM-2005-02-10:106:1,ia_base_v2,etiquetas_escalado_r5.csv,data/etiquetas/etiquetas_escalado_r5.csv,data/auditoria/revision_etiquetas_escalado_r5_v3/revision.csv,neutral,0,neutral,0,neutral,0,compatible,alta,,Compatible con N/relevancia0: observacion de redaccion sobre la minuta (sin contenido de politica).,revisado,60293430291591868a80b0d40b2dc4654349135bec7b393607dff46d67a8a209,603,desarrollo_base_v3,si,supervision_oof_control_primario
RPM-2005-02-10:107:1,ia_base_v2,etiquetas_escalado_r5.csv,data/etiquetas/etiquetas_escalado_r5.csv,data/auditoria/revision_etiquetas_escalado_r5_v3/revision.csv,neutral,1,neutral,1,neutral,1,compatible,alta,"no se menciona el efecto de la política monetaria expansiva y también, en parte, la política fiscal anticíclica que ya debería estar reflejándose en los impactos",Compatible con N: sin dirección respaldada. La unidad no adopta una dirección monetaria propia.,revisado,166878c4c7067d6427bfe0ebfdb0e46b1f46388a3dc88a570ea86635208738f0,437,desarrollo_base_v3,si,supervision_oof_control_primario
RPM-2005-02-10:108:1,ia_base_v2,etiquetas_escalado_r5.csv,data/etiquetas/etiquetas_escalado_r5.csv,data/auditoria/revision_etiquetas_escalado_r5_v3/revision.csv,neutral,1,neutral,1,neutral,1,compatible,alta,si existe alguna evidencia que sugiera que los rezagos con que actúa la política monetaria sean menores que en el pasado,Compatible con N: sin dirección respaldada. La unidad no adopta una dirección monetaria propia.,revisado,714830b4df1cf4cca26bf8b7e111da5fbcb44366c180de44b5c859a17152a792,230,desarrollo_base_v3,si,supervision_oof_control_primario
RPM-2005-02-10:109:1,ia_base_v2,etiquetas_escalado_r5.csv,data/etiquetas/etiquetas_escalado_r5.csv,data/auditoria/revision_etiquetas_escalado_r5_v3/revision.csv,neutral,1,neutral,1,neutral,1,compatible,alta,la trayectoria de tasa ya estaba incorporada en la evaluación,Compatible con N: sin dirección respaldada. La unidad no adopta una dirección monetaria propia.,revisado,9de2090b6c17b76167dc7d35671862daa7e3b302aa1c8bf146d31c607b3eeaee,419,desarrollo_base_v3,si,supervision_oof_control_primario
RPM-2005-02-10:110:1,ia_base_v2,etiquetas_escalado_r5.csv,data/etiquetas/etiquetas_escalado_r5.csv,data/auditoria/revision_etiquetas_escalado_r5_v3/revision.csv,neutral,1,neutral,1,neutral,1,compatible,alta,los términos de intercambio en los años 2005 y 2006 serían en torno a 1 ó 2 puntos porcentuales por sobre el escenario central del informe,Compatible con N: sin dirección respaldada. La unidad no adopta una dirección monetaria propia.,revisado,869a29464936002069ba9b811bf11552e0c48c71d6f8112d3da11fc4a566e879,376,desarrollo_base_v3,si,supervision_oof_control_primario
RPM-2005-02-10:111:1,ia_base_v2,etiquetas_escalado_r5.csv,data/etiquetas/etiquetas_escalado_r5.csv,data/auditoria/revision_etiquetas_escalado_r5_v3/revision.csv,neutral,1,neutral,1,neutral,1,compatible,alta,tiene la impresión que el IPC estaría en el corto plazo más bien vinculado a la evolución del consumo que a la evolución de la actividad,Compatible con N: sin dirección respaldada. La unidad no adopta una dirección monetaria propia.,revisado,b709e081c3fcb957a215ca3122f5e3a2a17aa9d88636922e8f2d73b52dd4ba00,1078,desarrollo_base_v3,si,supervision_oof_control_primario
RPM-2005-02-10:112:1,ia_base_v2,etiquetas_escalado_r5.csv,data/etiquetas/etiquetas_escalado_r5.csv,data/auditoria/revision_etiquetas_escalado_r5_v3/revision.csv,neutral,1,neutral,1,neutral,1,compatible,alta,la manera en que se interpreta este escenario de mayor crecimiento no puede ser neutral a la composición del crecimiento,Compatible con N: sin dirección respaldada. La unidad no adopta una dirección monetaria propia.,revisado,0f95eafed75c9d73605160711b1897a9d68183a1aaf6a34da6f68e872994a397,410,desarrollo_base_v3,si,supervision_oof_control_primario
RPM-2005-02-10:113:1,ia_base_v2,etiquetas_escalado_r5.csv,data/etiquetas/etiquetas_escalado_r5.csv,data/auditoria/revision_etiquetas_escalado_r5_v3/revision.csv,neutral,1,neutral,1,neutral,1,compatible,alta,"este tema debe analizarse con mayor profundidad, para entender lo que está detrás y que puede ayudar a comprender también lo que ha pasado con la inflación",Compatible con N: sin dirección respaldada. La unidad no adopta una dirección monetaria propia.,revisado,751b448d42fba7724f4a640c2866560cee74cefa4ab573404acf716213b86198,641,desarrollo_base_v3,si,supervision_oof_control_primario
RPM-2005-02-10:114:1,ia_base_v2,etiquetas_escalado_r5.csv,data/etiquetas/etiquetas_escalado_r5.csv,data/auditoria/revision_etiquetas_escalado_r5_v3/revision.csv,neutral,1,neutral,1,neutral,1,compatible,alta,las del PIB de los últimos cuatro meses son sustancialmente más importantes que lo ocurrido con la inflación,Compatible con N: sin dirección respaldada. La unidad no adopta una dirección monetaria propia.,revisado,a515a4a40345caf29a8d1eacd827983c08ff5ca814a03feb0875b547fafff892,288,desarrollo_base_v3,si,supervision_oof_control_primario
RPM-2005-02-10:115:1,ia_base_v2,etiquetas_escalado_r5.csv,data/etiquetas/etiquetas_escalado_r5.csv,data/auditoria/revision_etiquetas_escalado_r5_v3/revision.csv,neutral,1,neutral,1,neutral,1,compatible,alta,"en los modelos con que se proyectan, los órdenes de magnitud de las relaciones pasan a ser importantes",Compatible con N: sin dirección respaldada. La unidad no adopta una dirección monetaria propia.,revisado,f6b6181cc3108fd7554d9e8d31dc478425cd045fc6d1be897422b49cc6226796,304,desarrollo_base_v3,si,supervision_oof_control_primario
RPM-2005-02-10:116:1,ia_base_v2,etiquetas_escalado_r5.csv,data/etiquetas/etiquetas_escalado_r5.csv,data/auditoria/revision_etiquetas_escalado_r5_v3/revision.csv,neutral,1,neutral,1,neutral,1,compatible,alta,no existen dudas que quedan varias áreas en las cuales corresponde continuar investigando especialmente el mercado laboral,Compatible con N: sin dirección respaldada. La unidad no adopta una dirección monetaria propia.,revisado,6da8626a2cf01904495f74eaff5dd818b0afb0d8c73467362711446a7a9d02c5,302,desarrollo_base_v3,si,supervision_oof_control_primario
RPM-2005-02-10:117:1,ia_base_v2,etiquetas_escalado_r5.csv,data/etiquetas/etiquetas_escalado_r5.csv,data/auditoria/revision_etiquetas_escalado_r5_v3/revision.csv,neutral,0,neutral,0,neutral,0,compatible,alta,,Compatible con N/relevancia0: suspension y reanudacion de la sesion (logistica).,revisado,4cbb4b90993adcc6dde970ff7572079c70e7d8544641fb92113de8e334ed502d,128,desarrollo_base_v3,si,supervision_oof_control_primario
RPM-2005-02-10:119:1,ia_base_v2,etiquetas_escalado_r5.csv,data/etiquetas/etiquetas_escalado_r5.csv,data/auditoria/revision_etiquetas_escalado_r5_v3/revision.csv,neutral,0,neutral,0,neutral,0,compatible,alta,,Compatible con N/relevancia0: transito procedimental: solicitud de presentacion de opciones.,revisado,714046c20fa1f22fc26849d617a5313a85f02d0cf7a74075ddf2eefe3b928ab5,158,desarrollo_base_v3,si,supervision_oof_control_primario
RPM-2005-02-10:120:1,ia_base_v2,etiquetas_escalado_r5.csv,data/etiquetas/etiquetas_escalado_r5.csv,data/auditoria/revision_etiquetas_escalado_r5_v3/revision.csv,neutral,1,neutral,1,neutral,1,compatible,alta,"considerando el aumento de la tasa de interés de la reunión pasada, las opciones más plausibles son mantener la tasa de política monetaria o aumentarla en 25 puntos base",Compatible con N: sin dirección respaldada. La unidad no adopta una dirección monetaria propia.,revisado,f33d3ed14fc7b8f112ba70a0ddd5e543a4b1f595ed6f70b8712974f13b356508,2855,desarrollo_base_v3,si,supervision_oof_control_primario
RPM-2005-02-10:122:1,ia_base_v2,etiquetas_escalado_r5.csv,data/etiquetas/etiquetas_escalado_r5.csv,data/auditoria/revision_etiquetas_escalado_r5_v3/revision.csv,neutral,1,neutral,1,neutral,1,compatible,alta,también existe el riesgo táctico de que una decisión de alza no sea bien comprendida y se confunda con un cambio de la estrategia gradual,Compatible con N: sin dirección respaldada. La unidad no adopta una dirección monetaria propia.,revisado,7fb8b9a57839a763ad6ee45341ff47956ca28f8c81a15b419198894bfeec9bc7,1147,desarrollo_base_v3,si,supervision_oof_control_primario
RPM-2005-02-10:123:1,ia_base_v2,etiquetas_escalado_r5.csv,data/etiquetas/etiquetas_escalado_r5.csv,data/auditoria/revision_etiquetas_escalado_r5_v3/revision.csv,neutral,0,neutral,0,neutral,0,compatible,alta,,Compatible con N/relevancia0: ofrecimiento de la palabra.,revisado,b9689b5eaed084a69e2937a5673f03534bc86d22595fecb3f938877851ccaf48,69,desarrollo_base_v3,si,supervision_oof_control_primario
RPM-2005-02-10:125:1,ia_base_v2,etiquetas_escalado_r5.csv,data/etiquetas/etiquetas_escalado_r5.csv,data/auditoria/revision_etiquetas_escalado_r5_v3/revision.csv,hawkish,1,hawkish,1,hawkish,1,compatible,alta,recomienda un aumento de la tasa de política monetaria en 25 puntos base en esta ocasión,Compatible con hawkish: dirección respaldada en la unidad. No depende solo del menú o fase.,revisado,31b356c00c35292c3605e8996e19a8595e2bc57c83fe4da75b130a7fe79fc5d9,526,desarrollo_base_v3,si,supervision_oof_control_primario
RPM-2005-02-10:126:1,ia_base_v2,etiquetas_escalado_r5.csv,data/etiquetas/etiquetas_escalado_r5.csv,data/auditoria/revision_etiquetas_escalado_r5_v3/revision.csv,hawkish,1,hawkish,1,hawkish,1,compatible,alta,"su opinión es similar a la expuesta, como opción principal, por la Gerencia de División Estudios, vale decir, aumentar la tasa de política monetaria en 25 puntos base",Compatible con hawkish: dirección respaldada en la unidad. No depende solo del menú o fase.,revisado,b6d21b03677c6680648c63e8f5e3ac9bc145db3d6df0d63d900c7181e97545eb,2605,desarrollo_base_v3,si,supervision_oof_control_primario
RPM-2005-02-10:127:1,ia_base_v2,etiquetas_escalado_r5.csv,data/etiquetas/etiquetas_escalado_r5.csv,data/auditoria/revision_etiquetas_escalado_r5_v3/revision.csv,dovish,1,dovish,1,hawkish,1,cambio_etiqueta,media,"la normalización, si bien es adecuada, podría ir a un ritmo más lento","Respalda la normalización al alza, aunque a menor ritmo, y admite pausa o alza hoy. La trayectoria propia sigue siendo H; no D por ser más lenta.",revisado,cce2d5f4eb8b10a93d78fe11b2bfb5d6fbd98d5fdf9d1178e7dd712b8f6c5c00,1180,desarrollo_base_v3,si,supervision_oof_control_primario
RPM-2005-02-10:128:1,ia_base_v2,etiquetas_escalado_r5.csv,data/etiquetas/etiquetas_escalado_r5.csv,data/auditoria/revision_etiquetas_escalado_r5_v3/revision.csv,neutral,1,neutral,1,neutral,1,compatible,media,debe considerarse que todo el mercado espera que la tasa tiene que normalizarse,Compatible con N: sin dirección respaldada. La unidad no adopta una dirección monetaria propia.,revisado,c931d7fc82d285813c3bef734fde4720666058b20a97d27a06bef25498e693b4,197,desarrollo_base_v3,si,supervision_oof_control_primario
RPM-2005-02-10:129:1,ia_base_v2,etiquetas_escalado_r5.csv,data/etiquetas/etiquetas_escalado_r5.csv,data/auditoria/revision_etiquetas_escalado_r5_v3/revision.csv,neutral,1,neutral,1,neutral,1,compatible,media,"es complicado comunicar el alza de tasa y más aún cuando la inflación es negativa, pero eso es lo que hace difícil el trabajo del Consejo del Banco Central de Chile",Compatible con N: sin dirección respaldada. La unidad no adopta una dirección monetaria propia.,revisado,e09a20fef78ed76c45b547bcaca171f5dda424281591cc1d371c1385a43171e1,1007,desarrollo_base_v3,si,supervision_oof_control_primario
RPM-2005-02-10:130:1,ia_base_v2,etiquetas_escalado_r5.csv,data/etiquetas/etiquetas_escalado_r5.csv,data/auditoria/revision_etiquetas_escalado_r5_v3/revision.csv,neutral,0,neutral,0,neutral,0,compatible,alta,,Compatible con N/relevancia0: observacion de cautela comunicacional (sin contenido diagnostico ni postura).,revisado,60a5a5586ad90b1dde9798414b3376b02310bbc760389996078698386654c9f3,146,desarrollo_base_v3,si,supervision_oof_control_primario
RPM-2005-02-10:131:1,ia_base_v2,etiquetas_escalado_r5.csv,data/etiquetas/etiquetas_escalado_r5.csv,data/auditoria/revision_etiquetas_escalado_r5_v3/revision.csv,neutral,0,neutral,0,neutral,0,compatible,alta,,Compatible con N/relevancia0: formula procedimental de apertura de la votacion.,revisado,6437af3933a010780b481d7ec2ef038b7dd7414ef7f6d1d916f9c8a6c6127ea4,108,desarrollo_base_v3,si,supervision_oof_control_primario
RPM-2005-02-10:132:1,ia_base_v2,etiquetas_escalado_r5.csv,data/etiquetas/etiquetas_escalado_r5.csv,data/auditoria/revision_etiquetas_escalado_r5_v3/revision.csv,hawkish,1,hawkish,1,hawkish,1,compatible,alta,"vota por elevar la tasa de política monetaria en 25 puntos base, de manera de situarla en 2,75%",Compatible con hawkish: dirección respaldada en la unidad. No depende solo del menú o fase.,revisado,3f72f50d043a5bffd64d0590ad0d536535ecd006b7aaeff05965e38c86782176,4146,desarrollo_base_v3,si,supervision_oof_control_primario
RPM-2005-02-10:133:1,ia_base_v2,etiquetas_escalado_r5.csv,data/etiquetas/etiquetas_escalado_r5.csv,data/auditoria/revision_etiquetas_escalado_r5_v3/revision.csv,hawkish,1,hawkish,1,hawkish,1,compatible,alta,manifiesta que vota a favor de un alza de tasa de 25 puntos base,Compatible con hawkish: dirección respaldada en la unidad. No depende solo del menú o fase.,revisado,14aac10e48f65b9d7f01069169c6897528702758cdaaf10a1eeff965d3af8fc5,2687,desarrollo_base_v3,si,supervision_oof_control_primario
RPM-2005-02-10:134:1,ia_base_v2,etiquetas_escalado_r5.csv,data/etiquetas/etiquetas_escalado_r5.csv,data/auditoria/revision_etiquetas_escalado_r5_v3/revision.csv,hawkish,1,hawkish,1,hawkish,1,compatible,alta,vota por un alza de la tasa de política monetaria en 25 puntos base,Compatible con hawkish: dirección respaldada en la unidad. No depende solo del menú o fase.,revisado,08fc3d12b4c641a240981116892fb66d8d15ab28b51bdac93b8eed8ffe7ad7d4,3733,desarrollo_base_v3,si,supervision_oof_control_primario
RPM-2005-02-10:135:1,ia_base_v2,etiquetas_escalado_r5.csv,data/etiquetas/etiquetas_escalado_r5.csv,data/auditoria/revision_etiquetas_escalado_r5_v3/revision.csv,hawkish,1,hawkish,1,hawkish,1,compatible,alta,harían prudente subir la tasa de política monetaria en 25 puntos base,Compatible con hawkish: dirección respaldada en la unidad. No depende solo del menú o fase.,revisado,79c650712d051fb63de7a9693f7451263b7e78f1910f9089329a5be723205e9d,1064,desarrollo_base_v3,si,supervision_oof_control_primario
RPM-2005-02-10:136:1,ia_base_v2,etiquetas_escalado_r5.csv,data/etiquetas/etiquetas_escalado_r5.csv,data/auditoria/revision_etiquetas_escalado_r5_v3/revision.csv,hawkish,1,hawkish,1,hawkish,1,compatible,alta,su voto es por subir la tasa de política monetaria en 25 puntos base,Compatible con hawkish: dirección respaldada en la unidad. No depende solo del menú o fase.,revisado,6727617dde16c78146418e4cda8fd7438cb7bf50aab02f1c7a19e6b1376f3717,2366,desarrollo_base_v3,si,supervision_oof_control_primario
RPM-2005-02-10:137:1,ia_base_v2,etiquetas_escalado_r5.csv,data/etiquetas/etiquetas_escalado_r5.csv,data/auditoria/revision_etiquetas_escalado_r5_v3/revision.csv,hawkish,1,hawkish,1,hawkish,1,compatible,alta,su voto también es por un aumento de 25 puntos base en la tasa de política monetaria,Compatible con hawkish: dirección respaldada en la unidad. No depende solo del menú o fase.,revisado,58b44df2ab5312230a2a90fb966baf8456916086255253be40cf02ed12a364cf,1311,desarrollo_base_v3,si,supervision_oof_control_primario
RPM-2005-02-10:138:1,ia_base_v2,etiquetas_escalado_r5.csv,data/etiquetas/etiquetas_escalado_r5.csv,data/auditoria/revision_etiquetas_escalado_r5_v3/revision.csv,hawkish,1,hawkish,1,hawkish,1,compatible,alta,"Se acuerda aumentar la tasa de interés de política monetaria a 2,75% anual",Compatible con hawkish: dirección respaldada en la unidad. No depende solo del menú o fase.,revisado,29efe439159a98ee5dbf1c0aa4801abe1debfb788bbcb0466208f52713c81a7f,321,desarrollo_base_v3,si,supervision_oof_control_primario
RPM-2005-02-10:139:1,ia_base_v2,etiquetas_escalado_r5.csv,data/etiquetas/etiquetas_escalado_r5.csv,data/auditoria/revision_etiquetas_escalado_r5_v3/revision.csv,hawkish,1,hawkish,1,hawkish,1,compatible,alta,"el Consejo del Banco Central resolvió, por unanimidad, aumentar la tasa de interés de política monetaria en 25 puntos base hasta 2,75% anual",Compatible con hawkish: dirección respaldada en la unidad. No depende solo del menú o fase.,revisado,79f6c73ceaf497c6596cf6b296a3b9cad08c12ee9730bf6d83f1e4b35c06f5d7,1836,desarrollo_base_v3,si,supervision_oof_control_primario
RPM-2005-02-10:58:1,ia_base_v2,etiquetas_escalado_r5.csv,data/etiquetas/etiquetas_escalado_r5.csv,data/auditoria/revision_etiquetas_escalado_r5_v3/revision.csv,neutral,0,neutral,0,neutral,0,compatible,alta,,Compatible con N/relevancia0: encabezado de acta: lista de asistentes y fecha.,revisado,5d4f76b502c3d48bcba98840d3f9984d00b0b0b072de0f591151b5a5d2a5bd78,1146,desarrollo_base_v3,si,supervision_oof_control_primario
RPM-2005-02-10:59:1,ia_base_v2,etiquetas_escalado_r5.csv,data/etiquetas/etiquetas_escalado_r5.csv,data/auditoria/revision_etiquetas_escalado_r5_v3/revision.csv,neutral,0,neutral,0,neutral,0,compatible,alta,,Compatible con N/relevancia0: fijacion de fecha de sesion futura (logistica).,revisado,812bb2149862a5f85197c34ea417f1a5fbb1df9436bb5a027c3ed78ca79b8212,169,desarrollo_base_v3,si,supervision_oof_control_primario
RPM-2005-02-10:61:1,ia_base_v2,etiquetas_escalado_r5.csv,data/etiquetas/etiquetas_escalado_r5.csv,data/auditoria/revision_etiquetas_escalado_r5_v3/revision.csv,neutral,1,neutral,1,neutral,1,compatible,alta,La actividad y el gasto han continuado creciendo más que lo previsto,Compatible con N: sin dirección respaldada. La unidad no adopta una dirección monetaria propia.,revisado,05f3007439e52729e0cf90af3a39e326180064909c867080952fdda195661698,3838,desarrollo_base_v3,si,supervision_oof_control_primario
RPM-2005-02-10:62:1,ia_base_v2,etiquetas_escalado_r5.csv,data/etiquetas/etiquetas_escalado_r5.csv,data/auditoria/revision_etiquetas_escalado_r5_v3/revision.csv,neutral,1,neutral,1,neutral,1,compatible,alta,"En su conjunto, las noticias del último mes no motivan una modificación sustancial del cuadro macroeconómico",Compatible con N: sin dirección respaldada. La unidad no adopta una dirección monetaria propia.,revisado,13f108d202914ea5a753b63ce49ba087610cb9907b6507e0072866d9c5f7733e,3921,desarrollo_base_v3,si,supervision_oof_control_primario
RPM-2005-02-10:63:1,ia_base_v2,etiquetas_escalado_r5.csv,data/etiquetas/etiquetas_escalado_r5.csv,data/auditoria/revision_etiquetas_escalado_r5_v3/revision.csv,neutral,1,neutral,1,neutral,1,compatible,alta,la Reserva Federal ha continuado con aumentos graduales de su tasa de interés de política,Compatible con N: sin dirección respaldada. La unidad no adopta una dirección monetaria propia.,revisado,56c8fcff650ec6e103f27f1bf493d64e2e26a901e301b5bb272cc131c8d3b636,3767,desarrollo_base_v3,si,supervision_oof_control_primario
RPM-2005-02-10:64:1,ia_base_v2,etiquetas_escalado_r5.csv,data/etiquetas/etiquetas_escalado_r5.csv,data/auditoria/revision_etiquetas_escalado_r5_v3/revision.csv,neutral,1,neutral,1,neutral,1,compatible,alta,"se anticipa un aumento de 50 puntos base desde ahora a abril, con un total de 100 puntos base en los próximos seis meses y otros 70 puntos base en los siguientes seis",Compatible con N: sin dirección respaldada. La unidad no adopta una dirección monetaria propia.,revisado,f0f2e674823a0e819cc39ccfdd3100c151236721ab9587fc8a44c51171e540d3,3890,desarrollo_base_v3,si,supervision_oof_control_primario
RPM-2005-02-10:65:1,ia_base_v2,etiquetas_escalado_r5.csv,data/etiquetas/etiquetas_escalado_r5.csv,data/auditoria/revision_etiquetas_escalado_r5_v3/revision.csv,neutral,1,neutral,1,neutral,1,compatible,alta,las expectativas de los consumidores han continuado mejorando,Compatible con N: sin dirección respaldada. La unidad no adopta una dirección monetaria propia.,revisado,582c9a4e855f3235000945e27e23c918a97edf2785fa2d38ac1b251a04b69214,3742,desarrollo_base_v3,si,supervision_oof_control_primario
RPM-2005-02-10:66:1,ia_base_v2,etiquetas_escalado_r6.csv,data/etiquetas/etiquetas_escalado_r6.csv,data/auditoria/revision_etiquetas_escalado_r6_v3/revision.csv,neutral,1,neutral,1,neutral,1,compatible,alta,"todos los sectores económicos acumulan existencias por sobre lo deseado, aunque en menor medida que en meses anteriores, con la excepción de la minería",Compatible con N: sin dirección respaldada. La unidad no adopta una dirección monetaria propia.,revisado,7a0a80648d7b8813eb4b106695aeead23df67f2711fcbc07a532f751b88b077f,3447,desarrollo_base_v3,si,supervision_oof_control_primario
RPM-2005-02-10:67:1,ia_base_v2,etiquetas_escalado_r6.csv,data/etiquetas/etiquetas_escalado_r6.csv,data/auditoria/revision_etiquetas_escalado_r6_v3/revision.csv,neutral,1,neutral,1,neutral,1,compatible,alta,"el crecimiento anual de la actividad (7,7%) estuvo más de un punto porcentual por sobre lo anticipado",Compatible con N: sin dirección respaldada. La unidad no adopta una dirección monetaria propia.,revisado,c6803ebe88d09d1e7c12c96f79d9ea4353c414482d4c752c47f520e8ad8b856f,3566,desarrollo_base_v3,si,supervision_oof_control_primario
RPM-2005-02-10:68:1,ia_base_v2,etiquetas_escalado_r6.csv,data/etiquetas/etiquetas_escalado_r6.csv,data/auditoria/revision_etiquetas_escalado_r6_v3/revision.csv,neutral,1,neutral,1,neutral,1,compatible,alta,"el crecimiento del PIB en el 2004 habría sido de 5,9%, una décima por sobre lo proyectado hace un mes",Compatible con N: sin dirección respaldada. La unidad no adopta una dirección monetaria propia.,revisado,6362effebe95b860ef7d870ddc96e65258c30ba5a804205aa3acb66fe95ffd75,3812,desarrollo_base_v3,si,supervision_oof_control_primario
RPM-2005-02-10:69:1,ia_base_v2,etiquetas_escalado_r6.csv,data/etiquetas/etiquetas_escalado_r6.csv,data/auditoria/revision_etiquetas_escalado_r6_v3/revision.csv,neutral,1,neutral,1,neutral,1,compatible,alta,"presentaron trayectorias al alza, continuando con la tendencia de meses anteriores",Compatible con N: sin dirección respaldada. La unidad no adopta una dirección monetaria propia.,revisado,afc85008ec7fa2b3886e05f586e058e1fd4dc691d6565c34ce0c8545150c2006,3149,desarrollo_base_v3,si,supervision_oof_control_primario
RPM-2005-02-10:70:1,ia_base_v2,etiquetas_escalado_r6.csv,data/etiquetas/etiquetas_escalado_r6.csv,data/auditoria/revision_etiquetas_escalado_r6_v3/revision.csv,neutral,1,neutral,1,neutral,1,compatible,alta,"para mediados de año la inflación anual del IPC se ubicaría en 1,6%, valor idéntico al considerado en el escenario base del Informe de Política Monetaria",Compatible con N: sin dirección respaldada. La unidad no adopta una dirección monetaria propia.,revisado,b2d968659e91b3b72a9459efe6d9a365d050e8c5bb8deedea8eae84629ded4a2,2676,desarrollo_base_v3,si,supervision_oof_control_primario
RPM-2005-02-10:71:1,ia_base_v2,etiquetas_escalado_r6.csv,data/etiquetas/etiquetas_escalado_r6.csv,data/auditoria/revision_etiquetas_escalado_r6_v3/revision.csv,neutral,0,neutral,0,neutral,0,compatible,alta,,Compatible con N/relevancia0: ofrecimiento de la palabra.,revisado,a95a8d392bd0060a271367ffcd208c997df51e18415c54791df8aa4ffcbbc7f3,160,desarrollo_base_v3,si,supervision_oof_control_primario
RPM-2005-02-10:72:1,ia_base_v2,etiquetas_escalado_r6.csv,data/etiquetas/etiquetas_escalado_r6.csv,data/auditoria/revision_etiquetas_escalado_r6_v3/revision.csv,neutral,1,neutral,1,neutral,1,compatible,alta,el mercado interpretó que el déficit de cuenta corriente no era tan grave como él mismo había sugerido en algunas reuniones previas,Compatible con N: sin dirección respaldada. La unidad no adopta una dirección monetaria propia.,revisado,7a5a924c583710420a9df76e1aeb86d111f8e6f6e0d167d0a8a0af01d2343c50,579,desarrollo_base_v3,si,supervision_oof_control_primario
RPM-2005-02-10:74:1,ia_base_v2,etiquetas_escalado_r6.csv,data/etiquetas/etiquetas_escalado_r6.csv,data/auditoria/revision_etiquetas_escalado_r6_v3/revision.csv,neutral,1,neutral,1,neutral,1,compatible,alta,"puede presentarse la necesidad de revisar esas proyecciones, tal como se hizo con el precio del cobre",Compatible con N: sin dirección respaldada. La unidad no adopta una dirección monetaria propia.,revisado,71ff4e92554e0a783484a620a7238ee80ced1725b1d0dbf14e9b1f77bb8254dc,289,desarrollo_base_v3,si,supervision_oof_control_primario
RPM-2005-02-10:75:1,ia_base_v2,etiquetas_escalado_r6.csv,data/etiquetas/etiquetas_escalado_r6.csv,data/auditoria/revision_etiquetas_escalado_r6_v3/revision.csv,neutral,1,neutral,1,neutral,1,compatible,alta,la economía internacional sigue un ritmo muy favorable,Compatible con N: sin dirección respaldada. La unidad no adopta una dirección monetaria propia.,revisado,28f88833a22d6b7204e67ca23f6ea41c9a449a1b061fbc304e21888ff0398cb5,169,desarrollo_base_v3,si,supervision_oof_control_primario
RPM-2005-02-10:76:1,ia_base_v2,etiquetas_escalado_r6.csv,data/etiquetas/etiquetas_escalado_r6.csv,data/auditoria/revision_etiquetas_escalado_r6_v3/revision.csv,neutral,1,neutral,1,neutral,1,compatible,alta,"es, antes que nada, un resultado endógeno de una economía mundial que se presenta muy sólida, y donde los riesgos geopolíticos algo se han atenuado",Compatible con N: sin dirección respaldada. La unidad no adopta una dirección monetaria propia.,revisado,9e43e239f1d20369ba279e58bf4d99d3aa213327ae2f73abcaea42bbaa522d90,354,desarrollo_base_v3,si,supervision_oof_control_primario
RPM-2005-02-10:77:1,ia_base_v2,etiquetas_escalado_r6.csv,data/etiquetas/etiquetas_escalado_r6.csv,data/auditoria/revision_etiquetas_escalado_r6_v3/revision.csv,neutral,1,neutral,1,neutral,1,compatible,alta,es la demanda lo que se ha estado fortaleciendo,Compatible con N: sin dirección respaldada. La unidad no adopta una dirección monetaria propia.,revisado,08778feed8ab852e3aaa6994f85bd77870589f98078545de52d8ff42b9572ba2,256,desarrollo_base_v3,si,supervision_oof_control_primario
RPM-2005-02-10:78:1,ia_base_v2,etiquetas_escalado_r6.csv,data/etiquetas/etiquetas_escalado_r6.csv,data/auditoria/revision_etiquetas_escalado_r6_v3/revision.csv,neutral,1,neutral,1,neutral,1,compatible,alta,"el precio del petróleo tiene un componente de prima de riesgo muy grande, y que todavía sigue la incertidumbre",Compatible con N: sin dirección respaldada. La unidad no adopta una dirección monetaria propia.,revisado,bd6fe882299ca1a55cf619be7b44d3cd50fbe725d5f1c7434b41881ae7320a6a,164,desarrollo_base_v3,si,supervision_oof_control_primario
RPM-2005-02-10:79:1,ia_base_v2,etiquetas_escalado_r6.csv,data/etiquetas/etiquetas_escalado_r6.csv,data/auditoria/revision_etiquetas_escalado_r6_v3/revision.csv,neutral,1,neutral,1,neutral,1,compatible,alta,existe un componente de prima por riesgo que está presente y que probablemente se presentará por bastante más tiempo,Compatible con N: sin dirección respaldada. La unidad no adopta una dirección monetaria propia.,revisado,4bf402e18d2abd46a28fdb9dfaa8e75048709846a62c0cd3c50888640962d635,1011,desarrollo_base_v3,si,supervision_oof_control_primario
RPM-2005-02-10:80:1,ia_base_v2,etiquetas_escalado_r6.csv,data/etiquetas/etiquetas_escalado_r6.csv,data/auditoria/revision_etiquetas_escalado_r6_v3/revision.csv,neutral,1,neutral,1,neutral,1,compatible,alta,Le parece que no hay grandes noticias después de esa normalización,Compatible con N: sin dirección respaldada. La unidad no adopta una dirección monetaria propia.,revisado,0d9721f5e2a0be539ccaadefd0aee3ee2124ae3b2eaee2ee91e3ed2982e79c2b,370,desarrollo_base_v3,si,supervision_oof_control_primario
RPM-2005-02-10:81:1,ia_base_v2,etiquetas_escalado_r6.csv,data/etiquetas/etiquetas_escalado_r6.csv,data/auditoria/revision_etiquetas_escalado_r6_v3/revision.csv,neutral,1,neutral,1,neutral,1,compatible,alta,"las tasas de éstos subieron, la compensación inflacionaria también lo hizo y cayó la tasa de los instrumentos nuevos",Compatible con N: sin dirección respaldada. La unidad no adopta una dirección monetaria propia.,revisado,531e85911c27fc39ec6f081d1efdf5cead4ec28a395d2fab0088ad2c13688431,766,desarrollo_base_v3,si,supervision_oof_control_primario
RPM-2005-02-10:82:1,ia_base_v2,etiquetas_escalado_r6.csv,data/etiquetas/etiquetas_escalado_r6.csv,data/auditoria/revision_etiquetas_escalado_r6_v3/revision.csv,neutral,1,neutral,1,neutral,1,compatible,alta,hay una correlación bastante alta entre las tasas largas en Chile con las de Estados Unidos de América,Compatible con N: sin dirección respaldada. La unidad no adopta una dirección monetaria propia.,revisado,06b6e6ccde71a38270abb8b778df740de78ac9f8e72f897d039da7ac6e079091,601,desarrollo_base_v3,si,supervision_oof_control_primario
RPM-2005-02-10:83:1,ia_base_v2,etiquetas_escalado_r6.csv,data/etiquetas/etiquetas_escalado_r6.csv,data/auditoria/revision_etiquetas_escalado_r6_v3/revision.csv,neutral,0,neutral,0,neutral,0,compatible,alta,,Compatible con N/relevancia0: consulta procedimental.,revisado,1e168dd5da84a868e977b77da078e44ee31f18eace5f89bb54b7983783b3b41c,107,desarrollo_base_v3,si,supervision_oof_control_primario
RPM-2005-02-10:84:1,ia_base_v2,etiquetas_escalado_r6.csv,data/etiquetas/etiquetas_escalado_r6.csv,data/auditoria/revision_etiquetas_escalado_r6_v3/revision.csv,neutral,1,neutral,1,neutral,1,compatible,alta,"las tasas de interés de colocaciones han ido subiendo, especialmente las de consumo, pero eso se explica, plenamente, por estacionalidades",Compatible con N: sin dirección respaldada. La unidad no adopta una dirección monetaria propia.,revisado,cf3ea9a9fa305f2b34bada586562dea40616c92503610114a4a80388b4c62832,321,desarrollo_base_v3,si,supervision_oof_control_primario
RPM-2005-02-10:85:1,ia_base_v2,etiquetas_escalado_r6.csv,data/etiquetas/etiquetas_escalado_r6.csv,data/auditoria/revision_etiquetas_escalado_r6_v3/revision.csv,neutral,1,neutral,1,neutral,1,compatible,alta,"Cree que siempre existen razones, pero a lo mejor no las conocemos",Compatible con N: sin dirección respaldada. La unidad no adopta una dirección monetaria propia.,revisado,90b7dabeb85eabb545ea55a150b9fdd5ff139584002752f379e885ffedac4323,577,desarrollo_base_v3,si,supervision_oof_control_primario
RPM-2005-02-10:86:1,ia_base_v2,etiquetas_escalado_r6.csv,data/etiquetas/etiquetas_escalado_r6.csv,data/auditoria/revision_etiquetas_escalado_r6_v3/revision.csv,neutral,1,neutral,1,neutral,1,compatible,alta,consulta si es posible afinar un poco más los datos de cómo va creciendo el empleo con el ciclo,Compatible con N: sin dirección respaldada. La unidad no adopta una dirección monetaria propia.,revisado,3d296fa3cc78d683308eb9fe235462b382cbcdab778008d5deb4881f7bd66225,377,desarrollo_base_v3,si,supervision_oof_control_primario
RPM-2005-02-10:88:1,ia_base_v2,etiquetas_escalado_r6.csv,data/etiquetas/etiquetas_escalado_r6.csv,data/auditoria/revision_etiquetas_escalado_r6_v3/revision.csv,neutral,1,neutral,1,neutral,1,compatible,alta,"ninguno de los dos ha llegado todavía a los niveles históricos, lo que no se aprecia en los gráficos que se presentan",Compatible con N: sin dirección respaldada. La unidad no adopta una dirección monetaria propia.,revisado,3460a06527904b1e088aed71e346e71db736b529a3b3b753b47309e18748f139,319,desarrollo_base_v3,si,supervision_oof_control_primario
RPM-2005-02-10:89:1,ia_base_v2,etiquetas_escalado_r6.csv,data/etiquetas/etiquetas_escalado_r6.csv,data/auditoria/revision_etiquetas_escalado_r6_v3/revision.csv,neutral,1,neutral,1,neutral,1,compatible,alta,"eso, todavía, está por debajo de los máximos de los años 96, 97 y 98",Compatible con N: sin dirección respaldada. La unidad no adopta una dirección monetaria propia.,revisado,a29afd87ba63dbb989aae1fb51a24d6ea58fb0a423e9208607805410ec397c26,280,desarrollo_base_v3,si,supervision_oof_control_primario
RPM-2005-02-10:90:1,ia_base_v2,etiquetas_escalado_r6.csv,data/etiquetas/etiquetas_escalado_r6.csv,data/auditoria/revision_etiquetas_escalado_r6_v3/revision.csv,neutral,1,neutral,1,neutral,1,compatible,alta,no ha habido suficiente creación de empleo para observar ese crecimiento de la población,Compatible con N: sin dirección respaldada. La unidad no adopta una dirección monetaria propia.,revisado,58d7b0c5a8d89d97a7f8f89e68d8a2b399357da973bd9a60c243fab4347745a5,352,desarrollo_base_v3,si,supervision_oof_control_primario
RPM-2005-02-10:91:1,ia_base_v2,etiquetas_escalado_r6.csv,data/etiquetas/etiquetas_escalado_r6.csv,data/auditoria/revision_etiquetas_escalado_r6_v3/revision.csv,neutral,1,neutral,1,neutral,1,compatible,alta,"estos fenómenos son más estructurales y, por lo tanto, sería conveniente dejarlos para hacer un análisis de la coyuntura más consistente",Compatible con N: sin dirección respaldada. La unidad no adopta una dirección monetaria propia.,revisado,5f0107e1418b96bd089f20eb118ccc8928317ff2caadb1cf58eb593c7484110a,863,desarrollo_base_v3,si,supervision_oof_control_primario
RPM-2005-02-10:92:1,ia_base_v2,etiquetas_escalado_r6.csv,data/etiquetas/etiquetas_escalado_r6.csv,data/auditoria/revision_etiquetas_escalado_r6_v3/revision.csv,neutral,1,neutral,1,neutral,1,compatible,alta,"en el plan de trabajo para este año, se considera revisar el comportamiento del mercado laboral",Compatible con N: sin dirección respaldada. La unidad no adopta una dirección monetaria propia.,revisado,cc841f6037cbf1a9baea11a89753b2b62e298a34829aaa0a69f9301efff8c465,195,desarrollo_base_v3,si,supervision_oof_control_primario
RPM-2005-02-10:93:1,ia_base_v2,etiquetas_escalado_r6.csv,data/etiquetas/etiquetas_escalado_r6.csv,data/auditoria/revision_etiquetas_escalado_r6_v3/revision.csv,neutral,1,neutral,1,neutral,1,compatible,alta,"habría que ser cuidadoso en decir que la creación de empleo, a pesar de la cifra de desempleo, no indica debilidad en el mercado laboral",Compatible con N: sin dirección respaldada. La unidad no adopta una dirección monetaria propia.,revisado,2b74133a5c315097d5046c713c6facc3ad1a27971cd6c89ba53490cf9b309a2e,246,desarrollo_base_v3,si,supervision_oof_control_primario
RPM-2005-02-10:94:1,ia_base_v2,etiquetas_escalado_r6.csv,data/etiquetas/etiquetas_escalado_r6.csv,data/auditoria/revision_etiquetas_escalado_r6_v3/revision.csv,neutral,1,neutral,1,neutral,1,compatible,alta,existen holguras en el mercado de trabajo,Compatible con N: sin dirección respaldada. La unidad no adopta una dirección monetaria propia.,revisado,087ba548337cab5e34c345822e49043928a040e36116a59f15e2f816e8696222,99,desarrollo_base_v3,si,supervision_oof_control_primario
RPM-2005-02-10:95:1,ia_base_v2,etiquetas_escalado_r6.csv,data/etiquetas/etiquetas_escalado_r6.csv,data/auditoria/revision_etiquetas_escalado_r6_v3/revision.csv,neutral,1,neutral,1,neutral,1,compatible,alta,no se aprecia una generación de empleo across the board en todos los sectores,Compatible con N: sin dirección respaldada. La unidad no adopta una dirección monetaria propia.,revisado,ba3292ee22df2c45a1cb7e0752e1882a90f6e9d249b4f585b1853cf1e98d07bc,501,desarrollo_base_v3,si,supervision_oof_control_primario
RPM-2005-02-10:96:1,ia_base_v2,etiquetas_escalado_r6.csv,data/etiquetas/etiquetas_escalado_r6.csv,data/auditoria/revision_etiquetas_escalado_r6_v3/revision.csv,neutral,1,neutral,1,neutral,1,compatible,alta,"no parece que ello sea un fenómeno que debiera preocuparnos ahora, como sí lo fue hace dos años atrás",Compatible con N: sin dirección respaldada. La unidad no adopta una dirección monetaria propia.,revisado,8d3e6755d4578f5cbbc26df7fbe438bb105ee3ce0d52f74e0f4698c4ccdbf55f,309,desarrollo_base_v3,si,supervision_oof_control_primario
RPM-2005-02-10:97:1,ia_base_v2,etiquetas_escalado_r6.csv,data/etiquetas/etiquetas_escalado_r6.csv,data/auditoria/revision_etiquetas_escalado_r6_v3/revision.csv,neutral,1,neutral,1,neutral,1,compatible,alta,"no solo hay que mirar el efecto del consumo sino que, en particular, del efecto salario, por ende, en los precios. En ese sentido las holguras pasan a ser un elemento importante",Compatible con N: sin dirección respaldada. La unidad no adopta una dirección monetaria propia.,revisado,0bc8130da5af60426fd3a0d6a07fd5eff8b2f9e062eb6b980ed2ba5e5a852a57,321,desarrollo_base_v3,si,supervision_oof_control_primario
RPM-2005-02-10:98:1,ia_base_v2,etiquetas_escalado_r6.csv,data/etiquetas/etiquetas_escalado_r6.csv,data/auditoria/revision_etiquetas_escalado_r6_v3/revision.csv,neutral,1,neutral,1,neutral,1,compatible,alta,parte de los puzzles que veíamos el año 2004 se han ido despejando y las diferentes fuentes de información en este sentido confirman un diagnóstico más o menos común,Compatible con N: sin dirección respaldada. La unidad no adopta una dirección monetaria propia.,revisado,118ec25dcced6adfc8ebe1da124b754dc262ceacaf5e8478c609713ba2b56438,1722,desarrollo_base_v3,si,supervision_oof_control_primario
RPM-2005-02-10:99:1,ia_base_v2,etiquetas_escalado_r6.csv,data/etiquetas/etiquetas_escalado_r6.csv,data/auditoria/revision_etiquetas_escalado_r6_v3/revision.csv,neutral,0,neutral,0,neutral,0,compatible,alta,,Compatible con N/relevancia0: consulta procedimental.,revisado,b3cd6a0952c5cd9eff28ece968952b1b278030b2ebe9c2ba738461bfbf037a37,184,desarrollo_base_v3,si,supervision_oof_control_primario
RPM-2005-03-10:140:1,ia_base_v2,etiquetas_escalado_r6.csv,data/etiquetas/etiquetas_escalado_r6.csv,data/auditoria/revision_etiquetas_escalado_r6_v3/revision.csv,neutral,0,neutral,0,neutral,0,compatible,alta,,Compatible con N/relevancia0: encabezado de acta: lista de asistentes y fecha.,revisado,aa20764f3327eb4d2b0fa7412f35a4d190853d8c38fdd134659bfc1db474a222,1293,desarrollo_base_v3,si,supervision_oof_control_primario
RPM-2005-03-10:141:1,ia_base_v2,etiquetas_escalado_r6.csv,data/etiquetas/etiquetas_escalado_r6.csv,data/auditoria/revision_etiquetas_escalado_r6_v3/revision.csv,neutral,0,neutral,0,neutral,0,compatible,alta,,Compatible con N/relevancia0: fijacion de fecha de sesion futura (logistica).,revisado,22366395d80225ca4b5ad1a6b11553b1aab75d0caf04fd25d8f81073d67d04fb,176,desarrollo_base_v3,si,supervision_oof_control_primario
RPM-2005-03-10:142:1,ia_base_v2,etiquetas_escalado_r6.csv,data/etiquetas/etiquetas_escalado_r6.csv,data/auditoria/revision_etiquetas_escalado_r6_v3/revision.csv,neutral,1,neutral,1,neutral,1,compatible,alta,"la inflación subyacente y los salarios nominales siguen aumentando a un ritmo gradual, muy similar al previsto en el Informe de Política Monetaria de enero",Compatible con N: sin dirección respaldada. La unidad no adopta una dirección monetaria propia.,revisado,81fa92a6ef57fcd2c6ce00ecead83155e21408fcbed039ac4b1e5ca3ced0a00a,1139,desarrollo_base_v3,si,supervision_oof_control_primario
RPM-2005-03-10:143:1,ia_base_v2,etiquetas_escalado_r6.csv,data/etiquetas/etiquetas_escalado_r6.csv,data/auditoria/revision_etiquetas_escalado_r6_v3/revision.csv,neutral,1,neutral,1,neutral,1,compatible,alta,las condiciones financieras en Chile son ahora menos estimulantes que a mediados del año pasado,Compatible con N: sin dirección respaldada. La unidad no adopta una dirección monetaria propia.,revisado,67c5cdbb72cda6b51a40a1f8a7e1e2c5578640f428e253a6c07581c9b74b79f6,4064,desarrollo_base_v3,si,supervision_oof_control_primario
RPM-2005-03-10:144:1,ia_base_v2,etiquetas_escalado_r6.csv,data/etiquetas/etiquetas_escalado_r6.csv,data/auditoria/revision_etiquetas_escalado_r6_v3/revision.csv,neutral,1,neutral,1,neutral,1,compatible,alta,se detecta un desplazamiento del orden de 25 puntos base en la trayectoria de la tasa de política monetaria implícita en la curva forward,Compatible con N: sin dirección respaldada. La unidad no adopta una dirección monetaria propia.,revisado,b2e8210671d38d5649dd6e84a707892d2124a6c4836f0ea45a7bbc23a5a9c0de,3991,desarrollo_base_v3,si,supervision_oof_control_primario
RPM-2005-03-10:145:1,ia_base_v2,etiquetas_escalado_r6.csv,data/etiquetas/etiquetas_escalado_r6.csv,data/auditoria/revision_etiquetas_escalado_r6_v3/revision.csv,neutral,1,neutral,1,neutral,1,compatible,alta,la Reserva Federal mantiene su política de aumentos graduales en la tasa de fondos federales,Compatible con N: sin dirección respaldada. La unidad no adopta una dirección monetaria propia.,revisado,673c9f02afc4e9f43a2d30951a7ba81a976d91583d82c41a7c94780a217e78af,3784,desarrollo_base_v3,si,supervision_oof_control_primario
RPM-2005-03-10:146:1,ia_base_v2,etiquetas_escalado_r6.csv,data/etiquetas/etiquetas_escalado_r6.csv,data/auditoria/revision_etiquetas_escalado_r6_v3/revision.csv,neutral,1,neutral,1,neutral,1,compatible,alta,"el mercado espera un aumento de la tasa de política monetaria de 60 puntos base a mayo, con un total de 100 puntos base en los próximos seis meses y de otros 70 puntos base en los seis meses siguientes",Compatible con N: sin dirección respaldada. La unidad no adopta una dirección monetaria propia.,revisado,22391fde947df954b540c57b54872b0c7dc587a98c3cd3f2f519a2fc35a3da4d,4062,desarrollo_base_v3,si,supervision_oof_control_primario
RPM-2005-03-10:147:1,ia_base_v2,etiquetas_escalado_r6.csv,data/etiquetas/etiquetas_escalado_r6.csv,data/auditoria/revision_etiquetas_escalado_r6_v3/revision.csv,neutral,1,neutral,1,neutral,1,compatible,alta,"se estima que el incremento del PIB que los años 2003 y 2004 llegó a 3,7% y 6,1%, respectivamente",Compatible con N: sin dirección respaldada. La unidad no adopta una dirección monetaria propia.,revisado,4a530b771e6cb479eea9e7fa9caa944972f0410f2228a33b4942877901eef810,3376,desarrollo_base_v3,si,supervision_oof_control_primario
RPM-2005-03-10:148:1,ia_base_v2,etiquetas_escalado_r6.csv,data/etiquetas/etiquetas_escalado_r6.csv,data/auditoria/revision_etiquetas_escalado_r6_v3/revision.csv,neutral,1,neutral,1,neutral,1,compatible,alta,se corrigieren al alza por el mayor aumento del componente de maquinarias y equipos,Compatible con N: sin dirección respaldada. La unidad no adopta una dirección monetaria propia.,revisado,809b31df96ac462c6f6635d8969ec08c754c20f350721661da5e1dfc64a43fb8,3825,desarrollo_base_v3,si,supervision_oof_control_primario
RPM-2005-03-10:149:1,ia_base_v2,etiquetas_escalado_r6.csv,data/etiquetas/etiquetas_escalado_r6.csv,data/auditoria/revision_etiquetas_escalado_r6_v3/revision.csv,neutral,1,neutral,1,neutral,1,compatible,alta,"cerró el 2004 con un saldo positivo de US$ 1.390 millones, lo que representó 1,5% del PIB",Compatible con N: sin dirección respaldada. La unidad no adopta una dirección monetaria propia.,revisado,341006a3c82f79a98585838114512e5b4483a2d58161a9db503a7e24bc55c931,3621,desarrollo_base_v3,si,supervision_oof_control_primario
RPM-2005-03-10:150:1,ia_base_v2,etiquetas_escalado_r6.csv,data/etiquetas/etiquetas_escalado_r6.csv,data/auditoria/revision_etiquetas_escalado_r6_v3/revision.csv,neutral,1,neutral,1,neutral,1,compatible,alta,"el mercado laboral continuó dinámico. Destacan tanto la alta creación de empleos como el descenso generalizado de las medidas de desempleo, corregidas por estacionalidad",Compatible con N: sin dirección respaldada. La unidad no adopta una dirección monetaria propia.,revisado,e4026ba5f990dee513e86fca344b5fb644c4432803a768b43a739a19085dd6d6,3374,desarrollo_base_v3,si,supervision_oof_control_primario
RPM-2005-03-10:151:1,ia_base_v2,etiquetas_escalado_r6.csv,data/etiquetas/etiquetas_escalado_r6.csv,data/auditoria/revision_etiquetas_escalado_r6_v3/revision.csv,neutral,1,neutral,1,neutral,1,compatible,alta,continuaron con la gradual alza observada en meses anteriores,Compatible con N: sin dirección respaldada. La unidad no adopta una dirección monetaria propia.,revisado,96f1ad1a035618fc6fa98851bd18ca1d89f531b469df6e597c25020b93736f11,3365,desarrollo_base_v3,si,supervision_oof_control_primario
RPM-2005-03-10:152:1,ia_base_v2,etiquetas_escalado_r6.csv,data/etiquetas/etiquetas_escalado_r6.csv,data/auditoria/revision_etiquetas_escalado_r6_v3/revision.csv,neutral,1,neutral,1,neutral,1,compatible,alta,"para mediados de año la inflación anual del IPC se ubicaría en 1,9%, valor superior al del escenario base del Informe de Política Monetaria, debido al mayor precio del petróleo ahora considerado",Compatible con N: sin dirección respaldada. La unidad no adopta una dirección monetaria propia.,revisado,18faa0f0b0b90ff7bb9183ab6efb5951beff2591659b8f178d012528a53a6818,2828,desarrollo_base_v3,si,supervision_oof_control_primario
RPM-2005-03-10:153:1,ia_base_v2,etiquetas_escalado_r6.csv,data/etiquetas/etiquetas_escalado_r6.csv,data/auditoria/revision_etiquetas_escalado_r6_v3/revision.csv,neutral,0,neutral,0,neutral,0,compatible,alta,,Compatible con N/relevancia0: ofrecimiento de la palabra.,revisado,c142d1ab41eefdf624870de15beda46408f4e6a54488e8f7eaeec056e1255fa8,107,desarrollo_base_v3,si,supervision_oof_control_primario
RPM-2005-03-10:154:1,ia_base_v2,etiquetas_escalado_r6.csv,data/etiquetas/etiquetas_escalado_r6.csv,data/auditoria/revision_etiquetas_escalado_r6_v3/revision.csv,neutral,1,neutral,1,neutral,1,compatible,alta,formula algunas consultas y comentarios respecto del precio de los bonos soberanos de las economías emergentes y su relación con el movimiento en puntos base del spread,Compatible con N: sin dirección respaldada. La unidad no adopta una dirección monetaria propia.,revisado,d95d80b6f6517f85bc521c69fa4303e82cd63802d5e33c0052ad4c5e707acf57,248,desarrollo_base_v3,si,supervision_oof_control_primario
RPM-2005-03-10:155:1,ia_base_v2,etiquetas_escalado_r6.csv,data/etiquetas/etiquetas_escalado_r6.csv,data/auditoria/revision_etiquetas_escalado_r6_v3/revision.csv,neutral,1,neutral,1,neutral,1,compatible,alta,"lo que importa en definitiva es cuánto vale el activo, es decir, el bono",Compatible con N: sin dirección respaldada. La unidad no adopta una dirección monetaria propia.,revisado,7463ad523c99c470a620e4df0c18f1ec76ed544b060a2cd9028cb1e568baa5b6,496,desarrollo_base_v3,si,supervision_oof_control_primario
RPM-2005-03-10:156:1,ia_base_v2,etiquetas_escalado_r6.csv,data/etiquetas/etiquetas_escalado_r6.csv,data/auditoria/revision_etiquetas_escalado_r6_v3/revision.csv,neutral,1,neutral,1,neutral,1,compatible,alta,aproximadamente el 80% de las fluctuaciones en los últimos años del spread soberano chileno se debería a factores idiosincráticos y no un factor común global,Compatible con N: sin dirección respaldada. La unidad no adopta una dirección monetaria propia.,revisado,87d770b063c2e9d9b71d1d309d51354f5884078c1af11cb60dc3f301d0543a02,1068,desarrollo_base_v3,si,supervision_oof_control_primario
RPM-2005-03-10:157:1,ia_base_v2,etiquetas_escalado_r6.csv,data/etiquetas/etiquetas_escalado_r6.csv,data/auditoria/revision_etiquetas_escalado_r6_v3/revision.csv,neutral,1,neutral,1,neutral,1,compatible,alta,"un ranking no es malo, ya que permitiría conocer si Chile está escalando posiciones, si se mantiene o está bajando posiciones",Compatible con N: sin dirección respaldada. La unidad no adopta una dirección monetaria propia.,revisado,e3fa6102ec2aec45f3870f23f602c84bbe6a45499666e3cadfbf30f8d3af51ff,386,desarrollo_base_v3,si,supervision_oof_control_primario
RPM-2005-03-10:158:1,ia_base_v2,etiquetas_escalado_r6.csv,data/etiquetas/etiquetas_escalado_r6.csv,data/auditoria/revision_etiquetas_escalado_r6_v3/revision.csv,neutral,1,neutral,1,neutral,1,compatible,alta,los riesgos hoy día se perciben más reducidos de lo que se estimaba hace algún tiempo atrás,Compatible con N: sin dirección respaldada. La unidad no adopta una dirección monetaria propia.,revisado,5c6eab06f1d1fd0f7a7f7070b6b697419faa1f8a8d7e45c051d677da37207665,665,desarrollo_base_v3,si,supervision_oof_control_primario
RPM-2005-03-10:159:1,ia_base_v2,etiquetas_escalado_r6.csv,data/etiquetas/etiquetas_escalado_r6.csv,data/auditoria/revision_etiquetas_escalado_r6_v3/revision.csv,neutral,1,neutral,1,neutral,1,compatible,alta,"el riesgo de que mientras más se demorara en empezar a desacelerar, el tema podría ser más fuerte",Compatible con N: sin dirección respaldada. La unidad no adopta una dirección monetaria propia.,revisado,6c3efe818bf00e31400aa776c388976cc49fcb6f4ef46d6f9d79d6a3bc2a0d33,257,desarrollo_base_v3,si,supervision_oof_control_primario
RPM-2005-03-10:160:1,ia_base_v2,etiquetas_escalado_r6.csv,data/etiquetas/etiquetas_escalado_r6.csv,data/auditoria/revision_etiquetas_escalado_r6_v3/revision.csv,neutral,1,neutral,1,neutral,1,compatible,alta,"el día de hoy se han publicado cifras de importaciones, que sugieren una desaceleración de la demanda interna china",Compatible con N: sin dirección respaldada. La unidad no adopta una dirección monetaria propia.,revisado,5027cdef58acacba1df63bf6ff666b6afbda7f87c7252bb934045e06f701e7b8,658,desarrollo_base_v3,si,supervision_oof_control_primario
RPM-2005-03-10:161:1,ia_base_v2,etiquetas_escalado_r6.csv,data/etiquetas/etiquetas_escalado_r6.csv,data/auditoria/revision_etiquetas_escalado_r6_v3/revision.csv,neutral,1,neutral,1,neutral,1,compatible,alta,nos vamos acercando a esa compensación en el 3%,Compatible con N: sin dirección respaldada. La unidad no adopta una dirección monetaria propia.,revisado,5c544d6637c790a429cd75a6def0fd1b3582038ab26a45a3dda5d7fd5690d06e,1575,desarrollo_base_v3,si,supervision_oof_control_primario
RPM-2005-03-10:162:1,ia_base_v2,etiquetas_escalado_r6.csv,data/etiquetas/etiquetas_escalado_r6.csv,data/auditoria/revision_etiquetas_escalado_r6_v3/revision.csv,neutral,1,neutral,1,neutral,1,compatible,alta,"efectúa un comentario sobre la fluctuación del tipo de cambio de Nueva Zelanda, en el sentido que se habría apreciado",Compatible con N: sin dirección respaldada. La unidad no adopta una dirección monetaria propia.,revisado,d7f7634130abafb55b0f73675866c30ba7c301d67b35e8e6e44c2600f090ed18,190,desarrollo_base_v3,si,supervision_oof_control_primario
RPM-2005-03-10:163:1,ia_base_v2,etiquetas_escalado_r6.csv,data/etiquetas/etiquetas_escalado_r6.csv,data/auditoria/revision_etiquetas_escalado_r6_v3/revision.csv,neutral,1,neutral,1,neutral,1,compatible,alta,se ha visto un incremento de las correlaciones de las monedas de la región,Compatible con N: sin dirección respaldada. La unidad no adopta una dirección monetaria propia.,revisado,0f500b929ee57f3078e586b7e4fa0babadacd3517a16630811171864b5bd6615,261,desarrollo_base_v3,si,supervision_oof_control_primario
RPM-2005-03-10:164:1,ia_base_v2,etiquetas_escalado_r6.csv,data/etiquetas/etiquetas_escalado_r6.csv,data/auditoria/revision_etiquetas_escalado_r6_v3/revision.csv,neutral,1,neutral,1,neutral,1,compatible,alta,la actual política fiscal de balance estructural es menos permisiva en el gasto de los excedentes del cobre de lo que permitía en los 90 la operación del Fondo de Estabilización del Cobre,Compatible con N: sin dirección respaldada. La unidad no adopta una dirección monetaria propia.,revisado,b5699351ece879e3e100f6d9d676388f3473cde62c482c4d7d90c6e336c86fff,1263,desarrollo_base_v3,si,supervision_oof_control_primario
RPM-2005-03-10:166:1,ia_base_v2,etiquetas_escalado_r6.csv,data/etiquetas/etiquetas_escalado_r6.csv,data/auditoria/revision_etiquetas_escalado_r6_v3/revision.csv,neutral,1,neutral,1,neutral,1,compatible,alta,la regla que tiende a aumentar el ahorro nacional fuertemente en momentos de mejoramiento de las condiciones externas,Compatible con N: sin dirección respaldada. La unidad no adopta una dirección monetaria propia.,revisado,5076a06071bfa40dba2c2c55a7338ebd9673fada142f23503d3abcca7b26ab98,690,desarrollo_base_v3,si,supervision_oof_control_primario
RPM-2005-03-10:167:1,ia_base_v2,etiquetas_escalado_r6.csv,data/etiquetas/etiquetas_escalado_r6.csv,data/auditoria/revision_etiquetas_escalado_r6_v3/revision.csv,neutral,1,neutral,1,neutral,1,compatible,alta,"a condiciones similares en años anteriores, los diferenciales de tasa de interés estaban en el sentido inverso",Compatible con N: sin dirección respaldada. La unidad no adopta una dirección monetaria propia.,revisado,ce297caec5724622735247be00607c913d6bbd3084e8786209d299f5c7a10350,594,desarrollo_base_v3,si,supervision_oof_control_primario
RPM-2005-03-10:168:1,ia_base_v2,etiquetas_escalado_r6.csv,data/etiquetas/etiquetas_escalado_r6.csv,data/auditoria/revision_etiquetas_escalado_r6_v3/revision.csv,neutral,1,neutral,1,neutral,1,compatible,alta,tendríamos un poco más de impulso inflacionario ahora que antes,Compatible con N: sin dirección respaldada. La unidad no adopta una dirección monetaria propia.,revisado,e2c0933001ec95697c0c6a8f0c993df5894afcf39bcd2d6beeab0b63c755c8ac,530,desarrollo_base_v3,si,supervision_oof_control_primario
RPM-2005-03-10:169:1,ia_base_v2,etiquetas_escalado_r6.csv,data/etiquetas/etiquetas_escalado_r6.csv,data/auditoria/revision_etiquetas_escalado_r6_v3/revision.csv,neutral,1,neutral,1,neutral,1,compatible,alta,las financieras están compensadas por una tasa de interés que es la más baja de la historia,Compatible con N: sin dirección respaldada. La unidad no adopta una dirección monetaria propia.,revisado,cbf610282cbb2e8a2f786610226ca9f81aaacacedf9a1c229b3ccb8ed05b70d0,676,desarrollo_base_v3,si,supervision_oof_control_primario
RPM-2005-03-10:170:1,ia_base_v2,etiquetas_escalado_r6.csv,data/etiquetas/etiquetas_escalado_r6.csv,data/auditoria/revision_etiquetas_escalado_r6_v3/revision.csv,neutral,1,neutral,1,neutral,1,compatible,alta,"el tipo de cambio real está un poco más alto de lo que debería, por los fundamentos, o de acuerdo a los modelos que tiene el Banco",Compatible con N: sin dirección respaldada. La unidad no adopta una dirección monetaria propia.,revisado,dff853c4702e834f5111c47eee6745280f90746ede3d59969136e2c901886064,387,desarrollo_base_v3,si,supervision_oof_control_primario
RPM-2005-03-10:171:1,ia_base_v2,etiquetas_escalado_r6.csv,data/etiquetas/etiquetas_escalado_r6.csv,data/auditoria/revision_etiquetas_escalado_r6_v3/revision.csv,neutral,1,neutral,1,neutral,1,compatible,alta,"el crecimiento en la fuerza de trabajo femenina ha estado en los últimos trimestres móviles cercano al 7% anual, lo que estima difícil que se pueda mantener en el tiempo",Compatible con N: sin dirección respaldada. La unidad no adopta una dirección monetaria propia.,revisado,3ce0ad0d8964f36d0ad4cedfd6b30bbba7a3c6a31ab9116f398e3bedc0072dc1,545,desarrollo_base_v3,si,supervision_oof_control_primario
RPM-2005-03-10:172:1,ia_base_v2,etiquetas_escalado_r6.csv,data/etiquetas/etiquetas_escalado_r6.csv,data/auditoria/revision_etiquetas_escalado_r6_v3/revision.csv,neutral,1,neutral,1,neutral,1,compatible,alta,"había sugerido que el Banco revisara la tasa de ocupación, ya que se trata de un concepto que se usa bastante",Compatible con N: sin dirección respaldada. La unidad no adopta una dirección monetaria propia.,revisado,1cfa06e73d485ab5b5b2cfeb22d0ff569aaf926c631957bce741698f6ab56316,273,desarrollo_base_v3,si,supervision_oof_control_primario
RPM-2005-03-10:173:1,ia_base_v2,etiquetas_escalado_r6.csv,data/etiquetas/etiquetas_escalado_r6.csv,data/auditoria/revision_etiquetas_escalado_r6_v3/revision.csv,neutral,1,neutral,1,neutral,1,compatible,alta,"cuán limpia está dicha medición de elementos que no tienen que ver con la demanda, como por ejemplo, el precio del petróleo",Compatible con N: sin dirección respaldada. La unidad no adopta una dirección monetaria propia.,revisado,ac4d29e77bc8bc4d7b58a39d6bc34209a3eff64b386e19898df1a70ff264affd,246,desarrollo_base_v3,si,supervision_oof_control_primario
RPM-2005-03-10:174:1,ia_base_v2,etiquetas_escalado_r6.csv,data/etiquetas/etiquetas_escalado_r6.csv,data/auditoria/revision_etiquetas_escalado_r6_v3/revision.csv,neutral,1,neutral,1,neutral,1,compatible,alta,el tipo de cambio pondera 10 veces lo que lo hace el precio del petróleo en la estructura de costos general de la economía,Compatible con N: sin dirección respaldada. La unidad no adopta una dirección monetaria propia.,revisado,da36723461422e08543d18d9b8bc7d5b6f4aa528faf084a03ac2037cd77c40a1,736,desarrollo_base_v3,si,supervision_oof_control_primario
RPM-2005-03-10:175:1,ia_base_v2,etiquetas_escalado_r6.csv,data/etiquetas/etiquetas_escalado_r6.csv,data/auditoria/revision_etiquetas_escalado_r6_v3/revision.csv,neutral,0,neutral,0,neutral,0,compatible,alta,,Compatible con N/relevancia0: suspension y reanudacion de la sesion (logistica).,revisado,7e2fc79252953dc1fc02308a2e820e7cad666df2290e538feb3cc329e30a0561,128,desarrollo_base_v3,si,supervision_oof_control_primario
RPM-2005-03-10:176:1,ia_base_v2,etiquetas_escalado_r6.csv,data/etiquetas/etiquetas_escalado_r6.csv,data/auditoria/revision_etiquetas_escalado_r6_v3/revision.csv,neutral,0,neutral,0,neutral,0,compatible,alta,,Compatible con N/relevancia0: reanudacion de sesion (logistica).,revisado,c729b22744f2c32b6b989731a825c10dc97b726777632cd21184666ba94e2ccd,150,desarrollo_base_v3,si,supervision_oof_control_primario
RPM-2005-03-10:177:1,ia_base_v2,etiquetas_escalado_r6.csv,data/etiquetas/etiquetas_escalado_r6.csv,data/auditoria/revision_etiquetas_escalado_r6_v3/revision.csv,neutral,0,neutral,0,neutral,0,compatible,alta,,Compatible con N/relevancia0: transito procedimental: solicitud de presentacion de opciones.,revisado,714046c20fa1f22fc26849d617a5313a85f02d0cf7a74075ddf2eefe3b928ab5,158,desarrollo_base_v3,si,supervision_oof_control_primario
RPM-2005-03-10:178:1,ia_base_v2,etiquetas_escalado_r6.csv,data/etiquetas/etiquetas_escalado_r6.csv,data/auditoria/revision_etiquetas_escalado_r6_v3/revision.csv,neutral,1,hawkish,1,hawkish,1,compatible,alta,"considerando el aumento de la tasa de interés de la reunión pasada, las opciones más plausibles son mantener la tasa de política monetaria o aumentarla en 25 puntos base",Compatible con hawkish: dirección respaldada en la unidad. No depende solo del menú o fase.,revisado,8063894ecf313fb608d1fd52ae80cb39e65397c62a0dc7906fc1277f00248ca5,6168,desarrollo_base_v3,si,supervision_oof_control_primario
RPM-2005-03-10:178:2,ia_base_v2,etiquetas_escalado_r6.csv,data/etiquetas/etiquetas_escalado_r6.csv,data/auditoria/revision_etiquetas_escalado_r6_v3/revision.csv,neutral,0,neutral,0,neutral,0,compatible,alta,,Compatible con N/relevancia0: ofrecimiento de la palabra.,revisado,b9689b5eaed084a69e2937a5673f03534bc86d22595fecb3f938877851ccaf48,69,desarrollo_base_v3,si,supervision_oof_control_primario
RPM-2005-03-10:179:1,ia_base_v2,etiquetas_escalado_r6.csv,data/etiquetas/etiquetas_escalado_r6.csv,data/auditoria/revision_etiquetas_escalado_r6_v3/revision.csv,neutral,1,neutral,1,hawkish,1,cambio_etiqueta,alta,concuerda con los comentarios y recomendaciones sobre una normalización pausada de la política monetaria,"Hace propia la trayectoria de normalización, aunque admite postergar el alza por táctica. La orientación futura respaldada es H.",revisado,a98d04e6f587363bf43d3d7f81164fd6fc7053165409a01ca4f79f84743b06e0,561,desarrollo_base_v3,si,supervision_oof_control_primario
RPM-2005-03-10:181:1,ia_base_v2,etiquetas_escalado_r6.csv,data/etiquetas/etiquetas_escalado_r6.csv,data/auditoria/revision_etiquetas_escalado_r6_v3/revision.csv,neutral,1,neutral,1,neutral,1,compatible,alta,se dio una señal clara de que el Banco se preocupaba de la inflación hacia delante y no mes a mes,Compatible con N: sin dirección respaldada. La unidad no adopta una dirección monetaria propia.,revisado,eff43795b9110c850c40aefa637f94869b3caab2ab1055c106335c8312c95ef4,346,desarrollo_base_v3,si,supervision_oof_control_primario
RPM-2005-03-10:182:1,ia_base_v2,etiquetas_escalado_r6.csv,data/etiquetas/etiquetas_escalado_r6.csv,data/auditoria/revision_etiquetas_escalado_r6_v3/revision.csv,neutral,1,neutral,1,neutral,1,compatible,alta,"el punto planteado por el Gerente de División Política Financiera, tiene mucho sentido si uno hubiera estado absolutamente inactivo",Compatible con N: sin dirección respaldada. La unidad no adopta una dirección monetaria propia.,revisado,0ce01b042717ba72b99c80e4048be3fbc3637bc43a0bb2c3b4efed13674db076,181,desarrollo_base_v3,si,supervision_oof_control_primario
RPM-2005-03-10:183:1,ia_base_v2,etiquetas_escalado_r6.csv,data/etiquetas/etiquetas_escalado_r6.csv,data/auditoria/revision_etiquetas_escalado_r6_v3/revision.csv,neutral,1,neutral,1,neutral,1,compatible,media,no es tan evidente que una aceleración de inflación provocada por un aumento del petróleo debiera apurar un aumento de la tasa de la política monetaria,Compatible con N: sin dirección respaldada. La unidad no adopta una dirección monetaria propia.,revisado,c42a585067d7eb630fd3c6cd1398d817827fd7ab1caf98ff3bb92bc79939adf4,779,desarrollo_base_v3,si,supervision_oof_control_primario
RPM-2005-03-10:184:1,ia_base_v2,etiquetas_escalado_r6.csv,data/etiquetas/etiquetas_escalado_r6.csv,data/auditoria/revision_etiquetas_escalado_r6_v3/revision.csv,neutral,1,neutral,1,neutral,1,compatible,alta,Le parece temerario porque eso supone manejar una cantidad de información que probablemente todos reconoceríamos que no tenemos,Compatible con N: sin dirección respaldada. La unidad no adopta una dirección monetaria propia.,revisado,ac12c678e86443673540becf3a62687bfbf9d6f2e9cc91a9ad027aa89ce57b36,2374,desarrollo_base_v3,si,supervision_oof_control_primario
RPM-2005-03-10:185:1,ia_base_v2,etiquetas_escalado_r6.csv,data/etiquetas/etiquetas_escalado_r6.csv,data/auditoria/revision_etiquetas_escalado_r6_v3/revision.csv,dovish,1,dovish,1,neutral,1,cambio_etiqueta,alta,estamos mucho más en tinieblas de lo que parece afirmar el Banco,"Cuestiona los supuestos que justificarían alzas y pide revisar datos mes a mes, pero no adopta una expansión ni un sesgo a la baja. No corresponde D: N.",revisado,31a081ae9fef8d12f507f5db16e42708cf305a943ded8481dc3ebcbdceb4ecdf,5640,desarrollo_base_v3,si,supervision_oof_control_primario
RPM-2005-03-10:186:1,ia_base_v2,etiquetas_escalado_r6.csv,data/etiquetas/etiquetas_escalado_r6.csv,data/auditoria/revision_etiquetas_escalado_r6_v3/revision.csv,neutral,1,neutral,1,hawkish,1,cambio_etiqueta,media,"lo que se avizora en el futuro es una reducción gradual del impulso monetario, que le parece además adecuado plantearlo",Respalda una reducción futura gradual del impulso y solo pide no convertirla en precompromiso mecánico: H.,revisado,1e1dd82328e97b438f5e02155ca648cb30853a89032a238ecc5f44209e00a13a,1604,desarrollo_base_v3,si,supervision_oof_control_primario
RPM-2005-03-10:187:1,ia_base_v2,etiquetas_escalado_r6.csv,data/etiquetas/etiquetas_escalado_r6.csv,data/auditoria/revision_etiquetas_escalado_r6_v3/revision.csv,neutral,1,neutral,1,neutral,1,compatible,alta,"no le parece coherente decir que el PIB potencial puede ser muy alto y las tasas neutrales muy bajas, simultáneamente",Compatible con N: sin dirección respaldada. La unidad no adopta una dirección monetaria propia.,revisado,b0bcaae3839785909ddb0c2d0b8e5f5f4e0581c41f36fcffced39b2377d9e82f,675,desarrollo_base_v3,si,supervision_oof_control_primario
RPM-2005-03-10:188:1,ia_base_v2,etiquetas_escalado_r6.csv,data/etiquetas/etiquetas_escalado_r6.csv,data/auditoria/revision_etiquetas_escalado_r6_v3/revision.csv,neutral,1,neutral,1,neutral,1,compatible,alta,"tasas más bajas y el potencial más alto, no es contradictorio",Compatible con N: sin dirección respaldada. La unidad no adopta una dirección monetaria propia.,revisado,8c54b63ed44a40b1c0da24ee6ba073842d8f06d1029bd0112311fc5b5f21bfdc,228,desarrollo_base_v3,si,supervision_oof_control_primario
RPM-2005-03-10:189:1,ia_base_v2,etiquetas_escalado_r6.csv,data/etiquetas/etiquetas_escalado_r6.csv,data/auditoria/revision_etiquetas_escalado_r6_v3/revision.csv,neutral,1,neutral,1,neutral,1,compatible,alta,"una decisión aislada, de 25 puntos base, es muy irrelevante, y además, una de timing de 25 puntos base es 101% irrelevante",Compatible con N: sin dirección respaldada. La unidad no adopta una dirección monetaria propia.,revisado,29c9ec542b8e6a387e04777164166ed9b0412be5fb5a635ffe00de64baed59e5,1979,desarrollo_base_v3,si,supervision_oof_control_primario
RPM-2005-03-10:190:1,ia_base_v2,etiquetas_escalado_r6.csv,data/etiquetas/etiquetas_escalado_r6.csv,data/auditoria/revision_etiquetas_escalado_r6_v3/revision.csv,hawkish,1,hawkish,1,hawkish,1,compatible,media,"la tasa de interés actual de la política monetaria es una tasa claramente expansiva y que, por lo tanto, la tasa neutral está por sobre ésta",Compatible con hawkish: dirección respaldada en la unidad. No depende solo del menú o fase.,revisado,8663bac36e1bfa757aa5926c531fad2303f063fbe99778da7b32e83bbc6d892d,2095,desarrollo_base_v3,si,supervision_oof_control_primario
RPM-2005-03-10:191:1,ia_base_v2,etiquetas_escalado_r6.csv,data/etiquetas/etiquetas_escalado_r6.csv,data/auditoria/revision_etiquetas_escalado_r6_v3/revision.csv,neutral,1,neutral,1,neutral,1,compatible,media,"tiene la impresión de que la brecha de PIB ha sido, durante todo este ciclo, más alta que lo que se ha estimado y si es más alta, también se está cerrando más rápido",Compatible con N: sin dirección respaldada. La unidad no adopta una dirección monetaria propia.,revisado,1a92c673e9f72d7fcbcb637ca442c21197707857fe5ffc331a285bcd4e86289d,4260,desarrollo_base_v3,si,supervision_oof_control_primario
RPM-2005-03-10:192:1,ia_base_v2,etiquetas_escalado_r6.csv,data/etiquetas/etiquetas_escalado_r6.csv,data/auditoria/revision_etiquetas_escalado_r6_v3/revision.csv,hawkish,1,hawkish,1,hawkish,1,compatible,media,no le cabe ninguna duda que la tasa neutral en Chile está muy por encima del nivel de la tasa de política monetaria hoy día,Compatible con hawkish: dirección respaldada en la unidad. No depende solo del menú o fase.,revisado,dc468906fce6ecbf65db2199b0a2b0b887b52637259c53902ecba7a279d5a4e3,2447,desarrollo_base_v3,si,supervision_oof_control_primario
RPM-2005-03-10:193:1,ia_base_v2,etiquetas_escalado_r6.csv,data/etiquetas/etiquetas_escalado_r6.csv,data/auditoria/revision_etiquetas_escalado_r6_v3/revision.csv,neutral,1,neutral,1,hawkish,1,cambio_etiqueta,media,importante dar una señal hacia dónde va esa política monetaria en el futuro,"Describe la tasa neutral por encima de la actual y respalda comunicar la trayectoria hacia ella; la orientación futura es H, aunque el momento permanezca abierto.",revisado,9f22ecc5ac037325e0808dcd0df94c90303ec1d8299e25895963d8bcc593988e,2582,desarrollo_base_v3,si,supervision_oof_control_primario
RPM-2005-03-10:194:1,ia_base_v2,etiquetas_escalado_r6.csv,data/etiquetas/etiquetas_escalado_r6.csv,data/auditoria/revision_etiquetas_escalado_r6_v3/revision.csv,neutral,1,neutral,1,neutral,1,compatible,alta,"quiere proponer a los señores Consejeros el acuerdo de mantener la tasa de política monetaria en su nivel actual, siempre que exista unanimidad para ello",Compatible con N: sin dirección respaldada. La unidad no adopta una dirección monetaria propia.,revisado,3ff941144b47829783cf8c5c73f505e540f2da951506d063ad46d1c62510b5b7,289,desarrollo_base_v3,si,supervision_oof_control_primario
RPM-2005-03-10:195:1,ia_base_v2,etiquetas_escalado_r6.csv,data/etiquetas/etiquetas_escalado_r6.csv,data/auditoria/revision_etiquetas_escalado_r6_v3/revision.csv,neutral,0,neutral,0,neutral,0,compatible,alta,,Compatible con N/relevancia0: registro de conformidad unanime de la votacion (fundamentos en intervenciones propias y minutas).,revisado,a484e4f29907f423666efcfb617de7f47d3b1b3f08a84fb017e45462e3ea22a0,508,desarrollo_base_v3,si,supervision_oof_control_primario
RPM-2005-03-10:196:1,ia_base_v2,etiquetas_escalado_r6.csv,data/etiquetas/etiquetas_escalado_r6.csv,data/auditoria/revision_etiquetas_escalado_r6_v3/revision.csv,neutral,1,neutral,1,hawkish,1,cambio_etiqueta,alta,una reducción gradual y pausada del pronunciado estímulo monetario,La minuta respalda mantener la estrategia de retirar gradualmente estímulo aunque pause hoy: H.,revisado,95747f817cc8fcbaf62bb83b271eaed906a4c7aeab8da52677b755a49356103e,773,desarrollo_base_v3,si,supervision_oof_control_primario
RPM-2005-03-10:197:1,ia_base_v2,etiquetas_escalado_r6.csv,data/etiquetas/etiquetas_escalado_r6.csv,data/auditoria/revision_etiquetas_escalado_r6_v3/revision.csv,neutral,1,neutral,1,neutral,1,compatible,alta,me parece que hoy una buena opción es mantener la tasa de interés,Compatible con N: sin dirección respaldada. La unidad no adopta una dirección monetaria propia.,revisado,a78ed50fddc606b0f382fc66f866e3294826a2f77472b09c3fc57e4def442822,542,desarrollo_base_v3,si,supervision_oof_control_primario
RPM-2005-03-10:198:1,ia_base_v2,etiquetas_escalado_r6.csv,data/etiquetas/etiquetas_escalado_r6.csv,data/auditoria/revision_etiquetas_escalado_r6_v3/revision.csv,neutral,1,hawkish,1,hawkish,1,compatible,alta,voto por Mantener la TPM,Compatible con hawkish: dirección respaldada en la unidad. No depende solo del menú o fase.,revisado,c8d2dedf690bb1e101abb570981d377e26690d9213a084885ed2a21b458ed645,2199,desarrollo_base_v3,si,supervision_oof_control_primario
RPM-2005-03-10:199:1,ia_base_v2,etiquetas_escalado_r6.csv,data/etiquetas/etiquetas_escalado_r6.csv,data/auditoria/revision_etiquetas_escalado_r6_v3/revision.csv,neutral,1,neutral,1,neutral,1,compatible,alta,"Se acuerda mantener la tasa de interés de política monetaria en 2,75% anual",Compatible con N: sin dirección respaldada. La unidad no adopta una dirección monetaria propia.,revisado,99ba2c2f6aa959c1055032c1b53d5c989a21bd894bd98c5e31fa3325e463d8e7,500,desarrollo_base_v3,si,supervision_oof_control_primario
RPM-2005-03-10:200:1,ia_base_v2,etiquetas_escalado_r6.csv,data/etiquetas/etiquetas_escalado_r6.csv,data/auditoria/revision_etiquetas_escalado_r6_v3/revision.csv,hawkish,1,hawkish,1,hawkish,1,compatible,media,La decisión de mantener la Tasa de Política Monetaria en esta oportunidad no modifica la expectativa de reducción pausada del impulso monetario,Compatible con hawkish: dirección respaldada en la unidad. No depende solo del menú o fase.,revisado,6be70b61cd43fbe5b4115a4e37ae018f66ee976ffcacf3630d1c099d8dd7201e,1830,desarrollo_base_v3,si,supervision_oof_control_primario
RPM-2005-04-07:201:1,ia_base_v2,etiquetas_escalado_r6.csv,data/etiquetas/etiquetas_escalado_r6.csv,data/auditoria/revision_etiquetas_escalado_r6_v3/revision.csv,neutral,0,neutral,0,neutral,0,compatible,alta,,Compatible con N/relevancia0: encabezado de acta: lista de asistentes y fecha.,revisado,882b6922856da9003031ab57fc7a30b96aa0821401cc4af390acd72bbf203906,1144,desarrollo_base_v3,si,supervision_oof_control_primario
RPM-2005-04-07:202:2,ia_base_v2,etiquetas_escalado_r7.csv,data/etiquetas/etiquetas_escalado_r7.csv,data/auditoria/revision_etiquetas_escalado_r7_v3/revision.csv,neutral,1,neutral,1,neutral,1,compatible,alta,"la inflación anual del IPC tenderá al centro del rango meta más rápidamente que lo previsto en el Informe de Política Monetaria de enero, debido al fuerte incremento del precio del petróleo",Compatible con N: sin dirección respaldada. La unidad no adopta una dirección monetaria propia.,revisado,111d7a0b0313251cbf6ab50f8e94ab294ede74899ae4563378ccb8b96cfd87f7,11028,desarrollo_base_v3,si,supervision_oof_control_primario
RPM-2005-04-07:202:3,ia_base_v2,etiquetas_escalado_r7.csv,data/etiquetas/etiquetas_escalado_r7.csv,data/auditoria/revision_etiquetas_escalado_r7_v3/revision.csv,neutral,0,neutral,0,neutral,0,compatible,alta,,Compatible con N/relevancia0: ofrecimiento de la palabra.,revisado,7b6cbb65b5fb4ee773c2030c356754cf339edbf3e15f18d9130d7ca734cf9b51,88,desarrollo_base_v3,si,supervision_oof_control_primario
RPM-2005-04-07:203:1,ia_base_v2,etiquetas_escalado_r7.csv,data/etiquetas/etiquetas_escalado_r7.csv,data/auditoria/revision_etiquetas_escalado_r7_v3/revision.csv,neutral,1,neutral,1,neutral,1,compatible,alta,"está pensando, fundamentalmente, en el precio del petróleo respecto del Informe de Política Monetaria",Compatible con N: sin dirección respaldada. La unidad no adopta una dirección monetaria propia.,revisado,903ad119cf94107d50fe8d0b4b79abf1ef135e9be5228c1aeacb40972b5e0107,419,desarrollo_base_v3,si,supervision_oof_control_primario
RPM-2005-04-07:203:2,ia_base_v2,etiquetas_escalado_r7.csv,data/etiquetas/etiquetas_escalado_r7.csv,data/auditoria/revision_etiquetas_escalado_r7_v3/revision.csv,neutral,1,neutral,1,neutral,1,compatible,alta,indudablemente el precio del petróleo es un elemento a considerar,Compatible con N: sin dirección respaldada. La unidad no adopta una dirección monetaria propia.,revisado,d871e91ea7ffc9ff4c920189b29935cd60ba89cb003437f034a31bda8cd2be52,426,desarrollo_base_v3,si,supervision_oof_control_primario
RPM-2005-04-07:203:3,ia_base_v2,etiquetas_escalado_r7.csv,data/etiquetas/etiquetas_escalado_r7.csv,data/auditoria/revision_etiquetas_escalado_r7_v3/revision.csv,neutral,1,neutral,1,neutral,1,compatible,alta,"consulta la razón por la cual el Banco Mundial está hablando de un crecimiento mundial de 3,3%",Compatible con N: sin dirección respaldada. La unidad no adopta una dirección monetaria propia.,revisado,f3c8bed853bbfdd37bc8f4752a35fb5db8b390852a12da144fdedb860e645ec0,133,desarrollo_base_v3,si,supervision_oof_control_primario
RPM-2005-04-07:203:4,ia_base_v2,etiquetas_escalado_r7.csv,data/etiquetas/etiquetas_escalado_r7.csv,data/auditoria/revision_etiquetas_escalado_r7_v3/revision.csv,neutral,1,neutral,1,neutral,1,compatible,alta,todas las proyecciones van a venir hacia abajo con una probabilidad del 99%,Compatible con N: sin dirección respaldada. La unidad no adopta una dirección monetaria propia.,revisado,7e2be26f18b2cfe2f4222e065d1273982511c9a666c3e591eee3436f125beb52,309,desarrollo_base_v3,si,supervision_oof_control_primario
RPM-2005-04-07:204:1,ia_base_v2,etiquetas_escalado_r7.csv,data/etiquetas/etiquetas_escalado_r7.csv,data/auditoria/revision_etiquetas_escalado_r7_v3/revision.csv,neutral,0,neutral,0,neutral,0,compatible,alta,,Compatible con N/relevancia0: consulta procedimental.,revisado,4047a01260d58f58e9805c7b6d04dbea10c9e2abb4b64e04c3c832ff38313e1e,88,desarrollo_base_v3,si,supervision_oof_control_primario
RPM-2005-04-07:204:2,ia_base_v2,etiquetas_escalado_r7.csv,data/etiquetas/etiquetas_escalado_r7.csv,data/auditoria/revision_etiquetas_escalado_r7_v3/revision.csv,neutral,1,neutral,1,neutral,1,compatible,alta,sí las modificaciones de los supuestos de precio del cobre y del petróleo han modificado la proyección que se tiene en los términos de intercambio,Compatible con N: sin dirección respaldada. La unidad no adopta una dirección monetaria propia.,revisado,c35223f336866f5e8500db6a12d4ef98352b581d29a58cad22cf7fd0aa7ef3bd,500,desarrollo_base_v3,si,supervision_oof_control_primario
RPM-2005-04-07:204:3,ia_base_v2,etiquetas_escalado_r7.csv,data/etiquetas/etiquetas_escalado_r7.csv,data/auditoria/revision_etiquetas_escalado_r7_v3/revision.csv,neutral,1,neutral,1,neutral,1,compatible,alta,"este escenario de precios de los commodities revisa, por lo menos al alza este año en alrededor de 4 puntos porcentuales",Compatible con N: sin dirección respaldada. La unidad no adopta una dirección monetaria propia.,revisado,7179046d5a70ff264725ec181f96e24be33e81b383046c7586e775c3495ac594,1114,desarrollo_base_v3,si,supervision_oof_control_primario
RPM-2005-04-07:205:1,ia_base_v2,etiquetas_escalado_r7.csv,data/etiquetas/etiquetas_escalado_r7.csv,data/auditoria/revision_etiquetas_escalado_r7_v3/revision.csv,neutral,1,neutral,1,neutral,1,compatible,alta,"si miramos la evolución de las monedas latinoamericanas, la sensación que existe es que poco de eso ha llegado a la región",Compatible con N: sin dirección respaldada. La unidad no adopta una dirección monetaria propia.,revisado,4e6e1e9c0354dca57438bd2b4bfadce89ebc9ff8e6cc5a87e3195799871259e7,549,desarrollo_base_v3,si,supervision_oof_control_primario
RPM-2005-04-07:205:3,ia_base_v2,etiquetas_escalado_r7.csv,data/etiquetas/etiquetas_escalado_r7.csv,data/auditoria/revision_etiquetas_escalado_r7_v3/revision.csv,neutral,0,neutral,0,neutral,0,compatible,alta,,Compatible con N/relevancia0: aclaracion puntual de referencia temporal.,revisado,12fd76f346ce275899c73036218ce58d9ba5f533ee16ae5dab71fb3d90b988ed,126,desarrollo_base_v3,si,supervision_oof_control_primario
RPM-2005-04-07:205:4,ia_base_v2,etiquetas_escalado_r7.csv,data/etiquetas/etiquetas_escalado_r7.csv,data/auditoria/revision_etiquetas_escalado_r7_v3/revision.csv,neutral,1,neutral,1,neutral,1,compatible,alta,"no corresponde que en ese documento escrito que después pasa a ser importante para efectos del Acta, se haga un juicio respecto de que el peso ya estaba depreciado",Compatible con N: sin dirección respaldada. La unidad no adopta una dirección monetaria propia.,revisado,33394ebc480156f93ac80b2b41fb71bde8caa588b9085f01a8e8bc8dc5761384,1047,desarrollo_base_v3,si,supervision_oof_control_primario
RPM-2005-04-07:205:5,ia_base_v2,etiquetas_escalado_r7.csv,data/etiquetas/etiquetas_escalado_r7.csv,data/auditoria/revision_etiquetas_escalado_r7_v3/revision.csv,neutral,1,neutral,1,neutral,1,compatible,alta,un punto que se presta a confusión y que se va a corregir,Compatible con N: sin dirección respaldada. La unidad no adopta una dirección monetaria propia.,revisado,64d0f32d50207cf066a6a01b8b06c24e1d5350fa34db1bf3637460cd4a586ac4,442,desarrollo_base_v3,si,supervision_oof_control_primario
RPM-2005-04-07:206:1,ia_base_v2,etiquetas_escalado_r7.csv,data/etiquetas/etiquetas_escalado_r7.csv,data/auditoria/revision_etiquetas_escalado_r7_v3/revision.csv,neutral,1,neutral,1,neutral,1,compatible,alta,"cual es el precio del petróleo que tiene World Economic Outlook (WEO), del Fondo Monetario Internacional, para este año",Compatible con N: sin dirección respaldada. La unidad no adopta una dirección monetaria propia.,revisado,dd6818ad99327337b0cb9cbcd2316e4bdd39015e77d2d774366919fe7655c82a,349,desarrollo_base_v3,si,supervision_oof_control_primario
RPM-2005-04-07:206:2,ia_base_v2,etiquetas_escalado_r7.csv,data/etiquetas/etiquetas_escalado_r7.csv,data/auditoria/revision_etiquetas_escalado_r7_v3/revision.csv,neutral,1,neutral,1,neutral,1,compatible,alta,la proyección que se tiene en esta reunión se encuentra dentro del rango,Compatible con N: sin dirección respaldada. La unidad no adopta una dirección monetaria propia.,revisado,bc50e3c2ade408881216c0936e25cf770dc56b49b281aa334ad750576cb729f2,785,desarrollo_base_v3,si,supervision_oof_control_primario
RPM-2005-04-07:206:3,ia_base_v2,etiquetas_escalado_r7.csv,data/etiquetas/etiquetas_escalado_r7.csv,data/auditoria/revision_etiquetas_escalado_r7_v3/revision.csv,neutral,1,neutral,1,neutral,1,compatible,alta,"la pendiente de la actual curva forward aumentó comparada con la de la reunión de marzo, dando cuenta que los agentes esperan una normalización más rápida de la política monetaria",Compatible con N: sin dirección respaldada. La unidad no adopta una dirección monetaria propia.,revisado,4462e12e27e70901582952fea52a2d0104ef5a5a8e327c3fab150a3ae9c94372,12651,desarrollo_base_v3,si,supervision_oof_control_primario
RPM-2005-04-07:206:4,ia_base_v2,etiquetas_escalado_r7.csv,data/etiquetas/etiquetas_escalado_r7.csv,data/auditoria/revision_etiquetas_escalado_r7_v3/revision.csv,neutral,0,neutral,0,neutral,0,compatible,alta,,Compatible con N/relevancia0: consulta procedimental.,revisado,483ce24f09643bf2a01cc34e9aa2db40269971036443af31fd2641fb2976e28b,117,desarrollo_base_v3,si,supervision_oof_control_primario
RPM-2005-04-07:206:5,ia_base_v2,etiquetas_escalado_r7.csv,data/etiquetas/etiquetas_escalado_r7.csv,data/auditoria/revision_etiquetas_escalado_r7_v3/revision.csv,neutral,1,neutral,1,neutral,1,compatible,alta,la curva forward para lo que resta de este año no contempla cambios respecto de la reunión de Política Monetaria anterior,Compatible con N: sin dirección respaldada. La unidad no adopta una dirección monetaria propia.,revisado,816fb4ff9fd7424a838b441a9e6580184598420b4b51785ea136cc3b455b9998,393,desarrollo_base_v3,si,supervision_oof_control_primario
RPM-2005-04-07:207:1,ia_base_v2,etiquetas_escalado_r7.csv,data/etiquetas/etiquetas_escalado_r7.csv,data/auditoria/revision_etiquetas_escalado_r7_v3/revision.csv,neutral,1,neutral,1,neutral,1,compatible,alta,habría que chequear exactamente si se trata del mismo número,Compatible con N: sin dirección respaldada. La unidad no adopta una dirección monetaria propia.,revisado,d2a440388dbd9f3402515d5e22bc2d66d32050a1e3e4721d4bfc25791ef1bf2b,402,desarrollo_base_v3,si,supervision_oof_control_primario
RPM-2005-04-07:207:11,ia_base_v2,etiquetas_escalado_r7.csv,data/etiquetas/etiquetas_escalado_r7.csv,data/auditoria/revision_etiquetas_escalado_r7_v3/revision.csv,neutral,1,neutral,1,neutral,1,compatible,alta,si era posible establecer preliminarmente el efecto de la reducción de la jornada laboral en la actividad y en la inflación,Compatible con N: sin dirección respaldada. La unidad no adopta una dirección monetaria propia.,revisado,daf0a0c4de78fdab416ec90a21be13d833fd4d3ff5c4b9df4c2d5836dbad6bd1,410,desarrollo_base_v3,si,supervision_oof_control_primario
RPM-2005-04-07:207:12,ia_base_v2,etiquetas_escalado_r7.csv,data/etiquetas/etiquetas_escalado_r7.csv,data/auditoria/revision_etiquetas_escalado_r7_v3/revision.csv,neutral,1,neutral,1,neutral,1,compatible,alta,es posible perfectamente que lo que estamos viendo hoy día corresponda a esa tendencia y no al efecto del cambio de jornada,Compatible con N: sin dirección respaldada. La unidad no adopta una dirección monetaria propia.,revisado,985c6180b3e43fd68ef6c1138afd133e9af9be853b1ef63eda0548195df497ae,1419,desarrollo_base_v3,si,supervision_oof_control_primario
RPM-2005-04-07:207:2,ia_base_v2,etiquetas_escalado_r7.csv,data/etiquetas/etiquetas_escalado_r7.csv,data/auditoria/revision_etiquetas_escalado_r7_v3/revision.csv,neutral,1,neutral,1,neutral,1,compatible,alta,si cae el consumo privado el resto de la demanda es puro inventarios,Compatible con N: sin dirección respaldada. La unidad no adopta una dirección monetaria propia.,revisado,d9486fef60aeced47b56a0cf5e3bb56b93818e5760ac5a283fd5b53c34852ab1,187,desarrollo_base_v3,si,supervision_oof_control_primario
RPM-2005-04-07:207:3,ia_base_v2,etiquetas_escalado_r7.csv,data/etiquetas/etiquetas_escalado_r7.csv,data/auditoria/revision_etiquetas_escalado_r7_v3/revision.csv,neutral,1,neutral,1,neutral,1,compatible,alta,esa tendencia es muy fuerte hacia fines de año y continúa la estimación para el primer semestre,Compatible con N: sin dirección respaldada. La unidad no adopta una dirección monetaria propia.,revisado,781bf7b5f7faf509d5fd7ab4cf8063e7a49c3f8e9152e9af7beadfd78a63442b,316,desarrollo_base_v3,si,supervision_oof_control_primario
RPM-2005-04-07:207:4,ia_base_v2,etiquetas_escalado_r7.csv,data/etiquetas/etiquetas_escalado_r7.csv,data/auditoria/revision_etiquetas_escalado_r7_v3/revision.csv,neutral,1,neutral,1,neutral,1,compatible,alta,en éste tendrían que aumentar mucho para que se corrija hacia arriba la demanda interna,Compatible con N: sin dirección respaldada. La unidad no adopta una dirección monetaria propia.,revisado,cc15c8649def22db1f97a97bd951525037949e968fa9ad1825f4959e23ca22ac,196,desarrollo_base_v3,si,supervision_oof_control_primario
RPM-2005-04-07:207:5,ia_base_v2,etiquetas_escalado_r7.csv,data/etiquetas/etiquetas_escalado_r7.csv,data/auditoria/revision_etiquetas_escalado_r7_v3/revision.csv,neutral,1,neutral,1,neutral,1,compatible,alta,el patrón anual de la acumulación de inventarios es muy empinada,Compatible con N: sin dirección respaldada. La unidad no adopta una dirección monetaria propia.,revisado,39ee15d809ee4357450baaebf7b9062fb87bd0559893a3911295a33bb1f41f29,254,desarrollo_base_v3,si,supervision_oof_control_primario
RPM-2005-04-07:207:6,ia_base_v2,etiquetas_escalado_r7.csv,data/etiquetas/etiquetas_escalado_r7.csv,data/auditoria/revision_etiquetas_escalado_r7_v3/revision.csv,neutral,1,neutral,1,neutral,1,compatible,alta,consulta sobre los datos de consumo durable y su velocidad,Compatible con N: sin dirección respaldada. La unidad no adopta una dirección monetaria propia.,revisado,5f7c975398ec086a9c0e414cd00d43ab7e5d58327e14f724beee31ba146dc89e,85,desarrollo_base_v3,si,supervision_oof_control_primario
RPM-2005-04-07:207:7,ia_base_v2,etiquetas_escalado_r7.csv,data/etiquetas/etiquetas_escalado_r7.csv,data/auditoria/revision_etiquetas_escalado_r7_v3/revision.csv,neutral,1,neutral,1,neutral,1,compatible,alta,las ventas de autos nuevos están creciendo al 40% anualizados,Compatible con N: sin dirección respaldada. La unidad no adopta una dirección monetaria propia.,revisado,a73c47f18d1559876d6437d0730832df1ebacf36784dcfc14b844873caf77503,483,desarrollo_base_v3,si,supervision_oof_control_primario
RPM-2005-04-07:207:8,ia_base_v2,etiquetas_escalado_r7.csv,data/etiquetas/etiquetas_escalado_r7.csv,data/auditoria/revision_etiquetas_escalado_r7_v3/revision.csv,neutral,1,neutral,1,neutral,1,compatible,alta,no le parece que estas cifras permitan concluir que se está encaminado a un boom de consumo,Compatible con N: sin dirección respaldada. La unidad no adopta una dirección monetaria propia.,revisado,35b7722a87209747d91b98ba45e7532b3576eac2dcb714453ea0a774fafe4857,310,desarrollo_base_v3,si,supervision_oof_control_primario
RPM-2005-04-07:207:9,ia_base_v2,etiquetas_escalado_r7.csv,data/etiquetas/etiquetas_escalado_r7.csv,data/auditoria/revision_etiquetas_escalado_r7_v3/revision.csv,neutral,1,neutral,1,neutral,1,compatible,alta,la sensación que estábamos en un boom o crecimiento excesivo ha ido decayendo y piensa que ello se puede ir descartando del escenario base,Compatible con N: sin dirección respaldada. La unidad no adopta una dirección monetaria propia.,revisado,e876ea292c86b9f346791bdcfe9fbf21291cfd6e9f49ddd0327a0fe1f6834ee9,4121,desarrollo_base_v3,si,supervision_oof_control_primario
RPM-2005-04-07:208:1,ia_base_v2,etiquetas_escalado_r7.csv,data/etiquetas/etiquetas_escalado_r7.csv,data/auditoria/revision_etiquetas_escalado_r7_v3/revision.csv,neutral,1,neutral,1,neutral,1,compatible,alta,"cómo visualizan el fenómeno energético, no solamente por el tema del petróleo, sino también por el abastecimiento de gas",Compatible con N: sin dirección respaldada. La unidad no adopta una dirección monetaria propia.,revisado,4a91c6c1b2b9adc8484530b9b90a4936bb9a8b410bc54e319ad545d925d6e1f7,379,desarrollo_base_v3,si,supervision_oof_control_primario
RPM-2005-04-07:209:1,ia_base_v2,etiquetas_escalado_r7.csv,data/etiquetas/etiquetas_escalado_r7.csv,data/auditoria/revision_etiquetas_escalado_r7_v3/revision.csv,neutral,1,neutral,1,neutral,1,compatible,alta,el problema es más grave de la percepción que teníamos internamente hace dos meses,Compatible con N: sin dirección respaldada. La unidad no adopta una dirección monetaria propia.,revisado,c29630327628fa1e46c981f139fc21dfabc41871aca390e30f409017f5d52a23,645,desarrollo_base_v3,si,supervision_oof_control_primario
RPM-2005-04-07:210:1,ia_base_v2,etiquetas_escalado_r7.csv,data/etiquetas/etiquetas_escalado_r7.csv,data/auditoria/revision_etiquetas_escalado_r7_v3/revision.csv,neutral,1,neutral,1,neutral,1,compatible,alta,la reacción a la ley eléctrica ha sido muy favorable desde el punto de vista de incentivo a la producción,Compatible con N: sin dirección respaldada. La unidad no adopta una dirección monetaria propia.,revisado,ae2a31230c8a637e47ae7116a02aff02883cab53fc0ce3dd7d4463b81b9a9753,405,desarrollo_base_v3,si,supervision_oof_control_primario
RPM-2005-04-07:210:2,ia_base_v2,etiquetas_escalado_r7.csv,data/etiquetas/etiquetas_escalado_r7.csv,data/auditoria/revision_etiquetas_escalado_r7_v3/revision.csv,neutral,1,neutral,1,neutral,1,compatible,media,para las mismas tasas de crecimiento del producto interno bruto efectivo la brecha sería más ancha y no más angosta,Compatible con N: sin dirección respaldada. La unidad no adopta una dirección monetaria propia.,revisado,94ff60fd21210122d3d4f6ca240b35c8c145f300e6f39ca90fcc4854e6068ed2,1189,desarrollo_base_v3,si,supervision_oof_control_primario
RPM-2005-04-07:210:3,ia_base_v2,etiquetas_escalado_r7.csv,data/etiquetas/etiquetas_escalado_r7.csv,data/auditoria/revision_etiquetas_escalado_r7_v3/revision.csv,neutral,1,neutral,1,neutral,1,compatible,alta,no se atrevería a decir que el escenario de brechas sea muy distinto al escenario anterior,Compatible con N: sin dirección respaldada. La unidad no adopta una dirección monetaria propia.,revisado,7455da0b4e983bc679a3408321885f85c928790a74ad0a1621431251e364c2b1,669,desarrollo_base_v3,si,supervision_oof_control_primario
RPM-2005-04-07:211:1,ia_base_v2,etiquetas_escalado_r7.csv,data/etiquetas/etiquetas_escalado_r7.csv,data/auditoria/revision_etiquetas_escalado_r7_v3/revision.csv,neutral,1,neutral,1,neutral,1,compatible,alta,"presentaron trayectorias al alza, continuando con la tendencia de meses anteriores",Compatible con N: sin dirección respaldada. La unidad no adopta una dirección monetaria propia.,revisado,00d7a5f1d475fb089855c0cac303f33f2502656cad20f974bd0ac36857577ed0,4578,desarrollo_base_v3,si,supervision_oof_control_primario
RPM-2005-04-07:212:1,ia_base_v2,etiquetas_escalado_r7.csv,data/etiquetas/etiquetas_escalado_r7.csv,data/auditoria/revision_etiquetas_escalado_r7_v3/revision.csv,neutral,0,neutral,0,neutral,0,compatible,alta,,Compatible con N/relevancia0: consulta procedimental.,revisado,7a0502d92797b46e9eedc56f6b831b4dfc8ceb425b85e2be9d143fd112d34bb9,72,desarrollo_base_v3,si,supervision_oof_control_primario
RPM-2005-04-07:212:2,ia_base_v2,etiquetas_escalado_r7.csv,data/etiquetas/etiquetas_escalado_r7.csv,data/auditoria/revision_etiquetas_escalado_r7_v3/revision.csv,neutral,1,neutral,1,neutral,1,compatible,alta,se está tratando como un shock tarifario,Compatible con N: sin dirección respaldada. La unidad no adopta una dirección monetaria propia.,revisado,6c6324b749efec0d14ca19784632f302c1a9e04c0420292257139782a0918d92,206,desarrollo_base_v3,si,supervision_oof_control_primario
RPM-2005-04-07:212:3,ia_base_v2,etiquetas_escalado_r7.csv,data/etiquetas/etiquetas_escalado_r7.csv,data/auditoria/revision_etiquetas_escalado_r7_v3/revision.csv,neutral,1,neutral,1,neutral,1,compatible,alta,no hacerlo significaría que nuestras mediciones tendrían un sesgo a sobrestimar la inflación,Compatible con N: sin dirección respaldada. La unidad no adopta una dirección monetaria propia.,revisado,a2bfd483bd7f171c79171598206fbb6ecb69b90d2681811a509e6e4457a7a753,771,desarrollo_base_v3,si,supervision_oof_control_primario
RPM-2005-04-07:212:4,ia_base_v2,etiquetas_escalado_r7.csv,data/etiquetas/etiquetas_escalado_r7.csv,data/auditoria/revision_etiquetas_escalado_r7_v3/revision.csv,neutral,1,neutral,1,neutral,1,compatible,alta,"el Banco Central, como Institución, no puede cuestionar lo que hace el Instituto Nacional de Estadísticas",Compatible con N: sin dirección respaldada. La unidad no adopta una dirección monetaria propia.,revisado,c3f3549c308db1c3dc79f305511c15625f9610a0b33025dc1c15f1f74fcf00b8,674,desarrollo_base_v3,si,supervision_oof_control_primario
RPM-2005-04-07:212:5,ia_base_v2,etiquetas_escalado_r7.csv,data/etiquetas/etiquetas_escalado_r7.csv,data/auditoria/revision_etiquetas_escalado_r7_v3/revision.csv,neutral,1,neutral,1,neutral,1,compatible,alta,el IPCX que calculamos va a ser igual al del Instituto Nacional de Estadísticas,Compatible con N: sin dirección respaldada. La unidad no adopta una dirección monetaria propia.,revisado,9631dc18b808ed86315877ac433c092869b4ad372c504533abb4bf66c57cc310,1309,desarrollo_base_v3,si,supervision_oof_control_primario
RPM-2005-04-07:213:1,ia_base_v2,etiquetas_escalado_r7.csv,data/etiquetas/etiquetas_escalado_r7.csv,data/auditoria/revision_etiquetas_escalado_r7_v3/revision.csv,neutral,1,neutral,1,neutral,1,compatible,alta,al final del día deberíamos trabajar con los datos del Instituto Nacional de Estadísticas de la manera más sencilla posible,Compatible con N: sin dirección respaldada. La unidad no adopta una dirección monetaria propia.,revisado,79b5a9587d2776e6df288faf2b36d2d0381151af1f1221bbe58f3ad615fc4ae3,427,desarrollo_base_v3,si,supervision_oof_control_primario
RPM-2005-04-07:213:2,ia_base_v2,etiquetas_escalado_r7.csv,data/etiquetas/etiquetas_escalado_r7.csv,data/auditoria/revision_etiquetas_escalado_r7_v3/revision.csv,neutral,1,neutral,1,neutral,1,compatible,alta,"confía plenamente que la Gerencia de División Estudios, especialmente con el IPCX1, va a efectuar la mejor evaluación posible",Compatible con N: sin dirección respaldada. La unidad no adopta una dirección monetaria propia.,revisado,9c4a79728eaf1d89c8de5685550902b9d16489a789026f6f613c0c5adf662a56,889,desarrollo_base_v3,si,supervision_oof_control_primario
RPM-2005-04-07:213:3,ia_base_v2,etiquetas_escalado_r7.csv,data/etiquetas/etiquetas_escalado_r7.csv,data/auditoria/revision_etiquetas_escalado_r7_v3/revision.csv,neutral,1,neutral,1,neutral,1,compatible,alta,"para mediados de año la inflación anual del IPC se ubicaría en 2,4%, valor superior al del escenario base del Informe de Política Monetaria",Compatible con N: sin dirección respaldada. La unidad no adopta una dirección monetaria propia.,revisado,c7de2f46887754be6fb8484d1f1d6c5223ea202550d04a1b5c5857dd031a6410,2103,desarrollo_base_v3,si,supervision_oof_control_primario
RPM-2005-04-07:214:1,ia_base_v2,etiquetas_escalado_r7.csv,data/etiquetas/etiquetas_escalado_r7.csv,data/auditoria/revision_etiquetas_escalado_r7_v3/revision.csv,neutral,0,neutral,0,neutral,0,compatible,alta,,Compatible con N/relevancia0: suspension y reanudacion de la sesion (logistica).,revisado,3d3551be132dc60c5f8b5f8883e44bff7dbdb8e078d1cfe94309fe1d4f37252d,128,desarrollo_base_v3,si,supervision_oof_control_primario
RPM-2005-04-07:214:2,ia_base_v2,etiquetas_escalado_r7.csv,data/etiquetas/etiquetas_escalado_r7.csv,data/auditoria/revision_etiquetas_escalado_r7_v3/revision.csv,neutral,0,neutral,0,neutral,0,compatible,alta,,Compatible con N/relevancia0: reanudacion de sesion e incorporacion de funcionarios (logistica).,revisado,0171fd76a191dc2ac08476eee0799f0180225b94f71e2fba7bc2721479b98831,396,desarrollo_base_v3,si,supervision_oof_control_primario
RPM-2005-04-07:214:3,ia_base_v2,etiquetas_escalado_r7.csv,data/etiquetas/etiquetas_escalado_r7.csv,data/auditoria/revision_etiquetas_escalado_r7_v3/revision.csv,neutral,0,neutral,0,neutral,0,compatible,alta,,Compatible con N/relevancia0: transito procedimental: solicitud de presentacion de opciones.,revisado,714046c20fa1f22fc26849d617a5313a85f02d0cf7a74075ddf2eefe3b928ab5,158,desarrollo_base_v3,si,supervision_oof_control_primario
RPM-2005-04-07:214:4,ia_base_v2,etiquetas_escalado_r7.csv,data/etiquetas/etiquetas_escalado_r7.csv,data/auditoria/revision_etiquetas_escalado_r7_v3/revision.csv,hawkish,1,hawkish,1,hawkish,1,compatible,alta,se estima que la opción más adecuada en esta oportunidad es de 25 puntos base,Compatible con hawkish: dirección respaldada en la unidad. No depende solo del menú o fase.,revisado,70b43ef2d2aa2cb53a68f8a61087f5a1f7b492017243cff7bce6a8828b78adb8,6670,desarrollo_base_v3,si,supervision_oof_control_primario
RPM-2005-04-07:214:5,ia_base_v2,etiquetas_escalado_r7.csv,data/etiquetas/etiquetas_escalado_r7.csv,data/auditoria/revision_etiquetas_escalado_r7_v3/revision.csv,neutral,0,neutral,0,neutral,0,compatible,alta,,Compatible con N/relevancia0: ofrecimiento de la palabra.,revisado,b9689b5eaed084a69e2937a5673f03534bc86d22595fecb3f938877851ccaf48,69,desarrollo_base_v3,si,supervision_oof_control_primario
RPM-2005-04-07:215:1,ia_base_v2,etiquetas_escalado_r7.csv,data/etiquetas/etiquetas_escalado_r7.csv,data/auditoria/revision_etiquetas_escalado_r7_v3/revision.csv,dovish,1,dovish,1,hawkish,1,cambio_etiqueta,alta,si bien la estrategia de normalización pausada de la tasa de instancia monetaria es la adecuada,"Respalda la normalización y solo prefiere una pausa mensual. Una pausa táctica dentro de una trayectoria propia al alza es H, no D.",revisado,c49b725f9d8b799c077f098180c4c894ebabd19ebf8cca660c41bb3da7cabeeb,2821,desarrollo_base_v3,si,supervision_oof_control_primario
RPM-2005-04-07:216:1,ia_base_v2,etiquetas_escalado_r7.csv,data/etiquetas/etiquetas_escalado_r7.csv,data/auditoria/revision_etiquetas_escalado_r7_v3/revision.csv,hawkish,1,hawkish,1,hawkish,1,compatible,alta,"su voto es por elevar la tasa de política monetaria en 25 puntos base, de manera de situarla en 3% anual",Compatible con hawkish: dirección respaldada en la unidad. No depende solo del menú o fase.,revisado,302a9f4a1fe6dffb64f5e8019b177ff4410972175f07bb10c2a69c3340e5bd66,1620,desarrollo_base_v3,si,supervision_oof_control_primario
RPM-2005-04-07:217:1,ia_base_v2,etiquetas_escalado_r7.csv,data/etiquetas/etiquetas_escalado_r7.csv,data/auditoria/revision_etiquetas_escalado_r7_v3/revision.csv,hawkish,1,hawkish,1,hawkish,1,compatible,alta,vota también a favor de la proposición de subir la tasa en 25 puntos base,Compatible con hawkish: dirección respaldada en la unidad. No depende solo del menú o fase.,revisado,b3021c47dd5dc4339405723bb0a3c14f82be8972bba9c4af08767dfec87a2590,2152,desarrollo_base_v3,si,supervision_oof_control_primario
RPM-2005-04-07:217:2,ia_base_v2,etiquetas_escalado_r7.csv,data/etiquetas/etiquetas_escalado_r7.csv,data/auditoria/revision_etiquetas_escalado_r7_v3/revision.csv,hawkish,1,hawkish,1,hawkish,1,compatible,alta,vota por un alza de 25 pb en la TPM,Compatible con hawkish: dirección respaldada en la unidad. No depende solo del menú o fase.,revisado,2bf69392697e2f231a2f7368b2c07a414a35835265665417af1128f6251b46e9,1848,desarrollo_base_v3,si,supervision_oof_control_primario
RPM-2005-04-07:218:1,ia_base_v2,etiquetas_escalado_r7.csv,data/etiquetas/etiquetas_escalado_r7.csv,data/auditoria/revision_etiquetas_escalado_r7_v3/revision.csv,hawkish,1,hawkish,1,hawkish,1,compatible,alta,opina que en esta ocasión debieran subir la tasa de política monetaria en 25 puntos base,Compatible con hawkish: dirección respaldada en la unidad. No depende solo del menú o fase.,revisado,bb29ef17fc26f55a75b01bac0e615591930c48ce97d517b8a8601f2a5ad752cd,2370,desarrollo_base_v3,si,supervision_oof_control_primario
RPM-2005-04-07:219:1,ia_base_v2,etiquetas_escalado_r7.csv,data/etiquetas/etiquetas_escalado_r7.csv,data/auditoria/revision_etiquetas_escalado_r7_v3/revision.csv,hawkish,1,hawkish,1,hawkish,1,compatible,alta,su voto también es por aumentar en 25 puntos base la tasa de política,Compatible con hawkish: dirección respaldada en la unidad. No depende solo del menú o fase.,revisado,ed75d9a7474f076c0f6ce8c68ad32f09ecd233242d603c99b5beb79921a7d14f,1938,desarrollo_base_v3,si,supervision_oof_control_primario
RPM-2005-04-07:219:2,ia_base_v2,etiquetas_escalado_r7.csv,data/etiquetas/etiquetas_escalado_r7.csv,data/auditoria/revision_etiquetas_escalado_r7_v3/revision.csv,hawkish,1,hawkish,1,hawkish,1,compatible,alta,"el Consejo del Banco Central resolvió, por unanimidad, aumentar la tasa de interés de política monetaria en 25 puntos base hasta 3% anual",Compatible con hawkish: dirección respaldada en la unidad. No depende solo del menú o fase.,revisado,e13c2527c33e4e1da7e542bbe667f11215367c07457f0701215bcb8f7a3362bf,1910,desarrollo_base_v3,si,supervision_oof_control_primario
RPM-2005-04-07:220:1,ia_base_v2,etiquetas_escalado_r7.csv,data/etiquetas/etiquetas_escalado_r7.csv,data/auditoria/revision_etiquetas_escalado_r7_v3/revision.csv,neutral,0,neutral,0,neutral,0,compatible,alta,,Compatible con N/relevancia0: aprobacion del comunicado y cierre de la sesion (logistica).,revisado,d2f590e68957cd49ac08b8352348227e65727904ef27169888295a6f6a927edb,83,desarrollo_base_v3,si,supervision_oof_control_primario
RPM-2005-05-12:221:1,ia_base_v2,etiquetas_escalado_r7.csv,data/etiquetas/etiquetas_escalado_r7.csv,data/auditoria/revision_etiquetas_escalado_r7_v3/revision.csv,neutral,0,neutral,0,neutral,0,compatible,alta,,Compatible con N/relevancia0: encabezado de acta: lista de asistentes y fecha.,revisado,b7eb4990eb8103f54b9073c997e41c8776a9063cbda23553dc028fde9ddbb05e,1368,desarrollo_base_v3,si,supervision_oof_control_primario
RPM-2005-05-12:222:1,ia_base_v2,etiquetas_escalado_r7.csv,data/etiquetas/etiquetas_escalado_r7.csv,data/auditoria/revision_etiquetas_escalado_r7_v3/revision.csv,neutral,0,neutral,0,neutral,0,compatible,alta,,Compatible con N/relevancia0: anuncio de invitados a la sesion (logistica).,revisado,097820ecffef4789f29336bc0ffac01ccc0056cdf9f22764bb2500f2cbf02ff5,496,desarrollo_base_v3,si,supervision_oof_control_primario
RPM-2005-05-12:223:1,ia_base_v2,etiquetas_escalado_r7.csv,data/etiquetas/etiquetas_escalado_r7.csv,data/auditoria/revision_etiquetas_escalado_r7_v3/revision.csv,neutral,0,neutral,0,neutral,0,compatible,alta,,Compatible con N/relevancia0: fijacion de fecha de sesion futura (logistica).,revisado,aa4cd3bf6f608992c3aad41084a0e6645fdc63a38d3c17de9fdb1b238e5dda22,172,desarrollo_base_v3,si,supervision_oof_control_primario
RPM-2005-05-12:224:1,ia_base_v2,etiquetas_escalado_r7.csv,data/etiquetas/etiquetas_escalado_r7.csv,data/auditoria/revision_etiquetas_escalado_r7_v3/revision.csv,neutral,1,neutral,1,neutral,1,compatible,alta,"El riesgo de un crecimiento mucho mayor del gasto privado se ha atenuado, influido por el efecto del elevado precio del petróleo en el ingreso de los hogares",Compatible con N: sin dirección respaldada. La unidad no adopta una dirección monetaria propia.,revisado,31a600199dfe52f1680331f5fb3bc734b359003e43d1cc4f9e90ceaf1b5ffe0d,3505,desarrollo_base_v3,si,supervision_oof_control_primario
RPM-2005-05-12:225:1,ia_base_v2,etiquetas_escalado_r7.csv,data/etiquetas/etiquetas_escalado_r7.csv,data/auditoria/revision_etiquetas_escalado_r7_v3/revision.csv,neutral,1,neutral,1,hawkish,1,cambio_etiqueta,media,"Se ha continuado atenuando el impulso, aún considerable, de la política monetaria.",La exposición institucional hace propio el retiro en curso del impulso y lo vincula al proceso de alzas pausadas: H.,revisado,47b266071e65113a8830c5eacc65deb60337e4409c9c934a4d97e77127d53f77,3637,desarrollo_base_v3,si,supervision_oof_control_primario
RPM-2005-05-12:226:1,ia_base_v2,etiquetas_escalado_r7.csv,data/etiquetas/etiquetas_escalado_r7.csv,data/auditoria/revision_etiquetas_escalado_r7_v3/revision.csv,neutral,1,neutral,1,hawkish,1,cambio_etiqueta,alta,"este cuadro macroeconómico permite mantener la expectativas de un ritmo pausado de normalización de la política monetaria, acción necesaria para mantener la inflación anual proyectada en torno a 3%",Considera necesaria la normalización futura y describe una regla desplazada al alza: H. No es un supuesto técnico aislado.,revisado,46b83ead8e6c80b894012f888df9f177d3a8bc6e41b77b1e2c45a73302f3c185,3868,desarrollo_base_v3,si,supervision_oof_control_primario
RPM-2005-05-12:227:1,ia_base_v2,etiquetas_escalado_r7.csv,data/etiquetas/etiquetas_escalado_r7.csv,data/auditoria/revision_etiquetas_escalado_r7_v3/revision.csv,neutral,1,neutral,1,neutral,1,compatible,alta,"el balance de riesgos para la actividad está sesgado hacia la baja, mientras que el de la inflación se encuentra equilibrado",Compatible con N: sin dirección respaldada. La unidad no adopta una dirección monetaria propia.,revisado,2fb55fa2c63625664ac31c508c4b10b94f0b0196d9d2bbd790611610fc068a54,2597,desarrollo_base_v3,si,supervision_oof_control_primario
RPM-2005-05-12:228:1,ia_base_v2,etiquetas_escalado_r7.csv,data/etiquetas/etiquetas_escalado_r7.csv,data/auditoria/revision_etiquetas_escalado_r7_v3/revision.csv,neutral,1,neutral,1,neutral,1,compatible,alta,han aparecido algunos antecedentes que permiten moderar ese comentario respecto a la economía de Estados Unidos de América,Compatible con N: sin dirección respaldada. La unidad no adopta una dirección monetaria propia.,revisado,ad91b61d5cd94c45ef2fda84fc8fe54f9d5032a28d66a8e8a3445ab3ea67f820,816,desarrollo_base_v3,si,supervision_oof_control_primario
RPM-2005-05-12:229:1,ia_base_v2,etiquetas_escalado_r7.csv,data/etiquetas/etiquetas_escalado_r7.csv,data/auditoria/revision_etiquetas_escalado_r7_v3/revision.csv,neutral,1,neutral,1,neutral,1,compatible,alta,"el hecho que no haya cifras de actividad que muestren un freno, no necesariamente es una minimización del riesgo, sino que se posterga el riesgo",Compatible con N: sin dirección respaldada. La unidad no adopta una dirección monetaria propia.,revisado,c7bf1d1f9d77a2722967303b94f1d4f38fc92d501a81c94908fa8cbe3b375545,914,desarrollo_base_v3,si,supervision_oof_control_primario
RPM-2005-05-12:230:1,ia_base_v2,etiquetas_escalado_r7.csv,data/etiquetas/etiquetas_escalado_r7.csv,data/auditoria/revision_etiquetas_escalado_r7_v3/revision.csv,neutral,1,neutral,1,neutral,1,compatible,alta,siguen los grandes riesgos y que la desaceleración de Europa es más fuerte hoy día que lo que se suponía una semana atrás,Compatible con N: sin dirección respaldada. La unidad no adopta una dirección monetaria propia.,revisado,f5b5cf6cbb756a0f46fe2aff4f3399a255cb58cb6b51ada37178b56c4dc3d8bb,845,desarrollo_base_v3,si,supervision_oof_control_primario
RPM-2005-05-12:231:1,ia_base_v2,etiquetas_escalado_r7.csv,data/etiquetas/etiquetas_escalado_r7.csv,data/auditoria/revision_etiquetas_escalado_r7_v3/revision.csv,neutral,1,neutral,1,neutral,1,compatible,alta,"cuáles son las explicaciones que existen para el desplazamiento hacia abajo, que resulta bastante significativo, de la curva de rendimiento",Compatible con N: sin dirección respaldada. La unidad no adopta una dirección monetaria propia.,revisado,008420a651614f394577ddfe0913c2c6019b7cd5902d50d9338e3f66b3b29a13,191,desarrollo_base_v3,si,supervision_oof_control_primario
RPM-2005-05-12:232:1,ia_base_v2,etiquetas_escalado_r7.csv,data/etiquetas/etiquetas_escalado_r7.csv,data/auditoria/revision_etiquetas_escalado_r7_v3/revision.csv,neutral,1,neutral,1,neutral,1,compatible,alta,"aparentemente, lo que hubo es una fly to quality",Compatible con N: sin dirección respaldada. La unidad no adopta una dirección monetaria propia.,revisado,d0822329c53d5510191c6856575cd2619f2d6a1f32609b34decc882d7e4f6e6c,995,desarrollo_base_v3,si,supervision_oof_control_primario
RPM-2005-05-12:233:1,ia_base_v2,etiquetas_escalado_r7.csv,data/etiquetas/etiquetas_escalado_r7.csv,data/auditoria/revision_etiquetas_escalado_r7_v3/revision.csv,neutral,1,neutral,1,neutral,1,compatible,alta,la última semana ha constituido un panorama de reversión en lo agregado,Compatible con N: sin dirección respaldada. La unidad no adopta una dirección monetaria propia.,revisado,46711718ce4d03189e992a6c652af3656d9501f4e22b8486e18543f48506fee1,690,desarrollo_base_v3,si,supervision_oof_control_primario
RPM-2005-05-12:234:1,ia_base_v2,etiquetas_escalado_r7.csv,data/etiquetas/etiquetas_escalado_r7.csv,data/auditoria/revision_etiquetas_escalado_r7_v3/revision.csv,neutral,1,neutral,1,neutral,1,compatible,alta,"hoy día está alrededor del 3,75% a fines de año, lo que puede explicar lo que ha pasado",Compatible con N: sin dirección respaldada. La unidad no adopta una dirección monetaria propia.,revisado,d1373f34dbbc96ec448cb1c9a9e832e0cd3fe1bb483fb8e5dff082f7d2c187ef,285,desarrollo_base_v3,si,supervision_oof_control_primario
RPM-2005-05-12:235:1,ia_base_v2,etiquetas_escalado_r7.csv,data/etiquetas/etiquetas_escalado_r7.csv,data/auditoria/revision_etiquetas_escalado_r7_v3/revision.csv,neutral,1,neutral,1,neutral,1,compatible,alta,"también se espera un menor crecimiento en los Estados Unidos de América, en comparación con hace 3 ó 4 meses atrás",Compatible con N: sin dirección respaldada. La unidad no adopta una dirección monetaria propia.,revisado,c105643b603f6adcd811a6a73594defc1542f84d879eb8c68ae700725d8829e7,161,desarrollo_base_v3,si,supervision_oof_control_primario
RPM-2005-05-12:236:1,ia_base_v2,etiquetas_escalado_r7.csv,data/etiquetas/etiquetas_escalado_r7.csv,data/auditoria/revision_etiquetas_escalado_r7_v3/revision.csv,neutral,1,neutral,1,neutral,1,compatible,alta,"el cambio de la Ley de Rentas Vitalicias y, el segundo, el cambio en las tablas de expectativas de vida que, a su parecer, habrían gatillado un desplazamiento en la demanda por instrumentos reajustables",Compatible con N: sin dirección respaldada. La unidad no adopta una dirección monetaria propia.,revisado,45b3a67308390e69e57ce070ee6ec8c5553227a2f9487a2f801f71cac7c11734,1727,desarrollo_base_v3,si,supervision_oof_control_primario
RPM-2005-05-12:237:1,ia_base_v2,etiquetas_escalado_r7.csv,data/etiquetas/etiquetas_escalado_r7.csv,data/auditoria/revision_etiquetas_escalado_r7_v3/revision.csv,neutral,1,neutral,1,neutral,1,compatible,alta,"la tasa más larga está cayendo, lo que puede tener que ver con factores que, en general, y a raíz de la discusión del informe de estabilidad financiera, generen una estrechez de oferta de papeles",Compatible con N: sin dirección respaldada. La unidad no adopta una dirección monetaria propia.,revisado,e4b4741daecd61075eb686db367e9fb66f1eb97fa771a778df8176de5408142c,575,desarrollo_base_v3,si,supervision_oof_control_primario
RPM-2005-05-12:238:1,ia_base_v2,etiquetas_escalado_r7.csv,data/etiquetas/etiquetas_escalado_r7.csv,data/auditoria/revision_etiquetas_escalado_r7_v3/revision.csv,neutral,1,neutral,1,neutral,1,compatible,alta,casi un 80% de la baja se explica por el arbitraje internacional en esas tasas,Compatible con N: sin dirección respaldada. La unidad no adopta una dirección monetaria propia.,revisado,8f5d597887efc497f05d48db9400b42d0e9ad62afa4fce3e4b7d92c306889804,199,desarrollo_base_v3,si,supervision_oof_control_primario
RPM-2005-05-12:239:1,ia_base_v2,etiquetas_escalado_r7.csv,data/etiquetas/etiquetas_escalado_r7.csv,data/auditoria/revision_etiquetas_escalado_r7_v3/revision.csv,neutral,1,neutral,1,neutral,1,compatible,alta,"el efecto de la oferta relativa de papeles es estadísticamente significativa, económicamente poco relevante",Compatible con N: sin dirección respaldada. La unidad no adopta una dirección monetaria propia.,revisado,8dcaacf9b42bc5a22f08a7f81019609e36b7461807f59fe1de13106f36db3c05,644,desarrollo_base_v3,si,supervision_oof_control_primario
RPM-2005-05-12:241:1,ia_base_v2,etiquetas_escalado_r7.csv,data/etiquetas/etiquetas_escalado_r7.csv,data/auditoria/revision_etiquetas_escalado_r7_v3/revision.csv,neutral,1,neutral,1,neutral,1,compatible,alta,desde febrero de este año la tasa de BCP5 ha estado subiendo y la tasa de BCP10 cayendo,Compatible con N: sin dirección respaldada. La unidad no adopta una dirección monetaria propia.,revisado,e0fcf479b8cc4fc69979e7cdfee960c70de622f6c4d6666a235319de45d3ab6e,217,desarrollo_base_v3,si,supervision_oof_control_primario
RPM-2005-05-12:242:1,ia_base_v2,etiquetas_escalado_r7.csv,data/etiquetas/etiquetas_escalado_r7.csv,data/auditoria/revision_etiquetas_escalado_r7_v3/revision.csv,neutral,1,neutral,1,neutral,1,compatible,alta,es muy necesaria la coordinación entre la Tesorería General de la República y la Mesa de Dinero del Banco Central de Chile,Compatible con N: sin dirección respaldada. La unidad no adopta una dirección monetaria propia.,revisado,3db4f9c1721051069856bf5279c044d00e7c58f0e84da5c668e2adf282700186,196,desarrollo_base_v3,si,supervision_oof_control_primario
RPM-2005-05-12:243:1,ia_base_v2,etiquetas_escalado_r7.csv,data/etiquetas/etiquetas_escalado_r7.csv,data/auditoria/revision_etiquetas_escalado_r7_v3/revision.csv,neutral,1,neutral,1,neutral,1,compatible,alta,"así como hay aspectos normativos para explicar las tasas en UF, como el alargamiento en plazos de las compañías de seguro",Compatible con N: sin dirección respaldada. La unidad no adopta una dirección monetaria propia.,revisado,bbc13a32b877c038586e6cc9ab6d36eba08d905f4f3cee9cb3c3787c8ea2ce6a,1390,desarrollo_base_v3,si,supervision_oof_control_primario
RPM-2005-05-12:244:1,ia_base_v2,etiquetas_escalado_r7.csv,data/etiquetas/etiquetas_escalado_r7.csv,data/auditoria/revision_etiquetas_escalado_r7_v3/revision.csv,neutral,1,neutral,1,neutral,1,compatible,alta,el Banco Central ha tomado acciones la semana pasada para acercar la tasa interbancaria a la tasa de política monetaria,Compatible con N: sin dirección respaldada. La unidad no adopta una dirección monetaria propia.,revisado,506829b4d878837d6e1ffce0c6074d0e389522f58f4d3742eb244eb6e3b58ba6,232,desarrollo_base_v3,si,supervision_oof_control_primario
RPM-2005-05-12:245:1,ia_base_v2,etiquetas_escalado_r7.csv,data/etiquetas/etiquetas_escalado_r7.csv,data/auditoria/revision_etiquetas_escalado_r7_v3/revision.csv,neutral,1,neutral,1,neutral,1,compatible,alta,se estuvo varias semanas más desalineados que lo habitual entre la tasa interbancaria y la tasa de política monetaria,Compatible con N: sin dirección respaldada. La unidad no adopta una dirección monetaria propia.,revisado,11d17e31cd5e9988b017fb6c83a5d1f0acd9b35b1d9c41ba0c51f48e4eeba6e9,605,desarrollo_base_v3,si,supervision_oof_control_primario
RPM-2005-05-12:246:1,ia_base_v2,etiquetas_escalado_r7.csv,data/etiquetas/etiquetas_escalado_r7.csv,data/auditoria/revision_etiquetas_escalado_r7_v3/revision.csv,neutral,1,neutral,1,neutral,1,compatible,alta,La expectativa es que gradualmente la abundancia de liquidez hará que la tasa interbancaria tienda a converger con la tasa de política en un par de semanas,Compatible con N: sin dirección respaldada. La unidad no adopta una dirección monetaria propia.,revisado,7dfbaad3266a0e51cd39338a9736528f54d2735dfc0dfa62c29964e8397501ff,1444,desarrollo_base_v3,si,supervision_oof_control_primario
RPM-2005-05-12:247:1,ia_base_v2,etiquetas_escalado_r7.csv,data/etiquetas/etiquetas_escalado_r7.csv,data/auditoria/revision_etiquetas_escalado_r7_v3/revision.csv,neutral,1,neutral,1,neutral,1,compatible,alta,"el comentario formulado por el señor Gerente General es perfectamente válido, de manera que corresponde seguir examinando lo que suceda",Compatible con N: sin dirección respaldada. La unidad no adopta una dirección monetaria propia.,revisado,71f13970e9d3bbf2c16156f3bb78cea075145c1348f7080db954a9049d747267,451,desarrollo_base_v3,si,supervision_oof_control_primario
RPM-2005-05-12:248:1,ia_base_v2,etiquetas_escalado_r7.csv,data/etiquetas/etiquetas_escalado_r7.csv,data/auditoria/revision_etiquetas_escalado_r7_v3/revision.csv,neutral,1,neutral,1,neutral,1,compatible,alta,en la práctica se funciona con una tasa más alta,Compatible con N: sin dirección respaldada. La unidad no adopta una dirección monetaria propia.,revisado,f0c827f25f72b044e01f2eb59326fe8e4cef3ad30a9132db4a5779e20ff3d16e,321,desarrollo_base_v3,si,supervision_oof_control_primario
RPM-2005-05-12:249:1,ia_base_v2,etiquetas_escalado_r7.csv,data/etiquetas/etiquetas_escalado_r7.csv,data/auditoria/revision_etiquetas_escalado_r7_v3/revision.csv,neutral,1,neutral,1,neutral,1,compatible,alta,consulta si se tiene alguna explicación para la brecha gasto producto tan amplia,Compatible con N: sin dirección respaldada. La unidad no adopta una dirección monetaria propia.,revisado,04a551efb491f93be409a1ff9136f48d5464a62a74fed9e141d4ca7675bfd2e3,192,desarrollo_base_v3,si,supervision_oof_control_primario
RPM-2005-05-12:250:1,ia_base_v2,etiquetas_escalado_r7.csv,data/etiquetas/etiquetas_escalado_r7.csv,data/auditoria/revision_etiquetas_escalado_r7_v3/revision.csv,neutral,1,neutral,1,neutral,1,compatible,alta,"lo que estamos viendo hoy día, con crecimiento de la demanda interna de dos dígitos, con un componente importado muy significativo, en realidad es la respuesta de la economía a que el tipo de cambio se apreció fuertemente",Compatible con N: sin dirección respaldada. La unidad no adopta una dirección monetaria propia.,revisado,767c88ca2e5a9a299a76c42358b0b05f5831c8953be2fa7c6f5dac2e4d40e15d,1015,desarrollo_base_v3,si,supervision_oof_control_primario
RPM-2005-05-12:251:1,ia_base_v2,etiquetas_escalado_r7.csv,data/etiquetas/etiquetas_escalado_r7.csv,data/auditoria/revision_etiquetas_escalado_r7_v3/revision.csv,neutral,1,neutral,1,neutral,1,compatible,alta,"Una demanda liderada por la inversión, vis a vis un ciclo liderado por el consumo, debiera tener distintos comportamientos en términos de la brecha gasto producto",Compatible con N: sin dirección respaldada. La unidad no adopta una dirección monetaria propia.,revisado,1bbb93dad8f48db4802beb7973e349b988803e9f5fbafc9f518f7ccc3d5a9eed,420,desarrollo_base_v3,si,supervision_oof_control_primario
RPM-2005-05-12:252:1,ia_base_v2,etiquetas_escalado_r7.csv,data/etiquetas/etiquetas_escalado_r7.csv,data/auditoria/revision_etiquetas_escalado_r7_v3/revision.csv,neutral,1,neutral,1,neutral,1,compatible,alta,el puzzle de verdad es por qué la industria está creciendo tan lento con esta demanda,Compatible con N: sin dirección respaldada. La unidad no adopta una dirección monetaria propia.,revisado,cff0df0665ca2612d280ec9042924b10a7da8da992e051eae3e0d6e1cbf8e600,484,desarrollo_base_v3,si,supervision_oof_control_primario
RPM-2005-05-12:253:1,ia_base_v2,etiquetas_escalado_r7.csv,data/etiquetas/etiquetas_escalado_r7.csv,data/auditoria/revision_etiquetas_escalado_r7_v3/revision.csv,neutral,1,neutral,1,neutral,1,compatible,alta,la diferencia entre el crecimiento del gasto y el PIB tiene mucho que ver con el crecimiento de maquinaria y equipo porque hay un boom de inversión y hay que importarlo,Compatible con N: sin dirección respaldada. La unidad no adopta una dirección monetaria propia.,revisado,6907a69c3bfb2a25f11684de1d2da803c4d843fa63232852e770a84698e5704a,234,desarrollo_base_v3,si,supervision_oof_control_primario
RPM-2005-05-12:254:1,ia_base_v2,etiquetas_escalado_r7.csv,data/etiquetas/etiquetas_escalado_r7.csv,data/auditoria/revision_etiquetas_escalado_r7_v3/revision.csv,neutral,1,neutral,1,neutral,1,compatible,alta,"el sector que acumula existencias por naturaleza es, precisamente, el sector industrial",Compatible con N: sin dirección respaldada. La unidad no adopta una dirección monetaria propia.,revisado,e504a3cbc8edcea1e8d67b0e950cf20ee26bda807f9fb76b98df7d53d1fcc0c8,297,desarrollo_base_v3,si,supervision_oof_control_primario
RPM-2005-05-12:255:1,ia_base_v2,etiquetas_escalado_r7.csv,data/etiquetas/etiquetas_escalado_r7.csv,data/auditoria/revision_etiquetas_escalado_r7_v3/revision.csv,neutral,1,neutral,1,neutral,1,compatible,alta,"si el tipo de cambio no se hubiera apreciado se habría tenido un superávit en cuenta corriente aún mayor, del orden de tres puntos del PIB",Compatible con N: sin dirección respaldada. La unidad no adopta una dirección monetaria propia.,revisado,42ce7c0429ff9a6f69faedd09500fc06c6fe6fad1d56f2ada4942f033f8b8e13,417,desarrollo_base_v3,si,supervision_oof_control_primario
RPM-2005-05-12:256:1,ia_base_v2,etiquetas_escalado_r7.csv,data/etiquetas/etiquetas_escalado_r7.csv,data/auditoria/revision_etiquetas_escalado_r7_v3/revision.csv,neutral,1,neutral,1,neutral,1,compatible,alta,"hay algo que está ocurriendo con los inventarios no mineros, no de exportación, y que no se tiene todavía una interpretación acabada de ello",Compatible con N: sin dirección respaldada. La unidad no adopta una dirección monetaria propia.,revisado,3a9e8d331d323de67a5e346d8588eaacd1ad2a756bd2e4ba213a5f8c9177ff88,800,desarrollo_base_v3,si,supervision_oof_control_primario
RPM-2005-05-12:257:1,ia_base_v2,etiquetas_escalado_r7.csv,data/etiquetas/etiquetas_escalado_r7.csv,data/auditoria/revision_etiquetas_escalado_r7_v3/revision.csv,neutral,1,neutral,1,neutral,1,compatible,alta,"puede ser que se hayan constituido inventarios, esperando una demanda que después no se materializó y eso sea un indicador de que la función va a caer posteriormente",Compatible con N: sin dirección respaldada. La unidad no adopta una dirección monetaria propia.,revisado,395bf3c588569f4c0906e4c6849078b872f51bb91d95d7b5f4b4cd1bc428ef5f,623,desarrollo_base_v3,si,supervision_oof_control_primario
RPM-2005-05-12:258:1,ia_base_v2,etiquetas_escalado_r7.csv,data/etiquetas/etiquetas_escalado_r7.csv,data/auditoria/revision_etiquetas_escalado_r7_v3/revision.csv,neutral,1,neutral,1,neutral,1,compatible,alta,pueden estar anticipando una expansión de consumo,Compatible con N: sin dirección respaldada. La unidad no adopta una dirección monetaria propia.,revisado,db332be12793292beefd9e15eb1ed6b6a75c875ca8c599c0c248619a2afbf534,298,desarrollo_base_v3,si,supervision_oof_control_primario
RPM-2005-05-12:259:1,ia_base_v2,etiquetas_escalado_r7.csv,data/etiquetas/etiquetas_escalado_r7.csv,data/auditoria/revision_etiquetas_escalado_r7_v3/revision.csv,neutral,1,neutral,1,neutral,1,compatible,alta,una posible hipótesis es que haya habido un optimismo muy grande respecto a la evolución del consumo,Compatible con N: sin dirección respaldada. La unidad no adopta una dirección monetaria propia.,revisado,7efa1c3996f9c790f9c63c82580402fdffcad28200bc06ff228b42ffa35d3889,283,desarrollo_base_v3,si,supervision_oof_control_primario
RPM-2005-05-12:260:1,ia_base_v2,etiquetas_escalado_r7.csv,data/etiquetas/etiquetas_escalado_r7.csv,data/auditoria/revision_etiquetas_escalado_r7_v3/revision.csv,neutral,1,neutral,1,neutral,1,compatible,alta,la balanza de riesgo sería equilibrada por la inflación y negativo para el crecimiento,Compatible con N: sin dirección respaldada. La unidad no adopta una dirección monetaria propia.,revisado,53969df305bbbbd404426b758f8df341aed55fc557f44bf6c55ea6c03a4adebd,1902,desarrollo_base_v3,si,supervision_oof_control_primario
RPM-2005-05-12:261:1,ia_base_v2,etiquetas_escalado_r7.csv,data/etiquetas/etiquetas_escalado_r7.csv,data/auditoria/revision_etiquetas_escalado_r7_v3/revision.csv,neutral,1,neutral,1,neutral,1,compatible,media,"a lo mejor no es 7,5% sino que más baja",Compatible con N: sin dirección respaldada. La unidad no adopta una dirección monetaria propia.,revisado,e0363d5cd344de0156b4824058f599d1752f96eb4c7056a4eee86c1ce6d245ac,346,desarrollo_base_v3,si,supervision_oof_control_primario
RPM-2005-05-12:262:1,ia_base_v2,etiquetas_escalado_r7.csv,data/etiquetas/etiquetas_escalado_r7.csv,data/auditoria/revision_etiquetas_escalado_r7_v3/revision.csv,dovish,1,dovish,1,neutral,1,cambio_etiqueta,media,No es muy comprensible el por qué el Consejo toma una estrategia tan marcadamente front low,Cuestiona que la normalización se acelere sin adoptar una expansión ni respaldar inequívocamente una trayectoria propia. Ser menos restrictivo que el Consejo no basta para D: N.,revisado,a8d3bf2424e1f1641da706edbc2ceaa28b5690485eadfa5f25fc4620d06b8afb,2154,desarrollo_base_v3,si,supervision_oof_control_primario
RPM-2005-05-12:263:1,ia_base_v2,etiquetas_escalado_r7.csv,data/etiquetas/etiquetas_escalado_r7.csv,data/auditoria/revision_etiquetas_escalado_r7_v3/revision.csv,neutral,0,neutral,0,neutral,0,compatible,alta,,Compatible con N/relevancia0: suspension y reanudacion de la sesion (logistica).,revisado,e45a7bab48365c852d332568db22dc689999aa5761caf732f78f2bfeee1ddf7a,127,desarrollo_base_v3,si,supervision_oof_control_primario
RPM-2005-05-12:263:2,ia_base_v2,etiquetas_escalado_r7.csv,data/etiquetas/etiquetas_escalado_r7.csv,data/auditoria/revision_etiquetas_escalado_r7_v3/revision.csv,neutral,0,neutral,0,neutral,0,compatible,alta,,Compatible con N/relevancia0: reanudacion de sesion (logistica).,revisado,da752cd715ffc472ab75cd347a0fce8080303114720d4ba390ccca1f50ede4cf,219,desarrollo_base_v3,si,supervision_oof_control_primario
RPM-2005-05-12:263:3,ia_base_v2,etiquetas_escalado_r7.csv,data/etiquetas/etiquetas_escalado_r7.csv,data/auditoria/revision_etiquetas_escalado_r7_v3/revision.csv,neutral,0,neutral,0,neutral,0,compatible,alta,,Compatible con N/relevancia0: transito procedimental: solicitud de presentacion de opciones.,revisado,1d16282914823084a4e3a8b018dd2800e2ab7a943ff8c2319d9e01e9e16884d3,157,desarrollo_base_v3,si,supervision_oof_control_primario
RPM-2005-05-12:264:1,ia_base_v2,etiquetas_escalado_r7.csv,data/etiquetas/etiquetas_escalado_r7.csv,data/auditoria/revision_etiquetas_escalado_r7_v3/revision.csv,neutral,1,neutral,1,neutral,1,compatible,alta,"Suponiendo que se mantiene fija la tasa de política monetaria hasta el segundo semestre, ello involucraría aumentos sucesivos (en todas las reuniones) durante dos a tres trimestres",Compatible con N: sin dirección respaldada. La unidad no adopta una dirección monetaria propia.,revisado,f231d358e8696661d84e781d491c3c203cb72dfc51b5d624e3cda06e5c7d44be,3765,desarrollo_base_v3,si,supervision_oof_control_primario
RPM-2005-05-12:265:1,ia_base_v2,etiquetas_escalado_r7.csv,data/etiquetas/etiquetas_escalado_r7.csv,data/auditoria/revision_etiquetas_escalado_r7_v3/revision.csv,neutral,1,neutral,1,hawkish,1,cambio_etiqueta,media,"este cuadro incluye una normalización pausada de la política monetaria, necesaria para mantener una convergencia de la inflación a 3% en el horizonte de política","Aunque presenta mantener o subir como opciones del mes, respalda como necesaria la trayectoria de normalización futura: H.",revisado,ef5431b707bc183d7206a53c4b741660d3f6322ea48bcdc4e308d169d2d3aeb2,3854,desarrollo_base_v3,si,supervision_oof_control_primario
RPM-2005-05-12:266:1,ia_base_v2,etiquetas_escalado_r7.csv,data/etiquetas/etiquetas_escalado_r7.csv,data/auditoria/revision_etiquetas_escalado_r7_v3/revision.csv,neutral,0,neutral,0,neutral,0,compatible,alta,,Compatible con N/relevancia0: ofrecimiento de la palabra.,revisado,90b2cec121ec43deedd3e666e510e6f5c14c0bb7bc7a41f7e1135ea7c3361214,68,desarrollo_base_v3,si,supervision_oof_control_primario
RPM-2005-05-12:267:1,ia_base_v2,etiquetas_escalado_r8.csv,data/etiquetas/etiquetas_escalado_r8.csv,data/auditoria/revision_etiquetas_escalado_r8_v3/revision.csv,dovish,1,dovish,1,hawkish,1,cambio_etiqueta,alta,estima que la estrategia de una normalización gradual y pausada es un punto en que todos estamos de acuerdo,"Hace propia una trayectoria de alzas y solo elige una pausa táctica en mayo: H, no D.",revisado,a4eba5e045863a0e232980bd1ceadcf55687203ec5cc846d73b8c260107f45be,2954,desarrollo_base_v3,si,supervision_oof_control_primario
RPM-2005-05-12:268:1,ia_base_v2,etiquetas_escalado_r8.csv,data/etiquetas/etiquetas_escalado_r8.csv,data/auditoria/revision_etiquetas_escalado_r8_v3/revision.csv,hawkish,1,hawkish,1,hawkish,1,compatible,alta,que la opción de alza de 25 puntos base domina inambiguamente a la mantención de la tasa de política monetaria en esta oportunidad,Compatible con hawkish: dirección respaldada en la unidad. No depende solo del menú o fase.,revisado,68f70712f93859a29668f4c1007c097e2b9fe05938039fd9fd80b1bfa2d9b243,1849,desarrollo_base_v3,si,supervision_oof_control_primario
RPM-2005-05-12:269:1,ia_base_v2,etiquetas_escalado_r8.csv,data/etiquetas/etiquetas_escalado_r8.csv,data/auditoria/revision_etiquetas_escalado_r8_v3/revision.csv,neutral,1,neutral,1,neutral,1,compatible,media,"no se corre riesgo, y no debiéramos extrañarnos que el IPCX1 frente al shock que hemos tenido durante algún tiempo sea el 3%",Compatible con N: sin dirección respaldada. La unidad no adopta una dirección monetaria propia.,revisado,79e9257ffe9bea7a5775c074a47939dee6ad40ff37b4a837bfa6640850431754,1178,desarrollo_base_v3,si,supervision_oof_control_primario
RPM-2005-05-12:270:1,ia_base_v2,etiquetas_escalado_r8.csv,data/etiquetas/etiquetas_escalado_r8.csv,data/auditoria/revision_etiquetas_escalado_r8_v3/revision.csv,neutral,1,neutral,1,hawkish,1,cambio_etiqueta,media,"si fuese 6,5% y no 7,5%, de todos modos requiere una normalización de tasa que no es menor en los próximos meses",Sostiene que incluso una tasa neutral menor exige normalización en los próximos meses: orientación futura H.,revisado,3fe8b7851e497707e4dd4d2d45e1a477f2116863fa47694200c81e254fae68d9,1974,desarrollo_base_v3,si,supervision_oof_control_primario
RPM-2005-05-12:271:1,ia_base_v2,etiquetas_escalado_r8.csv,data/etiquetas/etiquetas_escalado_r8.csv,data/auditoria/revision_etiquetas_escalado_r8_v3/revision.csv,hawkish,1,hawkish,1,hawkish,1,compatible,alta,el escenario es apropiado para la opción de un aumento de tasas,Compatible con hawkish: dirección respaldada en la unidad. No depende solo del menú o fase.,revisado,3a3b7301c8090d479cc0960c9622e7842c1b3bdcd10bcc369f251569460899f2,2203,desarrollo_base_v3,si,supervision_oof_control_primario
RPM-2005-05-12:272:1,ia_base_v2,etiquetas_escalado_r8.csv,data/etiquetas/etiquetas_escalado_r8.csv,data/auditoria/revision_etiquetas_escalado_r8_v3/revision.csv,neutral,0,neutral,0,neutral,0,compatible,alta,,Compatible con N/relevancia0: transito procedimental: apertura de la votacion.,revisado,d19523b795fc23d4894b4ef6f9ff7a7fa625608421963ed934163bd962ecb317,122,desarrollo_base_v3,si,supervision_oof_control_primario
RPM-2005-05-12:273:1,ia_base_v2,etiquetas_escalado_r8.csv,data/etiquetas/etiquetas_escalado_r8.csv,data/auditoria/revision_etiquetas_escalado_r8_v3/revision.csv,hawkish,1,hawkish,1,hawkish,1,compatible,alta,vota por elevar la tasa de política monetaria en 25 puntos base,Compatible con hawkish: dirección respaldada en la unidad. No depende solo del menú o fase.,revisado,0b152d3635cdeb9729fb4f2b3121c07e7cb519973cb3d6906cd89f87dfcec731,4490,desarrollo_base_v3,si,supervision_oof_control_primario
RPM-2005-05-12:274:1,ia_base_v2,etiquetas_escalado_r8.csv,data/etiquetas/etiquetas_escalado_r8.csv,data/auditoria/revision_etiquetas_escalado_r8_v3/revision.csv,hawkish,1,hawkish,1,hawkish,1,compatible,alta,se inclina en el día de hoy por un alza de 25 puntos base en la tasa de política monetaria,Compatible con hawkish: dirección respaldada en la unidad. No depende solo del menú o fase.,revisado,4108d160748495d36a4de1d0bd4957436eec93eeb16d290fb149480bdeaf3f33,2061,desarrollo_base_v3,si,supervision_oof_control_primario
RPM-2005-05-12:275:1,ia_base_v2,etiquetas_escalado_r8.csv,data/etiquetas/etiquetas_escalado_r8.csv,data/auditoria/revision_etiquetas_escalado_r8_v3/revision.csv,hawkish,1,hawkish,1,hawkish,1,compatible,alta,Por ello vota por un alza de la TPM de 25 puntos base,Compatible con hawkish: dirección respaldada en la unidad. No depende solo del menú o fase.,revisado,dd9f2a9ea4c81cc33d768f1198f0298b537555533d3593722aeb2e4866ba3b8a,3318,desarrollo_base_v3,si,supervision_oof_control_primario
RPM-2005-05-12:276:1,ia_base_v2,etiquetas_escalado_r8.csv,data/etiquetas/etiquetas_escalado_r8.csv,data/auditoria/revision_etiquetas_escalado_r8_v3/revision.csv,hawkish,1,hawkish,1,hawkish,1,compatible,alta,hoy su voto es por subir la tasa de política monetaria en 25 puntos base,Compatible con hawkish: dirección respaldada en la unidad. No depende solo del menú o fase.,revisado,4eb613b328323d789ac7bc01d22df992be6471e9d1a06bf0fc4c88d164ae634f,4760,desarrollo_base_v3,si,supervision_oof_control_primario
RPM-2005-05-12:277:1,ia_base_v2,etiquetas_escalado_r8.csv,data/etiquetas/etiquetas_escalado_r8.csv,data/auditoria/revision_etiquetas_escalado_r8_v3/revision.csv,hawkish,1,hawkish,1,hawkish,1,compatible,alta,su voto también es por subir la TPM en 25 puntos base en esta ocasión,Compatible con hawkish: dirección respaldada en la unidad. No depende solo del menú o fase.,revisado,e1884da6cb48a3d25be551f60cd98e20a2c28c8867e2790eaa00ad103cf38ba9,2999,desarrollo_base_v3,si,supervision_oof_control_primario
RPM-2005-05-12:278:1,ia_base_v2,etiquetas_escalado_r8.csv,data/etiquetas/etiquetas_escalado_r8.csv,data/auditoria/revision_etiquetas_escalado_r8_v3/revision.csv,hawkish,1,hawkish,1,hawkish,1,compatible,alta,"Se acuerda aumentar la tasa de interés de política monetaria en 25 puntos base hasta 3,25% anual",Compatible con hawkish: dirección respaldada en la unidad. No depende solo del menú o fase.,revisado,f2b737862f5f0998d932177799753c6c0059bd9ef913553b61d6f934ab779673,1950,desarrollo_base_v3,si,supervision_oof_control_primario
RPM-2005-06-09:279:1,ia_base_v2,etiquetas_escalado_r8.csv,data/etiquetas/etiquetas_escalado_r8.csv,data/auditoria/revision_etiquetas_escalado_r8_v3/revision.csv,neutral,0,neutral,0,neutral,0,compatible,alta,,Compatible con N/relevancia0: encabezado de acta: lista de asistentes y fecha.,revisado,d70ec986cee087001a504698e11a27cdbab864b4d12d31518a430d8224f4339d,1775,desarrollo_base_v3,si,supervision_oof_control_primario
RPM-2005-06-09:280:1,ia_base_v2,etiquetas_escalado_r8.csv,data/etiquetas/etiquetas_escalado_r8.csv,data/auditoria/revision_etiquetas_escalado_r8_v3/revision.csv,neutral,0,neutral,0,neutral,0,compatible,alta,,Compatible con N/relevancia0: fijacion de fecha de sesion futura (logistica).,revisado,8a5d7215982f8be7e1d4f9d23921a360b712dd50d04f0c5ab950dfdb45761bed,123,desarrollo_base_v3,si,supervision_oof_control_primario
RPM-2005-06-09:280:2,ia_base_v2,etiquetas_escalado_r8.csv,data/etiquetas/etiquetas_escalado_r8.csv,data/auditoria/revision_etiquetas_escalado_r8_v3/revision.csv,neutral,1,neutral,1,neutral,1,compatible,alta,"Todo esto lleva a esperar un crecimiento del PIB del orden de 5,9% para el segundo trimestre",Compatible con N: sin dirección respaldada. La unidad no adopta una dirección monetaria propia.,revisado,8efa97f84a8f46a2ca2a6a50f354e7bbcb05596fa621b21c26a7eee00cc9c38e,30148,desarrollo_base_v3,si,supervision_oof_control_primario
RPM-2005-06-09:280:3,ia_base_v2,etiquetas_escalado_r8.csv,data/etiquetas/etiquetas_escalado_r8.csv,data/auditoria/revision_etiquetas_escalado_r8_v3/revision.csv,neutral,1,neutral,1,neutral,1,compatible,alta,el Fondo Monetario había efectuado una revisión a la baja de su proyección de tasa,Compatible con N: sin dirección respaldada. La unidad no adopta una dirección monetaria propia.,revisado,7e98c586722f79b780c056488b88b57b53bb71a8a4aa611d9dcd32619217ef7e,167,desarrollo_base_v3,si,supervision_oof_control_primario
RPM-2005-06-09:280:4,ia_base_v2,etiquetas_escalado_r8.csv,data/etiquetas/etiquetas_escalado_r8.csv,data/auditoria/revision_etiquetas_escalado_r8_v3/revision.csv,neutral,1,neutral,1,neutral,1,compatible,alta,"Europa se ve más débil, y en menor medida, en América Latina",Compatible con N: sin dirección respaldada. La unidad no adopta una dirección monetaria propia.,revisado,13d1fa7273625821fa7ee8285656312c27d50b494e5a30430a2bd060ebf31064,409,desarrollo_base_v3,si,supervision_oof_control_primario
RPM-2005-06-09:280:5,ia_base_v2,etiquetas_escalado_r8.csv,data/etiquetas/etiquetas_escalado_r8.csv,data/auditoria/revision_etiquetas_escalado_r8_v3/revision.csv,neutral,1,neutral,1,neutral,1,compatible,alta,las razones del alza y posterior de las tasas de interés de los Pagarés Descontables del Banco Central,Compatible con N: sin dirección respaldada. La unidad no adopta una dirección monetaria propia.,revisado,8a5f13264f4769e4b86158a5bf7869d1f59950c7f3ec3dcc1cd58dda9f2ad0a6,200,desarrollo_base_v3,si,supervision_oof_control_primario
RPM-2005-06-09:280:6,ia_base_v2,etiquetas_escalado_r8.csv,data/etiquetas/etiquetas_escalado_r8.csv,data/auditoria/revision_etiquetas_escalado_r8_v3/revision.csv,neutral,1,neutral,1,neutral,1,compatible,alta,la evolución de estas tasas refleja los cambios en la estructura de remuneración de los depósitos en moneda nacional que sirven para constituir reserva técnica,Compatible con N: sin dirección respaldada. La unidad no adopta una dirección monetaria propia.,revisado,3f4e026d58a7a645f0d31a770feb64d2a5ef62560032753c7eebd450bcaf4c63,846,desarrollo_base_v3,si,supervision_oof_control_primario
RPM-2005-06-09:280:7,ia_base_v2,etiquetas_escalado_r8.csv,data/etiquetas/etiquetas_escalado_r8.csv,data/auditoria/revision_etiquetas_escalado_r8_v3/revision.csv,neutral,1,neutral,1,neutral,1,compatible,alta,si esto no tiene que ver con el episodio de falta de liquidez,Compatible con N: sin dirección respaldada. La unidad no adopta una dirección monetaria propia.,revisado,43df5e10bddff77426662032f44df319300109cbd4498becf67185be85894129,100,desarrollo_base_v3,si,supervision_oof_control_primario
RPM-2005-06-09:280:8,ia_base_v2,etiquetas_escalado_r8.csv,data/etiquetas/etiquetas_escalado_r8.csv,data/auditoria/revision_etiquetas_escalado_r8_v3/revision.csv,neutral,1,neutral,1,neutral,1,compatible,alta,Esta situación distorsiona la lectura que se puede hacer a partir de este instrumento acerca de las expectativas sobre la política monetaria,Compatible con N: sin dirección respaldada. La unidad no adopta una dirección monetaria propia.,revisado,92f2eb1416ecb7b33350dd99955ad56a9e065852f2be62d08fda30c345f240db,496,desarrollo_base_v3,si,supervision_oof_control_primario
RPM-2005-06-09:281:1,ia_base_v2,etiquetas_escalado_r8.csv,data/etiquetas/etiquetas_escalado_r8.csv,data/auditoria/revision_etiquetas_escalado_r8_v3/revision.csv,neutral,1,neutral,1,neutral,1,compatible,alta,es deseable que esta compensación se mueva en esa forma,Compatible con N: sin dirección respaldada. La unidad no adopta una dirección monetaria propia.,revisado,ec007ce78d24ca960852d00d6aa91b4115300cc4b9362a0ce163e352d335d82c,1164,desarrollo_base_v3,si,supervision_oof_control_primario
RPM-2005-06-09:281:2,ia_base_v2,etiquetas_escalado_r8.csv,data/etiquetas/etiquetas_escalado_r8.csv,data/auditoria/revision_etiquetas_escalado_r8_v3/revision.csv,neutral,1,neutral,1,neutral,1,compatible,alta,"La venta corta, por ejemplo, que podrían hacer las Administradoras de Fondos de Pensiones de papeles del Banco Central de Chile, no pueden realizarla, lo que dificulta los arbitrajes",Compatible con N: sin dirección respaldada. La unidad no adopta una dirección monetaria propia.,revisado,6d0de67a529eb2aafc71a06fd7ad0832809a455dbbbfd84226d181adfcb166b7,341,desarrollo_base_v3,si,supervision_oof_control_primario
RPM-2005-06-09:281:3,ia_base_v2,etiquetas_escalado_r8.csv,data/etiquetas/etiquetas_escalado_r8.csv,data/auditoria/revision_etiquetas_escalado_r8_v3/revision.csv,neutral,1,neutral,1,neutral,1,compatible,alta,algunos inversionistas parecen privilegiar el alto retorno nominal de corto plazo asociado a variaciones puntuales de la UF,Compatible con N: sin dirección respaldada. La unidad no adopta una dirección monetaria propia.,revisado,7389865a2986a8b36a330c735b4e11c9012358440b137f6acfd3f7844b085811,952,desarrollo_base_v3,si,supervision_oof_control_primario
RPM-2005-06-09:281:4,ia_base_v2,etiquetas_escalado_r8.csv,data/etiquetas/etiquetas_escalado_r8.csv,data/auditoria/revision_etiquetas_escalado_r8_v3/revision.csv,neutral,1,neutral,1,neutral,1,compatible,alta,"no le convence ese razonamiento, porque las ganancias de capital que hay en una pequeña fluctuación de la tasa de interés en un bono a diez años",Compatible con N: sin dirección respaldada. La unidad no adopta una dirección monetaria propia.,revisado,0800240be34765cb90347e74db1d90a3a64187d1384c0cfabe6eff38a81b9463,302,desarrollo_base_v3,si,supervision_oof_control_primario
RPM-2005-06-09:282:1,ia_base_v2,etiquetas_escalado_r8.csv,data/etiquetas/etiquetas_escalado_r8.csv,data/auditoria/revision_etiquetas_escalado_r8_v3/revision.csv,neutral,1,neutral,1,neutral,1,compatible,alta,cuando ya se tuvo claro que no era ruido y era una cosa que seguía para abajo se bajó un punto la tasa usando esa información,Compatible con N: sin dirección respaldada. La unidad no adopta una dirección monetaria propia.,revisado,2057a1d3613e695ba8b222b41723af769e1b17b15dabc5eb39a877bbe3b14f75,711,desarrollo_base_v3,si,supervision_oof_control_primario
RPM-2005-06-09:283:1,ia_base_v2,etiquetas_escalado_r8.csv,data/etiquetas/etiquetas_escalado_r8.csv,data/auditoria/revision_etiquetas_escalado_r8_v3/revision.csv,neutral,1,neutral,1,neutral,1,compatible,alta,en el caso de Chile no se observa mas volatilidad que lo que se observa en los Estados Unidos de América,Compatible con N: sin dirección respaldada. La unidad no adopta una dirección monetaria propia.,revisado,2e6764b654003db4b0521cca6a24e80e4705b73afe35dd39acf40756c2b997fa,583,desarrollo_base_v3,si,supervision_oof_control_primario
RPM-2005-06-09:283:2,ia_base_v2,etiquetas_escalado_r8.csv,data/etiquetas/etiquetas_escalado_r8.csv,data/auditoria/revision_etiquetas_escalado_r8_v3/revision.csv,neutral,1,neutral,1,neutral,1,compatible,alta,"La inflación anual del IPC se ubicaría en 3,1% a fines de año, valor 0,3pp. mayor que el del Informe de Política Monetaria",Compatible con N: sin dirección respaldada. La unidad no adopta una dirección monetaria propia.,revisado,ee0e9decb600bbfa64390e683c807c8200925a7b3597eb0dd9c6016ef54e8b82,3525,desarrollo_base_v3,si,supervision_oof_control_primario
RPM-2005-06-09:284:1,ia_base_v2,etiquetas_escalado_r8.csv,data/etiquetas/etiquetas_escalado_r8.csv,data/auditoria/revision_etiquetas_escalado_r8_v3/revision.csv,neutral,0,neutral,0,neutral,0,compatible,alta,,Compatible con N/relevancia0: ofrecimiento de la palabra.,revisado,e7331cd5bc9fa8bf06cbaae8009b97d213aba99b42509fe311a989a6cfaa3fea,68,desarrollo_base_v3,si,supervision_oof_control_primario
RPM-2005-06-09:285:1,ia_base_v2,etiquetas_escalado_r8.csv,data/etiquetas/etiquetas_escalado_r8.csv,data/auditoria/revision_etiquetas_escalado_r8_v3/revision.csv,neutral,1,neutral,1,neutral,1,compatible,media,el balance de riesgos respecto a esas proyecciones es de precios más altos,Compatible con N: sin dirección respaldada. La unidad no adopta una dirección monetaria propia.,revisado,8c8b3bbb532b951b031f2bf964716ef1cfc99b3625d7008973f438f05d5fd0a5,566,desarrollo_base_v3,si,supervision_oof_control_primario
RPM-2005-06-09:285:2,ia_base_v2,etiquetas_escalado_r8.csv,data/etiquetas/etiquetas_escalado_r8.csv,data/auditoria/revision_etiquetas_escalado_r8_v3/revision.csv,neutral,1,neutral,1,neutral,1,compatible,alta,"la información es en todo caso muy parecida, la única diferencia es una décima de crecimiento",Compatible con N: sin dirección respaldada. La unidad no adopta una dirección monetaria propia.,revisado,ec64176d95cd981a709dd320601276e2c03e6af55bedffedde249d82419c7413,433,desarrollo_base_v3,si,supervision_oof_control_primario
RPM-2005-06-09:286:1,ia_base_v2,etiquetas_escalado_r8.csv,data/etiquetas/etiquetas_escalado_r8.csv,data/auditoria/revision_etiquetas_escalado_r8_v3/revision.csv,neutral,1,neutral,1,neutral,1,compatible,alta,existe una serie de cambios que todavía pueden suceder,Compatible con N: sin dirección respaldada. La unidad no adopta una dirección monetaria propia.,revisado,9d140a57f30926f86c391bc52670db3eefaf1892ce9db5a48960b25dbca6fa6d,667,desarrollo_base_v3,si,supervision_oof_control_primario
RPM-2005-06-09:286:2,ia_base_v2,etiquetas_escalado_r8.csv,data/etiquetas/etiquetas_escalado_r8.csv,data/auditoria/revision_etiquetas_escalado_r8_v3/revision.csv,neutral,1,neutral,1,neutral,1,compatible,alta,las cifras están confirmando que el escenario central era el correcto,Compatible con N: sin dirección respaldada. La unidad no adopta una dirección monetaria propia.,revisado,a9bd8394e7747918b9323c115d11abae0a98dce85b4363b88c3e6018e15de4a4,998,desarrollo_base_v3,si,supervision_oof_control_primario
RPM-2005-06-09:287:1,ia_base_v2,etiquetas_escalado_r8.csv,data/etiquetas/etiquetas_escalado_r8.csv,data/auditoria/revision_etiquetas_escalado_r8_v3/revision.csv,neutral,1,neutral,1,neutral,1,compatible,alta,"la modificación al alza tiene que ver con algunos sectores que llevan al cambio de los precios, principalmente, en el sector agrícola",Compatible con N: sin dirección respaldada. La unidad no adopta una dirección monetaria propia.,revisado,26c079414b28aaac4134dd304e340474f49f6d67996c22d46ec5e6388f76841e,561,desarrollo_base_v3,si,supervision_oof_control_primario
RPM-2005-06-09:288:1,ia_base_v2,etiquetas_escalado_r8.csv,data/etiquetas/etiquetas_escalado_r8.csv,data/auditoria/revision_etiquetas_escalado_r8_v3/revision.csv,neutral,0,neutral,0,neutral,0,compatible,alta,,Compatible con N/relevancia0: suspension de la sesion (logistica).,revisado,8429f23f4c6a0235baf472dc7cb00815ca02a6d389acdc9416a310bd580a8910,128,desarrollo_base_v3,si,supervision_oof_control_primario
RPM-2005-06-09:288:2,ia_base_v2,etiquetas_escalado_r8.csv,data/etiquetas/etiquetas_escalado_r8.csv,data/auditoria/revision_etiquetas_escalado_r8_v3/revision.csv,neutral,0,neutral,0,neutral,0,compatible,alta,,Compatible con N/relevancia0: reanudacion de sesion (logistica).,revisado,6fa440fc63ec38a64c9ae8bc60365e5efbf990f3fdfada7d5db65d8ab78291d0,219,desarrollo_base_v3,si,supervision_oof_control_primario
RPM-2005-06-09:288:3,ia_base_v2,etiquetas_escalado_r8.csv,data/etiquetas/etiquetas_escalado_r8.csv,data/auditoria/revision_etiquetas_escalado_r8_v3/revision.csv,neutral,0,neutral,0,neutral,0,compatible,alta,,Compatible con N/relevancia0: transito procedimental: solicitud de presentacion de opciones.,revisado,714046c20fa1f22fc26849d617a5313a85f02d0cf7a74075ddf2eefe3b928ab5,158,desarrollo_base_v3,si,supervision_oof_control_primario
RPM-2005-06-09:288:4,ia_base_v2,etiquetas_escalado_r8.csv,data/etiquetas/etiquetas_escalado_r8.csv,data/auditoria/revision_etiquetas_escalado_r8_v3/revision.csv,neutral,1,hawkish,1,hawkish,1,compatible,alta,las opciones que parecen más plausibles para esta reunión son aumentar la tasa de política monetaria en 25 puntos base o mantenerla en su nivel actual,Compatible con hawkish: dirección respaldada en la unidad. No depende solo del menú o fase.,revisado,c0fc40215eb53ad8b53512e4954a3ba196f9d33dcdbbeed9de0b2832a59eca42,5347,desarrollo_base_v3,si,supervision_oof_control_primario
RPM-2005-06-09:288:5,ia_base_v2,etiquetas_escalado_r8.csv,data/etiquetas/etiquetas_escalado_r8.csv,data/auditoria/revision_etiquetas_escalado_r8_v3/revision.csv,neutral,0,neutral,0,neutral,0,compatible,alta,,Compatible con N/relevancia0: ofrecimiento de la palabra.,revisado,b9689b5eaed084a69e2937a5673f03534bc86d22595fecb3f938877851ccaf48,69,desarrollo_base_v3,si,supervision_oof_control_primario
RPM-2005-06-09:288:6,ia_base_v2,etiquetas_escalado_r8.csv,data/etiquetas/etiquetas_escalado_r8.csv,data/auditoria/revision_etiquetas_escalado_r8_v3/revision.csv,hawkish,1,hawkish,1,hawkish,1,compatible,alta,que la opción de alza de 25 puntos base domina inambiguamente a la mantención de la tasa de política monetaria en esta oportunidad,Compatible con hawkish: dirección respaldada en la unidad. No depende solo del menú o fase.,revisado,131edce1cb1322745f64122f85a0b3a3e85997a77e14dee45d1b0d3c7851973a,1943,desarrollo_base_v3,si,supervision_oof_control_primario
RPM-2005-06-09:288:7,ia_base_v2,etiquetas_escalado_r8.csv,data/etiquetas/etiquetas_escalado_r8.csv,data/auditoria/revision_etiquetas_escalado_r8_v3/revision.csv,dovish,1,dovish,1,hawkish,1,cambio_etiqueta,alta,"dentro del marco general de normalización pausada de la tasa de interés de política monetaria, una mantención de tasas de interés resulta más coherente",Prefiere mantener hoy dentro de una normalización al alza que respalda. La acción mensual no convierte la trayectoria en D: H.,revisado,4cc730c916ddebd4e1566fa60c5511dcb32b9b3cad3f04188b943835db830989,1148,desarrollo_base_v3,si,supervision_oof_control_primario
RPM-2005-06-09:289:1,ia_base_v2,etiquetas_escalado_r8.csv,data/etiquetas/etiquetas_escalado_r8.csv,data/auditoria/revision_etiquetas_escalado_r8_v3/revision.csv,dovish,1,dovish,1,neutral,1,cambio_etiqueta,media,hacerlo tres veces consecutivas generaría una señal algo extraña,"Cuestiona una tercera alza y una aceleración de la secuencia, pero no adopta una expansión ni resuelve una dirección futura propia: N, no D.",revisado,43513b3429c3a4b3bed3b2c283afc895559f2ac76c66ecba44a2690a1ce6d846,1518,desarrollo_base_v3,si,supervision_oof_control_primario
RPM-2005-06-09:290:1,ia_base_v2,etiquetas_escalado_r8.csv,data/etiquetas/etiquetas_escalado_r8.csv,data/auditoria/revision_etiquetas_escalado_r8_v3/revision.csv,neutral,0,neutral,0,neutral,0,compatible,alta,,Compatible con N/relevancia0: transito procedimental: apertura de la votacion.,revisado,7746c4229ec549ed0ceccd73c48f5b2472b250ef74dbd7fcad1edf7f8d8698b5,114,desarrollo_base_v3,si,supervision_oof_control_primario
RPM-2005-06-09:291:1,ia_base_v2,etiquetas_escalado_r8.csv,data/etiquetas/etiquetas_escalado_r8.csv,data/auditoria/revision_etiquetas_escalado_r8_v3/revision.csv,dovish,1,hawkish,1,hawkish,1,compatible,alta,"vota por mantener la tasa de política monetaria en 3,25% anual",Compatible con hawkish: dirección respaldada en la unidad. No depende solo del menú o fase.,revisado,05cd1557b4e7a3fd9c5aa3a53eb9b65be7c5948192145ef8760b2de523986c23,1300,desarrollo_base_v3,si,supervision_oof_control_primario
RPM-2005-06-09:292:1,ia_base_v2,etiquetas_escalado_r8.csv,data/etiquetas/etiquetas_escalado_r8.csv,data/auditoria/revision_etiquetas_escalado_r8_v3/revision.csv,dovish,1,dovish,1,hawkish,1,cambio_etiqueta,alta,"nuestra estrategia de ajuste gradual de la política monetaria, la cual sigue siendo la mejor opción",Respalda continuar el ajuste gradual y usa la pausa solo para preservar ese ritmo: H.,revisado,eba8640540496ff989d43a97d8d4bebeac4fd719312e42eabe1705bf4996a402,2168,desarrollo_base_v3,si,supervision_oof_control_primario
RPM-2005-06-09:292:2,ia_base_v2,etiquetas_escalado_r8.csv,data/etiquetas/etiquetas_escalado_r8.csv,data/auditoria/revision_etiquetas_escalado_r8_v3/revision.csv,dovish,1,dovish,1,hawkish,1,cambio_etiqueta,media,una medida en este sentido es consistente con el ritmo de normalización adoptado,La mantención mensual se inserta expresamente en el ritmo de normalización adoptado: orientación H.,revisado,57e13afa62a59634930dc3c2e10239984b9543df08558cbd2e7dea9c2ec17787,2205,desarrollo_base_v3,si,supervision_oof_control_primario
RPM-2005-06-09:293:1,ia_base_v2,etiquetas_escalado_r8.csv,data/etiquetas/etiquetas_escalado_r8.csv,data/auditoria/revision_etiquetas_escalado_r8_v3/revision.csv,dovish,1,dovish,1,hawkish,1,cambio_etiqueta,alta,no hay razones para desviarnos de la estrategia de retiro gradual y pausado del estímulo monetario,Respalda explícitamente continuar retirando estímulo y pausa solo para conservar la gradualidad: H.,revisado,371f000f657eaa9ea91469f167b7c3ce636294e2cce6718badcb3e38db207342,2940,desarrollo_base_v3,si,supervision_oof_control_primario
RPM-2005-06-09:294:1,ia_base_v2,etiquetas_escalado_r8.csv,data/etiquetas/etiquetas_escalado_r8.csv,data/auditoria/revision_etiquetas_escalado_r8_v3/revision.csv,dovish,1,dovish,1,hawkish,1,cambio_etiqueta,alta,requiere el retiro paulatino del excesivo estímulo monetario,Considera necesario retirar estímulo y mantiene hoy para continuar una normalización pausada: H.,revisado,eae5fbddb20a792cc7410b6bb460b6d6f968c88fdb0a7c73aa7ddd9f963d6454,1195,desarrollo_base_v3,si,supervision_oof_control_primario
RPM-2005-06-09:294:2,ia_base_v2,etiquetas_escalado_r8.csv,data/etiquetas/etiquetas_escalado_r8.csv,data/auditoria/revision_etiquetas_escalado_r8_v3/revision.csv,hawkish,1,hawkish,1,hawkish,1,compatible,media,La decisión de mantener la Tasa de Política Monetaria en esta oportunidad no modifica la expectativa de reducción pausada del impulso monetario,Compatible con hawkish: dirección respaldada en la unidad. No depende solo del menú o fase.,revisado,955d4adcde5d622612426a68fb3328513aa5646d496f2db046c136c77a9d1320,1778,desarrollo_base_v3,si,supervision_oof_control_primario
RPM-2005-06-09:295:1,ia_base_v2,etiquetas_escalado_r8.csv,data/etiquetas/etiquetas_escalado_r8.csv,data/auditoria/revision_etiquetas_escalado_r8_v3/revision.csv,neutral,0,neutral,0,neutral,0,compatible,alta,,Compatible con N/relevancia0: aprobacion del comunicado y cierre de la sesion (logistica).,revisado,5d617d03fc0f25a3fd46b493b834ed1d47826f42fd9f0d9681e3b90a9e780a8c,83,desarrollo_base_v3,si,supervision_oof_control_primario
RPM-2005-07-12:296:1,ia_base_v2,etiquetas_escalado_r8.csv,data/etiquetas/etiquetas_escalado_r8.csv,data/auditoria/revision_etiquetas_escalado_r8_v3/revision.csv,neutral,0,neutral,0,neutral,0,compatible,alta,,Compatible con N/relevancia0: encabezado de acta: lista de asistentes y fecha.,revisado,d243c198dab72f6cd45de9df93143244ea50cba2ba6c724331fede0f6bab783f,1446,desarrollo_base_v3,si,supervision_oof_control_primario
RPM-2005-07-12:297:1,ia_base_v2,etiquetas_escalado_r8.csv,data/etiquetas/etiquetas_escalado_r8.csv,data/auditoria/revision_etiquetas_escalado_r8_v3/revision.csv,neutral,0,neutral,0,neutral,0,compatible,alta,,Compatible con N/relevancia0: fijacion de fecha de sesion futura (logistica).,revisado,0336f9b2f322261fa3d0ce78473cdf27a49be5d3eda7e249ccff57482a7b2301,119,desarrollo_base_v3,si,supervision_oof_control_primario
RPM-2005-08-11:338:1,ia_base_v2,etiquetas_escalado_r9.csv,data/etiquetas/etiquetas_escalado_r9.csv,data/auditoria/revision_etiquetas_escalado_r9_v3/revision.csv,neutral,1,neutral,1,neutral,1,compatible,alta,"si se tiene un período de exceso de acumulación de inventario y después continúa alto pero no tanto, los inventarios se siguen acumulando",Compatible con N: sin dirección respaldada. La unidad no adopta una dirección monetaria propia.,revisado,25393a7e9085c6ba7495ce0971d62b0e192078c9e48dad715eea66e6478d2f6b,315,desarrollo_base_v3,si,supervision_oof_control_primario
RPM-2005-08-11:360:1,ia_base_v2,etiquetas_escalado_r9.csv,data/etiquetas/etiquetas_escalado_r9.csv,data/auditoria/revision_etiquetas_escalado_r9_v3/revision.csv,neutral,0,neutral,0,neutral,0,compatible,alta,,Compatible con N/relevancia0: transito procedimental: apertura de la votacion.,revisado,7746c4229ec549ed0ceccd73c48f5b2472b250ef74dbd7fcad1edf7f8d8698b5,114,desarrollo_base_v3,si,supervision_oof_control_primario
RPM-2005-09-08:391:1,ia_base_v2,etiquetas_escalado_r9.csv,data/etiquetas/etiquetas_escalado_r9.csv,data/auditoria/revision_etiquetas_escalado_r9_v3/revision.csv,neutral,0,neutral,0,neutral,0,compatible,alta,,Compatible con N/relevancia0: ofrecimiento de la palabra.,revisado,386caa80604c21f21ec750eebcd89c99965c6ce62fe45f172e9a52c1d6e4ecd7,74,desarrollo_base_v3,si,supervision_oof_control_primario
RPM-2005-11-10:491:1,ia_base_v2,etiquetas_escalado_r9.csv,data/etiquetas/etiquetas_escalado_r9.csv,data/auditoria/revision_etiquetas_escalado_r9_v3/revision.csv,neutral,0,neutral,0,neutral,0,compatible,alta,,Compatible con N/relevancia0: suspension de la sesion (logistica).,revisado,b7eacc75c299fc3f4499d6bbb1b89f02f6dde4d50331cf57c967d2596ed2d5ed,128,desarrollo_base_v3,si,supervision_oof_control_primario
RPM-2005-12-13:507:1,ia_base_v2,etiquetas_escalado_r9.csv,data/etiquetas/etiquetas_escalado_r9.csv,data/auditoria/revision_etiquetas_escalado_r9_v3/revision.csv,neutral,1,neutral,1,neutral,1,compatible,alta,"se refiera también sobre el riesgo en el consumo americano, en relación con la situación de los precios del sector inmobiliario",Compatible con N: sin dirección respaldada. La unidad no adopta una dirección monetaria propia.,revisado,562be95b0e87523aac1914c9c80f1d28d3b312e0a2eb6f951c4a9e8611bf62f7,265,desarrollo_base_v3,si,supervision_oof_control_primario
RPM-2005-12-13:507:2,ia_base_v2,etiquetas_escalado_r9.csv,data/etiquetas/etiquetas_escalado_r9.csv,data/auditoria/revision_etiquetas_escalado_r9_v3/revision.csv,neutral,1,neutral,1,neutral,1,compatible,alta,"estos riesgos se ven algo más atenuados, por cuanto el precio de las viviendas en los Estados Unidos de América se está desacelerando",Compatible con N: sin dirección respaldada. La unidad no adopta una dirección monetaria propia.,revisado,f08e214331256deef8db0107d9948916ee7ab2e2e06e50eef0230774283e3e3c,228,desarrollo_base_v3,si,supervision_oof_control_primario
RPM-2005-12-13:510:1,ia_base_v2,etiquetas_escalado_r9.csv,data/etiquetas/etiquetas_escalado_r9.csv,data/auditoria/revision_etiquetas_escalado_r9_v3/revision.csv,neutral,1,neutral,1,neutral,1,compatible,alta,"la situación de México, que bajó inesperadamente la tasa en 50 puntos base, y que ha tenido un ciclo parecido al de Brasil",Compatible con N: sin dirección respaldada. La unidad no adopta una dirección monetaria propia.,revisado,6d542c7a17b2f73ed213c84f5501f258fe8ba0d2bde50f14154a94413f73f5eb,322,desarrollo_base_v3,si,supervision_oof_control_primario
RPM-2005-12-13:516:3,ia_base_v2,etiquetas_escalado_r9.csv,data/etiquetas/etiquetas_escalado_r9.csv,data/auditoria/revision_etiquetas_escalado_r9_v3/revision.csv,neutral,1,neutral,1,neutral,1,compatible,alta,"primero es un ajuste de stocks, ya que la gente estaría reduciendo sus posiciones en Chile las que estaba usando para hacer coberturas con Brasil",Compatible con N: sin dirección respaldada. La unidad no adopta una dirección monetaria propia.,revisado,1cdf80c557234d9ceb6289b17953e25cf9bde18896186e9e5d03430b8b499db3,326,desarrollo_base_v3,si,supervision_oof_control_primario
RPM-2005-12-13:516:8,ia_base_v2,etiquetas_escalado_r9.csv,data/etiquetas/etiquetas_escalado_r9.csv,data/auditoria/revision_etiquetas_escalado_r9_v3/revision.csv,neutral,0,neutral,0,neutral,0,compatible,alta,,Compatible con N/relevancia0: cierre de tema (logistica).,revisado,fd5e66616f36905924729f5ccf65e0462e90e5080b812dc5942b7b262847c161,75,desarrollo_base_v3,si,supervision_oof_control_primario
RPM-2006-01-12:533:1,ia_base_v2,etiquetas_escalado_r9.csv,data/etiquetas/etiquetas_escalado_r9.csv,data/auditoria/revision_etiquetas_escalado_r9_v3/revision.csv,neutral,1,neutral,1,neutral,1,compatible,alta,"la tendencia inflacionaria y las expectativas de inflación, tras subir luego del incremento del precio de los combustibles en los meses recientes, han vuelto a 3%",Compatible con N: sin dirección respaldada. La unidad no adopta una dirección monetaria propia.,revisado,c177ecf13d136cd7168828df2e2ce3e558a864d72a2d160d0098192f44027477,13331,desarrollo_base_v3,si,supervision_oof_control_primario
RPM-2006-01-12:553:1,ia_base_v2,etiquetas_escalado_r9.csv,data/etiquetas/etiquetas_escalado_r9.csv,data/auditoria/revision_etiquetas_escalado_r9_v3/revision.csv,neutral,1,neutral,1,neutral,1,compatible,alta,"si esa mayor demanda agregada se está destinando preferentemente a bienes de capital importado y a bienes de consumo durable también importados, entonces no necesariamente se va a traducir en un crecimiento",Compatible con N: sin dirección respaldada. La unidad no adopta una dirección monetaria propia.,revisado,7b6272bbc0472864cae43d0ca5925afce865b2af78d13f6aae691939e01058b6,548,desarrollo_base_v3,si,supervision_oof_control_primario
RPM-2006-01-12:564:1,ia_base_v2,etiquetas_escalado_r9.csv,data/etiquetas/etiquetas_escalado_r9.csv,data/auditoria/revision_etiquetas_escalado_r9_v3/revision.csv,neutral,1,neutral,1,neutral,1,compatible,alta,las bajas de tasas agresivas del Banco Central empezaron en el mes de enero de 2002,Compatible con N: sin dirección respaldada. La unidad no adopta una dirección monetaria propia.,revisado,59f3537d16ea1d40718f46b4a5e140323227b81e0da96da574982ae1383107f8,728,desarrollo_base_v3,si,supervision_oof_control_primario
RPM-2006-02-09:581:2,ia_base_v2,etiquetas_escalado_r9.csv,data/etiquetas/etiquetas_escalado_r9.csv,data/auditoria/revision_etiquetas_escalado_r9_v3/revision.csv,neutral,1,neutral,1,neutral,1,compatible,alta,ella motiva una revisión al alza para el año 2006,Compatible con N: sin dirección respaldada. La unidad no adopta una dirección monetaria propia.,revisado,16f331e12573758ef4ed1a02547fa702e0b2aa6995101d967094474bae99b552,424,desarrollo_base_v3,si,supervision_oof_control_primario
RPM-2006-02-09:587:10,ia_base_v2,etiquetas_escalado_r9.csv,data/etiquetas/etiquetas_escalado_r9.csv,data/auditoria/revision_etiquetas_escalado_r9_v3/revision.csv,neutral,0,neutral,0,neutral,0,compatible,alta,,Compatible con N/relevancia0: constancia de asistencia y transito a opciones (logistica).,revisado,2090a1f7f6470470e9756292375b427912479abc43bd934a4ae4b744d0723560,463,desarrollo_base_v3,si,supervision_oof_control_primario
RPM-2006-03-16:614:1,ia_base_v2,etiquetas_escalado_r9.csv,data/etiquetas/etiquetas_escalado_r9.csv,data/auditoria/revision_etiquetas_escalado_r9_v3/revision.csv,neutral,0,neutral,0,neutral,0,compatible,alta,,Compatible con N/relevancia0: suspension de la sesion (logistica).,revisado,d104945deb2ac39daa2ffd577ef045c7d8ac35c8af49398067d057ef2f886c15,128,desarrollo_base_v3,si,supervision_oof_control_primario
RPM-2006-03-16:619:1,ia_base_v2,etiquetas_escalado_r9.csv,data/etiquetas/etiquetas_escalado_r9.csv,data/auditoria/revision_etiquetas_escalado_r9_v3/revision.csv,neutral,0,neutral,0,neutral,0,compatible,alta,,Compatible con N/relevancia0: transito procedimental: apertura de la votacion.,revisado,bffa85cc53de91526c32c8652b96a2249547e4e97d4289c387dd76a310cfd101,243,desarrollo_base_v3,si,supervision_oof_control_primario
RPM-2006-04-13:633:3,ia_base_v2,etiquetas_escalado_r9.csv,data/etiquetas/etiquetas_escalado_r9.csv,data/auditoria/revision_etiquetas_escalado_r9_v3/revision.csv,neutral,1,neutral,1,neutral,1,compatible,alta,la economía de Estados Unidos de América ha mostrado que la desaceleración que tuvo el cuarto trimestre fue más bien transitoria,Compatible con N: sin dirección respaldada. La unidad no adopta una dirección monetaria propia.,revisado,aa0094ddd76599f3f62b44b92be78bb443aab834eb1ed66b01fa8653130225a2,1075,desarrollo_base_v3,si,supervision_oof_control_primario
RPM-2006-04-13:650:1,ia_base_v2,etiquetas_escalado_r9.csv,data/etiquetas/etiquetas_escalado_r9.csv,data/auditoria/revision_etiquetas_escalado_r9_v3/revision.csv,neutral,0,neutral,0,neutral,0,compatible,alta,,Compatible con N/relevancia0: transito procedimental: apertura de la votacion.,revisado,21b44601bc2fea645ebc1488b62bb08db972c46276f58da1ad8ddf289e38323c,107,desarrollo_base_v3,si,supervision_oof_control_primario
RPM-2006-05-11:657:2,ia_base_v2,etiquetas_escalado_r9.csv,data/etiquetas/etiquetas_escalado_r9.csv,data/auditoria/revision_etiquetas_escalado_r9_v3/revision.csv,neutral,1,neutral,1,neutral,1,compatible,alta,"ha mostrado una dinámica mayor a la que se anticipaba, ha llevado a revisar el crecimiento mundial, en una décima",Compatible con N: sin dirección respaldada. La unidad no adopta una dirección monetaria propia.,revisado,981e67d96224197c7d14f63087ccde8b62fcac1e43d35d6f891e5351cb394b16,3936,desarrollo_base_v3,si,supervision_oof_control_primario
RPM-2006-05-11:673:1,ia_base_v2,etiquetas_escalado_r9.csv,data/etiquetas/etiquetas_escalado_r9.csv,data/auditoria/revision_etiquetas_escalado_r9_v3/revision.csv,dovish,1,dovish,1,hawkish,1,cambio_etiqueta,alta,"la estrategia de retiro pausado del estímulo monetario iniciada a fines del 2004, sigue siendo la mejor opción y hasta ahora se presenta como la más adecuada","Respalda el retiro de estímulo y prevé nuevas alzas, aunque elija pausar este mes: H, no D.",revisado,85c4247436269897ad6808edee1d1b2111197e6d1111931d5a3339d5d5dfdeed,2079,desarrollo_base_v3,si,supervision_oof_control_primario
RPM-2006-06-15:682:1,ia_base_v2,etiquetas_escalado_r9.csv,data/etiquetas/etiquetas_escalado_r9.csv,data/auditoria/revision_etiquetas_escalado_r9_v3/revision.csv,neutral,1,neutral,1,neutral,1,compatible,alta,la compensación inflacionaria no está mostrando aún preocupaciones por la inflación,Compatible con N: sin dirección respaldada. La unidad no adopta una dirección monetaria propia.,revisado,e06843e3a776828cf8958cde3a99366983c98ebcf2208f49f75d2c24222518af,536,desarrollo_base_v3,si,supervision_oof_control_primario
RPM-2006-06-15:708:1,ia_base_v2,etiquetas_escalado_r9.csv,data/etiquetas/etiquetas_escalado_r9.csv,data/auditoria/revision_etiquetas_escalado_r9_v3/revision.csv,neutral,1,neutral,1,neutral,1,compatible,alta,"ahora resulta obvia, porque estábamos muy acelerados, pero que no estaba contemplado en nuestras proyecciones del escenario central",Compatible con N: sin dirección respaldada. La unidad no adopta una dirección monetaria propia.,revisado,551b1bdf217f24afc12f231d99955a260b0fba47bc139187b3f694b6e41f63ca,882,desarrollo_base_v3,si,supervision_oof_control_primario
RPM-2006-06-15:711:1,ia_base_v2,etiquetas_escalado_r9.csv,data/etiquetas/etiquetas_escalado_r9.csv,data/auditoria/revision_etiquetas_escalado_r9_v3/revision.csv,neutral,1,neutral,1,neutral,1,compatible,alta,consulta la razón por la cual el comercio cae tan fuertemente,Compatible con N: sin dirección respaldada. La unidad no adopta una dirección monetaria propia.,revisado,911b4003701ffe563cad3d1de9292562bc82d605fb2bb6a18c9ae57a184c59f8,296,desarrollo_base_v3,si,supervision_oof_control_primario
RPM-2006-06-15:721:1,ia_base_v2,etiquetas_escalado_r9.csv,data/etiquetas/etiquetas_escalado_r9.csv,data/auditoria/revision_etiquetas_escalado_r9_v3/revision.csv,neutral,1,neutral,1,neutral,1,compatible,alta,se deberían trabajar separadamente las dos muestras,Compatible con N: sin dirección respaldada. La unidad no adopta una dirección monetaria propia.,revisado,050235e04ec8673c96fa05d8e823199b77eed499fdbb65c6fb6e05075252ccf2,308,desarrollo_base_v3,si,supervision_oof_control_primario
RPM-2006-06-15:724:1,ia_base_v2,etiquetas_escalado_r9.csv,data/etiquetas/etiquetas_escalado_r9.csv,data/auditoria/revision_etiquetas_escalado_r9_v3/revision.csv,neutral,1,neutral,1,neutral,1,compatible,alta,otras medidas alternativas se pueden construir para datos trimestrales,Compatible con N: sin dirección respaldada. La unidad no adopta una dirección monetaria propia.,revisado,2a73eb17ede0b105ced42fd5e82a950fde557375732ca37c9c21fe0f8720729a,350,desarrollo_base_v3,si,supervision_oof_control_primario
RPM-2006-07-13:752:1,ia_base_v2,etiquetas_escalado_r9.csv,data/etiquetas/etiquetas_escalado_r9.csv,data/auditoria/revision_etiquetas_escalado_r9_v3/revision.csv,neutral,1,neutral,1,neutral,1,compatible,alta,"el bono de Chile se ha mantenido permanentemente, por debajo en materia de spread, del rendimiento exigido a los Bonos Clase A",Compatible con N: sin dirección respaldada. La unidad no adopta una dirección monetaria propia.,revisado,cfeb4afd1a26177d8102703ad2b4a192f876a54759589933f752dbfd657c42bb,327,desarrollo_base_v3,si,supervision_oof_control_primario
RPM-2006-07-13:770:1,ia_base_v2,etiquetas_escalado_r9.csv,data/etiquetas/etiquetas_escalado_r9.csv,data/auditoria/revision_etiquetas_escalado_r9_v3/revision.csv,neutral,0,neutral,0,neutral,0,compatible,alta,,Compatible con N/relevancia0: suspension de la sesion (logistica).,revisado,4cbb4b90993adcc6dde970ff7572079c70e7d8544641fb92113de8e334ed502d,128,desarrollo_base_v3,si,supervision_oof_control_primario
RPM-2006-07-13:772:1,ia_base_v2,etiquetas_escalado_r9.csv,data/etiquetas/etiquetas_escalado_r9.csv,data/auditoria/revision_etiquetas_escalado_r9_v3/revision.csv,hawkish,1,hawkish,1,hawkish,1,compatible,alta,el señor De Ramón recomienda la opción de subir la tasa de política monetaria en 25 puntos base,Compatible con hawkish: dirección respaldada en la unidad. No depende solo del menú o fase.,revisado,74207c08b836804081307d6c32b794a54b97c48c0d5090daa09982e62839ea40,2361,desarrollo_base_v3,si,supervision_oof_control_primario
RPM-2006-07-13:774:1,ia_base_v2,etiquetas_escalado_r9.csv,data/etiquetas/etiquetas_escalado_r9.csv,data/auditoria/revision_etiquetas_escalado_r9_v3/revision.csv,neutral,1,neutral,1,hawkish,1,cambio_etiqueta,media,valida la noción que hay que continuar aumentando las tasas para acercarse a la neutral,"Pese a ponderar una pausa y riesgos bajistas, hace propia la necesidad de continuar subiendo hacia la neutral: H.",revisado,7576ba8505bfc846180fa508df7b62c9592c8ff7b611c6183829742ee2f5eb2b,4275,desarrollo_base_v3,si,supervision_oof_control_primario
RPM-2006-07-13:775:1,ia_base_v2,etiquetas_escalado_r9.csv,data/etiquetas/etiquetas_escalado_r9.csv,data/auditoria/revision_etiquetas_escalado_r9_v3/revision.csv,dovish,1,dovish,1,hawkish,1,cambio_etiqueta,media,"la información reciente sugiere que este proceso de normalización monetaria, podría ser, a su juicio, más corto o más lento","Respalda una normalización todavía vigente, aunque más corta o lenta, y pide comunicar cercanía a su fin. Menor endurecimiento relativo no es D: H.",revisado,ac5edbd636315139b3e9607c51d794e9c60444468078a6bbf7387bf9c868bde3,3452,desarrollo_base_v3,si,supervision_oof_control_primario
RPM-2006-07-13:779:1,ia_base_v2,etiquetas_escalado_r9.csv,data/etiquetas/etiquetas_escalado_r9.csv,data/auditoria/revision_etiquetas_escalado_r9_v3/revision.csv,hawkish,1,hawkish,1,hawkish,1,compatible,alta,vota por un alza de 25 puntos base en la tasa de política monetaria,Compatible con hawkish: dirección respaldada en la unidad. No depende solo del menú o fase.,revisado,5ab8d43425db9b118f1863c8e7085a53188c03ede0b83e0ad50f32d1349d4403,3960,desarrollo_base_v3,si,supervision_oof_control_primario
RPM-2006-07-13:780:3,ia_base_v2,etiquetas_escalado_r9.csv,data/etiquetas/etiquetas_escalado_r9.csv,data/auditoria/revision_etiquetas_escalado_r9_v3/revision.csv,hawkish,1,hawkish,1,hawkish,1,compatible,alta,su decisión también es por subir la tasa otro cuarto de punto ahora,Compatible con hawkish: dirección respaldada en la unidad. No depende solo del menú o fase.,revisado,b7139434a1d39c61903a377ad62c7dfc995a32f7ccf0d37476db508df14c2639,1763,desarrollo_base_v3,si,supervision_oof_control_primario
RPM-2006-08-10:807:1,ia_base_v2,etiquetas_escalado_r9.csv,data/etiquetas/etiquetas_escalado_r9.csv,data/auditoria/revision_etiquetas_escalado_r9_v3/revision.csv,neutral,0,neutral,0,neutral,0,compatible,alta,,Compatible con N/relevancia0: transito procedimental: invitacion a exponer.,revisado,092f2e23cf77e384fc98dd9f86ab04405164e0558eb9530838f3843165bf5d63,189,desarrollo_base_v3,si,supervision_oof_control_primario
RPM-2006-08-10:818:1,ia_base_v2,etiquetas_escalado_r9.csv,data/etiquetas/etiquetas_escalado_r9.csv,data/auditoria/revision_etiquetas_escalado_r9_v3/revision.csv,neutral,0,neutral,0,neutral,0,compatible,alta,,Compatible con N/relevancia0: ofrecimiento de la palabra.,revisado,4696b4ad77f00d667bafebb9a149cd13496b42741bbaf5544a33b954b3d4c35a,88,desarrollo_base_v3,si,supervision_oof_control_primario
RPM-2006-08-10:820:1,ia_base_v2,etiquetas_escalado_r9.csv,data/etiquetas/etiquetas_escalado_r9.csv,data/auditoria/revision_etiquetas_escalado_r9_v3/revision.csv,neutral,1,neutral,1,neutral,1,compatible,alta,esta es una oportunidad para reiterar el tipo de mensaje que se dio en la reunión anterior,Compatible con N: sin dirección respaldada. La unidad no adopta una dirección monetaria propia.,revisado,65f7113aaaad5970455123b1d181b292feb4f75937f2c4381248a563e520becf,720,desarrollo_base_v3,si,supervision_oof_control_primario
RPM-2006-09-07:838:1,ia_base_v2,etiquetas_escalado_r9.csv,data/etiquetas/etiquetas_escalado_r9.csv,data/auditoria/revision_etiquetas_escalado_r9_v3/revision.csv,neutral,1,neutral,1,neutral,1,compatible,alta,la percepción que existe es que ella estaría en torno a 5%,Compatible con N: sin dirección respaldada. La unidad no adopta una dirección monetaria propia.,revisado,7f2f7cc679a37608f712f6e36f137693758e30ed7a9b750a47589ee131734247,394,desarrollo_base_v3,si,supervision_oof_control_primario
RPM-2006-10-12:897:1,ia_base_v2,etiquetas_escalado_r9.csv,data/etiquetas/etiquetas_escalado_r9.csv,data/auditoria/revision_etiquetas_escalado_r9_v3/revision.csv,neutral,0,neutral,0,neutral,0,compatible,alta,,Compatible con N/relevancia0: ofrecimiento de la palabra.,revisado,4696b4ad77f00d667bafebb9a149cd13496b42741bbaf5544a33b954b3d4c35a,88,desarrollo_base_v3,si,supervision_oof_control_primario
RPM-2006-10-12:906:1,ia_base_v2,etiquetas_escalado_r9.csv,data/etiquetas/etiquetas_escalado_r9.csv,data/auditoria/revision_etiquetas_escalado_r9_v3/revision.csv,neutral,1,neutral,1,neutral,1,compatible,alta,ha habido una apreciación aproximada de 1% el último mes,Compatible con N: sin dirección respaldada. La unidad no adopta una dirección monetaria propia.,revisado,1d035a49926a1a7bb3170f2886f7b44b7ecdc419a2ce3dd7c08c24f22840480a,284,desarrollo_base_v3,si,supervision_oof_control_primario
RPM-2006-11-16:957:1,ia_base_v2,etiquetas_escalado_r9.csv,data/etiquetas/etiquetas_escalado_r9.csv,data/auditoria/revision_etiquetas_escalado_r9_v3/revision.csv,neutral,1,neutral,1,neutral,1,compatible,alta,entiende que éstas han caído en la apreciación del staff,Compatible con N: sin dirección respaldada. La unidad no adopta una dirección monetaria propia.,revisado,d832fc6338f7333ae8c5591ec6a8c24d2674952162091743d7b6ce323c28b5b4,147,desarrollo_base_v3,si,supervision_oof_control_primario
RPM-2006-12-14:1010:5,ia_base_v2,etiquetas_escalado_r9.csv,data/etiquetas/etiquetas_escalado_r9.csv,data/auditoria/revision_etiquetas_escalado_r9_v3/revision.csv,neutral,1,neutral,1,neutral,1,compatible,media,"el menor nivel de actividad, independiente de que si es transitoria o permanente, tiene impacto sobre la presión inflacionaria",Compatible con N: sin dirección respaldada. La unidad no adopta una dirección monetaria propia.,revisado,150cf58baa637bae56d85c56436921bff09007bdc20159bd90d5cedbbdd439c2,492,desarrollo_base_v3,si,supervision_oof_control_primario
RPM-2006-12-14:1014:3,ia_base_v2,etiquetas_escalado_r9.csv,data/etiquetas/etiquetas_escalado_r9.csv,data/auditoria/revision_etiquetas_escalado_r9_v3/revision.csv,neutral,1,neutral,1,neutral,1,compatible,alta,"la sorpresa incide en la riqueza, la riqueza incide en la demanda, la demanda incide en la brecha y la brecha incide en la inflación",Compatible con N: sin dirección respaldada. La unidad no adopta una dirección monetaria propia.,revisado,02e75ef1ee78cbbd0d16b9780e8c861100c92c31260b3794373893321bc520ad,822,desarrollo_base_v3,si,supervision_oof_control_primario
RPM-2006-12-14:989:1,ia_base_v2,etiquetas_escalado_r9.csv,data/etiquetas/etiquetas_escalado_r9.csv,data/auditoria/revision_etiquetas_escalado_r9_v3/revision.csv,neutral,0,neutral,0,neutral,0,compatible,alta,,Compatible con N/relevancia0: fijacion de fecha de sesion futura (logistica).,revisado,3d64e2991d6f32bec9f78a8f389a9a9bbbde9c0c4f020c7e50ade429e69f320c,121,desarrollo_base_v3,si,supervision_oof_control_primario
RPM-2007-01-11:1023:1,ia_base_v2,etiquetas_escalado_r9.csv,data/etiquetas/etiquetas_escalado_r9.csv,data/auditoria/revision_etiquetas_escalado_r9_v3/revision.csv,neutral,0,neutral,0,neutral,0,compatible,alta,,Compatible con N/relevancia0: fijacion de fecha de sesion futura (logistica).,revisado,78569c5cfcd043c5667ece4092e19141d512a570a924d0b2266cf0f26d8814fd,121,desarrollo_base_v3,si,supervision_oof_control_primario
RPM-2007-01-11:1050:1,ia_base_v2,etiquetas_escalado_r9.csv,data/etiquetas/etiquetas_escalado_r9.csv,data/auditoria/revision_etiquetas_escalado_r9_v3/revision.csv,dovish,1,dovish,1,dovish,1,compatible,alta,la medida de política monetaria más adecuada es la reducción de la tasa de política monetaria en esta ocasión,Compatible con dovish: dirección respaldada en la unidad. No depende solo del menú o fase.,revisado,206394e68a53b00c047ca63856636928bfca9a34af119ad6c7bfc9ec2b3bb4c8,3553,desarrollo_base_v3,si,supervision_oof_control_primario
RPM-2007-01-11:1057:1,ia_base_v2,etiquetas_escalado_r9.csv,data/etiquetas/etiquetas_escalado_r9.csv,data/auditoria/revision_etiquetas_escalado_r9_v3/revision.csv,dovish,1,dovish,1,dovish,1,compatible,alta,"acordó reducir la tasa de interés de política monetaria desde 5,25% a 5% anual",Compatible con dovish: dirección respaldada en la unidad. No depende solo del menú o fase.,revisado,cc9bfccb91f601db8f42f9d079ed0a4dbb73f7a83d98c571588f6a8abb3c0d61,2503,desarrollo_base_v3,si,supervision_oof_control_primario
RPM-2007-03-15:1133:1,ia_base_v2,etiquetas_escalado_r9.csv,data/etiquetas/etiquetas_escalado_r9.csv,data/auditoria/revision_etiquetas_escalado_r9_v3/revision.csv,neutral,1,neutral,1,neutral,1,compatible,alta,la demanda por estos bienes producidos en Chile se ha mantenido estable a la baja,Compatible con N: sin dirección respaldada. La unidad no adopta una dirección monetaria propia.,revisado,409697f2bdc35e6c6eb5b10d5d81acc92bf7fe5df1ea7ef37365815b7e10c2de,405,desarrollo_base_v3,si,supervision_oof_control_primario
RPM-2007-03-15:1165:1,ia_base_v2,etiquetas_escalado_r9.csv,data/etiquetas/etiquetas_escalado_r9.csv,data/auditoria/revision_etiquetas_escalado_r9_v3/revision.csv,hawkish,1,hawkish,1,hawkish,1,compatible,media,"lo lleva a considerar que el riesgo de equivocarse, si se adopta la decisión de bajar la tasa de política monetaria es mayor que aquél implícito en la mantención de ésta",Compatible con hawkish: dirección respaldada en la unidad. No depende solo del menú o fase.,revisado,c74c033c86871a84b8e1c8b930295d322a0af550c49f1e95f26063c4f2c2ee5f,4324,desarrollo_base_v3,si,supervision_oof_control_primario
RPM-2007-04-12:1192:1,ia_base_v2,etiquetas_escalado_r9.csv,data/etiquetas/etiquetas_escalado_r9.csv,data/auditoria/revision_etiquetas_escalado_r9_v3/revision.csv,neutral,1,neutral,1,neutral,1,compatible,alta,Se trata de la matriz nueva de inventarios que es muy distinta,Compatible con N: sin dirección respaldada. La unidad no adopta una dirección monetaria propia.,revisado,c9a0bb481a1cb5eff08fc6452724d6eeff4904ecfbb96f07e8970268210e6d92,175,desarrollo_base_v3,si,supervision_oof_control_primario
RPM-2007-04-12:1201:1,ia_base_v2,etiquetas_escalado_r9.csv,data/etiquetas/etiquetas_escalado_r9.csv,data/auditoria/revision_etiquetas_escalado_r9_v3/revision.csv,neutral,1,neutral,1,neutral,1,compatible,alta,si la instalación del Plan Transantiago va a tener algún efecto en la productividad,Compatible con N: sin dirección respaldada. La unidad no adopta una dirección monetaria propia.,revisado,f00d1fb324635e52fa8016daf4bb03e0d3e8d3aeddfd890cf4a35331ac1fd9c6,327,desarrollo_base_v3,si,supervision_oof_control_primario
RPM-2007-04-12:1215:1,ia_base_v2,etiquetas_escalado_r9.csv,data/etiquetas/etiquetas_escalado_r9.csv,data/auditoria/revision_etiquetas_escalado_r9_v3/revision.csv,neutral,0,neutral,0,neutral,0,compatible,alta,,Compatible con N/relevancia0: transito procedimental: apertura de la votacion.,revisado,fef68f56ee24d745af04c43400185bf31f2f7a42e550cdac2b4b181ad6a14026,107,desarrollo_base_v3,si,supervision_oof_control_primario
RPM-2007-05-10:1223:1,ia_base_v2,etiquetas_escalado_r9.csv,data/etiquetas/etiquetas_escalado_r9.csv,data/auditoria/revision_etiquetas_escalado_r9_v3/revision.csv,neutral,0,neutral,0,neutral,0,compatible,alta,,Compatible con N/relevancia0: constancia de asistencia y fijacion de fecha (logistica).,revisado,922998d87d2b7d26115af09f9112ed03901de545d8177b012ae06268959a1573,367,desarrollo_base_v3,si,supervision_oof_control_primario
RPM-2007-05-10:1226:1,ia_base_v2,etiquetas_escalado_r9.csv,data/etiquetas/etiquetas_escalado_r9.csv,data/auditoria/revision_etiquetas_escalado_r9_v3/revision.csv,neutral,1,neutral,1,neutral,1,compatible,alta,cuál es el supuesto de proyección del crack spread,Compatible con N: sin dirección respaldada. La unidad no adopta una dirección monetaria propia.,revisado,7c8b410bc538218c568da4678f2a20d4afeed83d0f8edc2f72c43b9aa7843437,93,desarrollo_base_v3,si,supervision_oof_control_primario
RPM-2007-05-10:1227:1,ia_base_v2,etiquetas_escalado_r9.csv,data/etiquetas/etiquetas_escalado_r9.csv,data/auditoria/revision_etiquetas_escalado_r9_v3/revision.csv,neutral,1,neutral,1,neutral,1,compatible,alta,"implícitamente lo que sugiere es que éste converge a los niveles de largo plazo, en torno a US$ 7 por barril",Compatible con N: sin dirección respaldada. La unidad no adopta una dirección monetaria propia.,revisado,18cc637358a16e5a6dd89892c25443ca5274a0aac3bf2e265844d1cf0a7fbfb8,823,desarrollo_base_v3,si,supervision_oof_control_primario
RPM-2007-05-10:1227:2,ia_base_v2,etiquetas_escalado_r9.csv,data/etiquetas/etiquetas_escalado_r9.csv,data/auditoria/revision_etiquetas_escalado_r9_v3/revision.csv,neutral,1,neutral,1,neutral,1,compatible,alta,"consulta con qué información se cuenta, ya que en algún momento apareció como un tema algo preocupante",Compatible con N: sin dirección respaldada. La unidad no adopta una dirección monetaria propia.,revisado,b614ec0dcfa940e5a75164e310b5759ef2fc775f826e9ee7546b9e3ad8ee9c3b,209,desarrollo_base_v3,si,supervision_oof_control_primario
RPM-2007-05-10:1251:2,ia_base_v2,etiquetas_escalado_r9.csv,data/etiquetas/etiquetas_escalado_r9.csv,data/auditoria/revision_etiquetas_escalado_r9_v3/revision.csv,neutral,0,neutral,0,neutral,0,compatible,alta,,Compatible con N/relevancia0: reanudacion de sesion (logistica).,revisado,5e13d8ef1f98291d084ecccfa3f6175ee65b2eff0173f63bd50f8fe1e34390f3,172,desarrollo_base_v3,si,supervision_oof_control_primario
RPM-2007-05-10:1251:5,ia_base_v2,etiquetas_escalado_r9.csv,data/etiquetas/etiquetas_escalado_r9.csv,data/auditoria/revision_etiquetas_escalado_r9_v3/revision.csv,neutral,0,neutral,0,neutral,0,compatible,alta,,Compatible con N/relevancia0: ofrecimiento de la palabra.,revisado,b4ca7c7a2f02c6f0237948feb14e789a8eb8c1c0ccb6db7c5488995c26f18f9a,70,desarrollo_base_v3,si,supervision_oof_control_primario
RPM-2007-06-14:1278:1,ia_base_v2,etiquetas_escalado_r9.csv,data/etiquetas/etiquetas_escalado_r9.csv,data/auditoria/revision_etiquetas_escalado_r9_v3/revision.csv,neutral,1,neutral,1,neutral,1,compatible,alta,estuvieron asociadas a noticias de actividad y a la preocupación por la inflación,Compatible con N: sin dirección respaldada. La unidad no adopta una dirección monetaria propia.,revisado,19ee2fc193624091253aa1f128f5f976e1a5a7c9b381a0c5fc3c8ede4c4cdb2e,907,desarrollo_base_v3,si,supervision_oof_control_primario
RPM-2007-07-12:1314:2,ia_base_v2,etiquetas_escalado_r9.csv,data/etiquetas/etiquetas_escalado_r9.csv,data/auditoria/revision_etiquetas_escalado_r9_v3/revision.csv,neutral,1,neutral,1,neutral,1,compatible,alta,entonces la diferencia es aumento no estacional,Compatible con N: sin dirección respaldada. La unidad no adopta una dirección monetaria propia.,revisado,1343ca4c47fcf6dbc5ea7165ae46913305287af4aa2244d0eeb23e3425d588e0,179,desarrollo_base_v3,si,supervision_oof_control_primario
RPM-2007-07-12:1324:1,ia_base_v2,etiquetas_escalado_r9.csv,data/etiquetas/etiquetas_escalado_r9.csv,data/auditoria/revision_etiquetas_escalado_r9_v3/revision.csv,neutral,1,neutral,1,neutral,1,compatible,alta,"Ello, además, conlleva un cierre de brechas de capacidad más rápido que el previsto",Compatible con N: sin dirección respaldada. La unidad no adopta una dirección monetaria propia.,revisado,9fcf790114001665d917caef5a5a2fdc34963b029b7f6e7b7c93a5fd0878518b,4887,desarrollo_base_v3,si,supervision_oof_control_primario
RPM-2007-07-12:1325:3,ia_base_v2,etiquetas_escalado_r9.csv,data/etiquetas/etiquetas_escalado_r9.csv,data/auditoria/revision_etiquetas_escalado_r9_v3/revision.csv,neutral,1,neutral,1,neutral,1,compatible,alta,los datos del Instituto Nacional de Estadísticas resultan similares a los de importaciones,Compatible con N: sin dirección respaldada. La unidad no adopta una dirección monetaria propia.,revisado,76896d0ec50e8d2a142226a93c505df47d177c3bbdd2ad88c1f2ebf6f1a36f0b,149,desarrollo_base_v3,si,supervision_oof_control_primario
RPM-2007-07-12:1329:1,ia_base_v2,etiquetas_escalado_r9.csv,data/etiquetas/etiquetas_escalado_r9.csv,data/auditoria/revision_etiquetas_escalado_r9_v3/revision.csv,neutral,1,neutral,1,neutral,1,compatible,alta,observó las cifras del número de operaciones del crédito hipotecario del sector bancario y éstas aparecen diferentes,Compatible con N: sin dirección respaldada. La unidad no adopta una dirección monetaria propia.,revisado,95d14bd645dec27ae5b4ee90c3001c18d682bbe75d6b2f688ebcb384f92fe852,199,desarrollo_base_v3,si,supervision_oof_control_primario
RPM-2007-07-12:1332:1,ia_base_v2,etiquetas_escalado_r9.csv,data/etiquetas/etiquetas_escalado_r9.csv,data/auditoria/revision_etiquetas_escalado_r9_v3/revision.csv,neutral,1,neutral,1,neutral,1,compatible,alta,la novedad que se observa entre los meses junio y julio de un Imacec algo menor de lo esperado,Compatible con N: sin dirección respaldada. La unidad no adopta una dirección monetaria propia.,revisado,8924884f7b38e79015404970c5591f2d637d90604c9ff5efc5685cec64715970,157,desarrollo_base_v3,si,supervision_oof_control_primario
RPM-2007-07-12:1335:2,ia_base_v2,etiquetas_escalado_r9.csv,data/etiquetas/etiquetas_escalado_r9.csv,data/auditoria/revision_etiquetas_escalado_r9_v3/revision.csv,neutral,1,neutral,1,neutral,1,compatible,alta,"todo lo cual sumado presenta un escenario extremo, más bien incierto",Compatible con N: sin dirección respaldada. La unidad no adopta una dirección monetaria propia.,revisado,9f8b9aa8e6f4925aa032be056bc26c6dc7c80a60034e968ed27d0b631a35873b,434,desarrollo_base_v3,si,supervision_oof_control_primario
RPM-2007-08-09:1360:2,ia_base_v2,etiquetas_escalado_r9.csv,data/etiquetas/etiquetas_escalado_r9.csv,data/auditoria/revision_etiquetas_escalado_r9_v3/revision.csv,neutral,1,neutral,1,neutral,1,compatible,alta,la gasolina es estacional y no así el petróleo,Compatible con N: sin dirección respaldada. La unidad no adopta una dirección monetaria propia.,revisado,dc9af8d990bbe2f14be5fa530d9d466063e140adceb89638a41038ef9aab5d76,619,desarrollo_base_v3,si,supervision_oof_control_primario
RPM-2007-08-09:1361:2,ia_base_v2,etiquetas_escalado_r9.csv,data/etiquetas/etiquetas_escalado_r9.csv,data/auditoria/revision_etiquetas_escalado_r9_v3/revision.csv,neutral,1,neutral,1,neutral,1,compatible,alta,efectivamente hay una percepción de riesgo que al parecer está aumentando de forma algo más marcada,Compatible con N: sin dirección respaldada. La unidad no adopta una dirección monetaria propia.,revisado,bf2f8a116921fdcfd63bb4bb8c1366014998782e766e0830d5a89b23a377e6ed,581,desarrollo_base_v3,si,supervision_oof_control_primario
RPM-2007-08-09:1379:2,ia_base_v2,etiquetas_escalado_r9.csv,data/etiquetas/etiquetas_escalado_r9.csv,data/auditoria/revision_etiquetas_escalado_r9_v3/revision.csv,neutral,1,neutral,1,neutral,1,compatible,alta,el aumento de la inflación es explicable fundamentalmente por alimentos y combustibles,Compatible con N: sin dirección respaldada. La unidad no adopta una dirección monetaria propia.,revisado,b0611a8c4195220c48defd26db1a18450aa8aa98ea83ed350a17f769860de811,731,desarrollo_base_v3,si,supervision_oof_control_primario
RPM-2007-09-13:1404:1,ia_base_v2,etiquetas_escalado_r9.csv,data/etiquetas/etiquetas_escalado_r9.csv,data/auditoria/revision_etiquetas_escalado_r9_v3/revision.csv,neutral,0,neutral,0,neutral,0,compatible,alta,,Compatible con N/relevancia0: encabezado de acta: lista de asistentes y fecha.,revisado,6620bcbdc6f048485210fd0096875a93a3c1e9b4972f5620aba2023e713aeaa6,1526,desarrollo_base_v3,si,supervision_oof_control_primario
RPM-2007-09-13:1429:1,ia_base_v2,etiquetas_escalado_r9.csv,data/etiquetas/etiquetas_escalado_r9.csv,data/auditoria/revision_etiquetas_escalado_r9_v3/revision.csv,neutral,1,neutral,1,neutral,1,compatible,media,"se está en presencia de una especie de escenario bimodal, en que junto a nuestro escenario base coexiste un escenario alternativo más perverso",Compatible con N: sin dirección respaldada. La unidad no adopta una dirección monetaria propia.,revisado,1a30c7d94cc796fe11ebeba8481c25d2716bef56fe9966c81239b4fe31e3590c,1058,desarrollo_base_v3,si,supervision_oof_control_primario
RPM-2007-09-13:1438:1,ia_base_v2,etiquetas_escalado_r9.csv,data/etiquetas/etiquetas_escalado_r9.csv,data/auditoria/revision_etiquetas_escalado_r9_v3/revision.csv,neutral,1,neutral,1,neutral,1,compatible,alta,por qué se sigue invirtiendo con cobertura total o muy cercana a ella,Compatible con N: sin dirección respaldada. La unidad no adopta una dirección monetaria propia.,revisado,677f7359b6627ec4063560abaedb37c7c381fcbaa476da8c52c5f4690c977599,521,desarrollo_base_v3,si,supervision_oof_control_primario
RPM-2007-09-13:1442:1,ia_base_v2,etiquetas_escalado_r9.csv,data/etiquetas/etiquetas_escalado_r9.csv,data/auditoria/revision_etiquetas_escalado_r9_v3/revision.csv,neutral,1,neutral,1,neutral,1,compatible,alta,hay que ajustarse simplemente a todas las variables en las ecuaciones de arbitraje,Compatible con N: sin dirección respaldada. La unidad no adopta una dirección monetaria propia.,revisado,4f032b134cda440d110e76529c9b6bfebce033f4bba29f5ecd3dc6236b745d4b,610,desarrollo_base_v3,si,supervision_oof_control_primario
RPM-2007-09-13:1452:2,ia_base_v2,etiquetas_escalado_r9.csv,data/etiquetas/etiquetas_escalado_r9.csv,data/auditoria/revision_etiquetas_escalado_r9_v3/revision.csv,neutral,1,neutral,1,neutral,1,compatible,media,una de las conclusiones que se podría sacar sobre el alza de los salarios es que es una anticipación de lo que vendrá en los próximos meses,Compatible con N: sin dirección respaldada. La unidad no adopta una dirección monetaria propia.,revisado,6d52a93b715e648f7f516e61d7ec840866ede47a51809cb160a5d78dc2254d8d,313,desarrollo_base_v3,si,supervision_oof_control_primario
RPM-2007-09-13:1456:1,ia_base_v2,etiquetas_escalado_r9.csv,data/etiquetas/etiquetas_escalado_r9.csv,data/auditoria/revision_etiquetas_escalado_r9_v3/revision.csv,neutral,0,neutral,0,neutral,0,compatible,alta,,Compatible con N/relevancia0: suspension de la sesion (logistica).,revisado,47c5cf6495a7963f9789102c761713709d803bfa616e6597fe2e21cbce8e1798,128,desarrollo_base_v3,si,supervision_oof_control_primario
RPM-2007-09-13:1456:3,ia_base_v2,etiquetas_escalado_r9.csv,data/etiquetas/etiquetas_escalado_r9.csv,data/auditoria/revision_etiquetas_escalado_r9_v3/revision.csv,neutral,0,neutral,0,neutral,0,compatible,alta,,Compatible con N/relevancia0: fijacion de fecha y aclaracion administrativa (logistica).,revisado,f038579793c03f2f2626ab5a3a62ba22f60397597cf36c90f2045a0b8b7c3a90,325,desarrollo_base_v3,si,supervision_oof_control_primario
RPM-2007-09-13:1459:1,ia_base_v2,etiquetas_escalado_r9.csv,data/etiquetas/etiquetas_escalado_r9.csv,data/auditoria/revision_etiquetas_escalado_r9_v3/revision.csv,neutral,0,neutral,0,neutral,0,compatible,alta,,Compatible con N/relevancia0: transito procedimental: solicitud de presentacion de opciones.,revisado,b55d0a8b0e2b7b0de6421f23236ff88b6f2b129fb549ce2d71105b7d1e006b5d,123,desarrollo_base_v3,si,supervision_oof_control_primario
RPM-2007-10-11:1497:1,ia_base_v2,etiquetas_escalado_r9.csv,data/etiquetas/etiquetas_escalado_r9.csv,data/auditoria/revision_etiquetas_escalado_r9_v3/revision.csv,neutral,1,neutral,1,neutral,1,compatible,alta,hay que tener cuidado y mostrar preocupación sobre el tema,Compatible con N: sin dirección respaldada. La unidad no adopta una dirección monetaria propia.,revisado,4efcabf416d7c0947f38d753288cc1d7b5aa1c27fd078784b7fca401ae147256,249,desarrollo_base_v3,si,supervision_oof_control_primario
RPM-2007-10-11:1503:3,ia_base_v2,etiquetas_escalado_r9.csv,data/etiquetas/etiquetas_escalado_r9.csv,data/auditoria/revision_etiquetas_escalado_r9_v3/revision.csv,neutral,1,neutral,1,neutral,1,compatible,alta,qué tan alejadas están éstas de las proyecciones del IPC mensual del mercado,Compatible con N: sin dirección respaldada. La unidad no adopta una dirección monetaria propia.,revisado,9652ad35491767deaaeb35fce6d4a59a65433c38c083a1c50d5073cc24cd47ba,209,desarrollo_base_v3,si,supervision_oof_control_primario
RPM-2007-10-11:1507:1,ia_base_v2,etiquetas_escalado_r9.csv,data/etiquetas/etiquetas_escalado_r9.csv,data/auditoria/revision_etiquetas_escalado_r9_v3/revision.csv,neutral,1,neutral,1,neutral,1,compatible,alta,Codelco representa el doble de las empresas privadas,Compatible con N: sin dirección respaldada. La unidad no adopta una dirección monetaria propia.,revisado,de5cd7681b038544690701c396ea678803ffbca6370dfd7c0cc4a5b2e0b9b235,440,desarrollo_base_v3,si,supervision_oof_control_primario
RPM-2007-11-13:1536:1,ia_base_v2,etiquetas_escalado_r9.csv,data/etiquetas/etiquetas_escalado_r9.csv,data/auditoria/revision_etiquetas_escalado_r9_v3/revision.csv,neutral,1,neutral,1,neutral,1,compatible,alta,Chile ha sido más bien sensible a shocks de términos de intercambio que a shocks financieros en los últimos años,Compatible con N: sin dirección respaldada. La unidad no adopta una dirección monetaria propia.,revisado,93946a91cdfba862b954c5feffc726292999c4d7138470948cdf851c3c1faafa,978,desarrollo_base_v3,si,supervision_oof_control_primario
RPM-2007-11-13:1545:1,ia_base_v2,etiquetas_escalado_r9.csv,data/etiquetas/etiquetas_escalado_r9.csv,data/auditoria/revision_etiquetas_escalado_r9_v3/revision.csv,neutral,1,neutral,1,neutral,1,compatible,alta,"si se deshace el shock inicial de un trimestre, tendría un impacto de 75 puntos base en la Tasa de Política Monetaria",Compatible con N: sin dirección respaldada. La unidad no adopta una dirección monetaria propia.,revisado,e94f24a8975778c58160067c9d15b3e81ebde55f031d847e297fb9c5969a110f,241,desarrollo_base_v3,si,supervision_oof_control_primario
RPM-2007-11-13:1548:1,ia_base_v2,etiquetas_escalado_r9.csv,data/etiquetas/etiquetas_escalado_r9.csv,data/auditoria/revision_etiquetas_escalado_r9_v3/revision.csv,neutral,1,neutral,1,neutral,1,compatible,alta,la Regla de Taylor en el Modelo Económico de Proyección mira hacia delante,Compatible con N: sin dirección respaldada. La unidad no adopta una dirección monetaria propia.,revisado,dd7f5dcdb000fbd1e724cca241205c17ac2f4fb8ed55dac26ed6534e153bf774,625,desarrollo_base_v3,si,supervision_oof_control_primario
RPM-2007-11-13:1556:1,ia_base_v2,etiquetas_escalado_r9.csv,data/etiquetas/etiquetas_escalado_r9.csv,data/auditoria/revision_etiquetas_escalado_r9_v3/revision.csv,neutral,0,neutral,0,neutral,0,compatible,alta,,Compatible con N/relevancia0: ofrecimiento de la palabra.,revisado,dd89576acb3de1d63b81dd702ba9a8ab0f5e6cfaab901fe8a0cf768e4c3dc78b,267,desarrollo_base_v3,si,supervision_oof_control_primario
RPM-2007-12-13:1607:2,ia_base_v2,etiquetas_escalado_r9.csv,data/etiquetas/etiquetas_escalado_r9.csv,data/auditoria/revision_etiquetas_escalado_r9_v3/revision.csv,dovish,1,dovish,1,neutral,1,cambio_etiqueta,media,"tiende a recomendar en el margen una política más parsimoniosa y valorar, como dijo el señor Klaus Schmidt-Hebbel, la opción de esperar","Ante riesgos contrapuestos recomienda esperar, sin adoptar una baja ni defender una orientación expansiva. Una opción más parsimoniosa frente al alza no basta para D: N.",revisado,687a2bc08072a3fcf7d88f1f1bbf02ddbf6ad280c33291cd7b3b0ae217f55cfb,2271,desarrollo_base_v3,si,supervision_oof_control_primario
RPM-2007-12-13:1611:1,ia_base_v2,etiquetas_escalado_r9.csv,data/etiquetas/etiquetas_escalado_r9.csv,data/auditoria/revision_etiquetas_escalado_r9_v3/revision.csv,hawkish,1,hawkish,1,hawkish,1,compatible,alta,vota en esta ocasión por un aumento de 25 puntos base en la Tasa de Política Monetaria,Compatible con hawkish: dirección respaldada en la unidad. No depende solo del menú o fase.,revisado,25a25e813bc6236b289c511d5de9470fd3a8c36adb1dccc707e205a308b43b46,5030,desarrollo_base_v3,si,supervision_oof_control_primario
RPM-2007-12-13:1613:1,ia_base_v2,etiquetas_escalado_r9.csv,data/etiquetas/etiquetas_escalado_r9.csv,data/auditoria/revision_etiquetas_escalado_r9_v3/revision.csv,hawkish,1,hawkish,1,hawkish,1,compatible,alta,cree que se justifica un alza de la tasa de interés de 25 puntos base,Compatible con hawkish: dirección respaldada en la unidad. No depende solo del menú o fase.,revisado,1f5bca229ca871927795c79393d760e238b7a2cc60b57c1f1ed25d87b9c144c5,4461,desarrollo_base_v3,si,supervision_oof_control_primario
RPM-2008-02-07:1648:2,ia_base_v2,etiquetas_escalado_r9.csv,data/etiquetas/etiquetas_escalado_r9.csv,data/auditoria/revision_etiquetas_escalado_r9_v3/revision.csv,neutral,1,neutral,1,neutral,1,compatible,alta,también hay presiones desde el punto de vista de otros alimentos,Compatible con N: sin dirección respaldada. La unidad no adopta una dirección monetaria propia.,revisado,94cde70b404d461b6c8bc90dc4ebd6aa1cc214a3c4c46c48364c8410e45ec187,466,desarrollo_base_v3,si,supervision_oof_control_primario
RPM-2008-02-07:1652:4,ia_base_v2,etiquetas_escalado_r9.csv,data/etiquetas/etiquetas_escalado_r9.csv,data/auditoria/revision_etiquetas_escalado_r9_v3/revision.csv,neutral,1,neutral,1,neutral,1,compatible,alta,"si se está en medio de una crisis de liquidez, la tasa de interés que se considera no es la Libor más un spread normal",Compatible con N: sin dirección respaldada. La unidad no adopta una dirección monetaria propia.,revisado,b8333175d9f1224dc9d9f0a8574c0c06a78c1468bb5a2b59ae380c576c3a4a3b,586,desarrollo_base_v3,si,supervision_oof_control_primario
RPM-2008-03-13:1719:1,ia_base_v2,etiquetas_escalado_r9.csv,data/etiquetas/etiquetas_escalado_r9.csv,data/auditoria/revision_etiquetas_escalado_r9_v3/revision.csv,neutral,1,neutral,1,neutral,1,compatible,alta,consulta si el tipo de cambio afecta a los costos marginales,Compatible con N: sin dirección respaldada. La unidad no adopta una dirección monetaria propia.,revisado,8b1d47edb79ccfd568ff09ea7e2818b1817f309f4b0637d526112de6b83c701e,81,desarrollo_base_v3,si,supervision_oof_control_primario
RPM-2008-04-10:1774:1,ia_base_v2,etiquetas_escalado_r9.csv,data/etiquetas/etiquetas_escalado_r9.csv,data/auditoria/revision_etiquetas_escalado_r9_v3/revision.csv,neutral,1,neutral,1,neutral,1,compatible,alta,se considera que las opciones más plausibles para esta ocasión son un incremento de la Tasa de Política Monetaria de 25 puntos base o su mantención en el nivel actual,Compatible con N: sin dirección respaldada. La unidad no adopta una dirección monetaria propia.,revisado,d4251d043fe5a70bb0be073b16df492d08c235b67f6639b60981b6da9fdd9dbf,9356,desarrollo_base_v3,si,supervision_oof_control_primario
RPM-2008-08-14:2042:1,ia_base_v2,etiquetas_escalado_r9.csv,data/etiquetas/etiquetas_escalado_r9.csv,data/auditoria/revision_etiquetas_escalado_r9_v3/revision.csv,hawkish,1,hawkish,1,hawkish,1,compatible,alta,el Consejero señor Manuel Marfán vota por aumentar en 50 puntos base la Tasa de Política Monetaria,Compatible con hawkish: dirección respaldada en la unidad. No depende solo del menú o fase.,revisado,3e613a519fda7a490dc0cf1ee08dbd5926053b5d35e83b6e80dc9ad06150a737,4263,desarrollo_base_v3,si,supervision_oof_control_primario
RPM-2008-10-09:2101:1,ia_base_v2,etiquetas_escalado_r9.csv,data/etiquetas/etiquetas_escalado_r9.csv,data/auditoria/revision_etiquetas_escalado_r9_v3/revision.csv,neutral,0,neutral,0,neutral,0,compatible,alta,,Compatible con N/relevancia0: encabezado de acta: lista de asistentes y fecha.,revisado,c467377229d7e2655ed5c13c466154c24618302a0c8b420f0a7d5e2385af05ec,1493,desarrollo_base_v3,si,supervision_oof_control_primario
RPM-2008-11-13:2138:1,ia_base_v2,etiquetas_escalado_r9.csv,data/etiquetas/etiquetas_escalado_r9.csv,data/auditoria/revision_etiquetas_escalado_r9_v3/revision.csv,neutral,1,neutral,1,neutral,1,compatible,alta,"las distintas medidas de expectativas de mercado respecto de la Tasa de Política Monetaria apuntan a que ésta se mantendrá en 8,25% hasta fines de este año",Compatible con N: sin dirección respaldada. La unidad no adopta una dirección monetaria propia.,revisado,1af541b6b09f85b5cbc0deb7e3f1c940c4397b77ef4b039017d7f90bb10492ec,15139,desarrollo_base_v3,si,supervision_oof_control_primario
RPM-2008-11-13:2140:1,ia_base_v2,etiquetas_escalado_r9.csv,data/etiquetas/etiquetas_escalado_r9.csv,data/auditoria/revision_etiquetas_escalado_r9_v3/revision.csv,neutral,1,neutral,1,neutral,1,compatible,alta,consulta si esta proyección a 48 meses significa la tasa en cuatro años,Compatible con N: sin dirección respaldada. La unidad no adopta una dirección monetaria propia.,revisado,0b557daec5aa4324f7015f3f0ef6f5bd5dce1ca625db3a614175a5039078c1ec,142,desarrollo_base_v3,si,supervision_oof_control_primario
RPM-2008-11-13:2162:3,ia_base_v2,etiquetas_escalado_r9.csv,data/etiquetas/etiquetas_escalado_r9.csv,data/auditoria/revision_etiquetas_escalado_r9_v3/revision.csv,neutral,1,neutral,1,neutral,1,compatible,alta,lo interesante es que el encargado de Hacienda de la Cámara de Representantes de Estados Unidos de América se manifestó muy contrario,Compatible con N: sin dirección respaldada. La unidad no adopta una dirección monetaria propia.,revisado,659f8b67d3716323b450ce231f1351dbbbba33ed9704f88eaff036fe779ec08b,279,desarrollo_base_v3,si,supervision_oof_control_primario
RPM-2008-12-11:2206:3,ia_base_v2,etiquetas_escalado_r9.csv,data/etiquetas/etiquetas_escalado_r9.csv,data/auditoria/revision_etiquetas_escalado_r9_v3/revision.csv,neutral,1,neutral,1,neutral,1,compatible,alta,efectivamente hay una diferencia en la composición de los días,Compatible con N: sin dirección respaldada. La unidad no adopta una dirección monetaria propia.,revisado,0b8982efe975ececf63a05c433689710e52fdd8653143974a6735d32279aca3a,118,desarrollo_base_v3,si,supervision_oof_control_primario
RPM-2005-01-11:24:1,ia_base_v2,etiquetas_piloto_r1.csv,data/etiquetas/etiquetas_piloto_r1.csv,data/auditoria/revision_etiquetas_piloto_r1_v3/revision.csv,neutral,1,neutral,1,neutral,1,compatible,alta,"un tema que se ha discutido a través del Informe de Política Monetaria, pero que es bueno que se vea de nuevo, es aquel de la evolución del tipo de cambio nominal que tenemos prevista",Compatible con N: sin dirección respaldada. La unidad no adopta una dirección monetaria propia.,revisado,d652ba37bfef960f5f936ad5385a3f99f8fd58d8628fd32b64a9575271cdaf6d,354,desarrollo_base_v3,si,supervision_oof_control_primario
RPM-2005-01-11:45:1,ia_base_v2,etiquetas_piloto_r1.csv,data/etiquetas/etiquetas_piloto_r1.csv,data/auditoria/revision_etiquetas_piloto_r1_v3/revision.csv,neutral,1,neutral,1,neutral,1,compatible,alta,"recuerda que en ediciones pasadas, de los últimos meses, sí han habido opciones de 50 puntos base",Compatible con N: comentario sobre edición de la comunicación (R2). La unidad no adopta una dirección monetaria propia.,revisado,b1a4a703a24186603d7e3ffbf8bb9157af20a04e40aa6992c838e3de3e1a62b7,184,desarrollo_base_v3,si,supervision_oof_control_primario
RPM-2005-01-11:48:1,ia_base_v2,etiquetas_piloto_r1.csv,data/etiquetas/etiquetas_piloto_r1.csv,data/auditoria/revision_etiquetas_piloto_r1_v3/revision.csv,neutral,1,neutral,1,neutral,1,compatible,alta,"piensa que realmente va a ser dicho documento el que va a recibir el escrutinio público. En su opinión, no le parece que sea esta Acta lo que llame la atención",Compatible con N: tema de transparencia y publicación (R2). La unidad no adopta una dirección monetaria propia.,revisado,9c738dfa87f6bbeae3fb5de08feba2011902ce92ca0110231fb235b37a835a4d,463,desarrollo_base_v3,si,supervision_oof_control_primario
RPM-2005-02-10:118:1,ia_base_v2,etiquetas_piloto_r1.csv,data/etiquetas/etiquetas_piloto_r1.csv,data/auditoria/revision_etiquetas_piloto_r1_v3/revision.csv,neutral,0,neutral,0,neutral,0,compatible,alta,,Compatible con N/relevancia0: reanudación de sesión,revisado,6c497b388ca66b875d1f547ec0cd65201b1c95a2f2acd33df7b29d556e5bda2a,150,desarrollo_base_v3,si,supervision_oof_control_primario
RPM-2005-02-10:121:1,ia_base_v2,etiquetas_piloto_r1.csv,data/etiquetas/etiquetas_piloto_r1.csv,data/auditoria/revision_etiquetas_piloto_r1_v3/revision.csv,hawkish,1,hawkish,1,hawkish,1,compatible,media,resulta recomendable continuar transitando hacia una política monetaria más neutral desde el actual nivel considerablemente expansivo,Compatible con hawkish: staff con recomendación de endurecimiento gradual (R5). La dirección está respaldada en la unidad y no depende solo del menú o fase.,revisado,909e4d232377b44d6504ce78ff059476ef40e57c159335d830df309f42fc75c1,3940,desarrollo_base_v3,si,supervision_oof_control_primario
RPM-2005-02-10:124:1,ia_base_v2,etiquetas_piloto_r1.csv,data/etiquetas/etiquetas_piloto_r1.csv,data/auditoria/revision_etiquetas_piloto_r1_v3/revision.csv,neutral,1,neutral,1,neutral,1,compatible,media,"se proyecta una normalización de la tasa de política monetaria, llegando a 5,0% a fines de este año",Compatible con N: reporte de trayectoria del escenario base; no recomendación (R5). La unidad no adopta una dirección monetaria propia.,revisado,6c2e1c77afd6543937813ca029845363ea35a8e959d3ba423e160e5d0ea70f6d,2291,desarrollo_base_v3,si,supervision_oof_control_primario
RPM-2005-02-10:60:1,ia_base_v2,etiquetas_piloto_r1.csv,data/etiquetas/etiquetas_piloto_r1.csv,data/auditoria/revision_etiquetas_piloto_r1_v3/revision.csv,neutral,1,neutral,1,neutral,1,compatible,alta,"Estas noticias, sin embargo, son todavía insuficientes como para motivar una revisión significativa del cuadro de proyecciones de mediano plazo",Compatible con N: exposición informativa del staff (R5). La unidad no adopta una dirección monetaria propia.,revisado,d3f787600705c820eea83cef21c553b0a7c169e87fb57b7d74ac62c4622d3c40,806,desarrollo_base_v3,si,supervision_oof_control_primario
RPM-2005-02-10:73:1,ia_base_v2,etiquetas_piloto_r1.csv,data/etiquetas/etiquetas_piloto_r1.csv,data/auditoria/revision_etiquetas_piloto_r1_v3/revision.csv,neutral,0,neutral,0,neutral,0,compatible,alta,,Compatible con N/relevancia0: ofrecimiento de la palabra; sin contenido evaluable,revisado,b6e6f46deb394df36a53af6d15cd16d1d885cdb519a80c3ef523ae0bd4e2986b,105,desarrollo_base_v3,si,supervision_oof_control_primario
RPM-2005-02-10:87:1,ia_base_v2,etiquetas_piloto_r1.csv,data/etiquetas/etiquetas_piloto_r1.csv,data/auditoria/revision_etiquetas_piloto_r1_v3/revision.csv,neutral,1,neutral,1,neutral,1,compatible,alta,"la tasa de participación ha subido en torno a un punto porcentual en seis meses, lo cual es completamente inusual en el largo plazo",Compatible con N: dato de mercado laboral sin implicancia (R2). La unidad no adopta una dirección monetaria propia.,revisado,d9b8b7927a5f946135b6989df6054d77934b2d0d39e87e810fc2edb889324db3,374,desarrollo_base_v3,si,supervision_oof_control_primario
RPM-2005-03-10:165:1,ia_base_v2,etiquetas_piloto_r1.csv,data/etiquetas/etiquetas_piloto_r1.csv,data/auditoria/revision_etiquetas_piloto_r1_v3/revision.csv,neutral,1,neutral,1,neutral,1,compatible,media,"parecería que tendremos mayores niveles inflacionarios que en otros ciclos, lo que puede ser bueno porque el tipo de cambio real se apreciaría",Compatible con N: discusión de mecanismos sin dirección de política (R2). La unidad no adopta una dirección monetaria propia.,revisado,e40a33f4fcb969d11a58aa86bb1127e068080a0869d8fefbd0c925083951988a,435,desarrollo_base_v3,si,supervision_oof_control_primario
RPM-2005-03-10:180:1,ia_base_v2,etiquetas_piloto_r1.csv,data/etiquetas/etiquetas_piloto_r1.csv,data/auditoria/revision_etiquetas_piloto_r1_v3/revision.csv,neutral,1,neutral,1,neutral,1,compatible,media,habría que tomar en consideración esos escenarios de manera de no aparecer también sobrerreaccionando,Compatible con N: balance de riesgos con cautela táctica (R4). La unidad no adopta una dirección monetaria propia.,revisado,78a9eccfa0e38e54f4de38791765728007a3108bbd9cfe3642fa90e71e1851a7,643,desarrollo_base_v3,si,supervision_oof_control_primario
RPM-2005-04-07:207:10,ia_base_v2,etiquetas_piloto_r1.csv,data/etiquetas/etiquetas_piloto_r1.csv,data/auditoria/revision_etiquetas_piloto_r1_v3/revision.csv,neutral,0,neutral,0,neutral,0,compatible,alta,,Compatible con N/relevancia0: ofrecimiento de la palabra; sin contenido evaluable,revisado,db6a262bcb6ba088ad43fdf94a7086d6691c01f684e740de020c6364825c946d,79,desarrollo_base_v3,si,supervision_oof_control_primario
RPM-2005-05-12:240:1,ia_base_v2,etiquetas_piloto_r1.csv,data/etiquetas/etiquetas_piloto_r1.csv,data/auditoria/revision_etiquetas_piloto_r1_v3/revision.csv,neutral,1,neutral,1,neutral,1,compatible,media,"si los agentes no están de acuerdo con que la presión inflacionaria coincide con sus expectativas, van a comprar BCP. El punto que plantea es que, probablemente, esto no es instantáneo",Compatible con N: arbitraje técnico de expectativas (R2). La unidad no adopta una dirección monetaria propia.,revisado,9376cfba8bff0f9748535cc520b4454f23f82927f9afeb751549b9f581e014a8,844,desarrollo_base_v3,si,supervision_oof_control_primario
RPM-2005-08-11:316:1,ia_base_v2,etiquetas_piloto_r1.csv,data/etiquetas/etiquetas_piloto_r1.csv,data/auditoria/revision_etiquetas_piloto_r1_v3/revision.csv,neutral,1,neutral,1,neutral,1,compatible,alta,"el Ministro de Hacienda, señor Nicolás Eyzaguirre consulta sobre el rango previsto para el crecimiento del PIB durante el año 2005",Compatible con N: consulta de dato de proyección. La unidad no adopta una dirección monetaria propia.,revisado,1bd5e66946fabd4caa029d41b5ab258dea221204d88e5b8666a055b8fdb38995,427,desarrollo_base_v3,si,supervision_oof_control_primario
RPM-2005-10-11:405:1,ia_base_v2,etiquetas_piloto_r1.csv,data/etiquetas/etiquetas_piloto_r1.csv,data/auditoria/revision_etiquetas_piloto_r1_v3/revision.csv,neutral,0,neutral,0,neutral,0,compatible,alta,,Compatible con N/relevancia0: ofrecimiento de la palabra,revisado,ba458f42797c06cdd3009ba654508c6f3febad77e57ab69e028482a71aad48dc,49,desarrollo_base_v3,si,supervision_oof_control_primario
RPM-2005-10-11:436:1,ia_base_v2,etiquetas_piloto_r1.csv,data/etiquetas/etiquetas_piloto_r1.csv,data/auditoria/revision_etiquetas_piloto_r1_v3/revision.csv,neutral,0,neutral,0,neutral,0,compatible,alta,,Compatible con N/relevancia0: suspensión y reanudación de sesión,revisado,243697ebcd946be505ac3af2350ce78bab2405e9e23f05c16295680268464a13,128,desarrollo_base_v3,si,supervision_oof_control_primario
RPM-2005-11-10:479:1,ia_base_v2,etiquetas_piloto_r1.csv,data/etiquetas/etiquetas_piloto_r1.csv,data/auditoria/revision_etiquetas_piloto_r1_v3/revision.csv,neutral,1,neutral,1,neutral,1,compatible,alta,"los bancos están obteniendo, como ocurre en otros países del mundo, rentabilidad más bien por el lado de sus tasas de interés en la captación de fondos que por efectos de las comisiones",Compatible con N: análisis estructural de la banca (R2). La unidad no adopta una dirección monetaria propia.,revisado,f52ce5ce9ea93fb6b3e9b74d2e3acc5f2ba7f75120dcc181739f0d8e24fdbcc3,641,desarrollo_base_v3,si,supervision_oof_control_primario
RPM-2005-11-10:500:1,ia_base_v2,etiquetas_piloto_r1.csv,data/etiquetas/etiquetas_piloto_r1.csv,data/auditoria/revision_etiquetas_piloto_r1_v3/revision.csv,hawkish,1,hawkish,1,hawkish,1,compatible,alta,el señor Consejero señala que vota por aumentar la tasa de política monetaria en 25 puntos base en el día de hoy,Compatible con hawkish: voto explícito de alza (R1). La dirección está respaldada en la unidad y no depende solo del menú o fase.,revisado,e961ce03093b5bb1b39343e6751bc58d10cf7ef5758fdd114ff52e33083dcf2d,3668,desarrollo_base_v3,si,supervision_oof_control_primario
RPM-2005-11-10:503:2,ia_base_v2,etiquetas_piloto_r1.csv,data/etiquetas/etiquetas_piloto_r1.csv,data/auditoria/revision_etiquetas_piloto_r1_v3/revision.csv,neutral,0,neutral,0,neutral,0,compatible,alta,,Compatible con N/relevancia0: fórmula de adopción del acuerdo; sin argumentos,revisado,2eb08d25a267a6896f1673466a6b0d1ed191f9e4b0058e60be312fcadeb35766,142,desarrollo_base_v3,si,supervision_oof_control_primario
RPM-2005-12-13:516:7,ia_base_v2,etiquetas_piloto_r1.csv,data/etiquetas/etiquetas_piloto_r1.csv,data/auditoria/revision_etiquetas_piloto_r1_v3/revision.csv,neutral,1,neutral,1,neutral,1,compatible,alta,"en esta oportunidad se tiene más evidencia, que en ocasiones anteriores, que la acción de los extranjeros ha sido importante por los números que tenemos en los forwards",Compatible con N: comentario técnico de mercado (R2). La unidad no adopta una dirección monetaria propia.,revisado,0f4abae471b46df466f379213c2523d6cad01c32a9a8919fac387f9f83b704b5,567,desarrollo_base_v3,si,supervision_oof_control_primario
RPM-2006-01-12:527:1,ia_base_v2,etiquetas_piloto_r1.csv,data/etiquetas/etiquetas_piloto_r1.csv,data/auditoria/revision_etiquetas_piloto_r1_v3/revision.csv,neutral,0,neutral,0,neutral,0,compatible,alta,,Compatible con N/relevancia0: encabezado formal del acta con asistencia,revisado,ba94e31900d0767937fb43bdedca7817946a1838f4dcbd241d86797762b245c6,1607,desarrollo_base_v3,si,supervision_oof_control_primario
RPM-2006-01-12:571:1,ia_base_v2,etiquetas_piloto_r1.csv,data/etiquetas/etiquetas_piloto_r1.csv,data/auditoria/revision_etiquetas_piloto_r1_v3/revision.csv,hawkish,1,hawkish,1,hawkish,1,compatible,alta,"se inclina a favor de la opción de aumentar la tasa de política monetaria en 25 puntos base, en el día de hoy y, por consiguiente, vota en tal sentido",Compatible con hawkish: voto explícito de alza (R1). La dirección está respaldada en la unidad y no depende solo del menú o fase.,revisado,766ad0a170656731c03760231859c0bc002f3eafa9396497abfaa09355295b47,4683,desarrollo_base_v3,si,supervision_oof_control_primario
RPM-2006-02-09:587:9,ia_base_v2,etiquetas_piloto_r1.csv,data/etiquetas/etiquetas_piloto_r1.csv,data/auditoria/revision_etiquetas_piloto_r1_v3/revision.csv,neutral,0,neutral,0,neutral,0,compatible,alta,,Compatible con N/relevancia0: reanudación de sesión,revisado,4d83ae24c95822604d38d0ac9bb1074caa331096cd67a8c9f6d5de1dc0a42650,73,desarrollo_base_v3,si,supervision_oof_control_primario
RPM-2006-03-16:601:2,ia_base_v2,etiquetas_piloto_r1.csv,data/etiquetas/etiquetas_piloto_r1.csv,data/auditoria/revision_etiquetas_piloto_r1_v3/revision.csv,neutral,1,neutral,1,neutral,1,compatible,alta,en enero destacó el crecimiento de la actividad industrial,Compatible con N: exposición informativa del staff (R5). La unidad no adopta una dirección monetaria propia.,revisado,a44dc683543862b02d80757fe05e2e08cf813c8de753c029ad6773e4240f619a,3688,desarrollo_base_v3,si,supervision_oof_control_primario
RPM-2006-04-13:632:2,ia_base_v2,etiquetas_piloto_r1.csv,data/etiquetas/etiquetas_piloto_r1.csv,data/auditoria/revision_etiquetas_piloto_r1_v3/revision.csv,neutral,1,neutral,1,neutral,1,compatible,alta,el señor Ministro de Hacienda consulta si la explicación del alza en el EMBI es solamente tasa de interés,Compatible con N: consulta puntual de mercado. La unidad no adopta una dirección monetaria propia.,revisado,2496272558c98725c5090fd8a060e8fa9b60d6993f9efe236084c4ed0c9764c2,122,desarrollo_base_v3,si,supervision_oof_control_primario
RPM-2006-04-13:643:2,ia_base_v2,etiquetas_piloto_r1.csv,data/etiquetas/etiquetas_piloto_r1.csv,data/auditoria/revision_etiquetas_piloto_r1_v3/revision.csv,neutral,1,neutral,1,neutral,1,compatible,alta,estos escenarios se pueden revisar para el IPoM. Agrega que el otro problema es que si se gatillan o no cláusulas de reajustabilidad en algunos sectores,Compatible con N: comentario metodológico de proyección. La unidad no adopta una dirección monetaria propia.,revisado,a52fe5067020441e5a595c747df94eed49a6f4e0ffb1846bc0c25964ba074c50,204,desarrollo_base_v3,si,supervision_oof_control_primario
RPM-2006-04-13:644:3,ia_base_v2,etiquetas_piloto_r1.csv,data/etiquetas/etiquetas_piloto_r1.csv,data/auditoria/revision_etiquetas_piloto_r1_v3/revision.csv,neutral,0,neutral,0,neutral,0,compatible,alta,,Compatible con N/relevancia0: ofrecimiento de la palabra; solicita presentación de opciones,revisado,b3ff1817dea9eb7864319c60cbed66f234e770af2666d85364a14f898558c2ce,161,desarrollo_base_v3,si,supervision_oof_control_primario
RPM-2006-04-13:644:8,ia_base_v2,etiquetas_piloto_r1.csv,data/etiquetas/etiquetas_piloto_r1.csv,data/auditoria/revision_etiquetas_piloto_r1_v3/revision.csv,neutral,1,neutral,1,neutral,1,compatible,alta,el aumento del ingreso disponible privado se basa en estimaciones presentadas en una minuta de la División Estudios de hace dos semanas atrás,Compatible con N: respuesta técnica sobre estimaciones. La unidad no adopta una dirección monetaria propia.,revisado,159b9bfe3e0aebec91cf68d80891c946c185117ef224bf4bbdeadeb4e557c9d0,304,desarrollo_base_v3,si,supervision_oof_control_primario
RPM-2006-06-15:691:1,ia_base_v2,etiquetas_piloto_r1.csv,data/etiquetas/etiquetas_piloto_r1.csv,data/auditoria/revision_etiquetas_piloto_r1_v3/revision.csv,neutral,1,neutral,1,neutral,1,compatible,alta,"si uno observa en perspectiva, el precio del cobre está bastante cercano a los niveles de abril, en cambio el IPSA está en niveles de principios enero",Compatible con N: observación de mercado sin implicancia (R2). La unidad no adopta una dirección monetaria propia.,revisado,94f302a6a1f601073ebfee883b770f5c34f568c6b67c37d1c56eb7e76d4c9e91,317,desarrollo_base_v3,si,supervision_oof_control_primario
RPM-2006-06-15:715:1,ia_base_v2,etiquetas_piloto_r1.csv,data/etiquetas/etiquetas_piloto_r1.csv,data/auditoria/revision_etiquetas_piloto_r1_v3/revision.csv,neutral,1,neutral,1,neutral,1,compatible,alta,"va a mostrar mayor crecimiento del empleo porque la muestra es distinta, pero también va a mostrar mayores tasas de desempleo",Compatible con N: discusión de cambio de muestra de empleo (R2). La unidad no adopta una dirección monetaria propia.,revisado,9b99d9799f5365ea01c63457f2792a58fce0338825c4c92f9606bf41b1232da2,220,desarrollo_base_v3,si,supervision_oof_control_primario
RPM-2006-06-15:718:1,ia_base_v2,etiquetas_piloto_r1.csv,data/etiquetas/etiquetas_piloto_r1.csv,data/auditoria/revision_etiquetas_piloto_r1_v3/revision.csv,neutral,1,neutral,1,neutral,1,compatible,alta,"las muestras se están cambiando, y agrega que si no sucede algún cambio de aquí a seis meses van coexistir ambas muestras",Compatible con N: tema estadístico de muestras. La unidad no adopta una dirección monetaria propia.,revisado,cca4b7b46db06027740e04565ea221d9a88643ff83287788499edec53f8d24da,170,desarrollo_base_v3,si,supervision_oof_control_primario
RPM-2006-07-13:745:6,ia_base_v2,etiquetas_piloto_r1.csv,data/etiquetas/etiquetas_piloto_r1.csv,data/auditoria/revision_etiquetas_piloto_r1_v3/revision.csv,neutral,1,neutral,1,neutral,1,compatible,alta,"las refinerías están operando con márgenes de capacidad bastante estrechos, por una subinversión en ese rubro, y ello ha llevado a una vulnerabilidad en esa área",Compatible con N: análisis sectorial externo (R3). La unidad no adopta una dirección monetaria propia.,revisado,5c9243c929c66aeda3a24fa9846ffad41cc2a718b6e41811157593a45f4e3645,406,desarrollo_base_v3,si,supervision_oof_control_primario
RPM-2006-07-13:761:1,ia_base_v2,etiquetas_piloto_r1.csv,data/etiquetas/etiquetas_piloto_r1.csv,data/auditoria/revision_etiquetas_piloto_r1_v3/revision.csv,neutral,1,neutral,1,neutral,1,compatible,alta,"en las proyecciones que surgen de un modelo, los agregados no se usan, pero en las discusiones sí se utilizan y con ponderadores que se tienen en mente",Compatible con N: discusión metodológica sobre agregados. La unidad no adopta una dirección monetaria propia.,revisado,d7c5abe697b2f5c75979075b785c68e1d94ecf69addf334fdacb464e25d09ca2,505,desarrollo_base_v3,si,supervision_oof_control_primario
RPM-2006-08-10:806:1,ia_base_v2,etiquetas_piloto_r1.csv,data/etiquetas/etiquetas_piloto_r1.csv,data/auditoria/revision_etiquetas_piloto_r1_v3/revision.csv,neutral,1,neutral,1,neutral,1,compatible,media,le parece que el escenario central sigue siendo favorable,Compatible con N: lectura del escenario externo sin implicancia explícita (R3). La unidad no adopta una dirección monetaria propia.,revisado,e945b675fa2e8ecb7553c8405508c8ee199856d7c5f981f1a6fa3ce53e825d48,1037,desarrollo_base_v3,si,supervision_oof_control_primario
RPM-2006-08-10:808:1,ia_base_v2,etiquetas_piloto_r1.csv,data/etiquetas/etiquetas_piloto_r1.csv,data/auditoria/revision_etiquetas_piloto_r1_v3/revision.csv,neutral,1,neutral,1,neutral,1,compatible,alta,la velocidad de expansión del IPCX1 se mantuvo en cifras del orden de 2% anualizado,Compatible con N: exposición informativa extensa del staff (R5). La unidad no adopta una dirección monetaria propia.,revisado,dbd24345a8032dee44fe00cddc7109021991509c3103f5fc968969ba792a733d,10320,desarrollo_base_v3,si,supervision_oof_control_primario
RPM-2006-09-07:835:1,ia_base_v2,etiquetas_piloto_r1.csv,data/etiquetas/etiquetas_piloto_r1.csv,data/auditoria/revision_etiquetas_piloto_r1_v3/revision.csv,neutral,1,neutral,1,neutral,1,compatible,alta,"consulta que si de los gráficos que se han mostrado sobre la trayectoria del precio del petróleo en nuestro escenario del IPoM, se concluye que éste terminaría el año en US$ 65 y cuál sería el precio actual",Compatible con N: consulta de supuesto de precio de petróleo. La unidad no adopta una dirección monetaria propia.,revisado,5006a2c4ef6825fc45fc98d0c7bde22fbb4e53178ef3cf75b874546bb39b65d3,249,desarrollo_base_v3,si,supervision_oof_control_primario
RPM-2006-09-07:857:1,ia_base_v2,etiquetas_piloto_r1.csv,data/etiquetas/etiquetas_piloto_r1.csv,data/auditoria/revision_etiquetas_piloto_r1_v3/revision.csv,neutral,1,neutral,1,neutral,1,compatible,alta,"en cuanto a la tasa de desempleo, éste ha tenido una caída bastante prolongada, llegando a tasas de 8,1%",Compatible con N: dato de mercado laboral (R2). La unidad no adopta una dirección monetaria propia.,revisado,346d8e7b517abef860ab2b55f8221057d1f73c0434eeb4c648686df195734321,506,desarrollo_base_v3,si,supervision_oof_control_primario
RPM-2006-09-07:873:1,ia_base_v2,etiquetas_piloto_r1.csv,data/etiquetas/etiquetas_piloto_r1.csv,data/auditoria/revision_etiquetas_piloto_r1_v3/revision.csv,dovish,1,dovish,1,hawkish,1,cambio_etiqueta,media,"los ajustes, aún considerados como necesarios en un horizonte de mediano o largo plazo, podrían resultar bastante más distanciados en el tiempo que lo previsto con anterioridad","Mantiene hoy, pero respalda que los ajustes al alza siguen siendo necesarios aunque más distantes. La trayectoria propia es H; no D por una pausa más larga.",revisado,f318d0eea8c1c15215947b1cad6e75c4b7f94b7b9c3e70fbbb2cafc889b33d20,5440,desarrollo_base_v3,si,supervision_oof_control_primario
RPM-2006-10-12:941:1,ia_base_v2,etiquetas_piloto_r1.csv,data/etiquetas/etiquetas_piloto_r1.csv,data/auditoria/revision_etiquetas_piloto_r1_v3/revision.csv,neutral,1,neutral,1,neutral,1,compatible,media,"no hay razones para subir ni para bajar la tasa de política monetaria. Por lo tanto, lo más prudente cree que es su mantención",Compatible con N: voto de mantención equilibrado; discute sesgo comunicacional (R4). La unidad no adopta una dirección monetaria propia.,revisado,7b3da3a7763eac08a70b2b3f0d3d9e9a2244bc3928b9be61377127374175901a,2134,desarrollo_base_v3,si,supervision_oof_control_primario
RPM-2006-12-14:1017:1,ia_base_v2,etiquetas_piloto_r1.csv,data/etiquetas/etiquetas_piloto_r1.csv,data/auditoria/revision_etiquetas_piloto_r1_v3/revision.csv,neutral,1,neutral,1,neutral,1,compatible,media,"la única opción razonable, y en esto coincide plenamente con la Minuta, es mantener la tasa en su actual nivel",Compatible con N: descarta explícitamente subir y bajar (R4). La unidad no adopta una dirección monetaria propia.,revisado,fb5f7b87e27e8783960f16b75a4ae08d9e45940e8f2b728b19d9249d28c00b3a,6728,desarrollo_base_v3,si,supervision_oof_control_primario
RPM-2007-01-11:1030:1,ia_base_v2,etiquetas_piloto_r1.csv,data/etiquetas/etiquetas_piloto_r1.csv,data/auditoria/revision_etiquetas_piloto_r1_v3/revision.csv,neutral,1,neutral,1,neutral,1,compatible,alta,detrás de este tema no está una desaceleración mundial ni tampoco se descubrió una nueva mina,Compatible con N: comentario sobre precio del cobre (R2). La unidad no adopta una dirección monetaria propia.,revisado,33774f09b360b24e922af94879e296b7de6cd2958594a75346989753273e25a9,219,desarrollo_base_v3,si,supervision_oof_control_primario
RPM-2007-01-11:1047:5,ia_base_v2,etiquetas_piloto_r1.csv,data/etiquetas/etiquetas_piloto_r1.csv,data/auditoria/revision_etiquetas_piloto_r1_v3/revision.csv,neutral,0,neutral,0,neutral,0,compatible,alta,,Compatible con N/relevancia0: ofrecimiento de la palabra,revisado,f5fe29c0fdc559632b0d6e758bae5cd9658bf4b230891615323d7d239cbc3000,88,desarrollo_base_v3,si,supervision_oof_control_primario
RPM-2007-01-11:1049:3,ia_base_v2,etiquetas_piloto_r1.csv,data/etiquetas/etiquetas_piloto_r1.csv,data/auditoria/revision_etiquetas_piloto_r1_v3/revision.csv,dovish,1,dovish,1,dovish,1,compatible,alta,"el hecho que la inflación proyectada para los próximos meses se mueve a la baja y que el cierre de brecha de actividad en lo más reciente se haya dilatado, lo llevan a considerar positivamente la opción de un recorte de la tasa de política monetaria para esta reunión",Compatible con dovish: staff recomienda recorte (R5). La dirección está respaldada en la unidad y no depende solo del menú o fase.,revisado,16624ca0890522c49acc9726a146b9aa8f56cb4162d0972f22b62dd7851fe11d,2651,desarrollo_base_v3,si,supervision_oof_control_primario
RPM-2007-02-08:1087:1,ia_base_v2,etiquetas_piloto_r1.csv,data/etiquetas/etiquetas_piloto_r1.csv,data/auditoria/revision_etiquetas_piloto_r1_v3/revision.csv,neutral,1,neutral,1,neutral,1,compatible,media,"las proyecciones de inflación en todos los horizontes relevantes están por debajo de las del IPoM de septiembre del año 2006, cuya interpretación puede discutirse",Compatible con N: diagnóstico de menor inflación sin inclinación explícita (R2). La unidad no adopta una dirección monetaria propia.,revisado,3eb67728bd7785e77c030c86ea39fb2cad0d3890bba3454457183c3f1c654d20,2460,desarrollo_base_v3,si,supervision_oof_control_primario
RPM-2007-02-08:1103:1,ia_base_v2,etiquetas_piloto_r1.csv,data/etiquetas/etiquetas_piloto_r1.csv,data/auditoria/revision_etiquetas_piloto_r1_v3/revision.csv,neutral,0,neutral,0,neutral,0,compatible,alta,,Compatible con N/relevancia0: aprobación del comunicado y cierre de sesión,revisado,54ef9c8b8886679ab10dee96916f021fee46b8b0605a8839afde28f4fbe9b9d4,83,desarrollo_base_v3,si,supervision_oof_control_primario
RPM-2007-04-12:1194:1,ia_base_v2,etiquetas_piloto_r1.csv,data/etiquetas/etiquetas_piloto_r1.csv,data/auditoria/revision_etiquetas_piloto_r1_v3/revision.csv,neutral,1,neutral,1,neutral,1,compatible,alta,cree que a estos indicadores se les está pidiendo más información que la que tienen,Compatible con N: cautela metodológica sobre indicadores. La unidad no adopta una dirección monetaria propia.,revisado,a70d12fef704ee496ef4b2435a96298aa5d9f2f0c33a2ae1ce981844876c9011,518,desarrollo_base_v3,si,supervision_oof_control_primario
RPM-2007-05-10:1233:2,ia_base_v2,etiquetas_piloto_r1.csv,data/etiquetas/etiquetas_piloto_r1.csv,data/auditoria/revision_etiquetas_piloto_r1_v3/revision.csv,neutral,1,neutral,1,neutral,1,compatible,media,"le llama la atención que éstos efectivamente aumentan, pero respecto de los indicadores nuevos subyacentes, indica que dos de ellos apuntan hacia la baja y que uno se mantiene",Compatible con N: evidencia mixta sobre costos (R4). La unidad no adopta una dirección monetaria propia.,revisado,2029b6ce3a5cf98c65f4a5ebf4297a4c5d47cbddc0f658be7e998a76f1b74562,272,desarrollo_base_v3,si,supervision_oof_control_primario
RPM-2007-05-10:1241:1,ia_base_v2,etiquetas_piloto_r1.csv,data/etiquetas/etiquetas_piloto_r1.csv,data/auditoria/revision_etiquetas_piloto_r1_v3/revision.csv,neutral,0,neutral,0,neutral,0,compatible,alta,,Compatible con N/relevancia0: instrucción sobre formato de cuadros de análisis,revisado,8c07ea79e3a1a1bd879ed15ea4b8da602675a313ae9337091b6c0a917cc6fcd7,322,desarrollo_base_v3,si,supervision_oof_control_primario
RPM-2007-05-10:1261:2,ia_base_v2,etiquetas_piloto_r1.csv,data/etiquetas/etiquetas_piloto_r1.csv,data/auditoria/revision_etiquetas_piloto_r1_v3/revision.csv,neutral,1,neutral,1,neutral,1,compatible,alta,acordó mantener la tasa de interés de política monetaria en 5% anual,Compatible con N: comunicado institucional con mantención (R6). La unidad no adopta una dirección monetaria propia.,revisado,26a8abad4c4fe81147bf2ad20e4ee75dd2dc70a12b7d1c97f91f4aa3eea70a44,2159,desarrollo_base_v3,si,supervision_oof_control_primario
RPM-2007-06-14:1296:3,ia_base_v2,etiquetas_piloto_r1.csv,data/etiquetas/etiquetas_piloto_r1.csv,data/auditoria/revision_etiquetas_piloto_r1_v3/revision.csv,neutral,1,neutral,1,neutral,1,compatible,media,"la inversión sigue creciendo muy fuerte y empuja a la demanda hacia arriba, mucho más arriba del promedio comparado con consumo",Compatible con N: diagnóstico de demanda sin conexión con política (R2). La unidad no adopta una dirección monetaria propia.,revisado,907878846b5ffa7750cd2e947ea9a4002392033c1b87f33dbe8505e09fd7791e,379,desarrollo_base_v3,si,supervision_oof_control_primario
RPM-2007-07-12:1325:1,ia_base_v2,etiquetas_piloto_r1.csv,data/etiquetas/etiquetas_piloto_r1.csv,data/auditoria/revision_etiquetas_piloto_r1_v3/revision.csv,neutral,0,neutral,0,neutral,0,compatible,alta,,Compatible con N/relevancia0: ofrecimiento de la palabra,revisado,75adcea5cf6170566726440d5e1bd82e12f3b570581c6eebcef77e353a796121,82,desarrollo_base_v3,si,supervision_oof_control_primario
RPM-2007-08-09:1388:1,ia_base_v2,etiquetas_piloto_r1.csv,data/etiquetas/etiquetas_piloto_r1.csv,data/auditoria/revision_etiquetas_piloto_r1_v3/revision.csv,neutral,0,neutral,0,neutral,0,compatible,alta,,Compatible con N/relevancia0: ofrecimiento de la palabra,revisado,f5fe29c0fdc559632b0d6e758bae5cd9658bf4b230891615323d7d239cbc3000,88,desarrollo_base_v3,si,supervision_oof_control_primario
RPM-2007-09-13:1421:1,ia_base_v2,etiquetas_piloto_r1.csv,data/etiquetas/etiquetas_piloto_r1.csv,data/auditoria/revision_etiquetas_piloto_r1_v3/revision.csv,neutral,1,neutral,1,neutral,1,compatible,alta,al final los mercados financieros dependen mucho de la imagen que se proyecte,Compatible con N: percepción de mercados y cuentas fiscales (R2). La unidad no adopta una dirección monetaria propia.,revisado,0ce8516c99238620b4556bbd87056ec000a2a564294e3796d5e8a4f85b70d609,680,desarrollo_base_v3,si,supervision_oof_control_primario
RPM-2007-10-11:1505:1,ia_base_v2,etiquetas_piloto_r1.csv,data/etiquetas/etiquetas_piloto_r1.csv,data/auditoria/revision_etiquetas_piloto_r1_v3/revision.csv,neutral,1,neutral,1,neutral,1,compatible,alta,"consulta si en relación a las cifras del bajo desempeño de la minería resulta posible efectuar una descomposición de ellas, entre Codelco y el resto de la minería",Compatible con N: consulta de descomposición de datos. La unidad no adopta una dirección monetaria propia.,revisado,8ac451d946eb1a5a9ce193ecb766aa5150aa7226f646ccb9e5f84722648e09af,275,desarrollo_base_v3,si,supervision_oof_control_primario
RPM-2007-11-13:1552:1,ia_base_v2,etiquetas_piloto_r1.csv,data/etiquetas/etiquetas_piloto_r1.csv,data/auditoria/revision_etiquetas_piloto_r1_v3/revision.csv,neutral,1,neutral,1,neutral,1,compatible,alta,"existen algunas dudas acerca del nivel de la venta de automóviles, ya que el Banco está usando como indicador la información de Servicio de Impuestos Internos",Compatible con N: metodología de medición del consumo durable. La unidad no adopta una dirección monetaria propia.,revisado,68258a6359cf9829c84aa8800648c6ba617ca08d18b4cdf3674ed43cd26ebbec,882,desarrollo_base_v3,si,supervision_oof_control_primario
RPM-2007-11-13:1553:1,ia_base_v2,etiquetas_piloto_r1.csv,data/etiquetas/etiquetas_piloto_r1.csv,data/auditoria/revision_etiquetas_piloto_r1_v3/revision.csv,neutral,1,neutral,1,neutral,1,compatible,alta,quisiera saber si en las Cuentas Nacionales existen indicadores de importaciones mes a mes y no solamente respecto de los automóviles en particular,Compatible con N: consulta sobre datos de importaciones. La unidad no adopta una dirección monetaria propia.,revisado,01085944ab2e6ed6a2b1be7f23990aeb7daf11e548caf5ccbb9c938ace54cd4f,432,desarrollo_base_v3,si,supervision_oof_control_primario
RPM-2007-12-13:1577:1,ia_base_v2,etiquetas_piloto_r1.csv,data/etiquetas/etiquetas_piloto_r1.csv,data/auditoria/revision_etiquetas_piloto_r1_v3/revision.csv,neutral,1,neutral,1,neutral,1,compatible,alta,"Consulta si en estos otros mercados existen los credit default swaps para saber si el problema es de liquidez o, más grave aún, si es una percepción de que la solvencia",Compatible con N: consulta técnica sobre spreads (R2). La unidad no adopta una dirección monetaria propia.,revisado,8fb82360501400fc5b84b85f26f0e9df727c0d9b3e5f83c9c613f2dc7e9a1308,473,desarrollo_base_v3,si,supervision_oof_control_primario
RPM-2007-12-13:1582:2,ia_base_v2,etiquetas_piloto_r1.csv,data/etiquetas/etiquetas_piloto_r1.csv,data/auditoria/revision_etiquetas_piloto_r1_v3/revision.csv,neutral,1,neutral,1,neutral,1,compatible,alta,"las recientes emisiones de bonos en los mercados emergentes han caído de manera sustancial, lo que significaría que no sólo el precio es un buen indicador",Compatible con N: observación de flujos de capital (R2). La unidad no adopta una dirección monetaria propia.,revisado,4b4539891cf2d6f1798a6af74a5ce5b2ea8f6cdb559fec1d686284d51c8e72b8,299,desarrollo_base_v3,si,supervision_oof_control_primario
RPM-2007-12-13:1587:2,ia_base_v2,etiquetas_piloto_r1.csv,data/etiquetas/etiquetas_piloto_r1.csv,data/auditoria/revision_etiquetas_piloto_r1_v3/revision.csv,neutral,1,neutral,1,neutral,1,compatible,media,"dichas expectativas indican que no se producirían movimientos mayores en la Tasa de Política Monetaria, anticipándose un aumento de 25 puntos base en el primer trimestre del 2008",Compatible con N: staff presenta expectativas de mercado; reporte no postura (R5). La unidad no adopta una dirección monetaria propia.,revisado,f2d6ac8d33a9ac8471107c5f8157f199efedc616ddb5476e596545872363324d,13435,desarrollo_base_v3,si,supervision_oof_control_primario
RPM-2007-12-13:1590:1,ia_base_v2,etiquetas_piloto_r1.csv,data/etiquetas/etiquetas_piloto_r1.csv,data/auditoria/revision_etiquetas_piloto_r1_v3/revision.csv,neutral,1,neutral,1,neutral,1,compatible,alta,estos dos elementos explican en gran parte el error cometido en el cambio en las cifras de consumo,Compatible con N: explicación de error en indicadores. La unidad no adopta una dirección monetaria propia.,revisado,4deb72e1c33d00592970154e07c8bc27527631aa4d164aca1044e12fe32b065c,1142,desarrollo_base_v3,si,supervision_oof_control_primario
RPM-2007-12-13:1594:2,ia_base_v2,etiquetas_piloto_r1.csv,data/etiquetas/etiquetas_piloto_r1.csv,data/auditoria/revision_etiquetas_piloto_r1_v3/revision.csv,neutral,1,neutral,1,neutral,1,compatible,alta,"aun con celulosa estas exportaciones están creciendo del orden del 5%, más bajo de lo que se había observado en el pasado",Compatible con N: metodología de series de exportaciones. La unidad no adopta una dirección monetaria propia.,revisado,b8086f08ea4e957de029883bbba163c3fffc46ef7c802c9d457e22f3e2fd8574,614,desarrollo_base_v3,si,supervision_oof_control_primario
RPM-2007-12-13:1596:1,ia_base_v2,etiquetas_piloto_r1.csv,data/etiquetas/etiquetas_piloto_r1.csv,data/auditoria/revision_etiquetas_piloto_r1_v3/revision.csv,neutral,1,neutral,1,neutral,1,compatible,alta,consulta cuáles son los datos y cuáles son las velocidades para esta demanda interna y para la inversión,Compatible con N: consulta de cifras de demanda. La unidad no adopta una dirección monetaria propia.,revisado,70b271a04d64fa65ddbf8b1254bdff7191ec3a35cc0a5ecb86463b1c53cf55e8,314,desarrollo_base_v3,si,supervision_oof_control_primario
RPM-2007-12-13:1608:3,ia_base_v2,etiquetas_piloto_r1.csv,data/etiquetas/etiquetas_piloto_r1.csv,data/auditoria/revision_etiquetas_piloto_r1_v3/revision.csv,neutral,0,neutral,0,neutral,0,compatible,alta,,Compatible con N/relevancia0: ofrecimiento de la palabra al Ministro de Hacienda,revisado,4ad712462ed88e292cac40358a9cf2f2110c6f95a73421fdba15f79149d05fdd,112,desarrollo_base_v3,si,supervision_oof_control_primario
RPM-2008-01-10:1619:2,ia_base_v2,etiquetas_piloto_r1.csv,data/etiquetas/etiquetas_piloto_r1.csv,data/auditoria/revision_etiquetas_piloto_r1_v3/revision.csv,neutral,1,neutral,1,neutral,1,compatible,alta,consulta si este cambio en el ponderador afecta ría la historia cambiaria hacia atrás,Compatible con N: consulta sobre estadística del FMI. La unidad no adopta una dirección monetaria propia.,revisado,b364cef6db4861ab519b55f50806ac5be0ac6b668d84cd23fcd47d04bae6df30,350,desarrollo_base_v3,si,supervision_oof_control_primario
RPM-2008-01-10:1628:2,ia_base_v2,etiquetas_piloto_r1.csv,data/etiquetas/etiquetas_piloto_r1.csv,data/auditoria/revision_etiquetas_piloto_r1_v3/revision.csv,neutral,0,neutral,0,neutral,0,compatible,alta,,Compatible con N/relevancia0: reanudación de sesión,revisado,be58f28e40e3e0dfb9d2a858e28ec445347b9e3e237bf9d11af22845839439cb,74,desarrollo_base_v3,si,supervision_oof_control_primario
RPM-2008-02-07:1649:2,ia_base_v2,etiquetas_piloto_r1.csv,data/etiquetas/etiquetas_piloto_r1.csv,data/auditoria/revision_etiquetas_piloto_r1_v3/revision.csv,neutral,1,neutral,1,neutral,1,compatible,alta,"las reducciones de crecimiento en China han sido menores, muy pequeñas, pero que por cierto constituyen un elemento de riesgo",Compatible con N: diagnóstico externo balanceado (R3). La unidad no adopta una dirección monetaria propia.,revisado,88fb43af375481e3f58bb65899e1eb21016b1c98ce5094c998555439b1cf54a1,336,desarrollo_base_v3,si,supervision_oof_control_primario
RPM-2008-02-07:1672:1,ia_base_v2,etiquetas_piloto_r1.csv,data/etiquetas/etiquetas_piloto_r1.csv,data/auditoria/revision_etiquetas_piloto_r1_v3/revision.csv,dovish,1,dovish,1,neutral,1,cambio_etiqueta,alta,"manteniendo la Tasa de Política Monetaria en 6,25%, pero suprimiendo todo sesgo a dicha decisión",Mantiene y elimina todo sesgo. Adoptar una postura menos restrictiva respecto del mensaje anterior no equivale a respaldar una baja o sesgo expansivo: N.,revisado,a64750135fd70725fddca741da41d504cfc14fa9adb743e3f72cecd39c1f0e65,4212,desarrollo_base_v3,si,supervision_oof_control_primario
RPM-2008-03-13:1716:1,ia_base_v2,etiquetas_piloto_r1.csv,data/etiquetas/etiquetas_piloto_r1.csv,data/auditoria/revision_etiquetas_piloto_r1_v3/revision.csv,neutral,1,neutral,1,neutral,1,compatible,alta,"tal vez el modelo no sea muy adecuado, pero no se puede enfatizar este punto sin tener un modelo alternativo",Compatible con N: crítica metodológica sin postura. La unidad no adopta una dirección monetaria propia.,revisado,276d984079c27c4e1780fc8a4a743bde9731b758411fffc1321377dcfc7a4795,156,desarrollo_base_v3,si,supervision_oof_control_primario
RPM-2008-03-13:1718:12,ia_base_v2,etiquetas_piloto_r1.csv,data/etiquetas/etiquetas_piloto_r1.csv,data/auditoria/revision_etiquetas_piloto_r1_v3/revision.csv,neutral,1,neutral,1,neutral,1,compatible,media,el crecimiento de la fuerza de trabajo ha sido y sigue siendo inusualmente alto y eso tiene que tener algún efecto sobre la tendencia de crecimiento de los salarios nominales,Compatible con N: diagnóstico de mercado laboral (R2). La unidad no adopta una dirección monetaria propia.,revisado,18f51a532527b35e193fabc0f55182c468da3e0c6843f7183faf9073907b0208,324,desarrollo_base_v3,si,supervision_oof_control_primario
RPM-2008-03-13:1724:1,ia_base_v2,etiquetas_piloto_r1.csv,data/etiquetas/etiquetas_piloto_r1.csv,data/auditoria/revision_etiquetas_piloto_r1_v3/revision.csv,neutral,0,neutral,0,neutral,0,compatible,alta,,Compatible con N/relevancia0: ofrecimiento de la palabra,revisado,18190387a9aa8926ccb2294b53d5aa81e89eac5228368f839b23aa24f186c6cd,100,desarrollo_base_v3,si,supervision_oof_control_primario
RPM-2008-04-10:1760:1,ia_base_v2,etiquetas_piloto_r1.csv,data/etiquetas/etiquetas_piloto_r1.csv,data/auditoria/revision_etiquetas_piloto_r1_v3/revision.csv,neutral,1,neutral,1,neutral,1,compatible,alta,estima que al menos existe un problema de rezago en la información,Compatible con N: rezago de información de insumos (R2). La unidad no adopta una dirección monetaria propia.,revisado,af9772de631be125710a81a413b40c4ff0a08d957e688124ff019677ad2cc8d5,592,desarrollo_base_v3,si,supervision_oof_control_primario
RPM-2008-04-10:1775:1,ia_base_v2,etiquetas_piloto_r1.csv,data/etiquetas/etiquetas_piloto_r1.csv,data/auditoria/revision_etiquetas_piloto_r1_v3/revision.csv,neutral,0,neutral,0,neutral,0,compatible,alta,,Compatible con N/relevancia0: ofrecimiento de la palabra tras presentación de opciones,revisado,57a945517969853776be13b02674ce3cdf297af49c77e40b9dae22cd9e69eac0,164,desarrollo_base_v3,si,supervision_oof_control_primario
RPM-2008-05-08:1808:1,ia_base_v2,etiquetas_piloto_r1.csv,data/etiquetas/etiquetas_piloto_r1.csv,data/auditoria/revision_etiquetas_piloto_r1_v3/revision.csv,neutral,1,neutral,1,neutral,1,compatible,alta,"estos datos no sugieren que se esté en presencia, por lo menos el último mes, de un boom de precios de alimentos, pero sí del petróleo",Compatible con N: diagnóstico de inflación externa (R3). La unidad no adopta una dirección monetaria propia.,revisado,77a55579b85483fd6a53026f13d0e420eba590628a187f6c319283c33d1c6552,531,desarrollo_base_v3,si,supervision_oof_control_primario
RPM-2008-05-08:1841:1,ia_base_v2,etiquetas_piloto_r1.csv,data/etiquetas/etiquetas_piloto_r1.csv,data/auditoria/revision_etiquetas_piloto_r1_v3/revision.csv,neutral,0,neutral,0,neutral,0,compatible,alta,,Compatible con N/relevancia0: ofrecimiento de la palabra a la Ministra Subrogante,revisado,18efce354ff038c4f0d5f1db1dff66f3f206a1a0763c9d36619ef1db51f62b6a,134,desarrollo_base_v3,si,supervision_oof_control_primario
RPM-2008-06-10:1854:1,ia_base_v2,etiquetas_piloto_r1.csv,data/etiquetas/etiquetas_piloto_r1.csv,data/auditoria/revision_etiquetas_piloto_r1_v3/revision.csv,neutral,1,neutral,1,neutral,1,compatible,alta,"consulta cuál es la explicación que en la tabla que se exhibe aparezca una creación de empleo de menos 60 mil con una tasa de 5,1%",Compatible con N: consulta de cifras de empleo. La unidad no adopta una dirección monetaria propia.,revisado,2b767b0c5e79311c4466389f9f0ed58794ce24963be5266b9bea1ccc33931af9,244,desarrollo_base_v3,si,supervision_oof_control_primario
RPM-2008-06-10:1870:3,ia_base_v2,etiquetas_piloto_r1.csv,data/etiquetas/etiquetas_piloto_r1.csv,data/auditoria/revision_etiquetas_piloto_r1_v3/revision.csv,neutral,1,neutral,1,neutral,1,compatible,media,"su observación conduce a evitar que se pueda decir que hay que bajar más, que el impuesto que está implícito es más alto de lo que está diciendo el Gobierno",Compatible con N: cautela interpretativa sobre subsidios; sin postura propia. La unidad no adopta una dirección monetaria propia.,revisado,d1978bb5e0623447b664573f417aa0749bf8dd237eb9cb21e1bedbea15069347,305,desarrollo_base_v3,si,supervision_oof_control_primario
RPM-2008-06-10:1878:1,ia_base_v2,etiquetas_piloto_r1.csv,data/etiquetas/etiquetas_piloto_r1.csv,data/auditoria/revision_etiquetas_piloto_r1_v3/revision.csv,neutral,1,neutral,1,neutral,1,compatible,alta,la desaceleración y la ampliación de brecha que se consideraba en el IPoM es producto del escenario mundial que es justamente hacia fines de este año,Compatible con N: explicación de ciclo y brecha (R2). La unidad no adopta una dirección monetaria propia.,revisado,381f85a0c05236a3037d3242ee588e7cccc515a7dba626d8ca914b353d2ebea3,941,desarrollo_base_v3,si,supervision_oof_control_primario
RPM-2008-06-10:1904:1,ia_base_v2,etiquetas_piloto_r1.csv,data/etiquetas/etiquetas_piloto_r1.csv,data/auditoria/revision_etiquetas_piloto_r1_v3/revision.csv,hawkish,1,hawkish,1,hawkish,1,compatible,alta,el Gerente señor De Ramón recomienda al Consejo un aumento de 50 puntos base en la Tasa de Política Monetaria en esta Reunión,Compatible con hawkish: staff recomienda alza ante deterioro inflacionario (R5). La dirección está respaldada en la unidad y no depende solo del menú o fase.,revisado,21ed2ef4c8d4fc8da361b92d065af31afa3e938e6c8bdb19f9ba9c64703de2e6,3049,desarrollo_base_v3,si,supervision_oof_control_primario
RPM-2008-07-10:1923:8,ia_base_v2,etiquetas_piloto_r1.csv,data/etiquetas/etiquetas_piloto_r1.csv,data/auditoria/revision_etiquetas_piloto_r1_v3/revision.csv,neutral,1,neutral,1,neutral,1,compatible,media,"Los premios por liquidez, agrega el Gerente señor Lehmann, se mantienen estables en el caso de Estados Unidos de América",Compatible con N: descriptivo de mercados financieros externos (R3). La unidad no adopta una dirección monetaria propia.,revisado,198d90e103fc7e464f3e7acbf5bff6db7c3867ed4e130bbd217eb95459247e07,6736,desarrollo_base_v3,si,supervision_oof_control_primario
RPM-2008-07-10:1959:1,ia_base_v2,etiquetas_piloto_r1.csv,data/etiquetas/etiquetas_piloto_r1.csv,data/auditoria/revision_etiquetas_piloto_r1_v3/revision.csv,neutral,1,neutral,1,neutral,1,compatible,media,"no cree que el resultado de ese análisis sea de primer orden, atendida la magnitud del shock y las cifras de inflación que se están observando",Compatible con N: respuesta técnica sobre matriz de proyección. La unidad no adopta una dirección monetaria propia.,revisado,3580a4fe22ef1ed2fa206bef003dc40e7ce54a8dc673c33e5f739137286a7a32,930,desarrollo_base_v3,si,supervision_oof_control_primario
RPM-2008-08-14:2011:1,ia_base_v2,etiquetas_piloto_r1.csv,data/etiquetas/etiquetas_piloto_r1.csv,data/auditoria/revision_etiquetas_piloto_r1_v3/revision.csv,neutral,0,neutral,0,neutral,0,compatible,alta,,Compatible con N/relevancia0: observación protocolar sin desarrollo,revisado,ab93eb761aa210ffea36f2b46705dc5cfbd2dcb7efd2fcc5839def4fe856da99,85,desarrollo_base_v3,si,supervision_oof_control_primario
RPM-2008-08-14:2017:1,ia_base_v2,etiquetas_piloto_r1.csv,data/etiquetas/etiquetas_piloto_r1.csv,data/auditoria/revision_etiquetas_piloto_r1_v3/revision.csv,neutral,1,neutral,1,neutral,1,compatible,alta,"cuando se analizan las cifras agregadas macro, el pass-through de precios del petróleo a inflación es relativamente bajo. Sin embargo, para el sector industrial en particular, no tendría por qué originarse la misma situación",Compatible con N: análisis sectorial de pass-through (R2). La unidad no adopta una dirección monetaria propia.,revisado,b487ba93fc3694b79045f8dc1dc6226d10f6286c5311231bcd2045174d713ec7,573,desarrollo_base_v3,si,supervision_oof_control_primario
RPM-2008-08-14:2045:1,ia_base_v2,etiquetas_piloto_r1.csv,data/etiquetas/etiquetas_piloto_r1.csv,data/auditoria/revision_etiquetas_piloto_r1_v3/revision.csv,hawkish,1,hawkish,1,hawkish,1,compatible,alta,"acordó aumentar la tasa de interés de Política Monetaria en 50 puntos base, hasta 7,75% anual",Compatible con hawkish: comunicado institucional contractivo (R6). La dirección está respaldada en la unidad y no depende solo del menú o fase.,revisado,5f34a13c83b1ab0436f6b1e6a2cf0f78ed9bb14d0232155b885988de0d1b5bf6,2205,desarrollo_base_v3,si,supervision_oof_control_primario
RPM-2008-09-04:2048:1,ia_base_v2,etiquetas_piloto_r1.csv,data/etiquetas/etiquetas_piloto_r1.csv,data/auditoria/revision_etiquetas_piloto_r1_v3/revision.csv,neutral,0,neutral,0,neutral,0,compatible,alta,,Compatible con N/relevancia0: anuncio de fecha de sesión,revisado,7a7bbdb7b43374ee3ccf9e7b3869d808b344a8a754ba5bcdba9a8670d4fb82de,212,desarrollo_base_v3,si,supervision_oof_control_primario
RPM-2008-09-04:2083:1,ia_base_v2,etiquetas_piloto_r1.csv,data/etiquetas/etiquetas_piloto_r1.csv,data/auditoria/revision_etiquetas_piloto_r1_v3/revision.csv,neutral,1,neutral,1,neutral,1,compatible,alta,"si el precio local no ha caído y no ha seguido al precio internacional, dicho sobre stock le parece algo extraño",Compatible con N: consulta puntual de mercado. La unidad no adopta una dirección monetaria propia.,revisado,706e9af3ecb4a9b9c7010f77d356b2ded8074e14a5e4fcaad0ee588f82e577d4,161,desarrollo_base_v3,si,supervision_oof_control_primario
RPM-2008-09-04:2088:1,ia_base_v2,etiquetas_piloto_r1.csv,data/etiquetas/etiquetas_piloto_r1.csv,data/auditoria/revision_etiquetas_piloto_r1_v3/revision.csv,hawkish,1,hawkish,1,hawkish,1,compatible,alta,se inclina por sugerir un alza de 50 puntos base en esta ocasión,Compatible con hawkish: staff recomienda alza de 50 puntos (R5). La dirección está respaldada en la unidad y no depende solo del menú o fase.,revisado,6f7f01c7cec8debe1e5dc22e838b8f70f9c0a8cc446fde52e0850ed9768b2cf4,4349,desarrollo_base_v3,si,supervision_oof_control_primario
RPM-2008-10-09:2106:3,ia_base_v2,etiquetas_piloto_r1.csv,data/etiquetas/etiquetas_piloto_r1.csv,data/auditoria/revision_etiquetas_piloto_r1_v3/revision.csv,neutral,1,neutral,1,neutral,1,compatible,alta,"los bancos que se financian, fondean via depósitos de clientes, los hace estar mucho más estables y que por el contrario, los que se fondean en el mercado monetario",Compatible con N: análisis de estabilidad bancaria externa (R3). La unidad no adopta una dirección monetaria propia.,revisado,8e1fdaeeeaf3d3d7ac936ea803c93077ea9022ceb5cced3763ca038a102477b4,430,desarrollo_base_v3,si,supervision_oof_control_primario
RPM-2008-11-13:2139:1,ia_base_v2,etiquetas_piloto_r1.csv,data/etiquetas/etiquetas_piloto_r1.csv,data/auditoria/revision_etiquetas_piloto_r1_v3/revision.csv,neutral,1,neutral,1,neutral,1,compatible,media,"no resulta importante lo que sucede con la Tasa de Política Monetaria del día, sino que lo que interesa es su trayectoria para los próximos años, ya que es lo que afecta hoy día al tipo de cambio",Compatible con N: comentario metodológico sobre el modelo (R2). La unidad no adopta una dirección monetaria propia.,revisado,8618517242562c88d697a9603aeea2f7c8ec7a778257bed0ece98565166f62b8,789,desarrollo_base_v3,si,supervision_oof_control_primario
RPM-2008-11-13:2167:3,ia_base_v2,etiquetas_piloto_r1.csv,data/etiquetas/etiquetas_piloto_r1.csv,data/auditoria/revision_etiquetas_piloto_r1_v3/revision.csv,dovish,1,dovish,1,neutral,1,cambio_etiqueta,alta,"concuerda con la alternativa final que plantea la Gerencia de División Estudios, en cuanto a mantener",Concuerda con mantener y solo habría preferido incluir un recorte entre las opciones. Pedir que una opción se discuta no es hacerla propia: N.,revisado,c45945d3453f33937ed0e99e9f57be1ba9f78826dbb17a0bfe19737b428a955b,558,desarrollo_base_v3,si,supervision_oof_control_primario
RPM-2008-12-11:2176:1,ia_base_v2,etiquetas_piloto_r1.csv,data/etiquetas/etiquetas_piloto_r1.csv,data/auditoria/revision_etiquetas_piloto_r1_v3/revision.csv,neutral,0,neutral,0,neutral,0,compatible,alta,,Compatible con N/relevancia0: formato de reunión y fijación de fecha,revisado,7fd0f892c76b1f5ad1b54c4be1cabb7466cbc25a317cab9aac7dc2498a70501c,705,desarrollo_base_v3,si,supervision_oof_control_primario
RPM-2008-12-11:2187:1,ia_base_v2,etiquetas_piloto_r1.csv,data/etiquetas/etiquetas_piloto_r1.csv,data/auditoria/revision_etiquetas_piloto_r1_v3/revision.csv,neutral,1,neutral,1,neutral,1,compatible,alta,ello resulta equivalente usando los ponderadores para acumular el promedio que son los del comercio de Estados Unidos de América,Compatible con N: comentario técnico de ponderadores. La unidad no adopta una dirección monetaria propia.,revisado,e8d2660336bdb974f307763409efde889049f8287358dca55e0abda689a1c393,192,desarrollo_base_v3,si,supervision_oof_control_primario
RPM-2009-01-08:2263:1,ia_base_v2,etiquetas_piloto_r1.csv,data/etiquetas/etiquetas_piloto_r1.csv,data/auditoria/revision_etiquetas_piloto_r1_v3/revision.csv,neutral,1,neutral,1,neutral,1,compatible,alta,consulta si las últimas cifras están corregidas por variación de inventarios y si están consideradas desde la perspectiva de las importaciones de bienes de consumo,Compatible con N: consulta metodológica de cifras. La unidad no adopta una dirección monetaria propia.,revisado,8ca589242da2d531fa8721df638be159b5a96eef62b39e941a770f063b2646e1,243,desarrollo_base_v3,si,supervision_oof_control_primario
RPM-2009-02-12:2326:1,ia_base_v2,etiquetas_piloto_r1.csv,data/etiquetas/etiquetas_piloto_r1.csv,data/auditoria/revision_etiquetas_piloto_r1_v3/revision.csv,neutral,1,neutral,1,neutral,1,compatible,media,"espera que no utilicen este tipo de programas en forma tal que se transformen en regímenes proteccionistas, lo que evidentemente perjudicaría a países exportadores como Chile",Compatible con N: análisis de estímulos externos sin implicancia doméstica (R3). La unidad no adopta una dirección monetaria propia.,revisado,4b5cc08a0622a5da71066424a4b714d29c6e9105449b8c17f0d5478ae329128d,1611,desarrollo_base_v3,si,supervision_oof_control_primario
RPM-2009-02-12:2328:1,ia_base_v2,etiquetas_piloto_r1.csv,data/etiquetas/etiquetas_piloto_r1.csv,data/auditoria/revision_etiquetas_piloto_r1_v3/revision.csv,neutral,1,neutral,1,neutral,1,compatible,alta,"estima conveniente para efectos del análisis de coyuntura que realiza periódicamente el Banco Central de Chile, incluir el tema relativo al financiamiento entre países",Compatible con N: comentario de agenda analítica. La unidad no adopta una dirección monetaria propia.,revisado,31f350484dfa27a2a5ef9948a1890cca231248a34b7cca2a177cdc5ef36bc320,400,desarrollo_base_v3,si,supervision_oof_control_primario
RPM-2009-02-12:2332:1,ia_base_v2,etiquetas_piloto_r1.csv,data/etiquetas/etiquetas_piloto_r1.csv,data/auditoria/revision_etiquetas_piloto_r1_v3/revision.csv,neutral,1,neutral,1,neutral,1,compatible,media,se refieren a la relevancia que presentan tanto Brasil como México en la información a que alude el Consejero señor Sebastián Claro,Compatible con N: comentario breve más ofrecimiento de palabra. La unidad no adopta una dirección monetaria propia.,revisado,e2ec3551497c0b013a5895e3acb95e22e1441b2b757f7160b6d6fdf6737333c3,394,desarrollo_base_v3,si,supervision_oof_control_primario
RPM-2009-02-12:2338:1,ia_base_v2,etiquetas_piloto_r1.csv,data/etiquetas/etiquetas_piloto_r1.csv,data/auditoria/revision_etiquetas_piloto_r1_v3/revision.csv,neutral,1,neutral,1,neutral,1,compatible,alta,comenta que en el IPoM no se tiene una proyección para el segundo trimestre,Compatible con N: acotación factual sobre proyecciones. La unidad no adopta una dirección monetaria propia.,revisado,025e86d31c3778f25959ad36a0dab68fd6dcbefc410f5225e4443be7cd585a80,113,desarrollo_base_v3,si,supervision_oof_control_primario
RPM-2009-02-12:2353:1,ia_base_v2,etiquetas_piloto_r1.csv,data/etiquetas/etiquetas_piloto_r1.csv,data/auditoria/revision_etiquetas_piloto_r1_v3/revision.csv,neutral,1,neutral,1,neutral,1,compatible,alta,"mientras más baja el precio del cobre, probablemente, más dólares se tendrán que liquidar a pesos en el mercado local por parte del Fisco",Compatible con N: mecanismo cambiario-fiscal (R2). La unidad no adopta una dirección monetaria propia.,revisado,5113587f1486a54a94ad338b4f53529fe5d1803843d4a6178f4a96e3fb64ca05,737,desarrollo_base_v3,si,supervision_oof_control_primario
RPM-2009-02-12:2377:1,ia_base_v2,etiquetas_piloto_r1.csv,data/etiquetas/etiquetas_piloto_r1.csv,data/auditoria/revision_etiquetas_piloto_r1_v3/revision.csv,dovish,1,dovish,1,dovish,1,compatible,alta,"en el momento de emitir su voto manifestó su intención de sumarse a la votación de mayoría, por lo cual también se adhiere al acuerdo de bajar la tasa en 250 puntos base",Compatible con dovish: adhesión explícita a recorte de 250 puntos (R1). La dirección está respaldada en la unidad y no depende solo del menú o fase.,revisado,04a190706cda8351f129b6ce3acd8849937923f95877302383eba61ef04655ad,223,desarrollo_base_v3,si,supervision_oof_control_primario
RPM-2009-02-12:2382:1,ia_base_v2,etiquetas_piloto_r1.csv,data/etiquetas/etiquetas_piloto_r1.csv,data/auditoria/revision_etiquetas_piloto_r1_v3/revision.csv,neutral,0,neutral,0,neutral,0,compatible,alta,,Compatible con N/relevancia0: aprobación del comunicado y levantamiento de sesión,revisado,21460c78e56709a85aa49b7aabf4cfb6f8e673476a9c73eff7b5081e1f05266c,83,desarrollo_base_v3,si,supervision_oof_control_primario
RPM-2009-03-12:2392:2,ia_base_v2,etiquetas_piloto_r1.csv,data/etiquetas/etiquetas_piloto_r1.csv,data/auditoria/revision_etiquetas_piloto_r1_v3/revision.csv,neutral,1,neutral,1,neutral,1,compatible,alta,"menos 0,5 de crecimiento es la cifra que se dio a conocer formalmente",Compatible con N: dato factual de crecimiento externo. La unidad no adopta una dirección monetaria propia.,revisado,423d01235fa2859426305d63d4d1faaa82e52ab7883aaaaaf27e30c7eabfb258,108,desarrollo_base_v3,si,supervision_oof_control_primario
RPM-2009-04-09:2476:1,ia_base_v2,etiquetas_piloto_r1.csv,data/etiquetas/etiquetas_piloto_r1.csv,data/auditoria/revision_etiquetas_piloto_r1_v3/revision.csv,neutral,1,neutral,1,neutral,1,compatible,media,"el juicio para fundamentar lo anterior consiste en las reacciones de política, tanto fiscal como monetaria",Compatible con N: juicio de proyección técnica (R2). La unidad no adopta una dirección monetaria propia.,revisado,78ba61ad381872f0b390096a3963ed984f5ecc81ec908f5a4888120d3948476e,514,desarrollo_base_v3,si,supervision_oof_control_primario
RPM-2009-04-09:2487:2,ia_base_v2,etiquetas_piloto_r1.csv,data/etiquetas/etiquetas_piloto_r1.csv,data/auditoria/revision_etiquetas_piloto_r1_v3/revision.csv,neutral,1,neutral,1,neutral,1,compatible,alta,"consulta si nuestro país está en niveles inusualmente altos, haciendo una comparación internacional",Compatible con N: consulta comparativa internacional. La unidad no adopta una dirección monetaria propia.,revisado,a00d0b2895bb2aa0a0bd0647583a85efb44ef508b3aa8a04d9c6f5708b86a573,143,desarrollo_base_v3,si,supervision_oof_control_primario
RPM-2009-04-09:2489:3,ia_base_v2,etiquetas_piloto_r1.csv,data/etiquetas/etiquetas_piloto_r1.csv,data/auditoria/revision_etiquetas_piloto_r1_v3/revision.csv,neutral,0,neutral,0,neutral,0,compatible,alta,,Compatible con N/relevancia0: suspensión de la sesión de la mañana,revisado,76409a3577a6a14e9ea889855e160a2af01f9de68ace1346a8503f2b08b8ee2d,200,desarrollo_base_v3,si,supervision_oof_control_primario
RPM-2009-04-09:2500:2,ia_base_v2,etiquetas_piloto_r1.csv,data/etiquetas/etiquetas_piloto_r1.csv,data/auditoria/revision_etiquetas_piloto_r1_v3/revision.csv,dovish,1,dovish,1,dovish,1,compatible,alta,"por votación unánime, el Consejo acuerda bajar la Tasa de Política Monetaria en 50 puntos base hasta 1,75%",Compatible con dovish: decisión institucional expansiva (R6). La dirección está respaldada en la unidad y no depende solo del menú o fase.,revisado,9ba7314387cde431200107cb7cb6b86631bca9cf0a056181fa26e622671ac2fd,124,desarrollo_base_v3,si,supervision_oof_control_primario
RPM-2009-05-07:2517:1,ia_base_v2,etiquetas_piloto_r1.csv,data/etiquetas/etiquetas_piloto_r1.csv,data/auditoria/revision_etiquetas_piloto_r1_v3/revision.csv,neutral,1,neutral,1,neutral,1,compatible,alta,"existen dos posiciones de discusión sobre la medición del CDS, pero otro aspecto a considerar es que también depende un poco de que se mide por puntos base",Compatible con N: comentario metodológico sobre CDS. La unidad no adopta una dirección monetaria propia.,revisado,8f9bcef17e01e7e39a0d37c1ce21a7c7d6c11a29d9673ec856f034c06dcd2005,261,desarrollo_base_v3,si,supervision_oof_control_primario
RPM-2009-05-07:2519:1,ia_base_v2,etiquetas_piloto_r1.csv,data/etiquetas/etiquetas_piloto_r1.csv,data/auditoria/revision_etiquetas_piloto_r1_v3/revision.csv,neutral,1,neutral,1,neutral,1,compatible,alta,"si se mostrara un gráfico de los niveles del COS, que no midiera por puntos base sino que por porcentaje respecto a la base, se vería algo muy distinto",Compatible con N: comentario de presentación de datos. La unidad no adopta una dirección monetaria propia.,revisado,67cd2f1af8457783c921fee2ce1e15d995e1c06d6a92d315cd9e587cdd384ec2,255,desarrollo_base_v3,si,supervision_oof_control_primario
RPM-2009-05-07:2528:2,ia_base_v2,etiquetas_piloto_r1.csv,data/etiquetas/etiquetas_piloto_r1.csv,data/auditoria/revision_etiquetas_piloto_r1_v3/revision.csv,neutral,1,neutral,1,neutral,1,compatible,alta,"la forma como ha operado la parte automática de la política fiscal, que es el ajuste en la recaudación tributaria que está vinculado al efecto cíclico de la recaudación",Compatible con N: mecánica del impulso fiscal (R2). La unidad no adopta una dirección monetaria propia.,revisado,d9627f51a37750fb7bb0b0cef37e1a38a40529d2b3cbe068b49ac4edc6404385,650,desarrollo_base_v3,si,supervision_oof_control_primario
RPM-2009-05-07:2532:2,ia_base_v2,etiquetas_piloto_r1.csv,data/etiquetas/etiquetas_piloto_r1.csv,data/auditoria/revision_etiquetas_piloto_r1_v3/revision.csv,neutral,1,neutral,1,neutral,1,compatible,media,"se está suponiendo que vuelve a haber una variación negativa, pero de menor intensidad que el primer trimestre. Recién hacia el tercer trimestre, se estaría observando una acumulación de inventarios",Compatible con N: proyección de inventarios sin implicancia (R2). La unidad no adopta una dirección monetaria propia.,revisado,36df2603825d9df1d10f4a1173725b5b0c638f1cf7592db99ef0e30830a0577f,523,desarrollo_base_v3,si,supervision_oof_control_primario
RPM-2009-06-16:2567:3,ia_base_v2,etiquetas_piloto_r1.csv,data/etiquetas/etiquetas_piloto_r1.csv,data/auditoria/revision_etiquetas_piloto_r1_v3/revision.csv,neutral,1,neutral,1,neutral,1,compatible,alta,los modelos de la Gerencia de Análisis Internacional confirman la existencia de un premio de 20 a 30 centavos en el caso del cobre,Compatible con N: análisis de posiciones en commodities (R2). La unidad no adopta una dirección monetaria propia.,revisado,bdd9acf78d076f51f01de7ba9fdcbc73287e8e3903df180cc630bfb80db9ef87,1071,desarrollo_base_v3,si,supervision_oof_control_primario
RPM-2009-07-09:2608:4,ia_base_v2,etiquetas_piloto_r1.csv,data/etiquetas/etiquetas_piloto_r1.csv,data/auditoria/revision_etiquetas_piloto_r1_v3/revision.csv,neutral,1,neutral,1,neutral,1,compatible,alta,"para que eso sea posible, el crecimiento debe ser de dos dígitos, por lo menos",Compatible con N: acotación sobre crecimiento requerido (R2). La unidad no adopta una dirección monetaria propia.,revisado,080e5ab0e379ee1d75b5f3115278558614a55c3b8a611aea0c344147887ed2be,106,desarrollo_base_v3,si,supervision_oof_control_primario
RPM-2009-07-09:2644:2,ia_base_v2,etiquetas_piloto_r2.csv,data/etiquetas/etiquetas_piloto_r2.csv,data/auditoria/revision_etiquetas_piloto_r2_v3/revision.csv,dovish,1,dovish,1,dovish,1,compatible,alta,es necesario imprimir un impulso monetario adicional al ya contemplado en el escenario central del IPoM de mayo,Compatible con dovish: . La dirección está respaldada en la unidad y no depende solo del menú o fase.,revisado,a24b8b549bf2f67a3fb5c3f8c548940b8e814ed1e434f75a96cd340c06c40955,4102,desarrollo_base_v3,si,supervision_oof_control_primario
RPM-2009-08-13:2659:1,ia_base_v2,etiquetas_piloto_r2.csv,data/etiquetas/etiquetas_piloto_r2.csv,data/auditoria/revision_etiquetas_piloto_r2_v3/revision.csv,neutral,1,neutral,1,neutral,1,compatible,alta,la caída de la actividad ha continuado moderándose en los países desarrollados y se ha recuperado en las economías emergentes,Compatible con N: sin dirección respaldada. La unidad no adopta una dirección monetaria propia.,revisado,533602fc494ca7d1b8ae425ecb04d8221203fb8deba6c83adb814bbab3437839,1191,desarrollo_base_v3,si,supervision_oof_control_primario
RPM-2009-09-08:2689:1,ia_base_v2,etiquetas_piloto_r2.csv,data/etiquetas/etiquetas_piloto_r2.csv,data/auditoria/revision_etiquetas_piloto_r2_v3/revision.csv,neutral,0,neutral,0,neutral,0,compatible,alta,,Compatible con N/relevancia0: encabezado de acta: lista de asistentes y fecha,revisado,9b6c51530e93a0aada366230b8fb47e4e6c6e3e62a7deeb09b9b6524107c6551,1633,desarrollo_base_v3,si,supervision_oof_control_primario
RPM-2009-09-08:2699:4,ia_base_v2,etiquetas_piloto_r2.csv,data/etiquetas/etiquetas_piloto_r2.csv,data/auditoria/revision_etiquetas_piloto_r2_v3/revision.csv,neutral,1,neutral,1,neutral,1,compatible,alta,se está suponiendo que la tarifa eléctrica no aumenta ni se reduce por la fijación del precio de nudo,Compatible con N: sin dirección respaldada. La unidad no adopta una dirección monetaria propia.,revisado,23994d3e7339107ab305faec918df1bee6baea22f3c6d8f5080f33c119fd8c0e,2251,desarrollo_base_v3,si,supervision_oof_control_primario
RPM-2009-09-08:2711:2,ia_base_v2,etiquetas_piloto_r2.csv,data/etiquetas/etiquetas_piloto_r2.csv,data/auditoria/revision_etiquetas_piloto_r2_v3/revision.csv,dovish,1,dovish,1,dovish,1,compatible,media,el mayor riesgo hoy día es que la inflación permanezca debajo de la meta más allá de lo deseado,Compatible con dovish: . La dirección está respaldada en la unidad y no depende solo del menú o fase.,revisado,30bc0ec5740a2030ccde238bbfc6ba180e66aa8f9d382d350b5adfa8d2b021e2,1523,desarrollo_base_v3,si,supervision_oof_control_primario
RPM-2009-10-13:2714:1,ia_base_v2,etiquetas_piloto_r2.csv,data/etiquetas/etiquetas_piloto_r2.csv,data/auditoria/revision_etiquetas_piloto_r2_v3/revision.csv,neutral,0,neutral,0,neutral,0,compatible,alta,,Compatible con N/relevancia0: apertura de sesión y fijación de fecha de reunión,revisado,10d24acfd172b051d301fec9600957f14062c1d358c10b22f6926a3a47350769,295,desarrollo_base_v3,si,supervision_oof_control_primario
RPM-2009-10-13:2725:5,ia_base_v2,etiquetas_piloto_r2.csv,data/etiquetas/etiquetas_piloto_r2.csv,data/auditoria/revision_etiquetas_piloto_r2_v3/revision.csv,neutral,1,neutral,1,neutral,1,compatible,alta,"se observa una clara tendencia hacia la apreciación de las monedas y en materia de CDS, una caída de los premios por riesgo en prácticamente todas las economías",Compatible con N: sin dirección respaldada. La unidad no adopta una dirección monetaria propia.,revisado,93205d00eb7ba8325188cf23d1303b3db92e63b666d019d0a4d42a0bba5a0ec9,774,desarrollo_base_v3,si,supervision_oof_control_primario
RPM-2009-10-13:2742:1,ia_base_v2,etiquetas_piloto_r2.csv,data/etiquetas/etiquetas_piloto_r2.csv,data/auditoria/revision_etiquetas_piloto_r2_v3/revision.csv,neutral,1,neutral,1,neutral,1,compatible,alta,"las AFP básicamente han salido al exterior cubiertas, de manera que el impacto en el tipo de cambio es acotado",Compatible con N: sin dirección respaldada. La unidad no adopta una dirección monetaria propia.,revisado,4ab8bf13e16e4d05d218c746208393cb525893fa6b71ae14f3d95a6590eab477,242,desarrollo_base_v3,si,supervision_oof_control_primario
RPM-2009-11-12:2776:1,ia_base_v2,etiquetas_piloto_r2.csv,data/etiquetas/etiquetas_piloto_r2.csv,data/auditoria/revision_etiquetas_piloto_r2_v3/revision.csv,neutral,1,neutral,1,neutral,1,compatible,alta,"Puede ser un escenario de riesgo, que no se puede descartar, consistente en que se esté creciendo por debajo de la brecha el próximo año",Compatible con N: sin dirección respaldada. La unidad no adopta una dirección monetaria propia.,revisado,5044e2a809893a9ac1fcf9170cd2767a95760e29b8fea2a2e2819a86b1a08f59,719,desarrollo_base_v3,si,supervision_oof_control_primario
RPM-2009-11-12:2781:1,ia_base_v2,etiquetas_piloto_r2.csv,data/etiquetas/etiquetas_piloto_r2.csv,data/auditoria/revision_etiquetas_piloto_r2_v3/revision.csv,neutral,1,neutral,1,neutral,1,compatible,alta,los bonos en UF a corto plazo tienen que arbitrarse por inflación,Compatible con N: sin dirección respaldada. La unidad no adopta una dirección monetaria propia.,revisado,05d317fac32449cd096b1ff66874a2009780ad4e4c6b58ad40a28a54131ed47d,249,desarrollo_base_v3,si,supervision_oof_control_primario
RPM-2009-12-15:2809:1,ia_base_v2,etiquetas_piloto_r2.csv,data/etiquetas/etiquetas_piloto_r2.csv,data/auditoria/revision_etiquetas_piloto_r2_v3/revision.csv,neutral,1,neutral,1,neutral,1,compatible,alta,"esos puntos porcentuales son del monto del crédito, sobre la operación que se está cubriendo",Compatible con N: sin dirección respaldada. La unidad no adopta una dirección monetaria propia.,revisado,33b000f19bc49a5cd955fc0c0dcd25b5b46bef728e13c0221984b86dd0e2071f,213,desarrollo_base_v3,si,supervision_oof_control_primario
RPM-2009-12-15:2821:1,ia_base_v2,etiquetas_piloto_r2.csv,data/etiquetas/etiquetas_piloto_r2.csv,data/auditoria/revision_etiquetas_piloto_r2_v3/revision.csv,neutral,1,neutral,1,neutral,1,compatible,alta,las colocaciones registran una incipiente recuperación,Compatible con N: sin dirección respaldada. La unidad no adopta una dirección monetaria propia.,revisado,e9dfe6e1bbd02cf772cac95cba2711fcee156e3422932f575b37ad9baff347b1,1395,desarrollo_base_v3,si,supervision_oof_control_primario
RPM-2009-12-15:2823:2,ia_base_v2,etiquetas_piloto_r2.csv,data/etiquetas/etiquetas_piloto_r2.csv,data/auditoria/revision_etiquetas_piloto_r2_v3/revision.csv,neutral,1,neutral,1,neutral,1,compatible,alta,"hubo una apreciación fuerte de la moneda durante el mes pasado, mientras que durante el presente ha permanecido sin mayores variaciones",Compatible con N: sin dirección respaldada. La unidad no adopta una dirección monetaria propia.,revisado,b60ee1520c1eb8842f2987b67e1fde3ee07e9931ae0937a1ffe350f51a5e051d,1365,desarrollo_base_v3,si,supervision_oof_control_primario
RPM-2009-12-15:2829:1,ia_base_v2,etiquetas_piloto_r2.csv,data/etiquetas/etiquetas_piloto_r2.csv,data/auditoria/revision_etiquetas_piloto_r2_v3/revision.csv,neutral,1,neutral,1,neutral,1,compatible,alta,una meta basada en inflación total hace que las tasas de inflación sean demasiado volátiles,Compatible con N: sin dirección respaldada. La unidad no adopta una dirección monetaria propia.,revisado,bd5e4b707e5f48506ec59c06c0ed5c3ca58e0374ecce443932ab60164d0b205c,381,desarrollo_base_v3,si,supervision_oof_control_primario
RPM-2010-01-14:2843:2,ia_base_v2,etiquetas_piloto_r2.csv,data/etiquetas/etiquetas_piloto_r2.csv,data/auditoria/revision_etiquetas_piloto_r2_v3/revision.csv,neutral,1,neutral,1,neutral,1,compatible,alta,las proyecciones para el año 2010 han tendido a ajustarse levemente al alza,Compatible con N: sin dirección respaldada. La unidad no adopta una dirección monetaria propia.,revisado,fd81b5d9ae93cb5a1000336cca442dc376f0659a6c07c81c5d45c6befcd76ed9,2106,desarrollo_base_v3,si,supervision_oof_control_primario
RPM-2010-01-14:2850:1,ia_base_v2,etiquetas_piloto_r2.csv,data/etiquetas/etiquetas_piloto_r2.csv,data/auditoria/revision_etiquetas_piloto_r2_v3/revision.csv,neutral,1,neutral,1,neutral,1,compatible,alta,hay una preocupación de riesgo legítimo de que tal vez la recuperación o la estabilidad que se ha visto en los últimos meses no es tal o está sostenida por fundamentales que pueden continuar estando muy mal,Compatible con N: sin dirección respaldada. La unidad no adopta una dirección monetaria propia.,revisado,5493a275f6fb5dd2581e9e1cf3661e950c27e9c35b6bde453962fef5a87556bd,3612,desarrollo_base_v3,si,supervision_oof_control_primario
RPM-2010-01-14:2859:1,ia_base_v2,etiquetas_piloto_r2.csv,data/etiquetas/etiquetas_piloto_r2.csv,data/auditoria/revision_etiquetas_piloto_r2_v3/revision.csv,neutral,1,neutral,1,neutral,1,compatible,alta,este es un fenómeno propio de una coyuntura de una economía que vuelve a crecer,Compatible con N: sin dirección respaldada. La unidad no adopta una dirección monetaria propia.,revisado,b2987337b4ca0ff7810df60a2e06c725866789ae633198012ebb9dbea38703dd,663,desarrollo_base_v3,si,supervision_oof_control_primario
RPM-2010-01-14:2865:1,ia_base_v2,etiquetas_piloto_r2.csv,data/etiquetas/etiquetas_piloto_r2.csv,data/auditoria/revision_etiquetas_piloto_r2_v3/revision.csv,neutral,1,neutral,1,neutral,1,compatible,alta,habría una desacumulación muy fuerte en sus inventarios,Compatible con N: sin dirección respaldada. La unidad no adopta una dirección monetaria propia.,revisado,bdde2f1a32ceafaf3a19428a76098cf4c649cb5d6c0b78bc2e67e89bbf73eeaa,177,desarrollo_base_v3,si,supervision_oof_control_primario
RPM-2010-01-14:2884:1,ia_base_v2,etiquetas_piloto_r2.csv,data/etiquetas/etiquetas_piloto_r2.csv,data/auditoria/revision_etiquetas_piloto_r2_v3/revision.csv,dovish,1,dovish,1,dovish,1,compatible,media,"la política monetaria ha apoyado decididamente la recuperación y debe seguir cumpliendo ese rol, advirtiendo que, por el momento, el principal riesgo que se enfrenta es el de retirar el estímulo monetario prematuramente",Compatible con dovish: . La dirección está respaldada en la unidad y no depende solo del menú o fase.,revisado,a19ba13e2b35f782cb09035d4f29c38d01404440ad1f920918cc46beb84e69d6,6965,desarrollo_base_v3,si,supervision_oof_control_primario
RPM-2010-02-11:2911:2,ia_base_v2,etiquetas_piloto_r2.csv,data/etiquetas/etiquetas_piloto_r2.csv,data/auditoria/revision_etiquetas_piloto_r2_v3/revision.csv,neutral,0,neutral,0,neutral,0,compatible,alta,,"Compatible con N/relevancia0: fragmento de respuesta, sin contenido monetario autónomo",revisado,4f9c9f11c26686adef7de4a61c0de55e845c43dbddbac73666186695d607a6a5,43,desarrollo_base_v3,si,supervision_oof_control_primario
RPM-2010-02-11:2918:2,ia_base_v2,etiquetas_piloto_r2.csv,data/etiquetas/etiquetas_piloto_r2.csv,data/auditoria/revision_etiquetas_piloto_r2_v3/revision.csv,neutral,0,neutral,0,neutral,0,compatible,alta,,"Compatible con N/relevancia0: fragmento: aclaración técnica sobre estimación, sin contenido monetario autónomo",revisado,eb0dacd0947037de98600b85139e561ad21a0b64d46c05b2951cc7e40dd9e15d,215,desarrollo_base_v3,si,supervision_oof_control_primario
RPM-2010-02-11:2933:1,ia_base_v2,etiquetas_piloto_r2.csv,data/etiquetas/etiquetas_piloto_r2.csv,data/auditoria/revision_etiquetas_piloto_r2_v3/revision.csv,neutral,1,neutral,1,neutral,1,compatible,alta,"si efectivamente se concreta, la variación anual de la inflación del IPC estaría en 1,8% en ese mes",Compatible con N: sin dirección respaldada. La unidad no adopta una dirección monetaria propia.,revisado,67f62f880284493a7ebe56100d1313b17bb83de7dd25c45282e3e1d28aba6c2c,2726,desarrollo_base_v3,si,supervision_oof_control_primario
RPM-2010-02-11:2947:4,ia_base_v2,etiquetas_piloto_r2.csv,data/etiquetas/etiquetas_piloto_r2.csv,data/auditoria/revision_etiquetas_piloto_r2_v3/revision.csv,neutral,1,neutral,1,neutral,1,compatible,alta,el modelo incluye la posición NDF del país como un todo,Compatible con N: sin dirección respaldada. La unidad no adopta una dirección monetaria propia.,revisado,f4fdd0b2337da8677dd2246a0f83da2ae126b84124c0a748a95ede24c02f350d,214,desarrollo_base_v3,si,supervision_oof_control_primario
RPM-2010-02-11:2957:3,ia_base_v2,etiquetas_piloto_r2.csv,data/etiquetas/etiquetas_piloto_r2.csv,data/auditoria/revision_etiquetas_piloto_r2_v3/revision.csv,neutral,0,neutral,0,neutral,0,compatible,alta,,Compatible con N/relevancia0: indicación procedimental sobre lo que queda incorporado en el acta,revisado,e5ce0b12ff8ea523437ae7c229aacc2affafbcf3c7567ffb497154a585539afb,117,desarrollo_base_v3,si,supervision_oof_control_primario
RPM-2010-03-18:2981:6,ia_base_v2,etiquetas_piloto_r2.csv,data/etiquetas/etiquetas_piloto_r2.csv,data/auditoria/revision_etiquetas_piloto_r2_v3/revision.csv,neutral,1,neutral,1,neutral,1,compatible,alta,"como consecuencia del terremoto, el nivel del PIB podría disminuir 2% en el primer trimestre y 1,4% en el segundo",Compatible con N: sin dirección respaldada. La unidad no adopta una dirección monetaria propia.,revisado,0e7389595851fa50ad29a16088d9664f0fb3449012e05a1a0afb5368983278eb,237,desarrollo_base_v3,si,supervision_oof_control_primario
RPM-2010-03-18:2986:1,ia_base_v2,etiquetas_piloto_r2.csv,data/etiquetas/etiquetas_piloto_r2.csv,data/auditoria/revision_etiquetas_piloto_r2_v3/revision.csv,neutral,1,neutral,1,neutral,1,compatible,alta,"si se tiene una caída del stock de capital de 2-3%, la elasticidad tiene que ser muy baja para llegar a ese -0,2%",Compatible con N: sin dirección respaldada. La unidad no adopta una dirección monetaria propia.,revisado,c67843ec005e2c4237d17abe5ca4d210d8158bec6662c20d743f88d7060b9f3a,257,desarrollo_base_v3,si,supervision_oof_control_primario
RPM-2010-03-18:2995:1,ia_base_v2,etiquetas_piloto_r2.csv,data/etiquetas/etiquetas_piloto_r2.csv,data/auditoria/revision_etiquetas_piloto_r2_v3/revision.csv,neutral,1,neutral,1,neutral,1,compatible,alta,tener la impresión que la tasa de interés va a subir más que 60 puntos base hacia el futuro,Compatible con N: sin dirección respaldada. La unidad no adopta una dirección monetaria propia.,revisado,040d04029a386421b80f4bc43cfbf9d48afaf2d138fc8b431683d2dea2d08516,560,desarrollo_base_v3,si,supervision_oof_control_primario
RPM-2010-03-18:3003:1,ia_base_v2,etiquetas_piloto_r2.csv,data/etiquetas/etiquetas_piloto_r2.csv,data/auditoria/revision_etiquetas_piloto_r2_v3/revision.csv,neutral,0,neutral,0,neutral,0,compatible,alta,,Compatible con N/relevancia0: ofrecimiento de la palabra,revisado,6cda19fe1ac4ae3b91fbdf9062586b194dfab75de5bd57ecb65b2b64b2bea7ad,124,desarrollo_base_v3,si,supervision_oof_control_primario
RPM-2010-03-18:3004:1,ia_base_v2,etiquetas_piloto_r2.csv,data/etiquetas/etiquetas_piloto_r2.csv,data/auditoria/revision_etiquetas_piloto_r2_v3/revision.csv,neutral,1,neutral,1,neutral,1,compatible,alta,"la mayor novedad del mes no fue tanto el terremoto, sino que la corrección en la base que se tenía",Compatible con N: sin dirección respaldada. La unidad no adopta una dirección monetaria propia.,revisado,98f32953bd0fb44e2e5b339b550e2b69b807479eda33ce9184ed7fe496f1358c,347,desarrollo_base_v3,si,supervision_oof_control_primario
RPM-2010-03-18:3014:1,ia_base_v2,etiquetas_piloto_r2.csv,data/etiquetas/etiquetas_piloto_r2.csv,data/auditoria/revision_etiquetas_piloto_r2_v3/revision.csv,neutral,1,neutral,1,neutral,1,compatible,alta,"las expectativas de inflación tienden a mantenerse alineadas más allá del corto plazo, por lo que concuerda con la recomendación en el sentido de mantener la tasa de interés en sus niveles actuales",Compatible con N: sin dirección respaldada. La unidad no adopta una dirección monetaria propia.,revisado,dc20d051fa95de309b0bc9f1c822e3632f0bb94c3e561f5a2a9774a3f49ffb7e,2323,desarrollo_base_v3,si,supervision_oof_control_primario
RPM-2010-04-15:3042:1,ia_base_v2,etiquetas_piloto_r2.csv,data/etiquetas/etiquetas_piloto_r2.csv,data/auditoria/revision_etiquetas_piloto_r2_v3/revision.csv,neutral,1,neutral,1,neutral,1,compatible,alta,las bajas transitorias de impuestos no correspondían a una caída de los ingresos estructurales,Compatible con N: sin dirección respaldada. La unidad no adopta una dirección monetaria propia.,revisado,9d28bde730ad14799f57d02b8bf570251599c5650ff67dbaae37fb5339a214ff,454,desarrollo_base_v3,si,supervision_oof_control_primario
RPM-2010-04-15:3044:3,ia_base_v2,etiquetas_piloto_r2.csv,data/etiquetas/etiquetas_piloto_r2.csv,data/auditoria/revision_etiquetas_piloto_r2_v3/revision.csv,neutral,1,neutral,1,neutral,1,compatible,alta,"el PPM solo es un pago adelantado de impuestos, por lo que si se ajusta a la baja, la operación renta siguiente se compensa totalmente",Compatible con N: sin dirección respaldada. La unidad no adopta una dirección monetaria propia.,revisado,f6d37e1474ec3239ffd6db0515e85c5a4d0678fe463e0600e0cc9fc84630aac6,221,desarrollo_base_v3,si,supervision_oof_control_primario
RPM-2010-04-15:3051:4,ia_base_v2,etiquetas_piloto_r2.csv,data/etiquetas/etiquetas_piloto_r2.csv,data/auditoria/revision_etiquetas_piloto_r2_v3/revision.csv,neutral,1,neutral,1,neutral,1,compatible,alta,"no ha habido muchas novedades, por lo que los principales supuestos son muy similares a los considerados en ese Informe",Compatible con N: sin dirección respaldada. La unidad no adopta una dirección monetaria propia.,revisado,44b36940996166668015327da1dcdcc397fd7daad108d2043e554df72913bc9f,1705,desarrollo_base_v3,si,supervision_oof_control_primario
RPM-2010-05-13:3109:3,ia_base_v2,etiquetas_piloto_r2.csv,data/etiquetas/etiquetas_piloto_r2.csv,data/auditoria/revision_etiquetas_piloto_r2_v3/revision.csv,neutral,0,neutral,0,neutral,0,compatible,alta,,Compatible con N/relevancia0: acuerdo sobre fijación de horario,revisado,b485ca49185d106f88813d7cd3c5304d03a226d835f57612764497a8a14216af,83,desarrollo_base_v3,si,supervision_oof_control_primario
RPM-2010-05-13:3124:1,ia_base_v2,etiquetas_piloto_r2.csv,data/etiquetas/etiquetas_piloto_r2.csv,data/auditoria/revision_etiquetas_piloto_r2_v3/revision.csv,hawkish,1,hawkish,1,hawkish,1,compatible,alta,"su voto es por mantener la tasa en su nivel actual, pero introduciendo en el Comunicado un sesgo al alza explícito",Compatible con hawkish: . La dirección está respaldada en la unidad y no depende solo del menú o fase.,revisado,ca4eb5ae59bbdd08888928d3fbde57e471fc9a27817b3098959ec6ff4d239bc6,6514,desarrollo_base_v3,si,supervision_oof_control_primario
RPM-2010-05-13:3125:1,ia_base_v2,etiquetas_piloto_r2.csv,data/etiquetas/etiquetas_piloto_r2.csv,data/auditoria/revision_etiquetas_piloto_r2_v3/revision.csv,hawkish,1,hawkish,1,hawkish,1,compatible,media,el Consejo tiene la oportunidad de liderar el proceso de alza de tasas antes que sea algo evidente y urgente,Compatible con hawkish: . La dirección está respaldada en la unidad y no depende solo del menú o fase.,revisado,f69e11cdb1268657c559d2dafdee9ade0574238057bf0d8e3d56a4f579e00a3a,3642,desarrollo_base_v3,si,supervision_oof_control_primario
RPM-2010-06-15:3137:1,ia_base_v2,etiquetas_piloto_r2.csv,data/etiquetas/etiquetas_piloto_r2.csv,data/auditoria/revision_etiquetas_piloto_r2_v3/revision.csv,neutral,1,neutral,1,neutral,1,compatible,media,"no es lo mismo postergar una decisión de alza de tasa si esta es levemente superior a 0%, que hacerlo cuando es de 4%; son dos decisiones distintas",Compatible con N: sin dirección respaldada. La unidad no adopta una dirección monetaria propia.,revisado,8170eaf14c9e5b896bed9f68e86bdb37cff484ccf285a465a0551b6b2adbce15,664,desarrollo_base_v3,si,supervision_oof_control_primario
RPM-2010-06-15:3166:1,ia_base_v2,etiquetas_piloto_r2.csv,data/etiquetas/etiquetas_piloto_r2.csv,data/auditoria/revision_etiquetas_piloto_r2_v3/revision.csv,neutral,1,neutral,1,neutral,1,compatible,alta,"una marca de cigarrillos aumentó sus precios en mayo, alza que se consideró para el período que comienza el 15 de mayo y se reflejará en el IPC de junio",Compatible con N: sin dirección respaldada. La unidad no adopta una dirección monetaria propia.,revisado,3ca9bb16e622a7daee42054de5d8412e5d20e7299947174c690c7ebced7859b7,458,desarrollo_base_v3,si,supervision_oof_control_primario
RPM-2010-06-15:3199:1,ia_base_v2,etiquetas_piloto_r2.csv,data/etiquetas/etiquetas_piloto_r2.csv,data/auditoria/revision_etiquetas_piloto_r2_v3/revision.csv,hawkish,1,hawkish,1,hawkish,1,compatible,alta,"su voto es por subir la TPM en 50 puntos base, para llevarla a 1%",Compatible con hawkish: . La dirección está respaldada en la unidad y no depende solo del menú o fase.,revisado,97da8a6c17bf68838ef71299f1a2701b48917e5ca13d3b0a4c1a54f5ceda2a8f,5253,desarrollo_base_v3,si,supervision_oof_control_primario
RPM-2010-07-15:3208:1,ia_base_v2,etiquetas_piloto_r2.csv,data/etiquetas/etiquetas_piloto_r2.csv,data/auditoria/revision_etiquetas_piloto_r2_v3/revision.csv,neutral,0,neutral,0,neutral,0,compatible,alta,,Compatible con N/relevancia0: apertura de sesión y fijación de fecha de reunión,revisado,ddb8eabe866c3f88f8f9de0c8d4399dbd2c73d0ef174a22aed13b482b663574f,686,desarrollo_base_v3,si,supervision_oof_control_primario
RPM-2010-07-15:3210:1,ia_base_v2,etiquetas_piloto_r2.csv,data/etiquetas/etiquetas_piloto_r2.csv,data/auditoria/revision_etiquetas_piloto_r2_v3/revision.csv,neutral,0,neutral,0,neutral,0,compatible,alta,,Compatible con N/relevancia0: consulta aclaratoria sin contenido de postura,revisado,4155baff8c06faf196db64bc44848a3e1ff1278b50aa3a34683254c41ee6ae82,96,desarrollo_base_v3,si,supervision_oof_control_primario
RPM-2010-07-15:3242:2,ia_base_v2,etiquetas_piloto_r2.csv,data/etiquetas/etiquetas_piloto_r2.csv,data/auditoria/revision_etiquetas_piloto_r2_v3/revision.csv,neutral,1,neutral,1,neutral,1,compatible,alta,"el principal socio comercial que tienen todos los países que están con problemas es el resto de la Zona Euro, con los cuales tienen un tipo de cambio fijo, en cuyo caso la política fiscal puede ser altamente contractiva",Compatible con N: sin dirección respaldada. La unidad no adopta una dirección monetaria propia.,revisado,c99aa78bc084d8296888e3d6f07eacea58286c5e70a9bdb53da802aaf3633310,317,desarrollo_base_v3,si,supervision_oof_control_primario
RPM-2010-07-15:3244:1,ia_base_v2,etiquetas_piloto_r2.csv,data/etiquetas/etiquetas_piloto_r2.csv,data/auditoria/revision_etiquetas_piloto_r2_v3/revision.csv,neutral,1,neutral,1,neutral,1,compatible,alta,"la variación anual del Imacec llegó a 7,1% y, con ello, el nivel de actividad no solo superó lo previsto, sino que alcanzó, incluso, al peak registrado antes de que se desatara la crisis",Compatible con N: sin dirección respaldada. La unidad no adopta una dirección monetaria propia.,revisado,c1d7c4fafb4ece49a380a1b974f9a98a5d5f37b6bacf76ed14daa578001bff1a,2719,desarrollo_base_v3,si,supervision_oof_control_primario
RPM-2010-08-12:3281:1,ia_base_v2,etiquetas_piloto_r2.csv,data/etiquetas/etiquetas_piloto_r2.csv,data/auditoria/revision_etiquetas_piloto_r2_v3/revision.csv,neutral,1,neutral,1,neutral,1,compatible,alta,"el hecho de no contar en estos momentos con la historia de los mismos, no permite tener una idea precisa acerca de la estabilidad actual de esos precios",Compatible con N: sin dirección respaldada. La unidad no adopta una dirección monetaria propia.,revisado,e6ab356fe21fe465d156ddb737b2fa0f52a82db4d4f81910edeb00345bac597d,1027,desarrollo_base_v3,si,supervision_oof_control_primario
RPM-2010-08-12:3306:1,ia_base_v2,etiquetas_piloto_r2.csv,data/etiquetas/etiquetas_piloto_r2.csv,data/auditoria/revision_etiquetas_piloto_r2_v3/revision.csv,neutral,0,neutral,0,neutral,0,compatible,alta,,Compatible con N/relevancia0: consulta aclaratoria sin contenido de postura,revisado,268f0376b79e9271216906e9a97f5955b22e33ac27f475a0ef33d8e08682a7e6,149,desarrollo_base_v3,si,supervision_oof_control_primario
RPM-2010-09-16:3372:1,ia_base_v2,etiquetas_piloto_r2.csv,data/etiquetas/etiquetas_piloto_r2.csv,data/auditoria/revision_etiquetas_piloto_r2_v3/revision.csv,neutral,1,neutral,1,neutral,1,compatible,alta,"con ambas tasas y con las tasas largas de interés, se puede tener toda la dinámica del tipo de cambio",Compatible con N: sin dirección respaldada. La unidad no adopta una dirección monetaria propia.,revisado,818e4ed39048a96d66655352fa398b9d9afaccb6774808f8f74cc3a0e2ad2120,600,desarrollo_base_v3,si,supervision_oof_control_primario
RPM-2010-09-16:3388:2,ia_base_v2,etiquetas_piloto_r2.csv,data/etiquetas/etiquetas_piloto_r2.csv,data/auditoria/revision_etiquetas_piloto_r2_v3/revision.csv,neutral,0,neutral,0,neutral,0,compatible,alta,,"Compatible con N/relevancia0: fragmento de respuesta, sin contenido monetario autónomo",revisado,0ab50f70601b08877da97dc3057a53eaf85d0c2be7852beb4fd3386adbca817c,102,desarrollo_base_v3,si,supervision_oof_control_primario
RPM-2010-09-16:3422:1,ia_base_v2,etiquetas_piloto_r2.csv,data/etiquetas/etiquetas_piloto_r2.csv,data/auditoria/revision_etiquetas_piloto_r2_v3/revision.csv,neutral,0,neutral,0,neutral,0,compatible,alta,,"Compatible con N/relevancia0: adhesión a intervención previa, fragmento incompleto",revisado,1d653909471a8553150ef28711dd13a22047522a0f588bf700500f4b4e6d9f0c,80,desarrollo_base_v3,si,supervision_oof_control_primario
RPM-2010-10-14:3439:3,ia_base_v2,etiquetas_piloto_r2.csv,data/etiquetas/etiquetas_piloto_r2.csv,data/auditoria/revision_etiquetas_piloto_r2_v3/revision.csv,neutral,1,neutral,1,neutral,1,compatible,alta,"de alguna manera, las presiones a la depreciación del yen, como se podría inferir del análisis bilateral nominal, no son tales",Compatible con N: sin dirección respaldada. La unidad no adopta una dirección monetaria propia.,revisado,c380271e45cb48faa9788df5e58e4d6048d354ec8addc2595b995a33d442f8c5,1955,desarrollo_base_v3,si,supervision_oof_control_primario
RPM-2010-10-14:3467:1,ia_base_v2,etiquetas_piloto_r2.csv,data/etiquetas/etiquetas_piloto_r2.csv,data/auditoria/revision_etiquetas_piloto_r2_v3/revision.csv,neutral,1,neutral,1,neutral,1,compatible,alta,"si los flujos de capitales hacia Chile son muy significativos, los chilenos solo estarán dispuestos a comprar esas divisas a un precio reducido, siendo el tipo de cambio el que hace el ajuste",Compatible con N: sin dirección respaldada. La unidad no adopta una dirección monetaria propia.,revisado,1eb9c8b84797ef5d98e54c4febf1e7b0b32eb76fbe0fb1a99cfddbcc0622274c,467,desarrollo_base_v3,si,supervision_oof_control_primario
RPM-2010-10-14:3476:2,ia_base_v2,etiquetas_piloto_r2.csv,data/etiquetas/etiquetas_piloto_r2.csv,data/auditoria/revision_etiquetas_piloto_r2_v3/revision.csv,neutral,1,neutral,1,neutral,1,compatible,alta,"mientras se está en el área de no arbitraje, los diferenciales de tasas explican algo, pero mucho menos cuantitativamente que cuando entran a una zona de arbitraje",Compatible con N: sin dirección respaldada. La unidad no adopta una dirección monetaria propia.,revisado,6227e985a8f9f6b72b3a6d1d04fbee31de069fff56a547b7866b7a4cc103ada5,766,desarrollo_base_v3,si,supervision_oof_control_primario
RPM-2010-10-14:3476:3,ia_base_v2,etiquetas_piloto_r2.csv,data/etiquetas/etiquetas_piloto_r2.csv,data/auditoria/revision_etiquetas_piloto_r2_v3/revision.csv,neutral,1,neutral,1,neutral,1,compatible,alta,"los operadores de mercado y los analistas tienden a pensar, mayoritariamente, que el Consejo va a acordar un aumento de 25 puntos base",Compatible con N: sin dirección respaldada. La unidad no adopta una dirección monetaria propia.,revisado,4c93790b83d92c8c7bfd33680aec6eb0f2cd0ca7baa9a5375a682cc8176ce7cc,2851,desarrollo_base_v3,si,supervision_oof_control_primario
RPM-2010-10-14:3493:1,ia_base_v2,etiquetas_piloto_r2.csv,data/etiquetas/etiquetas_piloto_r2.csv,data/auditoria/revision_etiquetas_piloto_r2_v3/revision.csv,neutral,0,neutral,0,neutral,0,compatible,alta,,Compatible con N/relevancia0: aprobación del texto del comunicado y cierre de sesión,revisado,21460c78e56709a85aa49b7aabf4cfb6f8e673476a9c73eff7b5081e1f05266c,83,desarrollo_base_v3,si,supervision_oof_control_primario
RPM-2010-11-16:3538:1,ia_base_v2,etiquetas_piloto_r2.csv,data/etiquetas/etiquetas_piloto_r2.csv,data/auditoria/revision_etiquetas_piloto_r2_v3/revision.csv,neutral,1,neutral,1,neutral,1,compatible,alta,"la actividad real continúa vigorosa y que, en septiembre, creció 6,5% en doce meses",Compatible con N: sin dirección respaldada. La unidad no adopta una dirección monetaria propia.,revisado,340db2bc599fbbd5dcf4760a09955d71875af9b541d0782b33a4cf2a920d42fc,902,desarrollo_base_v3,si,supervision_oof_control_primario
RPM-2010-11-16:3568:1,ia_base_v2,etiquetas_piloto_r2.csv,data/etiquetas/etiquetas_piloto_r2.csv,data/auditoria/revision_etiquetas_piloto_r2_v3/revision.csv,neutral,1,neutral,1,neutral,1,compatible,alta,"lo que interesa en este tipo de escenario es la evolución del sector privado, que entra en trayectorias que suelen corregirse muy bruscamente",Compatible con N: sin dirección respaldada. La unidad no adopta una dirección monetaria propia.,revisado,267ab688b196b4ef85479bafd16bb0aa51bb24d8ce21b856fecd3f5348c66e0c,366,desarrollo_base_v3,si,supervision_oof_control_primario
RPM-2010-12-16:3584:1,ia_base_v2,etiquetas_piloto_r2.csv,data/etiquetas/etiquetas_piloto_r2.csv,data/auditoria/revision_etiquetas_piloto_r2_v3/revision.csv,neutral,0,neutral,0,neutral,0,compatible,alta,,Compatible con N/relevancia0: apertura de sesión y fijación de fecha de reunión,revisado,d516c59e80eb65b23bf269f70a7c379883c20d020bd04351a9939d9f23183ac8,593,desarrollo_base_v3,si,supervision_oof_control_primario
RPM-2010-12-16:3615:1,ia_base_v2,etiquetas_piloto_r2.csv,data/etiquetas/etiquetas_piloto_r2.csv,data/auditoria/revision_etiquetas_piloto_r2_v3/revision.csv,neutral,1,neutral,1,neutral,1,compatible,alta,"el costo de importación del gas se corrigió al alza y, por ende, el valor agregado cayó",Compatible con N: sin dirección respaldada. La unidad no adopta una dirección monetaria propia.,revisado,8a97fe2936b37251ac31756f9b58aa15c8b8db97002b22215a948ee109722522,198,desarrollo_base_v3,si,supervision_oof_control_primario
RPM-2010-12-16:3620:1,ia_base_v2,etiquetas_piloto_r2.csv,data/etiquetas/etiquetas_piloto_r2.csv,data/auditoria/revision_etiquetas_piloto_r2_v3/revision.csv,neutral,1,neutral,1,neutral,1,compatible,alta,"cuya alza fue inferior a la esperada, así como por las matriculas que, en general, se han reajustado en un porcentaje menor a la variación experimentada por el IPC",Compatible con N: sin dirección respaldada. La unidad no adopta una dirección monetaria propia.,revisado,3122fb7e2818e9fef0cf7d37eb65b9a3e67db5fc3807b143847b810035aabc42,429,desarrollo_base_v3,si,supervision_oof_control_primario
RPM-2010-12-16:3633:1,ia_base_v2,etiquetas_piloto_r2.csv,data/etiquetas/etiquetas_piloto_r2.csv,data/auditoria/revision_etiquetas_piloto_r2_v3/revision.csv,neutral,0,neutral,0,neutral,0,compatible,alta,,Compatible con N/relevancia0: ofrecimiento de la palabra,revisado,ef3c1989c812fd0dda9ed028050410dded0c771314f02ddc40636221d2f9ddcf,245,desarrollo_base_v3,si,supervision_oof_control_primario
RPM-2011-01-13:3695:1,ia_base_v2,etiquetas_piloto_r2.csv,data/etiquetas/etiquetas_piloto_r2.csv,data/auditoria/revision_etiquetas_piloto_r2_v3/revision.csv,neutral,0,neutral,0,neutral,0,compatible,alta,,Compatible con N/relevancia0: consulta aclaratoria sin contenido de postura,revisado,4cb8a25a115ca7ed4d281af4da37737a1c59f6aa6b3902a68246c8ce1e41a389,98,desarrollo_base_v3,si,supervision_oof_control_primario
RPM-2011-02-17:3728:1,ia_base_v2,etiquetas_piloto_r2.csv,data/etiquetas/etiquetas_piloto_r2.csv,data/auditoria/revision_etiquetas_piloto_r2_v3/revision.csv,neutral,1,neutral,1,neutral,1,compatible,alta,"las condiciones asociadas a empresas vienen mejorando desde hace un año, pero de niveles probablemente muy restrictivos",Compatible con N: sin dirección respaldada. La unidad no adopta una dirección monetaria propia.,revisado,dd5b9a3c9c496ff9ae17730c3200afe9c16c112617a618114faa2e1456d6d545,1566,desarrollo_base_v3,si,supervision_oof_control_primario
RPM-2011-02-17:3814:1,ia_base_v2,etiquetas_piloto_r2.csv,data/etiquetas/etiquetas_piloto_r2.csv,data/auditoria/revision_etiquetas_piloto_r2_v3/revision.csv,neutral,0,neutral,0,neutral,0,compatible,alta,,Compatible con N/relevancia0: aprobación del texto del comunicado y cierre de sesión,revisado,39cd9aa437e60b76d54eb41394684c00e46f6c4b0495efb0166f5108b8ab20ad,83,desarrollo_base_v3,si,supervision_oof_control_primario
RPM-2011-03-17:3828:1,ia_base_v2,etiquetas_piloto_r2.csv,data/etiquetas/etiquetas_piloto_r2.csv,data/auditoria/revision_etiquetas_piloto_r2_v3/revision.csv,neutral,1,neutral,1,neutral,1,compatible,alta,"Arabia Saudita es el único país productor de petróleo que hoy presenta holgura, mientras que los restantes tienen muy poca capacidad",Compatible con N: sin dirección respaldada. La unidad no adopta una dirección monetaria propia.,revisado,8e39aed15cbe3ad450733277cf1c1bdcc697a1cf96cc766b55b2a12f40f28981,202,desarrollo_base_v3,si,supervision_oof_control_primario
RPM-2011-03-17:3841:1,ia_base_v2,etiquetas_piloto_r2.csv,data/etiquetas/etiquetas_piloto_r2.csv,data/auditoria/revision_etiquetas_piloto_r2_v3/revision.csv,neutral,1,neutral,1,neutral,1,compatible,alta,todos los bancos centrales que tienen metas de inflación no pueden hacer frente a shocks de la naturaleza como el que ha generado el petróleo en las últimas semanas,Compatible con N: sin dirección respaldada. La unidad no adopta una dirección monetaria propia.,revisado,d416ca2e8907a1bb104c7f124bea725049da8f2c2106c8c2c1860b27f911f51a,634,desarrollo_base_v3,si,supervision_oof_control_primario
RPM-2011-03-17:3858:1,ia_base_v2,etiquetas_piloto_r2.csv,data/etiquetas/etiquetas_piloto_r2.csv,data/auditoria/revision_etiquetas_piloto_r2_v3/revision.csv,neutral,1,neutral,1,neutral,1,compatible,media,le extrañó que la prensa informara el día anterior que la aplicación del Sipco generaría una caída de $20 en la tarifa del Transantiago la próxima semana,Compatible con N: sin dirección respaldada. La unidad no adopta una dirección monetaria propia.,revisado,e0849b3beb96dc8bc7b66baa7fcb9a99e1015849949d16c112cfa69a23a73058,201,desarrollo_base_v3,si,supervision_oof_control_primario
RPM-2011-05-12:3973:1,ia_base_v2,etiquetas_piloto_r2.csv,data/etiquetas/etiquetas_piloto_r2.csv,data/auditoria/revision_etiquetas_piloto_r2_v3/revision.csv,neutral,1,neutral,1,neutral,1,compatible,alta,las señales del último mes dan cuenta de que la recuperación de la actividad en las economías desarrolladas estaría perdiendo fuerza,Compatible con N: sin dirección respaldada. La unidad no adopta una dirección monetaria propia.,revisado,c8c00603966b8d48d7f31aa5775f7e26284fd3f8ff7c68443cb9f9d54ca4fc9a,4133,desarrollo_base_v3,si,supervision_oof_control_primario
RPM-2011-05-12:3978:1,ia_base_v2,etiquetas_piloto_r2.csv,data/etiquetas/etiquetas_piloto_r2.csv,data/auditoria/revision_etiquetas_piloto_r2_v3/revision.csv,neutral,1,neutral,1,neutral,1,compatible,media,"Chile es celeste en industria, pero no lo es en actividad económica",Compatible con N: sin dirección respaldada. La unidad no adopta una dirección monetaria propia.,revisado,0ed0ed706684885498459caced9be00b144253f40831b5de2c88633a29a64b31,115,desarrollo_base_v3,si,supervision_oof_control_primario
RPM-2011-05-12:3989:1,ia_base_v2,etiquetas_piloto_r2.csv,data/etiquetas/etiquetas_piloto_r2.csv,data/auditoria/revision_etiquetas_piloto_r2_v3/revision.csv,neutral,1,neutral,1,neutral,1,compatible,media,ha aumentado la tolerancia a la apreciación,Compatible con N: sin dirección respaldada. La unidad no adopta una dirección monetaria propia.,revisado,a6d8e6389d4aa02af729416414c3bb2b8ded5efa6c498a6624552f08bbc5a259,184,desarrollo_base_v3,si,supervision_oof_control_primario
RPM-2011-05-12:4015:1,ia_base_v2,etiquetas_piloto_r2.csv,data/etiquetas/etiquetas_piloto_r2.csv,data/auditoria/revision_etiquetas_piloto_r2_v3/revision.csv,neutral,0,neutral,0,neutral,0,compatible,alta,,Compatible con N/relevancia0: consulta aclaratoria sin contenido de postura,revisado,4d26392f2be4ef1d7ebc7e9c9bd5e2d208523932a2aca5a2d39a7abcccd83b08,83,desarrollo_base_v3,si,supervision_oof_control_primario
RPM-2011-05-12:4024:1,ia_base_v2,etiquetas_piloto_r2.csv,data/etiquetas/etiquetas_piloto_r2.csv,data/auditoria/revision_etiquetas_piloto_r2_v3/revision.csv,neutral,1,neutral,1,neutral,1,compatible,alta,"el tipo de cambio se ha apreciado desde la última RPM, fundamentalmente por los movimientos que ha registrado el dólar",Compatible con N: sin dirección respaldada. La unidad no adopta una dirección monetaria propia.,revisado,5cd8b3962712fb784b4f6633fe074c8b5524e0555235d91eb3f6048bd889a340,1011,desarrollo_base_v3,si,supervision_oof_control_primario
RPM-2011-05-12:4047:1,ia_base_v2,etiquetas_piloto_r2.csv,data/etiquetas/etiquetas_piloto_r2.csv,data/auditoria/revision_etiquetas_piloto_r2_v3/revision.csv,hawkish,1,hawkish,1,hawkish,1,compatible,alta,el Ministerio de Hacienda cree que se debe actuar aumentando la TPM solo en 25 puntos base,Compatible con hawkish: . La dirección está respaldada en la unidad y no depende solo del menú o fase.,revisado,70a4de5693173480291fe5fa84c0fed4d7ca3d2eab1103555c06607572c0a670,7738,desarrollo_base_v3,si,supervision_oof_control_primario
RPM-2011-06-14:4062:1,ia_base_v2,etiquetas_piloto_r2.csv,data/etiquetas/etiquetas_piloto_r2.csv,data/auditoria/revision_etiquetas_piloto_r2_v3/revision.csv,neutral,1,neutral,1,neutral,1,compatible,alta,"dada esa desaceleración, y considerando que hay un cierto rango de tolerancia para efectos de definir si está o no en tendencia, China vuelve a niveles de tendencia",Compatible con N: sin dirección respaldada. La unidad no adopta una dirección monetaria propia.,revisado,c623a6b9ae357317da1ee2f952e5a720f8626652db665985ac397d26961a35b4,601,desarrollo_base_v3,si,supervision_oof_control_primario
RPM-2011-06-14:4106:1,ia_base_v2,etiquetas_piloto_r2.csv,data/etiquetas/etiquetas_piloto_r2.csv,data/auditoria/revision_etiquetas_piloto_r2_v3/revision.csv,hawkish,1,hawkish,1,hawkish,1,compatible,alta,Expresa que la recomendación de elevar la TPM en 25 puntos base es consecuente con esta estrategia,Compatible con hawkish: . La dirección está respaldada en la unidad y no depende solo del menú o fase.,revisado,f603253b37b1dac66e8c7b1200f0309682a74fff79d9a2cc08c22b1373bf0d0c,9147,desarrollo_base_v3,si,supervision_oof_control_primario
RPM-2011-07-14:4134:1,ia_base_v2,etiquetas_piloto_r2.csv,data/etiquetas/etiquetas_piloto_r2.csv,data/auditoria/revision_etiquetas_piloto_r2_v3/revision.csv,neutral,0,neutral,0,neutral,0,compatible,alta,,Compatible con N/relevancia0: sugerencia metodológica de presentación de datos,revisado,b6dd4cad7b8601865febfdc621a64d4e5e3d5618278a873b6b10b582de5d0c1b,106,desarrollo_base_v3,si,supervision_oof_control_primario
RPM-2011-07-14:4182:2,ia_base_v2,etiquetas_piloto_r2.csv,data/etiquetas/etiquetas_piloto_r2.csv,data/auditoria/revision_etiquetas_piloto_r2_v3/revision.csv,neutral,0,neutral,0,neutral,0,compatible,alta,,"Compatible con N/relevancia0: fragmento de confirmación, sin contenido monetario autónomo",revisado,2a546d49a1d7adebffae99158e6a4b913e2672a5e954d551844867ce0218c0fa,182,desarrollo_base_v3,si,supervision_oof_control_primario
RPM-2011-08-18:4224:2,ia_base_v2,etiquetas_piloto_r2.csv,data/etiquetas/etiquetas_piloto_r2.csv,data/auditoria/revision_etiquetas_piloto_r2_v3/revision.csv,neutral,1,neutral,1,neutral,1,compatible,alta,"los CDS de Italia y España también alcanzaron niveles en torno a 400 puntos base, pero que disminuyeron una vez que el Banco Central Europeo decidió comprar bonos de ambas economías",Compatible con N: sin dirección respaldada. La unidad no adopta una dirección monetaria propia.,revisado,9337758a79c57fb2b114666091dd116629959242835004ccd3433670e0e37ccf,966,desarrollo_base_v3,si,supervision_oof_control_primario
RPM-2011-08-18:4263:1,ia_base_v2,etiquetas_piloto_r2.csv,data/etiquetas/etiquetas_piloto_r2.csv,data/auditoria/revision_etiquetas_piloto_r2_v3/revision.csv,neutral,0,neutral,0,neutral,0,compatible,alta,,Compatible con N/relevancia0: consulta aclaratoria sin contenido de postura,revisado,c8180fb19552e641d65233b87655573fd789df87bb38608b61084576f926472e,136,desarrollo_base_v3,si,supervision_oof_control_primario
RPM-2011-08-18:4272:1,ia_base_v2,etiquetas_piloto_r2.csv,data/etiquetas/etiquetas_piloto_r2.csv,data/auditoria/revision_etiquetas_piloto_r2_v3/revision.csv,dovish,1,dovish,1,neutral,1,cambio_etiqueta,alta,quitar el sesgo restrictivo a la política monetaria de los Comunicados anteriores,"Mantiene la tasa y elimina el sesgo restrictivo para recuperar flexibilidad, sin respaldar una baja ni un sesgo expansivo. Retirar H no crea automáticamente D: corresponde N.",revisado,8a59b77d976cb142c0bec4f0b12f80a330543bea7e6f9b21785c5600853d47c0,8090,desarrollo_base_v3,si,supervision_oof_control_primario
RPM-2011-10-13:4376:1,ia_base_v2,etiquetas_piloto_r2.csv,data/etiquetas/etiquetas_piloto_r2.csv,data/auditoria/revision_etiquetas_piloto_r2_v3/revision.csv,neutral,1,neutral,1,neutral,1,compatible,alta,la proyección interna para el presente año y el próximo constituye la primera corrección a la baja desde el año 2009,Compatible con N: sin dirección respaldada. La unidad no adopta una dirección monetaria propia.,revisado,49420c357963e795fa9b64dc6c2de92c1e0fe7865897a31e26f1e4708eb1e24a,3450,desarrollo_base_v3,si,supervision_oof_control_primario
RPM-2011-10-13:4392:1,ia_base_v2,etiquetas_piloto_r2.csv,data/etiquetas/etiquetas_piloto_r2.csv,data/auditoria/revision_etiquetas_piloto_r2_v3/revision.csv,dovish,1,dovish,1,dovish,1,compatible,media,los antecedentes que se han acumulado en los últimos meses permiten descartar con alta probabilidad un alza futura de las tasas de interés y que más bien van configurando un panorama donde resulta más claro pensar que el próximo movimiento debiera ser a la baja,Compatible con dovish: . La dirección está respaldada en la unidad y no depende solo del menú o fase.,revisado,02401d9794d6a8d4c8d0db909d1584255888fbd213c7ab14088f61804e611253,5582,desarrollo_base_v3,si,supervision_oof_control_primario
RPM-2011-11-15:4413:2,ia_base_v2,etiquetas_piloto_r2.csv,data/etiquetas/etiquetas_piloto_r2.csv,data/auditoria/revision_etiquetas_piloto_r2_v3/revision.csv,neutral,1,neutral,1,neutral,1,compatible,alta,la OCDE ha estimado que no llegar a acuerdo significará un ajuste fiscal de 2 puntos del PIB en el año 2012 y de 3 puntos en el 2013,Compatible con N: sin dirección respaldada. La unidad no adopta una dirección monetaria propia.,revisado,8303edc74750f2ccb288d0e77eafc2abae4e654c176c2fa7e1b5a1c462e22def,175,desarrollo_base_v3,si,supervision_oof_control_primario
RPM-2011-11-15:4419:1,ia_base_v2,etiquetas_piloto_r2.csv,data/etiquetas/etiquetas_piloto_r2.csv,data/auditoria/revision_etiquetas_piloto_r2_v3/revision.csv,neutral,1,neutral,1,neutral,1,compatible,media,manifiesta su extrañeza respecto del comportamiento del precio del petróleo y de la gasolina,Compatible con N: sin dirección respaldada. La unidad no adopta una dirección monetaria propia.,revisado,b1fef03be4a097dc52786ab4fad7c3e6674e258ca52c40a47c7970e23a4cc682,130,desarrollo_base_v3,si,supervision_oof_control_primario
RPM-2011-11-15:4428:1,ia_base_v2,etiquetas_piloto_r2.csv,data/etiquetas/etiquetas_piloto_r2.csv,data/auditoria/revision_etiquetas_piloto_r2_v3/revision.csv,neutral,1,neutral,1,neutral,1,compatible,alta,"si bien Europa atraviesa por una situación muy compleja, no explotará",Compatible con N: sin dirección respaldada. La unidad no adopta una dirección monetaria propia.,revisado,52f0c7802ff3463d39f9b49d712d3eaa7c37e22267e3b7920cec579dd88eb834,1135,desarrollo_base_v3,si,supervision_oof_control_primario
RPM-2011-11-15:4433:2,ia_base_v2,etiquetas_piloto_r2.csv,data/etiquetas/etiquetas_piloto_r2.csv,data/auditoria/revision_etiquetas_piloto_r2_v3/revision.csv,neutral,1,neutral,1,neutral,1,compatible,alta,"ello ha mantenido una presión en los salarios, que se han incrementado en torno a 3% real en el margen",Compatible con N: sin dirección respaldada. La unidad no adopta una dirección monetaria propia.,revisado,3b8671b1bdfefb59d8c06b45054ac55aaf11593b942eb0b97012103d3ed9d8d2,705,desarrollo_base_v3,si,supervision_oof_control_primario
RPM-2011-11-15:4434:1,ia_base_v2,etiquetas_piloto_r2.csv,data/etiquetas/etiquetas_piloto_r2.csv,data/auditoria/revision_etiquetas_piloto_r2_v3/revision.csv,neutral,1,neutral,1,neutral,1,compatible,alta,"repara en la revisión de las proyecciones del sector agrícola, que no crecería 6,7% en el tercer trimestre como estaba previsto, sino que solo lo haría en un 3,2%",Compatible con N: sin dirección respaldada. La unidad no adopta una dirección monetaria propia.,revisado,e0eb2ff05c10549ce51520e27c8a07c59f1678f9727f8e6bc68ad5ee60ebfe50,201,desarrollo_base_v3,si,supervision_oof_control_primario
RPM-2011-11-15:4444:3,ia_base_v2,etiquetas_piloto_r2.csv,data/etiquetas/etiquetas_piloto_r2.csv,data/auditoria/revision_etiquetas_piloto_r2_v3/revision.csv,neutral,0,neutral,0,neutral,0,compatible,alta,,Compatible con N/relevancia0: consulta aclaratoria sin contenido de postura,revisado,583a4a4498e01d73dc207838528dcf70504b126555a49b916d74d00de43ddce6,72,desarrollo_base_v3,si,supervision_oof_control_primario
RPM-2011-11-15:4456:2,ia_base_v2,etiquetas_piloto_r2.csv,data/etiquetas/etiquetas_piloto_r2.csv,data/auditoria/revision_etiquetas_piloto_r2_v3/revision.csv,neutral,0,neutral,0,neutral,0,compatible,alta,,Compatible con N/relevancia0: ofrecimiento de la palabra,revisado,97f96614853cc89454881703f1b5ae1b4920a5b2f25eda256f101bf180fb2f30,152,desarrollo_base_v3,si,supervision_oof_control_primario
RPM-2011-12-13:4461:1,ia_base_v2,etiquetas_piloto_r2.csv,data/etiquetas/etiquetas_piloto_r2.csv,data/auditoria/revision_etiquetas_piloto_r2_v3/revision.csv,neutral,0,neutral,0,neutral,0,compatible,alta,,Compatible con N/relevancia0: apertura de sesión y fijación de fecha de reunión,revisado,b996379bd4ff7c7f1a455a840c06a617aa503c41f4b097bf2ea34ee3de35cb60,536,desarrollo_base_v3,si,supervision_oof_control_primario
RPM-2011-12-13:4466:1,ia_base_v2,etiquetas_piloto_r3.csv,data/etiquetas/etiquetas_piloto_r3.csv,data/auditoria/revision_etiquetas_piloto_r3_v3/revision.csv,neutral,1,neutral,1,neutral,1,compatible,alta,varias economías reanudaron sus procesos de reducción de tasas,Compatible con N: sin dirección respaldada. La unidad no adopta una dirección monetaria propia.,revisado,44878e455a09838f4a96fb9ce0d8bbdf211bce07654f41d9394b9746ad3a40ff,3323,desarrollo_base_v3,si,supervision_oof_control_primario
RPM-2011-12-13:4502:3,ia_base_v2,etiquetas_piloto_r3.csv,data/etiquetas/etiquetas_piloto_r3.csv,data/auditoria/revision_etiquetas_piloto_r3_v3/revision.csv,neutral,0,neutral,0,neutral,0,compatible,alta,,Compatible con N/relevancia0: reanudación de sesión,revisado,1d64b6e720f1224be7307b3c87cefade9b88f76e26eb3ba10e7efcb00a5d9288,75,desarrollo_base_v3,si,supervision_oof_control_primario
RPM-2012-01-12:4528:1,ia_base_v2,etiquetas_piloto_r3.csv,data/etiquetas/etiquetas_piloto_r3.csv,data/auditoria/revision_etiquetas_piloto_r3_v3/revision.csv,neutral,0,neutral,0,neutral,0,compatible,alta,,Compatible con N/relevancia0: consulta aclaratoria sin contenido de postura,revisado,57e2a8cb4b6289f86522312ab7f4f13a9812955b8cb11fef09cd7d3df11d18d3,113,desarrollo_base_v3,si,supervision_oof_control_primario
RPM-2012-01-12:4537:2,ia_base_v2,etiquetas_piloto_r3.csv,data/etiquetas/etiquetas_piloto_r3.csv,data/auditoria/revision_etiquetas_piloto_r3_v3/revision.csv,neutral,1,neutral,1,neutral,1,compatible,alta,la incertidumbre respecto del precio del petróleo en los meses venideros es bastante significativa,Compatible con N: sin dirección respaldada. La unidad no adopta una dirección monetaria propia.,revisado,a60d91a0165a0ffd08cbdc01887cf506683e01449f63501977bee8f06d577403,3153,desarrollo_base_v3,si,supervision_oof_control_primario
RPM-2012-01-12:4559:1,ia_base_v2,etiquetas_piloto_r3.csv,data/etiquetas/etiquetas_piloto_r3.csv,data/auditoria/revision_etiquetas_piloto_r3_v3/revision.csv,neutral,1,neutral,1,neutral,1,compatible,alta,su sugerencia apunta a ser cautelosos a la hora de extraer conclusiones muy definitivas respecto de los movimientos que se puedan estar apreciando en los mercados,Compatible con N: sin dirección respaldada. La unidad no adopta una dirección monetaria propia.,revisado,98df7040cc70a0071ba25ca9ad4c33b81e2f861507e82f70b68e07e633afd4e6,1188,desarrollo_base_v3,si,supervision_oof_control_primario
RPM-2012-02-14:4615:1,ia_base_v2,etiquetas_piloto_r3.csv,data/etiquetas/etiquetas_piloto_r3.csv,data/auditoria/revision_etiquetas_piloto_r3_v3/revision.csv,neutral,0,neutral,0,neutral,0,compatible,alta,,Compatible con N/relevancia0: consulta aclaratoria sin contenido de postura,revisado,f0fcb0935f2bc2e7d24a02f49aac648fc54cf02fed7dfa8ba26bce1142216896,225,desarrollo_base_v3,si,supervision_oof_control_primario
RPM-2012-02-14:4640:1,ia_base_v2,etiquetas_piloto_r3.csv,data/etiquetas/etiquetas_piloto_r3.csv,data/auditoria/revision_etiquetas_piloto_r3_v3/revision.csv,neutral,0,neutral,0,neutral,0,compatible,alta,,Compatible con N/relevancia0: fórmula protocolar de felicitación,revisado,e8b2d66beb439f19e6eba53e3a42d5f7faf3a6f3a75e7a6e79a4bc3230d87e87,210,desarrollo_base_v3,si,supervision_oof_control_primario
RPM-2012-03-15:4713:1,ia_base_v2,etiquetas_piloto_r3.csv,data/etiquetas/etiquetas_piloto_r3.csv,data/auditoria/revision_etiquetas_piloto_r3_v3/revision.csv,neutral,1,neutral,1,neutral,1,compatible,alta,la mayor parte del repunte de la demanda se concentró también en las compras de durables e importaciones de capital,Compatible con N: sin dirección respaldada. La unidad no adopta una dirección monetaria propia.,revisado,0767903e4b3e201f0cc5ca225005d79dd4a41c531f227332abd0bdd655ae1aa4,205,desarrollo_base_v3,si,supervision_oof_control_primario
RPM-2012-03-15:4719:6,ia_base_v2,etiquetas_piloto_r3.csv,data/etiquetas/etiquetas_piloto_r3.csv,data/auditoria/revision_etiquetas_piloto_r3_v3/revision.csv,neutral,1,neutral,1,neutral,1,compatible,alta,"la velocidad de la inflación subyacente ha tendido a aumentar en los últimos meses, explicando, en parte, la corrección al alza en la proyección de inflación",Compatible con N: sin dirección respaldada. La unidad no adopta una dirección monetaria propia.,revisado,3a134f1ad89803964c6b5d9090917c148965fdbe8c46ff60bfa9989da6eeb104,4926,desarrollo_base_v3,si,supervision_oof_control_primario
RPM-2012-05-17:4812:1,ia_base_v2,etiquetas_piloto_r3.csv,data/etiquetas/etiquetas_piloto_r3.csv,data/auditoria/revision_etiquetas_piloto_r3_v3/revision.csv,neutral,1,neutral,1,neutral,1,compatible,alta,el Board de la Reserva Federal estaría mayormente inclinado a diseñar algún mecanismo para continuar con la tasa de interés inalterada,Compatible con N: sin dirección respaldada. La unidad no adopta una dirección monetaria propia.,revisado,e589ea0e66256e609184f63f8493c16e55780baceda96d8654e7a73aa2306f93,224,desarrollo_base_v3,si,supervision_oof_control_primario
RPM-2012-05-17:4825:1,ia_base_v2,etiquetas_piloto_r3.csv,data/etiquetas/etiquetas_piloto_r3.csv,data/auditoria/revision_etiquetas_piloto_r3_v3/revision.csv,neutral,1,neutral,1,neutral,1,compatible,alta,"el alto dinamismo del sector EGA, que registró una tasa de crecimiento superior a 20%",Compatible con N: sin dirección respaldada. La unidad no adopta una dirección monetaria propia.,revisado,8acae40b9a0cc72ad75b56a030a2257e10e34d803aaeb75fcf55c1ddd55495e8,2087,desarrollo_base_v3,si,supervision_oof_control_primario
RPM-2012-06-14:4862:1,ia_base_v2,etiquetas_piloto_r3.csv,data/etiquetas/etiquetas_piloto_r3.csv,data/auditoria/revision_etiquetas_piloto_r3_v3/revision.csv,neutral,1,neutral,1,neutral,1,compatible,alta,lo expuesto ha dado espacio para aplicar políticas monetarias más expansivas,Compatible con N: sin dirección respaldada. La unidad no adopta una dirección monetaria propia.,revisado,d989378adf4c7445d94c0b8e7c23c6c4f3fc5d28a4fcb055545fce5fff679fed,2350,desarrollo_base_v3,si,supervision_oof_control_primario
RPM-2012-06-14:4885:3,ia_base_v2,etiquetas_piloto_r3.csv,data/etiquetas/etiquetas_piloto_r3.csv,data/auditoria/revision_etiquetas_piloto_r3_v3/revision.csv,neutral,0,neutral,0,neutral,0,compatible,alta,,Compatible con N/relevancia0: reanudación de sesión e incorporación de asistentes,revisado,9bf0c299916732f783259bd5fe5dfb6901f035184c0696fa7efd4ea13c400ddf,200,desarrollo_base_v3,si,supervision_oof_control_primario
RPM-2012-07-12:4934:1,ia_base_v2,etiquetas_piloto_r3.csv,data/etiquetas/etiquetas_piloto_r3.csv,data/auditoria/revision_etiquetas_piloto_r3_v3/revision.csv,neutral,1,neutral,1,neutral,1,compatible,media,cuya proyección de crecimiento para el segundo y tercer trimestre disminuye respecto de lo contemplado en IPoM del mes de junio pasado,Compatible con N: sin dirección respaldada. La unidad no adopta una dirección monetaria propia.,revisado,c47ec203958df0aef505b005f1e883a428243af44e7d1a30f0e5fe792b91a0ac,201,desarrollo_base_v3,si,supervision_oof_control_primario
RPM-2012-07-12:4942:1,ia_base_v2,etiquetas_piloto_r3.csv,data/etiquetas/etiquetas_piloto_r3.csv,data/auditoria/revision_etiquetas_piloto_r3_v3/revision.csv,neutral,1,neutral,1,neutral,1,compatible,alta,"la proyección de inflación en doce meses se ha corregido hasta un 2,1%, desde el 2,7% informado en el último IPoM de junio",Compatible con N: sin dirección respaldada. La unidad no adopta una dirección monetaria propia.,revisado,8ef3a1304cf754da6562f7b1c0d036250eef1be6f0d8c68bf4ee185b43bc9145,291,desarrollo_base_v3,si,supervision_oof_control_primario
RPM-2012-08-16:4989:1,ia_base_v2,etiquetas_piloto_r3.csv,data/etiquetas/etiquetas_piloto_r3.csv,data/auditoria/revision_etiquetas_piloto_r3_v3/revision.csv,neutral,1,neutral,1,neutral,1,compatible,alta,"la principal novedad en materia de actividad es la desaceleración de las economías emergentes, especialmente la de China",Compatible con N: sin dirección respaldada. La unidad no adopta una dirección monetaria propia.,revisado,86dbfdf36c1fc7de457613c162e7425339fb43a6d6c0210b824e44ceb39f8eba,2161,desarrollo_base_v3,si,supervision_oof_control_primario
RPM-2012-08-16:5008:1,ia_base_v2,etiquetas_piloto_r3.csv,data/etiquetas/etiquetas_piloto_r3.csv,data/auditoria/revision_etiquetas_piloto_r3_v3/revision.csv,neutral,1,neutral,1,neutral,1,compatible,alta,"le sorprende que se anticipe un grado de desaceleración del sector construcción hacia el cuarto trimestre, considerando que la gran mayoría de los proyectos actualmente vigentes se encuentran en etapa de construcción",Compatible con N: sin dirección respaldada. La unidad no adopta una dirección monetaria propia.,revisado,7aae52bcf99b399e42e2da3964ff1b02eb3cbf2c6fdbfaff52910899c286fcc0,951,desarrollo_base_v3,si,supervision_oof_control_primario
RPM-2012-09-13:5044:1,ia_base_v2,etiquetas_piloto_r3.csv,data/etiquetas/etiquetas_piloto_r3.csv,data/auditoria/revision_etiquetas_piloto_r3_v3/revision.csv,neutral,0,neutral,0,neutral,0,compatible,alta,,Compatible con N/relevancia0: consulta aclaratoria sin contenido de postura,revisado,dabb57b980956feacb3ccf502c2463d322b2fcfd3c4bd6ec8a35b0f7c90abb35,241,desarrollo_base_v3,si,supervision_oof_control_primario
RPM-2012-09-13:5084:2,ia_base_v2,etiquetas_piloto_r3.csv,data/etiquetas/etiquetas_piloto_r3.csv,data/auditoria/revision_etiquetas_piloto_r3_v3/revision.csv,neutral,1,neutral,1,neutral,1,compatible,alta,el Ministerio de Hacienda sugiere mantener la tasa de política monetaria en su nivel actual y validar así las expectativas del mercado,Compatible con N: sin dirección respaldada. La unidad no adopta una dirección monetaria propia.,revisado,73fdd1cf2e1ce08cd07d35c2f5a5fe818f93ebc2fa572f5a53d7baf8c8b9f54f,7690,desarrollo_base_v3,si,supervision_oof_control_primario
RPM-2012-10-18:5131:1,ia_base_v2,etiquetas_piloto_r3.csv,data/etiquetas/etiquetas_piloto_r3.csv,data/auditoria/revision_etiquetas_piloto_r3_v3/revision.csv,neutral,1,neutral,1,neutral,1,compatible,alta,"considerando una inflación proyectada para el presente año del orden del 2,1%, sería complejo justificar un crecimiento de la productividad en torno a 4%",Compatible con N: sin dirección respaldada. La unidad no adopta una dirección monetaria propia.,revisado,f078c5c8930d5cc22883b02882a2891fb3e598ca037d859ef0fd93cedd6c24db,439,desarrollo_base_v3,si,supervision_oof_control_primario
RPM-2012-10-18:5137:1,ia_base_v2,etiquetas_piloto_r3.csv,data/etiquetas/etiquetas_piloto_r3.csv,data/auditoria/revision_etiquetas_piloto_r3_v3/revision.csv,neutral,1,neutral,1,neutral,1,compatible,alta,"el IPC alcanzaría a 2,1% al término del presente año y que en los meses siguientes se observarían registros inflacionarios anuales en torno a esa cifra",Compatible con N: sin dirección respaldada. La unidad no adopta una dirección monetaria propia.,revisado,667d7d43e5f8618873bf2a151b4d8c0c2808e3b069e6133e42d8276e5dad100c,3047,desarrollo_base_v3,si,supervision_oof_control_primario
RPM-2012-10-18:5149:1,ia_base_v2,etiquetas_piloto_r3.csv,data/etiquetas/etiquetas_piloto_r3.csv,data/auditoria/revision_etiquetas_piloto_r3_v3/revision.csv,neutral,1,neutral,1,neutral,1,compatible,alta,se sugiere mantener la tasa de política monetaria en su nivel actual y validar así las expectativas del mercado,Compatible con N: sin dirección respaldada. La unidad no adopta una dirección monetaria propia.,revisado,be6faf366fd746a12c3ace6f80c69c27e7a5f8ff7795fb99bf9319f2e063af1f,613,desarrollo_base_v3,si,supervision_oof_control_primario
RPM-2012-10-18:5159:3,ia_base_v2,etiquetas_piloto_r3.csv,data/etiquetas/etiquetas_piloto_r3.csv,data/auditoria/revision_etiquetas_piloto_r3_v3/revision.csv,neutral,1,neutral,1,neutral,1,compatible,alta,el Consejo del Banco Central de Chile acordó mantener la Tasa de Interés de Política Monetaria en 5% anual,Compatible con N: sin dirección respaldada. La unidad no adopta una dirección monetaria propia.,revisado,f84f10f236b648fbc296139b84f4c027822df316a386b915d63cbd18870c288a,2126,desarrollo_base_v3,si,supervision_oof_control_primario
RPM-2012-11-13:5166:1,ia_base_v2,etiquetas_piloto_r3.csv,data/etiquetas/etiquetas_piloto_r3.csv,data/auditoria/revision_etiquetas_piloto_r3_v3/revision.csv,neutral,1,neutral,1,neutral,1,compatible,alta,"las colocaciones se desaceleran en Brasil, Colombia, México y Perú, mientras que Chile exhibe un patrón similar en este ámbito",Compatible con N: sin dirección respaldada. La unidad no adopta una dirección monetaria propia.,revisado,460fc8a9ea3fab414bf2897830345b24ed2779fd18c6e42f551e1db6e3edcb1d,578,desarrollo_base_v3,si,supervision_oof_control_primario
RPM-2012-11-13:5168:1,ia_base_v2,etiquetas_piloto_r3.csv,data/etiquetas/etiquetas_piloto_r3.csv,data/auditoria/revision_etiquetas_piloto_r3_v3/revision.csv,neutral,1,neutral,1,neutral,1,compatible,media,por lo que conforme a ese gráfico comenzará a crecer por sobre su tendencia,Compatible con N: sin dirección respaldada. La unidad no adopta una dirección monetaria propia.,revisado,d306ff83f19969a50a940077aecf2df70b3d7d1d41fd213c7e98c2f11eafb1c3,187,desarrollo_base_v3,si,supervision_oof_control_primario
RPM-2012-11-13:5175:1,ia_base_v2,etiquetas_piloto_r3.csv,data/etiquetas/etiquetas_piloto_r3.csv,data/auditoria/revision_etiquetas_piloto_r3_v3/revision.csv,neutral,1,neutral,1,neutral,1,compatible,alta,"la contradicción que se observa hoy entre los niveles de inflación que exhiben los países desarrollados y la magnitud de sus brechas, cercanas a 10%",Compatible con N: sin dirección respaldada. La unidad no adopta una dirección monetaria propia.,revisado,5a6870c4151c21bf6ee7fe903b8d6a4d737e9772c693481e8d3a74365a125d12,817,desarrollo_base_v3,si,supervision_oof_control_primario
RPM-2012-11-13:5217:1,ia_base_v2,etiquetas_piloto_r3.csv,data/etiquetas/etiquetas_piloto_r3.csv,data/auditoria/revision_etiquetas_piloto_r3_v3/revision.csv,neutral,1,neutral,1,neutral,1,compatible,alta,"como la Tasa de Política Monetaria se ubica en una posición que se debe considerar como neutral y el balance de riesgos se mantiene equilibrado, resulta difícil plantear una opción distinta de la ya mencionada",Compatible con N: sin dirección respaldada. La unidad no adopta una dirección monetaria propia.,revisado,3a4713b48874423b3430c3b138538993e5ee43cb7091733b28471e94c4bce91f,4073,desarrollo_base_v3,si,supervision_oof_control_primario
RPM-2012-12-13:5237:1,ia_base_v2,etiquetas_piloto_r3.csv,data/etiquetas/etiquetas_piloto_r3.csv,data/auditoria/revision_etiquetas_piloto_r3_v3/revision.csv,neutral,1,neutral,1,neutral,1,compatible,alta,nos sitúa en la disyuntiva en términos de cuál es la evolución del tipo de cambio nominal que sea coherente con el objetivo de inflación que se ha impuesto el Consejo,Compatible con N: sin dirección respaldada. La unidad no adopta una dirección monetaria propia.,revisado,90ce5ee09e7de0b460c9b39bc9132b0f7a311be87f9d14f036b2ac8c5e34d75f,1165,desarrollo_base_v3,si,supervision_oof_control_primario
RPM-2013-01-17:5306:1,ia_base_v2,etiquetas_piloto_r3.csv,data/etiquetas/etiquetas_piloto_r3.csv,data/auditoria/revision_etiquetas_piloto_r3_v3/revision.csv,neutral,1,neutral,1,neutral,1,compatible,media,"la proyección de la inflación subyacente, sin alimentos y energía, haya disminuido desde 1,5% a 1% y que permanezca en ese nivel por lo menos hasta el mes de julio del año en curso",Compatible con N: sin dirección respaldada. La unidad no adopta una dirección monetaria propia.,revisado,01d0878f90142e9adcd8b69dea17dfe549ed31a9b32f51e50e8e7ae447cc26e6,754,desarrollo_base_v3,si,supervision_oof_control_primario
RPM-2013-02-14:5336:1,ia_base_v2,etiquetas_piloto_r3.csv,data/etiquetas/etiquetas_piloto_r3.csv,data/auditoria/revision_etiquetas_piloto_r3_v3/revision.csv,neutral,0,neutral,0,neutral,0,compatible,alta,,"Compatible con N/relevancia0: fragmento de respuesta, sin contenido monetario autónomo",revisado,50034985c5f1c07a42ff9c8bbcfbadcd37d7d691876199e29da8abb7161ebbe8,119,desarrollo_base_v3,si,supervision_oof_control_primario
RPM-2013-02-14:5349:1,ia_base_v2,etiquetas_piloto_r3.csv,data/etiquetas/etiquetas_piloto_r3.csv,data/auditoria/revision_etiquetas_piloto_r3_v3/revision.csv,neutral,1,neutral,1,neutral,1,compatible,alta,"el aumento de la inflación en Brasil, que registra una trayectoria al alza desde mediados del año 2012",Compatible con N: sin dirección respaldada. La unidad no adopta una dirección monetaria propia.,revisado,c1eb560e82c6d60d9781a2e4379717e839525dd393c6467521541be01a8b7886,562,desarrollo_base_v3,si,supervision_oof_control_primario
RPM-2013-02-14:5385:1,ia_base_v2,etiquetas_piloto_r3.csv,data/etiquetas/etiquetas_piloto_r3.csv,data/auditoria/revision_etiquetas_piloto_r3_v3/revision.csv,neutral,1,neutral,1,neutral,1,compatible,alta,esa Gerencia propone al Consejo mantener la Tasa de Política Monetaria en su nivel actual,Compatible con N: sin dirección respaldada. La unidad no adopta una dirección monetaria propia.,revisado,ddd2b440e0304a067c1125e92152396bd92e86b61eb458e0c378e8febd37321a,229,desarrollo_base_v3,si,supervision_oof_control_primario
RPM-2013-03-14:5443:1,ia_base_v2,etiquetas_piloto_r3.csv,data/etiquetas/etiquetas_piloto_r3.csv,data/auditoria/revision_etiquetas_piloto_r3_v3/revision.csv,neutral,1,neutral,1,neutral,1,compatible,alta,"en este escenario parece prudente mantener la tasa de política monetaria en su nivel actual, validando las expectativas del mercado",Compatible con N: sin dirección respaldada. La unidad no adopta una dirección monetaria propia.,revisado,ed97bf4ef1d78590cc82158c29dad0fe1709e512e36af41316a0e7914c113308,575,desarrollo_base_v3,si,supervision_oof_control_primario
RPM-2013-04-11:5465:1,ia_base_v2,etiquetas_piloto_r3.csv,data/etiquetas/etiquetas_piloto_r3.csv,data/auditoria/revision_etiquetas_piloto_r3_v3/revision.csv,neutral,1,neutral,1,neutral,1,compatible,alta,"se debería poder determinar claramente cuál es el impulso que generan desde un punto de vista macroeconómico, en una forma cuantitativamente correcta",Compatible con N: sin dirección respaldada. La unidad no adopta una dirección monetaria propia.,revisado,00caef96e956ef5708307c83e473ac742f7588e1b02f672793042e12b2844951,1178,desarrollo_base_v3,si,supervision_oof_control_primario
RPM-2013-04-11:5494:1,ia_base_v2,etiquetas_piloto_r3.csv,data/etiquetas/etiquetas_piloto_r3.csv,data/auditoria/revision_etiquetas_piloto_r3_v3/revision.csv,neutral,0,neutral,0,neutral,0,compatible,alta,,Compatible con N/relevancia0: consulta aclaratoria sin contenido de postura,revisado,7fec94cd5b6b60f7766383df48e298a47a016d40f4f63ed8b5c4a495e3eec257,169,desarrollo_base_v3,si,supervision_oof_control_primario
RPM-2013-05-16:5525:1,ia_base_v2,etiquetas_piloto_r3.csv,data/etiquetas/etiquetas_piloto_r3.csv,data/auditoria/revision_etiquetas_piloto_r3_v3/revision.csv,neutral,0,neutral,0,neutral,0,compatible,alta,,Compatible con N/relevancia0: consulta aclaratoria sin contenido de postura,revisado,5d9c9a5be01444cbbb46b270d84eecbe40b85a6af6a25d02b24f80954f578a04,184,desarrollo_base_v3,si,supervision_oof_control_primario
RPM-2013-05-16:5548:2,ia_base_v2,etiquetas_piloto_r3.csv,data/etiquetas/etiquetas_piloto_r3.csv,data/auditoria/revision_etiquetas_piloto_r3_v3/revision.csv,neutral,0,neutral,0,neutral,0,compatible,alta,,Compatible con N/relevancia0: suspensión de sesión y constancia de reinicio,revisado,829d3df380647f4f9a14083e4e00111f4ac1a8b613c87f373f5cf6635105e403,230,desarrollo_base_v3,si,supervision_oof_control_primario
RPM-2013-05-16:5556:1,ia_base_v2,etiquetas_piloto_r3.csv,data/etiquetas/etiquetas_piloto_r3.csv,data/auditoria/revision_etiquetas_piloto_r3_v3/revision.csv,dovish,1,dovish,1,dovish,1,compatible,alta,en este escenario se configuran claramente las condiciones para comenzar un nuevo ciclo de reducción de la Tasa de Política Monetaria,Compatible con dovish: . La dirección está respaldada en la unidad y no depende solo del menú o fase.,revisado,ccc62c742e09d26896a69496c61ece67dcda923c8276745b51efb2201aa90096,6306,desarrollo_base_v3,si,supervision_oof_control_primario
RPM-2013-06-13:5612:1,ia_base_v2,etiquetas_piloto_r3.csv,data/etiquetas/etiquetas_piloto_r3.csv,data/auditoria/revision_etiquetas_piloto_r3_v3/revision.csv,neutral,1,neutral,1,neutral,1,compatible,alta,el mercado espera un registro de inflación anual menor que el proyectado por el Banco y un crecimiento de la economía superior a las estimaciones internas,Compatible con N: sin dirección respaldada. La unidad no adopta una dirección monetaria propia.,revisado,6c294f70450c606b9b22bc224233aae6b311eb320407b215cb26cab4c2994131,528,desarrollo_base_v3,si,supervision_oof_control_primario
RPM-2013-06-13:5620:1,ia_base_v2,etiquetas_piloto_r3.csv,data/etiquetas/etiquetas_piloto_r3.csv,data/auditoria/revision_etiquetas_piloto_r3_v3/revision.csv,neutral,0,neutral,0,neutral,0,compatible,alta,,Compatible con N/relevancia0: ofrecimiento de la palabra,revisado,f1f556b31d202d4ac9858d5f0173beb885ca1218dd308386c18574b336b17209,171,desarrollo_base_v3,si,supervision_oof_control_primario
RPM-2013-06-13:5630:1,ia_base_v2,etiquetas_piloto_r3.csv,data/etiquetas/etiquetas_piloto_r3.csv,data/auditoria/revision_etiquetas_piloto_r3_v3/revision.csv,dovish,1,dovish,1,dovish,1,compatible,alta,"un recorte en la TPM facilitará el necesario ajuste que requiere la economía, siempre que no sea seguido por acciones de estímulo adicionales en otros frentes de la política macroeconómica",Compatible con dovish: . La dirección está respaldada en la unidad y no depende solo del menú o fase.,revisado,e1e8427b5ac3eded9121dbc28a87a8e5a7d8e4f0114e8b723a9ec644fcd479c8,4986,desarrollo_base_v3,si,supervision_oof_control_primario
RPM-2013-06-13:5631:1,ia_base_v2,etiquetas_piloto_r3.csv,data/etiquetas/etiquetas_piloto_r3.csv,data/auditoria/revision_etiquetas_piloto_r3_v3/revision.csv,neutral,0,neutral,0,neutral,0,compatible,alta,,Compatible con N/relevancia0: ofrecimiento de la palabra,revisado,ee0cb3c2eb0c8887de6854a7b6683380f39436796fdd4bb68975d59ca871f0ee,174,desarrollo_base_v3,si,supervision_oof_control_primario
RPM-2013-06-13:5635:1,ia_base_v2,etiquetas_piloto_r3.csv,data/etiquetas/etiquetas_piloto_r3.csv,data/auditoria/revision_etiquetas_piloto_r3_v3/revision.csv,neutral,0,neutral,0,neutral,0,compatible,alta,,Compatible con N/relevancia0: aprobación del texto del comunicado y cierre de sesión,revisado,007fc34525eb5d746fa048b8da99a185f0e8569bf6671d09d98f8dadcd6f700f,83,desarrollo_base_v3,si,supervision_oof_control_primario
RPM-2013-07-11:5670:1,ia_base_v2,etiquetas_piloto_r3.csv,data/etiquetas/etiquetas_piloto_r3.csv,data/auditoria/revision_etiquetas_piloto_r3_v3/revision.csv,neutral,1,neutral,1,neutral,1,compatible,media,"algunos componentes del PIB Resto se mantienen o aumentan, pero que a su vez, el promedio se reduce",Compatible con N: sin dirección respaldada. La unidad no adopta una dirección monetaria propia.,revisado,d052b9286742536a57af7af3d3670c8394eca72e02196edd5d45b3ed24c63073,194,desarrollo_base_v3,si,supervision_oof_control_primario
RPM-2013-07-11:5699:3,ia_base_v2,etiquetas_piloto_r3.csv,data/etiquetas/etiquetas_piloto_r3.csv,data/auditoria/revision_etiquetas_piloto_r3_v3/revision.csv,dovish,1,dovish,1,dovish,1,compatible,media,La consolidación de las tendencias delineadas en el último IPoM podría requerir de ajustes en la Tasa de Política Monetaria en los próximos meses,Compatible con dovish: . La dirección está respaldada en la unidad y no depende solo del menú o fase.,revisado,9c1381572fdd64531410eb1b02371e65ea749eb7e564ac2efec655d8c87e92e3,2364,desarrollo_base_v3,si,supervision_oof_control_primario
RPM-2013-08-13:5703:1,ia_base_v2,etiquetas_piloto_r3.csv,data/etiquetas/etiquetas_piloto_r3.csv,data/auditoria/revision_etiquetas_piloto_r3_v3/revision.csv,neutral,1,neutral,1,neutral,1,compatible,alta,"las condiciones financieras internacionales mostraron leves mejoras, ya que los índices de las bolsas de valores han aumentado y los premios por riesgo han caído levemente",Compatible con N: sin dirección respaldada. La unidad no adopta una dirección monetaria propia.,revisado,909504cb8a6ea7963bd79f37d475dab291fc5a10d7b3797e908f4cd83293db2f,7300,desarrollo_base_v3,si,supervision_oof_control_primario
RPM-2013-08-13:5714:1,ia_base_v2,etiquetas_piloto_r3.csv,data/etiquetas/etiquetas_piloto_r3.csv,data/auditoria/revision_etiquetas_piloto_r3_v3/revision.csv,neutral,1,neutral,1,neutral,1,compatible,alta,"la economía mundial evoluciona positivamente y en este contexto, destaca la estabilización de los mercados financieros y un crecimiento más equilibrado",Compatible con N: sin dirección respaldada. La unidad no adopta una dirección monetaria propia.,revisado,a80ba7c3dbcf0631d8bdaa607c4f1b644ebc186f87c88d804433c5a12f7010a1,1524,desarrollo_base_v3,si,supervision_oof_control_primario
RPM-2013-09-12:5758:1,ia_base_v2,etiquetas_piloto_r3.csv,data/etiquetas/etiquetas_piloto_r3.csv,data/auditoria/revision_etiquetas_piloto_r3_v3/revision.csv,neutral,0,neutral,0,neutral,0,compatible,alta,,"Compatible con N/relevancia0: fragmento de respuesta, sin contenido monetario autónomo",revisado,f754925c17bf1d31e5b0a616a3d116254a866f79188feba4def57e686652536c,57,desarrollo_base_v3,si,supervision_oof_control_primario
RPM-2013-11-19:5864:1,ia_base_v2,etiquetas_piloto_r3.csv,data/etiquetas/etiquetas_piloto_r3.csv,data/auditoria/revision_etiquetas_piloto_r3_v3/revision.csv,neutral,1,neutral,1,neutral,1,compatible,alta,"lo sorprendente es que, a pesar de los mensajes de moderación, las tasas de interés no hayan experimentado una disminución mayor",Compatible con N: sin dirección respaldada. La unidad no adopta una dirección monetaria propia.,revisado,9c4cc7d20ea01280ba21c6052a04836f8d79f1fc7dde39ca0acfd074f730996a,2178,desarrollo_base_v3,si,supervision_oof_control_primario
RPM-2013-11-19:5873:1,ia_base_v2,etiquetas_piloto_r3.csv,data/etiquetas/etiquetas_piloto_r3.csv,data/auditoria/revision_etiquetas_piloto_r3_v3/revision.csv,neutral,1,neutral,1,neutral,1,compatible,alta,"la economía se aceleró hacia el término del año pasado, pero experimentó una corrección importante desde comienzos del presente ejercicio",Compatible con N: sin dirección respaldada. La unidad no adopta una dirección monetaria propia.,revisado,1d88cfe4dc6eb5522b1dd97697c17b4fc289902d39bd60d99da7a454cd679fb0,3346,desarrollo_base_v3,si,supervision_oof_control_primario
RPM-2013-12-12:5936:1,ia_base_v2,etiquetas_piloto_r3.csv,data/etiquetas/etiquetas_piloto_r3.csv,data/auditoria/revision_etiquetas_piloto_r3_v3/revision.csv,neutral,1,neutral,1,neutral,1,compatible,alta,no sería adecuado sobredimensionar el repunte que exhiben los salarios en este sector,Compatible con N: sin dirección respaldada. La unidad no adopta una dirección monetaria propia.,revisado,d03c8bdae73ba9c352de6f252467c1467128193f6620e8ed96f97ba4666341ef,820,desarrollo_base_v3,si,supervision_oof_control_primario
RPM-2013-12-12:5946:1,ia_base_v2,etiquetas_piloto_r3.csv,data/etiquetas/etiquetas_piloto_r3.csv,data/auditoria/revision_etiquetas_piloto_r3_v3/revision.csv,neutral,0,neutral,0,neutral,0,compatible,alta,,Compatible con N/relevancia0: ofrecimiento de la palabra,revisado,f1f556b31d202d4ac9858d5f0173beb885ca1218dd308386c18574b336b17209,171,desarrollo_base_v3,si,supervision_oof_control_primario
RPM-2013-12-12:5963:1,ia_base_v2,etiquetas_piloto_r3.csv,data/etiquetas/etiquetas_piloto_r3.csv,data/auditoria/revision_etiquetas_piloto_r3_v3/revision.csv,neutral,0,neutral,0,neutral,0,compatible,alta,,Compatible con N/relevancia0: aprobación del texto del comunicado y cierre de sesión,revisado,613112a2fe3a1a2e03183dfff52058384ca7add02e40494ada26fd39544ea4a9,83,desarrollo_base_v3,si,supervision_oof_control_primario
RPM-2014-01-16:5977:1,ia_base_v2,etiquetas_piloto_r3.csv,data/etiquetas/etiquetas_piloto_r3.csv,data/auditoria/revision_etiquetas_piloto_r3_v3/revision.csv,neutral,1,neutral,1,neutral,1,compatible,alta,"la actividad continúa exhibiendo signos de desaceleración, principalmente en los sectores Resto, y que la demanda interna no registra crecimiento, con incidencias negativas de la inversión",Compatible con N: sin dirección respaldada. La unidad no adopta una dirección monetaria propia.,revisado,a68afdc61074c4d706eebb6387e32127caa6e1748baeeb525cdb7bceca3f8662,8644,desarrollo_base_v3,si,supervision_oof_control_primario
RPM-2014-01-16:5987:1,ia_base_v2,etiquetas_piloto_r3.csv,data/etiquetas/etiquetas_piloto_r3.csv,data/auditoria/revision_etiquetas_piloto_r3_v3/revision.csv,neutral,1,neutral,1,neutral,1,compatible,alta,"los analistas, luego de internalizar los nuevos datos, anticipan un escenario más negativo, de mayor desaceleración y menor inflación, coherente con las proyecciones internas",Compatible con N: sin dirección respaldada. La unidad no adopta una dirección monetaria propia.,revisado,4ca7c436681a77b151c7f5ceb733b71ee819bbcb4ba4cb3f6b57e76a9e7777bd,1045,desarrollo_base_v3,si,supervision_oof_control_primario
RPM-2014-01-16:5991:2,ia_base_v2,etiquetas_piloto_r3.csv,data/etiquetas/etiquetas_piloto_r3.csv,data/auditoria/revision_etiquetas_piloto_r3_v3/revision.csv,neutral,0,neutral,0,neutral,0,compatible,alta,,Compatible con N/relevancia0: suspensión de sesión y constancia de reinicio,revisado,882c24531cecb098124523ffe056dedbf364b78f04b42617bfe75b818062bcf0,246,desarrollo_base_v3,si,supervision_oof_control_primario
RPM-2014-01-16:6006:3,ia_base_v2,etiquetas_piloto_r3.csv,data/etiquetas/etiquetas_piloto_r3.csv,data/auditoria/revision_etiquetas_piloto_r3_v3/revision.csv,dovish,1,dovish,1,dovish,1,compatible,alta,El Consejo estima que en los próximos meses podría ser necesario agregar un mayor estímulo monetario para asegurar que la inflación proyectada se ubique en 3% en el horizonte de política,Compatible con dovish: . La dirección está respaldada en la unidad y no depende solo del menú o fase.,revisado,39d2d67ae6ce6ba218d1a1e508e382fd7e33666d197ed1e9cd4b1b7090a0a716,2621,desarrollo_base_v3,si,supervision_oof_control_primario
RPM-2014-02-18:6017:1,ia_base_v2,etiquetas_piloto_r3.csv,data/etiquetas/etiquetas_piloto_r3.csv,data/auditoria/revision_etiquetas_piloto_r3_v3/revision.csv,neutral,1,neutral,1,neutral,1,compatible,alta,"el panorama se torna más complejo para el Banco Central Europeo, no solamente en cuanto a qué medidas adoptar, sino que a los instrumentos que eventualmente podría utilizar para implementarlas",Compatible con N: sin dirección respaldada. La unidad no adopta una dirección monetaria propia.,revisado,099dfd72077aee2d9c158fec9e71b6f5f2fe06034c1e8b8be76aae86e6c3d923,602,desarrollo_base_v3,si,supervision_oof_control_primario
RPM-2014-02-18:6026:2,ia_base_v2,etiquetas_piloto_r3.csv,data/etiquetas/etiquetas_piloto_r3.csv,data/auditoria/revision_etiquetas_piloto_r3_v3/revision.csv,neutral,0,neutral,0,neutral,0,compatible,alta,,Compatible con N/relevancia0: fórmula procedimental de tránsito entre exposiciones,revisado,a0e9aa1db106217a8ff6a7ad01ac80e31b48b8fb5f9a8d22a2e7a09b39fdd3cc,237,desarrollo_base_v3,si,supervision_oof_control_primario
RPM-2014-02-18:6027:1,ia_base_v2,etiquetas_piloto_r3.csv,data/etiquetas/etiquetas_piloto_r3.csv,data/auditoria/revision_etiquetas_piloto_r3_v3/revision.csv,neutral,1,neutral,1,neutral,1,compatible,alta,"para esta Reunión, el mercado espera mayoritariamente una reducción de la Tasa de Política Monetaria",Compatible con N: sin dirección respaldada. La unidad no adopta una dirección monetaria propia.,revisado,68a723af6211d06a9e199f6a2d4f091a841f4563a5d58ebcb7ca185b202471ac,8166,desarrollo_base_v3,si,supervision_oof_control_primario
RPM-2014-02-18:6051:1,ia_base_v2,etiquetas_piloto_r3.csv,data/etiquetas/etiquetas_piloto_r3.csv,data/auditoria/revision_etiquetas_piloto_r3_v3/revision.csv,dovish,1,dovish,1,dovish,1,compatible,alta,"su voto es por bajar la Tasa de Política Monetaria a 4,25% y por mantener el sesgo del Comunicado de la Reunión anterior",Compatible con dovish: . La dirección está respaldada en la unidad y no depende solo del menú o fase.,revisado,9341470ea073b69d3d975349b575ac98f7b1682f600da31673c96a5cb1722b7c,4676,desarrollo_base_v3,si,supervision_oof_control_primario
RPM-2014-03-13:6057:1,ia_base_v2,etiquetas_piloto_r3.csv,data/etiquetas/etiquetas_piloto_r3.csv,data/auditoria/revision_etiquetas_piloto_r3_v3/revision.csv,neutral,0,neutral,0,neutral,0,compatible,alta,,Compatible con N/relevancia0: encabezado de acta: lista de asistentes y fecha,revisado,188c43ea71728bf496f2a07c3fcbf7dbab96029fe5777d1a925cb35d35192587,1512,desarrollo_base_v3,si,supervision_oof_control_primario
RPM-2014-03-13:6075:1,ia_base_v2,etiquetas_piloto_r3.csv,data/etiquetas/etiquetas_piloto_r3.csv,data/auditoria/revision_etiquetas_piloto_r3_v3/revision.csv,neutral,0,neutral,0,neutral,0,compatible,alta,,Compatible con N/relevancia0: ofrecimiento de la palabra,revisado,9c08005ae69233288c85c20803848603bb98f0fae95bd3bac5b7fdc21b510be0,187,desarrollo_base_v3,si,supervision_oof_control_primario
RPM-2014-03-13:6103:2,ia_base_v2,etiquetas_piloto_r3.csv,data/etiquetas/etiquetas_piloto_r3.csv,data/auditoria/revision_etiquetas_piloto_r3_v3/revision.csv,neutral,0,neutral,0,neutral,0,compatible,alta,,"Compatible con N/relevancia0: saludo protocolar y explicación de ausencia, sin contenido monetario",revisado,9b76df5213accec9021db885f511542b5dd93c1761ca49a68c31ae2308b1c93f,506,desarrollo_base_v3,si,supervision_oof_control_primario
RPM-2014-04-17:6151:1,ia_base_v2,etiquetas_piloto_r3.csv,data/etiquetas/etiquetas_piloto_r3.csv,data/auditoria/revision_etiquetas_piloto_r3_v3/revision.csv,neutral,1,neutral,1,neutral,1,compatible,alta,la balanza comercial en los primeros tres meses del año muestra cifras bastante altas y muy superiores a lo estimado para el presente año,Compatible con N: sin dirección respaldada. La unidad no adopta una dirección monetaria propia.,revisado,83d1e988145627afb70760c10fe7ca4cf4eb9d1a373c6c1e08297343b96884d4,688,desarrollo_base_v3,si,supervision_oof_control_primario
RPM-2014-05-15:6181:1,ia_base_v2,etiquetas_piloto_r3.csv,data/etiquetas/etiquetas_piloto_r3.csv,data/auditoria/revision_etiquetas_piloto_r3_v3/revision.csv,neutral,0,neutral,0,neutral,0,compatible,alta,,Compatible con N/relevancia0: encabezado de acta: lista de asistentes y fecha,revisado,93ab4ff22957148bcd06062b3c09e931dd4700ab67fc8322512a96513902490d,1606,desarrollo_base_v3,si,supervision_oof_control_primario
RPM-2014-06-12:6244:1,ia_base_v2,etiquetas_piloto_r3.csv,data/etiquetas/etiquetas_piloto_r3.csv,data/auditoria/revision_etiquetas_piloto_r3_v3/revision.csv,neutral,1,neutral,1,neutral,1,compatible,media,emite bonos de corto plazo que permiten retirar la liquidez asociada a la compra de la deuda pública,Compatible con N: sin dirección respaldada. La unidad no adopta una dirección monetaria propia.,revisado,f14466997677140f9c6a513070b93bf7197493506f21cc9e0e4d88f8bf9581af,140,desarrollo_base_v3,si,supervision_oof_control_primario
RPM-2014-06-12:6245:2,ia_base_v2,etiquetas_piloto_r3.csv,data/etiquetas/etiquetas_piloto_r3.csv,data/auditoria/revision_etiquetas_piloto_r3_v3/revision.csv,neutral,1,neutral,1,neutral,1,compatible,media,el Banco Central Europeo emite PDBC y los vende a los bancos europeos,Compatible con N: sin dirección respaldada. La unidad no adopta una dirección monetaria propia.,revisado,c77a3398b8a013f48db9cb869a192b904760ceb22fb622270a596d2dd19422e8,165,desarrollo_base_v3,si,supervision_oof_control_primario
RPM-2014-06-12:6263:1,ia_base_v2,etiquetas_piloto_r3.csv,data/etiquetas/etiquetas_piloto_r3.csv,data/auditoria/revision_etiquetas_piloto_r3_v3/revision.csv,neutral,1,neutral,1,neutral,1,compatible,media,"a pesar de la fuerte caída que exhiben los inventarios, las encuestas reflejan que siguen siendo elevados",Compatible con N: sin dirección respaldada. La unidad no adopta una dirección monetaria propia.,revisado,e6fd4531b440c302a6b26d7bd1dd95c7793d715767b554a4f07926ea61f47ec7,329,desarrollo_base_v3,si,supervision_oof_control_primario
RPM-2014-06-12:6277:3,ia_base_v2,etiquetas_piloto_r3.csv,data/etiquetas/etiquetas_piloto_r3.csv,data/auditoria/revision_etiquetas_piloto_r3_v3/revision.csv,neutral,0,neutral,0,neutral,0,compatible,alta,,Compatible con N/relevancia0: constancia de fecha de reunión y cesión de la palabra,revisado,c5a7a07e44d3cf6c6f293434e3ec3cb0902145b7c01e228bb18f72f0c4af8a83,373,desarrollo_base_v3,si,supervision_oof_control_primario
RPM-2014-06-12:6284:1,ia_base_v2,etiquetas_piloto_r3.csv,data/etiquetas/etiquetas_piloto_r3.csv,data/auditoria/revision_etiquetas_piloto_r3_v3/revision.csv,dovish,1,dovish,1,dovish,1,compatible,alta,"es relevante seguir aumentando el estímulo monetario de la economía y, de esa manera, evitar costos cíclicos innecesarios",Compatible con dovish: . La dirección está respaldada en la unidad y no depende solo del menú o fase.,revisado,099c618500b111652f472ac857363073512aec006b413971a27151106e89b199,4254,desarrollo_base_v3,si,supervision_oof_control_primario
RPM-2014-08-14:6389:3,ia_base_v2,etiquetas_piloto_r3.csv,data/etiquetas/etiquetas_piloto_r3.csv,data/auditoria/revision_etiquetas_piloto_r3_v3/revision.csv,dovish,1,dovish,1,dovish,1,compatible,alta,"se acuerda por unanimidad de los señores Consejeros reducir la tasa de política monetaria en 25 puntos base, a 3,5% anual",Compatible con dovish: . La dirección está respaldada en la unidad y no depende solo del menú o fase.,revisado,e4953bd75f3ee9b628375ca0c0455bdbf7152125fbfeb704eb504a617e81c91b,195,desarrollo_base_v3,si,supervision_oof_control_primario
RPM-2014-10-16:6466:2,ia_base_v2,etiquetas_piloto_r3.csv,data/etiquetas/etiquetas_piloto_r3.csv,data/auditoria/revision_etiquetas_piloto_r3_v3/revision.csv,neutral,0,neutral,0,neutral,0,compatible,alta,,Compatible con N/relevancia0: suspensión de sesión y constancia de reinicio,revisado,3502b3a823980c17e232e81ea23e1ff811c812aa395bad8d482974ee45ec3863,246,desarrollo_base_v3,si,supervision_oof_control_primario
RPM-2014-10-16:6473:1,ia_base_v2,etiquetas_piloto_r3.csv,data/etiquetas/etiquetas_piloto_r3.csv,data/auditoria/revision_etiquetas_piloto_r3_v3/revision.csv,neutral,0,neutral,0,neutral,0,compatible,alta,,Compatible con N/relevancia0: ofrecimiento de la palabra,revisado,45125cca785be4b84666884d9d70339aaed90480ae634b39a430a3152e4a6463,250,desarrollo_base_v3,si,supervision_oof_control_primario
RPM-2014-11-18:6490:2,ia_base_v2,etiquetas_piloto_r3.csv,data/etiquetas/etiquetas_piloto_r3.csv,data/auditoria/revision_etiquetas_piloto_r3_v3/revision.csv,neutral,1,neutral,1,neutral,1,compatible,alta,"la baja del primero sería de carácter más estructural, en tanto que en el caso del precio del cobre habría elementos que impiden su caída",Compatible con N: sin dirección respaldada. La unidad no adopta una dirección monetaria propia.,revisado,91ed9a7c9539f91f0db13879d47592bc0e31a338825dd02d359e9e312f1dba5c,881,desarrollo_base_v3,si,supervision_oof_control_primario
RPM-2014-11-18:6512:1,ia_base_v2,etiquetas_piloto_r3.csv,data/etiquetas/etiquetas_piloto_r3.csv,data/auditoria/revision_etiquetas_piloto_r3_v3/revision.csv,neutral,0,neutral,0,neutral,0,compatible,alta,,Compatible con N/relevancia0: ofrecimiento de la palabra,revisado,17002f43aa7bf1f5de49a163bdeb18ba86ec686c498a31446b25709318f67de5,167,desarrollo_base_v3,si,supervision_oof_control_primario
RPM-2014-12-11:6533:2,ia_base_v2,etiquetas_piloto_r3.csv,data/etiquetas/etiquetas_piloto_r3.csv,data/auditoria/revision_etiquetas_piloto_r3_v3/revision.csv,neutral,1,neutral,1,neutral,1,compatible,alta,el mercado no tiene certeza si la inflación convergerá a 3% desde los niveles actuales o si ella disminuirá primeramente hasta alcanzar niveles inferiores a 3% para luego converger a la meta,Compatible con N: sin dirección respaldada. La unidad no adopta una dirección monetaria propia.,revisado,9ade03dc026dac64b8ddd5d7e73995884dd1d312cce87020088f843151518c65,399,desarrollo_base_v3,si,supervision_oof_control_primario
RPM-2015-01-15:6562:1,ia_base_v2,etiquetas_piloto_r3.csv,data/etiquetas/etiquetas_piloto_r3.csv,data/auditoria/revision_etiquetas_piloto_r3_v3/revision.csv,neutral,1,neutral,1,neutral,1,compatible,alta,estos elementos se conjugan para explicar la menor percepción de riesgo financiero en torno a Grecia que la observada en el episodio 2011 - 2012,Compatible con N: sin dirección respaldada. La unidad no adopta una dirección monetaria propia.,revisado,205a0a568c36ef6771eda7b4a35000cfc1752a63d060dc2421f4a76a862c6ea1,875,desarrollo_base_v3,si,supervision_oof_control_primario
RPM-2015-01-15:6584:1,ia_base_v2,etiquetas_piloto_r3.csv,data/etiquetas/etiquetas_piloto_r3.csv,data/auditoria/revision_etiquetas_piloto_r3_v3/revision.csv,neutral,0,neutral,0,neutral,0,compatible,alta,,Compatible con N/relevancia0: constancia de fecha de reunión y cesión de la palabra,revisado,0f3bbaaf08fed9829d6ad36c855bcc13734137a31839598cbb045807c6469f0b,349,desarrollo_base_v3,si,supervision_oof_control_primario
RPM-2015-01-15:6586:3,ia_base_v2,etiquetas_piloto_r3.csv,data/etiquetas/etiquetas_piloto_r3.csv,data/auditoria/revision_etiquetas_piloto_r3_v3/revision.csv,neutral,0,neutral,0,neutral,0,compatible,alta,,Compatible con N/relevancia0: fórmula procedimental de apertura de la votación,revisado,341514d1a1c08c9862714a245b80c8180e08b5846a7da8226759083d9369f698,305,desarrollo_base_v3,si,supervision_oof_control_primario
RPM-2015-03-19:6680:1,ia_base_v2,etiquetas_piloto_r3.csv,data/etiquetas/etiquetas_piloto_r3.csv,data/auditoria/revision_etiquetas_piloto_r3_v3/revision.csv,neutral,0,neutral,0,neutral,0,compatible,alta,,Compatible con N/relevancia0: ofrecimiento de la palabra,revisado,00ecbb8e4544c8b2c94dfaaebfaea2da18791eca43f4a33185c1339007864714,223,desarrollo_base_v3,si,supervision_oof_control_primario
RPM-2015-03-19:6681:1,ia_base_v2,etiquetas_piloto_r3.csv,data/etiquetas/etiquetas_piloto_r3.csv,data/auditoria/revision_etiquetas_piloto_r3_v3/revision.csv,dovish,1,dovish,1,dovish,1,compatible,media,"no habiendo riesgos inflacionarios relevantes, es fundamental que la política monetaria continúe contribuyendo a esta recuperación",Compatible con dovish: . La dirección está respaldada en la unidad y no depende solo del menú o fase.,revisado,a4ebd4288a00b8f3de5bbce6baa1876c37ee2088dfb8c31d10cf393ec49ae10d,4465,desarrollo_base_v3,si,supervision_oof_control_primario
RPM-2015-04-16:6699:1,ia_base_v2,etiquetas_piloto_r3.csv,data/etiquetas/etiquetas_piloto_r3.csv,data/auditoria/revision_etiquetas_piloto_r3_v3/revision.csv,neutral,1,neutral,1,neutral,1,compatible,media,"el WEO considera para Chile una tasa de crecimiento de 1,8% en el 2014, en circunstancias que alcanzó a 1,9%",Compatible con N: sin dirección respaldada. La unidad no adopta una dirección monetaria propia.,revisado,82663ca5f84a75a53759c4798f068af0c2f032497352a55f124a7b66356c31e8,166,desarrollo_base_v3,si,supervision_oof_control_primario
RPM-2015-05-14:6763:1,ia_base_v2,etiquetas_piloto_r3.csv,data/etiquetas/etiquetas_piloto_r3.csv,data/auditoria/revision_etiquetas_piloto_r3_v3/revision.csv,neutral,1,neutral,1,neutral,1,compatible,alta,reafirma la visión de que en la Zona Euro se restablece el equilibrio,Compatible con N: sin dirección respaldada. La unidad no adopta una dirección monetaria propia.,revisado,fbe79005e4eaf135834baa789b831abe74604c5a0257385f3126b421f08efa00,339,desarrollo_base_v3,si,supervision_oof_control_primario
RPM-2015-05-14:6768:1,ia_base_v2,etiquetas_piloto_r3.csv,data/etiquetas/etiquetas_piloto_r3.csv,data/auditoria/revision_etiquetas_piloto_r3_v3/revision.csv,neutral,1,neutral,1,neutral,1,compatible,alta,a partir del año 2014 es más positivo si se excluyen los datos de producción de cemento,Compatible con N: sin dirección respaldada. La unidad no adopta una dirección monetaria propia.,revisado,8cf6afc30ef4e15dfae7e67c4c615a1547ab5cb9d3186e881e29cd4a6dca0e67,508,desarrollo_base_v3,si,supervision_oof_control_primario
RPM-2015-06-11:6810:1,ia_base_v2,etiquetas_piloto_r4.csv,data/etiquetas/etiquetas_piloto_r4.csv,data/auditoria/revision_etiquetas_piloto_r4_v3/revision.csv,neutral,0,neutral,0,neutral,0,compatible,alta,,Compatible con N/relevancia0: encabezado de acta: lista de asistentes y fecha.,revisado,1aa0e2c899744a4e3d4c3af20f70e891a04f0017abbe18d091882805a7338cbd,1568,desarrollo_base_v3,si,supervision_oof_control_primario
RPM-2015-06-11:6857:2,ia_base_v2,etiquetas_piloto_r4.csv,data/etiquetas/etiquetas_piloto_r4.csv,data/auditoria/revision_etiquetas_piloto_r4_v3/revision.csv,neutral,1,neutral,1,neutral,1,compatible,alta,le parece bastante claro que la única opción relevante es la que plantea la Gerencia de División Estudios en el sentido de mantener la tasa y el sesgo,Compatible con N: sin dirección respaldada. La unidad no adopta una dirección monetaria propia.,revisado,503cff36b9d4d364b9fbadbd212fab38a7aaae13af35a774b085849a3fcf6112,2278,desarrollo_base_v3,si,supervision_oof_control_primario
RPM-2015-07-14:6878:1,ia_base_v2,etiquetas_piloto_r4.csv,data/etiquetas/etiquetas_piloto_r4.csv,data/auditoria/revision_etiquetas_piloto_r4_v3/revision.csv,neutral,1,neutral,1,neutral,1,compatible,alta,"la inflación global en dólares permanece en niveles históricamente bajos, aunque exhibe un leve repunte frente a la Reunión previa",Compatible con N: sin dirección respaldada. La unidad no adopta una dirección monetaria propia.,revisado,661af3847e3222e234579415e47ef7a6d7f0f9a7bbfe8e774ba9d20925d82186,2316,desarrollo_base_v3,si,supervision_oof_control_primario
RPM-2015-08-13:6955:1,ia_base_v2,etiquetas_piloto_r4.csv,data/etiquetas/etiquetas_piloto_r4.csv,data/auditoria/revision_etiquetas_piloto_r4_v3/revision.csv,neutral,1,neutral,1,neutral,1,compatible,media,hablar públicamente de un riesgo para el anclaje de las expectativas de inflación sería equivalente a decirle al mercado que no le crea al Banco,Compatible con N: sin dirección respaldada. La unidad no adopta una dirección monetaria propia.,revisado,48bf8b0373612073cbd3a94fbfb911997bead91638e8e677d472ccf2a12e1cd8,1497,desarrollo_base_v3,si,supervision_oof_control_primario
RPM-2015-08-13:6962:1,ia_base_v2,etiquetas_piloto_r4.csv,data/etiquetas/etiquetas_piloto_r4.csv,data/auditoria/revision_etiquetas_piloto_r4_v3/revision.csv,neutral,0,neutral,0,neutral,0,compatible,alta,,Compatible con N/relevancia0: constancia de fecha de reunión y cesión de la palabra.,revisado,c702df73b081bbee4fa858878208563e9bc94d09ec7a1eabedd8046a3c1bdfd7,351,desarrollo_base_v3,si,supervision_oof_control_primario
RPM-2015-08-13:6969:1,ia_base_v2,etiquetas_piloto_r4.csv,data/etiquetas/etiquetas_piloto_r4.csv,data/auditoria/revision_etiquetas_piloto_r4_v3/revision.csv,dovish,1,dovish,1,dovish,1,compatible,alta,"esta es una segunda razón, poderosa, por la cual estima que no corresponde considerar la opción de subir la TPM en esta oportunidad",Compatible con dovish: dirección respaldada en la unidad. No depende solo del menú o fase.,revisado,8a50f46b57a85fe25421473bbc088e1510471d435facebc5323dc6b9bf1f4f4c,4589,desarrollo_base_v3,si,supervision_oof_control_primario
RPM-2015-09-15:6980:1,ia_base_v2,etiquetas_piloto_r4.csv,data/etiquetas/etiquetas_piloto_r4.csv,data/auditoria/revision_etiquetas_piloto_r4_v3/revision.csv,neutral,0,neutral,0,neutral,0,compatible,alta,,Compatible con N/relevancia0: encabezado de acta: lista de asistentes y fecha.,revisado,c2917eadb906cebbf670ba21df95a47ad66c3f51731f9bb24b2f454560ac54ec,1453,desarrollo_base_v3,si,supervision_oof_control_primario
RPM-2015-09-15:7045:1,ia_base_v2,etiquetas_piloto_r4.csv,data/etiquetas/etiquetas_piloto_r4.csv,data/auditoria/revision_etiquetas_piloto_r4_v3/revision.csv,hawkish,1,hawkish,1,hawkish,1,compatible,alta,la convergencia de la inflación a 3% en el horizonte de política requerirá reducir el elevado estímulo monetario actual,Compatible con hawkish: dirección respaldada en la unidad. No depende solo del menú o fase.,revisado,75c9fc890578e632345dcb041b37bdf6fe7a4b9c91c404390e962dc07d73383c,1982,desarrollo_base_v3,si,supervision_oof_control_primario
RPM-2015-10-15:7075:1,ia_base_v2,etiquetas_piloto_r4.csv,data/etiquetas/etiquetas_piloto_r4.csv,data/auditoria/revision_etiquetas_piloto_r4_v3/revision.csv,neutral,1,neutral,1,neutral,1,compatible,alta,la demanda por alimentos no se vería afectada por la evolución de la economía china,Compatible con N: sin dirección respaldada. La unidad no adopta una dirección monetaria propia.,revisado,e8c4fd2b85b5d37dd3d6c7f499f3708145071ad57f96b32acb64d221353c8d7f,425,desarrollo_base_v3,si,supervision_oof_control_primario
RPM-2015-10-15:7093:1,ia_base_v2,etiquetas_piloto_r4.csv,data/etiquetas/etiquetas_piloto_r4.csv,data/auditoria/revision_etiquetas_piloto_r4_v3/revision.csv,neutral,0,neutral,0,neutral,0,compatible,alta,,Compatible con N/relevancia0: ofrecimiento de la palabra.,revisado,1711eabe18c4c8f7f88f2e061d0ecc78e7e83213032bce222706279821a038ef,140,desarrollo_base_v3,si,supervision_oof_control_primario
RPM-2015-10-15:7107:1,ia_base_v2,etiquetas_piloto_r4.csv,data/etiquetas/etiquetas_piloto_r4.csv,data/auditoria/revision_etiquetas_piloto_r4_v3/revision.csv,neutral,0,neutral,0,neutral,0,compatible,alta,,Compatible con N/relevancia0: ofrecimiento de la palabra.,revisado,d67c5be5431415f304ae5f53d9e38c64cb5b776c08684520e35971af1ddaea7c,172,desarrollo_base_v3,si,supervision_oof_control_primario
RPM-2015-11-12:7124:2,ia_base_v2,etiquetas_piloto_r4.csv,data/etiquetas/etiquetas_piloto_r4.csv,data/auditoria/revision_etiquetas_piloto_r4_v3/revision.csv,neutral,1,neutral,1,neutral,1,compatible,alta,la FED tiene espacio para un alza más gradual que la que indican los puntos dots y que se iría acercando a la posición del mercado,Compatible con N: sin dirección respaldada. La unidad no adopta una dirección monetaria propia.,revisado,095c3ae814d1bf96cb30590e1ff70c2ba059461b7b1104cea03af1838ef2676d,1348,desarrollo_base_v3,si,supervision_oof_control_primario
RPM-2015-11-12:7129:1,ia_base_v2,etiquetas_piloto_r4.csv,data/etiquetas/etiquetas_piloto_r4.csv,data/auditoria/revision_etiquetas_piloto_r4_v3/revision.csv,neutral,1,neutral,1,neutral,1,compatible,media,"internamente, se ha optado por la utilización de un rango, que en este caso se ha desplazado levemente hacia arriba",Compatible con N: sin dirección respaldada. La unidad no adopta una dirección monetaria propia.,revisado,5253892b33e22a274a29b5e81d18991b87d448db4faa9cc70f3a9780ada0fadf,181,desarrollo_base_v3,si,supervision_oof_control_primario
RPM-2015-11-12:7148:3,ia_base_v2,etiquetas_piloto_r4.csv,data/etiquetas/etiquetas_piloto_r4.csv,data/auditoria/revision_etiquetas_piloto_r4_v3/revision.csv,neutral,0,neutral,0,neutral,0,compatible,alta,,Compatible con N/relevancia0: fórmula procedimental de apertura de la votación.,revisado,9f810f516ffb1fae2b44c7b7459f080d0a78655d5c137e159de98df6785d11f6,315,desarrollo_base_v3,si,supervision_oof_control_primario
RPM-2015-12-17:7207:1,ia_base_v2,etiquetas_piloto_r4.csv,data/etiquetas/etiquetas_piloto_r4.csv,data/auditoria/revision_etiquetas_piloto_r4_v3/revision.csv,hawkish,1,hawkish,1,hawkish,1,compatible,alta,"incluso en ese escenario parece razonable llevar la tasa de política a 3,5%, tal como se recomienda en la minuta de opciones",Compatible con hawkish: dirección respaldada en la unidad. No depende solo del menú o fase.,revisado,01c8f683fdaf4b48d6d93dfb6cf51716a2812a1d7fb47d031f0d118a40b5fe47,1972,desarrollo_base_v3,si,supervision_oof_control_primario
RPM-2015-12-17:7210:1,ia_base_v2,etiquetas_piloto_r4.csv,data/etiquetas/etiquetas_piloto_r4.csv,data/auditoria/revision_etiquetas_piloto_r4_v3/revision.csv,hawkish,1,hawkish,1,hawkish,1,compatible,alta,"se inclina por recomendar un aumento de 25 puntos base en esta Reunión, para llevar la tasa de política a 3,5%",Compatible con hawkish: dirección respaldada en la unidad. No depende solo del menú o fase.,revisado,c551e72b06b4131d77a2fb63c4eed7a3586d623d6e8aeb96c6bdfb01b5cd2e32,6083,desarrollo_base_v3,si,supervision_oof_control_primario
RPM-2015-12-17:7211:1,ia_base_v2,etiquetas_piloto_r4.csv,data/etiquetas/etiquetas_piloto_r4.csv,data/auditoria/revision_etiquetas_piloto_r4_v3/revision.csv,neutral,0,neutral,0,neutral,0,compatible,alta,,Compatible con N/relevancia0: ofrecimiento de la palabra.,revisado,7281748fa3f33655b652d384321cf3848f5cbadbfeeec2fbfe793496668a5f3d,235,desarrollo_base_v3,si,supervision_oof_control_primario
RPM-2005-09-08:390:1,ia_base_v2,etiquetas_r13_tanda09.csv,data/etiquetas/etiquetas_r13_tanda09.csv,data/auditoria/revision_rondas_prioritarias_v3/revision_77.csv,hawkish,1,hawkish,1,hawkish,1,compatible,alta,es difícil justificar una opción distinta a aumentar la tasa de política monetaria en 25 puntos base,"Recomendación explícita de alza de 25 pb: H por dirección elegida, sin depender de la alternativa de 50 pb.",revisado,008768023921b7e303bab85f58f16273a06c086f1745735823931283ffc1fc96,7444,desarrollo_base_v3,si,supervision_oof_control_primario
RPM-2005-11-10:474:1,ia_base_v2,etiquetas_r13_tanda09.csv,data/etiquetas/etiquetas_r13_tanda09.csv,data/auditoria/revision_rondas_prioritarias_v3/revision_77.csv,neutral,1,neutral,1,neutral,1,compatible,alta,"la evaluación de la tasa neutral ha ido cambiando en el tiempo, lo que está también detrás de estos cálculos","Compatible con N: metodología del impulso monetario (tasa corta/larga, expectativas). La unidad no adopta ni respalda una dirección monetaria propia.",revisado,2a4272495898fed555e640487b7e31d85cb317bce879f78374fd8c77f3fc090a,1198,desarrollo_base_v3,si,supervision_oof_control_primario
RPM-2005-11-10:482:1,ia_base_v2,etiquetas_r13_tanda09.csv,data/etiquetas/etiquetas_r13_tanda09.csv,data/auditoria/revision_rondas_prioritarias_v3/revision_77.csv,neutral,1,neutral,1,neutral,1,compatible,alta,puede obedecer a problemas de liquidez de algunos bancos por el calce,Compatible con N: explicación técnica de movimientos de tasas cortas. La unidad no adopta ni respalda una dirección monetaria propia.,revisado,868212f20311d87e9a09b77831b2178244811ec9e66f377bd79931791b3dbf28,252,desarrollo_base_v3,si,supervision_oof_control_primario
RPM-2005-11-10:492:1,ia_base_v2,etiquetas_r13_tanda09.csv,data/etiquetas/etiquetas_r13_tanda09.csv,data/auditoria/revision_rondas_prioritarias_v3/revision_77.csv,hawkish,1,hawkish,1,hawkish,1,compatible,alta,"se puede justificar un aumento de 25 puntos base, considerando que es un movimiento coherente con continuar normalizando la política monetaria",Justifica explícitamente un alza de 25 pb para continuar la normalización: H.,revisado,f6493569f8910f9bd60c1931b738d93baf40ca89c80822d40c38b77735605d77,7568,desarrollo_base_v3,si,supervision_oof_control_primario
RPM-2005-11-10:499:1,ia_base_v2,etiquetas_r13_tanda09.csv,data/etiquetas/etiquetas_r13_tanda09.csv,data/auditoria/revision_rondas_prioritarias_v3/revision_77.csv,hawkish,1,hawkish,1,hawkish,1,compatible,alta,"la opción que considera apropiada para esta oportunidad, es elevar la Tasa de Política Monetaria en 25 puntos base",Voto explícito por elevar 25 pb: H.,revisado,ecf2557481aad174fcc46fcb2cf2aba208d8274cfef85191f570ba42100181db,3500,desarrollo_base_v3,si,supervision_oof_control_primario
RPM-2005-11-10:503:1,ia_base_v2,etiquetas_r13_tanda09.csv,data/etiquetas/etiquetas_r13_tanda09.csv,data/auditoria/revision_rondas_prioritarias_v3/revision_77.csv,hawkish,1,hawkish,1,hawkish,1,compatible,alta,su voto también es por subir la tasa de política monetaria en 25 puntos base,Voto explícito por subir 25 pb: H.,revisado,f49e6455928135193e2978a6cedf2108ce5f6d73bc7e62740907fd25591e262b,2700,desarrollo_base_v3,si,supervision_oof_control_primario
RPM-2005-12-13:525:1,ia_base_v2,etiquetas_r13_tanda09.csv,data/etiquetas/etiquetas_r13_tanda09.csv,data/auditoria/revision_rondas_prioritarias_v3/revision_77.csv,dovish,1,dovish,1,hawkish,1,cambio_etiqueta,media,Si bien cree que no se debe variar la política de aumento gradual de las tasas de interés,"La pausa actual no es D relativa: respalda conservar una trayectoria gradual de alzas; bajo el criterio propuesto, mantener con sesgo al alza es H.",revisado,f927097b58a0806771665f3515fc2b2bc837e4d1ec66494dd7ce25f55ce8c23b,2542,desarrollo_base_v3,si,supervision_oof_control_primario
RPM-2006-02-09:582:1,ia_base_v2,etiquetas_r13_tanda09.csv,data/etiquetas/etiquetas_r13_tanda09.csv,data/auditoria/revision_rondas_prioritarias_v3/revision_77.csv,neutral,1,neutral,1,neutral,1,compatible,alta,"le llama la atención un alza de 10%, por cuanto se esperaba para estas semanas una caída bastante brusca",Compatible con N: sorpresa por alza de 10% (dato de coyuntura). La unidad no adopta ni respalda una dirección monetaria propia.,revisado,59f654e56652c6501d4e5a7b739e29c841ab66733563f9c11d4dd6396dfb99d5,202,desarrollo_base_v3,si,supervision_oof_control_primario
RPM-2006-02-09:583:1,ia_base_v2,etiquetas_r13_tanda09.csv,data/etiquetas/etiquetas_r13_tanda09.csv,data/auditoria/revision_rondas_prioritarias_v3/revision_77.csv,neutral,1,neutral,1,neutral,1,compatible,alta,el alza de los inventarios de cobre es producto de la acumulación de stocks de los consumidores,Compatible con N: explicación del alza de inventarios de cobre (China). La unidad no adopta ni respalda una dirección monetaria propia.,revisado,f1f9fe91025afde7d1cb5142277a35d314d4b3641f83963f2cfb1a2a19947f34,204,desarrollo_base_v3,si,supervision_oof_control_primario
RPM-2006-02-09:595:1,ia_base_v2,etiquetas_r13_tanda09.csv,data/etiquetas/etiquetas_r13_tanda09.csv,data/auditoria/revision_rondas_prioritarias_v3/revision_77.csv,neutral,0,neutral,0,neutral,0,compatible,alta,,Formalidad o trámite sin contenido monetario evaluable en la unidad; N y relevancia0 compatibles con v3.,revisado,ce2a80628f61388d2380bedfb67d893c5f1e0d685c2a884d543ebd051e44ce8c,83,desarrollo_base_v3,si,supervision_oof_control_primario
RPM-2006-04-13:649:3,ia_base_v2,etiquetas_r13_tanda09.csv,data/etiquetas/etiquetas_r13_tanda09.csv,data/auditoria/revision_rondas_prioritarias_v3/revision_77.csv,neutral,1,neutral,1,neutral,1,compatible,alta,"el tipo de cambio estuviera en una trayectoria preocupante, entonces ése es un elemento que se debería también considerar",Compatible con N: reflexión metodológica: rol de expectativas de mercado y del tipo de cambio en decisiones. La unidad no adopta ni respalda una dirección monetaria propia.,revisado,32a9a2b6c019367aec5ce2417700b3dcac9dda07281c30aee3abd1ab70ce8280,2174,desarrollo_base_v3,si,supervision_oof_control_primario
RPM-2006-05-11:672:1,ia_base_v2,etiquetas_r13_tanda09.csv,data/etiquetas/etiquetas_r13_tanda09.csv,data/auditoria/revision_rondas_prioritarias_v3/revision_77.csv,dovish,1,dovish,1,hawkish,1,cambio_etiqueta,media,la tasa de política monetaria aumente los próximos trimestres a un ritmo similar al que está implícito en la curva forward del mercado,"La pausa evita acelerar la normalización, pero el actor hace propio un escenario de aumentos posteriores; no corresponde D por comparación con el alza inmediata.",revisado,ff1d0bf03f2e45b1779ebbb86efacb2d7648a27d3d88e017c6f9bebbffbd54e9,2863,desarrollo_base_v3,si,supervision_oof_control_primario
RPM-2006-06-15:722:1,ia_base_v2,etiquetas_r13_tanda09.csv,data/etiquetas/etiquetas_r13_tanda09.csv,data/auditoria/revision_rondas_prioritarias_v3/revision_77.csv,neutral,1,neutral,1,neutral,1,compatible,alta,"hacer uno ahora es bueno internamente, pero esperar dos años es demasiado",Compatible con N: debate metodológico sobre empalme de series con el INE. La unidad no adopta ni respalda una dirección monetaria propia.,revisado,68bcb04f3df67930ee5f48d00d1f7661e747fbdefcc25ff36b12bbe271c08b3a,643,desarrollo_base_v3,si,supervision_oof_control_primario
RPM-2006-06-15:737:1,ia_base_v2,etiquetas_r13_tanda09.csv,data/etiquetas/etiquetas_r13_tanda09.csv,data/auditoria/revision_rondas_prioritarias_v3/revision_77.csv,dovish,1,dovish,1,neutral,1,cambio_etiqueta,alta,el costo de eventualmente equivocarse manteniendo la tasa,"Elige esperar por asimetría de costos, sin respaldar expansión ni sesgo futuro a la baja. Mantener frente a subir no convierte la postura en D.",revisado,178536a7df8ab01b55a608fa945b0be6f68eb915e738c084f92aa84410abe431,4701,desarrollo_base_v3,si,supervision_oof_control_primario
RPM-2006-07-13:762:2,ia_base_v2,etiquetas_r13_tanda09.csv,data/etiquetas/etiquetas_r13_tanda09.csv,data/auditoria/revision_rondas_prioritarias_v3/revision_77.csv,neutral,1,neutral,1,neutral,1,compatible,alta,si ese efecto tendería a desaparecer en términos significativos dentro del horizonte habitual de proyecciones,Compatible con N: consulta técnica: persistencia del efecto de la política sobre el tipo de cambio. La unidad no adopta ni respalda una dirección monetaria propia.,revisado,cf97f51608b8fb2b940d39899ea8b27f4cd4465a817430d8f7d29e7d66837345,782,desarrollo_base_v3,si,supervision_oof_control_primario
RPM-2006-07-13:769:2,ia_base_v2,etiquetas_r13_tanda09.csv,data/etiquetas/etiquetas_r13_tanda09.csv,data/auditoria/revision_rondas_prioritarias_v3/revision_77.csv,neutral,1,neutral,1,neutral,1,compatible,alta,el Gobierno se ceñirá tajantemente a la regla fiscal ya anunciada sin cambio alguno,"Compatible con N: política fiscal (regla, gasto próximo año) y proyecciones de cobre/Codelco. La unidad no adopta ni respalda una dirección monetaria propia.",revisado,e048b411f7df9d23ee5c8359e3574103c2da7812ac440668830642b170a822d7,2223,desarrollo_base_v3,si,supervision_oof_control_primario
RPM-2006-07-13:770:3,ia_base_v2,etiquetas_r13_tanda09.csv,data/etiquetas/etiquetas_r13_tanda09.csv,data/auditoria/revision_rondas_prioritarias_v3/revision_77.csv,neutral,0,neutral,0,neutral,0,compatible,alta,,Formalidad o trámite sin contenido monetario evaluable en la unidad; N y relevancia0 compatibles con v3.,revisado,b3ff1817dea9eb7864319c60cbed66f234e770af2666d85364a14f898558c2ce,161,desarrollo_base_v3,si,supervision_oof_control_primario
RPM-2006-07-13:780:4,ia_base_v2,etiquetas_r13_tanda09.csv,data/etiquetas/etiquetas_r13_tanda09.csv,data/auditoria/revision_rondas_prioritarias_v3/revision_77.csv,hawkish,1,hawkish,1,hawkish,1,compatible,alta,"acordó aumentar la tasa de interés de política monetaria en 25 puntos base hasta 5,25% anual",Acuerdo institucional de alza de 25 pb y ajustes posteriores: H.,revisado,f03285ac0626964df421fc83673b9326939ae65c3813d4e06addd683b8163b02,2546,desarrollo_base_v3,si,supervision_oof_control_primario
RPM-2006-08-10:816:1,ia_base_v2,etiquetas_r13_tanda09.csv,data/etiquetas/etiquetas_r13_tanda09.csv,data/auditoria/revision_rondas_prioritarias_v3/revision_77.csv,neutral,0,neutral,0,neutral,0,compatible,alta,,Formalidad o trámite sin contenido monetario evaluable en la unidad; N y relevancia0 compatibles con v3.,revisado,e61fdeea9e43c7b5f2445162919467b95c1eedf9f6951039a8884c339d4684c2,160,desarrollo_base_v3,si,supervision_oof_control_primario
RPM-2006-08-10:826:1,ia_base_v2,etiquetas_r13_tanda09.csv,data/etiquetas/etiquetas_r13_tanda09.csv,data/auditoria/revision_rondas_prioritarias_v3/revision_77.csv,hawkish,1,hawkish,1,hawkish,1,compatible,media,lo prudente es reafirmar la política de ajustes más pausados en la Tasa de Política Monetaria,"Mantiene, pero respalda ajustes pausados y continuar la normalización: H por sesgo futuro al alza.",revisado,843d36f0fe8f18a5af968740cdc29df43afbca167d03ea892827f3a367010f71,3915,desarrollo_base_v3,si,supervision_oof_control_primario
RPM-2006-09-07:866:1,ia_base_v2,etiquetas_r13_tanda09.csv,data/etiquetas/etiquetas_r13_tanda09.csv,data/auditoria/revision_rondas_prioritarias_v3/revision_77.csv,neutral,0,neutral,0,neutral,0,compatible,alta,,Formalidad o trámite sin contenido monetario evaluable en la unidad; N y relevancia0 compatibles con v3.,revisado,2a0bc0d39868715e5a96deea83990e1c30b7468d8f012354345be2ccdeb92cbe,159,desarrollo_base_v3,si,supervision_oof_control_primario
RPM-2006-09-07:867:1,ia_base_v2,etiquetas_r13_tanda09.csv,data/etiquetas/etiquetas_r13_tanda09.csv,data/auditoria/revision_rondas_prioritarias_v3/revision_77.csv,dovish,1,dovish,1,neutral,1,cambio_etiqueta,alta,un sesgo claro para la política,El staff justifica mantener y declara que no hay sesgo claro; la trayectoria condicional del escenario no es una preferencia expansiva.,revisado,f750b50c3d202ebdbeea423112eb0f9b28731be01c387b5bee1ad7cb04453ce5,8038,desarrollo_base_v3,si,supervision_oof_control_primario
RPM-2006-10-12:922:1,ia_base_v2,etiquetas_r13_tanda09.csv,data/etiquetas/etiquetas_r13_tanda09.csv,data/auditoria/revision_rondas_prioritarias_v3/revision_77.csv,neutral,1,neutral,1,neutral,1,compatible,alta,se está viendo la inflación algo por debajo de lo proyectado,Compatible con N: lectura de coyuntura: actividad débil e inflación bajo lo proyectado. La unidad no adopta ni respalda una dirección monetaria propia.,revisado,c3e48018f118b46c31b6ef757565842da2cc355e7016bbf35c9ddad998549c2e,450,desarrollo_base_v3,si,supervision_oof_control_primario
RPM-2006-10-12:936:1,ia_base_v2,etiquetas_r13_tanda09.csv,data/etiquetas/etiquetas_r13_tanda09.csv,data/auditoria/revision_rondas_prioritarias_v3/revision_77.csv,dovish,1,dovish,1,neutral,1,cambio_etiqueta,alta,mantención de las tasas actuales,Retirar el sesgo al alza para comunicar mantención elimina dirección; no equivale por sí solo a respaldar una baja o mayor estímulo.,revisado,d849c26c491cdfbc2a0c9f257d8ab82b050e8ef34afb29c7befee624a36fd300,3246,desarrollo_base_v3,si,supervision_oof_control_primario
RPM-2006-11-16:975:2,ia_base_v2,etiquetas_r13_tanda09.csv,data/etiquetas/etiquetas_r13_tanda09.csv,data/auditoria/revision_rondas_prioritarias_v3/revision_77.csv,neutral,0,neutral,0,neutral,0,compatible,alta,,Formalidad o trámite sin contenido monetario evaluable en la unidad; N y relevancia0 compatibles con v3.,revisado,2a0bc0d39868715e5a96deea83990e1c30b7468d8f012354345be2ccdeb92cbe,159,desarrollo_base_v3,si,supervision_oof_control_primario
RPM-2006-11-16:976:1,ia_base_v2,etiquetas_r13_tanda09.csv,data/etiquetas/etiquetas_r13_tanda09.csv,data/auditoria/revision_rondas_prioritarias_v3/revision_77.csv,dovish,1,neutral,1,neutral,1,compatible,alta,se ha vuelto más incierto,Descarta subir y bajar hoy y propone revisar un sesgo cuyo signo es incierto. No existe orientación D respaldada.,revisado,d9b95a6fa8211c818c755caf9e69fcec4d3a665d5aa7b304603bde0732241cfb,6760,desarrollo_base_v3,si,supervision_oof_control_primario
RPM-2006-11-16:984:1,ia_base_v2,etiquetas_r13_tanda09.csv,data/etiquetas/etiquetas_r13_tanda09.csv,data/auditoria/revision_rondas_prioritarias_v3/revision_77.csv,dovish,1,dovish,1,neutral,1,cambio_etiqueta,alta,cualquiera sea su dirección,Vota mantener y busca preservar maniobra en cualquier dirección; desenfatizar el signo no es sostener una orientación expansiva.,revisado,dd0cd936b781347da4fb3a0a6db54576a89a2eb3d45ca2e6d9f4657c08c0e857,3316,desarrollo_base_v3,si,supervision_oof_control_primario
RPM-2006-12-14:1001:1,ia_base_v2,etiquetas_r13_tanda09.csv,data/etiquetas/etiquetas_r13_tanda09.csv,data/auditoria/revision_rondas_prioritarias_v3/revision_77.csv,neutral,1,neutral,1,neutral,1,compatible,alta,"el mercado, al esperar baja de tasa, puede haber generado esta depreciación reciente",Compatible con N: interpretación de la Reserva Federal: expectativa de baja y depreciación. La unidad no adopta ni respalda una dirección monetaria propia.,revisado,c1b0c9320e0f382dce2907786f22e81ac264bb9d1412692fdcbb569d3c4b5eda,429,desarrollo_base_v3,si,supervision_oof_control_primario
RPM-2007-01-11:1058:1,ia_base_v2,etiquetas_r13_tanda09.csv,data/etiquetas/etiquetas_r13_tanda09.csv,data/auditoria/revision_rondas_prioritarias_v3/revision_77.csv,neutral,0,neutral,0,neutral,0,compatible,alta,,Formalidad o trámite sin contenido monetario evaluable en la unidad; N y relevancia0 compatibles con v3.,revisado,716a3bc53761681ca597989bbcc7f5e33263493e11a361a64d3b6d03379214f2,83,desarrollo_base_v3,si,supervision_oof_control_primario
RPM-2007-02-08:1066:1,ia_base_v2,etiquetas_r13_tanda09.csv,data/etiquetas/etiquetas_r13_tanda09.csv,data/auditoria/revision_rondas_prioritarias_v3/revision_77.csv,neutral,1,neutral,1,neutral,1,compatible,alta,a lo mejor hay otros factores importantes que están influyendo en el precio,"Compatible con N: diagnóstico del precio del petróleo (restricción OPEP, clima). La unidad no adopta ni respalda una dirección monetaria propia.",revisado,02e9914e339608816ddcbecff35e73e165990da77476c86a11aad69846ae5e9d,679,desarrollo_base_v3,si,supervision_oof_control_primario
RPM-2007-03-15:1149:1,ia_base_v2,etiquetas_r13_tanda09.csv,data/etiquetas/etiquetas_r13_tanda09.csv,data/auditoria/revision_rondas_prioritarias_v3/revision_77.csv,dovish,1,dovish,1,dovish,1,compatible,media,es de actuar de modo simétrico hacia arriba o por debajo del 3%,Respalda explícitamente mayor impulso monetario: D.,revisado,308171d02622ce3ac9af8b4f976fb44bb77f52d196eb494e9e84352a46af1d05,1620,desarrollo_base_v3,si,supervision_oof_control_primario
RPM-2007-04-12:1209:4,ia_base_v2,etiquetas_r13_tanda09.csv,data/etiquetas/etiquetas_r13_tanda09.csv,data/auditoria/revision_rondas_prioritarias_v3/revision_77.csv,neutral,1,neutral,1,neutral,1,compatible,alta,"las opciones más plausibles para esta reunión son disminuir la Tasa de Política Monetaria en 25 puntos base, o mantenerla en su nivel actual","Compatible con N: opciones del staff (abr-2007): -25 o mantener, sin recomendación explícita. La unidad no adopta ni respalda una dirección monetaria propia.",revisado,8d63e9ac531052daf7e949ba1b8784e17c59061c0dcda3e194fe728a1d95c394,8709,desarrollo_base_v3,si,supervision_oof_control_primario
RPM-2007-04-12:1214:1,ia_base_v2,etiquetas_r13_tanda09.csv,data/etiquetas/etiquetas_r13_tanda09.csv,data/auditoria/revision_rondas_prioritarias_v3/revision_77.csv,neutral,1,neutral,1,dovish,1,cambio_etiqueta,media,"a su parecer, se trataría más o menos del mismo juicio anterior y por tanto, si el argumento es a favor de la mantención, por lo menos extrañaría algunos elementos adicionales","Hace propio el juicio previo de que podía requerirse mayor impulso y cuestiona que exista fundamento adicional para mantener; orientación D implícita, no mero diagnóstico.",revisado,64f2c38154026cdb118b4c53fe8880687e5060f91a7e4a53ecb6ae7f9886eb9a,3589,desarrollo_base_v3,si,supervision_oof_control_primario
RPM-2007-05-10:1260:1,ia_base_v2,etiquetas_r13_tanda09.csv,data/etiquetas/etiquetas_r13_tanda09.csv,data/auditoria/revision_rondas_prioritarias_v3/revision_77.csv,neutral,1,neutral,1,neutral,1,compatible,alta,la decisión más adecuada es mantener la Tasa de Política Monetaria en 5%,Compatible con N: vota mantener: antecedentes en ambas direcciones tras quitar sesgo a la baja. La unidad no adopta ni respalda una dirección monetaria propia.,revisado,3d04c40c21b43c665da2ca8d943eafe5b072d07ec911316a6efe766f9bc46366,3881,desarrollo_base_v3,si,supervision_oof_control_primario
RPM-2007-08-09:1367:2,ia_base_v2,etiquetas_r13_tanda09.csv,data/etiquetas/etiquetas_r13_tanda09.csv,data/auditoria/revision_rondas_prioritarias_v3/revision_77.csv,neutral,1,neutral,1,neutral,1,compatible,alta,se debió haber pensado en la posibilidad de una baja de un punto a lo menos con respecto de la tasa neutral,Compatible con N: consulta metodológica: desempleo bajo vs tasa neutral y medición de brecha. La unidad no adopta ni respalda una dirección monetaria propia.,revisado,d5ad0e3b5ad038854f9b46d069cee1457510d6ca47a5a62ce98cd550aa0be30a,486,desarrollo_base_v3,si,supervision_oof_control_primario
RPM-2007-08-09:1387:1,ia_base_v2,etiquetas_r13_tanda09.csv,data/etiquetas/etiquetas_r13_tanda09.csv,data/auditoria/revision_rondas_prioritarias_v3/revision_77.csv,hawkish,1,hawkish,1,hawkish,1,compatible,alta,un aumento de 25 puntos base y reforzar el sesgo de las últimas reuniones,Recomendación explícita de alza de 25 pb: H; preferir 25 frente a 50 no cambia el signo.,revisado,30a93d18c0a66c955e389bae483824e54a49e90bc22671d87e34b9ac4a3e703d,9821,desarrollo_base_v3,si,supervision_oof_control_primario
RPM-2007-08-09:1402:1,ia_base_v2,etiquetas_r13_tanda09.csv,data/etiquetas/etiquetas_r13_tanda09.csv,data/auditoria/revision_rondas_prioritarias_v3/revision_77.csv,hawkish,1,hawkish,1,hawkish,1,compatible,alta,"acordó aumentar la tasa de interés de política monetaria en 25 puntos base a 5,5% anual",Acuerdo institucional de alza de 25 pb y necesidad de aumentos posteriores: H.,revisado,7ae60a412812f19fe6404342c741fda276da66eeac6794ca6ad289cb874230fa,2813,desarrollo_base_v3,si,supervision_oof_control_primario
RPM-2007-09-13:1415:1,ia_base_v2,etiquetas_r13_tanda09.csv,data/etiquetas/etiquetas_r13_tanda09.csv,data/auditoria/revision_rondas_prioritarias_v3/revision_77.csv,neutral,1,neutral,1,neutral,1,compatible,alta,cuando se incluya habrá comunicacionalmente un alza en el spread completamente predecible y explicable,Compatible con N: técnica: bono Codelco y su efecto medible en el EMBI. La unidad no adopta ni respalda una dirección monetaria propia.,revisado,e0470175e204e2d1b8a3f720182aeb8e3a4c23837ecb06428ad1472cecc8b639,711,desarrollo_base_v3,si,supervision_oof_control_primario
RPM-2007-09-13:1465:1,ia_base_v2,etiquetas_r13_tanda09.csv,data/etiquetas/etiquetas_r13_tanda09.csv,data/auditoria/revision_rondas_prioritarias_v3/revision_77.csv,hawkish,1,hawkish,1,hawkish,1,compatible,alta,vota por elevar la tasa de política en 25 puntos base,Voto explícito de alza de 25 pb: H; eliminar un sesgo futuro no revierte la acción actual.,revisado,4dfce8db232c51cc2ed2ee526e03f6a8ea99bd49401ca47deb57cd560b630bca,4337,desarrollo_base_v3,si,supervision_oof_control_primario
RPM-2007-12-13:1596:2,ia_base_v2,etiquetas_r13_tanda09.csv,data/etiquetas/etiquetas_r13_tanda09.csv,data/auditoria/revision_rondas_prioritarias_v3/revision_77.csv,neutral,1,neutral,1,neutral,1,compatible,alta,"los métodos no están haciendo un buen trabajo, limpiando los componentes de días estacionales",Compatible con N: metodología: volatilidad irregular de la demanda interna. La unidad no adopta ni respalda una dirección monetaria propia.,revisado,acfe3503fe31f7793e7ed982e94c1ff410a1fb998c6883b1d468bf62eb423b7e,1403,desarrollo_base_v3,si,supervision_oof_control_primario
RPM-2007-12-13:1602:1,ia_base_v2,etiquetas_r13_tanda09.csv,data/etiquetas/etiquetas_r13_tanda09.csv,data/auditoria/revision_rondas_prioritarias_v3/revision_77.csv,neutral,1,neutral,1,neutral,1,compatible,alta,las opciones que parecen plausibles son mantener la Tasa de Política Monetaria en su nivel actual,Compatible con N: opciones del staff (dic-2007): mantener o +25; sesgo neutro previo; prudente esperar al IPoM. La unidad no adopta ni respalda una dirección monetaria propia.,revisado,54b962c0a926f3b9742d3cf2ed308e448f849e7dbf56b700d86a52b53e650c3f,14172,desarrollo_base_v3,si,supervision_oof_control_primario
RPM-2007-01-11:1043:1,ia_base_v2,etiquetas_r14_tanda10.csv,data/etiquetas/etiquetas_r14_tanda10.csv,data/auditoria/revision_rondas_prioritarias_v3/revision_77.csv,neutral,1,neutral,1,neutral,1,compatible,alta,las proyecciones están construidas mecánicamente con una regla de política que incluye una baja de tasas de entre 50 y 55 puntos base en los próximos meses,Compatible con N: explica supuestos clave de las proyecciones (regla mecánica con bajas próximas). La unidad no adopta ni respalda una dirección monetaria propia.,revisado,5f53cd9d00ca62b423938189bbbdb573ce59c93fa15e656f2169a7e6f3a436fa,2067,desarrollo_base_v3,si,supervision_oof_control_primario
RPM-2007-01-11:1045:1,ia_base_v2,etiquetas_r14_tanda10.csv,data/etiquetas/etiquetas_r14_tanda10.csv,data/auditoria/revision_rondas_prioritarias_v3/revision_77.csv,neutral,1,neutral,1,neutral,1,compatible,alta,las cifras de desempleo del INE desde el punto de vista nacional son una muy buena noticia,Compatible con N: defiende la medición del INE; no hay antecedentes de sesgo en el desempleo. La unidad no adopta ni respalda una dirección monetaria propia.,revisado,e0db97f2493ef6371ee06aa834a53365b9dce1399c0b390d3041bcde5d2c0ff4,891,desarrollo_base_v3,si,supervision_oof_control_primario
RPM-2007-01-11:1054:1,ia_base_v2,etiquetas_r14_tanda10.csv,data/etiquetas/etiquetas_r14_tanda10.csv,data/auditoria/revision_rondas_prioritarias_v3/revision_77.csv,hawkish,1,hawkish,1,dovish,1,cambio_etiqueta,media,se requiere de una menor tasa de política monetaria para compensar la caída de la inflación proyectada y entregar un leve mayor estímulo real a la economía,"Aunque posterga el recorte, reconoce y prepara una reducción futura justificada. Bajo la regla propuesta, esperar para bajar luego puede ser D, no H por oponerse al recorte inmediato.",revisado,e6593470c951944344886fd880bae2bd172edc6bb13ff65205758f4b5815f295,3820,desarrollo_base_v3,si,supervision_oof_control_primario
RPM-2007-02-08:1090:4,ia_base_v2,etiquetas_r14_tanda10.csv,data/etiquetas/etiquetas_r14_tanda10.csv,data/auditoria/revision_rondas_prioritarias_v3/revision_77.csv,neutral,1,neutral,1,neutral,1,compatible,alta,parecería más adecuado mantener el sesgo neutral,Compatible con N: opciones del staff (feb-2007): -25 o mantener sin inclinación; expectativa unánime de mantención. La unidad no adopta ni respalda una dirección monetaria propia.,revisado,8afda4a81d781cbb33968bd3685450ea57e0298e15ac6ed31f2753a284ca0938,7838,desarrollo_base_v3,si,supervision_oof_control_primario
RPM-2007-02-08:1102:1,ia_base_v2,etiquetas_r14_tanda10.csv,data/etiquetas/etiquetas_r14_tanda10.csv,data/auditoria/revision_rondas_prioritarias_v3/revision_77.csv,hawkish,1,hawkish,1,neutral,1,cambio_etiqueta,alta,El Comunicado debiese ser en un lenguaje neutral parecido al de enero y que cualquier discusión con respecto al curso futuro se dejará para la Minuta.,Vota mantener y pide explícitamente lenguaje neutral sin curso futuro. Mantener frente a una alternativa de recorte no basta para H.,revisado,788bff67d6d3710b80738005c56586c8a15567ee4bc1229c7509364a56b7be6d,1996,desarrollo_base_v3,si,supervision_oof_control_primario
RPM-2007-03-15:1117:1,ia_base_v2,etiquetas_r14_tanda10.csv,data/etiquetas/etiquetas_r14_tanda10.csv,data/auditoria/revision_rondas_prioritarias_v3/revision_77.csv,neutral,1,neutral,1,neutral,1,compatible,alta,pivotea desde 62% para arriba y es una de las razones para tenerlo como escenario de riesgo,Compatible con N: curvas de cobre y WTI; motivo del escenario de riesgo del petróleo. La unidad no adopta ni respalda una dirección monetaria propia.,revisado,d657cc49348db4f50eb8a86c7d9bb9fdf82630a24f743be30d5114c6e605e5b9,576,desarrollo_base_v3,si,supervision_oof_control_primario
RPM-2007-03-15:1123:1,ia_base_v2,etiquetas_r14_tanda10.csv,data/etiquetas/etiquetas_r14_tanda10.csv,data/auditoria/revision_rondas_prioritarias_v3/revision_77.csv,neutral,1,neutral,1,neutral,1,compatible,alta,"los riesgos hoy en día están hacia abajo con respecto a la actividad, que también existe preocupación en los mercados accionarios","Compatible con N: lectura: subprime y desaceleración USA vs inflación, riesgos en ambas direcciones. La unidad no adopta ni respalda una dirección monetaria propia.",revisado,cb7d1e9eef3d24982e22ee0e4cdfbe81150d8f129fa36796a9d90900886723bf,3428,desarrollo_base_v3,si,supervision_oof_control_primario
RPM-2007-03-15:1134:1,ia_base_v2,etiquetas_r14_tanda10.csv,data/etiquetas/etiquetas_r14_tanda10.csv,data/auditoria/revision_rondas_prioritarias_v3/revision_77.csv,neutral,1,neutral,1,neutral,1,compatible,alta,no le hace sentido la información que se está entregando,Compatible con N: cuestiona lectura de IMACEC/manufactura e importaciones de consumo. La unidad no adopta ni respalda una dirección monetaria propia.,revisado,18dd4a9985ae01a64ad365f81f39009277f0b9665c0cf755dddffebbc66fb96e,959,desarrollo_base_v3,si,supervision_oof_control_primario
RPM-2007-03-15:1161:1,ia_base_v2,etiquetas_r14_tanda10.csv,data/etiquetas/etiquetas_r14_tanda10.csv,data/auditoria/revision_rondas_prioritarias_v3/revision_77.csv,dovish,1,dovish,1,dovish,1,compatible,alta,hay razones y espacio suficientes para justificar un recorte de 25 puntos base,Hace propios los argumentos a favor de la baja: D.,revisado,0a35eeec62c2b0d28580990037b396f5ef184ee73f94e2d6556f2e5d6e6ce89e,5370,desarrollo_base_v3,si,supervision_oof_control_primario
RPM-2007-04-12:1218:1,ia_base_v2,etiquetas_r14_tanda10.csv,data/etiquetas/etiquetas_r14_tanda10.csv,data/auditoria/revision_rondas_prioritarias_v3/revision_77.csv,hawkish,1,hawkish,1,neutral,1,cambio_etiqueta,media,cree que es prudente acumular mayores antecedentes acerca de la real persistencia de estas presiones de costos así como disponer de las proyecciones de más largo plazo,Vota mantener para esperar información. Los riesgos inflacionarios son diagnóstico y no formula alza o sesgo restrictivo propio; bajo la regla estricta queda N.,revisado,92a71a51f9437de1434cc53dec75602454dcb770f106821027b16d906c1c4350,3784,desarrollo_base_v3,si,supervision_oof_control_primario
RPM-2007-05-10:1246:1,ia_base_v2,etiquetas_r14_tanda10.csv,data/etiquetas/etiquetas_r14_tanda10.csv,data/auditoria/revision_rondas_prioritarias_v3/revision_77.csv,neutral,1,neutral,1,neutral,1,compatible,alta,constituye para él uno de los aspectos más significativos de la coyuntura internacional,Compatible con N: términos de intercambio: Perú/Colombia se fortalecen sin shocks equivalentes. La unidad no adopta ni respalda una dirección monetaria propia.,revisado,5ea9ab33495b0c6ef0b93998eca14e9cb557a8d93ed6d2cb7e9007827d39df6f,648,desarrollo_base_v3,si,supervision_oof_control_primario
RPM-2007-05-10:1251:3,ia_base_v2,etiquetas_r14_tanda10.csv,data/etiquetas/etiquetas_r14_tanda10.csv,data/auditoria/revision_rondas_prioritarias_v3/revision_77.csv,neutral,0,neutral,0,neutral,0,compatible,alta,,Formalidad o trámite sin contenido monetario evaluable en la unidad; N y relevancia0 compatibles con v3.,revisado,0fd99b92ed17260664fd69a9bafa8d2fed9afa5f50cf45b3ce27ab509691d670,159,desarrollo_base_v3,si,supervision_oof_control_primario
RPM-2007-08-09:1394:1,ia_base_v2,etiquetas_r14_tanda10.csv,data/etiquetas/etiquetas_r14_tanda10.csv,data/auditoria/revision_rondas_prioritarias_v3/revision_77.csv,hawkish,1,hawkish,1,hawkish,1,compatible,alta,lo que le lleva a recomendar un incremento de 25 puntos base en la tasa de política monetaria,Respalda un alza moderada de 25 pb: H; la magnitud menor no vuelve D la acción.,revisado,00b3499782e2f3ad32d4f03b54f1c318565e85c7f3c613908243e68ccdd52ec5,5716,desarrollo_base_v3,si,supervision_oof_control_primario
RPM-2007-09-13:1469:1,ia_base_v2,etiquetas_r14_tanda10.csv,data/etiquetas/etiquetas_r14_tanda10.csv,data/auditoria/revision_rondas_prioritarias_v3/revision_77.csv,hawkish,1,hawkish,1,hawkish,1,compatible,alta,"acordó aumentar la Tasa de Interés de Política Monetaria en 25 puntos base, a 5,75% anual",Acuerdo institucional unánime de alza de 25 pb: H.,revisado,419bd715442d130da92b281100396fe60353f4090ece0c6b4edf410024fbf2ec,2548,desarrollo_base_v3,si,supervision_oof_control_primario
RPM-2007-10-11:1508:3,ia_base_v2,etiquetas_r14_tanda10.csv,data/etiquetas/etiquetas_r14_tanda10.csv,data/auditoria/revision_rondas_prioritarias_v3/revision_77.csv,neutral,0,neutral,0,neutral,0,compatible,alta,,Formalidad o trámite sin contenido monetario evaluable en la unidad; N y relevancia0 compatibles con v3.,revisado,b48c8321e96da44a2957578909f09e5ff4187ac4e63f40508f59af771b3244bf,139,desarrollo_base_v3,si,supervision_oof_control_primario
RPM-2008-01-10:1629:1,ia_base_v2,etiquetas_r14_tanda10.csv,data/etiquetas/etiquetas_r14_tanda10.csv,data/auditoria/revision_rondas_prioritarias_v3/revision_77.csv,hawkish,1,hawkish,1,hawkish,1,compatible,alta,un incremento de 25 puntos base probablemente sea el adecuado para enfrentar el escenario de mayor inflación contenido en el IPoM,Evalúa solo alternativas de alza y descarta mantener: H.,revisado,d34b7b06594189710ea05ece731d7f8c4c750cd17a2654aedfda2eda30f4e1db,8172,desarrollo_base_v3,si,supervision_oof_control_primario
RPM-2008-03-13:1694:1,ia_base_v2,etiquetas_r14_tanda10.csv,data/etiquetas/etiquetas_r14_tanda10.csv,data/auditoria/revision_rondas_prioritarias_v3/revision_77.csv,neutral,1,neutral,1,neutral,1,compatible,alta,no es que la expectativa de baja de tasa en el corto plazo le haya significado un efecto fallido a la Reserva Federal en términos de credibilidad,Compatible con N: precisión: las tasas largas no han subido; la curva pivotea desde un nivel más bajo. La unidad no adopta ni respalda una dirección monetaria propia.,revisado,65e77b635bfa3cdc58d63d1ff8f7d2b47232fde63df56a89f6d095a7d7f4dc76,444,desarrollo_base_v3,si,supervision_oof_control_primario
RPM-2008-03-13:1703:1,ia_base_v2,etiquetas_r14_tanda10.csv,data/etiquetas/etiquetas_r14_tanda10.csv,data/auditoria/revision_rondas_prioritarias_v3/revision_77.csv,neutral,1,neutral,1,neutral,1,compatible,alta,se puede tener legítimas dudas respecto a la utilidad de la política monetaria,Compatible con N: crisis financiera: provisión de liquidez sin precedentes; incertidumbre gigantesca. La unidad no adopta ni respalda una dirección monetaria propia.,revisado,81f7828e6c036945b09c81ff2eff4dd17ec2048ed3d015e21ac682fb5aba92a8,1316,desarrollo_base_v3,si,supervision_oof_control_primario
RPM-2008-03-13:1709:1,ia_base_v2,etiquetas_r14_tanda10.csv,data/etiquetas/etiquetas_r14_tanda10.csv,data/auditoria/revision_rondas_prioritarias_v3/revision_77.csv,neutral,1,neutral,1,neutral,1,compatible,alta,"efectivamente es así y que lo han atribuido a primas por riesgo que hoy día, debido a la incertidumbre que existe, son más sensibles a las noticias",Compatible con N: explicación técnica: sobrerreacción de mercado y baja de enero por primas por riesgo. La unidad no adopta ni respalda una dirección monetaria propia.,revisado,136af85e9886cf01d622647cd9c04c73628a0849488b0caf7c15f9fe8e4e40fa,518,desarrollo_base_v3,si,supervision_oof_control_primario
RPM-2008-03-13:1711:1,ia_base_v2,etiquetas_r14_tanda10.csv,data/etiquetas/etiquetas_r14_tanda10.csv,data/auditoria/revision_rondas_prioritarias_v3/revision_77.csv,neutral,1,neutral,1,neutral,1,compatible,alta,se está proyectando también una inflación más alta para adelante porque se trata de un shock que no estaba metido en las expectativas,Compatible con N: defiende el tratamiento de shocks de oferta en las proyecciones del Banco. La unidad no adopta ni respalda una dirección monetaria propia.,revisado,0838d8a2bd26cdc6ebfbe91e1490a21bfa7c4de6d43bb17bd4fd8ce03e73d2f9,555,desarrollo_base_v3,si,supervision_oof_control_primario
RPM-2008-03-13:1721:1,ia_base_v2,etiquetas_r14_tanda10.csv,data/etiquetas/etiquetas_r14_tanda10.csv,data/auditoria/revision_rondas_prioritarias_v3/revision_77.csv,neutral,1,neutral,1,neutral,1,compatible,alta,se considera que las opciones más plausibles para esta ocasión son un incremento de la Tasa de Política Monetaria en 25 puntos base o su mantención en el nivel actual,Compatible con N: opciones del staff (mar-2008): +25 o mantener sin inclinación; mercado inusualmente dividido. La unidad no adopta ni respalda una dirección monetaria propia.,revisado,5ef56d0e140ccfe99abedb0a8fefbb18b0c41bf18e488d74aa606f2b9078e4c8,11143,desarrollo_base_v3,si,supervision_oof_control_primario
RPM-2008-03-13:1737:2,ia_base_v2,etiquetas_r14_tanda10.csv,data/etiquetas/etiquetas_r14_tanda10.csv,data/auditoria/revision_rondas_prioritarias_v3/revision_77.csv,hawkish,1,hawkish,1,hawkish,1,compatible,alta,"mantiene su votación consistente en subir la Tasa de Política Monetaria a 6,50%","Voto explícito de alza de 25 pb: H, independientemente de la mantención mayoritaria.",revisado,03644ea6cefedf3ae099411bbb268fd9a4c37d31f72eb374f2a1d62102f27a5f,132,desarrollo_base_v3,si,supervision_oof_control_primario
RPM-2008-03-13:1739:1,ia_base_v2,etiquetas_r14_tanda10.csv,data/etiquetas/etiquetas_r14_tanda10.csv,data/auditoria/revision_rondas_prioritarias_v3/revision_77.csv,neutral,0,neutral,0,neutral,1,cambio_relevancia,alta,forma parte integral de su decisión de política monetaria,"La unidad discute cómo comunicar una consideración que el actor declara parte integral de su decisión monetaria. Sin la argumentación referida no permite heredar dirección, por eso N, pero es sustantiva y relevante.",revisado,f7e5f8b2fc72083024a81dfaddab6596004a411917eeaa80940d25b8ae6a1cfb,1303,desarrollo_base_v3,si,supervision_oof_control_primario
RPM-2008-05-08:1818:4,ia_base_v2,etiquetas_r14_tanda10.csv,data/etiquetas/etiquetas_r14_tanda10.csv,data/auditoria/revision_rondas_prioritarias_v3/revision_77.csv,neutral,1,neutral,1,neutral,1,compatible,alta,puede tener como explicación alguna relación con la subcontratación,Compatible con N: desacople empleo/actividad: composición sectorial y subcontratación. La unidad no adopta ni respalda una dirección monetaria propia.,revisado,0a07a5514a9c4dded75bec694b56559c96a5490eb34e2fa94bfa198d4cd1b994,1128,desarrollo_base_v3,si,supervision_oof_control_primario
RPM-2008-05-08:1837:1,ia_base_v2,etiquetas_r14_tanda10.csv,data/etiquetas/etiquetas_r14_tanda10.csv,data/auditoria/revision_rondas_prioritarias_v3/revision_77.csv,neutral,1,neutral,1,neutral,1,compatible,alta,la forma como se lee el gráfico de Expectativas de Política Monetaria va a cambiar con el tiempo,Compatible con N: metodología: lectura condicional de la curva de expectativas (prima por liquidez). La unidad no adopta ni respalda una dirección monetaria propia.,revisado,1abe70dbb8f8b07454b56de5de50edf4b671ed48850224d19aa03643d6745dc3,1169,desarrollo_base_v3,si,supervision_oof_control_primario
RPM-2008-05-08:1848:1,ia_base_v2,etiquetas_r14_tanda10.csv,data/etiquetas/etiquetas_r14_tanda10.csv,data/auditoria/revision_rondas_prioritarias_v3/revision_77.csv,dovish,1,dovish,1,neutral,1,cambio_etiqueta,alta,"los riesgos al alza y a la baja de la inflación son balanceados, y de ahí un sesgo neutral",Vota mantener y declara sesgo neutral. La opción de reaccionar si cambia el escenario no constituye orientación D ni H actual.,revisado,903cf3ba57463d91acdb35369ffa3361721d27fd2e3f82426dd593484a5d6fa6,4863,desarrollo_base_v3,si,supervision_oof_control_primario
RPM-2008-06-10:1902:1,ia_base_v2,etiquetas_r14_tanda10.csv,data/etiquetas/etiquetas_r14_tanda10.csv,data/auditoria/revision_rondas_prioritarias_v3/revision_77.csv,hawkish,1,hawkish,1,hawkish,1,compatible,alta,lo que lleva a descartar la opción de mantener la Tasa de Política Monetaria en esta ocasión,Recomienda alza de 25 o 50 pb y descarta mantener: H.,revisado,742cd461757c6407ab4015c123bc060dc0343203def89b6202a9c332dd6cf43b,7969,desarrollo_base_v3,si,supervision_oof_control_primario
RPM-2008-07-10:1923:7,ia_base_v2,etiquetas_r14_tanda10.csv,data/etiquetas/etiquetas_r14_tanda10.csv,data/auditoria/revision_rondas_prioritarias_v3/revision_77.csv,neutral,1,neutral,1,neutral,1,compatible,alta,el mercado tiene incorporado de todas formas una probabilidad casi completa de un aumento final hacia fin de año en su Tasa de Política Monetaria,Compatible con N: contrapunto: expectativas de mercado por el alza; ajuste de tasas largas en USA. La unidad no adopta ni respalda una dirección monetaria propia.,revisado,3e7dfcc8a8cae8ab605445b6afbb2a488b5247a544ff0d06826c93742443faec,811,desarrollo_base_v3,si,supervision_oof_control_primario
RPM-2008-07-10:1945:1,ia_base_v2,etiquetas_r14_tanda10.csv,data/etiquetas/etiquetas_r14_tanda10.csv,data/auditoria/revision_rondas_prioritarias_v3/revision_77.csv,neutral,1,neutral,1,neutral,1,compatible,alta,consulta si este mayor aumento significa que habrá más inflación o si se trata de un aumento razonable,Compatible con N: pregunta técnica: salarios reales al alza vs trayectoria de inflación. La unidad no adopta ni respalda una dirección monetaria propia.,revisado,3c7e23fcb02e0721f2131c0e4547f6f7cd27267240ebcca0879482e877a00a88,230,desarrollo_base_v3,si,supervision_oof_control_primario
RPM-2008-08-14:2044:1,ia_base_v2,etiquetas_r14_tanda10.csv,data/etiquetas/etiquetas_r14_tanda10.csv,data/auditoria/revision_rondas_prioritarias_v3/revision_77.csv,hawkish,1,hawkish,1,hawkish,1,compatible,alta,vota por un alza de 50 puntos base,Voto explícito de alza de 50 pb con sesgo al alza: H.,revisado,ed5c07b305ed183f8887bd9c45186bb0b08dad72e2705165f5021bffa2136562,4840,desarrollo_base_v3,si,supervision_oof_control_primario
RPM-2008-09-04:2100:1,ia_base_v2,etiquetas_r14_tanda10.csv,data/etiquetas/etiquetas_r14_tanda10.csv,data/auditoria/revision_rondas_prioritarias_v3/revision_77.csv,neutral,0,neutral,0,neutral,0,compatible,alta,,Formalidad o trámite sin contenido monetario evaluable en la unidad; N y relevancia0 compatibles con v3.,revisado,56ebe16ed069d35850faf92f2ee26badb83ee6f1bed11e71032348da5f5e9117,83,desarrollo_base_v3,si,supervision_oof_control_primario
RPM-2008-11-13:2159:1,ia_base_v2,etiquetas_r14_tanda10.csv,data/etiquetas/etiquetas_r14_tanda10.csv,data/auditoria/revision_rondas_prioritarias_v3/revision_77.csv,neutral,1,neutral,1,neutral,1,compatible,alta,es difícil contemplar una opción distinta a mantener la Tasa de Política Monetaria en esta oportunidad,Compatible con N: opciones del staff (nov-2008): solo mantención (aumento requiere escenario distinto; recorte apresurado). La unidad no adopta ni respalda una dirección monetaria propia.,revisado,41964e1677803b29eabd6878507d78c7ca87186d9d072448c64b09c05b48bd18,9802,desarrollo_base_v3,si,supervision_oof_control_primario
RPM-2008-11-13:2169:1,ia_base_v2,etiquetas_r14_tanda10.csv,data/etiquetas/etiquetas_r14_tanda10.csv,data/auditoria/revision_rondas_prioritarias_v3/revision_77.csv,neutral,1,neutral,1,neutral,1,compatible,alta,"su voto es por mantener la Tasa de Política Monetaria, manteniendo un sesgo neutral en el Comunicado",Compatible con N: descarta ambas direcciones: recorte imprudente (inflación y TCR desalineados) y alza descartada. La unidad no adopta ni respalda una dirección monetaria propia.,revisado,10b0c5c44b83a65cb6c05ab7fb2dc2ccaf9f0160f68c34a9da2d67950a86a985,3103,desarrollo_base_v3,si,supervision_oof_control_primario
RPM-2008-12-11:2238:1,ia_base_v2,etiquetas_r14_tanda10.csv,data/etiquetas/etiquetas_r14_tanda10.csv,data/auditoria/revision_rondas_prioritarias_v3/revision_77.csv,neutral,1,dovish,1,dovish,1,compatible,alta,"el mejor momento para iniciar el ciclo de relajamiento monetario, y no con la conveniencia de que, en el escenario más probable, ello se materialice","El staff deja abierta la acción de hoy, pero respalda que el escenario más probable requiere un ciclo de relajamiento; la orientación futura propia es D.",revisado,c21b7c8a3aa20d17d3c424c6c0ef95ffce1f82c338486296d43076d2a70d2346,10349,desarrollo_base_v3,si,supervision_oof_control_primario
RPM-2008-12-11:2249:1,ia_base_v2,etiquetas_r14_tanda10.csv,data/etiquetas/etiquetas_r14_tanda10.csv,data/auditoria/revision_rondas_prioritarias_v3/revision_77.csv,neutral,1,neutral,1,neutral,1,compatible,media,"las expectativas de los analistas para el plazo de 2 años, por primera vez en varios meses, se han ubicado nuevamente en torno a la meta",Compatible con N: diagnóstico de crisis: riesgos claramente negativos; abre espacio al relajamiento (sin voto en el fragmento). La unidad no adopta ni respalda una dirección monetaria propia.,revisado,e84603900252a0335b86cb7f4d820981f32212dd862b6ea899efdf64450c555d,5804,desarrollo_base_v3,si,supervision_oof_control_primario
RPM-2008-12-11:2251:1,ia_base_v2,etiquetas_r14_tanda10.csv,data/etiquetas/etiquetas_r14_tanda10.csv,data/auditoria/revision_rondas_prioritarias_v3/revision_77.csv,dovish,1,dovish,1,dovish,1,compatible,media,"su voto es por mantener la Tasa de Política Monetaria en esta ocasión, en su nivel actual","Aunque mantiene hoy, respalda iniciar reducciones cuando se alinee el tipo de cambio: D por orientación futura propia.",revisado,27a404c45beaee22c7bfdc0cba9640fd93b208f818546ba072f79237345cd13c,5411,desarrollo_base_v3,si,supervision_oof_control_primario
RPM-2005-07-12:310:2,ia_nueva_v1,tanda_01,data/auditoria/ampliacion_hd_60_v1/anotacion_ia_v1/tanda_01/anotaciones_ia.csv,data/auditoria/revision_ia_nueva_tanda_01_v3/revision.csv,hawkish,1,hawkish,1,hawkish,1,compatible,alta,"Por lo anterior, su voto es a favor de un alza de 25 puntos bases en la TPM.",Compatible con hawkish: R1. Alza explícita de 25 pb respaldada por cierre de brechas y riesgos de inflación. No se infiere H solo de la palabra normalización.. No depende solo del menú o fase.,revisado,8bfbe0b3a6e449a8d02cca4545cae3953223e191c8c44b06013748892f68313f,2623,ampliacion_ia_v3,no,evaluar_adicion_por_separado
RPM-2005-09-08:396:1,ia_nueva_v1,tanda_01,data/auditoria/ampliacion_hd_60_v1/anotacion_ia_v1/tanda_01/anotaciones_ia.csv,data/auditoria/revision_ia_nueva_tanda_01_v3/revision.csv,hawkish,1,hawkish,1,hawkish,1,compatible,alta,"En consecuencia, su voto es por un aumento de la tasa de política monetaria en 25 puntos base.",Compatible con hawkish: R1. Prefiere subir 25 pb y descarta mantener. Rechazar un alza mayor de 50 pb no equivale a favorecer una baja.. No depende solo del menú o fase.,revisado,cca7e89d9f1c88d771f78f1fe702d894034bb17dab3f25009dd384d22e3881f4,2794,ampliacion_ia_v3,no,evaluar_adicion_por_separado
RPM-2006-01-12:559:1,ia_nueva_v1,tanda_01,data/auditoria/ampliacion_hd_60_v1/anotacion_ia_v1/tanda_01/anotaciones_ia.csv,data/auditoria/revision_ia_nueva_tanda_01_v3/revision.csv,hawkish,1,hawkish,1,hawkish,1,compatible,alta,es aconsejable que se proceda a un alza de 25 puntos base en la tasa de política monetaria,Compatible con hawkish: R5/R1. Recomendación explícita del staff de subir 25 pb. Los escenarios y tasas extranjeras no son necesarios para identificar la dirección final.. No depende solo del menú o fase.,revisado,fbc2fd7df5cd97d88326b5d15bd1e9ab70c96f457216524c855b211d39b073f9,5406,ampliacion_ia_v3,no,evaluar_adicion_por_separado
RPM-2006-05-11:660:2,ia_nueva_v1,tanda_01,data/auditoria/ampliacion_hd_60_v1/anotacion_ia_v1/tanda_01/anotaciones_ia.csv,data/auditoria/revision_ia_nueva_tanda_01_v3/revision.csv,hawkish,1,hawkish,1,hawkish,1,compatible,media,"manteniéndose en la actualidad un sesgo expansivo que, en el escenario más probable, se espera seguir reduciendo, para asegurar la convergencia de la inflación a 3% dentro del horizonte habitual de proyección","Compatible con hawkish: R5/R7. Expone una trayectoria doméstica de menor impulso monetario para converger a la meta; no se basa solo en alzas externas. Confianza media por su carácter de escenario/supuesto técnico, no voto. Hay un corte textual en costos que no se repara. Reservar fuera del primer núcleo H/D de alta confianza.. No depende solo del menú o fase.",revisado,a42ec8c9a2931d0aff3c711b421ab2e8bbd09629a91ce93f4ce93fa10270bf50,10598,ampliacion_ia_v3,no,evaluar_adicion_por_separado
RPM-2006-08-10:817:1,ia_nueva_v1,tanda_01,data/auditoria/ampliacion_hd_60_v1/anotacion_ia_v1/tanda_01/anotaciones_ia.csv,data/auditoria/revision_ia_nueva_tanda_01_v3/revision.csv,neutral,1,neutral,1,neutral,1,compatible,baja,"un tema distinto de la decisión misma de política monetaria, pero que requiere de más análisis, es la conveniencia o no de señalar en el comunicado de esta reunión si el panorama de tasas de interés hacia delante se modifica","Compatible con N: R5/R9. Favorece una pausa y contrapone argumentos de alza; relata alzas pasadas/menos frecuentes, pero deja abierto el diagnóstico futuro. No convertir una pausa en D ni el relato previo en adhesión H clara. Caso dudoso: separar, no usar para enriquecer H/D.. La unidad no adopta una dirección monetaria propia.",revisado,f402cf0192abf5c1aaed57ee9e577fbfe1d1999619d2f76b9247f4c771c7d871,8191,ampliacion_ia_v3,no,evaluar_adicion_por_separado
RPM-2008-07-10:1975:2,ia_nueva_v1,tanda_01,data/auditoria/ampliacion_hd_60_v1/anotacion_ia_v1/tanda_01/anotaciones_ia.csv,data/auditoria/revision_ia_nueva_tanda_01_v3/revision.csv,hawkish,1,hawkish,1,hawkish,1,compatible,alta,"se suma a la votación de los señores Consejeros, en el sentido de aumentar la Tasa de Política Monetaria en 50 puntos base, con un sesgo al alza en el Comunicado","Compatible con hawkish: R1. Adhesión a un alza concreta y sesgo al alza, ambos explícitos en la misma intervención.. No depende solo del menú o fase.",revisado,e045750c6745263d2805dd6b389f2f828ee4efdc1d36ce1e8cc4f7ae2b9500c5,248,ampliacion_ia_v3,no,evaluar_adicion_por_separado
RPM-2008-09-04:2098:1,ia_nueva_v1,tanda_01,data/auditoria/ampliacion_hd_60_v1/anotacion_ia_v1/tanda_01/anotaciones_ia.csv,data/auditoria/revision_ia_nueva_tanda_01_v3/revision.csv,hawkish,1,hawkish,1,hawkish,1,compatible,alta,se adhiere a la decisión de la mayoría de los Consejeros en cuanto a subir la Tasa de Política Monetaria en 50 puntos base,Compatible con hawkish: R1. Adhesión explícita a un alza de 50 pb. La dirección está contenida en la propia intervención; no se necesita consultar votos ajenos.. No depende solo del menú o fase.,revisado,cf981b9b75bc8778bf060e6844e60971d335414aa9cd1c416a7961f9ff96cd8f,218,ampliacion_ia_v3,no,evaluar_adicion_por_separado
RPM-2008-12-11:2250:1,ia_nueva_v1,tanda_01,data/auditoria/ampliacion_hd_60_v1/anotacion_ia_v1/tanda_01/anotaciones_ia.csv,data/auditoria/revision_ia_nueva_tanda_01_v3/revision.csv,dovish,1,dovish,1,dovish,1,compatible,alta,vota por bajar la Tasa de Política Monetaria en 25 puntos base para dejarla en un nivel de 8% anual,"Compatible con dovish: R1. Quiere iniciar de inmediato una rebaja y sesgo a la baja. Aquí normalización significa reducir la tasa, no endurecer.. No depende solo del menú o fase.",revisado,01318cc99f060444df644785fede0d729305ed02287b2a5113de35ef36cceb31,3098,ampliacion_ia_v3,no,evaluar_adicion_por_separado
RPM-2009-02-12:2375:1,ia_nueva_v1,tanda_01,data/auditoria/ampliacion_hd_60_v1/anotacion_ia_v1/tanda_01/anotaciones_ia.csv,data/auditoria/revision_ia_nueva_tanda_01_v3/revision.csv,dovish,1,dovish,1,dovish,1,compatible,alta,el Vicepresidente señor Jorge Desormeaux vota por recortar la Tasa de Política Monetaria en 200 puntos base,"Compatible con dovish: R1. Prefiere recortar 200 pb. La discusión entre 100, 200 y 300 pb y la prudencia comunicacional no convierten la opción elegida en H.. No depende solo del menú o fase.",revisado,dc838c92b5beb94a3e535e2b1344dee02fb44ccd270b408ac3e8df21fb2710d9,6067,ampliacion_ia_v3,no,evaluar_adicion_por_separado
RPM-2009-03-12:2436:1,ia_nueva_v1,tanda_01,data/auditoria/ampliacion_hd_60_v1/anotacion_ia_v1/tanda_01/anotaciones_ia.csv,data/auditoria/revision_ia_nueva_tanda_01_v3/revision.csv,dovish,1,dovish,1,dovish,1,compatible,alta,su voto es por reducir la Tasa de Política Monetaria en 250 puntos base,Compatible con dovish: R1. Recorte de 250 pb y mantenimiento de sesgo a la baja. El retorno futuro a cambios menores no altera esta dirección.. No depende solo del menú o fase.,revisado,c57e70c4edf13e41512c6bc08ce0fc045120f3c6d16de0dd555bdee0b94c07fd,2552,ampliacion_ia_v3,no,evaluar_adicion_por_separado
RPM-2010-08-12:3328:3,ia_nueva_v1,tanda_01,data/auditoria/ampliacion_hd_60_v1/anotacion_ia_v1/tanda_01/anotaciones_ia.csv,data/auditoria/revision_ia_nueva_tanda_01_v3/revision.csv,neutral,1,neutral,1,neutral,1,compatible,alta,"en su Reunión de Política Monetaria de julio, el Consejo del Banco Central de Chile acordó aumentar la tasa de interés de política monetaria en 50 puntos base",Compatible con N: R5. El staff recapitula la decisión y el anuncio de julio; esta unidad no contiene evaluación o recomendación propia adicional para la reunión actual. Historia citada no equivale por sí sola a adhesión actual H.. La unidad no adopta una dirección monetaria propia.,revisado,68084491e3b5bde43de32d46cd86597504c54b9e56c13ee32013bd135acf4544,449,ampliacion_ia_v3,no,evaluar_adicion_por_separado
RPM-2010-12-16:3641:1,ia_nueva_v1,tanda_01,data/auditoria/ampliacion_hd_60_v1/anotacion_ia_v1/tanda_01/anotaciones_ia.csv,data/auditoria/revision_ia_nueva_tanda_01_v3/revision.csv,hawkish,1,hawkish,1,hawkish,1,compatible,alta,"el Consejo del Banco Central de Chile acordó aumentar la tasa de interés de política monetaria en 25 puntos base, hasta 3,25% anual","Compatible con hawkish: R1/R6. Acuerdo institucional actual de alza de 25 pb, más continuidad de retiro de estímulo. No es mera formalidad aunque incluya encabezado.. No depende solo del menú o fase.",revisado,24c8a44244f9eb7084b1368636ac42751a548fe066997164ae746a34b1b3af58,1832,ampliacion_ia_v3,no,evaluar_adicion_por_separado
RPM-2011-09-15:4289:1,ia_nueva_v1,tanda_01,data/auditoria/ampliacion_hd_60_v1/anotacion_ia_v1/tanda_01/anotaciones_ia.csv,data/auditoria/revision_ia_nueva_tanda_01_v3/revision.csv,neutral,1,neutral,1,neutral,1,compatible,alta,"Brasil, que ha optado por reducir su tasa de política monetaria en 50 puntos base ante la evidencia de una desaceleración importante de su economía","Compatible con N: R3/R5. Exposición internacional: tasas de Brasil, Europa, Asia y Estados Unidos, sin recomendación de TPM chilena. La cita ejemplifica una decisión extranjera que no debe heredarse como postura doméstica.. La unidad no adopta una dirección monetaria propia.",revisado,b3fa558f3810fbed4261fb728d3203b36ba9424fe26b2919029c497f99a93c3d,8677,ampliacion_ia_v3,no,evaluar_adicion_por_separado
RPM-2011-10-13:4388:1,ia_nueva_v1,tanda_01,data/auditoria/ampliacion_hd_60_v1/anotacion_ia_v1/tanda_01/anotaciones_ia.csv,data/auditoria/revision_ia_nueva_tanda_01_v3/revision.csv,dovish,1,dovish,1,neutral,1,cambio_etiqueta,alta,"la tasa rectora debiera mantenerse en el nivel actual, para validar las expectativas de mercado","Propone mantener y cambiar el sesgo, pero no identifica la dirección de ese nuevo sesgo ni recomienda una acción direccional. No se puede inferir D solo del deterioro macroeconómico: N.",revisado,8b528a692684e819b88c25c33ef7b738d7280910aa11ea2f3b9770be45b53b19,7320,ampliacion_ia_v3,no,evaluar_adicion_por_separado
RPM-2011-11-15:4449:1,ia_nueva_v1,tanda_01,data/auditoria/ampliacion_hd_60_v1/anotacion_ia_v1/tanda_01/anotaciones_ia.csv,data/auditoria/revision_ia_nueva_tanda_01_v3/revision.csv,dovish,1,dovish,1,dovish,1,compatible,alta,"hay una tercera opción, que es mantener la TPM hoy en 5,25% e introducir un sesgo negativo y no condicional a un escenario dado",Compatible con dovish: R5/R7. Prefiere mantención hoy con un sesgo expansivo no condicional y argumenta que distintos escenarios exigirán reducir la TPM. Rechazar un recorte sorpresivo hoy no elimina esa dirección futura respaldada.. No depende solo del menú o fase.,revisado,ba4b6c13874a662856211ea690e0cda01872597fbc2d49fa2752ce159ab21ad7,3127,ampliacion_ia_v3,no,evaluar_adicion_por_separado
RPM-2011-12-13:4507:3,ia_nueva_v1,tanda_01,data/auditoria/ampliacion_hd_60_v1/anotacion_ia_v1/tanda_01/anotaciones_ia.csv,data/auditoria/revision_ia_nueva_tanda_01_v3/revision.csv,dovish,1,dovish,1,dovish,1,compatible,alta,parece recomendable rebajar la tasa en 25 puntos base en esta reunión y recalcar la flexibilidad de la política monetaria en caso que la situación internacional se vuelva más adversa,Compatible con dovish: R1/R2. Tras el diagnóstico externo e interno recomienda inequívocamente un recorte doméstico de 25 pb; no se etiqueta D solo por la baja del BCE.. No depende solo del menú o fase.,revisado,c399960370e92a81b3c1cbf648f2adff62e4ab22045fb847b7b19b36cc63d54c,6005,ampliacion_ia_v3,no,evaluar_adicion_por_separado
RPM-2012-06-14:4876:1,ia_nueva_v1,tanda_01,data/auditoria/ampliacion_hd_60_v1/anotacion_ia_v1/tanda_01/anotaciones_ia.csv,data/auditoria/revision_ia_nueva_tanda_01_v3/revision.csv,neutral,1,neutral,1,neutral,1,compatible,alta,"la Encuesta de Expectativas Económicas no considera baja alguna, sino que una trayectoria plana hasta fines de año y luego en el año 2013, algunas alzas para situar la tasa en 5,25% anual","Compatible con N: R5. Contrasta encuestas y expectativas de mercado de signo distinto, sin recomendar una. No asignar la postura de la encuesta al expositor.. La unidad no adopta una dirección monetaria propia.",revisado,77999e8078f103aa960ef30fb8e17f85bbd4c2c34cb9230fb35a22b8677a92ab,1208,ampliacion_ia_v3,no,evaluar_adicion_por_separado
RPM-2013-03-14:5405:1,ia_nueva_v1,tanda_01,data/auditoria/ampliacion_hd_60_v1/anotacion_ia_v1/tanda_01/anotaciones_ia.csv,data/auditoria/revision_ia_nueva_tanda_01_v3/revision.csv,neutral,1,neutral,1,neutral,1,compatible,alta,el peso mexicano se ha apreciado a pesar del sorpresivo recorte de la tasa de política en 50 puntos base decretada por el Banco de México,"Compatible con N: R3/R5. Describe bolsas, flujos y política extranjera. El recorte citado pertenece a México, no constituye recomendación para la TPM chilena.. La unidad no adopta una dirección monetaria propia.",revisado,ec50f96cca4d29c5cfa584cb0c1558b2c8330f6f3434ce86509b1d870a065fc7,2798,ampliacion_ia_v3,no,evaluar_adicion_por_separado
RPM-2013-06-13:5576:3,ia_nueva_v1,tanda_01,data/auditoria/ampliacion_hd_60_v1/anotacion_ia_v1/tanda_01/anotaciones_ia.csv,data/auditoria/revision_ia_nueva_tanda_01_v3/revision.csv,neutral,1,neutral,1,neutral,1,compatible,alta,el alza de las tasas de interés en Francia y Alemania a dos años plazo es muy superior a la de la tasa norteamericana a igual plazo,Compatible con N: R3. Comparación de tasas extranjeras y fundamentos fiscales/de actividad; no expresa una preferencia para la política chilena.. La unidad no adopta una dirección monetaria propia.,revisado,b50b4a2726196bfe6d1b6e102233ce34fd70cfc5b607bebf4a0f25e424803f7b,434,ampliacion_ia_v3,no,evaluar_adicion_por_separado
RPM-2013-07-11:5687:1,ia_nueva_v1,tanda_01,data/auditoria/ampliacion_hd_60_v1/anotacion_ia_v1/tanda_01/anotaciones_ia.csv,data/auditoria/revision_ia_nueva_tanda_01_v3/revision.csv,dovish,1,dovish,1,dovish,1,compatible,alta,hacen aconsejable comenzar a reducir la TPM posiblemente entre los meses de agosto y septiembre del año en curso,"Compatible con dovish: R5/R7. Recomendación propia de iniciar recortes y comunicar sesgo a la baja. La extensa historia de comunicados ilustra su propuesta actual, no es su único sustento.. No depende solo del menú o fase.",revisado,632df8283a15aa5334b08616e6e5b593b07b562f179027ffd129b60d68862715,4899,ampliacion_ia_v3,no,evaluar_adicion_por_separado
RPM-2013-10-17:5855:1,ia_nueva_v1,tanda_01,data/auditoria/ampliacion_hd_60_v1/anotacion_ia_v1/tanda_01/anotaciones_ia.csv,data/auditoria/revision_ia_nueva_tanda_01_v3/revision.csv,dovish,1,dovish,1,dovish,1,compatible,alta,"su voto es por reducir la Tasa de Política Monetaria en un cuarto de punto al nivel de 4,75% anual",Compatible con dovish: R1. Vota por bajar 25 pb. Advertir que no necesariamente empieza un ciclo de bajas no revierte la dirección de la reducción respaldada.. No depende solo del menú o fase.,revisado,2774a3c767210c769ff80607132a78c81e9e4074c26c5aa489f733affa23f8d1,5361,ampliacion_ia_v3,no,evaluar_adicion_por_separado
RPM-2014-01-16:5991:1,ia_nueva_v1,tanda_01,data/auditoria/ampliacion_hd_60_v1/anotacion_ia_v1/tanda_01/anotaciones_ia.csv,data/auditoria/revision_ia_nueva_tanda_01_v3/revision.csv,neutral,1,neutral,1,neutral,1,compatible,alta,"la nueva canasta implicará un sesgo al alza en algunos casos y en otros, a la baja","Compatible con N: R2/R5. Diagnóstico de actividad e inflación. El sesgo al alza/a la baja se refiere a la canasta del INE, no a la TPM; no recomienda una dirección monetaria.. La unidad no adopta una dirección monetaria propia.",revisado,b9d30bbca87b350fa92cc76ce2ddad552e23dd3f1e78d35a17f248840ed6229d,1349,ampliacion_ia_v3,no,evaluar_adicion_por_separado
RPM-2014-02-18:6055:2,ia_nueva_v1,tanda_01,data/auditoria/ampliacion_hd_60_v1/anotacion_ia_v1/tanda_01/anotaciones_ia.csv,data/auditoria/revision_ia_nueva_tanda_01_v3/revision.csv,dovish,1,dovish,1,dovish,1,compatible,alta,"su voto es por bajar la Tasa de Política Monetaria a 4,25% anual y por mantener el sesgo de la Reunión anterior",Compatible con dovish: R1/R6/R7. Voto y acuerdo de reducción doméstica; además prevé relajamiento adicional. El recorte está explícito aquí y no se importa la dirección de otra unidad.. No depende solo del menú o fase.,revisado,397ae6f78831c6fb8277ee0a45c7a4173399cfa5efff4db49448ca5cc84dfe98,667,ampliacion_ia_v3,no,evaluar_adicion_por_separado
RPM-2014-04-17:6167:1,ia_nueva_v1,tanda_01,data/auditoria/ampliacion_hd_60_v1/anotacion_ia_v1/tanda_01/anotaciones_ia.csv,data/auditoria/revision_ia_nueva_tanda_01_v3/revision.csv,dovish,1,dovish,1,dovish,1,compatible,alta,"recomienda mantener la TPM en 4,0% anual y mantener el sesgo a la baja en el Comunicado de esta Reunión","Compatible con dovish: R5/R7. Recomendación expresa de sesgo a la baja, aunque se mantenga el nivel hoy. No necesita recuperar razones de otra intervención.. No depende solo del menú o fase.",revisado,1066ee4b2419cf1242bddcf1b376b2533aba8d275d011d6a2124216f18a1c4bf,204,ampliacion_ia_v3,no,evaluar_adicion_por_separado
RPM-2014-07-15:6340:2,ia_nueva_v1,tanda_01,data/auditoria/ampliacion_hd_60_v1/anotacion_ia_v1/tanda_01/anotaciones_ia.csv,data/auditoria/revision_ia_nueva_tanda_01_v3/revision.csv,dovish,1,dovish,1,dovish,1,compatible,alta,"su voto es por recortar la Tasa de Política Monetaria en 25 puntos base, a 3,75% anual, y mantener el sesgo expansivo del último Comunicado","Compatible con dovish: R1/R6. Voto y acuerdo de recorte, con sesgo expansivo. Se resuelve con el contenido propio aunque el comienzo remita a razones anteriores.. No depende solo del menú o fase.",revisado,416bc0af1c1019aa985b670ca8b62785f1cb4d10be63750fee61aa5f78b7369b,887,ampliacion_ia_v3,no,evaluar_adicion_por_separado
RPM-2014-08-14:6388:1,ia_nueva_v1,tanda_01,data/auditoria/ampliacion_hd_60_v1/anotacion_ia_v1/tanda_01/anotaciones_ia.csv,data/auditoria/revision_ia_nueva_tanda_01_v3/revision.csv,dovish,1,dovish,1,dovish,1,compatible,alta,"su voto es por recortar la TPM en 25 puntos base, para dejarla en 3,5%, y por conservar en lo grueso el tenor del Comunicado anterior",Compatible con dovish: R1. Necesidad de estímulo adicional y recorte efectivo respaldado de 25 pb; preferir gradualidad frente a 50 pb sigue siendo expansivo.. No depende solo del menú o fase.,revisado,44d43d61bedb3d2b7f54c8e4ef1d39d637227df5e9a97d4171ca67e4d9532538,4997,ampliacion_ia_v3,no,evaluar_adicion_por_separado
RPM-2014-12-11:6537:1,ia_nueva_v1,tanda_01,data/auditoria/ampliacion_hd_60_v1/anotacion_ia_v1/tanda_01/anotaciones_ia.csv,data/auditoria/revision_ia_nueva_tanda_01_v3/revision.csv,dovish,1,dovish,1,dovish,1,compatible,alta,entregan las condiciones para que la política monetaria pueda seguir aumentando su grado de expansividad,"Compatible con dovish: R2/R4/R7. El Ministro vincula explícitamente crecimiento débil y menores expectativas inflacionarias con espacio para más expansividad; justifica esa orientación, no solo enumera tasas esperadas del mercado.. No depende solo del menú o fase.",revisado,37f412318071121f1c7aa648c6151db797181f2847076bec1dd501eee50a1967,1787,ampliacion_ia_v3,no,evaluar_adicion_por_separado
RPM-2015-04-16:6743:1,ia_nueva_v1,tanda_01,data/auditoria/ampliacion_hd_60_v1/anotacion_ia_v1/tanda_01/anotaciones_ia.csv,data/auditoria/revision_ia_nueva_tanda_01_v3/revision.csv,neutral,1,neutral,1,neutral,1,compatible,media,la Gerencia de División Estudios propone como única opción relevante mantener la TPM en 3% y el sesgo neutral,"Compatible con N: R5/R9. Confirma escenario, mantención y sesgo neutral; la discusión futura de normalización queda condicionada y sin dirección explícita en esa formulación. No inferir H de normalización ni D de impulso ya vigente. Se conserva con confianza media.. La unidad no adopta una dirección monetaria propia.",revisado,792c94d35cd10ad9ee5a8f6ba0cacf52d0e300c5cd28312b839025c34970d8f7,5506,ampliacion_ia_v3,no,evaluar_adicion_por_separado
RPM-2015-08-13:6967:1,ia_nueva_v1,tanda_01,data/auditoria/ampliacion_hd_60_v1/anotacion_ia_v1/tanda_01/anotaciones_ia.csv,data/auditoria/revision_ia_nueva_tanda_01_v3/revision.csv,neutral,1,neutral,1,neutral,1,compatible,alta,"lo indicado exige un ajuste fino de equilibrios, el que se puede alcanzar a través de las conversaciones que se sostengan con el Presidente del Banco dentro de los próximos trimestres",Compatible con N: R2/R3. Debate el significado de desanclaje y la coordinación monetario-fiscal sin fijar una dirección para la TPM chilena. Reconocer una función que podría subir tasas no es recomendar esa acción ahora.. La unidad no adopta una dirección monetaria propia.,revisado,1d0f0195b77af0cd005ad87d8fd15c20bd4f75d12a5ab54a763c33a52597ad33,5442,ampliacion_ia_v3,no,evaluar_adicion_por_separado
RPM-2015-12-17:7180:1,ia_nueva_v1,tanda_01,data/auditoria/ampliacion_hd_60_v1/anotacion_ia_v1/tanda_01/anotaciones_ia.csv,data/auditoria/revision_ia_nueva_tanda_01_v3/revision.csv,neutral,1,neutral,1,neutral,1,compatible,alta,"luego del alza de la TPM acordada en la Reunión del mes de octubre, las condiciones financieras se han mantenido favorables en términos de su promedio histórico y de niveles","Compatible con N: R2/R5. Exposición de actividad, inflación y condiciones financieras. Menciona una decisión anterior de TPM sin respaldar una nueva dirección en la unidad actual; diagnóstico inflacionario no basta para H.. La unidad no adopta una dirección monetaria propia.",revisado,62c123a542f8e3bf7e6344ac0bb8abd924e17d2ad7045a40ad6c8958249cf2bf,3052,ampliacion_ia_v3,no,evaluar_adicion_por_separado
RPM-2005-08-11:366:1,ia_nueva_v1,tanda_02,data/auditoria/ampliacion_hd_60_v1/anotacion_ia_v1/tanda_02/anotaciones_ia.csv,data/auditoria/revision_ia_nueva_tanda_02_v3/revision.csv,hawkish,1,hawkish,1,hawkish,1,compatible,alta,"el Consejo del Banco Central acordó aumentar la tasa de interés de política monetaria en 25 puntos base, hasta 3,75% anual",Compatible con hawkish: R1/R6. Acuerdo institucional actual de alza de 25 pb y continuidad del retiro de estímulo.. No depende solo del menú o fase.,revisado,f6c1c42ba92d064c120744afb1c8b3810abd8ef7c5f83f1a4ec2be54a7f102ed,1645,ampliacion_ia_v3,no,evaluar_adicion_por_separado
RPM-2005-09-08:400:1,ia_nueva_v1,tanda_02,data/auditoria/ampliacion_hd_60_v1/anotacion_ia_v1/tanda_02/anotaciones_ia.csv,data/auditoria/revision_ia_nueva_tanda_02_v3/revision.csv,hawkish,1,hawkish,1,hawkish,1,compatible,alta,"el Consejo del Banco Central acordó aumentar la Tasa de Interés de Política Monetaria en 25 puntos base, hasta 4% anual",Compatible con hawkish: R1/R6. Decisión institucional actual de alza de 25 pb y retiro de estímulo; se distingue de descripción histórica por tratarse del acuerdo de esta reunión.. No depende solo del menú o fase.,revisado,44d21eab379726fbe02446ae84ba46146832a02d490833782dfc3420a73de2fa,1999,ampliacion_ia_v3,no,evaluar_adicion_por_separado
RPM-2005-10-11:446:1,ia_nueva_v1,tanda_02,data/auditoria/ampliacion_hd_60_v1/anotacion_ia_v1/tanda_02/anotaciones_ia.csv,data/auditoria/revision_ia_nueva_tanda_02_v3/revision.csv,hawkish,1,hawkish,1,hawkish,1,compatible,alta,considera que un alza de 25 puntos base en la tasa de Política Monetaria es consistente con el rango meta en el horizonte habitual de política y por ello vota en tal sentido,Compatible con hawkish: R1. Respalda subir 25 pb. Rechazar acelerar el ritmo de normalización no convierte el voto en D.. No depende solo del menú o fase.,revisado,92d5fbfd624efc8cd77dfd6675331e9346b3788d5ec9672c638dff9e7214a905,3694,ampliacion_ia_v3,no,evaluar_adicion_por_separado
RPM-2006-04-13:654:2,ia_nueva_v1,tanda_02,data/auditoria/ampliacion_hd_60_v1/anotacion_ia_v1/tanda_02/anotaciones_ia.csv,data/auditoria/revision_ia_nueva_tanda_02_v3/revision.csv,hawkish,1,hawkish,1,hawkish,1,compatible,alta,el Consejo del Banco Central de Chile acordó aumentar la tasa de interés de política monetaria en 25 puntos base hasta 5% anual,"Compatible con hawkish: R1/R6. Acuerdo actual de alza explícita, acompañado por continuidad de ajustes pausados. No se infiere la dirección solo de normalización.. No depende solo del menú o fase.",revisado,76e4463a712c47da627fd73fd304511e98aa8e0f3f569fb48ee8c48c70d57003,2090,ampliacion_ia_v3,no,evaluar_adicion_por_separado
RPM-2006-12-14:1013:2,ia_nueva_v1,tanda_02,data/auditoria/ampliacion_hd_60_v1/anotacion_ia_v1/tanda_02/anotaciones_ia.csv,data/auditoria/revision_ia_nueva_tanda_02_v3/revision.csv,dovish,1,dovish,1,dovish,1,compatible,media,el riesgo de inestabilidad por movimientos más bruscos en las tasas cree que es superior en el caso de mantener que en el caso de realizar una reducción moderada,"Compatible con dovish: R4/R5. Balance de riesgos favorable a una reducción, aunque inicia respaldando esperar y termina con una formulación no concluyente. D de confianza media; reservar fuera del núcleo de alta confianza.. No depende solo del menú o fase.",revisado,c35973f2b526dd0241bb7f1163397abb7dff22238a8b6b2fb878302aaf7ba4ac,1691,ampliacion_ia_v3,no,evaluar_adicion_por_separado
RPM-2007-01-11:1056:1,ia_nueva_v1,tanda_02,data/auditoria/ampliacion_hd_60_v1/anotacion_ia_v1/tanda_02/anotaciones_ia.csv,data/auditoria/revision_ia_nueva_tanda_02_v3/revision.csv,dovish,1,dovish,1,dovish,1,compatible,alta,el Presidente señor Vittorio Corbo también vota por reducir la tasa de política monetaria en 25 puntos base,Compatible con dovish: R1. Vota por recorte doméstico de 25 pb. La descripción de riesgos balanceados no anula la opción elegida.. No depende solo del menú o fase.,revisado,8db1323b1c58c3547e6020878f92420199c41fdcb38780a3e588d98efde8cc15,2916,ampliacion_ia_v3,no,evaluar_adicion_por_separado
RPM-2007-03-15:1159:1,ia_nueva_v1,tanda_02,data/auditoria/ampliacion_hd_60_v1/anotacion_ia_v1/tanda_02/anotaciones_ia.csv,data/auditoria/revision_ia_nueva_tanda_02_v3/revision.csv,dovish,1,dovish,1,dovish,1,compatible,alta,recomienda bajar la Tasa de Política Monetaria en 25 puntos base para acercarla a ese escenario central del IPoM,Compatible con dovish: R5/R1. Concluye con una recomendación de baja de 25 pb. Mantener sesgo neutral para movimientos futuros no anula el recorte recomendado.. No depende solo del menú o fase.,revisado,476fca12291f9a6c2615e2b357174d00b846d1d2b0afc71833414540512540f3,3619,ampliacion_ia_v3,no,evaluar_adicion_por_separado
RPM-2007-06-14:1284:2,ia_nueva_v1,tanda_02,data/auditoria/ampliacion_hd_60_v1/anotacion_ia_v1/tanda_02/anotaciones_ia.csv,data/auditoria/revision_ia_nueva_tanda_02_v3/revision.csv,neutral,1,neutral,1,neutral,1,compatible,alta,las expectativas de mercado anticipan un aumento de entre 50 y 75 puntos base de la Tasa de Política Monetaria para fines de año,"Compatible con N: R2/R5. Informa actividad, inflación y trayectoria esperada por el mercado/encuestas, sin recomendar o hacer propia una opción. No confundir previsión ajena con postura del expositor.. La unidad no adopta una dirección monetaria propia.",revisado,fccf338eddafdb84d6e87f1d1a6364728db1e69f4c449887fc2c35090e47f55a,3319,ampliacion_ia_v3,no,evaluar_adicion_por_separado
RPM-2007-08-09:1389:1,ia_nueva_v1,tanda_02,data/auditoria/ampliacion_hd_60_v1/anotacion_ia_v1/tanda_02/anotaciones_ia.csv,data/auditoria/revision_ia_nueva_tanda_02_v3/revision.csv,hawkish,1,hawkish,1,hawkish,1,compatible,alta,recomienda subir la Tasa de Política Monetaria en 25 puntos base,Compatible con hawkish: R5/R1. Recomendación final explícita de alza; distingue riesgos de oferta y demanda. No se etiqueta por la palabra deflación ni por el escenario condicional de alzas de 50/75 pb.. No depende solo del menú o fase.,revisado,371c60e7f9fb9fff7cdd1683cd0a9876d2a6f2d1b6bddd3a90986e0caa216cfb,8554,ampliacion_ia_v3,no,evaluar_adicion_por_separado
RPM-2007-09-13:1462:1,ia_nueva_v1,tanda_02,data/auditoria/ampliacion_hd_60_v1/anotacion_ia_v1/tanda_02/anotaciones_ia.csv,data/auditoria/revision_ia_nueva_tanda_02_v3/revision.csv,neutral,1,neutral,1,neutral,1,compatible,baja,"le parece crucial que la percepción de mayores riesgos se comunique en un cambio del sesgo, de un sesgo al alza a un sesgo neutral","Compatible con N: R9. Da por hecho un alza por coherencia institucional, pero su recomendación propia se centra en quitar el sesgo al alza. Ambigüedad entre aceptación de la decisión y señal futura; no asumir que expectativa equivale a respaldo ni forzar D por menor endurecimiento. Duda excluida.. La unidad no adopta una dirección monetaria propia.",revisado,2d875b17cead80eaa10a399bd2d1355849c7fbec3474e2054522823ce0a582b6,3740,ampliacion_ia_v3,no,evaluar_adicion_por_separado
RPM-2008-01-10:1640:1,ia_nueva_v1,tanda_02,data/auditoria/ampliacion_hd_60_v1/anotacion_ia_v1/tanda_02/anotaciones_ia.csv,data/auditoria/revision_ia_nueva_tanda_02_v3/revision.csv,hawkish,1,hawkish,1,hawkish,1,compatible,alta,por unanimidad se ha acordado subir la Tasa de Interés de Política Monetaria en 25 puntos base,Compatible con hawkish: R1/R6. Comunica el acuerdo actual de subir 25 pb. La referencia a discusión entre 25 y 50 no vuelve neutral el signo de la decisión.. No depende solo del menú o fase.,revisado,39ceec20283ebd1bac6a7e745db024e462f4d6f9d78e050ce33ecaf22da76835,600,ampliacion_ia_v3,no,evaluar_adicion_por_separado
RPM-2008-02-07:1673:2,ia_nueva_v1,tanda_02,data/auditoria/ampliacion_hd_60_v1/anotacion_ia_v1/tanda_02/anotaciones_ia.csv,data/auditoria/revision_ia_nueva_tanda_02_v3/revision.csv,hawkish,1,hawkish,1,hawkish,1,compatible,alta,mantener la Tasa de Política Monetaria en su nivel actual con un sesgo al alza en el comunicado,Compatible con hawkish: R5/R7. Mantiene hoy pero propone un sesgo al alza por expectativas inflacionarias altas. No trasladar a Chile las rebajas de la Fed/Banco de Inglaterra citadas.. No depende solo del menú o fase.,revisado,a2e0e634795dfbd11171150a60b8aca0f961bb0a99333be691a24b5dfa5c5ac2,2079,ampliacion_ia_v3,no,evaluar_adicion_por_separado
RPM-2009-02-12:2370:1,ia_nueva_v1,tanda_02,data/auditoria/ampliacion_hd_60_v1/anotacion_ia_v1/tanda_02/anotaciones_ia.csv,data/auditoria/revision_ia_nueva_tanda_02_v3/revision.csv,dovish,1,dovish,1,dovish,1,compatible,alta,"al Ministerio de Hacienda le parece aconsejable una baja potente, inusualmente alta en la Tasa de instancia monetaria, seguida de una discusión del sesgo hacia la baja",Compatible con dovish: R1/R2. Recomienda explícitamente una reducción grande de la tasa doméstica; relaciona la caída de demanda con la necesidad de mayor impulso monetario.. No depende solo del menú o fase.,revisado,23d44c157dd6065f645f848c28601dc89628d0068efd102cc0493ad219073545,6138,ampliacion_ia_v3,no,evaluar_adicion_por_separado
RPM-2009-06-16:2598:1,ia_nueva_v1,tanda_02,data/auditoria/ampliacion_hd_60_v1/anotacion_ia_v1/tanda_02/anotaciones_ia.csv,data/auditoria/revision_ia_nueva_tanda_02_v3/revision.csv,dovish,1,dovish,1,dovish,1,compatible,alta,"el Consejero señor Enrique Marshall vota por bajar la Tasa de Política Monetaria en 50 puntos base, para dejarla en 0,75% anual",Compatible con dovish: R1. Prefiere recorte de 50 pb y mantener por tiempo prolongado un nivel bajo. Que quiera concluir pronto el proceso de recortes no revierte la baja actual.. No depende solo del menú o fase.,revisado,f8b261304dd773f0afb1021c9758b73d236326f2242bfc3c63b240fc945fcd3c,8652,ampliacion_ia_v3,no,evaluar_adicion_por_separado
RPM-2009-07-09:2640:2,ia_nueva_v1,tanda_02,data/auditoria/ampliacion_hd_60_v1/anotacion_ia_v1/tanda_02/anotaciones_ia.csv,data/auditoria/revision_ia_nueva_tanda_02_v3/revision.csv,neutral,1,neutral,1,neutral,1,compatible,alta,"recordando que en la última Reunión de Política Monetaria el Consejo acordó reducir la tasa de interés de política monetaria hasta 0,75% anual","Compatible con N: R5. Recapitulación de decisión y anuncio anteriores, sin evaluación o propuesta adicional dentro de esta intervención. No heredar automáticamente D de la cita histórica.. La unidad no adopta una dirección monetaria propia.",revisado,f5ba6b2f472ee0af2069b6a416f218ee662d9e4c45f23e9df395d9e91bd12109,377,ampliacion_ia_v3,no,evaluar_adicion_por_separado
RPM-2009-08-13:2680:4,ia_nueva_v1,tanda_02,data/auditoria/ampliacion_hd_60_v1/anotacion_ia_v1/tanda_02/anotaciones_ia.csv,data/auditoria/revision_ia_nueva_tanda_02_v3/revision.csv,neutral,1,neutral,1,neutral,1,compatible,alta,"en la última Reunión de Política Monetaria, el Consejo acordó reducir la tasa de interés de política monetaria hasta 0,5% anual","Compatible con N: R5. Introducción que recapitula la decisión y medidas de la reunión pasada, sin recomendación propia en esta unidad. No trasladar automáticamente una decisión histórica a D actual ni completar lo que seguiría después.. La unidad no adopta una dirección monetaria propia.",revisado,ca32988513abbf9fcf905a08243ffbb7aec666fd95f73900a34082d035e7d2d8,488,ampliacion_ia_v3,no,evaluar_adicion_por_separado
RPM-2010-06-15:3205:2,ia_nueva_v1,tanda_02,data/auditoria/ampliacion_hd_60_v1/anotacion_ia_v1/tanda_02/anotaciones_ia.csv,data/auditoria/revision_ia_nueva_tanda_02_v3/revision.csv,hawkish,1,hawkish,1,hawkish,1,compatible,alta,"El Consejo aprobó, por la unanimidad de sus miembros, aumentar la tasa de interés de política monetaria en 50 puntos base, hasta 1,00% anual",Compatible con hawkish: R1/R6. Acuerdo actual de alza de 50 pb e inicio del retiro del estímulo. La incertidumbre externa no altera la dirección respaldada.. No depende solo del menú o fase.,revisado,74e26141f7dd978e47d2c3af1d3a166064a926bd78de4280a1f7375fc679e77f,1685,ampliacion_ia_v3,no,evaluar_adicion_por_separado
RPM-2010-09-16:3423:1,ia_nueva_v1,tanda_02,data/auditoria/ampliacion_hd_60_v1/anotacion_ia_v1/tanda_02/anotaciones_ia.csv,data/auditoria/revision_ia_nueva_tanda_02_v3/revision.csv,hawkish,1,hawkish,1,hawkish,1,compatible,alta,las opciones más plausibles para esta ocasión sean un incremento de 25 o de 50 puntos base,"Compatible con hawkish: R5/R7. Evalúa para la reunión dos alternativas que comparten dirección de alza y argumenta continuidad de la estrategia ascendente. La duda es de magnitud/táctica, no entre signos monetarios opuestos.. No depende solo del menú o fase.",revisado,26428b83ea7fd984fbfbff9f6b7a6fa5fab10f751856c184323e2c355e271352,6607,ampliacion_ia_v3,no,evaluar_adicion_por_separado
RPM-2010-11-16:3510:1,ia_nueva_v1,tanda_02,data/auditoria/ampliacion_hd_60_v1/anotacion_ia_v1/tanda_02/anotaciones_ia.csv,data/auditoria/revision_ia_nueva_tanda_02_v3/revision.csv,neutral,1,neutral,1,neutral,1,compatible,alta,la encuesta de analistas arrojó una reducción del ritmo de normalización de las TPM,"Compatible con N: R3/R5. Exposición de encuestas, tasas internacionales y primas de liquidez. No propone una orientación para la TPM chilena; menor normalización externa tampoco equivale a recorte doméstico.. La unidad no adopta una dirección monetaria propia.",revisado,0404e57fcdbf050b571462ead09b74c83f625a70ec2ce77fd26075e0ba60a7dc,2076,ampliacion_ia_v3,no,evaluar_adicion_por_separado
RPM-2011-03-17:3890:1,ia_nueva_v1,tanda_02,data/auditoria/ampliacion_hd_60_v1/anotacion_ia_v1/tanda_02/anotaciones_ia.csv,data/auditoria/revision_ia_nueva_tanda_02_v3/revision.csv,hawkish,1,hawkish,1,hawkish,1,compatible,alta,su voto es por aumentar la TPM en 50pb,Compatible con hawkish: R1. Alza actual inequívoca de 50 pb. La posibilidad de ajustes futuros menores no cambia esa dirección. Se conserva el texto/OCR original.. No depende solo del menú o fase.,revisado,bfa8736bdbbebb1709a8c72e0c579950192df62f65812da9c202abcd874cd398,513,ampliacion_ia_v3,no,evaluar_adicion_por_separado
RPM-2011-09-15:4325:1,ia_nueva_v1,tanda_02,data/auditoria/ampliacion_hd_60_v1/anotacion_ia_v1/tanda_02/anotaciones_ia.csv,data/auditoria/revision_ia_nueva_tanda_02_v3/revision.csv,neutral,1,neutral,1,neutral,1,compatible,alta,"con la información disponible, no se ve un sesgo en una u otra dirección",Compatible con N: R4/R9. Rechaza tanto subir como bajar ahora y afirma expresamente ausencia de sesgo. No convertir el predominio creciente de riesgos externos en D si el propio actor no modifica su orientación neutral.. La unidad no adopta una dirección monetaria propia.,revisado,36d2d274936a2200631ebd3c085122e21176b7fd8d7cc397bd3408a74b0735fb,4210,ampliacion_ia_v3,no,evaluar_adicion_por_separado
RPM-2012-01-12:4570:1,ia_nueva_v1,tanda_02,data/auditoria/ampliacion_hd_60_v1/anotacion_ia_v1/tanda_02/anotaciones_ia.csv,data/auditoria/revision_ia_nueva_tanda_02_v3/revision.csv,dovish,1,dovish,1,dovish,1,compatible,alta,"su voto, en esta oportunidad, es por reducir la TPM en 25 puntos base",Compatible con dovish: R1. Vota por recortar 25 pb ante mayores spreads y desaceleración; no se etiqueta por los movimientos extranjeros mencionados.. No depende solo del menú o fase.,revisado,aeca4aa09f33f91d2730193c386cfceed6ec9ec7e3a495c21404aab2daeec354,3652,ampliacion_ia_v3,no,evaluar_adicion_por_separado
RPM-2012-02-14:4575:1,ia_nueva_v1,tanda_02,data/auditoria/ampliacion_hd_60_v1/anotacion_ia_v1/tanda_02/anotaciones_ia.csv,data/auditoria/revision_ia_nueva_tanda_02_v3/revision.csv,neutral,1,neutral,1,neutral,1,compatible,alta,"se observaron expansiones en las economías emergentes en particular, como en Brasil, Israel, Tailandia e Indonesia","Compatible con N: R3/R5. Presentación internacional de tasas, compras de bonos y liquidez. No recomienda una dirección monetaria doméstica.. La unidad no adopta una dirección monetaria propia.",revisado,f6777824cf979ef513ccf348971e51ed2158b84e2ca52ae80a7d4b8d79aa7b11,4585,ampliacion_ia_v3,no,evaluar_adicion_por_separado
RPM-2012-05-17:4811:1,ia_nueva_v1,tanda_02,data/auditoria/ampliacion_hd_60_v1/anotacion_ia_v1/tanda_02/anotaciones_ia.csv,data/auditoria/revision_ia_nueva_tanda_02_v3/revision.csv,neutral,1,neutral,1,neutral,1,compatible,alta,"Australia, Brasil, China e India han dado mayor impulso monetario a sus economías",Compatible con N: R3/R5. Análisis internacional extenso con recortes y medidas de varios bancos extranjeros. No formula una recomendación monetaria para Chile; no trasladar la dirección de esas medidas.. La unidad no adopta una dirección monetaria propia.,revisado,35fb743622c07f397ccbf47e65d60a1431aebb16f42b6b9d3d9cd183c4031467,9005,ampliacion_ia_v3,no,evaluar_adicion_por_separado
RPM-2012-09-13:5082:1,ia_nueva_v1,tanda_02,data/auditoria/ampliacion_hd_60_v1/anotacion_ia_v1/tanda_02/anotaciones_ia.csv,data/auditoria/revision_ia_nueva_tanda_02_v3/revision.csv,dovish,1,dovish,1,dovish,1,compatible,media,"la alternativa de aumentar la TPM se descarta en esta oportunidad, tomando en cuenta la evolución esperada del escenario externo y su eventual impacto sobre la economía chilena y la inflación","Compatible con dovish: R4/R5. Defiende no aumentar ante inflación baja y riesgos externos, aunque también enumera presiones internas. D como oposición explícita al endurecimiento, sin baja o sesgo expansivo explícitos; confianza media, reservar.. No depende solo del menú o fase.",revisado,6836f4f30951641a646f8e0b8b564be1a31e4abf12e5a86f6283bf1d8ffbfec1,4040,ampliacion_ia_v3,no,evaluar_adicion_por_separado
RPM-2012-12-13:5259:1,ia_nueva_v1,tanda_02,data/auditoria/ampliacion_hd_60_v1/anotacion_ia_v1/tanda_02/anotaciones_ia.csv,data/auditoria/revision_ia_nueva_tanda_02_v3/revision.csv,neutral,1,neutral,1,neutral,1,compatible,media,"si persisten las tensiones provenientes de las fuentes indicadas, será necesario adoptar acciones correctivas","Compatible con N: R2/R9. Mantención respaldada, con riesgos por demanda y activos; las acciones correctivas futuras no identifican instrumento ni dirección de TPM y podrían involucrar otras autoridades. No inferir un alza automáticamente. N con confianza media.. La unidad no adopta una dirección monetaria propia.",revisado,1250a5b9b6f921f99e9f06f24fec67e09fc06bbb737fe196b5f8835b1d5c0c88,595,ampliacion_ia_v3,no,evaluar_adicion_por_separado
RPM-2013-08-13:5742:1,ia_nueva_v1,tanda_02,data/auditoria/ampliacion_hd_60_v1/anotacion_ia_v1/tanda_02/anotaciones_ia.csv,data/auditoria/revision_ia_nueva_tanda_02_v3/revision.csv,dovish,1,dovish,1,dovish,1,compatible,alta,"recomendar la opción de mantener la TPM en 5% anual en esta oportunidad, junto con continuar con el sesgo a la baja","Compatible con dovish: R5/R7. Recomendación propia del staff de conservar orientación a la baja, aunque mantenga el nivel hoy. No es solo una expectativa de mercado.. No depende solo del menú o fase.",revisado,1408aa3a5d27f1672584c03fec314ca53015e5eaac6e35dae8007ba4692cb18b,498,ampliacion_ia_v3,no,evaluar_adicion_por_separado
RPM-2015-06-11:6862:5,ia_nueva_v1,tanda_02,data/auditoria/ampliacion_hd_60_v1/anotacion_ia_v1/tanda_02/anotaciones_ia.csv,data/auditoria/revision_ia_nueva_tanda_02_v3/revision.csv,dovish,1,dovish,1,dovish,1,compatible,media,"es fundamental que la política monetaria siga contribuyendo a estimular la inversión y el consumo, de manera que las holguras de capacidad se cierren en un plazo razonable","Compatible con dovish: R2/R4. Respalda que la política monetaria sostenga el estímulo frente a límites fiscales, pero no especifica una baja o aumento adicional de expansividad. Lectura D de confianza media; reservar, no contar para la meta utilizable.. No depende solo del menú o fase.",revisado,377ebb2827ce217f8e435f48e0ce77ab4f2d4f6a68c412fa01a2e0be6e3a25e6,642,ampliacion_ia_v3,no,evaluar_adicion_por_separado
RPM-2015-11-12:7151:1,ia_nueva_v1,tanda_02,data/auditoria/ampliacion_hd_60_v1/anotacion_ia_v1/tanda_02/anotaciones_ia.csv,data/auditoria/revision_ia_nueva_tanda_02_v3/revision.csv,hawkish,1,hawkish,1,hawkish,1,compatible,alta,"su voto es por mantener la TPM en 3,25% en esta Reunión y un sesgo al alza en el Comunicado",Compatible con hawkish: R1/R7. Respalda la trayectoria de retiro de estímulo y sesgo al alza; pospone la oportunidad del movimiento por razones tácticas.. No depende solo del menú o fase.,revisado,ad47725bb67b4bebda2f10cf582f66f6f28fb42b4662aca7eb1e3e6696ef8eff,3132,ampliacion_ia_v3,no,evaluar_adicion_por_separado
RPM-2015-12-17:7177:1,ia_nueva_v1,tanda_02,data/auditoria/ampliacion_hd_60_v1/anotacion_ia_v1/tanda_02/anotaciones_ia.csv,data/auditoria/revision_ia_nueva_tanda_02_v3/revision.csv,neutral,1,neutral,1,neutral,1,compatible,alta,estas expectativas son recogidas por Bloomberg y un conjunto de bancos de inversión a los que se realiza un seguimiento más detallado,"Compatible con N: R3/R5. Resume expectativas de tasas, incluidas las chilenas, atribuidas a terceros. No expresa una recomendación propia para la TPM.. La unidad no adopta una dirección monetaria propia.",revisado,43241c572f89da50bbd68630022d0c54841ae2d717eb89735b8465db5c4e2e7f,2152,ampliacion_ia_v3,no,evaluar_adicion_por_separado
RPM-2005-07-12:309:1,ia_nueva_v1,tanda_03,data/auditoria/meta_hd_300_v1/anotacion_ia_v1/tanda_03/anotaciones_ia.csv,data/auditoria/revision_ia_nueva_tanda_03_v3/revision.csv,hawkish,1,hawkish,1,hawkish,1,compatible,alta,"vota por subir la tasa de política monetaria en 25 puntos base, hasta 3,5% anual",Compatible con hawkish: R1. Elige alza de 25 pb; la discusión de no acelerar a 50 pb no es apoyo a una baja.. No depende solo del menú o fase.,revisado,ee0bdf4c746dd36bce8ded009563903d1ff7445fa175bab8098983e5d7e64fe7,2185,ampliacion_ia_v3,no,evaluar_adicion_por_separado
RPM-2005-07-12:309:2,ia_nueva_v1,tanda_03,data/auditoria/meta_hd_300_v1/anotacion_ia_v1/tanda_03/anotaciones_ia.csv,data/auditoria/revision_ia_nueva_tanda_03_v3/revision.csv,hawkish,1,hawkish,1,hawkish,1,compatible,alta,"En consecuencia, su voto es por aumentar la tasa de política monetaria en 25 pb.",Compatible con hawkish: R1. Voto explícito de alza; rechazar un ajuste mayor no convierte la normalización pausada en D.. No depende solo del menú o fase.,revisado,61e1a96358dd36851878570574fa4362c2ca39e56f3a41813feae4d4a89fcf8d,3313,ampliacion_ia_v3,no,evaluar_adicion_por_separado
RPM-2006-07-13:778:1,ia_nueva_v1,tanda_03,data/auditoria/meta_hd_300_v1/anotacion_ia_v1/tanda_03/anotaciones_ia.csv,data/auditoria/revision_ia_nueva_tanda_03_v3/revision.csv,hawkish,1,hawkish,1,hawkish,1,compatible,alta,"el Consejero señor Manuel Marfán vota por subir la tasa de política monetaria a 5,25%","Compatible con hawkish: R1. Tras argumentos a favor de mantener, resuelve votar un alza. Pedir una normalización futura más lenta no equivale a bajar.. No depende solo del menú o fase.",revisado,67d4f85c573030ddc523c5f9ec84beb92ebcefacfb5e109adc71bc681c54426d,4969,ampliacion_ia_v3,no,evaluar_adicion_por_separado
RPM-2006-10-12:932:1,ia_nueva_v1,tanda_03,data/auditoria/meta_hd_300_v1/anotacion_ia_v1/tanda_03/anotaciones_ia.csv,data/auditoria/revision_ia_nueva_tanda_03_v3/revision.csv,neutral,1,neutral,1,neutral,1,compatible,baja,Todo esto apunta a que el período de mantención podría durar más que lo proyectado en el IPoM de septiembre.,"Compatible con N: R5/R9. Descarta subir ahora y cuestiona el sesgo al alza, pero conserva como referencia una mantención prolongada seguida de alzas y deja en evaluación el lenguaje. No forzar D por menor ritmo de endurecimiento ni H por relato del escenario. Duda excluida.. La unidad no adopta una dirección monetaria propia.",revisado,5e03614b79decbc7898fd21a0d7104190c04239922dd81b254b7ed77ea4b1012,6781,ampliacion_ia_v3,no,evaluar_adicion_por_separado
RPM-2007-07-12:1352:1,ia_nueva_v1,tanda_03,data/auditoria/meta_hd_300_v1/anotacion_ia_v1/tanda_03/anotaciones_ia.csv,data/auditoria/revision_ia_nueva_tanda_03_v3/revision.csv,hawkish,1,hawkish,1,hawkish,1,compatible,alta,"por unanimidad acordó aumentar la tasa de interés de política monetaria en 25 puntos base a 5,25% anual","Compatible con hawkish: R1/R6. Acuerdo institucional actual de alza, con continuidad de retiro del estímulo. No es una recapitulación de otra reunión.. No depende solo del menú o fase.",revisado,6e52d8527d614457f8109e1347a09bc8a0bcb1810460cc995084d6e7ebcf52a9,2511,ampliacion_ia_v3,no,evaluar_adicion_por_separado
RPM-2008-05-08:1839:1,ia_nueva_v1,tanda_03,data/auditoria/meta_hd_300_v1/anotacion_ia_v1/tanda_03/anotaciones_ia.csv,data/auditoria/revision_ia_nueva_tanda_03_v3/revision.csv,neutral,1,neutral,1,neutral,1,compatible,alta,"no sería apropiado incorporar un sesgo, cualquiera sea la decisión de política que se adopte","Compatible con N: R5/R9. Expone mantener/subir sujetos a distinta ponderación de riesgos, sin resolver una preferencia propia; recomienda no incorporar sesgo. No tomar el escenario preventivo como adhesión H.. La unidad no adopta una dirección monetaria propia.",revisado,e77c9ed8509518c7dfbfd877a74404187969d1fe5c5ec0a74eb6a313567230c8,7350,ampliacion_ia_v3,no,evaluar_adicion_por_separado
RPM-2008-12-11:2253:1,ia_nueva_v1,tanda_03,data/auditoria/meta_hd_300_v1/anotacion_ia_v1/tanda_03/anotaciones_ia.csv,data/auditoria/revision_ia_nueva_tanda_03_v3/revision.csv,dovish,1,dovish,1,dovish,1,compatible,alta,vota por mantener la Tasa de Política Monetaria y ser muy claro en un sesgo a la baja en el Comunicado,"Compatible con dovish: R1/R7. Defiende anunciar un ciclo de relajamiento y aumento del impulso vía bajas futuras. Mantener hoy es una decisión de oportunidad, no neutralidad de la dirección respaldada.. No depende solo del menú o fase.",revisado,afe5d4ec1a541c1f2c16b9e35c5eb1d526ed4d82240c7590535dd54b8d857f09,6197,ampliacion_ia_v3,no,evaluar_adicion_por_separado
RPM-2009-01-08:2298:1,ia_nueva_v1,tanda_03,data/auditoria/meta_hd_300_v1/anotacion_ia_v1/tanda_03/anotaciones_ia.csv,data/auditoria/revision_ia_nueva_tanda_03_v3/revision.csv,dovish,1,dovish,1,dovish,1,compatible,alta,el Presidente señor José De Gregorio vota por reducir la Tasa de Política Monetaria en 100 puntos base,Compatible con dovish: R1/R7. Respalda un recorte actual y el inicio de un ciclo de relajamiento. La mención a deshacer alzas anteriores no es una recomendación de alza.. No depende solo del menú o fase.,revisado,95bacbc916fb35f1d7cf087ff61a5eed03acc427cb80577b6a7ff905562ce73b,3495,ampliacion_ia_v3,no,evaluar_adicion_por_separado
RPM-2009-02-12:2373:1,ia_nueva_v1,tanda_03,data/auditoria/meta_hd_300_v1/anotacion_ia_v1/tanda_03/anotaciones_ia.csv,data/auditoria/revision_ia_nueva_tanda_03_v3/revision.csv,dovish,1,dovish,1,dovish,1,compatible,alta,"vota por bajar la Tasa de Política Monetaria en 250 puntos base para dejarla en un nivel de 4,75% anual",Compatible con dovish: R1. Voto explícito por recorte de 250 pb. La normalización descrita implica bajar y la disponibilidad a otro monto por consenso no cambia el signo.. No depende solo del menú o fase.,revisado,3e7260cc7de9da743e9ed844664b4e5c7666d964084d0d2b96368a9b285c0673,6664,ampliacion_ia_v3,no,evaluar_adicion_por_separado
RPM-2010-07-15:3272:1,ia_nueva_v1,tanda_03,data/auditoria/meta_hd_300_v1/anotacion_ia_v1/tanda_03/anotaciones_ia.csv,data/auditoria/revision_ia_nueva_tanda_03_v3/revision.csv,hawkish,1,hawkish,1,hawkish,1,compatible,alta,"su voto es por subir la TPM en 50 puntos base, para llevarla a 1,50%",Compatible con hawkish: R1. Alza de 50 pb explícita. Descartar acelerar aún más el ritmo por riesgos externos no modifica la dirección.. No depende solo del menú o fase.,revisado,d72efc4e2107354725a85dd10247190d6192f623a760e3ed2f4abe6f36fb9261,4161,ampliacion_ia_v3,no,evaluar_adicion_por_separado
RPM-2011-12-13:4508:1,ia_nueva_v1,tanda_03,data/auditoria/meta_hd_300_v1/anotacion_ia_v1/tanda_03/anotaciones_ia.csv,data/auditoria/revision_ia_nueva_tanda_03_v3/revision.csv,dovish,1,dovish,1,dovish,1,compatible,alta,"vota en esta oportunidad por mantener la tasa en 5,25% e introducir un sesgo a la baja",Compatible con dovish: R1/R7. Respalda orientación expansiva futura pese a mantener hoy; explica por qué la estrechez financiera motiva el sesgo.. No depende solo del menú o fase.,revisado,7b478669dc5143014e3c7ca6ad09eed1819ed0413ecda50ee23c9eaf10c01ba7,5245,ampliacion_ia_v3,no,evaluar_adicion_por_separado
RPM-2011-12-13:4512:1,ia_nueva_v1,tanda_03,data/auditoria/meta_hd_300_v1/anotacion_ia_v1/tanda_03/anotaciones_ia.csv,data/auditoria/revision_ia_nueva_tanda_03_v3/revision.csv,dovish,1,dovish,1,neutral,1,cambio_etiqueta,alta,"vota por mantener la TPM y agrega que, en principio, no se opondría a incluir un sesgo a la baja","Vota mantener y solo declara que no se opondría a un sesgo a la baja; la no oposición atenuada no equivale a adoptar, recomendar o respaldar esa dirección: N.",revisado,c1a29b3726fa2ee4e5befab5a8e115e02770a8ee3ffba0f9a68cd963d985b945,3970,ampliacion_ia_v3,no,evaluar_adicion_por_separado
RPM-2012-01-12:4571:1,ia_nueva_v1,tanda_03,data/auditoria/meta_hd_300_v1/anotacion_ia_v1/tanda_03/anotaciones_ia.csv,data/auditoria/revision_ia_nueva_tanda_03_v3/revision.csv,dovish,1,dovish,1,dovish,1,compatible,alta,"expresa su inclinación, en esta oportunidad, por bajar la TPM en 25 puntos base, hasta 5%","Compatible con dovish: R1. Prefiere y vota un recorte, aun admitiendo pausas futuras y menos precisión sobre la trayectoria.. No depende solo del menú o fase.",revisado,a2af3180cebd218c756201d40c8b4807e6e56a9855d39b709d6c64930a1ddb5e,4594,ampliacion_ia_v3,no,evaluar_adicion_por_separado
RPM-2012-01-12:4572:1,ia_nueva_v1,tanda_03,data/auditoria/meta_hd_300_v1/anotacion_ia_v1/tanda_03/anotaciones_ia.csv,data/auditoria/revision_ia_nueva_tanda_03_v3/revision.csv,dovish,1,dovish,1,dovish,1,compatible,alta,"acordó reducir la tasa de interés de política monetaria en 25 puntos base, hasta 5,0% anual","Compatible con dovish: R1/R6. Acuerdo actual de recorte. El cierre del comunicado conserva flexibilidad, pero no anula la decisión D.. No depende solo del menú o fase.",revisado,71961059bdbbbb1f1bdaab195d1f18673e3c91f87bf93c26c8a63962dad6956d,1987,ampliacion_ia_v3,no,evaluar_adicion_por_separado
RPM-2013-09-12:5802:1,ia_nueva_v1,tanda_03,data/auditoria/meta_hd_300_v1/anotacion_ia_v1/tanda_03/anotaciones_ia.csv,data/auditoria/revision_ia_nueva_tanda_03_v3/revision.csv,dovish,1,dovish,1,dovish,1,compatible,alta,"recomendar la opción de mantener la TPM en 5% anual en esta oportunidad, junto con continuar con el sesgo a la baja","Compatible con dovish: R5/R7. La dirección es D, pero la intervención repite casi la misma plantilla que C35 (RPM-2013-08-13:5742:1). Jaccard de trigramas 0,80645, por debajo del filtro automático 0,85; excluir manualmente de la meta para no inflar variedad.. No depende solo del menú o fase.",revisado,0aeca804838bc821c714ba09995bcb7d4fd9ba14d4c00615c452304625a6eace,545,ampliacion_ia_v3,no,evaluar_adicion_por_separado
RPM-2013-11-19:5887:1,ia_nueva_v1,tanda_03,data/auditoria/meta_hd_300_v1/anotacion_ia_v1/tanda_03/anotaciones_ia.csv,data/auditoria/revision_ia_nueva_tanda_03_v3/revision.csv,dovish,1,dovish,1,dovish,1,compatible,alta,recomendar en esta oportunidad la opción de reducir la Tasa de Política Monetaria en 25 puntos base,Compatible con dovish: R5/R1. Presenta alternativas pero concluye con una recomendación inequívoca de recorte; no se etiqueta solo por las expectativas de mercado.. No depende solo del menú o fase.,revisado,7ca52e44ff2fbddb1f501e401f5c76f5e3f3b6efac2ecd2ac32fe729c020da2a,4040,ampliacion_ia_v3,no,evaluar_adicion_por_separado
RPM-2014-02-18:6043:1,ia_nueva_v1,tanda_03,data/auditoria/meta_hd_300_v1/anotacion_ia_v1/tanda_03/anotaciones_ia.csv,data/auditoria/revision_ia_nueva_tanda_03_v3/revision.csv,dovish,1,dovish,1,dovish,1,compatible,alta,considera más prudente recomendar al Consejo bajar la TPM en 25 puntos base en esta oportunidad,Compatible con dovish: R5/R1. Recorte de 25 pb y senda de bajas adicionales respaldada. Preferir esa magnitud a 50 pb no cambia la dirección.. No depende solo del menú o fase.,revisado,da9a51aadf56a06b680a143e414a3069970e83822143c26d8e53b8fa05b8cd2d,2715,ampliacion_ia_v3,no,evaluar_adicion_por_separado
RPM-2014-08-14:6375:1,ia_nueva_v1,tanda_03,data/auditoria/meta_hd_300_v1/anotacion_ia_v1/tanda_03/anotaciones_ia.csv,data/auditoria/revision_ia_nueva_tanda_03_v3/revision.csv,dovish,1,dovish,1,neutral,1,cambio_etiqueta,alta,"llevan a proponer a título de opciones relevantes en esta ocasión, mantener la tasa de política monetaria en 3,75% anual; reducirla en 25 puntos base, hasta 3,50%; o reducirla en 50 puntos base","La unidad expone tres opciones y argumentos para cada una, pero no concluye con una preferencia. Un menú que incluye recortes no adopta por sí mismo D: N.",revisado,a559677455b77b58f5b25e57339943498069fe066ffd990aab26a46b11ba561c,5601,ampliacion_ia_v3,no,evaluar_adicion_por_separado
RPM-2015-09-15:7037:1,ia_nueva_v1,tanda_03,data/auditoria/meta_hd_300_v1/anotacion_ia_v1/tanda_03/anotaciones_ia.csv,data/auditoria/revision_ia_nueva_tanda_03_v3/revision.csv,hawkish,1,hawkish,1,hawkish,1,compatible,alta,"el staff favorece la opción de mantener la tasa en 3%, incluyendo un claro sesgo al alza",Compatible con hawkish: R5/R7. Mantención actual con orientación explícita de alzas próximas y retiro anticipado del estímulo. No convertir mantener en neutral automáticamente.. No depende solo del menú o fase.,revisado,5d7c93427e03f72cc21df92caf9c71f4dab268cb3f7b26ef372b0b9666dbc2a1,6667,ampliacion_ia_v3,no,evaluar_adicion_por_separado
RPM-2015-10-15:7106:1,ia_nueva_v1,tanda_03,data/auditoria/meta_hd_300_v1/anotacion_ia_v1/tanda_03/anotaciones_ia.csv,data/auditoria/revision_ia_nueva_tanda_03_v3/revision.csv,hawkish,1,hawkish,1,hawkish,1,compatible,alta,"su voto es por subir la TPM a 3,25%",Compatible con hawkish: R1. Vota por subir y justifica comenzar a retirar el estímulo. La flexibilidad comunicacional no elimina el alza respaldada.. No depende solo del menú o fase.,revisado,5907fbab9db595e8d98a214b3e6598c054f9d239821b3b5311552d279eb66975,4068,ampliacion_ia_v3,no,evaluar_adicion_por_separado
RPM-2005-07-12:310:3,ia_nueva_v1,tanda_04,data/auditoria/meta_hd_300_v1/anotacion_ia_v1/tanda_04/anotaciones_ia.csv,data/auditoria/revision_ia_nueva_tanda_04_v3/revision.csv,hawkish,1,hawkish,1,hawkish,1,compatible,alta,"el Consejo del Banco Central acordó aumentar la tasa de interés de política monetaria en 25 puntos base, hasta 3,5% anual","Compatible con hawkish: R1/R6. Acuerdo institucional actual de alza, no una mera referencia del staff a una reunión anterior.. No depende solo del menú o fase.",revisado,e8e31e4a6b9b07a56cedd90b374e021ae037275cdbc93c3ee8ed9b20edbd7356,1466,ampliacion_ia_v3,no,evaluar_adicion_por_separado
RPM-2006-02-09:592:1,ia_nueva_v1,tanda_04,data/auditoria/meta_hd_300_v1/anotacion_ia_v1/tanda_04/anotaciones_ia.csv,data/auditoria/revision_ia_nueva_tanda_04_v3/revision.csv,hawkish,1,hawkish,1,hawkish,1,compatible,alta,"En consecuencia, vota por elevar la tasa de política monetaria en 25 puntos base.",Compatible con hawkish: R1. Voto de alza inequívoco. No se infiere la dirección solo del término normalización ni se corrigen referencias históricas del texto.. No depende solo del menú o fase.,revisado,a1be96fcf38c6178609530fdab4cb5976be1267a69c8f470bed5a850af3327f1,1592,ampliacion_ia_v3,no,evaluar_adicion_por_separado
RPM-2008-09-04:2097:1,ia_nueva_v1,tanda_04,data/auditoria/meta_hd_300_v1/anotacion_ia_v1/tanda_04/anotaciones_ia.csv,data/auditoria/revision_ia_nueva_tanda_04_v3/revision.csv,hawkish,1,hawkish,1,hawkish,1,compatible,alta,"vota por subir la Tasa de Política Monetaria en 50 puntos base hasta 8,25% y mantener el sesgo al alza",Compatible con hawkish: R1. Voto de alza de 50 pb con sesgo al alza. Discutir 25/75 pb no cambia el signo de la opción elegida.. No depende solo del menú o fase.,revisado,39ff02719467fc6ddc6c59757353fa192f22c18b6d77a8f46a8979357efc9b35,906,ampliacion_ia_v3,no,evaluar_adicion_por_separado
RPM-2010-09-16:3431:2,ia_nueva_v1,tanda_04,data/auditoria/meta_hd_300_v1/anotacion_ia_v1/tanda_04/anotaciones_ia.csv,data/auditoria/revision_ia_nueva_tanda_04_v3/revision.csv,hawkish,1,hawkish,1,hawkish,1,compatible,alta,"el Consejo del Banco Central de Chile acordó aumentar la tasa de interés de política monetaria en 50 puntos base, hasta 2,50% anual",Compatible con hawkish: R1/R6. Alza de 50 pb y continuidad del retiro del estímulo explícitas en el comunicado actual.. No depende solo del menú o fase.,revisado,73bd0c3089fcf1bf61253e19d8766c7c7fba164f566fdd97cae72f5e4417217c,1489,ampliacion_ia_v3,no,evaluar_adicion_por_separado
RPM-2011-05-12:4054:3,ia_nueva_v1,tanda_04,data/auditoria/meta_hd_300_v1/anotacion_ia_v1/tanda_04/anotaciones_ia.csv,data/auditoria/revision_ia_nueva_tanda_04_v3/revision.csv,hawkish,1,hawkish,1,hawkish,1,compatible,alta,"su decisión de sumarse al voto de mayoría del Consejo, de modo que el Acuerdo de aumentar la tasa de interés de política monetaria en 50 puntos base, hasta 5% anual, sea unánime","Compatible con hawkish: R1. Adhesión final explícita al alza de 50 pb. Se etiqueta esta unidad, no su opción previa ni una postura atribuida por el cargo.. No depende solo del menú o fase.",revisado,3ca57c14f605898b56ee3c64e3da8bdf1002f0024c323bb820bf2a0f0b876cd2,539,ampliacion_ia_v3,no,evaluar_adicion_por_separado
RPM-2013-10-17:5857:1,ia_nueva_v1,tanda_04,data/auditoria/meta_hd_300_v1/anotacion_ia_v1/tanda_04/anotaciones_ia.csv,data/auditoria/revision_ia_nueva_tanda_04_v3/revision.csv,dovish,1,dovish,1,dovish,1,compatible,alta,"su voto es por reducir la Tasa de Política Monetaria en 25 puntos base a 4,75% anual",Compatible con dovish: R1. Resuelve la discusión mantener/bajar a favor de mayor expansividad y vota un recorte doméstico explícito.. No depende solo del menú o fase.,revisado,b4b04379ecbbb31941c1bc27dd22870ffb2ebc707dec66681749e844d5a44cc4,1383,ampliacion_ia_v3,no,evaluar_adicion_por_separado
RPM-2014-01-16:6006:2,ia_nueva_v1,tanda_04,data/auditoria/meta_hd_300_v1/anotacion_ia_v1/tanda_04/anotaciones_ia.csv,data/auditoria/revision_ia_nueva_tanda_04_v3/revision.csv,dovish,1,dovish,1,dovish,1,compatible,alta,"su voto es por mantener la Tasa de Política Monetaria en 4,5% anual, e incluir un sesgo hacia una política monetaria más expansiva",Compatible con dovish: R1/R7. Mantención hoy con sesgo expansivo explícito y preparación de bajas futuras. No clasificar N solo por no variar el nivel actual.. No depende solo del menú o fase.,revisado,a0c75f010662c3f9fe2ddca65f94f061a70267162807caf2c7a63ea8cfdba573,1315,ampliacion_ia_v3,no,evaluar_adicion_por_separado
RPM-2014-03-13:6097:1,ia_nueva_v1,tanda_04,data/auditoria/meta_hd_300_v1/anotacion_ia_v1/tanda_04/anotaciones_ia.csv,data/auditoria/revision_ia_nueva_tanda_04_v3/revision.csv,dovish,1,dovish,1,dovish,1,compatible,alta,recomienda recortar la TPM en 25 puntos base y mantener el sesgo a la baja en el Comunicado,Compatible con dovish: R5/R1/R7. Recomendación directa de recorte y sesgo a la baja dentro de la propia unidad; no es necesario recuperar los matices de otra intervención.. No depende solo del menú o fase.,revisado,1346baea13cb6cdd3e78b9a1b443cbac8d77ee8c60ea22c01add7a0fa876298a,254,ampliacion_ia_v3,no,evaluar_adicion_por_separado
RPM-2014-10-16:6470:1,ia_nueva_v1,tanda_04,data/auditoria/meta_hd_300_v1/anotacion_ia_v1/tanda_04/anotaciones_ia.csv,data/auditoria/revision_ia_nueva_tanda_04_v3/revision.csv,dovish,1,dovish,1,dovish,1,compatible,alta,"la Gerencia de División Estudios recomienda reducir la TPM a 3,00% anual y mantener el sesgo neutral en el Comunicado",Compatible con dovish: R5/R1. Recomendación actual de recorte. Sesgo neutral para después no neutraliza la baja respaldada ahora.. No depende solo del menú o fase.,revisado,b354ba78744009059a2fa0a0d578e2c0e343baca79f10ef1ebb604aff581811d,606,ampliacion_ia_v3,no,evaluar_adicion_por_separado
RPM-2005-08-11:343:1,humana_v2,gold_humano_306,data/evaluacion/tfidf_gold_v1/comparacion_gold.csv,data/auditoria/revision_humana_v3/revision.csv,neutral,1,neutral,1,neutral,1,compatible,alta,"consulta la opinión del señor Presidente del Banco y del Consejo, acerca del tema del tipo de cambio, la inflación, la política monetaria y la política fiscal","R4/R8. Revisión de la unidad completa: contiene contexto evaluable, pero no adopta, recomienda ni respalda una dirección monetaria doméstica propia; N.",revisado,9f9b7ffb3b62c9d672fa0edf604932839443641b609f8c1eebb0ea4bc347edcd,334,referencia_humana_v3_no_ciega,no,evaluacion_descriptiva_no_independiente
RPM-2005-08-11:361:1,humana_v2,gold_humano_306,data/evaluacion/tfidf_gold_v1/comparacion_gold.csv,data/auditoria/revision_humana_v3/revision.csv,hawkish,1,hawkish,1,hawkish,1,compatible,alta,su voto en esta oportunidad es por elevar la tasa en veinticinco puntos base,"R1/R5. La unidad completa respalda endurecimiento monetario doméstico mediante una acción o trayectoria al alza explícita; H sin depender del menú, nivel o fase.",revisado,792448da34b2a083480a2dd69a1fc281760e60404d9d6fadc934da6ecdd5fbc7,2413,referencia_humana_v3_no_ciega,no,evaluacion_descriptiva_no_independiente
RPM-2005-09-08:376:1,humana_v2,gold_humano_306,data/evaluacion/tfidf_gold_v1/comparacion_gold.csv,data/auditoria/revision_humana_v3/revision.csv,neutral,1,neutral,1,neutral,1,compatible,alta,el precio del petróleo a comienzos del mes pasado era del orden de US$ 60 el barril y que comenzó a subir antes del huracán,"R4/R8. Revisión de la unidad completa: contiene contexto evaluable, pero no adopta, recomienda ni respalda una dirección monetaria doméstica propia; N.",revisado,3ea3373f8692a91ffcf218b789b8207a61193efaf4dd36b8f9622a5ff6646032,939,referencia_humana_v3_no_ciega,no,evaluacion_descriptiva_no_independiente
RPM-2005-09-08:379:1,humana_v2,gold_humano_306,data/evaluacion/tfidf_gold_v1/comparacion_gold.csv,data/auditoria/revision_humana_v3/revision.csv,neutral,1,neutral,1,neutral,1,compatible,alta,"Al respecto, el Consejero señor Marfán, señala que se puede pensar que estas variaciones de tasa reflejan cambios de expectativas de inflación, o algo similar, y agrega que tiene una hipótesis alternativa y es que, de acuerdo a los comentarios de prensa por parte de los inversionistas","R4/R8. Revisión de la unidad completa: contiene contexto evaluable, pero no adopta, recomienda ni respalda una dirección monetaria doméstica propia; N.",revisado,600b327ad7411edba4ce0dfb06cf8181319480479be3183de03bb212b266ff47,637,referencia_humana_v3_no_ciega,no,evaluacion_descriptiva_no_independiente
RPM-2005-09-08:380:1,humana_v2,gold_humano_306,data/evaluacion/tfidf_gold_v1/comparacion_gold.csv,data/auditoria/revision_humana_v3/revision.csv,neutral,1,neutral,1,neutral,1,compatible,alta,"la diferencia entre el PDBC 90 y la tasa de política monetaria no es solamente el reflejo de expectativa de alza de tasa, sino que también en parte corresponde a un premio exigido por los demandantes de papeles nominales","R4/R8. Revisión de la unidad completa: contiene contexto evaluable, pero no adopta, recomienda ni respalda una dirección monetaria doméstica propia; N.",revisado,14d526ff6a8bf622b1907ca5373691e96eba75353b3ba3596265c7c31262f164,825,referencia_humana_v3_no_ciega,no,evaluacion_descriptiva_no_independiente
RPM-2005-09-08:386:1,humana_v2,gold_humano_306,data/evaluacion/tfidf_gold_v1/comparacion_gold.csv,data/auditoria/revision_humana_v3/revision.csv,neutral,1,neutral,1,neutral,1,compatible,alta,"se ha estado avanzando en dicha materia y no solo en lo que respecta a los salarios, sino que también en empleo","R4/R8. Revisión de la unidad completa: contiene contexto evaluable, pero no adopta, recomienda ni respalda una dirección monetaria doméstica propia; N.",revisado,52217e60d8a24edb1acd2931d95c92f77a359d346d4047f17d67b85063d94b26,281,referencia_humana_v3_no_ciega,no,evaluacion_descriptiva_no_independiente
RPM-2005-09-08:399:1,humana_v2,gold_humano_306,data/evaluacion/tfidf_gold_v1/comparacion_gold.csv,data/auditoria/revision_humana_v3/revision.csv,hawkish,1,hawkish,1,hawkish,1,compatible,alta,su voto es por un aumento de 25 puntos base en la tasa de política monetaria,"R1/R5. La unidad completa respalda endurecimiento monetario doméstico mediante una acción o trayectoria al alza explícita; H sin depender del menú, nivel o fase.",revisado,ba1a84a04890c7e64d8f4831c0249d9ad6a75dbcd6156d648c2243cc635a8e55,2020,referencia_humana_v3_no_ciega,no,evaluacion_descriptiva_no_independiente
RPM-2005-10-11:402:1,humana_v2,gold_humano_306,data/evaluacion/tfidf_gold_v1/comparacion_gold.csv,data/auditoria/revision_humana_v3/revision.csv,neutral,0,neutral,0,neutral,0,compatible,alta,"El Presidente fija la sesión de política monetaria del mes de abril de 2006, para el día 13 de ese mes",R3. Formalidad o logística sin contenido monetario doméstico sustantivo; N con relevancia 0.,revisado,b0939c14f1ca1aae24cfc8d6d7bbd8f6ff5e70c5566b80d2907a00c82e3835e3,163,referencia_humana_v3_no_ciega,no,evaluacion_descriptiva_no_independiente
RPM-2005-11-10:458:1,humana_v2,gold_humano_306,data/evaluacion/tfidf_gold_v1/comparacion_gold.csv,data/auditoria/revision_humana_v3/revision.csv,neutral,1,neutral,1,neutral,1,compatible,alta,efectivamente la inflación subyacente ha estado más baja de lo proyectado,"R4/R8. Revisión de la unidad completa: contiene contexto evaluable, pero no adopta, recomienda ni respalda una dirección monetaria doméstica propia; N.",revisado,500eca88f7b96f8f480a11bfa4da516aa463898b301b5ce6ba7f7fc2196ebe97,105,referencia_humana_v3_no_ciega,no,evaluacion_descriptiva_no_independiente
RPM-2005-12-13:523:1,humana_v2,gold_humano_306,data/evaluacion/tfidf_gold_v1/comparacion_gold.csv,data/auditoria/revision_humana_v3/revision.csv,dovish,1,dovish,1,hawkish,1,cambio_etiqueta,alta,"Una nueva alza, por el contrario, implicaría también por las mismas razones, una aceleración en el ritmo de normalización de la política monetaria, la que no se justifica en un contexto como el actual.","R2/R5. Explica que mantener la tasa nominal eleva la tasa real y constituye un paso de normalización; respalda así endurecimiento: H, no D.",revisado,421b5c3e9785bff1c66a9ce2fbe9ebdc00383db218f1ac10bab04c99d1104bc3,2750,referencia_humana_v3_no_ciega,no,evaluacion_descriptiva_no_independiente
RPM-2006-01-12:528:1,humana_v2,gold_humano_306,data/evaluacion/tfidf_gold_v1/comparacion_gold.csv,data/auditoria/revision_humana_v3/revision.csv,neutral,0,neutral,0,neutral,0,compatible,alta,,R3. Formalidad o logística sin contenido monetario doméstico sustantivo; N con relevancia 0.,revisado,7f7415ee8f64ced81b4de4ecbd72c29dae118c6ad13ae80020e6b4f373587a32,109,referencia_humana_v3_no_ciega,no,evaluacion_descriptiva_no_independiente
RPM-2006-01-12:561:1,humana_v2,gold_humano_306,data/evaluacion/tfidf_gold_v1/comparacion_gold.csv,data/auditoria/revision_humana_v3/revision.csv,hawkish,1,hawkish,1,hawkish,1,compatible,alta,visto recientemente continúe por un tiempo; que tome más tiempo en detenerse y que eso lleve a un ritmo de normalización de la política monetaria que tiene que ocurrir un poco más temprano que tarde.,"R1/R5. La unidad completa respalda endurecimiento monetario doméstico mediante una acción o trayectoria al alza explícita; H sin depender del menú, nivel o fase.",revisado,00fe49ddf8c80e985ab2a035eaa74bad3d44ee83a834a7f3e8f9fe6f1c218670,2722,referencia_humana_v3_no_ciega,no,evaluacion_descriptiva_no_independiente
RPM-2006-01-12:570:1,humana_v2,gold_humano_306,data/evaluacion/tfidf_gold_v1/comparacion_gold.csv,data/auditoria/revision_humana_v3/revision.csv,dovish,1,dovish,1,hawkish,1,cambio_etiqueta,alta,"En el primer caso, un costo importante de mantener, a su juicio, cuando lo correcto fuera subir, sería un eventual aplanamiento de la curva forward, es decir, que el mercado interpretara esta segunda pausa como una modificación más profunda en el ritmo de aumento de tasas hacia futuro, y ese","R5. Vota mantener, pero pide preservar con claridad la trayectoria futura de aumentos implícita en su escenario para evitar aplanarla: H, no D.",revisado,3aedfd320dbd0bdfea7b89afa24dc6887a004d6cb2fbe6dccc032a6a5b989685,5095,referencia_humana_v3_no_ciega,no,evaluacion_descriptiva_no_independiente
RPM-2006-02-09:591:1,humana_v2,gold_humano_306,data/evaluacion/tfidf_gold_v1/comparacion_gold.csv,data/auditoria/revision_humana_v3/revision.csv,hawkish,1,hawkish,1,hawkish,1,compatible,alta,vota por subir la tasa de política monetaria en 25 puntos base,"R1/R5. La unidad completa respalda endurecimiento monetario doméstico mediante una acción o trayectoria al alza explícita; H sin depender del menú, nivel o fase.",revisado,c1b76674dc43f4371729214131bb395e305c65f49d66df106ecfe18e7adeee23,4192,referencia_humana_v3_no_ciega,no,evaluacion_descriptiva_no_independiente
RPM-2006-04-13:653:2,humana_v2,gold_humano_306,data/evaluacion/tfidf_gold_v1/comparacion_gold.csv,data/auditoria/revision_humana_v3/revision.csv,hawkish,1,hawkish,1,hawkish,1,compatible,alta,"se inclina por un alza de 25 puntos base en la tasa de política monetaria y, en tal virtud, vota en ese sentido","R1/R5. La unidad completa respalda endurecimiento monetario doméstico mediante una acción o trayectoria al alza explícita; H sin depender del menú, nivel o fase.",revisado,d9f1f7b776dcf73a8802e03096e03821234ea715cf5cb90981d7c0f8a01de212,4161,referencia_humana_v3_no_ciega,no,evaluacion_descriptiva_no_independiente
RPM-2006-05-11:661:2,humana_v2,gold_humano_306,data/evaluacion/tfidf_gold_v1/comparacion_gold.csv,data/auditoria/revision_humana_v3/revision.csv,neutral,1,neutral,1,neutral,1,compatible,alta,"en agricultura se presentaron problemas de orden climáticos hacia finales del año pasado, lo que se refleja en una producción frutícola más baja","R4/R8. Revisión de la unidad completa: contiene contexto evaluable, pero no adopta, recomienda ni respalda una dirección monetaria doméstica propia; N.",revisado,d91a099ebf73e5b3c00e8d0e84ab9ab2455d0e8f90f36c264f4070b6c339c5eb,490,referencia_humana_v3_no_ciega,no,evaluacion_descriptiva_no_independiente
RPM-2006-05-11:663:4,humana_v2,gold_humano_306,data/evaluacion/tfidf_gold_v1/comparacion_gold.csv,data/auditoria/revision_humana_v3/revision.csv,neutral,1,neutral,1,neutral,1,compatible,alta,"Con respecto a lo anterior, el Consejero señor Marfán, señala que si tenemos un problema con la encuesta de empleo, en donde se observa que está aumentando, por razones estadísticas sencillamente tendríamos una medición de productividad observada que es más baja y, por lo tanto, costos de la","R4/R8. Revisión de la unidad completa: contiene contexto evaluable, pero no adopta, recomienda ni respalda una dirección monetaria doméstica propia; N.",revisado,754f43953b99aae36b18d8556f3af1db12a75ee588b6e109d03a49c4fccb3dc9,316,referencia_humana_v3_no_ciega,no,evaluacion_descriptiva_no_independiente
RPM-2006-06-15:678:1,humana_v2,gold_humano_306,data/evaluacion/tfidf_gold_v1/comparacion_gold.csv,data/auditoria/revision_humana_v3/revision.csv,neutral,0,neutral,0,neutral,0,compatible,alta,,R3. Formalidad o logística sin contenido monetario doméstico sustantivo; N con relevancia 0.,revisado,b4ca7c7a2f02c6f0237948feb14e789a8eb8c1c0ccb6db7c5488995c26f18f9a,70,referencia_humana_v3_no_ciega,no,evaluacion_descriptiva_no_independiente
RPM-2006-06-15:707:1,humana_v2,gold_humano_306,data/evaluacion/tfidf_gold_v1/comparacion_gold.csv,data/auditoria/revision_humana_v3/revision.csv,neutral,1,neutral,1,neutral,1,compatible,alta,"los datos 3,9% y 6,3% nos informan de una velocidad de 5% aproximadamente en lo que llevamos del semestre","R4/R8. Revisión de la unidad completa: contiene contexto evaluable, pero no adopta, recomienda ni respalda una dirección monetaria doméstica propia; N.",revisado,a5dfd526b97036431d6449ca93b743da523e9be62c0b94c4b87140cbc781e322,351,referencia_humana_v3_no_ciega,no,evaluacion_descriptiva_no_independiente
RPM-2006-06-15:714:1,humana_v2,gold_humano_306,data/evaluacion/tfidf_gold_v1/comparacion_gold.csv,data/auditoria/revision_humana_v3/revision.csv,neutral,1,neutral,1,neutral,1,compatible,alta,"no existe la muestra híbrida en el pasado, por lo tanto hay un error estándar, ahora creciente, lo que pone en evidencia que gran parte del dinamismo y el empleo que se está midiendo es una ilusión óptica","R4/R8. Revisión de la unidad completa: contiene contexto evaluable, pero no adopta, recomienda ni respalda una dirección monetaria doméstica propia; N.",revisado,c3a96b7f30c0c5b8331d598f20d23b5be308ca64efa2df2a0d67f8c891176442,321,referencia_humana_v3_no_ciega,no,evaluacion_descriptiva_no_independiente
RPM-2006-06-15:732:1,humana_v2,gold_humano_306,data/evaluacion/tfidf_gold_v1/comparacion_gold.csv,data/auditoria/revision_humana_v3/revision.csv,hawkish,1,hawkish,1,neutral,1,cambio_etiqueta,alta,"Le parece que hay dos efectos importantes, el primero es la incertidumbre respecto a inflación, crecimiento; y tasas de las economías avanzadas, lo que por sí sólo tiene un efecto internacional y en Chile; y el segundo, que está relacionado al anterior, es el ajuste de portafolio que ha","R4/R6. Respalda mantener y hacer una pausa por señales ambiguas, sin comprometer la dirección posterior: N. Una pausa en la normalización no basta para H.",revisado,7b4ea41a3babfa8018c62eefc74469036471c701b4a062dece51bbca263df3d9,1482,referencia_humana_v3_no_ciega,no,evaluacion_descriptiva_no_independiente
RPM-2006-08-10:790:1,humana_v2,gold_humano_306,data/evaluacion/tfidf_gold_v1/comparacion_gold.csv,data/auditoria/revision_humana_v3/revision.csv,neutral,1,neutral,1,neutral,1,compatible,alta,consulta el Consejero señor Marfán si posible hacer algo parecido para Chile con los datos diarios,"R4/R8. Revisión de la unidad completa: contiene contexto evaluable, pero no adopta, recomienda ni respalda una dirección monetaria doméstica propia; N.",revisado,2bc8d4abfc4a00d721fb5f45ab00316b4f5a9ee24e6cac1b70d5e978d1ea25fb,163,referencia_humana_v3_no_ciega,no,evaluacion_descriptiva_no_independiente
RPM-2006-08-10:814:1,humana_v2,gold_humano_306,data/evaluacion/tfidf_gold_v1/comparacion_gold.csv,data/auditoria/revision_humana_v3/revision.csv,neutral,1,neutral,1,neutral,1,compatible,alta,"para explicar la caída de estas tasas en Chile, resulta más directo relacionarlo con la caída de las tasas afuera y a los datos de producción de Imacec","R4/R8. Revisión de la unidad completa: contiene contexto evaluable, pero no adopta, recomienda ni respalda una dirección monetaria doméstica propia; N.",revisado,43e40d30808ce7dacf77e3cfa3c2331cd428bba9314ec7240edc88a932df62a9,937,referencia_humana_v3_no_ciega,no,evaluacion_descriptiva_no_independiente
RPM-2006-09-07:834:1,humana_v2,gold_humano_306,data/evaluacion/tfidf_gold_v1/comparacion_gold.csv,data/auditoria/revision_humana_v3/revision.csv,neutral,1,neutral,1,neutral,1,compatible,alta,"Agrega que, en general, Goldman Sachs ha estado siempre con un gran optimismo y que atendida la evidencia que se ha constado en las últimas semanas, ésta se ha alineado algo más con el resto de los analistas, pero siempre con un sesgo optimista.","R4/R8. Revisión de la unidad completa: contiene contexto evaluable, pero no adopta, recomienda ni respalda una dirección monetaria doméstica propia; N.",revisado,73fae1fc8ad3d2511e96a40c64a67644f97e6ef2ee05d9975ffd5107dfd1c6f8,516,referencia_humana_v3_no_ciega,no,evaluacion_descriptiva_no_independiente
RPM-2006-10-12:899:2,humana_v2,gold_humano_306,data/evaluacion/tfidf_gold_v1/comparacion_gold.csv,data/auditoria/revision_humana_v3/revision.csv,neutral,1,neutral,1,neutral,1,compatible,alta,"Al respecto, el Gerente de Análisis Macroeconómico señor Igal Magendzo señala que la cifra fue de 170 millones de dólares en octubre; en noviembre fue de 70 millones de dólares; y, en diciembre otros 70 millones de dólares.","R4/R8. Revisión de la unidad completa: contiene contexto evaluable, pero no adopta, recomienda ni respalda una dirección monetaria doméstica propia; N.",revisado,dc85899a4d5c766491494b4fc5a9f5e527c57ff3a6052726e81c6edcddde08c7,294,referencia_humana_v3_no_ciega,no,evaluacion_descriptiva_no_independiente
RPM-2006-10-12:923:1,humana_v2,gold_humano_306,data/evaluacion/tfidf_gold_v1/comparacion_gold.csv,data/auditoria/revision_humana_v3/revision.csv,neutral,1,neutral,1,neutral,1,compatible,alta,cómo se relaciona la tasa de política monetaria forward con respecto a la caída en las expectativas de inflación,"R4/R8. Revisión de la unidad completa: contiene contexto evaluable, pero no adopta, recomienda ni respalda una dirección monetaria doméstica propia; N.",revisado,6e8469471576b16d802d9a58d0c48ecb72032149542465736a7f638d59621802,217,referencia_humana_v3_no_ciega,no,evaluacion_descriptiva_no_independiente
RPM-2006-11-16:951:1,humana_v2,gold_humano_306,data/evaluacion/tfidf_gold_v1/comparacion_gold.csv,data/auditoria/revision_humana_v3/revision.csv,neutral,1,neutral,1,neutral,1,compatible,alta,en los mercados financieros había mucha más tranquilidad; los spread se han ido para abajo,"R4/R8. Revisión de la unidad completa: contiene contexto evaluable, pero no adopta, recomienda ni respalda una dirección monetaria doméstica propia; N.",revisado,83dcce105254cd483b974064806bd794ab6dec2e73b7645de9f8878c5d4b028c,685,referencia_humana_v3_no_ciega,no,evaluacion_descriptiva_no_independiente
RPM-2006-11-16:986:1,humana_v2,gold_humano_306,data/evaluacion/tfidf_gold_v1/comparacion_gold.csv,data/auditoria/revision_humana_v3/revision.csv,hawkish,1,hawkish,1,neutral,1,cambio_etiqueta,alta,"En este escenario, indica que, en su opinión, lo más razonable es mantener la tasa de política monetaria y seguir observando los acontecimientos, tanto en el frente de actividad como de precios, y sus implicancias en inflación proyectada, con el propósito de calibrar la política monetaria para","R4. Mantiene y propone quitar el sesgo al alza, sin adoptar un sesgo a la baja: N, conforme al caso mínimo de calibración v3.",revisado,ef6e78f9026d8cf1574f768190b0895485a147a2a0c837f2904e4c9fe27dde55,3226,referencia_humana_v3_no_ciega,no,evaluacion_descriptiva_no_independiente
RPM-2006-12-14:1010:4,humana_v2,gold_humano_306,data/evaluacion/tfidf_gold_v1/comparacion_gold.csv,data/auditoria/revision_humana_v3/revision.csv,neutral,1,neutral,1,neutral,1,compatible,alta,"cuando el Gobierno impulsa la regla fiscal, lo que está implícitamente pensando es que cuando esa regla tiene un componente anticíclico éste es tenue y que, por lo tanto, la política monetaria debería jugar un rol anticíclico más fuerte","R4/R8. Revisión de la unidad completa: contiene contexto evaluable, pero no adopta, recomienda ni respalda una dirección monetaria doméstica propia; N.",revisado,44896b75d2b3bdab7977538857aaec8a6bf19bdcc8ec2641947386e19bd0f527,731,referencia_humana_v3_no_ciega,no,evaluacion_descriptiva_no_independiente
RPM-2006-12-14:1012:1,humana_v2,gold_humano_306,data/evaluacion/tfidf_gold_v1/comparacion_gold.csv,data/auditoria/revision_humana_v3/revision.csv,neutral,1,neutral,1,neutral,1,compatible,alta,el Banco amortiguó ese efecto porque para el horizonte más corto se usó una más baja que lo que daba la tasa neutral,"R4/R8. Revisión de la unidad completa: contiene contexto evaluable, pero no adopta, recomienda ni respalda una dirección monetaria doméstica propia; N.",revisado,2cabfe231599d056788657989de5b0ab6d83ec0aa09ad8f7561d53a303d7f5cf,346,referencia_humana_v3_no_ciega,no,evaluacion_descriptiva_no_independiente
RPM-2006-12-14:991:1,humana_v2,gold_humano_306,data/evaluacion/tfidf_gold_v1/comparacion_gold.csv,data/auditoria/revision_humana_v3/revision.csv,neutral,1,neutral,1,neutral,1,compatible,alta,"los indicadores de actividad en Estados Unidos de América han seguido configurando un escenario de mayor debilidad, especialmente en el sector manufacturero","R4/R8. Revisión de la unidad completa: contiene contexto evaluable, pero no adopta, recomienda ni respalda una dirección monetaria doméstica propia; N.",revisado,d287a908e01d7c468a059f8a2d560ae4ee2a044635f00b907b9b637863494d0c,10700,referencia_humana_v3_no_ciega,no,evaluacion_descriptiva_no_independiente
RPM-2006-12-14:994:1,humana_v2,gold_humano_306,data/evaluacion/tfidf_gold_v1/comparacion_gold.csv,data/auditoria/revision_humana_v3/revision.csv,neutral,1,neutral,1,neutral,1,compatible,alta,US$ 67 será el precio promedio del petróleo para este año que es lo que se preveía,"R4/R8. Revisión de la unidad completa: contiene contexto evaluable, pero no adopta, recomienda ni respalda una dirección monetaria doméstica propia; N.",revisado,fd58dd552bc473548f9bb88307aa6f37ad89ca0dbd7eb9e1fa17f6a277218ff4,136,referencia_humana_v3_no_ciega,no,evaluacion_descriptiva_no_independiente
RPM-2006-12-14:996:1,humana_v2,gold_humano_306,data/evaluacion/tfidf_gold_v1/comparacion_gold.csv,data/auditoria/revision_humana_v3/revision.csv,neutral,1,neutral,1,neutral,1,compatible,alta,consulta si el MB es soberano o incluye empresas o si éste es un caso especial,"R4/R8. Revisión de la unidad completa: contiene contexto evaluable, pero no adopta, recomienda ni respalda una dirección monetaria doméstica propia; N.",revisado,c7a115d26738687b9fb7e490df9a8a3555f7c45d0a65ed7dc9e082e61971b64f,452,referencia_humana_v3_no_ciega,no,evaluacion_descriptiva_no_independiente
RPM-2006-12-14:997:1,humana_v2,gold_humano_306,data/evaluacion/tfidf_gold_v1/comparacion_gold.csv,data/auditoria/revision_humana_v3/revision.csv,neutral,1,neutral,1,neutral,1,compatible,alta,la metodología es standard para todas las economías y efectivamente se trata de medir un spread soberano,"R4/R8. Revisión de la unidad completa: contiene contexto evaluable, pero no adopta, recomienda ni respalda una dirección monetaria doméstica propia; N.",revisado,d8af9f264ab8aa2b4e69f75650e878169542fcfba807a747c522451477508c9b,785,referencia_humana_v3_no_ciega,no,evaluacion_descriptiva_no_independiente
RPM-2007-01-11:1033:1,humana_v2,gold_humano_306,data/evaluacion/tfidf_gold_v1/comparacion_gold.csv,data/auditoria/revision_humana_v3/revision.csv,neutral,0,neutral,0,neutral,0,compatible,alta,"el Presidente señor Corbo ofrece la palabra al Gerente de Análisis Macroeconómico, don Igal Magendzo Weinberger, a fin de que presente la exposición sobre la parte nacional",R3. Formalidad o logística sin contenido monetario doméstico sustantivo; N con relevancia 0.,revisado,6ba16d76533465375ae3a9328c464593c21964b3045aad18b294f9e2e4f4866d,173,referencia_humana_v3_no_ciega,no,evaluacion_descriptiva_no_independiente
RPM-2007-01-11:1044:1,humana_v2,gold_humano_306,data/evaluacion/tfidf_gold_v1/comparacion_gold.csv,data/auditoria/revision_humana_v3/revision.csv,neutral,1,neutral,1,neutral,1,compatible,alta,le gustaría plantear como tema de discusión si lo importante para efectos de un Banco Central es tratar de monitorear la inflación efectiva de mejor saber y entender en el horizonte esperado o bien la expectativa de inflación del mercado,"R4/R8. Revisión de la unidad completa: contiene contexto evaluable, pero no adopta, recomienda ni respalda una dirección monetaria doméstica propia; N.",revisado,25d32d9b442cc555d417a042b24833ff408b235bbc757a8943eccbdf82dcd08b,2529,referencia_humana_v3_no_ciega,no,evaluacion_descriptiva_no_independiente
RPM-2007-01-11:1050:2,humana_v2,gold_humano_306,data/evaluacion/tfidf_gold_v1/comparacion_gold.csv,data/auditoria/revision_humana_v3/revision.csv,dovish,1,dovish,1,dovish,1,compatible,alta,reitera su convicción de que corresponde hacer un ajuste en la tasa de política monetaria de 25 puntos base,"R1/R5. La unidad completa respalda expansión monetaria doméstica mediante una acción o trayectoria a la baja explícita; D sin depender del menú, nivel o fase.",revisado,16d22913d6ea2d1f4e80060748d4d33dce15f2264af078fd4dcf48ce9afe25ae,5675,referencia_humana_v3_no_ciega,no,evaluacion_descriptiva_no_independiente
RPM-2007-01-11:1052:1,humana_v2,gold_humano_306,data/evaluacion/tfidf_gold_v1/comparacion_gold.csv,data/auditoria/revision_humana_v3/revision.csv,dovish,1,dovish,1,dovish,1,compatible,alta,"el Consejero señor Enrique Marshall vota por bajar la tasa de política monetaria en 25 puntos base para quedar en 5,0%","R1/R5. La unidad completa respalda expansión monetaria doméstica mediante una acción o trayectoria a la baja explícita; D sin depender del menú, nivel o fase.",revisado,c164347f99e0a90b3cdbe8d238ca6a0669b4290772b8759f00a8cd6352c7f809,5383,referencia_humana_v3_no_ciega,no,evaluacion_descriptiva_no_independiente
RPM-2007-01-11:1053:1,humana_v2,gold_humano_306,data/evaluacion/tfidf_gold_v1/comparacion_gold.csv,data/auditoria/revision_humana_v3/revision.csv,dovish,1,dovish,1,dovish,1,compatible,alta,el Consejero señor Manuel Marfán vota por reducir la tasa en 25 puntos base,"R1/R5. La unidad completa respalda expansión monetaria doméstica mediante una acción o trayectoria a la baja explícita; D sin depender del menú, nivel o fase.",revisado,697448d291562632d716aba922e4924fc33cd67092e129b27bf7877f654d25ac,4372,referencia_humana_v3_no_ciega,no,evaluacion_descriptiva_no_independiente
RPM-2007-02-08:1065:2,humana_v2,gold_humano_306,data/evaluacion/tfidf_gold_v1/comparacion_gold.csv,data/auditoria/revision_humana_v3/revision.csv,neutral,1,neutral,1,neutral,1,compatible,alta,"Por su parte, el señor Rodrigo Valdés señala que el escenario base es el escenario base y que lo que él dice es que cuando se hizo el IPoM se tenía la percepción de que los riesgos al alza o a la baja eran más bien acotados.","R4/R8. Revisión de la unidad completa: contiene contexto evaluable, pero no adopta, recomienda ni respalda una dirección monetaria doméstica propia; N.",revisado,60ff31407109b24d48922ff353bc58b0c20abb3dcae80332442ac263cd436c11,495,referencia_humana_v3_no_ciega,no,evaluacion_descriptiva_no_independiente
RPM-2007-02-08:1096:1,humana_v2,gold_humano_306,data/evaluacion/tfidf_gold_v1/comparacion_gold.csv,data/auditoria/revision_humana_v3/revision.csv,hawkish,1,hawkish,1,hawkish,1,compatible,alta,"su voto es por mantener la tasa de política monetaria en 5,0%","R1/R5. La unidad completa respalda endurecimiento monetario doméstico mediante una acción o trayectoria al alza explícita; H sin depender del menú, nivel o fase.",revisado,8424b2491960f01925a8a719eb9ae2b54c3273d1f214380129d3924b64698571,4701,referencia_humana_v3_no_ciega,no,evaluacion_descriptiva_no_independiente
RPM-2007-03-15:1114:1,humana_v2,gold_humano_306,data/evaluacion/tfidf_gold_v1/comparacion_gold.csv,data/auditoria/revision_humana_v3/revision.csv,neutral,1,neutral,1,neutral,1,compatible,alta,lo que podría pasar con el crédito inmobiliario es otra incertidumbre que se observa,"R4/R8. Revisión de la unidad completa: contiene contexto evaluable, pero no adopta, recomienda ni respalda una dirección monetaria doméstica propia; N.",revisado,c70290e218f04b18c434872dd42f06244b19ce75a5c3f9fc27f252fc24a8aa44,471,referencia_humana_v3_no_ciega,no,evaluacion_descriptiva_no_independiente
RPM-2007-03-15:1126:1,humana_v2,gold_humano_306,data/evaluacion/tfidf_gold_v1/comparacion_gold.csv,data/auditoria/revision_humana_v3/revision.csv,neutral,0,neutral,0,neutral,0,compatible,alta,"el Presidente señor Corbo ofrece la palabra al Gerente de Análisis Macroeconómico, don Igal Magendzo Weinberger, a fin que presente la exposición sobre la parte nacional",R3. Formalidad o logística sin contenido monetario doméstico sustantivo; N con relevancia 0.,revisado,4d915df7387128026321ba09a5ab6a25cdccb7e8e205de43ecb7a90edb61e89f,186,referencia_humana_v3_no_ciega,no,evaluacion_descriptiva_no_independiente
RPM-2007-03-15:1160:1,humana_v2,gold_humano_306,data/evaluacion/tfidf_gold_v1/comparacion_gold.csv,data/auditoria/revision_humana_v3/revision.csv,dovish,1,dovish,1,dovish,1,compatible,alta,estima que la mejor decisión es bajar la tasa de política monetaria en esta reunión y no esperar un mes más,"R1/R5. La unidad completa respalda expansión monetaria doméstica mediante una acción o trayectoria a la baja explícita; D sin depender del menú, nivel o fase.",revisado,cc23ed6ec7adc000c1885f682c9068ba9a6002c89abcfa53f604740dab72d530,3482,referencia_humana_v3_no_ciega,no,evaluacion_descriptiva_no_independiente
RPM-2007-04-12:1170:1,humana_v2,gold_humano_306,data/evaluacion/tfidf_gold_v1/comparacion_gold.csv,data/auditoria/revision_humana_v3/revision.csv,neutral,0,neutral,0,neutral,0,compatible,alta,"el señor Presidente fija la fecha de la Sesión de Política Monetaria del mes de octubre de 2007, para el día 11 de ese mes",R3. Formalidad o logística sin contenido monetario doméstico sustantivo; N con relevancia 0.,revisado,95f2ca41c6042d0a86239f7831e282ecc02bbc9e8331cd796e7a9c24c6895f6c,365,referencia_humana_v3_no_ciega,no,evaluacion_descriptiva_no_independiente
RPM-2007-04-12:1200:1,humana_v2,gold_humano_306,data/evaluacion/tfidf_gold_v1/comparacion_gold.csv,data/auditoria/revision_humana_v3/revision.csv,dovish,1,dovish,1,neutral,1,cambio_etiqueta,alta,"tiene la impresión que lo que se está presentado en esta ocasión, constituye una especie de escenario central que evoluciona y por eso tiene riesgos. En su opinión, le parece que en todo caso el riesgo es a la baja",R8. Solo caracteriza riesgos macroeconómicos a la baja; no adopta una dirección para la TPM ni una orientación monetaria: N.,revisado,a56243d0ffa857604e88b6c38c0bd77d1f5532aef6767cb38191a7ff6985e544,315,referencia_humana_v3_no_ciega,no,evaluacion_descriptiva_no_independiente
RPM-2007-04-12:1213:1,humana_v2,gold_humano_306,data/evaluacion/tfidf_gold_v1/comparacion_gold.csv,data/auditoria/revision_humana_v3/revision.csv,dovish,1,dovish,1,dovish,1,compatible,alta,"El señor Beltrán De Ramón manifiesta que dados los antecedentes anteriores y aunque el escenario de bajas futuras se mantiene, en esta ocasión recomienda mantener la Tasa de Política Monetaria y esperar una o dos reuniones más para recabar nuevos antecedentes.","R1/R5. La unidad completa respalda expansión monetaria doméstica mediante una acción o trayectoria a la baja explícita; D sin depender del menú, nivel o fase.",revisado,400f0bee0718e9ca49f94ec8506f33344dfe4beaba0102308aa9f4e7aff1f657,421,referencia_humana_v3_no_ciega,no,evaluacion_descriptiva_no_independiente
RPM-2007-05-10:1227:3,humana_v2,gold_humano_306,data/evaluacion/tfidf_gold_v1/comparacion_gold.csv,data/auditoria/revision_humana_v3/revision.csv,neutral,1,neutral,1,neutral,1,compatible,alta,la inversión no residencial mostró un dato positivo en el primer trimestre del año 2007,"R4/R8. Revisión de la unidad completa: contiene contexto evaluable, pero no adopta, recomienda ni respalda una dirección monetaria doméstica propia; N.",revisado,90e700d1d70120144c1aed962d7a813ca533f4a94f3ce8613d3dd9eaf2efbd54,1013,referencia_humana_v3_no_ciega,no,evaluacion_descriptiva_no_independiente
RPM-2007-05-10:1231:2,humana_v2,gold_humano_306,data/evaluacion/tfidf_gold_v1/comparacion_gold.csv,data/auditoria/revision_humana_v3/revision.csv,neutral,1,neutral,1,neutral,1,compatible,alta,las expectativas del mercado para la Tasa de Política Monetaria a fines de este año son de 80 y 30 puntos base menos que en los meses de septiembre y diciembre del año 2006,"R4/R8. Revisión de la unidad completa: contiene contexto evaluable, pero no adopta, recomienda ni respalda una dirección monetaria doméstica propia; N.",revisado,c1442a8bc6696a423481e125da6d88fc8e0bba5b4b1d8177dedb385c2259c604,2932,referencia_humana_v3_no_ciega,no,evaluacion_descriptiva_no_independiente
RPM-2007-06-14:1302:1,humana_v2,gold_humano_306,data/evaluacion/tfidf_gold_v1/comparacion_gold.csv,data/auditoria/revision_humana_v3/revision.csv,dovish,1,dovish,1,neutral,1,cambio_etiqueta,alta,"la actitud de wait and see hasta que se acumule más información, es la correcta y eso argumenta a favor de una mantención de la tasa de política monetaria",R4/R6. Recomienda mantener para esperar información y no expresa sesgo ni trayectoria propia: N; la posición relativa frente a una posible alza no determina D.,revisado,4b591811b49d99143b4c9028fa3a67bea19a30367f109c1730e1bea65ee749c2,5180,referencia_humana_v3_no_ciega,no,evaluacion_descriptiva_no_independiente
RPM-2007-06-14:1308:1,humana_v2,gold_humano_306,data/evaluacion/tfidf_gold_v1/comparacion_gold.csv,data/auditoria/revision_humana_v3/revision.csv,hawkish,1,hawkish,1,hawkish,1,compatible,alta,"Menciona el señor Presidente, que las tasas de interés de mercado aumentan en las últimas semanas, tanto por factores externos -la fuerte alza en las tasas de interés internacionales asociadas a las mejoras en las perspectivas económicas de los Estados Unidos de América, y el fortalecimiento","R1/R5. La unidad completa respalda endurecimiento monetario doméstico mediante una acción o trayectoria al alza explícita; H sin depender del menú, nivel o fase.",revisado,eeae84805dbcde5e06da9138849afbfbce18b72ac80563c97cd2cac95400921f,3619,referencia_humana_v3_no_ciega,no,evaluacion_descriptiva_no_independiente
RPM-2007-06-14:1308:2,humana_v2,gold_humano_306,data/evaluacion/tfidf_gold_v1/comparacion_gold.csv,data/auditoria/revision_humana_v3/revision.csv,neutral,1,neutral,1,neutral,1,compatible,alta,el Consejo del Banco Central de Chile por unanimidad acordó mantener la tasa de interés de política monetaria en 5% anual,"R4/R8. Revisión de la unidad completa: contiene contexto evaluable, pero no adopta, recomienda ni respalda una dirección monetaria doméstica propia; N.",revisado,4b24714a390f33d2d1e648ab4b93010137757c7a32ac9f88d7f864fcd6c1a978,2295,referencia_humana_v3_no_ciega,no,evaluacion_descriptiva_no_independiente
RPM-2007-07-12:1321:1,humana_v2,gold_humano_306,data/evaluacion/tfidf_gold_v1/comparacion_gold.csv,data/auditoria/revision_humana_v3/revision.csv,neutral,1,neutral,1,neutral,1,compatible,alta,el efecto fly to quality sobre Chile son cinco puntos base respecto de la Reunión de Política Monetaria anterior,"R4/R8. Revisión de la unidad completa: contiene contexto evaluable, pero no adopta, recomienda ni respalda una dirección monetaria doméstica propia; N.",revisado,f8f128e599d56c7f2bef71e7d3f326825dea3e0bc6c8b010e06e05f8668a4d69,415,referencia_humana_v3_no_ciega,no,evaluacion_descriptiva_no_independiente
RPM-2007-07-12:1344:1,humana_v2,gold_humano_306,data/evaluacion/tfidf_gold_v1/comparacion_gold.csv,data/auditoria/revision_humana_v3/revision.csv,hawkish,1,hawkish,1,hawkish,1,compatible,alta,el Gerente de División Operaciones Financieras señor Esteban Jadresic comparte la recomendación de la Gerencia de División Estudios de aumentar en 25 puntos base la Tasa de Política Monetaria,"R1/R5. La unidad completa respalda endurecimiento monetario doméstico mediante una acción o trayectoria al alza explícita; H sin depender del menú, nivel o fase.",revisado,cae32b8adfb1fe235a54fd9dd7e3d4f40b4897b14cb728cc83f52b36a388bf01,3537,referencia_humana_v3_no_ciega,no,evaluacion_descriptiva_no_independiente
RPM-2007-07-12:1351:1,humana_v2,gold_humano_306,data/evaluacion/tfidf_gold_v1/comparacion_gold.csv,data/auditoria/revision_humana_v3/revision.csv,hawkish,1,hawkish,1,hawkish,1,compatible,alta,"su voto también es por un aumento de 25 puntos base en la Tasa de Política Monetaria, manteniendo un sesgo al alza","R1/R5. La unidad completa respalda endurecimiento monetario doméstico mediante una acción o trayectoria al alza explícita; H sin depender del menú, nivel o fase.",revisado,773ee3f17ec5a178da312d3974408bf8ae8c423ae05284745524fe98b51ad02d,4104,referencia_humana_v3_no_ciega,no,evaluacion_descriptiva_no_independiente
RPM-2007-09-13:1435:1,humana_v2,gold_humano_306,data/evaluacion/tfidf_gold_v1/comparacion_gold.csv,data/auditoria/revision_humana_v3/revision.csv,neutral,0,neutral,0,neutral,0,compatible,alta,,R3. Formalidad o logística sin contenido monetario doméstico sustantivo; N con relevancia 0.,revisado,75adcea5cf6170566726440d5e1bd82e12f3b570581c6eebcef77e353a796121,82,referencia_humana_v3_no_ciega,no,evaluacion_descriptiva_no_independiente
RPM-2007-09-13:1449:3,humana_v2,gold_humano_306,data/evaluacion/tfidf_gold_v1/comparacion_gold.csv,data/auditoria/revision_humana_v3/revision.csv,neutral,1,neutral,1,neutral,1,compatible,alta,"llegan más permisos que los otorgados y, por lo tanto, la cifras de hace tres meses se incrementa en el tiempo","R4/R8. Revisión de la unidad completa: contiene contexto evaluable, pero no adopta, recomienda ni respalda una dirección monetaria doméstica propia; N.",revisado,b5474510e8393a393fc6bf8e15538d80728e8edd3e90d32ff99690a1e8cb78ba,339,referencia_humana_v3_no_ciega,no,evaluacion_descriptiva_no_independiente
RPM-2007-09-13:1456:4,humana_v2,gold_humano_306,data/evaluacion/tfidf_gold_v1/comparacion_gold.csv,data/auditoria/revision_humana_v3/revision.csv,neutral,1,neutral,1,neutral,1,compatible,alta,"en Chile las tasas han caído, pero han caído mucho más las tasas a un plazo de 10 años afuera, por lo tanto el diferencial de tasas ha apoyado una apreciación del tipo de cambio","R4/R8. Revisión de la unidad completa: contiene contexto evaluable, pero no adopta, recomienda ni respalda una dirección monetaria doméstica propia; N.",revisado,ff80d73c43cdecf1d213e7d876a74e76c2cb0c2fac987f04c8d0cb73c4b4ef01,974,referencia_humana_v3_no_ciega,no,evaluacion_descriptiva_no_independiente
RPM-2007-10-11:1481:2,humana_v2,gold_humano_306,data/evaluacion/tfidf_gold_v1/comparacion_gold.csv,data/auditoria/revision_humana_v3/revision.csv,neutral,1,neutral,1,neutral,1,compatible,alta,toda esta información lleva a revisarlas hacia el alza. En el caso del cobre existe un aumento de casi 15 centavos para este año,"R4/R8. Revisión de la unidad completa: contiene contexto evaluable, pero no adopta, recomienda ni respalda una dirección monetaria doméstica propia; N.",revisado,1f7f14177a2542af593ab51eadf1c0b4b2b4db66b1abf7beded40b9232ee49ec,577,referencia_humana_v3_no_ciega,no,evaluacion_descriptiva_no_independiente
RPM-2007-10-11:1504:1,humana_v2,gold_humano_306,data/evaluacion/tfidf_gold_v1/comparacion_gold.csv,data/auditoria/revision_humana_v3/revision.csv,neutral,1,neutral,1,neutral,1,compatible,alta,"Consulta si sería posible construir un indicador de lo que estamos proyectando para tener un benchmark y poder decir si los efectos de segunda vuelta están siendo mayores, inferiores o iguales a lo que anticipábamos","R4/R8. Revisión de la unidad completa: contiene contexto evaluable, pero no adopta, recomienda ni respalda una dirección monetaria doméstica propia; N.",revisado,425d03f13b92293a5b882aaaa2e28764b60b7efe7926039a3d2ce110f07f3d1b,518,referencia_humana_v3_no_ciega,no,evaluacion_descriptiva_no_independiente
RPM-2007-10-11:1515:1,humana_v2,gold_humano_306,data/evaluacion/tfidf_gold_v1/comparacion_gold.csv,data/auditoria/revision_humana_v3/revision.csv,hawkish,1,hawkish,1,neutral,1,cambio_etiqueta,alta,"el Consejero señor Enrique Marshall vota por mantener la Tasa de Política Monetaria en 5,75%",R4/R6. Vota mantener para esperar tras tres alzas y no adopta dirección para el próximo movimiento: N; la fase previa no asigna H.,revisado,f0e68d6d4e3378461b9e835d60ebc5382085824bc521d4e8afbb526c31c4b4d0,7695,referencia_humana_v3_no_ciega,no,evaluacion_descriptiva_no_independiente
RPM-2007-11-13:1521:1,humana_v2,gold_humano_306,data/evaluacion/tfidf_gold_v1/comparacion_gold.csv,data/auditoria/revision_humana_v3/revision.csv,neutral,0,neutral,0,neutral,0,compatible,alta,ACTA CORRESPONDIENTE A LA SESIÓN DE POLÍTICA MONETARIA N° 115 celebrada el 13 de noviembre de 2007,R3. Formalidad o logística sin contenido monetario doméstico sustantivo; N con relevancia 0.,revisado,82d70bea69a027b132c044b5039f236fa3d9adb507fcbb5b2c30973832bc7a67,1477,referencia_humana_v3_no_ciega,no,evaluacion_descriptiva_no_independiente
RPM-2007-11-13:1556:3,humana_v2,gold_humano_306,data/evaluacion/tfidf_gold_v1/comparacion_gold.csv,data/auditoria/revision_humana_v3/revision.csv,neutral,1,neutral,1,neutral,1,compatible,alta,"en el caso de China, se observa claramente un aumento de la inflación, mostrando para el mes de octubre un 6,5% y la inflación de alimentos de 18%","R4/R8. Revisión de la unidad completa: contiene contexto evaluable, pero no adopta, recomienda ni respalda una dirección monetaria doméstica propia; N.",revisado,be0f191c921b764f233ff6cffc1c9a587d6395f929bbaef65759efaae80f2684,1039,referencia_humana_v3_no_ciega,no,evaluacion_descriptiva_no_independiente
RPM-2007-12-13:1573:1,humana_v2,gold_humano_306,data/evaluacion/tfidf_gold_v1/comparacion_gold.csv,data/auditoria/revision_humana_v3/revision.csv,neutral,1,neutral,1,neutral,1,compatible,alta,"El Consejero señor Manuel Marfán señala que en los gráficos entregados para esta Reunión, aparece otra forma de ver el spread, ya que éste no tiene mucha historia.","R4/R8. Revisión de la unidad completa: contiene contexto evaluable, pero no adopta, recomienda ni respalda una dirección monetaria doméstica propia; N.",revisado,47157db0a4c5aaec9daa2e4fb127323ea88e51ba82afe53cc54bfa848ff24672,848,referencia_humana_v3_no_ciega,no,evaluacion_descriptiva_no_independiente
RPM-2007-12-13:1586:1,humana_v2,gold_humano_306,data/evaluacion/tfidf_gold_v1/comparacion_gold.csv,data/auditoria/revision_humana_v3/revision.csv,neutral,1,neutral,1,neutral,1,compatible,alta,"hoy día la incertidumbre es significativamente mayor, no solamente en términos de crecimiento sino que además en precios de commodities","R4/R8. Revisión de la unidad completa: contiene contexto evaluable, pero no adopta, recomienda ni respalda una dirección monetaria doméstica propia; N.",revisado,e14cafef8c80873fc5a4e04494dc94baae250830891ea9a02894b7b043fe2eae,329,referencia_humana_v3_no_ciega,no,evaluacion_descriptiva_no_independiente
RPM-2007-12-13:1587:4,humana_v2,gold_humano_306,data/evaluacion/tfidf_gold_v1/comparacion_gold.csv,data/auditoria/revision_humana_v3/revision.csv,neutral,1,neutral,1,neutral,1,compatible,alta,"sería interesante para cotejar esa hipótesis, mirar las estadísticas que publica la Superintendencia de Bancos sobre el número de operaciones hipotecarias","R4/R8. Revisión de la unidad completa: contiene contexto evaluable, pero no adopta, recomienda ni respalda una dirección monetaria doméstica propia; N.",revisado,695c7793fb6fe7410813bd6ceda621e71b32ae2f418d72fd3e3eb95918d214d7,765,referencia_humana_v3_no_ciega,no,evaluacion_descriptiva_no_independiente
RPM-2007-12-13:1591:3,humana_v2,gold_humano_306,data/evaluacion/tfidf_gold_v1/comparacion_gold.csv,data/auditoria/revision_humana_v3/revision.csv,neutral,1,neutral,1,neutral,1,compatible,alta,Consulta el Consejero señor Manuel Marfán cuál es el problema que se presenta con los datos de importaciones que sorprendieron a la baja.,"R4/R8. Revisión de la unidad completa: contiene contexto evaluable, pero no adopta, recomienda ni respalda una dirección monetaria doméstica propia; N.",revisado,71e53d8cea92dd72ff55312e327e4570145500b7b330356940e7e033239a06ac,137,referencia_humana_v3_no_ciega,no,evaluacion_descriptiva_no_independiente
RPM-2007-12-13:1609:1,humana_v2,gold_humano_306,data/evaluacion/tfidf_gold_v1/comparacion_gold.csv,data/auditoria/revision_humana_v3/revision.csv,hawkish,1,hawkish,1,hawkish,1,compatible,alta,el Consejero señor Sebastián Claro señala que su voto es por subir la Tasa de Política Monetaria en 25 puntos base,"R1/R5. La unidad completa respalda endurecimiento monetario doméstico mediante una acción o trayectoria al alza explícita; H sin depender del menú, nivel o fase.",revisado,c7bc97607b68d5aed03024cb0ae77d9bfe0faa094c9a00e7b6a7d57a779a3eca,1717,referencia_humana_v3_no_ciega,no,evaluacion_descriptiva_no_independiente
RPM-2008-01-10:1633:2,humana_v2,gold_humano_306,data/evaluacion/tfidf_gold_v1/comparacion_gold.csv,data/auditoria/revision_humana_v3/revision.csv,hawkish,1,hawkish,1,hawkish,1,compatible,alta,"cree que podría resultar un poco prematuro subir más de 25 puntos base, puesto que se podría enfrentar, no a mucho andar, una fuerte desaceleración","R1/R5. La unidad completa respalda endurecimiento monetario doméstico mediante una acción o trayectoria al alza explícita; H sin depender del menú, nivel o fase.",revisado,99afbf468fa55e334c944ca666d531e07c6e583e716d5ed51ebfa5d3b3a54ae4,1432,referencia_humana_v3_no_ciega,no,evaluacion_descriptiva_no_independiente
RPM-2008-01-10:1633:4,humana_v2,gold_humano_306,data/evaluacion/tfidf_gold_v1/comparacion_gold.csv,data/auditoria/revision_humana_v3/revision.csv,hawkish,1,hawkish,1,hawkish,1,compatible,alta,hay que contribuir a moderar los efectos de segunda vuelta y las expectativas subiendo la Tasa de Política Monetaria en 25 puntos base,"R1/R5. La unidad completa respalda endurecimiento monetario doméstico mediante una acción o trayectoria al alza explícita; H sin depender del menú, nivel o fase.",revisado,8f667c2adae7d1103312b96992e64d8100065e70009cbe2e94b406c0cd75c981,1706,referencia_humana_v3_no_ciega,no,evaluacion_descriptiva_no_independiente
RPM-2008-01-10:1634:1,humana_v2,gold_humano_306,data/evaluacion/tfidf_gold_v1/comparacion_gold.csv,data/auditoria/revision_humana_v3/revision.csv,hawkish,1,hawkish,1,hawkish,1,compatible,alta,"Sin embargo, expresa que estaría dispuesto a sumarse al voto de la mayoría, en caso que se apruebe la opción de subir la Tasa de Política Monetaria en 25 puntos base, en la medida que el Comunicado contenga un sesgo al alza.","R1/R5. La unidad completa respalda endurecimiento monetario doméstico mediante una acción o trayectoria al alza explícita; H sin depender del menú, nivel o fase.",revisado,486a659b5e38c2c7db29b5e0fbce61b8036954eca1ae611ac3812a737ebe74f2,4147,referencia_humana_v3_no_ciega,no,evaluacion_descriptiva_no_independiente
RPM-2008-01-10:1642:1,humana_v2,gold_humano_306,data/evaluacion/tfidf_gold_v1/comparacion_gold.csv,data/auditoria/revision_humana_v3/revision.csv,neutral,0,neutral,0,neutral,0,compatible,alta,El Consejo aprueba el texto del Comunicado. Se levanta la Sesión a las 17.45 horas,R3. Formalidad o logística sin contenido monetario doméstico sustantivo; N con relevancia 0.,revisado,7932ce11ab0beffccf13137bcd6cde5c458686759a01c984a380d1eb2660f301,83,referencia_humana_v3_no_ciega,no,evaluacion_descriptiva_no_independiente
RPM-2008-02-07:1668:2,humana_v2,gold_humano_306,data/evaluacion/tfidf_gold_v1/comparacion_gold.csv,data/auditoria/revision_humana_v3/revision.csv,neutral,0,neutral,0,neutral,0,compatible,alta,"Siendo las 16:00 horas, se reanuda la Sesión de Política Monetaria N° 119",R3. Formalidad o logística sin contenido monetario doméstico sustantivo; N con relevancia 0.,revisado,d056fb199a73ae9d3f090e212a66846b535fd82a8b2114db2c0c15dcd33fe0e1,74,referencia_humana_v3_no_ciega,no,evaluacion_descriptiva_no_independiente
RPM-2008-03-13:1694:2,humana_v2,gold_humano_306,data/evaluacion/tfidf_gold_v1/comparacion_gold.csv,data/auditoria/revision_humana_v3/revision.csv,neutral,1,neutral,1,neutral,1,compatible,alta,"la tasa a diez años en Estados Unidos de América ha caído desde la última Reunión, en torno a 30 - 40 puntos base","R4/R8. Revisión de la unidad completa: contiene contexto evaluable, pero no adopta, recomienda ni respalda una dirección monetaria doméstica propia; N.",revisado,69e6dbf93ca31489b1c2deec28ab4f3cc45d2ca7999912857c04d422903d0029,5910,referencia_humana_v3_no_ciega,no,evaluacion_descriptiva_no_independiente
RPM-2008-03-13:1718:6,humana_v2,gold_humano_306,data/evaluacion/tfidf_gold_v1/comparacion_gold.csv,data/auditoria/revision_humana_v3/revision.csv,neutral,1,neutral,1,neutral,1,compatible,alta,"sería conveniente en el futuro hacer un seguimiento a las emisiones de bonos, porque hay bastante escasez de emisiones de bonos que no sean financieras","R4/R8. Revisión de la unidad completa: contiene contexto evaluable, pero no adopta, recomienda ni respalda una dirección monetaria doméstica propia; N.",revisado,2c2a70ff5128e4320ee2743a1f27076c7b7b4a31c39b7af074f4a6966e3c145c,644,referencia_humana_v3_no_ciega,no,evaluacion_descriptiva_no_independiente
RPM-2008-03-13:1738:1,humana_v2,gold_humano_306,data/evaluacion/tfidf_gold_v1/comparacion_gold.csv,data/auditoria/revision_humana_v3/revision.csv,neutral,1,neutral,1,neutral,1,compatible,alta,estima conveniente para el Banco Central de Chile y para la Política Monetaria no hacer mención de la intervención en esta oportunidad,"R4/R8. Revisión de la unidad completa: contiene contexto evaluable, pero no adopta, recomienda ni respalda una dirección monetaria doméstica propia; N.",revisado,0c48093155a4e9f0f730a2ad59f9a42713adeeb67513435aa77b2ef5ac3914d8,567,referencia_humana_v3_no_ciega,no,evaluacion_descriptiva_no_independiente
RPM-2008-04-10:1752:1,humana_v2,gold_humano_306,data/evaluacion/tfidf_gold_v1/comparacion_gold.csv,data/auditoria/revision_humana_v3/revision.csv,neutral,1,neutral,1,neutral,1,compatible,alta,es un indicador que agrupa varias líneas de ventas industriales del índice de ventas de bienes de consumo del INE,"R4/R8. Revisión de la unidad completa: contiene contexto evaluable, pero no adopta, recomienda ni respalda una dirección monetaria doméstica propia; N.",revisado,c89f5fc71ba71afa662f52d85d1b11679b810e0da63ab950ab7ddda335834b3a,434,referencia_humana_v3_no_ciega,no,evaluacion_descriptiva_no_independiente
RPM-2008-04-10:1767:1,humana_v2,gold_humano_306,data/evaluacion/tfidf_gold_v1/comparacion_gold.csv,data/auditoria/revision_humana_v3/revision.csv,neutral,1,neutral,1,neutral,1,compatible,alta,el año 1999 fue un año de inflación bastante baja y el hecho de ajustar el precio relativo al nivel del de ese año es algo bastante extremo,"R4/R8. Revisión de la unidad completa: contiene contexto evaluable, pero no adopta, recomienda ni respalda una dirección monetaria doméstica propia; N.",revisado,2bf2bc3ff235f2486b7a89a14ca3e75db88ff70b3a69922e8dbfba5df3fd6df1,202,referencia_humana_v3_no_ciega,no,evaluacion_descriptiva_no_independiente
RPM-2008-04-10:1776:1,humana_v2,gold_humano_306,data/evaluacion/tfidf_gold_v1/comparacion_gold.csv,data/auditoria/revision_humana_v3/revision.csv,neutral,1,neutral,1,neutral,1,compatible,alta,"Finalmente, el señor Gerente de Investigación Económica señala que en congruencia con lo anterior, reitera literalmente su recomendación presentada al Consejo hace un mes, en el sentido de mantener la Tasa de Política Monetaria, sin imponer sesgo alguno.","R4/R8. Revisión de la unidad completa: contiene contexto evaluable, pero no adopta, recomienda ni respalda una dirección monetaria doméstica propia; N.",revisado,22af8c2dc49b83540ec56db0d0c05119568d9165cfad8da7cc4243275cb4c795,6186,referencia_humana_v3_no_ciega,no,evaluacion_descriptiva_no_independiente
RPM-2008-06-10:1881:1,humana_v2,gold_humano_306,data/evaluacion/tfidf_gold_v1/comparacion_gold.csv,data/auditoria/revision_humana_v3/revision.csv,neutral,1,neutral,1,neutral,1,compatible,alta,los salarios no están reflejando efectos de segunda vuelta como es habitual,"R4/R8. Revisión de la unidad completa: contiene contexto evaluable, pero no adopta, recomienda ni respalda una dirección monetaria doméstica propia; N.",revisado,1c0c17ea95ae95cb790466eaf36be790ce250f9bf354f93645abbda3bd19a7c1,177,referencia_humana_v3_no_ciega,no,evaluacion_descriptiva_no_independiente
RPM-2008-06-10:1884:1,humana_v2,gold_humano_306,data/evaluacion/tfidf_gold_v1/comparacion_gold.csv,data/auditoria/revision_humana_v3/revision.csv,neutral,1,neutral,1,neutral,1,compatible,alta,debe tenerse cuidado con la interpretación precisa de cuánto pueden estar impactando en la inflación,"R4/R8. Revisión de la unidad completa: contiene contexto evaluable, pero no adopta, recomienda ni respalda una dirección monetaria doméstica propia; N.",revisado,32b40e62f1f627f75cb43f0ee94d64c40c267b5e0e6e852a5ca23ef6a2003dc2,1071,referencia_humana_v3_no_ciega,no,evaluacion_descriptiva_no_independiente
RPM-2008-06-10:1891:1,humana_v2,gold_humano_306,data/evaluacion/tfidf_gold_v1/comparacion_gold.csv,data/auditoria/revision_humana_v3/revision.csv,neutral,1,neutral,1,neutral,1,compatible,alta,"El Consejero señor Enrique Marshall manifiesta que ha habido un alza en alimentos que pareciera ser bastante generalizada e indica que desconoce si esa situación o lo que se observa también en otros países, demuestre con claridad que han subido los granos y el arroz.","R4/R8. Revisión de la unidad completa: contiene contexto evaluable, pero no adopta, recomienda ni respalda una dirección monetaria doméstica propia; N.",revisado,6bf33262ef526210a9c02f0f61f22152ec7ea30223a111d2e7828e4e2582ab96,779,referencia_humana_v3_no_ciega,no,evaluacion_descriptiva_no_independiente
RPM-2008-06-10:1912:1,humana_v2,gold_humano_306,data/evaluacion/tfidf_gold_v1/comparacion_gold.csv,data/auditoria/revision_humana_v3/revision.csv,hawkish,1,hawkish,1,hawkish,1,compatible,alta,"el Consejo del Banco Central de Chile, acordó aumentar la tasa de interés de Política Monetaria en 50 puntos base, hasta 6,75% anual","R1/R5. La unidad completa respalda endurecimiento monetario doméstico mediante una acción o trayectoria al alza explícita; H sin depender del menú, nivel o fase.",revisado,4cf2b61168f39cb1f25bb0eea6228b940d5020f12f803b58dc524827646a7f88,2280,referencia_humana_v3_no_ciega,no,evaluacion_descriptiva_no_independiente
RPM-2008-07-10:1923:5,humana_v2,gold_humano_306,data/evaluacion/tfidf_gold_v1/comparacion_gold.csv,data/auditoria/revision_humana_v3/revision.csv,neutral,1,neutral,1,neutral,1,compatible,alta,"estos valores son spot, 9 de junio y 9 de julio","R4/R8. Revisión de la unidad completa: contiene contexto evaluable, pero no adopta, recomienda ni respalda una dirección monetaria doméstica propia; N.",revisado,a1827a3575446accd59a67c7edd11304dad0ef3d1632657810119d9f863d6f53,88,referencia_humana_v3_no_ciega,no,evaluacion_descriptiva_no_independiente
RPM-2008-07-10:1930:1,humana_v2,gold_humano_306,data/evaluacion/tfidf_gold_v1/comparacion_gold.csv,data/auditoria/revision_humana_v3/revision.csv,neutral,0,neutral,0,neutral,0,compatible,alta,,R3. Formalidad o logística sin contenido monetario doméstico sustantivo; N con relevancia 0.,revisado,93dc8c5015e67d8ea82c5595e0e31082b9bce96d12ce5b22eed03bac89e1de7b,74,referencia_humana_v3_no_ciega,no,evaluacion_descriptiva_no_independiente
RPM-2008-07-10:1946:2,humana_v2,gold_humano_306,data/evaluacion/tfidf_gold_v1/comparacion_gold.csv,data/auditoria/revision_humana_v3/revision.csv,neutral,1,neutral,1,neutral,1,compatible,alta,habría que formular una hipótesis de por qué el empleo total sigue creciendo tanto a tasas relativamente más altas que el PIB,"R4/R8. Revisión de la unidad completa: contiene contexto evaluable, pero no adopta, recomienda ni respalda una dirección monetaria doméstica propia; N.",revisado,375a3b9e10b40015d18056c44344a98f3bc1b0cf744c63fab0c52ccc29934b74,417,referencia_humana_v3_no_ciega,no,evaluacion_descriptiva_no_independiente
RPM-2008-07-10:1947:1,humana_v2,gold_humano_306,data/evaluacion/tfidf_gold_v1/comparacion_gold.csv,data/auditoria/revision_humana_v3/revision.csv,neutral,1,neutral,1,neutral,1,compatible,alta,"hay algunas situaciones dentro de la proyección, que han sorprendido al alza y que es aquella parte que se podría considerar de segunda vuelta","R4/R8. Revisión de la unidad completa: contiene contexto evaluable, pero no adopta, recomienda ni respalda una dirección monetaria doméstica propia; N.",revisado,71e9015ad5450043f8ffd4d37db4eb0e6160a77b86bf2fbb168286a8bc1fb8b1,337,referencia_humana_v3_no_ciega,no,evaluacion_descriptiva_no_independiente
RPM-2008-07-10:1965:1,humana_v2,gold_humano_306,data/evaluacion/tfidf_gold_v1/comparacion_gold.csv,data/auditoria/revision_humana_v3/revision.csv,hawkish,1,hawkish,1,hawkish,1,compatible,alta,se considera que las opciones más plausibles para esta Reunión son aumentar la Tasa de Política Monetaria en 50 o en 75 puntos base,"R1/R5. La unidad completa respalda endurecimiento monetario doméstico mediante una acción o trayectoria al alza explícita; H sin depender del menú, nivel o fase.",revisado,f59fd17742397342e64a7e421d6cf1496bdd8c009852486e7c9f76ef2f8af11b,8199,referencia_humana_v3_no_ciega,no,evaluacion_descriptiva_no_independiente
RPM-2008-07-10:1971:1,humana_v2,gold_humano_306,data/evaluacion/tfidf_gold_v1/comparacion_gold.csv,data/auditoria/revision_humana_v3/revision.csv,hawkish,1,hawkish,1,hawkish,1,compatible,alta,"Sin embargo, indica el Consejero señor Marshall que el riesgo de una intensificación de estos efectos de segunda vuelta ha aumentado debido a la sucesión de alzas a lo largo del tiempo y al nivel ya alcanzado por la inflación.","R1/R5. La unidad completa respalda endurecimiento monetario doméstico mediante una acción o trayectoria al alza explícita; H sin depender del menú, nivel o fase.",revisado,b9c1cd1a8c5f3f5d9590ccfa3c7c519cb91a737ba32ca961f01af8ea88d59b56,6930,referencia_humana_v3_no_ciega,no,evaluacion_descriptiva_no_independiente
RPM-2008-08-14:2012:1,humana_v2,gold_humano_306,data/evaluacion/tfidf_gold_v1/comparacion_gold.csv,data/auditoria/revision_humana_v3/revision.csv,neutral,1,neutral,1,neutral,1,compatible,alta,en el efecto cambiario se observa la diferencia existente entre los sectores importadores y aquéllos sustituidores dentro de la industria,"R4/R8. Revisión de la unidad completa: contiene contexto evaluable, pero no adopta, recomienda ni respalda una dirección monetaria doméstica propia; N.",revisado,71c340b2be50ad93fcf9f93ef3eee19e9896160b09488ca30999266bcaab3846,184,referencia_humana_v3_no_ciega,no,evaluacion_descriptiva_no_independiente
RPM-2008-09-04:2061:1,humana_v2,gold_humano_306,data/evaluacion/tfidf_gold_v1/comparacion_gold.csv,data/auditoria/revision_humana_v3/revision.csv,neutral,1,neutral,1,neutral,1,compatible,alta,"si sube el precio del pan, que tiene una elasticidad de precio bastante baja, la recaudación del IVA nominal sube bastante","R4/R8. Revisión de la unidad completa: contiene contexto evaluable, pero no adopta, recomienda ni respalda una dirección monetaria doméstica propia; N.",revisado,042d3419625d1620d4103ad59cfa7bfe0a36a0c74078ea571a3bb75756477b51,349,referencia_humana_v3_no_ciega,no,evaluacion_descriptiva_no_independiente
RPM-2008-09-04:2085:3,humana_v2,gold_humano_306,data/evaluacion/tfidf_gold_v1/comparacion_gold.csv,data/auditoria/revision_humana_v3/revision.csv,neutral,0,neutral,0,neutral,0,compatible,alta,,R3. Formalidad o logística sin contenido monetario doméstico sustantivo; N con relevancia 0.,revisado,c71ed588c9874b01702c3eb829686a1acc1fc8ae2c2572093457d5a3a967e34e,298,referencia_humana_v3_no_ciega,no,evaluacion_descriptiva_no_independiente
RPM-2008-09-04:2092:1,humana_v2,gold_humano_306,data/evaluacion/tfidf_gold_v1/comparacion_gold.csv,data/auditoria/revision_humana_v3/revision.csv,hawkish,1,hawkish,1,hawkish,1,compatible,alta,"el Consejero señor Sebastián Claro expresa que vota por subir la Tasa de Política Monetaria en 50 puntos base, en el marco de un mensaje claro y nítido sobre la trayectoria futura de la política monetaria","R1/R5. La unidad completa respalda endurecimiento monetario doméstico mediante una acción o trayectoria al alza explícita; H sin depender del menú, nivel o fase.",revisado,07135064596927ff7ab6a34cb1a9487cca0216fa19ce3c1c0a31c42dfacf7535,6475,referencia_humana_v3_no_ciega,no,evaluacion_descriptiva_no_independiente
RPM-2008-09-04:2096:1,humana_v2,gold_humano_306,data/evaluacion/tfidf_gold_v1/comparacion_gold.csv,data/auditoria/revision_humana_v3/revision.csv,hawkish,1,hawkish,1,hawkish,1,compatible,alta,"Le parece que la evolución de la economía mundial, con una desaceleración en el mundo desarrollado, es consistente con un escenario de mayor debilidad de los precios de materias primas, lo que al menos permite descartar, con alta probabilidad, alzas significativas.","R1/R5. La unidad completa respalda endurecimiento monetario doméstico mediante una acción o trayectoria al alza explícita; H sin depender del menú, nivel o fase.",revisado,5426b7817481cafd6caa818c16d5bce787d9ffbd8df8ec7213acf758576cc3a9,3497,referencia_humana_v3_no_ciega,no,evaluacion_descriptiva_no_independiente
RPM-2008-10-09:2107:3,humana_v2,gold_humano_306,data/evaluacion/tfidf_gold_v1/comparacion_gold.csv,data/auditoria/revision_humana_v3/revision.csv,neutral,1,neutral,1,neutral,1,compatible,alta,"otros bancos también recortan tasas de referencia, en particular en economías desarrolladas","R4/R8. Revisión de la unidad completa: contiene contexto evaluable, pero no adopta, recomienda ni respalda una dirección monetaria doméstica propia; N.",revisado,20d8ea4de45561023918ba60663c5adeab2eb481e9bd6646ccf70717c3b595dc,1452,referencia_humana_v3_no_ciega,no,evaluacion_descriptiva_no_independiente
RPM-2008-10-09:2112:2,humana_v2,gold_humano_306,data/evaluacion/tfidf_gold_v1/comparacion_gold.csv,data/auditoria/revision_humana_v3/revision.csv,neutral,1,neutral,1,neutral,1,compatible,alta,"Comenta que al respecto se hizo una estimación en que el impacto es un punto menos de crecimiento en las economías desarrolladas y menos de un punto negativo en economías emergentes, considerando la caída de precios de los commodities que es bastante abrupta, en lo más reciente.","R4/R8. Revisión de la unidad completa: contiene contexto evaluable, pero no adopta, recomienda ni respalda una dirección monetaria doméstica propia; N.",revisado,69570b1f0f5f0501d9e9bd5bc388799c57a2b9df6f7e229efaa34f2cb6030aa8,988,referencia_humana_v3_no_ciega,no,evaluacion_descriptiva_no_independiente
RPM-2008-11-13:2151:1,humana_v2,gold_humano_306,data/evaluacion/tfidf_gold_v1/comparacion_gold.csv,data/auditoria/revision_humana_v3/revision.csv,neutral,1,neutral,1,neutral,1,compatible,alta,el factoring constituye alrededor de un 1% de las colocaciones comerciales y no cree que ello pueda producir algún efecto importante,"R4/R8. Revisión de la unidad completa: contiene contexto evaluable, pero no adopta, recomienda ni respalda una dirección monetaria doméstica propia; N.",revisado,baddba496845619e0f6ebcfa1a06315007ed39d074df86d0938fde1c1aec7dd7,489,referencia_humana_v3_no_ciega,no,evaluacion_descriptiva_no_independiente
RPM-2008-11-13:2166:2,humana_v2,gold_humano_306,data/evaluacion/tfidf_gold_v1/comparacion_gold.csv,data/auditoria/revision_humana_v3/revision.csv,hawkish,1,hawkish,1,hawkish,1,compatible,alta,"su voto es por mantener la Tasa de Política Monetaria en su nivel actual, manteniendo el sesgo neutral en el Comunicado","R1/R5. La unidad completa respalda endurecimiento monetario doméstico mediante una acción o trayectoria al alza explícita; H sin depender del menú, nivel o fase.",revisado,0f49f973a304a72b94956c15bb1feaeaa94c2d64307f29a548d99cf4e60f4bcf,7297,referencia_humana_v3_no_ciega,no,evaluacion_descriptiva_no_independiente
RPM-2008-12-11:2199:1,humana_v2,gold_humano_306,data/evaluacion/tfidf_gold_v1/comparacion_gold.csv,data/auditoria/revision_humana_v3/revision.csv,neutral,1,neutral,1,neutral,1,compatible,alta,"que quiere destacar el Consejero señor Claro, es que cuando se observan estas caídas pronunciadas en la Tasa de Política Monetaria en muchos países, del orden de 100 ó 200 puntos base, 150 ó 75 puntos base o lo que corresponda, existe alguna relación entre el tamaño de estas caídas y lo","R4/R8. Revisión de la unidad completa: contiene contexto evaluable, pero no adopta, recomienda ni respalda una dirección monetaria doméstica propia; N.",revisado,1a7e0818fcaab0b7d4d905f2464f5793f9b5ff07e57f51c14780bbc6b002ae6a,2338,referencia_humana_v3_no_ciega,no,evaluacion_descriptiva_no_independiente
RPM-2008-12-11:2241:1,humana_v2,gold_humano_306,data/evaluacion/tfidf_gold_v1/comparacion_gold.csv,data/auditoria/revision_humana_v3/revision.csv,dovish,1,dovish,1,dovish,1,compatible,alta,el Gerente de División Operaciones Financieras señor Beltrán De Ramón recomienda al Consejo reducir la Tasa de Política Monetaria en 25 puntos base en el día de hoy,"R1/R5. La unidad completa respalda expansión monetaria doméstica mediante una acción o trayectoria a la baja explícita; D sin depender del menú, nivel o fase.",revisado,15aa57dce688a6c12ee4f33daa39059c981747c943b619d1900a929b3d820fa5,2686,referencia_humana_v3_no_ciega,no,evaluacion_descriptiva_no_independiente
RPM-2008-12-11:2243:1,humana_v2,gold_humano_306,data/evaluacion/tfidf_gold_v1/comparacion_gold.csv,data/auditoria/revision_humana_v3/revision.csv,dovish,1,dovish,1,dovish,1,compatible,alta,"por todo lo anterior, sugiere una rebaja de tasas en esta Reunión","R1/R5. La unidad completa respalda expansión monetaria doméstica mediante una acción o trayectoria a la baja explícita; D sin depender del menú, nivel o fase.",revisado,0d5a90cd3798287fb59940ecb244af7f092f2841f1fe025a293d0a5e8601adfb,7623,referencia_humana_v3_no_ciega,no,evaluacion_descriptiva_no_independiente
RPM-2008-12-11:2254:1,humana_v2,gold_humano_306,data/evaluacion/tfidf_gold_v1/comparacion_gold.csv,data/auditoria/revision_humana_v3/revision.csv,neutral,1,neutral,1,dovish,1,cambio_etiqueta,alta,"El Consejo estima que, en el escenario más probable, se iniciará un proceso de relajamiento monetario, cuyo ritmo dependerá de las perspectivas para la inflación.",R5/R6. El comunicado institucional adopta explícitamente que se iniciará un proceso de relajamiento monetario: D; las unidades institucionales sí cuentan.,revisado,6e1fa93499875cf2012c3e88a6b29224cc25d2080a4daa2276def787d07a7232,1756,referencia_humana_v3_no_ciega,no,evaluacion_descriptiva_no_independiente
RPM-2009-01-08:2258:2,humana_v2,gold_humano_306,data/evaluacion/tfidf_gold_v1/comparacion_gold.csv,data/auditoria/revision_humana_v3/revision.csv,neutral,1,neutral,1,neutral,1,compatible,alta,"la tasa sigue en niveles históricamente bajos en torno a 2,5%, marginalmente cayendo durante los últimos días","R4/R8. Revisión de la unidad completa: contiene contexto evaluable, pero no adopta, recomienda ni respalda una dirección monetaria doméstica propia; N.",revisado,3ad696591941c64185aa87d4d8b1dc8211fb70b5f2d1b9f3899a3f8687431b7d,1277,referencia_humana_v3_no_ciega,no,evaluacion_descriptiva_no_independiente
RPM-2009-01-08:2281:1,humana_v2,gold_humano_306,data/evaluacion/tfidf_gold_v1/comparacion_gold.csv,data/auditoria/revision_humana_v3/revision.csv,neutral,1,neutral,1,neutral,1,compatible,alta,"los alimentos del XI han subido, pero en términos de nivel siguen estando debajo de la época en que se observó la mayor inflación","R4/R8. Revisión de la unidad completa: contiene contexto evaluable, pero no adopta, recomienda ni respalda una dirección monetaria doméstica propia; N.",revisado,964fd973eefdbd1b74ec85416f15806c02b77013f00f912c354686c868061e35,566,referencia_humana_v3_no_ciega,no,evaluacion_descriptiva_no_independiente
RPM-2009-01-08:2293:1,humana_v2,gold_humano_306,data/evaluacion/tfidf_gold_v1/comparacion_gold.csv,data/auditoria/revision_humana_v3/revision.csv,neutral,0,neutral,0,neutral,0,compatible,alta,,R3. Formalidad o logística sin contenido monetario doméstico sustantivo; N con relevancia 0.,revisado,9bd7b7b874782e73a6d14a1792ff69d99a3f57082cd51a6e295271dae4c6fa09,75,referencia_humana_v3_no_ciega,no,evaluacion_descriptiva_no_independiente
RPM-2009-01-08:2293:2,humana_v2,gold_humano_306,data/evaluacion/tfidf_gold_v1/comparacion_gold.csv,data/auditoria/revision_humana_v3/revision.csv,dovish,1,dovish,1,dovish,1,compatible,alta,el Consejero señor Sebastián Claro expresa que su voto es por bajar la Tasa de Política Monetaria en 100 puntos base,"R1/R5. La unidad completa respalda expansión monetaria doméstica mediante una acción o trayectoria a la baja explícita; D sin depender del menú, nivel o fase.",revisado,8fe215c0fc5da8effd69142614e2ecc5ca4d1ec84be69542b6fae7612ef34e49,6010,referencia_humana_v3_no_ciega,no,evaluacion_descriptiva_no_independiente
RPM-2009-01-08:2295:1,humana_v2,gold_humano_306,data/evaluacion/tfidf_gold_v1/comparacion_gold.csv,data/auditoria/revision_humana_v3/revision.csv,dovish,1,dovish,1,dovish,1,compatible,alta,"el Consejero señor Manuel Marfán vota por reducir la Tasa de Política Monetaria en 100 puntos base, introduciendo un sesgo a la baja en el Comunicado","R1/R5. La unidad completa respalda expansión monetaria doméstica mediante una acción o trayectoria a la baja explícita; D sin depender del menú, nivel o fase.",revisado,11a616e1c5c31d909210081bce5af61df1289d7c246f86e80e18fd46f939fa96,6386,referencia_humana_v3_no_ciega,no,evaluacion_descriptiva_no_independiente
RPM-2009-01-08:2296:1,humana_v2,gold_humano_306,data/evaluacion/tfidf_gold_v1/comparacion_gold.csv,data/auditoria/revision_humana_v3/revision.csv,dovish,1,dovish,1,dovish,1,compatible,alta,"Indica, que la elaboración del Informe de Política Monetaria de enero brinda una oportunidad ideal para confirmar el diagnóstico de nuestra Actualización de Proyecciones de noviembre pasado, la que anticipaba el pronto inicio de un ciclo de relajamiento monetario.","R1/R5. La unidad completa respalda expansión monetaria doméstica mediante una acción o trayectoria a la baja explícita; D sin depender del menú, nivel o fase.",revisado,f0528ba9681f34b0b18dcb2ccc4b8c92c16e3b3a892ccc8a38af5e69d7bf731a,4452,referencia_humana_v3_no_ciega,no,evaluacion_descriptiva_no_independiente
RPM-2009-01-08:2297:1,humana_v2,gold_humano_306,data/evaluacion/tfidf_gold_v1/comparacion_gold.csv,data/auditoria/revision_humana_v3/revision.csv,dovish,1,dovish,1,dovish,1,compatible,alta,"el Vicepresidente señor Jorge Desormeaux señala que vota en consecuencia por una reducción de 100 puntos base de la Tasa de Política Monetaria, a 7,25% anual","R1/R5. La unidad completa respalda expansión monetaria doméstica mediante una acción o trayectoria a la baja explícita; D sin depender del menú, nivel o fase.",revisado,6598cc66fe4519a0785d8d0f30c518c86e97bd1931039c01c8ea299a522c278b,480,referencia_humana_v3_no_ciega,no,evaluacion_descriptiva_no_independiente
RPM-2009-02-12:2318:1,humana_v2,gold_humano_306,data/evaluacion/tfidf_gold_v1/comparacion_gold.csv,data/auditoria/revision_humana_v3/revision.csv,neutral,1,neutral,1,neutral,1,compatible,alta,"El señor Sergio Lehmann responde que se sumó a la proyección de déficit fiscal de Estados Unidos de América el monto correspondiente al plan citado, por lo que ello comprende básicamente las estimaciones de la Oficina del Congreso de ese país del orden de un 11%, a lo que si se suma el total","R4/R8. Revisión de la unidad completa: contiene contexto evaluable, pero no adopta, recomienda ni respalda una dirección monetaria doméstica propia; N.",revisado,0604ed760e8fef8ad60febe4d8c9703c60ed022f5ed8cd086de2deda93a29bbd,395,referencia_humana_v3_no_ciega,no,evaluacion_descriptiva_no_independiente
RPM-2009-02-12:2333:1,humana_v2,gold_humano_306,data/evaluacion/tfidf_gold_v1/comparacion_gold.csv,data/auditoria/revision_humana_v3/revision.csv,neutral,1,neutral,1,neutral,1,compatible,alta,"la economía chilena no constituye una excepción en lo que se refiere al deterioro de la actividad, de las condiciones crediticias más estrechas y de la disminución de la inflación","R4/R8. Revisión de la unidad completa: contiene contexto evaluable, pero no adopta, recomienda ni respalda una dirección monetaria doméstica propia; N.",revisado,5f58432152f96485849c0a033fd2aa84af4bf348a64d8707b2e84bb20e509e09,4154,referencia_humana_v3_no_ciega,no,evaluacion_descriptiva_no_independiente
RPM-2009-03-12:2407:1,humana_v2,gold_humano_306,data/evaluacion/tfidf_gold_v1/comparacion_gold.csv,data/auditoria/revision_humana_v3/revision.csv,neutral,1,neutral,1,neutral,1,compatible,alta,"cuando los inventarios se están ajustando hacia abajo y después dejan de hacerlo, la tasa de crecimiento aumenta","R4/R8. Revisión de la unidad completa: contiene contexto evaluable, pero no adopta, recomienda ni respalda una dirección monetaria doméstica propia; N.",revisado,c371d519ab744606dc1c6e84f967299788eda3d2589b77b0787ac5fe5e04cc3f,430,referencia_humana_v3_no_ciega,no,evaluacion_descriptiva_no_independiente
RPM-2009-04-09:2445:4,humana_v2,gold_humano_306,data/evaluacion/tfidf_gold_v1/comparacion_gold.csv,data/auditoria/revision_humana_v3/revision.csv,neutral,1,neutral,1,neutral,1,compatible,alta,los bancos de inversión y los analistas están previendo un escenario deflacionario durante todo el año,"R4/R8. Revisión de la unidad completa: contiene contexto evaluable, pero no adopta, recomienda ni respalda una dirección monetaria doméstica propia; N.",revisado,34451706a91d8f53c644a85846e9374e55fa2d968ddd791778d292738ddf7448,1213,referencia_humana_v3_no_ciega,no,evaluacion_descriptiva_no_independiente
RPM-2009-04-09:2447:5,humana_v2,gold_humano_306,data/evaluacion/tfidf_gold_v1/comparacion_gold.csv,data/auditoria/revision_humana_v3/revision.csv,neutral,1,neutral,1,neutral,1,compatible,alta,el temor es bajar mucho y que ello desate una corrida contra la moneda de uno,"R4/R8. Revisión de la unidad completa: contiene contexto evaluable, pero no adopta, recomienda ni respalda una dirección monetaria doméstica propia; N.",revisado,611a4573e16e0e9bccdf22fa4e69be7ac28a512a1d5716d2a859c5caaf49c01a,203,referencia_humana_v3_no_ciega,no,evaluacion_descriptiva_no_independiente
RPM-2009-04-09:2455:2,humana_v2,gold_humano_306,data/evaluacion/tfidf_gold_v1/comparacion_gold.csv,data/auditoria/revision_humana_v3/revision.csv,neutral,1,neutral,1,neutral,1,compatible,alta,los stocks de cobre subieron muy fuertemente después de la crisis y que ahora han tendido más bien a caer,"R4/R8. Revisión de la unidad completa: contiene contexto evaluable, pero no adopta, recomienda ni respalda una dirección monetaria doméstica propia; N.",revisado,f148c3fc56741357330e8d553aee130aec3d7abfec045a02427bbe8f2ad8cb3f,373,referencia_humana_v3_no_ciega,no,evaluacion_descriptiva_no_independiente
RPM-2009-04-09:2471:1,humana_v2,gold_humano_306,data/evaluacion/tfidf_gold_v1/comparacion_gold.csv,data/auditoria/revision_humana_v3/revision.csv,neutral,1,neutral,1,neutral,1,compatible,alta,"Hay un rebote el segundo trimestre de este año, en parte justamente porque el tema de confianza se empieza a resolver, lo que se ve en la demanda interna, donde el panorama para el segundo trimestre claramente es de recuperación","R4/R8. Revisión de la unidad completa: contiene contexto evaluable, pero no adopta, recomienda ni respalda una dirección monetaria doméstica propia; N.",revisado,d49aeeb718eaad73c4be2720114d134b57226076346985ff885d50b4888a8bf8,682,referencia_humana_v3_no_ciega,no,evaluacion_descriptiva_no_independiente
RPM-2009-04-09:2478:3,humana_v2,gold_humano_306,data/evaluacion/tfidf_gold_v1/comparacion_gold.csv,data/auditoria/revision_humana_v3/revision.csv,neutral,1,neutral,1,neutral,1,compatible,alta,Indica que la inflación era bastante mayor que la que tenemos hoy día.,"R4/R8. Revisión de la unidad completa: contiene contexto evaluable, pero no adopta, recomienda ni respalda una dirección monetaria doméstica propia; N.",revisado,0fabe7b31e0f620551c049e170881634b224d279d0684f79ef91a23071016789,2611,referencia_humana_v3_no_ciega,no,evaluacion_descriptiva_no_independiente
RPM-2009-04-09:2490:2,humana_v2,gold_humano_306,data/evaluacion/tfidf_gold_v1/comparacion_gold.csv,data/auditoria/revision_humana_v3/revision.csv,dovish,1,dovish,1,dovish,1,compatible,alta,"se adopte en esta reunión llevará a expectativas de movimientos más acotados en el futuro, por lo que una reducción de 25 puntos base puede señalizar que ha concluido el proceso de relajamiento monetario, lo que parece incongruente con el actual escenario de holguras de capacidad.","R1/R5. La unidad completa respalda expansión monetaria doméstica mediante una acción o trayectoria a la baja explícita; D sin depender del menú, nivel o fase.",revisado,31b13deaf71b2ad4bbb745f0725b098cd4386a7dac0716a2c57fe299727dcb3a,5122,referencia_humana_v3_no_ciega,no,evaluacion_descriptiva_no_independiente
RPM-2009-05-07:2509:1,humana_v2,gold_humano_306,data/evaluacion/tfidf_gold_v1/comparacion_gold.csv,data/auditoria/revision_humana_v3/revision.csv,neutral,1,neutral,1,neutral,1,compatible,alta,"con respecto a las tasas de largo plazo, se observan movimientos hacia el alza, particularmente en el caso de Estados Unidos","R4/R8. Revisión de la unidad completa: contiene contexto evaluable, pero no adopta, recomienda ni respalda una dirección monetaria doméstica propia; N.",revisado,098881be6736911ebc5bc97c864c6aef691baf18ad09d7e897e75760349351bc,1326,referencia_humana_v3_no_ciega,no,evaluacion_descriptiva_no_independiente
RPM-2009-05-07:2537:1,humana_v2,gold_humano_306,data/evaluacion/tfidf_gold_v1/comparacion_gold.csv,data/auditoria/revision_humana_v3/revision.csv,neutral,1,neutral,1,neutral,1,compatible,alta,"esa baja a 2% en el IPCX1, es en parte por el ciclo, pero también porque dejaron de ocurrir shocks al alza","R4/R8. Revisión de la unidad completa: contiene contexto evaluable, pero no adopta, recomienda ni respalda una dirección monetaria doméstica propia; N.",revisado,44fc1392ab5de63d0e42254c100342c9353746c7a610e39770521879b5e21bcb,258,referencia_humana_v3_no_ciega,no,evaluacion_descriptiva_no_independiente
RPM-2009-05-07:2544:1,humana_v2,gold_humano_306,data/evaluacion/tfidf_gold_v1/comparacion_gold.csv,data/auditoria/revision_humana_v3/revision.csv,dovish,1,dovish,1,dovish,1,compatible,alta,el Consejero señor Sebastián Claro vota por reducir la TPM en 50 puntos base,"R1/R5. La unidad completa respalda expansión monetaria doméstica mediante una acción o trayectoria a la baja explícita; D sin depender del menú, nivel o fase.",revisado,57c56f9a5bd84d6845e70c81bd578e1b1c187a3c8934c4155eea33660fea3ffd,5905,referencia_humana_v3_no_ciega,no,evaluacion_descriptiva_no_independiente
RPM-2009-06-16:2566:3,humana_v2,gold_humano_306,data/evaluacion/tfidf_gold_v1/comparacion_gold.csv,data/auditoria/revision_humana_v3/revision.csv,neutral,1,neutral,1,neutral,1,compatible,alta,estas expectativas de inflación son recogidas por la encuesta que realiza la Universidad de Michigan y no corresponden a la compensación inflacionaria,"R4/R8. Revisión de la unidad completa: contiene contexto evaluable, pero no adopta, recomienda ni respalda una dirección monetaria doméstica propia; N.",revisado,0a3e5620a559e46036d24043f33e222800a6a7d7fc4b8c2637b58c1853376306,639,referencia_humana_v3_no_ciega,no,evaluacion_descriptiva_no_independiente
RPM-2009-06-16:2575:1,humana_v2,gold_humano_306,data/evaluacion/tfidf_gold_v1/comparacion_gold.csv,data/auditoria/revision_humana_v3/revision.csv,neutral,1,neutral,1,neutral,1,compatible,alta,"Respecto de los agregados monetarios, el Gerente de Análisis Macroeconómico, muestra que, tal como se observaba en la Reunión de Política Monetaria pasada, la tasa de crecimiento del M1 ha tendido a aumentar en contraposición con lo que sucede con la de agregados menos líquidos.","R4/R8. Revisión de la unidad completa: contiene contexto evaluable, pero no adopta, recomienda ni respalda una dirección monetaria doméstica propia; N.",revisado,2af11402f23bdc58a7cb29bb9760189faa656e74d13c7be00427ee9712403917,977,referencia_humana_v3_no_ciega,no,evaluacion_descriptiva_no_independiente
RPM-2009-07-09:2607:1,humana_v2,gold_humano_306,data/evaluacion/tfidf_gold_v1/comparacion_gold.csv,data/auditoria/revision_humana_v3/revision.csv,neutral,1,neutral,1,neutral,1,compatible,alta,"El Ministro de Hacienda señor Andrés Velasco interviene, respondiendo que los datos muestran exactamente lo contrario.","R4/R8. Revisión de la unidad completa: contiene contexto evaluable, pero no adopta, recomienda ni respalda una dirección monetaria doméstica propia; N.",revisado,19d0823c4b9da8042c93cfe898aa3bac3e3d2f5d7c3266cc6439730b4f713cf0,568,referencia_humana_v3_no_ciega,no,evaluacion_descriptiva_no_independiente
RPM-2009-07-09:2650:1,humana_v2,gold_humano_306,data/evaluacion/tfidf_gold_v1/comparacion_gold.csv,data/auditoria/revision_humana_v3/revision.csv,dovish,1,dovish,1,dovish,1,compatible,alta,"el Consejero señor Enrique Marshall vota por bajar la TPM en 25 puntos base, para dejarla en 0,50% anual","R1/R5. La unidad completa respalda expansión monetaria doméstica mediante una acción o trayectoria a la baja explícita; D sin depender del menú, nivel o fase.",revisado,75a461abe8b465abceb111cf584236518dac38ae6991cec9895fcd0a4f2cddf7,7534,referencia_humana_v3_no_ciega,no,evaluacion_descriptiva_no_independiente
RPM-2009-08-13:2662:4,humana_v2,gold_humano_306,data/evaluacion/tfidf_gold_v1/comparacion_gold.csv,data/auditoria/revision_humana_v3/revision.csv,neutral,1,neutral,1,neutral,1,compatible,alta,la variación en 12 meses de los registros de inflación ha seguido cayendo en las principales economías mundiales,"R4/R8. Revisión de la unidad completa: contiene contexto evaluable, pero no adopta, recomienda ni respalda una dirección monetaria doméstica propia; N.",revisado,36279f381e1c9a0470b886ab9dd766cfa99a55e999f2acc9288ddd084f5c8ece,770,referencia_humana_v3_no_ciega,no,evaluacion_descriptiva_no_independiente
RPM-2009-08-13:2674:4,humana_v2,gold_humano_306,data/evaluacion/tfidf_gold_v1/comparacion_gold.csv,data/auditoria/revision_humana_v3/revision.csv,neutral,1,neutral,1,neutral,1,compatible,alta,"el señor Claudio Soto se está refiriendo al promedio de la dispersión por banco, ya que por cada uno de ellos se calcula la dispersión y el promedio","R4/R8. Revisión de la unidad completa: contiene contexto evaluable, pero no adopta, recomienda ni respalda una dirección monetaria doméstica propia; N.",revisado,74ad4dae9eb8b8ae589b066e7efdf90e1e5f2f1d82c376cd06b328a42162d3d6,386,referencia_humana_v3_no_ciega,no,evaluacion_descriptiva_no_independiente
RPM-2009-08-13:2679:2,humana_v2,gold_humano_306,data/evaluacion/tfidf_gold_v1/comparacion_gold.csv,data/auditoria/revision_humana_v3/revision.csv,neutral,1,neutral,1,neutral,1,compatible,alta,la gran mayoría de los analistas no prevé cambios en la TPM en los próximos meses y que ha aumentado la incertidumbre respecto de su trayectoria a mediano plazo,"R4/R8. Revisión de la unidad completa: contiene contexto evaluable, pero no adopta, recomienda ni respalda una dirección monetaria doméstica propia; N.",revisado,a8e78f09bd839fe70b3051ead0a0fde56e9990e1ce5a31e46da87e62fc27804a,248,referencia_humana_v3_no_ciega,no,evaluacion_descriptiva_no_independiente
RPM-2009-08-13:2682:1,humana_v2,gold_humano_306,data/evaluacion/tfidf_gold_v1/comparacion_gold.csv,data/auditoria/revision_humana_v3/revision.csv,neutral,1,neutral,1,dovish,1,cambio_etiqueta,alta,"En consecuencia, el movimiento marginal de la TPM que se deduciría de una regla de Taylor sería a la baja y de forma significativa.","R2/R5. Concluye que el movimiento marginal requerido sería una baja significativa y respalda prolongar la TPM mínima y señalizar mayor expansividad: D, aunque el piso impida otro recorte actual.",revisado,60916d90da7c0f5d6ed898def2b887219f82e7388754f5ff1e3ab4c940cb866e,5114,referencia_humana_v3_no_ciega,no,evaluacion_descriptiva_no_independiente
RPM-2009-09-08:2705:3,humana_v2,gold_humano_306,data/evaluacion/tfidf_gold_v1/comparacion_gold.csv,data/auditoria/revision_humana_v3/revision.csv,neutral,1,neutral,1,neutral,1,compatible,alta,"se ha estado depreciando respecto de la Reunión pasada, a pesar del aumento experimentado por el precio del cobre","R4/R8. Revisión de la unidad completa: contiene contexto evaluable, pero no adopta, recomienda ni respalda una dirección monetaria doméstica propia; N.",revisado,50fb997dffcec62c9d0c0023689af095af75701c090f27951a5513b3781301f6,664,referencia_humana_v3_no_ciega,no,evaluacion_descriptiva_no_independiente
RPM-2009-09-08:2708:1,humana_v2,gold_humano_306,data/evaluacion/tfidf_gold_v1/comparacion_gold.csv,data/auditoria/revision_humana_v3/revision.csv,dovish,1,dovish,1,dovish,1,compatible,alta,"vota por mantener la TPM en su actual nivel de 0,50% y, junto con ello, por no innovar en materia de acciones complementarias","R1/R5. La unidad completa respalda expansión monetaria doméstica mediante una acción o trayectoria a la baja explícita; D sin depender del menú, nivel o fase.",revisado,3409f7ab29e49e35f2457500bd221ce4733b671f93647ea4420f43379cb7e6c0,6093,referencia_humana_v3_no_ciega,no,evaluacion_descriptiva_no_independiente
RPM-2009-10-13:2717:1,humana_v2,gold_humano_306,data/evaluacion/tfidf_gold_v1/comparacion_gold.csv,data/auditoria/revision_humana_v3/revision.csv,neutral,1,neutral,1,neutral,1,compatible,alta,"el crecimiento mundial se ajusta al alza para el año 2009, debido fundamentalmente a los datos del segundo trimestre de este año","R4/R8. Revisión de la unidad completa: contiene contexto evaluable, pero no adopta, recomienda ni respalda una dirección monetaria doméstica propia; N.",revisado,231ee8df1f21c6030210382dfeced2331ab112c430b5ed3f82107729b8b47a9d,2297,referencia_humana_v3_no_ciega,no,evaluacion_descriptiva_no_independiente
RPM-2009-11-12:2772:1,humana_v2,gold_humano_306,data/evaluacion/tfidf_gold_v1/comparacion_gold.csv,data/auditoria/revision_humana_v3/revision.csv,neutral,1,neutral,1,neutral,1,compatible,alta,la apreciación real debe sugerir correcciones al alza en los sectores no transables,"R4/R8. Revisión de la unidad completa: contiene contexto evaluable, pero no adopta, recomienda ni respalda una dirección monetaria doméstica propia; N.",revisado,4805ad4df2ecfb83c102fbbb235e2d8d9140d9ae0a257ac66513e3d3ceee1ecd,381,referencia_humana_v3_no_ciega,no,evaluacion_descriptiva_no_independiente
RPM-2009-12-15:2826:3,humana_v2,gold_humano_306,data/evaluacion/tfidf_gold_v1/comparacion_gold.csv,data/auditoria/revision_humana_v3/revision.csv,neutral,1,neutral,1,neutral,1,compatible,alta,Chile también presenta una inflación subyacente muy superior a la de otros países,"R4/R8. Revisión de la unidad completa: contiene contexto evaluable, pero no adopta, recomienda ni respalda una dirección monetaria doméstica propia; N.",revisado,7658e6ce0e2d33e5a80b1ec25f194fb224fe01be8a1de1cbcd7ccf030f646340,119,referencia_humana_v3_no_ciega,no,evaluacion_descriptiva_no_independiente
RPM-2009-12-15:2833:1,humana_v2,gold_humano_306,data/evaluacion/tfidf_gold_v1/comparacion_gold.csv,data/auditoria/revision_humana_v3/revision.csv,neutral,1,neutral,1,dovish,1,cambio_etiqueta,alta,"Dado que se está en el mínimo efectivo para la TPM, plantea que la forma de entregar suficiente estímulo monetario a la economía es ajustando fuertemente la estructura de tasas del mercado, reduciéndola y/o generando suficientes expectativas de inflación que reduzcan las tasas reales hoy.",R2/R7. Identifica como riesgo principal un estímulo insuficiente y respalda usar mecanismos disponibles para entregar más estímulo si cae la inflación: D.,revisado,a9b15af0d3cefd14988060770375801c582a6e9978263a7979a73e8f780a69ab,3505,referencia_humana_v3_no_ciega,no,evaluacion_descriptiva_no_independiente
RPM-2009-12-15:2838:1,humana_v2,gold_humano_306,data/evaluacion/tfidf_gold_v1/comparacion_gold.csv,data/auditoria/revision_humana_v3/revision.csv,dovish,1,dovish,1,hawkish,1,cambio_etiqueta,alta,"la decisión de hoy de mantener la tasa en su nivel actual de 50 puntos base es obvia, y que lo más relevante es el contenido del Comunicado","R5. Mantiene hoy, pero hace propia una normalización futura que comenzaría en el segundo trimestre y un retorno gradual a la normalidad: H.",revisado,11a7ec4081234b7a5f6dc253c4054f717d1ec3649965f87ff251976efcad68e9,2325,referencia_humana_v3_no_ciega,no,evaluacion_descriptiva_no_independiente
RPM-2010-01-14:2846:1,humana_v2,gold_humano_306,data/evaluacion/tfidf_gold_v1/comparacion_gold.csv,data/auditoria/revision_humana_v3/revision.csv,neutral,1,neutral,1,neutral,1,compatible,alta,"hay una serie de elementos que explicarían este aumento de tasas largas en dicho país, y no solo el anuncio del fin de las compras de los MBS","R4/R8. Revisión de la unidad completa: contiene contexto evaluable, pero no adopta, recomienda ni respalda una dirección monetaria doméstica propia; N.",revisado,e7a2605917ed225c1f70114b65995144fbee09afc47b0720071b3284290c19d3,718,referencia_humana_v3_no_ciega,no,evaluacion_descriptiva_no_independiente
RPM-2010-01-14:2848:1,humana_v2,gold_humano_306,data/evaluacion/tfidf_gold_v1/comparacion_gold.csv,data/auditoria/revision_humana_v3/revision.csv,neutral,0,neutral,0,neutral,0,compatible,alta,,R3. Formalidad o logística sin contenido monetario doméstico sustantivo; N con relevancia 0.,revisado,d95b50edce6569c93b1b1b0837e250c0bd2413ac72b8c7aa2fcae734aca58a67,139,referencia_humana_v3_no_ciega,no,evaluacion_descriptiva_no_independiente
RPM-2010-01-14:2858:1,humana_v2,gold_humano_306,data/evaluacion/tfidf_gold_v1/comparacion_gold.csv,data/auditoria/revision_humana_v3/revision.csv,neutral,1,neutral,1,neutral,1,compatible,alta,"las exportaciones mineras y agrícolas exhiben un repunte, no así las industriales, que continúan deprimidas","R4/R8. Revisión de la unidad completa: contiene contexto evaluable, pero no adopta, recomienda ni respalda una dirección monetaria doméstica propia; N.",revisado,57eee25dfb9a99ee51cf9528d27e4db7f7077249c3e02f837f442a5d6c2e586f,2789,referencia_humana_v3_no_ciega,no,evaluacion_descriptiva_no_independiente
RPM-2010-01-14:2880:1,humana_v2,gold_humano_306,data/evaluacion/tfidf_gold_v1/comparacion_gold.csv,data/auditoria/revision_humana_v3/revision.csv,neutral,1,neutral,1,neutral,1,compatible,alta,"cualquier modificación pequeña en el comunicado debería apuntar a fortalecer esa señal, de modo que se consolide esa convergencia de tasas o de trayectoria","R4/R8. Revisión de la unidad completa: contiene contexto evaluable, pero no adopta, recomienda ni respalda una dirección monetaria doméstica propia; N.",revisado,70aa225ddfcaec88468490a4946ea095baf1990d5902750142e0496c083f3719,1007,referencia_humana_v3_no_ciega,no,evaluacion_descriptiva_no_independiente
RPM-2010-02-11:2891:5,humana_v2,gold_humano_306,data/evaluacion/tfidf_gold_v1/comparacion_gold.csv,data/auditoria/revision_humana_v3/revision.csv,neutral,1,neutral,1,neutral,1,compatible,alta,"Al respecto, el Presidente, señor José De Gregorio, comenta que la probabilidad de rescate reduce el riesgo, agregando que, en su opinión, la disminución de tasas no obedeció a un aumento del apetito por riesgo, sino porque hubo menor riesgo.","R4/R8. Revisión de la unidad completa: contiene contexto evaluable, pero no adopta, recomienda ni respalda una dirección monetaria doméstica propia; N.",revisado,bcbbd3ba6717745987068ed01da2585124749a85ef771508689303e677776933,242,referencia_humana_v3_no_ciega,no,evaluacion_descriptiva_no_independiente
RPM-2010-02-11:2903:1,humana_v2,gold_humano_306,data/evaluacion/tfidf_gold_v1/comparacion_gold.csv,data/auditoria/revision_humana_v3/revision.csv,neutral,1,neutral,1,neutral,1,compatible,alta,"habría una hipótesis adicional, consistente en un cambio discreto en las expectativas de inflación que pudiera haber afectado en Chile","R4/R8. Revisión de la unidad completa: contiene contexto evaluable, pero no adopta, recomienda ni respalda una dirección monetaria doméstica propia; N.",revisado,eeec3e0e119ab2c37b8f37725949ed18966b8b3f9f9e0b89f1e6fa534efae265,412,referencia_humana_v3_no_ciega,no,evaluacion_descriptiva_no_independiente
RPM-2010-02-11:2905:2,humana_v2,gold_humano_306,data/evaluacion/tfidf_gold_v1/comparacion_gold.csv,data/auditoria/revision_humana_v3/revision.csv,neutral,1,neutral,1,neutral,1,compatible,alta,"no es que la persistencia haya cambiado o desaparecido, sino que se produjo un shock que provocó un descenso de la inflación","R4/R8. Revisión de la unidad completa: contiene contexto evaluable, pero no adopta, recomienda ni respalda una dirección monetaria doméstica propia; N.",revisado,b62bd7514d093abcd57a21e97496ed503f013ab1d891770824057218de2ad008,497,referencia_humana_v3_no_ciega,no,evaluacion_descriptiva_no_independiente
RPM-2010-03-18:2971:1,humana_v2,gold_humano_306,data/evaluacion/tfidf_gold_v1/comparacion_gold.csv,data/auditoria/revision_humana_v3/revision.csv,neutral,1,neutral,1,neutral,1,compatible,alta,"Añade que las tasas de desempleo siguen bastante planas, en general.","R4/R8. Revisión de la unidad completa: contiene contexto evaluable, pero no adopta, recomienda ni respalda una dirección monetaria doméstica propia; N.",revisado,2e9292ecbf97a61ed3e6b083833e5db32d4f42f95a5b0c0803af59e44d3a7b51,5377,referencia_humana_v3_no_ciega,no,evaluacion_descriptiva_no_independiente
RPM-2010-03-18:2981:2,humana_v2,gold_humano_306,data/evaluacion/tfidf_gold_v1/comparacion_gold.csv,data/auditoria/revision_humana_v3/revision.csv,neutral,1,neutral,1,neutral,1,compatible,alta,"el INE ha señalado que esta comparación no es válida, porque son muestras distintas, ponderadores distintos","R4/R8. Revisión de la unidad completa: contiene contexto evaluable, pero no adopta, recomienda ni respalda una dirección monetaria doméstica propia; N.",revisado,30e04ec2e396dbd7bfc2453fc54b2bd2a7a9e1c042290230d1616fe22999eb92,1089,referencia_humana_v3_no_ciega,no,evaluacion_descriptiva_no_independiente
RPM-2010-03-18:3011:3,humana_v2,gold_humano_306,data/evaluacion/tfidf_gold_v1/comparacion_gold.csv,data/auditoria/revision_humana_v3/revision.csv,neutral,1,neutral,1,neutral,1,compatible,alta,"el conjunto de antecedentes con que se cuenta en esta RPM apuntan, en su opinión, a actuar con cautela, en línea con lo sugerido en la Minuta de Opciones","R4/R8. Revisión de la unidad completa: contiene contexto evaluable, pero no adopta, recomienda ni respalda una dirección monetaria doméstica propia; N.",revisado,bb4c4ef0c96b089d07ace109028f1593fb6ba7a0c92e13db56629e7ea479ba39,3156,referencia_humana_v3_no_ciega,no,evaluacion_descriptiva_no_independiente
RPM-2010-03-18:3018:1,humana_v2,gold_humano_306,data/evaluacion/tfidf_gold_v1/comparacion_gold.csv,data/auditoria/revision_humana_v3/revision.csv,dovish,1,dovish,1,neutral,1,cambio_etiqueta,alta,"que en el frente interno, el terremoto encontró a la economía en un proceso de clara recuperación, con tasas de crecimiento incluso más altas que las anticipadas; que en ese cuadro se destacaba la vigorosa expansión de la demanda interna; y que en materia de inflación, las cifras se","R4/R6. Vota mantener ante la incertidumbre y deja cualquier ajuste futuro condicionado y sin signo: N. El nivel expansivo de 0,5% no determina D.",revisado,2dcab36278af676e7466fe703786dc4fce09e9b0a74ff2f00bb7a473ac47b64f,5049,referencia_humana_v3_no_ciega,no,evaluacion_descriptiva_no_independiente
RPM-2010-04-15:3029:2,humana_v2,gold_humano_306,data/evaluacion/tfidf_gold_v1/comparacion_gold.csv,data/auditoria/revision_humana_v3/revision.csv,neutral,1,neutral,1,neutral,1,compatible,alta,"en materia de inflación, los registros dan cuenta de ligeros aumentos en el margen en Europa emergente, América Latina y Estados Unidos","R4/R8. Revisión de la unidad completa: contiene contexto evaluable, pero no adopta, recomienda ni respalda una dirección monetaria doméstica propia; N.",revisado,ec132febc228e6d80877e6acf6c1177ef2a4bcfe23596367810cde9202e19a5f,2235,referencia_humana_v3_no_ciega,no,evaluacion_descriptiva_no_independiente
RPM-2010-04-15:3057:1,humana_v2,gold_humano_306,data/evaluacion/tfidf_gold_v1/comparacion_gold.csv,data/auditoria/revision_humana_v3/revision.csv,neutral,1,neutral,1,neutral,1,compatible,alta,"plantea que este tema es muy importante, porque si queda la percepción de que el Consejo no evaluó subir la tasa hoy, porque la inflación de marzo fue baja, y después la subió, porque la inflación de abril fue alta, entonces la sensación que queda es que el Consejo se encuentra en problemas.","R4/R8. Revisión de la unidad completa: contiene contexto evaluable, pero no adopta, recomienda ni respalda una dirección monetaria doméstica propia; N.",revisado,8761a5449359b9f7121a4720220cc0107ee6c65d3adee5f0039312167001fd34,619,referencia_humana_v3_no_ciega,no,evaluacion_descriptiva_no_independiente
RPM-2010-04-15:3067:3,humana_v2,gold_humano_306,data/evaluacion/tfidf_gold_v1/comparacion_gold.csv,data/auditoria/revision_humana_v3/revision.csv,neutral,0,neutral,0,neutral,0,compatible,alta,"el Presidente, señor José De Gregorio, da inicio a la sesión de la tarde y ofrece la palabra al Gerente de División Estudios, señor Pablo García, para que presente las Opciones de Política Monetaria",R3. Formalidad o logística sin contenido monetario doméstico sustantivo; N con relevancia 0.,revisado,cdcfa63a57676d45b28db137128fb8e3369a2519fd6a4038624025b5795d1537,248,referencia_humana_v3_no_ciega,no,evaluacion_descriptiva_no_independiente
RPM-2010-05-13:3082:1,humana_v2,gold_humano_306,data/evaluacion/tfidf_gold_v1/comparacion_gold.csv,data/auditoria/revision_humana_v3/revision.csv,neutral,1,neutral,1,neutral,1,compatible,alta,sobre la base de los CDS se puede leer cómo ha evolucionado la probabilidad de default implícita en el mercado,"R4/R8. Revisión de la unidad completa: contiene contexto evaluable, pero no adopta, recomienda ni respalda una dirección monetaria doméstica propia; N.",revisado,bb51f0b918c4b68231f437eadd3582747cb2059a7f735223e7a28d94ca74ce4d,7983,referencia_humana_v3_no_ciega,no,evaluacion_descriptiva_no_independiente
RPM-2010-05-13:3092:1,humana_v2,gold_humano_306,data/evaluacion/tfidf_gold_v1/comparacion_gold.csv,data/auditoria/revision_humana_v3/revision.csv,neutral,1,neutral,1,neutral,1,compatible,alta,"El Vicepresidente, señor Manuel Marfán, comenta el anuncio del contundente plan de ajuste fiscal en España que, entre otros, congela los reajustes de pensiones y reduce los beneficios a las mujeres que trabajan y tienen niños.","R4/R8. Revisión de la unidad completa: contiene contexto evaluable, pero no adopta, recomienda ni respalda una dirección monetaria doméstica propia; N.",revisado,459925186d6a316ba983ac97006c5d94bbce9e187d50da1a70554b30ff8a3325,1272,referencia_humana_v3_no_ciega,no,evaluacion_descriptiva_no_independiente
RPM-2010-05-13:3102:1,humana_v2,gold_humano_306,data/evaluacion/tfidf_gold_v1/comparacion_gold.csv,data/auditoria/revision_humana_v3/revision.csv,neutral,1,neutral,1,neutral,1,compatible,alta,parte del mercado espera que el Consejo acuerde un alza en la TPM de 25 puntos base en esta Reunión,"R4/R8. Revisión de la unidad completa: contiene contexto evaluable, pero no adopta, recomienda ni respalda una dirección monetaria doméstica propia; N.",revisado,82869b0c9cae134c289c2c2b6440c7a0b6e0bae136e7d386d7aa28390cf539b1,851,referencia_humana_v3_no_ciega,no,evaluacion_descriptiva_no_independiente
RPM-2010-05-13:3110:1,humana_v2,gold_humano_306,data/evaluacion/tfidf_gold_v1/comparacion_gold.csv,data/auditoria/revision_humana_v3/revision.csv,neutral,0,neutral,0,neutral,0,compatible,alta,,R3. Formalidad o logística sin contenido monetario doméstico sustantivo; N con relevancia 0.,revisado,a500712a8c8f716ca45ef2b804a8b68aab7f2d288514197ab822594ba6e116a7,417,referencia_humana_v3_no_ciega,no,evaluacion_descriptiva_no_independiente
RPM-2010-05-13:3120:2,humana_v2,gold_humano_306,data/evaluacion/tfidf_gold_v1/comparacion_gold.csv,data/auditoria/revision_humana_v3/revision.csv,neutral,1,neutral,1,hawkish,1,cambio_etiqueta,alta,"el Ministerio de Hacienda estima que lo más adecuado es mantener la Tasa de Política Monetaria en su nivel actual. No obstante, señala que es de opinión que en los próximos meses será necesario comenzar un proceso gradual de normalización de la política monetaria",R5. Recomienda mantener hoy y afirma como opinión propia que pronto será necesario iniciar la normalización gradual: H.,revisado,33359fca02523b08191b993342bb94efea5bb0364e1045e520c97b1e54b7928d,6723,referencia_humana_v3_no_ciega,no,evaluacion_descriptiva_no_independiente
RPM-2010-06-15:3155:1,humana_v2,gold_humano_306,data/evaluacion/tfidf_gold_v1/comparacion_gold.csv,data/auditoria/revision_humana_v3/revision.csv,neutral,1,neutral,1,neutral,1,compatible,alta,el diagnóstico de actividad para este trimestre se corrige fuertemente al alza respecto de lo que se proyectaba en mayo,"R4/R8. Revisión de la unidad completa: contiene contexto evaluable, pero no adopta, recomienda ni respalda una dirección monetaria doméstica propia; N.",revisado,7b7ce986620569a9d22dee2329a93793974dcca72267470c39f2b85417319c52,4648,referencia_humana_v3_no_ciega,no,evaluacion_descriptiva_no_independiente
RPM-2010-06-15:3190:1,humana_v2,gold_humano_306,data/evaluacion/tfidf_gold_v1/comparacion_gold.csv,data/auditoria/revision_humana_v3/revision.csv,neutral,1,neutral,1,neutral,1,compatible,alta,"la innovación financiera en el mundo ha llevado a un aumento de los grados de monetización y, por ende, a la habilitación de un mayor número de cajas y de cajeros automáticos","R4/R8. Revisión de la unidad completa: contiene contexto evaluable, pero no adopta, recomienda ni respalda una dirección monetaria doméstica propia; N.",revisado,2bde1c6964c880f6225f5f8d1857536da0b491186d4da7b4510bfb8993bb2c2f,578,referencia_humana_v3_no_ciega,no,evaluacion_descriptiva_no_independiente
RPM-2010-06-15:3206:1,humana_v2,gold_humano_306,data/evaluacion/tfidf_gold_v1/comparacion_gold.csv,data/auditoria/revision_humana_v3/revision.csv,neutral,0,neutral,0,neutral,0,compatible,alta,El Consejo aprueba el texto del Comunicado. Se levanta la Sesión a las 14:25 horas,R3. Formalidad o logística sin contenido monetario doméstico sustantivo; N con relevancia 0.,revisado,5f2d059753286647d1a3f5ddbb8cfbdeddb10fb645b3ec54749e017a7b14215b,83,referencia_humana_v3_no_ciega,no,evaluacion_descriptiva_no_independiente
RPM-2010-07-15:3261:1,humana_v2,gold_humano_306,data/evaluacion/tfidf_gold_v1/comparacion_gold.csv,data/auditoria/revision_humana_v3/revision.csv,neutral,1,neutral,1,neutral,1,compatible,alta,"las expectativas de inflación, señala que las mesas de dinero a dos años y la Encuesta de Expectativas Económicas a veinticuatro meses continúan con estimaciones de inflación en torno a 3%","R4/R8. Revisión de la unidad completa: contiene contexto evaluable, pero no adopta, recomienda ni respalda una dirección monetaria doméstica propia; N.",revisado,c23806d3859d3928e7831257b181af1aa3ffa86a0f57baa0a450b6442c65169e,3957,referencia_humana_v3_no_ciega,no,evaluacion_descriptiva_no_independiente
RPM-2010-07-15:3263:1,humana_v2,gold_humano_306,data/evaluacion/tfidf_gold_v1/comparacion_gold.csv,data/auditoria/revision_humana_v3/revision.csv,neutral,0,neutral,0,neutral,0,compatible,alta,,R3. Formalidad o logística sin contenido monetario doméstico sustantivo; N con relevancia 0.,revisado,a30031d1367083b255a0a4d5cf0385c469fad5ce9c7df550706a3c93f81dc610,105,referencia_humana_v3_no_ciega,no,evaluacion_descriptiva_no_independiente
RPM-2010-08-12:3335:1,humana_v2,gold_humano_306,data/evaluacion/tfidf_gold_v1/comparacion_gold.csv,data/auditoria/revision_humana_v3/revision.csv,hawkish,1,hawkish,1,hawkish,1,compatible,alta,"declara compartir la recomendación de la Gerencia de División Estudios de subir la TPM a 2,00%","R1/R5. La unidad completa respalda endurecimiento monetario doméstico mediante una acción o trayectoria al alza explícita; H sin depender del menú, nivel o fase.",revisado,8a6e9686200017f09e6149a53b1988192c1c9b77c31b78b4cc73da98e741d2e3,2204,referencia_humana_v3_no_ciega,no,evaluacion_descriptiva_no_independiente
RPM-2010-09-16:3366:1,humana_v2,gold_humano_306,data/evaluacion/tfidf_gold_v1/comparacion_gold.csv,data/auditoria/revision_humana_v3/revision.csv,neutral,1,neutral,1,neutral,1,compatible,alta,echa de menos una curva forward de tasas de política monetaria para las principales economías del mundo en una perspectiva algo más larga,"R4/R8. Revisión de la unidad completa: contiene contexto evaluable, pero no adopta, recomienda ni respalda una dirección monetaria doméstica propia; N.",revisado,a993b45fc8db2e689409a74ba7b9c785f10e3dff1c0176fb1032151fb74ec404,1980,referencia_humana_v3_no_ciega,no,evaluacion_descriptiva_no_independiente
RPM-2010-09-16:3377:1,humana_v2,gold_humano_306,data/evaluacion/tfidf_gold_v1/comparacion_gold.csv,data/auditoria/revision_humana_v3/revision.csv,neutral,1,neutral,1,neutral,1,compatible,alta,se necesita una tasa doméstica real más alta y una prima que calce con ello,"R4/R8. Revisión de la unidad completa: contiene contexto evaluable, pero no adopta, recomienda ni respalda una dirección monetaria doméstica propia; N.",revisado,b76edc55f44ac35b776908097d5e8e00d54fbef2b1c2e608b917ae72158d3076,113,referencia_humana_v3_no_ciega,no,evaluacion_descriptiva_no_independiente
RPM-2010-09-16:3388:1,humana_v2,gold_humano_306,data/evaluacion/tfidf_gold_v1/comparacion_gold.csv,data/auditoria/revision_humana_v3/revision.csv,neutral,1,neutral,1,neutral,1,compatible,alta,pregunta por el porcentaje del sector construcción que corresponde a vivienda,"R4/R8. Revisión de la unidad completa: contiene contexto evaluable, pero no adopta, recomienda ni respalda una dirección monetaria doméstica propia; N.",revisado,05010caf2f143f842597b76414c945c79b04e737487a65453a74b51548f3d41e,113,referencia_humana_v3_no_ciega,no,evaluacion_descriptiva_no_independiente
RPM-2010-09-16:3420:1,humana_v2,gold_humano_306,data/evaluacion/tfidf_gold_v1/comparacion_gold.csv,data/auditoria/revision_humana_v3/revision.csv,neutral,1,neutral,1,neutral,1,compatible,alta,la bolsa chilena ha aumentado 40% en lo que va corrido del año,"R4/R8. Revisión de la unidad completa: contiene contexto evaluable, pero no adopta, recomienda ni respalda una dirección monetaria doméstica propia; N.",revisado,d15dd3e9a655381745d676218b1272137da14300b9395c3130d6f914466b2fa9,165,referencia_humana_v3_no_ciega,no,evaluacion_descriptiva_no_independiente
RPM-2010-10-14:3441:1,humana_v2,gold_humano_306,data/evaluacion/tfidf_gold_v1/comparacion_gold.csv,data/auditoria/revision_humana_v3/revision.csv,neutral,1,neutral,1,neutral,1,compatible,alta,las monedas de estos países están entre 7 y 10% depreciados respecto de sus promedios históricos,"R4/R8. Revisión de la unidad completa: contiene contexto evaluable, pero no adopta, recomienda ni respalda una dirección monetaria doméstica propia; N.",revisado,05a0c4e7522b50e43752a37f37db06fecc789dce74ff14d85be00c3f52b94aea,144,referencia_humana_v3_no_ciega,no,evaluacion_descriptiva_no_independiente
RPM-2010-10-14:3455:1,humana_v2,gold_humano_306,data/evaluacion/tfidf_gold_v1/comparacion_gold.csv,data/auditoria/revision_humana_v3/revision.csv,neutral,1,neutral,1,neutral,1,compatible,alta,los resultados de la encuesta del IMCE permiten pensar que aún habría cierto espacio para que los inventarios se acumulen a una tasa algo superior a la histórica,"R4/R8. Revisión de la unidad completa: contiene contexto evaluable, pero no adopta, recomienda ni respalda una dirección monetaria doméstica propia; N.",revisado,6d80edb946c1f5cf60986b48e311c4f4bb31884d24e1caaca777155be835b833,2578,referencia_humana_v3_no_ciega,no,evaluacion_descriptiva_no_independiente
RPM-2010-11-16:3577:1,humana_v2,gold_humano_306,data/evaluacion/tfidf_gold_v1/comparacion_gold.csv,data/auditoria/revision_humana_v3/revision.csv,hawkish,1,hawkish,1,hawkish,1,compatible,alta,su voto es por subir la tasa en 25 puntos base,"R1/R5. La unidad completa respalda endurecimiento monetario doméstico mediante una acción o trayectoria al alza explícita; H sin depender del menú, nivel o fase.",revisado,a164fcf63093d340366c7492300e2ea2b77ecc4350ca90c1784a8534a4850a85,5197,referencia_humana_v3_no_ciega,no,evaluacion_descriptiva_no_independiente
RPM-2010-12-16:3623:1,humana_v2,gold_humano_306,data/evaluacion/tfidf_gold_v1/comparacion_gold.csv,data/auditoria/revision_humana_v3/revision.csv,neutral,1,neutral,1,neutral,1,compatible,alta,no se observa claramente una correlación tan directa entre ventas y colocaciones,"R4/R8. Revisión de la unidad completa: contiene contexto evaluable, pero no adopta, recomienda ni respalda una dirección monetaria doméstica propia; N.",revisado,f23096dd022ef901df8867489aa6d4a5a44044593cb40341d0465772990a42da,526,referencia_humana_v3_no_ciega,no,evaluacion_descriptiva_no_independiente
RPM-2010-12-16:3631:1,humana_v2,gold_humano_306,data/evaluacion/tfidf_gold_v1/comparacion_gold.csv,data/auditoria/revision_humana_v3/revision.csv,neutral,0,neutral,0,neutral,0,compatible,alta,"El Presidente señor José De Gregorio agradece las distintas intervenciones y, siendo las 12:50 horas, suspende la sesión e informa que se reanudará a las 16:00 horas",R3. Formalidad o logística sin contenido monetario doméstico sustantivo; N con relevancia 0.,revisado,0c1cb7fe542960f3de21fd17ed1aee6cbf5fc40c09186db6269d35e20407a721,166,referencia_humana_v3_no_ciega,no,evaluacion_descriptiva_no_independiente
RPM-2011-01-13:3652:1,humana_v2,gold_humano_306,data/evaluacion/tfidf_gold_v1/comparacion_gold.csv,data/auditoria/revision_humana_v3/revision.csv,neutral,1,neutral,1,neutral,1,compatible,alta,es necesario estar atentos a estos riesgos,"R4/R8. Revisión de la unidad completa: contiene contexto evaluable, pero no adopta, recomienda ni respalda una dirección monetaria doméstica propia; N.",revisado,530962ab7409ec15edfba39333419ad9843760e98448e20478d1274ff6dbc03f,848,referencia_humana_v3_no_ciega,no,evaluacion_descriptiva_no_independiente
RPM-2011-01-13:3661:1,humana_v2,gold_humano_306,data/evaluacion/tfidf_gold_v1/comparacion_gold.csv,data/auditoria/revision_humana_v3/revision.csv,neutral,1,neutral,1,neutral,1,compatible,alta,"este índice representa el 13% del IPC, aproximadamente","R4/R8. Revisión de la unidad completa: contiene contexto evaluable, pero no adopta, recomienda ni respalda una dirección monetaria doméstica propia; N.",revisado,34255ea6d8514058650ccc6fded743adaefa1cef96a21ed0de6600658a718425,105,referencia_humana_v3_no_ciega,no,evaluacion_descriptiva_no_independiente
RPM-2011-01-13:3685:1,humana_v2,gold_humano_306,data/evaluacion/tfidf_gold_v1/comparacion_gold.csv,data/auditoria/revision_humana_v3/revision.csv,neutral,1,neutral,1,neutral,1,compatible,alta,"En su opinión, debería existir alguna relación entre una y otra, y aclara que las coberturas de importaciones no son necesariamente simultáneas al ingreso de las importaciones.","R4/R8. Revisión de la unidad completa: contiene contexto evaluable, pero no adopta, recomienda ni respalda una dirección monetaria doméstica propia; N.",revisado,7b27076f89fd5b8fcb81bb798ad24b04ce0efb54a336c492f8ae3fe7fb635cad,478,referencia_humana_v3_no_ciega,no,evaluacion_descriptiva_no_independiente
RPM-2011-01-13:3692:1,humana_v2,gold_humano_306,data/evaluacion/tfidf_gold_v1/comparacion_gold.csv,data/auditoria/revision_humana_v3/revision.csv,neutral,1,neutral,1,neutral,1,compatible,alta,la tasa de desempleo continúa cayendo y que ello se asocia en los últimos meses a factores estacionales,"R4/R8. Revisión de la unidad completa: contiene contexto evaluable, pero no adopta, recomienda ni respalda una dirección monetaria doméstica propia; N.",revisado,35fd1eedb8fbf65d6d395c71b669c9639b1a666acab8f06bb1c6bbe8cfe5f353,3861,referencia_humana_v3_no_ciega,no,evaluacion_descriptiva_no_independiente
RPM-2011-01-13:3705:1,humana_v2,gold_humano_306,data/evaluacion/tfidf_gold_v1/comparacion_gold.csv,data/auditoria/revision_humana_v3/revision.csv,hawkish,1,hawkish,1,hawkish,1,compatible,alta,"señales dovish podría afianzar la decisión de intervención, pero, al mismo tiempo, la contrapartida es elevar más las expectativas de inflación y subir las tasas nominales en toda la curva.","R1/R5. La unidad completa respalda endurecimiento monetario doméstico mediante una acción o trayectoria al alza explícita; H sin depender del menú, nivel o fase.",revisado,2627ef11fad45d6826186ba4f0b29230afc7b70455a117996365f899d53ef8bf,3892,referencia_humana_v3_no_ciega,no,evaluacion_descriptiva_no_independiente
RPM-2011-01-13:3709:1,humana_v2,gold_humano_306,data/evaluacion/tfidf_gold_v1/comparacion_gold.csv,data/auditoria/revision_humana_v3/revision.csv,hawkish,1,hawkish,1,hawkish,1,compatible,alta,"Reunión, esa Secretaría de Estado considera que lo más recomendable es realizar una pausa en el proceso de normalización de la política monetaria, explicando que esta recomendación se basa, en primer lugar, en que la intervención cambiaria y el anuncio de esterilización llevaron a un","R1/R5. La unidad completa respalda endurecimiento monetario doméstico mediante una acción o trayectoria al alza explícita; H sin depender del menú, nivel o fase.",revisado,0fa5c14ffd411afe685fe53e62dbc1857157c8caec6531aaa7ee4c7487598ddb,5752,referencia_humana_v3_no_ciega,no,evaluacion_descriptiva_no_independiente
RPM-2011-01-13:3711:1,humana_v2,gold_humano_306,data/evaluacion/tfidf_gold_v1/comparacion_gold.csv,data/auditoria/revision_humana_v3/revision.csv,hawkish,1,hawkish,1,hawkish,1,compatible,alta,"En su opinión, los efectos de la intervención en el tipo de cambio y la inflación no están plenamente decantados, por lo que estima prudente esperar a que ello ocurra antes de continuar con la normalización monetaria, que, de hecho, pudiera afectar dicho proceso de decantamiento.","R1/R5. La unidad completa respalda endurecimiento monetario doméstico mediante una acción o trayectoria al alza explícita; H sin depender del menú, nivel o fase.",revisado,d0a8a5e6330b861385261684d94acbd6765e4d42e5e757cbf0b459ca07597a18,4296,referencia_humana_v3_no_ciega,no,evaluacion_descriptiva_no_independiente
RPM-2011-03-17:3827:1,humana_v2,gold_humano_306,data/evaluacion/tfidf_gold_v1/comparacion_gold.csv,data/auditoria/revision_humana_v3/revision.csv,neutral,1,neutral,1,neutral,1,compatible,alta,los países árabes han ido aumentando la producción de petróleo requerida para sostener los presupuestos fiscales,"R4/R8. Revisión de la unidad completa: contiene contexto evaluable, pero no adopta, recomienda ni respalda una dirección monetaria doméstica propia; N.",revisado,7ab929b8ae0964bdde7bf740fb5edd014aec00c420c7a40c88b716c6cf5c123b,501,referencia_humana_v3_no_ciega,no,evaluacion_descriptiva_no_independiente
RPM-2011-03-17:3889:1,humana_v2,gold_humano_306,data/evaluacion/tfidf_gold_v1/comparacion_gold.csv,data/auditoria/revision_humana_v3/revision.csv,hawkish,1,hawkish,1,hawkish,1,compatible,alta,"su voto es por un aumento de la TPM en 50pb, para llevarla a 4,0%","R1/R5. La unidad completa respalda endurecimiento monetario doméstico mediante una acción o trayectoria al alza explícita; H sin depender del menú, nivel o fase.",revisado,d76c3bcdcb6c66f5a0f4fb06ccedba421f116b0b4726f047bd0668514152e7ef,4368,referencia_humana_v3_no_ciega,no,evaluacion_descriptiva_no_independiente
RPM-2011-04-12:3901:1,humana_v2,gold_humano_306,data/evaluacion/tfidf_gold_v1/comparacion_gold.csv,data/auditoria/revision_humana_v3/revision.csv,neutral,1,neutral,1,neutral,1,compatible,alta,"El Presidente señor José De Gregorio comenta que la perspectiva inflacionaria en Colombia para fin de año es del orden de 3,2 - 3,4%, que su TPM está en un nivel muy bajo, de solo 3,5%, y que esta solo ha subido 50 puntos base desde el mínimo alcanzado durante la recesión.","R4/R8. Revisión de la unidad completa: contiene contexto evaluable, pero no adopta, recomienda ni respalda una dirección monetaria doméstica propia; N.",revisado,a469bc8aa4a51880ae0b4d01a44bb61c7fac99dd358758c607561aab46b5511d,334,referencia_humana_v3_no_ciega,no,evaluacion_descriptiva_no_independiente
RPM-2011-04-12:3902:1,humana_v2,gold_humano_306,data/evaluacion/tfidf_gold_v1/comparacion_gold.csv,data/auditoria/revision_humana_v3/revision.csv,neutral,1,neutral,1,neutral,1,compatible,alta,"la economía colombiana está creciendo a niveles bastante modestos, entre 4,5 - 5%, lo mismo que su demanda interna","R4/R8. Revisión de la unidad completa: contiene contexto evaluable, pero no adopta, recomienda ni respalda una dirección monetaria doméstica propia; N.",revisado,7fea1ae75b5b2ed6ec2bdcaf6de185f0686ed24adb84ca15e40385e52329c4d6,1851,referencia_humana_v3_no_ciega,no,evaluacion_descriptiva_no_independiente
RPM-2011-04-12:3944:1,humana_v2,gold_humano_306,data/evaluacion/tfidf_gold_v1/comparacion_gold.csv,data/auditoria/revision_humana_v3/revision.csv,neutral,1,neutral,1,neutral,1,compatible,alta,el alza de frutas y verduras obedece a que se está exportando gran parte de la producción,"R4/R8. Revisión de la unidad completa: contiene contexto evaluable, pero no adopta, recomienda ni respalda una dirección monetaria doméstica propia; N.",revisado,92065ffecfb44e36f2678410ba326d4a9b9ab9bfe02c930d676f84dc8dfbbf91,130,referencia_humana_v3_no_ciega,no,evaluacion_descriptiva_no_independiente
RPM-2011-04-12:3955:1,humana_v2,gold_humano_306,data/evaluacion/tfidf_gold_v1/comparacion_gold.csv,data/auditoria/revision_humana_v3/revision.csv,neutral,0,neutral,0,neutral,1,cambio_relevancia,alta,"la swap sube, pero la swap en UF aumenta aún más y, por lo tanto, la compensación spot en un año cae en el margen","R3. El análisis de swaps y compensación inflacionaria es contexto monetario sustantivo evaluable: relevancia 1; no contiene dirección respaldada, por lo que permanece N.",revisado,722dd78e73547296a82db8c80278ae3f8458eaec1942c0dae8bc0d1c480978f0,344,referencia_humana_v3_no_ciega,no,evaluacion_descriptiva_no_independiente
RPM-2011-04-12:3968:2,humana_v2,gold_humano_306,data/evaluacion/tfidf_gold_v1/comparacion_gold.csv,data/auditoria/revision_humana_v3/revision.csv,hawkish,1,hawkish,1,hawkish,1,compatible,alta,"En ese sentido, precisa que el último Imacec registró una leve sorpresa al alza y que los indicadores de demanda agregada siguen dando cuenta de cierto grado de aceleración en el margen, confirmando el balance de riesgos para la actividad sesgado al alza que se presentó en el último IPoM.","R1/R5. La unidad completa respalda endurecimiento monetario doméstico mediante una acción o trayectoria al alza explícita; H sin depender del menú, nivel o fase.",revisado,356ee955c1849a42a45ce397f9c2992c0151f24c8d8d681bcc040e9e81dd54b6,3574,referencia_humana_v3_no_ciega,no,evaluacion_descriptiva_no_independiente
RPM-2011-05-12:4030:1,humana_v2,gold_humano_306,data/evaluacion/tfidf_gold_v1/comparacion_gold.csv,data/auditoria/revision_humana_v3/revision.csv,neutral,1,neutral,1,neutral,1,compatible,alta,"los componentes vestuario y equipamiento para la vivienda son los que explican, fundamentalmente, la caída de 8% anual","R4/R8. Revisión de la unidad completa: contiene contexto evaluable, pero no adopta, recomienda ni respalda una dirección monetaria doméstica propia; N.",revisado,4686b2a59f956342e918fe3861d1f5415963bbee748b5fa28a54ade6abc22b92,1959,referencia_humana_v3_no_ciega,no,evaluacion_descriptiva_no_independiente
RPM-2011-05-12:4053:2,humana_v2,gold_humano_306,data/evaluacion/tfidf_gold_v1/comparacion_gold.csv,data/auditoria/revision_humana_v3/revision.csv,neutral,0,neutral,0,neutral,0,compatible,alta,"Siendo las 16:45 horas, se retira de la Sala el señor Ministro de Hacienda señor Felipe Larraín",R3. Formalidad o logística sin contenido monetario doméstico sustantivo; N con relevancia 0.,revisado,afdf52d85eb567f7d5e0cb9becc9af394dc95cd2bf9d56f0d38f6e0a204a2761,112,referencia_humana_v3_no_ciega,no,evaluacion_descriptiva_no_independiente
RPM-2011-06-14:4072:1,humana_v2,gold_humano_306,data/evaluacion/tfidf_gold_v1/comparacion_gold.csv,data/auditoria/revision_humana_v3/revision.csv,neutral,1,neutral,1,neutral,1,compatible,alta,le sorprende que la proyección de precios de alimentos supere en un 8 o 10% a la contenida en el IPoM de marzo,"R4/R8. Revisión de la unidad completa: contiene contexto evaluable, pero no adopta, recomienda ni respalda una dirección monetaria doméstica propia; N.",revisado,5078ffb260af15021e1994cd150fa0131297cb01bbb5e988704b49b50a71889e,277,referencia_humana_v3_no_ciega,no,evaluacion_descriptiva_no_independiente
RPM-2011-06-14:4096:6,humana_v2,gold_humano_306,data/evaluacion/tfidf_gold_v1/comparacion_gold.csv,data/auditoria/revision_humana_v3/revision.csv,neutral,1,neutral,1,neutral,1,compatible,alta,"consulta si su variación esperada alcanza un nivel de entre 1 y 1,5%, y si en el IPoM se ha considerado que su acumulación será menor en los próximos meses","R4/R8. Revisión de la unidad completa: contiene contexto evaluable, pero no adopta, recomienda ni respalda una dirección monetaria doméstica propia; N.",revisado,a00257a12486c1d25acdbe5b8dc80114d7f78f1ea088fcdb773cefd311da752a,224,referencia_humana_v3_no_ciega,no,evaluacion_descriptiva_no_independiente
RPM-2011-06-14:4100:1,humana_v2,gold_humano_306,data/evaluacion/tfidf_gold_v1/comparacion_gold.csv,data/auditoria/revision_humana_v3/revision.csv,neutral,1,neutral,1,neutral,1,compatible,alta,"la variación del IPC de mayo alcanzó a 0,4%, en línea con lo proyectado, y que, con ello, la inflación anual se mantiene algo por sobre 3%","R4/R8. Revisión de la unidad completa: contiene contexto evaluable, pero no adopta, recomienda ni respalda una dirección monetaria doméstica propia; N.",revisado,ee777dc234dbc16e54d2eca54234cfab32886276be07be90afbbb51cbefe89d0,2552,referencia_humana_v3_no_ciega,no,evaluacion_descriptiva_no_independiente
RPM-2011-06-14:4112:1,humana_v2,gold_humano_306,data/evaluacion/tfidf_gold_v1/comparacion_gold.csv,data/auditoria/revision_humana_v3/revision.csv,hawkish,1,hawkish,1,hawkish,1,compatible,alta,"El Consejero señor Sebastián Claro señala que vota por subir la TPM a 5,25%, y por un Comunicado que, sin descartar alzas futuras, sea más explícito respecto de la incertidumbre futura en los movimientos de la tasa.","R1/R5. La unidad completa respalda endurecimiento monetario doméstico mediante una acción o trayectoria al alza explícita; H sin depender del menú, nivel o fase.",revisado,76c368bc42844ab61214c9c71b43d35a08bfab63a80d16a6e7f0eb9157a212a9,4841,referencia_humana_v3_no_ciega,no,evaluacion_descriptiva_no_independiente
RPM-2011-06-14:4117:1,humana_v2,gold_humano_306,data/evaluacion/tfidf_gold_v1/comparacion_gold.csv,data/auditoria/revision_humana_v3/revision.csv,hawkish,1,hawkish,1,hawkish,1,compatible,alta,"No obstante, estima que no debiera dar la impresión— y eso sería lo complejo— de que este proceso de alzas de tasas ha terminado.","R1/R5. La unidad completa respalda endurecimiento monetario doméstico mediante una acción o trayectoria al alza explícita; H sin depender del menú, nivel o fase.",revisado,1a2f3cecccfe6750c45ccc00a39acf592aeed7adf4c5605e4dadf53030582447,5268,referencia_humana_v3_no_ciega,no,evaluacion_descriptiva_no_independiente
RPM-2011-07-14:4127:1,humana_v2,gold_humano_306,data/evaluacion/tfidf_gold_v1/comparacion_gold.csv,data/auditoria/revision_humana_v3/revision.csv,neutral,1,neutral,1,neutral,1,compatible,alta,"Argentina es, en este momento, la economía más sobrecalentada del mundo","R4/R8. Revisión de la unidad completa: contiene contexto evaluable, pero no adopta, recomienda ni respalda una dirección monetaria doméstica propia; N.",revisado,ff42174f9d1285160e7dee7882fcc3d0879c04976545e49d1222effc3d376982,237,referencia_humana_v3_no_ciega,no,evaluacion_descriptiva_no_independiente
RPM-2011-07-14:4174:1,humana_v2,gold_humano_306,data/evaluacion/tfidf_gold_v1/comparacion_gold.csv,data/auditoria/revision_humana_v3/revision.csv,neutral,1,neutral,1,neutral,1,compatible,alta,"la inversión, tanto la parte de construcción como la de maquinarias y equipos, mantiene su dinamismo","R4/R8. Revisión de la unidad completa: contiene contexto evaluable, pero no adopta, recomienda ni respalda una dirección monetaria doméstica propia; N.",revisado,efd50d389998b279744855a48d6e2e8ff30cdebbc63cd89cdc53c96328609a7e,1934,referencia_humana_v3_no_ciega,no,evaluacion_descriptiva_no_independiente
RPM-2011-07-14:4205:1,humana_v2,gold_humano_306,data/evaluacion/tfidf_gold_v1/comparacion_gold.csv,data/auditoria/revision_humana_v3/revision.csv,hawkish,1,hawkish,1,neutral,1,cambio_etiqueta,alta,"Argumenta que después de un período largo de alzas de tasas, en que las expectativas de inflación han bajado y se ven contenidas, y en que se observan los primeros signos de desaceleración, lo razonable es darse una pausa para aquilatar la situación y esperar que los efectos de la política","R4/R6. Elige una pausa y hace las decisiones futuras dependientes de nueva información, sin respaldar alza o baja: N.",revisado,907673af43f8d026ee720a79e33f19650166d27339fb086133bbe8777c40f7b0,3568,referencia_humana_v3_no_ciega,no,evaluacion_descriptiva_no_independiente
RPM-2011-07-14:4207:1,humana_v2,gold_humano_306,data/evaluacion/tfidf_gold_v1/comparacion_gold.csv,data/auditoria/revision_humana_v3/revision.csv,hawkish,1,hawkish,1,hawkish,1,compatible,alta,"el Consejero señor Sebastián Claro manifiesta que vota en esta oportunidad por mantener la tasa en 5,25%","R1/R5. La unidad completa respalda endurecimiento monetario doméstico mediante una acción o trayectoria al alza explícita; H sin depender del menú, nivel o fase.",revisado,de73a01d5f494a1e4763bda2d934b9fe0de0c4200bb4fc41bc8ada0a3ad93b37,3680,referencia_humana_v3_no_ciega,no,evaluacion_descriptiva_no_independiente
RPM-2011-07-14:4214:1,humana_v2,gold_humano_306,data/evaluacion/tfidf_gold_v1/comparacion_gold.csv,data/auditoria/revision_humana_v3/revision.csv,neutral,0,neutral,0,neutral,0,compatible,alta,El Consejo aprueba el texto del Comunicado. Se levanta la Sesión a las 17:05 horas,R3. Formalidad o logística sin contenido monetario doméstico sustantivo; N con relevancia 0.,revisado,007fc34525eb5d746fa048b8da99a185f0e8569bf6671d09d98f8dadcd6f700f,83,referencia_humana_v3_no_ciega,no,evaluacion_descriptiva_no_independiente
RPM-2011-08-18:4233:2,humana_v2,gold_humano_306,data/evaluacion/tfidf_gold_v1/comparacion_gold.csv,data/auditoria/revision_humana_v3/revision.csv,neutral,1,neutral,1,neutral,1,compatible,alta,todas las cuales dan cuenta de un ajuste importante para el segundo semestre del presente año y para el año 2012,"R4/R8. Revisión de la unidad completa: contiene contexto evaluable, pero no adopta, recomienda ni respalda una dirección monetaria doméstica propia; N.",revisado,5c74d10cc302159bfd58ed31967d0e1b051f5cae8a73a8bf3a22bb5d7a5213f2,1674,referencia_humana_v3_no_ciega,no,evaluacion_descriptiva_no_independiente
RPM-2011-10-13:4360:2,humana_v2,gold_humano_306,data/evaluacion/tfidf_gold_v1/comparacion_gold.csv,data/auditoria/revision_humana_v3/revision.csv,neutral,1,neutral,1,neutral,1,compatible,alta,"al comparar lo que ha acontecido en el ámbito internacional y en el local, el indicador local de riesgo muestra aumentos más acotados hasta ahora","R4/R8. Revisión de la unidad completa: contiene contexto evaluable, pero no adopta, recomienda ni respalda una dirección monetaria doméstica propia; N.",revisado,add40477202918c08fb353658ec8dc3fa64ed5b3fbc5a90c300a26c8b85ce5cf,2740,referencia_humana_v3_no_ciega,no,evaluacion_descriptiva_no_independiente
RPM-2011-10-13:4383:1,humana_v2,gold_humano_306,data/evaluacion/tfidf_gold_v1/comparacion_gold.csv,data/auditoria/revision_humana_v3/revision.csv,neutral,1,neutral,1,neutral,1,compatible,alta,este movimiento a la baja de las tasas de interés chilenas habría respondido a una suerte de protección frente al deterioro del ciclo global,"R4/R8. Revisión de la unidad completa: contiene contexto evaluable, pero no adopta, recomienda ni respalda una dirección monetaria doméstica propia; N.",revisado,42299bbdd9ca0fa7d500686b4f9fffa5cff194df96c2e49939b52e07dfa3232b,659,referencia_humana_v3_no_ciega,no,evaluacion_descriptiva_no_independiente
RPM-2011-11-15:4409:1,humana_v2,gold_humano_306,data/evaluacion/tfidf_gold_v1/comparacion_gold.csv,data/auditoria/revision_humana_v3/revision.csv,neutral,1,neutral,1,neutral,1,compatible,alta,"en Estados Unidos, el PIB del tercer trimestre fue mayor que lo anticipado y superior al registrado en el segundo trimestre","R4/R8. Revisión de la unidad completa: contiene contexto evaluable, pero no adopta, recomienda ni respalda una dirección monetaria doméstica propia; N.",revisado,70e87ede7d67a72ccad7a4f91507a3afd789c1e78d80886cb999ed331490c6ce,4578,referencia_humana_v3_no_ciega,no,evaluacion_descriptiva_no_independiente
RPM-2011-11-15:4450:1,humana_v2,gold_humano_306,data/evaluacion/tfidf_gold_v1/comparacion_gold.csv,data/auditoria/revision_humana_v3/revision.csv,dovish,1,dovish,1,dovish,1,compatible,alta,"no hay incertidumbre sobre ia dirección que deberá tomar la TPM en los próximos meses, ya que la decisión es una sola: reducir la tasa de instancia","R1/R5. La unidad completa respalda expansión monetaria doméstica mediante una acción o trayectoria a la baja explícita; D sin depender del menú, nivel o fase.",revisado,85422653ae513c0337124515a0275927dda8666d08278aedc12dc9e96d21e21f,1178,referencia_humana_v3_no_ciega,no,evaluacion_descriptiva_no_independiente
RPM-2011-12-13:4464:1,humana_v2,gold_humano_306,data/evaluacion/tfidf_gold_v1/comparacion_gold.csv,data/auditoria/revision_humana_v3/revision.csv,neutral,1,neutral,1,neutral,1,compatible,alta,"las primas por liquidez han seguido en ascenso tras la última RPM, dando cuenta de una estrechez importante","R4/R8. Revisión de la unidad completa: contiene contexto evaluable, pero no adopta, recomienda ni respalda una dirección monetaria doméstica propia; N.",revisado,5ec3f95f841df0d1c25cda11b75806a854eb8eb426cc0928cb54f27c9e18fab2,2484,referencia_humana_v3_no_ciega,no,evaluacion_descriptiva_no_independiente
RPM-2011-12-13:4476:3,humana_v2,gold_humano_306,data/evaluacion/tfidf_gold_v1/comparacion_gold.csv,data/auditoria/revision_humana_v3/revision.csv,neutral,1,neutral,1,neutral,1,compatible,alta,consulta si la institucionalidad vigente permite aplicar sanciones,"R4/R8. Revisión de la unidad completa: contiene contexto evaluable, pero no adopta, recomienda ni respalda una dirección monetaria doméstica propia; N.",revisado,b490b12eff535b59e9b13f991433e05f7099082edcf11d13112fca089390b250,103,referencia_humana_v3_no_ciega,no,evaluacion_descriptiva_no_independiente
RPM-2011-12-13:4498:2,humana_v2,gold_humano_306,data/evaluacion/tfidf_gold_v1/comparacion_gold.csv,data/auditoria/revision_humana_v3/revision.csv,neutral,1,neutral,1,neutral,1,compatible,alta,"Al respecto, el Gerente de División Política Financiera señor Kevin Cowan informa haber sostenido reuniones con personeros de diferentes bancos en las semanas previas, quienes manifestaron que hasta entonces no se advertía un mayor uso de las líneas de crédito, pero sí una mayor disposición","R4/R8. Revisión de la unidad completa: contiene contexto evaluable, pero no adopta, recomienda ni respalda una dirección monetaria doméstica propia; N.",revisado,1e71a293358ae9f177d629f09d10a76bcbd635a717f625431a2519ea2bb08105,452,referencia_humana_v3_no_ciega,no,evaluacion_descriptiva_no_independiente
RPM-2012-01-12:4518:1,humana_v2,gold_humano_306,data/evaluacion/tfidf_gold_v1/comparacion_gold.csv,data/auditoria/revision_humana_v3/revision.csv,neutral,1,neutral,1,neutral,1,compatible,alta,"mientras más alta es la tasa de interés on shore versus la Libor, más plana es la curva forward de tipo cambio","R4/R8. Revisión de la unidad completa: contiene contexto evaluable, pero no adopta, recomienda ni respalda una dirección monetaria doméstica propia; N.",revisado,863276302951241f6a63531f90c3c2ac6cfd9b19846b67b466c6780f29cd7625,699,referencia_humana_v3_no_ciega,no,evaluacion_descriptiva_no_independiente
RPM-2012-01-12:4547:1,humana_v2,gold_humano_306,data/evaluacion/tfidf_gold_v1/comparacion_gold.csv,data/auditoria/revision_humana_v3/revision.csv,neutral,1,neutral,1,neutral,1,compatible,alta,consulta por la evaluación que se hace internamente respecto de los márgenes en el sector de alimentos,"R4/R8. Revisión de la unidad completa: contiene contexto evaluable, pero no adopta, recomienda ni respalda una dirección monetaria doméstica propia; N.",revisado,9e12c90738c2fa93674d91e6aa1197a52251a15fe28a32d053cbb0b10c316222,351,referencia_humana_v3_no_ciega,no,evaluacion_descriptiva_no_independiente
RPM-2012-01-12:4563:1,humana_v2,gold_humano_306,data/evaluacion/tfidf_gold_v1/comparacion_gold.csv,data/auditoria/revision_humana_v3/revision.csv,neutral,1,neutral,1,neutral,1,compatible,alta,El Presidente señor Rodrigo Vergara concede la palabra al Gerente de División Estudios señor Luis Óscar Herrera para que presente las Opciones de Política Monetaria para esta Reunión.,"R4/R8. Revisión de la unidad completa: contiene contexto evaluable, pero no adopta, recomienda ni respalda una dirección monetaria doméstica propia; N.",revisado,65cff89e9f3880c0e4e5e0a5ca8433668662956df072a56b804bd1343b4088ea,183,referencia_humana_v3_no_ciega,no,evaluacion_descriptiva_no_independiente
RPM-2012-01-12:4568:1,humana_v2,gold_humano_306,data/evaluacion/tfidf_gold_v1/comparacion_gold.csv,data/auditoria/revision_humana_v3/revision.csv,dovish,1,dovish,1,dovish,1,compatible,alta,"el Consejero señor Enrique Marshall manifiesta que su voto es por reducir la TPM en 25 puntos base, para dejarla en 5,0%","R1/R5. La unidad completa respalda expansión monetaria doméstica mediante una acción o trayectoria a la baja explícita; D sin depender del menú, nivel o fase.",revisado,e38f759979f8bb9de916590aa403c8b1d2ea8b3fa4d44604331216be90f69b9e,6448,referencia_humana_v3_no_ciega,no,evaluacion_descriptiva_no_independiente
RPM-2012-02-14:4609:1,humana_v2,gold_humano_306,data/evaluacion/tfidf_gold_v1/comparacion_gold.csv,data/auditoria/revision_humana_v3/revision.csv,neutral,1,neutral,1,neutral,1,compatible,alta,"Consulta, en consecuencia, si ello se traducirá en un cambio de la proyección para el presente año.","R4/R8. Revisión de la unidad completa: contiene contexto evaluable, pero no adopta, recomienda ni respalda una dirección monetaria doméstica propia; N.",revisado,004992a76a8e62f968a5f9a3861c43eaa18551eba69a14c9a20a86e6cabb73f3,404,referencia_humana_v3_no_ciega,no,evaluacion_descriptiva_no_independiente
RPM-2012-03-15:4722:4,humana_v2,gold_humano_306,data/evaluacion/tfidf_gold_v1/comparacion_gold.csv,data/auditoria/revision_humana_v3/revision.csv,neutral,0,neutral,0,neutral,0,compatible,alta,"el Presidente señor Rodrigo Vergara da paso a la votación y, en primer lugar, ofrece la palabra al Consejero señor Joaquín Vial",R3. Formalidad o logística sin contenido monetario doméstico sustantivo; N con relevancia 0.,revisado,0de4ea20fd34c747a8ac8c74cd566da94c5802f2acd343665c366554ad89d139,250,referencia_humana_v3_no_ciega,no,evaluacion_descriptiva_no_independiente
RPM-2012-04-17:4736:2,humana_v2,gold_humano_306,data/evaluacion/tfidf_gold_v1/comparacion_gold.csv,data/auditoria/revision_humana_v3/revision.csv,neutral,1,neutral,1,neutral,1,compatible,alta,la mayor preocupación respecto de España se ha visto reflejada en aumentos significativos de sus CDS,"R4/R8. Revisión de la unidad completa: contiene contexto evaluable, pero no adopta, recomienda ni respalda una dirección monetaria doméstica propia; N.",revisado,f42ec12ff0689591cba8fd4b9d74090cb447b190863ebec532616c4ec473042b,2091,referencia_humana_v3_no_ciega,no,evaluacion_descriptiva_no_independiente
RPM-2012-04-17:4753:1,humana_v2,gold_humano_306,data/evaluacion/tfidf_gold_v1/comparacion_gold.csv,data/auditoria/revision_humana_v3/revision.csv,neutral,0,neutral,0,neutral,0,compatible,alta,,R3. Formalidad o logística sin contenido monetario doméstico sustantivo; N con relevancia 0.,revisado,acbffdbec9543a5625b6bdd3c5844ccfdcb397daa43ccdce7f15c210b52afc07,186,referencia_humana_v3_no_ciega,no,evaluacion_descriptiva_no_independiente
RPM-2012-04-17:4784:2,humana_v2,gold_humano_306,data/evaluacion/tfidf_gold_v1/comparacion_gold.csv,data/auditoria/revision_humana_v3/revision.csv,hawkish,1,hawkish,1,neutral,1,cambio_etiqueta,alta,"En esa perspectiva, considera que el comportamiento de los salarios será clave, por cuanto si estos crecen a tasas que superan a la inflación esperada, sumada a los avances en productividad, ello tendría implicancias para la dinámica inflacionaria y, en último término, para la política monetaria.","R4/R6. Elige mantener; solo admite que un alza podría tener sustento y reporta expectativas ajenas, sin respaldar una dirección futura propia: N.",revisado,2be695132cc74994c05c1821627b8a3aceda7f1493a684bddcfce43d7e920d01,5695,referencia_humana_v3_no_ciega,no,evaluacion_descriptiva_no_independiente
RPM-2012-05-17:4814:1,humana_v2,gold_humano_306,data/evaluacion/tfidf_gold_v1/comparacion_gold.csv,data/auditoria/revision_humana_v3/revision.csv,neutral,1,neutral,1,neutral,1,compatible,alta,"los precios de los commodities han registrado una caída generalizada, en especial la gasolina y el cobre","R4/R8. Revisión de la unidad completa: contiene contexto evaluable, pero no adopta, recomienda ni respalda una dirección monetaria doméstica propia; N.",revisado,9f55fbfcfa1d5f7175528b3371cf1337c4a1db75a61a88003c0d9c41f1bfd71e,857,referencia_humana_v3_no_ciega,no,evaluacion_descriptiva_no_independiente
RPM-2012-06-14:4874:1,humana_v2,gold_humano_306,data/evaluacion/tfidf_gold_v1/comparacion_gold.csv,data/auditoria/revision_humana_v3/revision.csv,neutral,0,neutral,0,neutral,0,compatible,alta,,R3. Formalidad o logística sin contenido monetario doméstico sustantivo; N con relevancia 0.,revisado,59a30cb47ad37efa7fa349f590b7bc8566fa8f369970e3111571a8c0c0e56c18,672,referencia_humana_v3_no_ciega,no,evaluacion_descriptiva_no_independiente
RPM-2012-06-14:4898:1,humana_v2,gold_humano_306,data/evaluacion/tfidf_gold_v1/comparacion_gold.csv,data/auditoria/revision_humana_v3/revision.csv,hawkish,1,hawkish,1,neutral,1,cambio_etiqueta,alta,"mantener la TPM en su nivel actual es lo óptimo, mientras se sigan dilucidando los eventos externos y sus implicancias sobre la economía doméstica","R4/R6. Respalda mantener mientras se aclara el escenario externo, sin dirección futura propia: N; no es H por ser más restrictiva que una baja hipotética.",revisado,8bffb6bd4a83c4d85909fea15ebf44e2a825d1baa4665360c2615a52ef13e222,2802,referencia_humana_v3_no_ciega,no,evaluacion_descriptiva_no_independiente
RPM-2012-07-12:4973:3,humana_v2,gold_humano_306,data/evaluacion/tfidf_gold_v1/comparacion_gold.csv,data/auditoria/revision_humana_v3/revision.csv,neutral,1,neutral,1,neutral,1,compatible,alta,"el Consejo del Banco Central de Chile acordó mantener la Tasa de Interés de Política Monetaria en 5,0% anual","R4/R8. Revisión de la unidad completa: contiene contexto evaluable, pero no adopta, recomienda ni respalda una dirección monetaria doméstica propia; N.",revisado,f26d57cfb99f6bcaae1ae2b5239a85debfe6f529b2dca246d0a647cd29847f25,2130,referencia_humana_v3_no_ciega,no,evaluacion_descriptiva_no_independiente
RPM-2012-08-16:5001:1,humana_v2,gold_humano_306,data/evaluacion/tfidf_gold_v1/comparacion_gold.csv,data/auditoria/revision_humana_v3/revision.csv,neutral,1,neutral,1,neutral,1,compatible,alta,El Presidente consulta por el IMACEC esperado para el mes de julio último.,"R4/R8. Revisión de la unidad completa: contiene contexto evaluable, pero no adopta, recomienda ni respalda una dirección monetaria doméstica propia; N.",revisado,c09ca2a2c7fc37d5c183fe79fdc052c909989715c95b496f9aa0911284e57267,74,referencia_humana_v3_no_ciega,no,evaluacion_descriptiva_no_independiente
RPM-2012-08-16:5027:1,humana_v2,gold_humano_306,data/evaluacion/tfidf_gold_v1/comparacion_gold.csv,data/auditoria/revision_humana_v3/revision.csv,dovish,1,dovish,1,neutral,1,cambio_etiqueta,alta,esa Gerencia propone al Consejo mantener la Tasa de Política Monetaria en su nivel actual,R4/R9. La unidad solo propone mantener la TPM; no contiene sesgo propio ni permite heredar el menú de otra intervención: N.,revisado,97f48bc1880867997ef45d5bf62eb4a25af1115d00858cc276bb9efb8beffdfd,232,referencia_humana_v3_no_ciega,no,evaluacion_descriptiva_no_independiente
RPM-2012-09-13:5051:1,humana_v2,gold_humano_306,data/evaluacion/tfidf_gold_v1/comparacion_gold.csv,data/auditoria/revision_humana_v3/revision.csv,neutral,1,neutral,1,neutral,1,compatible,alta,"el precio del hierro ha disminuido, particularmente en las últimas seis semanas, a propósito de noticias de desaceleración de China","R4/R8. Revisión de la unidad completa: contiene contexto evaluable, pero no adopta, recomienda ni respalda una dirección monetaria doméstica propia; N.",revisado,d86d3049481978981a278f3412cfef890c9ed9c24d0c52489dd29bebd82a4081,2288,referencia_humana_v3_no_ciega,no,evaluacion_descriptiva_no_independiente
RPM-2012-10-18:5119:1,humana_v2,gold_humano_306,data/evaluacion/tfidf_gold_v1/comparacion_gold.csv,data/auditoria/revision_humana_v3/revision.csv,neutral,1,neutral,1,neutral,1,compatible,alta,"En su opinión, la confirmación de esa cifra constituiría una muy buena noticia para América Latina, especialmente para Uruguay y Argentina, que son importantes socios comerciales de esa economía.","R4/R8. Revisión de la unidad completa: contiene contexto evaluable, pero no adopta, recomienda ni respalda una dirección monetaria doméstica propia; N.",revisado,7f1ddf56b1ce90a3a5ce48e5b48c37a44529afa98601aace782173e21860b397,1399,referencia_humana_v3_no_ciega,no,evaluacion_descriptiva_no_independiente
RPM-2012-10-18:5122:1,humana_v2,gold_humano_306,data/evaluacion/tfidf_gold_v1/comparacion_gold.csv,data/auditoria/revision_humana_v3/revision.csv,neutral,1,neutral,1,neutral,1,compatible,alta,"un aspecto importante que marca esa diferencia es que antes del año 2008, tanto Australia como Nueva Zelanda vivieron un período de burbuja inmobiliaria","R4/R8. Revisión de la unidad completa: contiene contexto evaluable, pero no adopta, recomienda ni respalda una dirección monetaria doméstica propia; N.",revisado,3ebe01cbcd30b2a06fe4eef1776df8f42d53f94aa572d3e833f1292f857775e2,3064,referencia_humana_v3_no_ciega,no,evaluacion_descriptiva_no_independiente
RPM-2012-10-18:5146:1,humana_v2,gold_humano_306,data/evaluacion/tfidf_gold_v1/comparacion_gold.csv,data/auditoria/revision_humana_v3/revision.csv,dovish,1,dovish,1,neutral,1,cambio_etiqueta,alta,esa Gerencia propone al Consejo mantener la Tasa de Política Monetaria en su nivel actual,R4/R9. La unidad solo propone mantener y no contiene sesgo propio; no corresponde reconstruir un menú externo para asignar D.,revisado,deddfb6ba611d557a1282701e2c23e7ecef8b4eaa6bc405b3738734bd0e2e335,235,referencia_humana_v3_no_ciega,no,evaluacion_descriptiva_no_independiente
RPM-2012-11-13:5214:1,humana_v2,gold_humano_306,data/evaluacion/tfidf_gold_v1/comparacion_gold.csv,data/auditoria/revision_humana_v3/revision.csv,neutral,0,neutral,0,neutral,0,compatible,alta,,R3. Formalidad o logística sin contenido monetario doméstico sustantivo; N con relevancia 0.,revisado,17002f43aa7bf1f5de49a163bdeb18ba86ec686c498a31446b25709318f67de5,167,referencia_humana_v3_no_ciega,no,evaluacion_descriptiva_no_independiente
RPM-2013-01-17:5309:1,humana_v2,gold_humano_306,data/evaluacion/tfidf_gold_v1/comparacion_gold.csv,data/auditoria/revision_humana_v3/revision.csv,neutral,1,neutral,1,neutral,1,compatible,alta,la inversión podría verse afectada durante el presente año atendido el proceso que se trata de un año de campaña electoral por el próximo cambio de gobierno y la incertidumbre ante posibles modificaciones en cuanto a la regulación de los temas ambientales y energéticos,"R4/R8. Revisión de la unidad completa: contiene contexto evaluable, pero no adopta, recomienda ni respalda una dirección monetaria doméstica propia; N.",revisado,d8a81c0c3f2177217cd4fb6c28d2092f81e5f80eda0047d8c559585e119b61f2,408,referencia_humana_v3_no_ciega,no,evaluacion_descriptiva_no_independiente
RPM-2013-02-14:5363:1,humana_v2,gold_humano_306,data/evaluacion/tfidf_gold_v1/comparacion_gold.csv,data/auditoria/revision_humana_v3/revision.csv,neutral,1,neutral,1,neutral,1,compatible,alta,no se presentan signos evidentes de una desaceleración,"R4/R8. Revisión de la unidad completa: contiene contexto evaluable, pero no adopta, recomienda ni respalda una dirección monetaria doméstica propia; N.",revisado,a06e82f7f895bfc24e55d44643ea0b972ea000e26fd483094fd5ab6114c67d26,316,referencia_humana_v3_no_ciega,no,evaluacion_descriptiva_no_independiente
RPM-2013-03-14:5401:1,humana_v2,gold_humano_306,data/evaluacion/tfidf_gold_v1/comparacion_gold.csv,data/auditoria/revision_humana_v3/revision.csv,neutral,0,neutral,0,neutral,0,compatible,alta,,R3. Formalidad o logística sin contenido monetario doméstico sustantivo; N con relevancia 0.,revisado,dded127f78ddcb0aee1d7b4dec2968083a09f95f0f9358d91cd6157d5a204a37,813,referencia_humana_v3_no_ciega,no,evaluacion_descriptiva_no_independiente
RPM-2013-04-11:5500:1,humana_v2,gold_humano_306,data/evaluacion/tfidf_gold_v1/comparacion_gold.csv,data/auditoria/revision_humana_v3/revision.csv,dovish,1,dovish,1,neutral,1,cambio_etiqueta,alta,esa Gerencia propone al Consejo mantener la Tasa de Política Monetaria en su nivel actual,R4/R10. Recomienda mantener y descarta tanto bajar como subir mediante argumentos contrapuestos: N; no existe resolución direccional.,revisado,f28c4664ab3d1c4c45974aa9a2bc6be72545faa91d5eea548a7459465af81ba7,3945,referencia_humana_v3_no_ciega,no,evaluacion_descriptiva_no_independiente
RPM-2013-05-16:5566:1,humana_v2,gold_humano_306,data/evaluacion/tfidf_gold_v1/comparacion_gold.csv,data/auditoria/revision_humana_v3/revision.csv,hawkish,1,hawkish,1,hawkish,1,compatible,alta,su voto es por mantener la Tasa de Política Monetaria en su nivel de 5% anual,"R1/R5. La unidad completa respalda endurecimiento monetario doméstico mediante una acción o trayectoria al alza explícita; H sin depender del menú, nivel o fase.",revisado,af161ad62404fd5a11bb56449f5824ed21c9250e0686b01545143be6806101f4,3507,referencia_humana_v3_no_ciega,no,evaluacion_descriptiva_no_independiente
RPM-2013-06-13:5580:1,humana_v2,gold_humano_306,data/evaluacion/tfidf_gold_v1/comparacion_gold.csv,data/auditoria/revision_humana_v3/revision.csv,neutral,1,neutral,1,neutral,1,compatible,alta,"la inflación no se ha moderado en México ni tampoco en Brasil, y que en esta última economía no solo ha subido, sino que supera su rango meta","R4/R8. Revisión de la unidad completa: contiene contexto evaluable, pero no adopta, recomienda ni respalda una dirección monetaria doméstica propia; N.",revisado,6acef408568a87057e7e44279170778af7af195910ec8f9e113ae874a5425a37,186,referencia_humana_v3_no_ciega,no,evaluacion_descriptiva_no_independiente
RPM-2013-07-11:5649:1,humana_v2,gold_humano_306,data/evaluacion/tfidf_gold_v1/comparacion_gold.csv,data/auditoria/revision_humana_v3/revision.csv,neutral,1,neutral,1,neutral,1,compatible,alta,"la depreciación notoria y generalizada que se ha observado en todas las economías, en especial en aquellas que son exportadoras de commodities","R4/R8. Revisión de la unidad completa: contiene contexto evaluable, pero no adopta, recomienda ni respalda una dirección monetaria doméstica propia; N.",revisado,37e1deca885cfd01e7b6e8018ce7775f1f0e3b3c9175dfb9cc9ac0cfb347e005,8290,referencia_humana_v3_no_ciega,no,evaluacion_descriptiva_no_independiente
RPM-2013-07-11:5694:1,humana_v2,gold_humano_306,data/evaluacion/tfidf_gold_v1/comparacion_gold.csv,data/auditoria/revision_humana_v3/revision.csv,hawkish,1,hawkish,1,neutral,1,cambio_etiqueta,alta,"Con todo, estima que los cambios observados en la economía global deben ser interpretados como avances, por cierto graduales y no exentos de riesgos, hacia una normalización del crecimiento y de las condiciones financieras.","R4/R6. Presenta mantener y bajar como opciones equilibradas y reporta la expectativa del mercado, sin preferencia direccional propia: N.",revisado,f611635242593243eb9283238bdaf49800bd3a570a374ace6952df7e482066e6,4245,referencia_humana_v3_no_ciega,no,evaluacion_descriptiva_no_independiente
RPM-2013-07-11:5699:2,humana_v2,gold_humano_306,data/evaluacion/tfidf_gold_v1/comparacion_gold.csv,data/auditoria/revision_humana_v3/revision.csv,hawkish,1,hawkish,1,neutral,1,cambio_etiqueta,alta,se acuerda por unanimidad de los señores Consejeros mantener la Tasa de Política Monetaria en 5% anual,R4/R6. Acuerdo institucional de mantención sin sesgo o trayectoria en esta unidad: N; el nivel de 5% y el supuesto menú no asignan H.,revisado,7bfbea25ad161848435a5e53a0388ecac169414225a91e13cc6d3d8672ad3bf3,176,referencia_humana_v3_no_ciega,no,evaluacion_descriptiva_no_independiente
RPM-2013-08-13:5705:1,humana_v2,gold_humano_306,data/evaluacion/tfidf_gold_v1/comparacion_gold.csv,data/auditoria/revision_humana_v3/revision.csv,neutral,1,neutral,1,neutral,1,compatible,alta,se mantiene el alza en los tramos largos de la curva de rendimiento de Estados Unidos de América tras las señales de retiro del programa de estímulo cuantitativo,"R4/R8. Revisión de la unidad completa: contiene contexto evaluable, pero no adopta, recomienda ni respalda una dirección monetaria doméstica propia; N.",revisado,05d7874fd1e4f4705952d46ac5e28ad6c50b4dd8daa09e88c70c845dbc09f030,3156,referencia_humana_v3_no_ciega,no,evaluacion_descriptiva_no_independiente
RPM-2013-08-13:5707:1,humana_v2,gold_humano_306,data/evaluacion/tfidf_gold_v1/comparacion_gold.csv,data/auditoria/revision_humana_v3/revision.csv,neutral,1,neutral,1,neutral,1,compatible,alta,"las tasas de interés han subido, particularmente en el caso de las emisiones de bonos corporativos","R4/R8. Revisión de la unidad completa: contiene contexto evaluable, pero no adopta, recomienda ni respalda una dirección monetaria doméstica propia; N.",revisado,fd5bfd8f1ab22ea14392b64a9b083a2b1a6e7f54d9553929606342c9d58a1bcc,6465,referencia_humana_v3_no_ciega,no,evaluacion_descriptiva_no_independiente
RPM-2013-08-13:5749:1,humana_v2,gold_humano_306,data/evaluacion/tfidf_gold_v1/comparacion_gold.csv,data/auditoria/revision_humana_v3/revision.csv,neutral,0,neutral,0,neutral,0,compatible,alta,,R3. Formalidad o logística sin contenido monetario doméstico sustantivo; N con relevancia 0.,revisado,ee0cb3c2eb0c8887de6854a7b6683380f39436796fdd4bb68975d59ca871f0ee,174,referencia_humana_v3_no_ciega,no,evaluacion_descriptiva_no_independiente
RPM-2013-09-12:5784:1,humana_v2,gold_humano_306,data/evaluacion/tfidf_gold_v1/comparacion_gold.csv,data/auditoria/revision_humana_v3/revision.csv,neutral,1,neutral,1,neutral,1,compatible,alta,consulta si la diferencia que se advierte en la actualidad entre la demanda interna y la demanda final constituye un fenómeno extraordinario en términos históricos,"R4/R8. Revisión de la unidad completa: contiene contexto evaluable, pero no adopta, recomienda ni respalda una dirección monetaria doméstica propia; N.",revisado,9ba5e9d13a52951cde90a3fc27511fd23ed767837fbb6c657445940eb989ea05,199,referencia_humana_v3_no_ciega,no,evaluacion_descriptiva_no_independiente
RPM-2013-09-12:5812:2,humana_v2,gold_humano_306,data/evaluacion/tfidf_gold_v1/comparacion_gold.csv,data/auditoria/revision_humana_v3/revision.csv,hawkish,1,hawkish,1,neutral,1,cambio_etiqueta,alta,se acuerda por unanimidad de los señores Consejeros mantener la Tasa de Política Monetaria en 5% anual,R4/R6. Acuerdo institucional de mantención sin sesgo o dirección futura en esta unidad: N; no se infiere H del nivel ni del contexto externo.,revisado,7bfbea25ad161848435a5e53a0388ecac169414225a91e13cc6d3d8672ad3bf3,176,referencia_humana_v3_no_ciega,no,evaluacion_descriptiva_no_independiente
RPM-2013-10-17:5834:1,humana_v2,gold_humano_306,data/evaluacion/tfidf_gold_v1/comparacion_gold.csv,data/auditoria/revision_humana_v3/revision.csv,neutral,0,neutral,0,neutral,0,compatible,alta,,R3. Formalidad o logística sin contenido monetario doméstico sustantivo; N con relevancia 0.,revisado,a7ade13f112c7e5bfd0a4f8ad2a3e6a40575f1c16079f23affdaeb792075886e,183,referencia_humana_v3_no_ciega,no,evaluacion_descriptiva_no_independiente
RPM-2013-10-17:5842:2,humana_v2,gold_humano_306,data/evaluacion/tfidf_gold_v1/comparacion_gold.csv,data/auditoria/revision_humana_v3/revision.csv,neutral,0,neutral,0,neutral,0,compatible,alta,el Presidente señor Rodrigo Vergara suspende la presente Reunión y deja constancia que ella se reiniciará a las 15:30 horas para tratar lo referente a las opciones de política monetaria,R3. Formalidad o logística sin contenido monetario doméstico sustantivo; N con relevancia 0.,revisado,81e8765e282e5c94ff515b86a7d1bf9ff04e332c3b12b8476a661b86e556751b,245,referencia_humana_v3_no_ciega,no,evaluacion_descriptiva_no_independiente
RPM-2013-10-17:5845:1,humana_v2,gold_humano_306,data/evaluacion/tfidf_gold_v1/comparacion_gold.csv,data/auditoria/revision_humana_v3/revision.csv,dovish,1,dovish,1,dovish,1,compatible,alta,el conjunto de antecedentes expuestos llevan a recomendar en esta oportunidad la opción de reducir la TPM en 25 puntos base,"R1/R5. La unidad completa respalda expansión monetaria doméstica mediante una acción o trayectoria a la baja explícita; D sin depender del menú, nivel o fase.",revisado,6a1b8dfe853ff6ddead1f071c3bff334a60d74ec41aef9dbdcf033261bc35239,894,referencia_humana_v3_no_ciega,no,evaluacion_descriptiva_no_independiente
RPM-2013-12-12:5962:1,humana_v2,gold_humano_306,data/evaluacion/tfidf_gold_v1/comparacion_gold.csv,data/auditoria/revision_humana_v3/revision.csv,hawkish,1,hawkish,1,neutral,1,cambio_etiqueta,alta,"su voto es por mantener la Tasa de Política Monetaria en 4,5% anual, ratificando el escenario del IPoM","R4/R6. Vota mantener después de dos rebajas para acumular información, sin sesgo futuro propio en la unidad: N; no es H por comparación con bajar.",revisado,42b01c50a4b1be1388fb46ad589c63d8e2a67f4eebe3cc8ea08873a77d2761d3,4061,referencia_humana_v3_no_ciega,no,evaluacion_descriptiva_no_independiente
RPM-2014-01-16:5965:1,humana_v2,gold_humano_306,data/evaluacion/tfidf_gold_v1/comparacion_gold.csv,data/auditoria/revision_humana_v3/revision.csv,neutral,0,neutral,0,neutral,0,compatible,alta,,R3. Formalidad o logística sin contenido monetario doméstico sustantivo; N con relevancia 0.,revisado,25daef41d8e5df91967d19136cf19c14b7e3a87ca87a76027c92ffe44f5dd1ef,470,referencia_humana_v3_no_ciega,no,evaluacion_descriptiva_no_independiente
RPM-2014-01-16:6000:1,humana_v2,gold_humano_306,data/evaluacion/tfidf_gold_v1/comparacion_gold.csv,data/auditoria/revision_humana_v3/revision.csv,hawkish,1,hawkish,1,dovish,1,cambio_etiqueta,alta,"A su juicio, bajar la tasa rectora en esta ocasión podría ser interpretado como una señal de mayor pesimismo acerca de la evolución futura de la economía de la que realmente tiene el Consejo, razón por la cual en esta oportunidad su decisión es la de mantener la TPM en 4,5% anual, pero","R5/R7. Mantiene hoy, pero prevé que el próximo movimiento será una baja e incorpora explícitamente sesgo a la baja: D.",revisado,ed12f83031f2ede4755f68e45d867ca07337c86821f9c6d2a9932b1149a6448a,2722,referencia_humana_v3_no_ciega,no,evaluacion_descriptiva_no_independiente
RPM-2014-02-18:6029:1,humana_v2,gold_humano_306,data/evaluacion/tfidf_gold_v1/comparacion_gold.csv,data/auditoria/revision_humana_v3/revision.csv,neutral,1,neutral,1,neutral,1,compatible,alta,la corrección a la baja de la actividad se explicaría por la desaceleración de la inversión y por menores perspectivas para el consumo privado,"R4/R8. Revisión de la unidad completa: contiene contexto evaluable, pero no adopta, recomienda ni respalda una dirección monetaria doméstica propia; N.",revisado,2de21953bc9476d2773dd63f7bfaa0b5f321e9088c09262fa030790ea6d7b3b9,8009,referencia_humana_v3_no_ciega,no,evaluacion_descriptiva_no_independiente
RPM-2014-02-18:6039:1,humana_v2,gold_humano_306,data/evaluacion/tfidf_gold_v1/comparacion_gold.csv,data/auditoria/revision_humana_v3/revision.csv,neutral,0,neutral,0,neutral,0,compatible,alta,el Presidente señor Rodrigo Vergara suspende la presente Reunión y deja constancia que ella se reiniciará a las 15:30 horas,R3. Formalidad o logística sin contenido monetario doméstico sustantivo; N con relevancia 0.,revisado,34adfe6f43a68721dac8031755198d754bd266383c064b469521fb811cf2cb08,716,referencia_humana_v3_no_ciega,no,evaluacion_descriptiva_no_independiente
RPM-2014-03-13:6067:1,humana_v2,gold_humano_306,data/evaluacion/tfidf_gold_v1/comparacion_gold.csv,data/auditoria/revision_humana_v3/revision.csv,neutral,1,neutral,1,neutral,1,compatible,alta,"la bolsa de valores chilena alcanzó niveles de 150 en el año 2001 y hoy se ubica en torno a 100, dando cuenta de un notorio ajuste","R4/R8. Revisión de la unidad completa: contiene contexto evaluable, pero no adopta, recomienda ni respalda una dirección monetaria doméstica propia; N.",revisado,b73a34eb434c104eca5faf5bc9b973ea181f0d1478ab41fd36ae704411edf6ef,9659,referencia_humana_v3_no_ciega,no,evaluacion_descriptiva_no_independiente
RPM-2014-03-13:6107:1,humana_v2,gold_humano_306,data/evaluacion/tfidf_gold_v1/comparacion_gold.csv,data/auditoria/revision_humana_v3/revision.csv,hawkish,1,hawkish,1,dovish,1,cambio_etiqueta,alta,"apoyar una baja en la tasa de política monetaria a 4%, en la medida que el Comunicado dé una señal clara de reducción del sesgo a la baja.","R4/R7. Mantiene hoy, pero adopta explícitamente un sesgo a la baja y acepta apoyar el recorte: D. La mantención frente al menú no puede convertirla en H.",revisado,1ad446041d5559bfa5b8884b1476abbbe171c87bceaf06660963f41c09c3618c,3249,referencia_humana_v3_no_ciega,no,evaluacion_descriptiva_no_independiente
RPM-2014-04-17:6121:1,humana_v2,gold_humano_306,data/evaluacion/tfidf_gold_v1/comparacion_gold.csv,data/auditoria/revision_humana_v3/revision.csv,neutral,1,neutral,1,neutral,1,compatible,alta,dicho aumento responde a una recuperación de las posiciones bursátiles y de los precios de las viviendas,"R4/R8. Revisión de la unidad completa: contiene contexto evaluable, pero no adopta, recomienda ni respalda una dirección monetaria doméstica propia; N.",revisado,a4cbe3551a396aa0053395182cc81429e6bf0f2755652b9537c67a9e983bf0c0,315,referencia_humana_v3_no_ciega,no,evaluacion_descriptiva_no_independiente
RPM-2014-04-17:6129:1,humana_v2,gold_humano_306,data/evaluacion/tfidf_gold_v1/comparacion_gold.csv,data/auditoria/revision_humana_v3/revision.csv,neutral,1,neutral,1,neutral,1,compatible,alta,"la atención no está puesta mayormente en el aumento o retorno del apetito por invertir en dichas economías, sino que en la existencia de un grado de preocupación por la toma de riesgo en Estados Unidos de América","R4/R8. Revisión de la unidad completa: contiene contexto evaluable, pero no adopta, recomienda ni respalda una dirección monetaria doméstica propia; N.",revisado,c25d32a9c75e79fdf2cc4758195ede151062d710a335a95f36dcb9ca06f3264a,1079,referencia_humana_v3_no_ciega,no,evaluacion_descriptiva_no_independiente
RPM-2014-04-17:6135:5,humana_v2,gold_humano_306,data/evaluacion/tfidf_gold_v1/comparacion_gold.csv,data/auditoria/revision_humana_v3/revision.csv,neutral,1,neutral,1,neutral,1,compatible,alta,"las expectativas empresariales no exhiben grandes cambios desde la última Reunión, manteniéndose en torno al pivote neutral, pero en terreno pesimista","R4/R8. Revisión de la unidad completa: contiene contexto evaluable, pero no adopta, recomienda ni respalda una dirección monetaria doméstica propia; N.",revisado,0caafbd88ad3982fabeb6fe08097ab3ae3144629051659f36685c4fa9fd45635,587,referencia_humana_v3_no_ciega,no,evaluacion_descriptiva_no_independiente
RPM-2014-04-17:6137:1,humana_v2,gold_humano_306,data/evaluacion/tfidf_gold_v1/comparacion_gold.csv,data/auditoria/revision_humana_v3/revision.csv,neutral,1,neutral,1,neutral,1,compatible,alta,"el IMCE registró en el mes de mayo de 2013 una importante caída, que tendió a coincidir con el anuncio de la idea de suprimir el FUT","R4/R8. Revisión de la unidad completa: contiene contexto evaluable, pero no adopta, recomienda ni respalda una dirección monetaria doméstica propia; N.",revisado,e5cf02f0227ec74e905bcdd1b522fae65dcd99b7f728b5e745dd7f1ab9f7e437,255,referencia_humana_v3_no_ciega,no,evaluacion_descriptiva_no_independiente
RPM-2014-04-17:6150:1,humana_v2,gold_humano_306,data/evaluacion/tfidf_gold_v1/comparacion_gold.csv,data/auditoria/revision_humana_v3/revision.csv,neutral,1,neutral,1,neutral,1,compatible,alta,"el IPC del mes de marzo registró una variación mayor que la esperada internamente, debido a las sorpresas provenientes de los ítems core","R4/R8. Revisión de la unidad completa: contiene contexto evaluable, pero no adopta, recomienda ni respalda una dirección monetaria doméstica propia; N.",revisado,d4a229749f1c83399204d1c094e4db46d9432f3dadc6f685578480f6567d8e44,2947,referencia_humana_v3_no_ciega,no,evaluacion_descriptiva_no_independiente
RPM-2014-04-17:6162:1,humana_v2,gold_humano_306,data/evaluacion/tfidf_gold_v1/comparacion_gold.csv,data/auditoria/revision_humana_v3/revision.csv,neutral,1,neutral,1,neutral,1,compatible,alta,consulta por el registro de inflación que espera el mercado para el mes de abril,"R4/R8. Revisión de la unidad completa: contiene contexto evaluable, pero no adopta, recomienda ni respalda una dirección monetaria doméstica propia; N.",revisado,225b58848a6f2f4e45e294e92c7f6772a99f6018c94ad4c4dc5d3f193071b109,113,referencia_humana_v3_no_ciega,no,evaluacion_descriptiva_no_independiente
RPM-2014-05-15:6190:1,humana_v2,gold_humano_306,data/evaluacion/tfidf_gold_v1/comparacion_gold.csv,data/auditoria/revision_humana_v3/revision.csv,neutral,1,neutral,1,neutral,1,compatible,alta,"si bien también estima que la Reserva Federal ha convencido al mercado de que la compra de activos concluirá en los meses de octubre o noviembre del presente año, plantea que han surgido dudas en cuanto a si ese Organismo comenzará a elevar la TPM a mediados del año 2015","R4/R8. Revisión de la unidad completa: contiene contexto evaluable, pero no adopta, recomienda ni respalda una dirección monetaria doméstica propia; N.",revisado,4de0eee0ab421a811da705fb3cb6c523eb0f43e12d482b439288bc1539c8374c,1286,referencia_humana_v3_no_ciega,no,evaluacion_descriptiva_no_independiente
RPM-2014-05-15:6203:1,humana_v2,gold_humano_306,data/evaluacion/tfidf_gold_v1/comparacion_gold.csv,data/auditoria/revision_humana_v3/revision.csv,neutral,1,neutral,1,neutral,1,compatible,alta,"en el caso de exportaciones no materializadas, ellas se incorporan como parte de la producción del trimestre respectivo en que la exportación estaba prevista","R4/R8. Revisión de la unidad completa: contiene contexto evaluable, pero no adopta, recomienda ni respalda una dirección monetaria doméstica propia; N.",revisado,d78a7bbbc6aa7835e192d7760ae8ddb1c9fbb80df2f6959151b74c5eb865b52e,192,referencia_humana_v3_no_ciega,no,evaluacion_descriptiva_no_independiente
RPM-2014-05-15:6208:1,humana_v2,gold_humano_306,data/evaluacion/tfidf_gold_v1/comparacion_gold.csv,data/auditoria/revision_humana_v3/revision.csv,neutral,1,neutral,1,neutral,1,compatible,alta,"se ha incorporado el componente agro-silvícola para efectos de destacar la significativa sorpresa que representó su registro de 8,0% del primer trimestre","R4/R8. Revisión de la unidad completa: contiene contexto evaluable, pero no adopta, recomienda ni respalda una dirección monetaria doméstica propia; N.",revisado,8564671b2e7f15208f9258f3baddb4466696c4930fc8860527e48b9ebb5e80dc,1482,referencia_humana_v3_no_ciega,no,evaluacion_descriptiva_no_independiente
RPM-2014-05-15:6220:2,humana_v2,gold_humano_306,data/evaluacion/tfidf_gold_v1/comparacion_gold.csv,data/auditoria/revision_humana_v3/revision.csv,neutral,0,neutral,0,neutral,0,compatible,alta,el Presidente señor Rodrigo Vergara suspende la presente Reunión y deja constancia que ella se reiniciará a las 16:00 horas,R3. Formalidad o logística sin contenido monetario doméstico sustantivo; N con relevancia 0.,revisado,3502b3a823980c17e232e81ea23e1ff811c812aa395bad8d482974ee45ec3863,246,referencia_humana_v3_no_ciega,no,evaluacion_descriptiva_no_independiente
RPM-2014-05-15:6228:1,humana_v2,gold_humano_306,data/evaluacion/tfidf_gold_v1/comparacion_gold.csv,data/auditoria/revision_humana_v3/revision.csv,hawkish,1,hawkish,1,hawkish,1,compatible,alta,"En primer lugar, la inflación ha sorprendido al alza por varios meses, y si bien aún está en niveles tolerables, la experiencia indica que ello puede cambiar bastante rápido.","R1/R5. La unidad completa respalda endurecimiento monetario doméstico mediante una acción o trayectoria al alza explícita; H sin depender del menú, nivel o fase.",revisado,952aeeedf6a9e7a0e95c6ba8600883ae2602e0c651c2c1f0cc1581220bc21da8,5931,referencia_humana_v3_no_ciega,no,evaluacion_descriptiva_no_independiente
RPM-2014-06-12:6246:1,humana_v2,gold_humano_306,data/evaluacion/tfidf_gold_v1/comparacion_gold.csv,data/auditoria/revision_humana_v3/revision.csv,neutral,1,neutral,1,neutral,1,compatible,alta,"En Colombia, en cambio, dicha disminución es prácticamente nula, debido al reciente aumento de su tasa de política monetaria.","R4/R8. Revisión de la unidad completa: contiene contexto evaluable, pero no adopta, recomienda ni respalda una dirección monetaria doméstica propia; N.",revisado,ca6ccd1c2a3ee62d07c75958eb3743e9f2f86e9b18c2115419245cf2619b34a9,13704,referencia_humana_v3_no_ciega,no,evaluacion_descriptiva_no_independiente
RPM-2014-06-12:6267:1,humana_v2,gold_humano_306,data/evaluacion/tfidf_gold_v1/comparacion_gold.csv,data/auditoria/revision_humana_v3/revision.csv,neutral,1,neutral,1,neutral,1,compatible,alta,"Las tasas de interés de las colocaciones comerciales e hipotecarias son menores que las observadas un semestre atrás, en línea con la rebaja de la TPM","R4/R8. Revisión de la unidad completa: contiene contexto evaluable, pero no adopta, recomienda ni respalda una dirección monetaria doméstica propia; N.",revisado,20c68562e97f032cf21a932969a6b37da431b71687c14aa07a4a668a0a48b438,2098,referencia_humana_v3_no_ciega,no,evaluacion_descriptiva_no_independiente
RPM-2014-06-12:6270:1,humana_v2,gold_humano_306,data/evaluacion/tfidf_gold_v1/comparacion_gold.csv,data/auditoria/revision_humana_v3/revision.csv,neutral,1,neutral,1,neutral,1,compatible,alta,"el IPC del mes de mayo registró una variación de 0,34%, una décima mayor que lo anticipado internamente","R4/R8. Revisión de la unidad completa: contiene contexto evaluable, pero no adopta, recomienda ni respalda una dirección monetaria doméstica propia; N.",revisado,0aca9b39f9031cd4f7fdd5cacee99020e8e946b6ce7f28a483da53d3829d063f,1725,referencia_humana_v3_no_ciega,no,evaluacion_descriptiva_no_independiente
RPM-2014-07-15:6324:1,humana_v2,gold_humano_306,data/evaluacion/tfidf_gold_v1/comparacion_gold.csv,data/auditoria/revision_humana_v3/revision.csv,neutral,1,neutral,1,neutral,1,compatible,alta,"en materia de actividad, aparte de los componentes del consumo habitual, los demás componentes de la demanda y de las expectativas están en niveles similares a los observados en el año 2011","R4/R8. Revisión de la unidad completa: contiene contexto evaluable, pero no adopta, recomienda ni respalda una dirección monetaria doméstica propia; N.",revisado,5b8005338962358af080f0b51bc23b668e3259cbf1f720d745684cbbd066ef3e,1611,referencia_humana_v3_no_ciega,no,evaluacion_descriptiva_no_independiente
RPM-2014-07-15:6331:1,humana_v2,gold_humano_306,data/evaluacion/tfidf_gold_v1/comparacion_gold.csv,data/auditoria/revision_humana_v3/revision.csv,neutral,0,neutral,0,neutral,0,compatible,alta,,R3. Formalidad o logística sin contenido monetario doméstico sustantivo; N con relevancia 0.,revisado,0b6d0bf0c271eb20481c39813c4a669a19e06c4f5199d22a88f93c2beab467a3,221,referencia_humana_v3_no_ciega,no,evaluacion_descriptiva_no_independiente
RPM-2014-07-15:6336:1,humana_v2,gold_humano_306,data/evaluacion/tfidf_gold_v1/comparacion_gold.csv,data/auditoria/revision_humana_v3/revision.csv,dovish,1,dovish,1,dovish,1,compatible,alta,el Consejero señor Sebastián Claro expresa que su voto es por bajar la TPM en 25 puntos base,"R1/R5. La unidad completa respalda expansión monetaria doméstica mediante una acción o trayectoria a la baja explícita; D sin depender del menú, nivel o fase.",revisado,17dc651dd9ae6b5f0f0e245c0311c7ec16e7deb13a0253e7a76476578e00bae3,4450,referencia_humana_v3_no_ciega,no,evaluacion_descriptiva_no_independiente
RPM-2014-08-14:6351:1,humana_v2,gold_humano_306,data/evaluacion/tfidf_gold_v1/comparacion_gold.csv,data/auditoria/revision_humana_v3/revision.csv,neutral,1,neutral,1,neutral,1,compatible,alta,destaca la continua caída de las tasas de interés de largo plazo internacionales,"R4/R8. Revisión de la unidad completa: contiene contexto evaluable, pero no adopta, recomienda ni respalda una dirección monetaria doméstica propia; N.",revisado,c7d02963d373e91c23cb065187d66fe692ecccbaa5506efba391ca2069331c6a,299,referencia_humana_v3_no_ciega,no,evaluacion_descriptiva_no_independiente
RPM-2014-08-14:6367:1,humana_v2,gold_humano_306,data/evaluacion/tfidf_gold_v1/comparacion_gold.csv,data/auditoria/revision_humana_v3/revision.csv,neutral,1,neutral,1,neutral,1,compatible,alta,los indicadores de edificación presentan un deterioro menor que las expectativas del sector construcción,"R4/R8. Revisión de la unidad completa: contiene contexto evaluable, pero no adopta, recomienda ni respalda una dirección monetaria doméstica propia; N.",revisado,d96f2b89055d5a625175ed2a6d661247443b682c6d6415ac4436c379f1664204,339,referencia_humana_v3_no_ciega,no,evaluacion_descriptiva_no_independiente
RPM-2014-08-14:6378:1,humana_v2,gold_humano_306,data/evaluacion/tfidf_gold_v1/comparacion_gold.csv,data/auditoria/revision_humana_v3/revision.csv,dovish,1,dovish,1,dovish,1,compatible,alta,esa Gerencia de División considera que en esta situación existe espacio para entregar a la economía un mayor estímulo monetario a través de bajas en la tasa de política monetaria,"R1/R5. La unidad completa respalda expansión monetaria doméstica mediante una acción o trayectoria a la baja explícita; D sin depender del menú, nivel o fase.",revisado,88d2763d80ab8d2f26dc408da6b64ba78a61574e0f5e986ae68883262b55c0ec,5195,referencia_humana_v3_no_ciega,no,evaluacion_descriptiva_no_independiente
RPM-2014-09-11:6438:2,humana_v2,gold_humano_306,data/evaluacion/tfidf_gold_v1/comparacion_gold.csv,data/auditoria/revision_humana_v3/revision.csv,dovish,1,dovish,1,dovish,1,compatible,alta,"se acuerda por unanimidad de los señores Consejeros reducir la Tasa de Política Monetaria en 25 puntos base, a 3,25% anual","R1/R5. La unidad completa respalda expansión monetaria doméstica mediante una acción o trayectoria a la baja explícita; D sin depender del menú, nivel o fase.",revisado,f0292431e50313ab289e85cd9dc5e2970e1a42c4e3bb355f4c8f69b3c8262d66,196,referencia_humana_v3_no_ciega,no,evaluacion_descriptiva_no_independiente
RPM-2014-10-16:6476:1,humana_v2,gold_humano_306,data/evaluacion/tfidf_gold_v1/comparacion_gold.csv,data/auditoria/revision_humana_v3/revision.csv,dovish,1,dovish,1,dovish,1,compatible,alta,su voto es por la alternativa de bajar la TPM en 25 puntos base,"R1/R5. La unidad completa respalda expansión monetaria doméstica mediante una acción o trayectoria a la baja explícita; D sin depender del menú, nivel o fase.",revisado,65e0c10d9a37efbc7880b43176e52363ac39e9d085db967a36bef93bb7d4b5cd,5155,referencia_humana_v3_no_ciega,no,evaluacion_descriptiva_no_independiente
RPM-2014-11-18:6515:1,humana_v2,gold_humano_306,data/evaluacion/tfidf_gold_v1/comparacion_gold.csv,data/auditoria/revision_humana_v3/revision.csv,hawkish,1,hawkish,1,hawkish,1,compatible,alta,Precisa que el principal es el referido a los potenciales efectos de la normalización de la política monetaria de los Estados Unidos de América; y que a ello se agrega el debilitamiento de la posición financiera de varias economías emergentes.,"R1/R5. La unidad completa respalda endurecimiento monetario doméstico mediante una acción o trayectoria al alza explícita; H sin depender del menú, nivel o fase.",revisado,8d13fdfc777e6543141a20499b4ebe6b6d74928afbc41c6ec681e46815c7b661,4442,referencia_humana_v3_no_ciega,no,evaluacion_descriptiva_no_independiente
RPM-2014-12-11:6519:1,humana_v2,gold_humano_306,data/evaluacion/tfidf_gold_v1/comparacion_gold.csv,data/auditoria/revision_humana_v3/revision.csv,neutral,0,neutral,0,neutral,0,compatible,alta,,R3. Formalidad o logística sin contenido monetario doméstico sustantivo; N con relevancia 0.,revisado,6f5c98f051fb2c1d77a6e9d1fd8f6426e3411a9be70ba152e5fa530d579bf2fe,471,referencia_humana_v3_no_ciega,no,evaluacion_descriptiva_no_independiente
RPM-2015-01-15:6558:1,humana_v2,gold_humano_306,data/evaluacion/tfidf_gold_v1/comparacion_gold.csv,data/auditoria/revision_humana_v3/revision.csv,neutral,1,neutral,1,neutral,1,compatible,alta,los factores financieros explican el descenso abrupto del precio de este metal y le están introduciendo volatilidad en el cortísimo plazo,"R4/R8. Revisión de la unidad completa: contiene contexto evaluable, pero no adopta, recomienda ni respalda una dirección monetaria doméstica propia; N.",revisado,72c1d78ffb2696b56b3cdddcbacb6ae3544da236bfe99403d145d5b02342f4f0,2961,referencia_humana_v3_no_ciega,no,evaluacion_descriptiva_no_independiente
RPM-2015-01-15:6561:2,humana_v2,gold_humano_306,data/evaluacion/tfidf_gold_v1/comparacion_gold.csv,data/auditoria/revision_humana_v3/revision.csv,neutral,1,neutral,1,neutral,1,compatible,alta,"del Banco Central Europeo del próximo jueves 22 es cada vez mayor; por la caída de las expectativas de inflación en la Eurozona; y por la decisión de la Corte Europea de Justicia que eliminó, en principio, uno de los riesgos legales que impedía adoptar esta política.","R4/R8. Revisión de la unidad completa: contiene contexto evaluable, pero no adopta, recomienda ni respalda una dirección monetaria doméstica propia; N.",revisado,f605e723961c64a55026fdd2cd31bd874e8b05abc201f92f7ba725a40f49f78f,4260,referencia_humana_v3_no_ciega,no,evaluacion_descriptiva_no_independiente
RPM-2015-01-15:6573:1,humana_v2,gold_humano_306,data/evaluacion/tfidf_gold_v1/comparacion_gold.csv,data/auditoria/revision_humana_v3/revision.csv,neutral,1,neutral,1,neutral,1,compatible,alta,"plantea la conveniencia de determinar si estas mantenciones afectaron la etapa de refinación, de fundición o la etapa previa de concentración","R4/R8. Revisión de la unidad completa: contiene contexto evaluable, pero no adopta, recomienda ni respalda una dirección monetaria doméstica propia; N.",revisado,3a5de17b4359df874bdda56d2b1678ecacb7a8b71c4d0f233d13fc7489a83898,531,referencia_humana_v3_no_ciega,no,evaluacion_descriptiva_no_independiente
RPM-2015-01-15:6574:1,humana_v2,gold_humano_306,data/evaluacion/tfidf_gold_v1/comparacion_gold.csv,data/auditoria/revision_humana_v3/revision.csv,neutral,1,neutral,1,neutral,1,compatible,alta,el menor nivel de producción minera se explica por las mantenciones inesperadas de algunos yacimientos de la mediana y pequeña y también por menores leyes,"R4/R8. Revisión de la unidad completa: contiene contexto evaluable, pero no adopta, recomienda ni respalda una dirección monetaria doméstica propia; N.",revisado,809fbf0fbd95920ef807636a45e8ee74072ed84971dcf046d645de6612215d13,600,referencia_humana_v3_no_ciega,no,evaluacion_descriptiva_no_independiente
RPM-2015-01-15:6581:1,humana_v2,gold_humano_306,data/evaluacion/tfidf_gold_v1/comparacion_gold.csv,data/auditoria/revision_humana_v3/revision.csv,hawkish,1,hawkish,1,neutral,1,cambio_etiqueta,alta,"manifiesta su preocupación por que a pesar del escenario de baja importante de los precios de los combustibles, la inflación converge más lentamente al rango meta","R8. Expresa preocupación por la inflación, pero no la conecta con una acción o sesgo monetario respaldado: N.",revisado,a814f25d07ddec0e4bbdfe57b7802fda6e5ab483954f93c4eafeb75393e6de19,730,referencia_humana_v3_no_ciega,no,evaluacion_descriptiva_no_independiente
RPM-2015-01-15:6582:1,humana_v2,gold_humano_306,data/evaluacion/tfidf_gold_v1/comparacion_gold.csv,data/auditoria/revision_humana_v3/revision.csv,hawkish,1,hawkish,1,neutral,1,cambio_etiqueta,alta,"la evolución de la inflación core es materia de preocupación, razón por la que en el último tiempo se ha revisado al alza nuestras proyecciones","R8. Revisa al alza la proyección de inflación core, sin recomendar una respuesta de TPM ni orientación monetaria: N.",revisado,0ab005aad92117ebf8a57467d84b637ce8ee4c6b8c126b0736e2ff99b0ce663b,209,referencia_humana_v3_no_ciega,no,evaluacion_descriptiva_no_independiente
RPM-2015-01-15:6594:2,humana_v2,gold_humano_306,data/evaluacion/tfidf_gold_v1/comparacion_gold.csv,data/auditoria/revision_humana_v3/revision.csv,neutral,1,neutral,1,neutral,1,compatible,alta,"el Consejo del Banco Central de Chile acordó mantener la tasa de interés de política monetaria en 3,0% anual","R4/R8. Revisión de la unidad completa: contiene contexto evaluable, pero no adopta, recomienda ni respalda una dirección monetaria doméstica propia; N.",revisado,34245da54a1d35c728ebed67b430a3d5a5262eb57ff853d3d4483e956bf9534b,2153,referencia_humana_v3_no_ciega,no,evaluacion_descriptiva_no_independiente
RPM-2015-03-19:6678:1,humana_v2,gold_humano_306,data/evaluacion/tfidf_gold_v1/comparacion_gold.csv,data/auditoria/revision_humana_v3/revision.csv,neutral,0,neutral,0,neutral,0,compatible,alta,el Presidente señor Rodrigo Vergara suspende la presente Reunión y deja constancia que se reiniciará a las 16:00 horas,R3. Formalidad o logística sin contenido monetario doméstico sustantivo; N con relevancia 0.,revisado,436d1275e6e3a94a5c464579148cb087de72f9d855dc58ec7951bcf9aef47bd8,241,referencia_humana_v3_no_ciega,no,evaluacion_descriptiva_no_independiente
RPM-2015-03-19:6688:1,humana_v2,gold_humano_306,data/evaluacion/tfidf_gold_v1/comparacion_gold.csv,data/auditoria/revision_humana_v3/revision.csv,neutral,0,neutral,0,neutral,0,compatible,alta,,R3. Formalidad o logística sin contenido monetario doméstico sustantivo; N con relevancia 0.,revisado,4fb393143c4e8830a2326f633ed4773c3191f80e3234026fa43ff6f3fe0346af,176,referencia_humana_v3_no_ciega,no,evaluacion_descriptiva_no_independiente
RPM-2015-04-16:6714:1,humana_v2,gold_humano_306,data/evaluacion/tfidf_gold_v1/comparacion_gold.csv,data/auditoria/revision_humana_v3/revision.csv,neutral,1,neutral,1,neutral,1,compatible,alta,Grecia es motivo de preocupación y que las fechas claves serán los días 11 y 12 de mayo,"R4/R8. Revisión de la unidad completa: contiene contexto evaluable, pero no adopta, recomienda ni respalda una dirección monetaria doméstica propia; N.",revisado,6beed3cb7bde056952591ac6f5113bf2b328da2151bb5e001a7b279165b035b9,1977,referencia_humana_v3_no_ciega,no,evaluacion_descriptiva_no_independiente
RPM-2015-04-16:6742:1,humana_v2,gold_humano_306,data/evaluacion/tfidf_gold_v1/comparacion_gold.csv,data/auditoria/revision_humana_v3/revision.csv,neutral,0,neutral,0,neutral,0,compatible,alta,,R3. Formalidad o logística sin contenido monetario doméstico sustantivo; N con relevancia 0.,revisado,785c43a8ecaad4b7206bb79341f665380c950ec8875c3775ce69f9b23b867a56,344,referencia_humana_v3_no_ciega,no,evaluacion_descriptiva_no_independiente
RPM-2015-04-16:6754:1,humana_v2,gold_humano_306,data/evaluacion/tfidf_gold_v1/comparacion_gold.csv,data/auditoria/revision_humana_v3/revision.csv,hawkish,1,hawkish,1,hawkish,1,compatible,alta,"recientes en materia de inflación más las proyecciones sobre esta variable indican que en la actualidad no existe espacio para un mayor estímulo monetario; y que también es cierto que en el escenario base, donde la actividad tiene un repunte claro en la segunda parte del año, a fines de","R1/R5. La unidad completa respalda endurecimiento monetario doméstico mediante una acción o trayectoria al alza explícita; H sin depender del menú, nivel o fase.",revisado,53c9aec7b301202d2cc67865566fc4bb0cbc1390c1614dca0ca09b6e0598b368,3203,referencia_humana_v3_no_ciega,no,evaluacion_descriptiva_no_independiente
RPM-2015-05-14:6780:2,humana_v2,gold_humano_306,data/evaluacion/tfidf_gold_v1/comparacion_gold.csv,data/auditoria/revision_humana_v3/revision.csv,neutral,1,neutral,1,neutral,1,compatible,alta,enfatiza sobre la relevancia de comprender las causas de la evolución reciente de los salarios,"R4/R8. Revisión de la unidad completa: contiene contexto evaluable, pero no adopta, recomienda ni respalda una dirección monetaria doméstica propia; N.",revisado,3eb49de99806b0dd524ae687dfbfa3165c81de1d016760efc18d01e3e1043a90,584,referencia_humana_v3_no_ciega,no,evaluacion_descriptiva_no_independiente
RPM-2015-05-14:6806:2,humana_v2,gold_humano_306,data/evaluacion/tfidf_gold_v1/comparacion_gold.csv,data/auditoria/revision_humana_v3/revision.csv,dovish,1,dovish,1,neutral,1,cambio_etiqueta,alta,"se acuerda por unanimidad de los señores Consejeros, mantener la tasa de política monetaria en 3.0% anual",R4/R6. Acuerdo institucional de mantención sin orientación futura dentro de la unidad: N. Ser acuerdo unánime o mantener 3% no produce D.,revisado,89312eb21ab0459241ebef141cbce3991a96040808a05ba851a569d01360da96,179,referencia_humana_v3_no_ciega,no,evaluacion_descriptiva_no_independiente
RPM-2015-06-11:6829:2,humana_v2,gold_humano_306,data/evaluacion/tfidf_gold_v1/comparacion_gold.csv,data/auditoria/revision_humana_v3/revision.csv,neutral,0,neutral,0,neutral,0,compatible,alta,"No habiendo más consultas ni comentarios en lo concerniente al escenario internacional, el Presidente señor Rodrigo Vergara da paso a la exposición del escenario interno",R3. Formalidad o logística sin contenido monetario doméstico sustantivo; N con relevancia 0.,revisado,c2310c55a86185916d80a8f5f84c124233be671fedb942a1a884362eaa8d2e85,170,referencia_humana_v3_no_ciega,no,evaluacion_descriptiva_no_independiente
RPM-2015-06-11:6845:1,humana_v2,gold_humano_306,data/evaluacion/tfidf_gold_v1/comparacion_gold.csv,data/auditoria/revision_humana_v3/revision.csv,neutral,1,neutral,1,neutral,1,compatible,alta,los salarios nominales se contrajeron en el mes de abril y registraron la mayor caída mensual desde el año 2011,"R4/R8. Revisión de la unidad completa: contiene contexto evaluable, pero no adopta, recomienda ni respalda una dirección monetaria doméstica propia; N.",revisado,9e52487a2d01c6916ae27d793f718847ad198170d5e1838bb381252d104c092e,2296,referencia_humana_v3_no_ciega,no,evaluacion_descriptiva_no_independiente
RPM-2015-06-11:6849:1,humana_v2,gold_humano_306,data/evaluacion/tfidf_gold_v1/comparacion_gold.csv,data/auditoria/revision_humana_v3/revision.csv,neutral,1,neutral,1,neutral,1,compatible,alta,"las tasas benchmark se mantienen estables y en niveles bajos, y que el mercado sitúa la primera alza de la TPM en el segundo trimestre de 2016","R4/R8. Revisión de la unidad completa: contiene contexto evaluable, pero no adopta, recomienda ni respalda una dirección monetaria doméstica propia; N.",revisado,911ebb295c8012362fba92db678c4f6df35e836bff03d6545bbfa9c26e8e83a2,1103,referencia_humana_v3_no_ciega,no,evaluacion_descriptiva_no_independiente
RPM-2015-07-14:6876:1,humana_v2,gold_humano_306,data/evaluacion/tfidf_gold_v1/comparacion_gold.csv,data/auditoria/revision_humana_v3/revision.csv,neutral,1,neutral,1,neutral,1,compatible,alta,los fundamentos del cobre no sugieren precios mucho menores; que los inventarios han disminuido,"R4/R8. Revisión de la unidad completa: contiene contexto evaluable, pero no adopta, recomienda ni respalda una dirección monetaria doméstica propia; N.",revisado,edf830f6a359a9d18225cb59a3f741ed3e7acd6064f4ffc8f98da86d42aee7bf,3271,referencia_humana_v3_no_ciega,no,evaluacion_descriptiva_no_independiente
RPM-2015-07-14:6906:1,humana_v2,gold_humano_306,data/evaluacion/tfidf_gold_v1/comparacion_gold.csv,data/auditoria/revision_humana_v3/revision.csv,hawkish,1,hawkish,1,hawkish,1,compatible,alta,"especialmente dado que los escenarios de riesgos donde movimientos abruptos del tipo de cambio generen aumentos de la inflación en el corto plazo tienen una probabilidad relevante, como es el caso de la normalización de la política monetaria en Estados Unidos de América.","R1/R5. La unidad completa respalda endurecimiento monetario doméstico mediante una acción o trayectoria al alza explícita; H sin depender del menú, nivel o fase.",revisado,55b222ac37aa9641cb7f0e7a009827f0cb395dcb38328a6ec0f535487c1f5ace,6762,referencia_humana_v3_no_ciega,no,evaluacion_descriptiva_no_independiente
RPM-2015-07-14:6915:1,humana_v2,gold_humano_306,data/evaluacion/tfidf_gold_v1/comparacion_gold.csv,data/auditoria/revision_humana_v3/revision.csv,neutral,0,neutral,0,neutral,0,compatible,alta,,R3. Formalidad o logística sin contenido monetario doméstico sustantivo; N con relevancia 0.,revisado,052d57806a55dace5e3495af73a48b4da6b84610ae07fb8e5d3d58661986f7b4,175,referencia_humana_v3_no_ciega,no,evaluacion_descriptiva_no_independiente
RPM-2015-07-14:6915:3,humana_v2,gold_humano_306,data/evaluacion/tfidf_gold_v1/comparacion_gold.csv,data/auditoria/revision_humana_v3/revision.csv,hawkish,1,hawkish,1,hawkish,1,compatible,alta,"Luego, advierte que si por alguna razón nos alejamos del escenario base y la inflación aumenta, volveremos a tener el riesgo de que esta se incorpore en los salarios y genere una especie de círculo vicioso, con mayor inflación y, a su vez, con mayores salarios por un tiempo mayor que el que","R1/R5. La unidad completa respalda endurecimiento monetario doméstico mediante una acción o trayectoria al alza explícita; H sin depender del menú, nivel o fase.",revisado,10393d08a085d6804bb0e85e9829d6855587ba3a558f35fbe622148a872d1f0b,5336,referencia_humana_v3_no_ciega,no,evaluacion_descriptiva_no_independiente
RPM-2015-08-13:6940:1,humana_v2,gold_humano_306,data/evaluacion/tfidf_gold_v1/comparacion_gold.csv,data/auditoria/revision_humana_v3/revision.csv,neutral,1,neutral,1,neutral,1,compatible,alta,"le preocupa la cuota de incertidumbre en términos del riesgo asociado, razón por la cual plantea la conveniencia de cuantificar dicho riesgo","R4/R8. Revisión de la unidad completa: contiene contexto evaluable, pero no adopta, recomienda ni respalda una dirección monetaria doméstica propia; N.",revisado,7e1525817c909ca4b3e7f8cb6c99b874836f18255988b8f7c780f2c3a7aca872,356,referencia_humana_v3_no_ciega,no,evaluacion_descriptiva_no_independiente
RPM-2015-09-15:6982:1,humana_v2,gold_humano_306,data/evaluacion/tfidf_gold_v1/comparacion_gold.csv,data/auditoria/revision_humana_v3/revision.csv,neutral,1,neutral,1,neutral,1,compatible,alta,opiniones divididas respecto de la decisión de la Reserva Federal de aumentar su tasa rectora en el mes de septiembre,"R4/R8. Revisión de la unidad completa: contiene contexto evaluable, pero no adopta, recomienda ni respalda una dirección monetaria doméstica propia; N.",revisado,cb0265579fc52a0b635dc5452e94a799b1d87f0662dddf5df3b7a311d4743677,4226,referencia_humana_v3_no_ciega,no,evaluacion_descriptiva_no_independiente
RPM-2015-09-15:6985:1,humana_v2,gold_humano_306,data/evaluacion/tfidf_gold_v1/comparacion_gold.csv,data/auditoria/revision_humana_v3/revision.csv,neutral,1,neutral,1,neutral,1,compatible,alta,"El Consejero señor Sebastián Claro hace notar que China realizó ventas masivas de bonos de Estados Unidos de América, que se concentraron en plazos cercanos a los 2 años o más, que podrían explicar el empinamiento de la curva para dichos plazos y no generarían presiones en los tramos más","R4/R8. Revisión de la unidad completa: contiene contexto evaluable, pero no adopta, recomienda ni respalda una dirección monetaria doméstica propia; N.",revisado,3b4b8edfb6b04182dbd8696475189995898a923221f2664b37f5ed17b87fc3d6,308,referencia_humana_v3_no_ciega,no,evaluacion_descriptiva_no_independiente
RPM-2015-09-15:6988:1,humana_v2,gold_humano_306,data/evaluacion/tfidf_gold_v1/comparacion_gold.csv,data/auditoria/revision_humana_v3/revision.csv,neutral,1,neutral,1,neutral,1,compatible,alta,consulta si ello responde a un ajuste de carácter más bien técnico de anticipación a alzas de tasas en Estados Unidos de América,"R4/R8. Revisión de la unidad completa: contiene contexto evaluable, pero no adopta, recomienda ni respalda una dirección monetaria doméstica propia; N.",revisado,5a6f66419aa4bb8ecaa685d40ca8f15737498a227bdd0836e407f3d131e5f75e,654,referencia_humana_v3_no_ciega,no,evaluacion_descriptiva_no_independiente
RPM-2015-09-15:7009:1,humana_v2,gold_humano_306,data/evaluacion/tfidf_gold_v1/comparacion_gold.csv,data/auditoria/revision_humana_v3/revision.csv,neutral,1,neutral,1,neutral,1,compatible,alta,los efectos de la lluvia sobre el sector EGA fueron acotados,"R4/R8. Revisión de la unidad completa: contiene contexto evaluable, pero no adopta, recomienda ni respalda una dirección monetaria doméstica propia; N.",revisado,2b594cb2f7befcac42af5b0cc838f00836396d720e5cba87414b2f418606326b,663,referencia_humana_v3_no_ciega,no,evaluacion_descriptiva_no_independiente
RPM-2015-09-15:7032:1,humana_v2,gold_humano_306,data/evaluacion/tfidf_gold_v1/comparacion_gold.csv,data/auditoria/revision_humana_v3/revision.csv,neutral,1,neutral,1,neutral,1,compatible,alta,"En su opinión, ello podría dar cuenta de que el mercado no tiene certeza si ello responde a un eventual riesgo de desanclaje de expectativas o si es indicativo de que el tipo de cambio comenzaría a ceder y la inflación a descender.","R4/R8. Revisión de la unidad completa: contiene contexto evaluable, pero no adopta, recomienda ni respalda una dirección monetaria doméstica propia; N.",revisado,c87fe01264010b7d57410a373e731946a69cb93fe9d2b17d6ae7b381d4f6c740,1539,referencia_humana_v3_no_ciega,no,evaluacion_descriptiva_no_independiente
RPM-2015-10-15:7059:1,humana_v2,gold_humano_306,data/evaluacion/tfidf_gold_v1/comparacion_gold.csv,data/auditoria/revision_humana_v3/revision.csv,neutral,1,neutral,1,neutral,1,compatible,alta,"Asimismo, menciona que su déficit fiscal es del orden de 9 a 10 puntos del PIB, con un componente de pagos de intereses importante, debido a que el servicio de la deuda está indexado a la tasa Selic, que se sitúa en niveles muy altos para combatir la inflación.","R4/R8. Revisión de la unidad completa: contiene contexto evaluable, pero no adopta, recomienda ni respalda una dirección monetaria doméstica propia; N.",revisado,56cb97de3e61e4a094ed4472b6fce477cd89f8c12add76d6355e18ffb4c9dc73,2567,referencia_humana_v3_no_ciega,no,evaluacion_descriptiva_no_independiente
RPM-2015-10-15:7063:1,humana_v2,gold_humano_306,data/evaluacion/tfidf_gold_v1/comparacion_gold.csv,data/auditoria/revision_humana_v3/revision.csv,neutral,0,neutral,0,neutral,0,compatible,alta,,R3. Formalidad o logística sin contenido monetario doméstico sustantivo; N con relevancia 0.,revisado,eb1d4b3c8e7ac6eb69a8986a21036935da92645e4c3ee39c437c18fec58e8506,4663,referencia_humana_v3_no_ciega,no,evaluacion_descriptiva_no_independiente
RPM-2015-10-15:7065:1,humana_v2,gold_humano_306,data/evaluacion/tfidf_gold_v1/comparacion_gold.csv,data/auditoria/revision_humana_v3/revision.csv,neutral,1,neutral,1,neutral,1,compatible,alta,las tasas cortas -a 2 años- y las tasas largas -a 10 años- de las economías avanzadas se encuentran en niveles muy bajos,"R4/R8. Revisión de la unidad completa: contiene contexto evaluable, pero no adopta, recomienda ni respalda una dirección monetaria doméstica propia; N.",revisado,ba3b71e8022069623cd08cdd8f94e3becbdc8fb9aacfac847fd79ddaa06e15fe,912,referencia_humana_v3_no_ciega,no,evaluacion_descriptiva_no_independiente
RPM-2015-12-17:7170:1,humana_v2,gold_humano_306,data/evaluacion/tfidf_gold_v1/comparacion_gold.csv,data/auditoria/revision_humana_v3/revision.csv,neutral,1,neutral,1,neutral,1,compatible,alta,los datos exhibidos pueden presentar algún grado de rezago,"R4/R8. Revisión de la unidad completa: contiene contexto evaluable, pero no adopta, recomienda ni respalda una dirección monetaria doméstica propia; N.",revisado,40913761afade02d4b12ee0da847466ea1d9956f4e9814eefdbb9200b6a705ec,107,referencia_humana_v3_no_ciega,no,evaluacion_descriptiva_no_independiente
RPM-2015-12-17:7182:1,humana_v2,gold_humano_306,data/evaluacion/tfidf_gold_v1/comparacion_gold.csv,data/auditoria/revision_humana_v3/revision.csv,neutral,1,neutral,1,neutral,1,compatible,alta,"la inflación SAE bienes exhibe sorpresas negativas en algunos ítems en particular. No obstante, el cuadro general la ubica en niveles históricamente altos","R4/R8. Revisión de la unidad completa: contiene contexto evaluable, pero no adopta, recomienda ni respalda una dirección monetaria doméstica propia; N.",revisado,f87320435059a69987fe08b826e0c5462553cfb9f01e855061a9202cfe2179db,2173,referencia_humana_v3_no_ciega,no,evaluacion_descriptiva_no_independiente
RPM-2015-12-17:7196:1,humana_v2,gold_humano_306,data/evaluacion/tfidf_gold_v1/comparacion_gold.csv,data/auditoria/revision_humana_v3/revision.csv,neutral,1,neutral,1,neutral,1,compatible,alta,El Consejero señor Pablo García enfatiza la necesidad de mantener la coherencia a lo largo de la presentación.,"R4/R8. Revisión de la unidad completa: contiene contexto evaluable, pero no adopta, recomienda ni respalda una dirección monetaria doméstica propia; N.",revisado,0ddcc3f2ef752206ff887c9e825f75ecfe6c2a959f21ba933289da897b1b6b0c,606,referencia_humana_v3_no_ciega,no,evaluacion_descriptiva_no_independiente
RPM-2015-12-17:7200:1,humana_v2,gold_humano_306,data/evaluacion/tfidf_gold_v1/comparacion_gold.csv,data/auditoria/revision_humana_v3/revision.csv,neutral,1,neutral,1,neutral,1,compatible,alta,"sugiere no sobredimensionar el impacto, toda vez que el impacto del reajuste del sector público está sujeto a bastante incertidumbre","R4/R8. Revisión de la unidad completa: contiene contexto evaluable, pero no adopta, recomienda ni respalda una dirección monetaria doméstica propia; N.",revisado,4b2611cfc5e8b52f2941c3b3041817a154474c6854ad9a430c1a8a3431f4ca77,306,referencia_humana_v3_no_ciega,no,evaluacion_descriptiva_no_independiente
