fecha,id_original,intervencion_id,actor,cargo,topico,keywords,texto,detalle_cotejo,meeting_id,orden_habla,subindice,regex_ok,anio,largo_caracteres,largo_palabras,flag_cotejo,flag_texto_danado,tanda,senal_decision,subestrato,fase
2009-12-15,4200,RPM-2009-12-15:2828:1,Manuel Marfán Lewis,Vicepresidente del Banco Central,inflacion,inflacion,"El señor Manuel Marfán manifiesta creer que se miraron mucho los efectos de segunda vuelta, si bien en su voto, al menos, lo que más pesó fue que se dispararon las expectativas a dos años. Recuerda que lo que se tenía era que aproximadamente la mitad del mercado le creía al Banco y la otra mitad estaba sesgada al alza, recalcando que el que no le crean al Banco es lo más grave que le puede pasar en un contexto adverso de inflación, a pesar que se estime que se está haciendo la mejor política. Hubo que reaccionar y fuerte. En resumen, el señor Marfán propone pensar en una posición para el futuro, ya que le parece que este es el momento para hacerlo.",,RPM-2009-12-15,2828,1,True,2009,656,124,False,False,9,True,autoridad_señal,2009_bajas
2008-06-10,2595,RPM-2008-06-10:1879:1,Jorge Desormeaux Jiménez,Vicepresidente del Banco Central,mercado_laboral,mercado_laboral,El Vicepresidente señor Jorge Desormeaux comenta que es interesante mencionar que los períodos de fuerte crecimiento de la oferta de trabajo corresponden a aquéllos en que las familias necesitan más ingresos y la mujer sale a trabajar.,,RPM-2008-06-10,1879,1,True,2008,235,37,False,False,9,False,resto_sin_señal,2008_crisis_alza
2013-12-12,8132,RPM-2013-12-12:5942:2,Rodrigo Vergara Montes,Presidente del Banco Central,opciones_tpm,opciones_tpm,"Al no formularse otros comentarios, siendo las 13:00 horas, el Presidente señor Rodrigo Vergara suspende la presente Reunión y deja constancia que ella se reiniciará a las 15:30 horas para tratar lo referente a las opciones de política monetaria.",,RPM-2013-12-12,5942,2,True,2013,246,39,False,False,9,True,autoridad_señal,2013_14_bajas
2013-02-14,7495,RPM-2013-02-14:5398:2,Rodrigo Vergara Montes,Presidente del Banco Central,acuerdo_comunicado,acuerdo_comunicado,"En consecuencia, el Presidente señor Rodrigo Vergara deja constancia que se acuerda por unanimidad de los señores Consejeros mantener la Tasa de Política Monetaria en 5% anual.",,RPM-2013-02-14,5398,2,True,2013,176,27,False,False,9,True,autoridad_señal,2012_13_mantiene
2011-03-17,5592,RPM-2011-03-17:3833:1,Sebastián Claro Edwards,Consejero,debate,debate,"El Consejero señor Sebastián Claro se refiere a los CDS spreads a 5 años de los bancos europeos, planteando que el alza significativa registrada en los últimos dos o tres trimestres es, en su opinión, insostenible, y que los datos de los mercados de más corto plazo dan clara cuenta de una heterogeneidad importante. Al respecto, consulta si las tasas de depósito a 30 días exhiben gran dispersión en los bancos que se monitorean habitualmente, que pudieran reflejar el comportamiento de las tasas de los papeles de muy largo plazo, ya que, a su juicio, existe una especie de dicotomía, desde el momento que los mercados monetarios muestran tasas muy comprimidas y el financiamiento a largo plazo sugiere una sustitución importante por uno de corto plazo.",,RPM-2011-03-17,3833,1,True,2011,755,126,False,False,9,True,autoridad_señal,2011_alza
2015-05-14,9209,RPM-2015-05-14:6804:1,Enrique Marshall Rivera,Vicepresidente del Banco Central,acuerdo_comunicado,acuerdo_comunicado,"El Vicepresidente señor Enrique Marshall da inicio a su intervención agradeciendo al staff por el apoyo brindado para esta Reunión. Asimismo, saluda al Ministro de Hacienda señor Rodrigo Valdés y le expresa sus deseos de mayor éxito en sus nuevas tareas. Indica que las noticias del último mes reafirman el diagnóstico del Consejo y las implicancias de política que de ello se derivan. Hace presente que en el frente externo, las perspectivas de crecimiento no han cambiado significativamente en el agregado, pero se observan ajustes más bien menores que contribuyen a un mayor equilibrio entre regiones. En todo caso, le resultan preocupantes las muy pobres cifras de América Latina, que han continuado corrigiéndose hacia abajo. Añade que los mercados financieros han permanecido muy atentos a las noticias provenientes de Estados Unidos de América y que por sus implicancias para la política monetaria, los últimos desarrollos han conducido a un fortalecimiento del apetito por riesgo, a una depreciación del dólar en los mercados internacionales y también a un empinamiento de la curva de rendimientos. En su opinión, estos desarrollos apuntan, en general, en la dirección de una normalización del escenario macrofinanciero global. Con todo, considera que este escenario continúa presentando riesgos que no pueden ser soslayados, más allá de la moderación que sugieren las últimas noticias. En lo concerniente al ámbito interno, manifiesta que el panorama para la actividad y la demanda no ha cambiado significativamente. En este sentido, señala que si bien las cifras de cuentas nacionales del primer trimestre fueron algo más altas que las esperadas, los indicadores más recientes no muestran cambios apreciables de velocidad ni un repunte persistente. Agrega que indicadores de avanzada, como las importaciones, el crédito bancario y particularmente las expectativas de empresas y hogares, siguen siendo débiles en la punta. A su juicio, la tonificación de estas últimas parece clave para sustentar una recuperación que perdure en el tiempo. En materia de inflación, menciona que el último registro sorprendió al alza, aunque el panorama no ha cambiado sustancialmente; que el diagnóstico de convergencia gradual a la meta delineado en el último IPoM permanece vigente; y que los riesgos de que ello no sea así se han reducido. En este cuadro, expresa que la opción que surge nuevamente con claridad es la de mantener la TPM, coincidiendo en tal sentido con la minuta de la Gerencia de División Estudios y con todos los argumentos que allí se esgrimen. En su opinión, resultaría bastante difícil proveerle sustento a cualquier otra opción de política; por lo tanto, lo recomendable en estas circunstancias es reafirmar la idea de estabilidad en un horizonte de corto plazo. Añade que se ha iniciado la preparación del próximo IPoM; luego, los ejercicios de proyección que se efectuarán en ese marco aportarán los elementos necesarios para revisar esa orientación e introducir los ajustes, si ello fuese necesario. En virtud de lo señalado precedentemente, el Vicepresidente señor Enrique Marshall manifiesta que su voto es por mantener la TPM en su actual nivel de 3%, así como también el sesgo del Comunicado.",,RPM-2015-05-14,6804,1,True,2015,3217,507,False,False,9,True,autoridad_señal,2015_quiebre
2009-08-13,3894,RPM-2009-08-13:2680:3,José De Gregorio Rebeco,Presidente del Banco Central,acuerdo_comunicado,acuerdo_comunicado,"y el señor Presidente ofrece la palabra al Gerente de División Estudios, señor Pablo García, para que presente las Opciones de Política Monetaria para esta Reunión.",,RPM-2009-08-13,2680,3,True,2009,164,26,False,False,9,True,autoridad_señal,2009_bajas
2010-11-16,5263,RPM-2010-11-16:3556:1,Claudio Soto Gamboa,Gerente de Análisis Macroeconómico,mercados_financieros,mercados_financieros,"El señor Claudio Soto responde que no hay grandes modificaciones respecto de la dinámica de inventarios y que las existencias van convergiendo a valores promedio históricos e, incluso, algo por debajo de ellos. Al continuar, el señor Claudio Soto se refiere al mercado laboral, destacando que la noticia más importante para esta Reunión es el alza relevante del empleo asalariado. Al respecto, hace presente que, hasta algunos meses, el crecimiento del empleo tuvo un fuerte componente de cuenta propia, mientras que, ahora, el componente asalariado también registra un repunte significativo, que se da curiosamente en el sector industrial, cuya producción, como mencionó anteriormente, ha estado estancada. En relación con la tasa de desempleo, señala que un cálculo provisorio de la tasa desestacionalizada muestra que se ha estabilizado en torno a 8%, mientras que la tasa marginal que calcula ahora el Instituto Nacional de Estadísticas (INE), que es la tasa de desempleo mensual y no el promedio móvil como lo hace habitualmente, exhibe una fuerte caída en septiembre. En consecuencia, se prevé que la tasa de desempleo va a seguir cayendo en los meses venideros. En materia de salarios, indica que se vio un repunte importante en el costo de la mano de obra en septiembre. Sobre el particular, menciona que la información del INE apunta a que podría deberse a las horas extras, producto del fin de semana largo de Fiestas Patrias, que habrían empujado los costos laborales al alza, en general. De todas maneras, comenta que se registró un incremento en las remuneraciones. Con todo, destaca que, en términos reales interanuales, los costos laborales están creciendo en torno a 3% y se han mantenido alrededor de ese nivel, con oscilaciones por algunos meses. El señor Claudio Soto continúa, refiriéndose a la inflación y señala que el dato de IPC tuvo una leve variación positiva de 0,1%, algo por debajo de lo anticipado, y el IPCX1 una de -0,1%, plenamente en línea con lo proyectado internamente. Detalla que los errores en la proyección se focalizaron en tres ítems: transporte, derivado de los pasajes de avión, que experimentaron una caída mayor que la observada en el seguimiento que se efectúa de estos precios; las carnes, específicamente el pescado, cuyos precios caen por segundo mes consecutivo de manera significativa; y las tarifas eléctricas. El señor Claudio Soto hace presente que la proyección tiene como elementos más relevantes un tipo de cambio algo más apreciado que el de octubre; precios internacionales de combustibles más elevados, que llevan a una proyección también más elevada para el precio de la gasolina; y la posibilidad de un alza en el Transantiago en febrero, dado el polinomio para el cálculo de sus tarifas. Respecto del vestuario, que ha sorprendido en los últimos meses, se supone que habrá caídas de precios y que recién en febrero y marzo próximo podrían registrarse alzas, producto de la introducción de ítems de la nueva temporada.",,RPM-2010-11-16,3556,1,True,2010,2981,484,False,False,9,True,staff_señal,2010_alza_emergencia
2011-02-17,5566,RPM-2011-02-17:3813:1,Manuel Marfán Lewis,Vicepresidente del Banco Central,acuerdo_comunicado,acuerdo_comunicado,"El Vicepresidente señor Manuel Marfán manifiesta coincidir con la Minuta de Opciones en que, en esta oportunidad, corresponde elevar la TPM en 25 puntos base, descartando otras alternativas. No obstante lo anterior, plantea que hay elementos del escenario base que están siendo dejados atrás por la evolución reciente; en particular, que pareciera que tanto la inflación como el crecimiento exhiben riesgos desbalanceados al alza, lo que habrá que cotejar en el próximo ejercicio de proyección de mediano plazo. Advierte que la mezcla de riesgos desbalanceados al alza en inflación y crecimiento en un contexto de apreciación cambiaria es delicada, especialmente cuando los costos laborales comienzan a hacerse sentir. Asimismo, y como ha señalado en oportunidades anteriores, reitera que el atraso cambiario también puede constituir un síntoma de sobrecalentamiento, que conviene monitorear oportunamente. A su juicio, estos son elementos que deberían estar contenidos en el comunicado. En mérito de lo expuesto, el Vicepresidente señor Manuel Marfán reitera que su voto es por elevar la TPM en 25 puntos base en esta oportunidad.",,RPM-2011-02-17,3813,1,True,2011,1131,171,False,False,9,True,autoridad_señal,2011_alza
2012-10-18,7165,RPM-2012-10-18:5123:1,Claudio Soto Gamboa,Gerente de Análisis Macroeconómico,acuerdo_comunicado,acuerdo_comunicado,"El Gerente de Análisis Macroeconómico señor Claudio Soto inicia su presentación mencionando los hechos destacados del escenario interno, refiriéndose en primer término a que el producto ha moderado su tasa de crecimiento, mientras que la demanda final se mantiene dinámica. Asimismo, resalta que han mejorado las expectativas de consumidores y empresas. Agrega que las colocaciones han atenuado su tasa de crecimiento interanual, principalmente porque las condiciones de oferta se mantienen más estrechas, mientras que la demanda por crédito se percibe dinámica. Comenta, además, que el tipo de cambio se apreció levemente respecto de la Reunión de Política Monetaria anterior. En materia de inflación, manifiesta que el registro del mes de septiembre pasado estuvo en línea con las proyecciones internas pero sorprendió al alza al mercado, y que para el mes de diciembre próximo las perspectivas internas han llevado a corregir la proyección de la última Reunión desde 2,2% hasta 2,1% como consecuencia de algunos factores puntuales y la apreciación leve del tipo de cambio. Por último, informa que las distintas encuestas de expectativas y la curva forward indican que se mantendrá la Tasa de Política Monetaria en torno a sus valores actuales por un período prolongado. El señor Claudio Soto consigna que la variación del IMACEC del mes de agosto alcanzó a 0,2% medida mes a mes, confirmando la tendencia observada en los últimos meses, esto es, que han ido atenuándose las variaciones desestacionalizadas. Expresa que el registro correspondiente al mes de septiembre se verá afectado por el número menor de días hábiles que tuvo ese mes. De hecho, anticipa que el dato headline sería bastante bajo, del orden de 3,5% anual, mientras que el dato desestacionalizado sería cercano a 6%, por lo que la tasa de crecimiento interanual en el mes de octubre superaría el 6,5%, en razón de que dicho mes tiene cinco días hábiles más que el de septiembre pasado. En términos de la demanda interna, resalta que el dato del mes de agosto da cuenta de un repunte al registrar una tasa de crecimiento interanual cercana a 9%, la que se vio impulsada por un incremento del consumo no durable y un crecimiento de las importaciones de bienes de capital. A su vez, indica que el dinamismo del consumo obedece a condiciones del mercado laboral muy favorables, ya que si bien se observa una desaceleración del empleo, se compensa a su vez con un crecimiento significativo de los salarios reales, permitiendo que la masa salarial mantenga tasas de crecimiento elevadas. De hecho, hace notar que las colocaciones de consumo han moderado su ritmo de expansión interanual, a lo que se suma que las tasas de los créditos de consumo para montos inferiores a 200 Unidades de Fomento han exhibido niveles históricamente elevados, duplicando aquellas cobradas por créditos de montos superiores a esa cifra. El señor Claudio Soto complementa el análisis, señalando que la Encuesta de Crédito Bancario publicada el día de ayer muestra que la percepción sobre la demanda por créditos sigue bastante dinámica, pero que las condiciones de oferta son más restrictivas que hace un trimestre atrás, oportunidad en que también resultaron ser más estrechas que el trimestre previo, lo que explicaría la causa por la que se ha atenuado la expansión de los créditos de consumo en términos anuales. En lo concerniente a las expectativas de los consumidores, destaca la elevada correlación entre algunos de sus componentes y el comportamiento del consumo, lo que podría sugerir una mayor reaceleración de este último en lo que resta del presente año. En cuanto a las colocaciones comerciales, consigna que los datos recientes dan cuenta de una desaceleración importante, lo que de acuerdo con los resultados de la Encuesta antedicha, no es atribuible a una percepción de demanda débil, sino que a condiciones de oferta que no registran cambios respecto del trimestre previo, y que son algo más restrictivas que un año atrás tanto para las grandes empresas como para las pymes. A continuación, el Gerente de Análisis Macroeconómico destaca el dinamismo de las ventas de viviendas y el tenue repunte en las colocaciones hipotecarias, luego de haber exhibido una moderación en sus tasas de crecimiento interanual por varios meses.",,RPM-2012-10-18,5123,1,True,2012,4288,693,False,False,9,True,staff_señal,2012_13_mantiene
2011-08-18,6081,RPM-2011-08-18:4252:2,Rodrigo Vergara Montes,Consejero,debate,debate,"En opinión del Consejero señor Rodrigo Vergara, lo complejo de este escenario son las nulas capacidades que los gobiernos europeos, específicamente el alemán y el francés, han demostrado políticamente para ponerse de acuerdo.",,RPM-2011-08-18,4252,2,True,2011,225,33,False,False,9,True,autoridad_señal,2011_alza
2011-05-12,5816,RPM-2011-05-12:4032:1,Claudio Soto Gamboa,Gerente de Análisis Macroeconómico,acuerdo_comunicado,acuerdo_comunicado,"El señor Claudio Soto especifica que, en el modelo, se trata de seguir el polinomio, por lo que deberá ser afinado. El señor Claudio Soto menciona que, de acuerdo con la nueva proyección, se estima que la inflación de los próximos tres meses será de 0,4% mensual, aproximadamente. Al respecto, informa que una de las correcciones importantes que se ha incorporado a los supuestos es que no habrá nuevas alzas en el precio de los cigarrillos, dado que la tabacalera ha anunciado que recién se materializarían en los próximos dieciocho meses, restando, por lo tanto, inflación a los meses de mayo y junio. Agrega que otras correcciones dicen relación con el tema del Transantiago ya comentado y la reducción en los precios de los combustibles, llevando a corregir el IPC a septiembre en aproximadamente seis décimas, esto es, desde un 4,7% a un 4,1% anual.",,RPM-2011-05-12,4032,1,True,2011,854,145,False,False,9,True,staff_señal,2011_alza
2006-01-12,718,RPM-2006-01-12:567:1,Jorge Desormeaux Jiménez,Consejero,escenario_internacional,otros,"El Consejero señor Desormeaux señala que quiere hacer una consideración al respecto. Se trata de un alcance que hizo el Ministro también el año 2000, considerando que es el único Consejero de esa época que se encuentra en el cargo. Agrega que en aquella oportunidad, efectivamente se ajustaron las tasas de interés en dos oportunidades, y después de eso la economía mostró una desaceleración y empezó a aumentar el desempleo. Indica que quiere recordar al Ministro que la causa de estas decisiones fue la caída de los mercados accionarios. Al respecto, señala que un solo mercado, el Nasdaq, perdió siete trillones de dólares, y naturalmente se interrumpió la expansión de la economía mundial, la más larga que haya conocido el mundo hasta ese momento. Indudablemente señala, lo anterior afectó a la economía chilena y eso hace que si uno analiza las decisiones previas, éstas aparezcan como inconsistentes, pero había buenas razones para proceder como se hizo.",,RPM-2006-01-12,567,1,True,2006,961,156,False,False,9,False,resto_sin_señal,2006_alza_fin
2013-04-11,7601,RPM-2013-04-11:5489:1,Claudio Soto Gamboa,Gerente de Análisis Macroeconómico,actividad_interna,actividad_interna,"El señor Claudio Soto responde que efectivamente se ha considerado que la mayor parte de la corrección a la baja en el primer trimestre responde a la paralización de los puertos y que alrededor de la mitad de la corrección se revertirá en el segundo, ya que se extendió hasta la primera semana de abril. Añade que se ha supuesto que la reactivación posterior al paro no es instantánea, razón por la que también podría tener un efecto en las estadísticas del segundo trimestre. A continuación, el señor Claudio Soto alude a un leve cambio en la composición de la actividad. Hace presente que la parte Resto se ha corregido de manera más intensa y persistente a la baja que la correspondiente a recursos naturales. Explica que el rebote de esta última en el segundo trimestre responde más bien a una reevaluación del escenario pesimista para la minería que se contempló en el IPoM, que consideraba un castigo importante de la producción en el segundo trimestre basado en algunos antecedentes parciales de producción por yacimiento. En lo concerniente a industria, anticipa que el dato del primer trimestre sería muy inferior a lo proyectado en el IPoM, porque el registro del mes de febrero fue particularmente negativo; la producción de cigarrillos, de gran relevancia en el sector, también lo habría sido en marzo; y porque se ha considerado además la revisión de la parte construcción, que afecta tanto a la demanda como a la oferta.",,RPM-2013-04-11,5489,1,True,2013,1434,244,False,False,9,True,staff_señal,2012_13_mantiene
2014-06-12,8560,RPM-2014-06-12:6277:1,Rodrigo Vergara Montes,Presidente del Banco Central,opciones_tpm,opciones_tpm,"El Presidente señor Rodrigo Vergara, antes de conceder la palabra al Gerente de la División Estudios para que presente las opciones de política monetaria consideradas para esta ocasión, señala que es la última Reunión de Política Monetaria a la que asiste el señor Miguel Ángel Nacrur Gazali en carácter de Fiscal y Ministro de Fe, atendido su próximo alejamiento del Banco. Por esta razón, le expresa en nombre propio y en representación del Consejo, su reconocimiento y agradecimiento por su extraordinaria labor durante el periodo superior a diecisiete años que ejerció dichos cargos en la Institución y, en particular, por haber desempeñado un rol relevante en la definición de la estructura de las Reuniones de Política Monetaria y, en general, en todas las políticas del Banco. Agrega que habrá oportunidades específicas para fines de su despedida institucional, pero ha querido dejar testimonio en el Acta de esta Sesión de lo expresado precedentemente.",,RPM-2014-06-12,6277,1,True,2014,960,152,False,False,9,True,autoridad_señal,2013_14_bajas
2015-03-19,9041,RPM-2015-03-19:6664:1,Miguel Fuentes Díaz,Gerente de Análisis Macroeconómico,actividad_interna,actividad_interna,"El señor Miguel Fuentes comienza su presentación refiriéndose a los hechos destacados del escenario interno acontecidos desde la Reunión anterior. Hace presente que las cifras recientes sobre consumo privado confirman un ritmo lento de expansión, en un contexto de crecimiento acotado de los ingresos laborales y expectativas de mercado aún pesimistas. En segundo término, manifiesta que la inversión exhibe niveles estables y bajos en el componente de maquinarias y un crecimiento moderado en el sector construcción, que estaría impulsado por el sector fiscal. Agrega que las expectativas empresariales se mantienen pesimistas, lo que no ha contribuido a una recuperación de la inversión privada. Resalta que la evolución del mercado laboral sigue mostrando una baja tasa de desempleo gracias a la creación de empleos en el sector público y en sectores no asociados al ciclo económico, como el agrícola. Añade que los salarios siguen creciendo y que el último dato disponible, correspondiente al mes de enero, muestra cierta estabilización en niveles elevados, dando cuenta del efecto de la alta inflación pasada. Asimismo, señala que el registro de inflación del mes de febrero estuvo en línea con la proyección interna, y que efectos contrapuestos de menores precios de combustibles y depreciación del peso incrementarían marginalmente la inflación proyectada a corto plazo. Plantea que en materia de actividad, el escenario base contempla un crecimiento promedio en torno a 2,2% para la primera mitad del año y una inflación superior a 4%, la que retornaría a valores dentro del rango meta hacia el mes de septiembre próximo. Agrega que las expectativas de mercado para crecimiento e inflación son coincidentes con este escenario. A título de último hecho destacado del período en el ámbito interno, informa que el mercado ha cambiado su percepción sobre la evolución de la Tasa de Política Monetaria, TPM, y anticipa que no registrará variación en el corto plazo; y que los precios de los activos financieros incorporan un incremento hacia el tercer trimestre del año en curso. El señor Miguel Fuentes prosigue con su exposición refiriéndose a la evolución de los indicadores de actividad y demanda. Sobre el particular, expresa que el consumo privado creció menos de lo proyectado y por debajo de la masa salarial real, en un contexto de expectativas de consumidores que se mantienen en niveles pesimistas. Hace presente que este comportamiento es coherente con la hipótesis de que las familias estarían actuando con cierta cautela frente a sus decisiones de gasto, optando por ahorro precautorio.",,RPM-2015-03-19,6664,1,True,2015,2603,409,False,False,9,True,staff_señal,2015_quiebre
2011-02-17,5531,RPM-2011-02-17:3784:1,Claudio Soto Gamboa,Gerente de División Estudios (S),mercados_financieros,mercados_financieros,"El señor Claudio Soto añade que, aparte de los supuestos indicados, se ha considerado también un alza adicional en las tarifas del Transantiago, que obedece al déficit del sistema, y otra alza de $20 por la indexación del aumento de los costos. Enfatiza que dado el supuesto del tipo de cambio utilizado, no se contemplan alzas adicionales en el horizonte de corto plazo. En relación con las frutas y verduras, destaca que se ha supuesto que la sequía no tendrá un impacto relevante en sus precios. En cuanto a las tarifas eléctricas, indica que durante el año 2010 se aprobaron varios decretos de alzas de tarifas por indexación de aumentos de costos, pero Contraloría solo tomó razón de ellos recientemente y, por lo tanto, estas alzas debieran comenzar a aplicarse ahora. No obstante, ello ocurrió simultáneamente con la promulgación de un decreto de una baja significativa, de comienzos de este año, que demoró un mes en entrar en vigencia. En consecuencia, indica que el supuesto de trabajo considera que estos decretos se van a netear y habrá un traspaso a público en el mes de marzo, que generará una caída importante en las",,RPM-2011-02-17,3784,1,True,2011,1131,193,False,False,9,True,staff_señal,2011_alza
2007-11-13,2084,RPM-2007-11-13:1566:1,Manuel Marfán Lewis,Consejero,decision_tpm,decision_tpm,"El Consejero señor Manuel Marfán agradece como siempre el trabajo del staff. Señala que en el escenario externo lo más relevante desde la Reunión de Política Monetaria anterior es el deterioro de las expectativas de crecimiento mundial, especialmente en Estados Unidos de América. Menciona que ello ha llevado a una depreciación adicional del dólar frente a la mayoría de las monedas y a una caída de la curva de rendimiento en dólares. Agrega que se trata del dólar más depreciado internacionalmente desde al menos los últimos veinte años. Indica el señor Consejero que también ha sido significativa el alza no prevista en el precio internacional del petróleo, que ha bordeado los US$ 100 por barril. Menciona el señor Consejero que para las economías emergentes hay dos aspectos a destacar: primero, las economías que son financieramente más vulnerables han visto aumentar sus primas de riesgo soberano como consecuencia de un menor apetito por riesgo. Señala que Chile no ha sido afectado por este fenómeno, a juzgar por la valoración de los FDS; y, en segundo lugar, el aumento de precios internacionales de los alimentos ha impactado con mayor fuerza relativa a la inflación de las economías donde éstos tienen una mayor ponderación en las canastas respectivas. Se trata en general de las economías menos desarrolladas y Chile es un caso más al respecto, además del impacto de un año climático anormal en el país. En el escenario interno, menciona el Consejero Marfán que lo más llamativo a su juicio es la caída en torno al 2,5% del ingreso real disponible privado entre el segundo y tercer trimestre desestacionalizado, indica que se trata de un shock inesperado, que de mantenerse afectará la evolución de la demanda interna. Agrega que es aún prematuro evaluar si la desaceleración de la actividad de septiembre es un fenómeno puntual ligado a los días trabajados, o si hay un cambio de tendencia. Comenta el señor Consejero que el tipo de cambio ha mostrado vaivenes mayores a los habituales en el último mes, pero su nivel actual es similar en lo grueso al de hace un mes. Agrega que los salarios nominales en tanto se han acelerado dentro del rango que cabría esperar dada la elevada inflación de los últimos meses, es decir, no hay evidencia que los efectos de segunda vuelta sobre los salarios sean diferentes al rezago histórico respecto de la inflación. Menciona que, al igual que en la Reunión de Política Monetaria anterior, es preciso advertir que esos efectos de segunda vuelta serán superiores a los históricos, si la negociación en el sector público considerara la inflación pasada en vez de la futura. Señala que las expectativas de inflación en tanto, consideran que la mayor inflación actual es transitoria y que volverá en torno al 3% anual antes de dos años. En este respecto, sin embargo, comenta que existe un riesgo que también debe considerarse y es que la inflación anual se va a mantener elevada por algún tiempo mayor al que espera el sector privado y en niveles más altos. Dada la corrección de expectativas que suele hacer el sector privado con cada nueva información, no puede descartarse que exista algún riesgo de desanclaje más adelante, indica que el próximo IPoM deberá tratar con cuidado esta posibilidad, ya que se trata de un evento que aún no ocurre, pero que habrá que monitorear con cautela. Finalmente, el Consejero Marfán concluye que, con esos antecedentes, su voto es por mantener la Tasa de Política Monetaria en su nivel actual. Agrega que hay argumentos para elevar dicha tasa hoy día, como manifiesta bien la Minuta de Opciones, pero a su juicio esto se compensa con la evidencia que apunta hacia una mayor brecha de productos.",,RPM-2007-11-13,1566,1,True,2007,3683,619,False,False,9,True,autoridad_señal,2007_mixto
2013-04-11,7614,RPM-2013-04-11:5499:1,Luis Óscar Herrera Barriga,Gerente de División Estudios,escenario_internacional,escenario_internacional,"El señor Luis Óscar Herrera inicia su intervención refiriéndose a los principales desarrollos acontecidos desde la última Reunión de Política Monetaria. En lo concerniente al escenario internacional, señala que en la Eurozona continuaron las tensiones ligadas al rescate de Chipre, pero que las condiciones financieras internacionales no presentaron cambios de relevancia. Agrega que los indicadores de empleo de Estados Unidos de América fueron más débiles de lo esperado en el mes de marzo; que el Banco de Japón dio a conocer los detalles de su programa de expansión monetaria que sorprendió por su magnitud, lo que contribuyó a la depreciación del yen; y que los precios internacionales de materias primas, incluido el cobre, mostraron un retroceso en el último mes. En lo atinente al plano local, consigna que la actividad económica creció en un rango menor a lo esperado por el mercado en el mes de febrero, mientras que la inflación se situó levemente por sobre lo anticipado, pero en todo caso, bajo la expectativa indicada en el IPoM de marzo. En materia de inflación, comenta que las expectativas de corto y mediano plazo se ajustaron a la baja, aunque se mantienen en torno a la meta de 3% anual. Añade que el peso se apreció respecto del dólar estadounidense y también en términos multilaterales; y, por último, expresa que las encuestas y los precios financieros continúan señalando la expectativa de que se va a mantener la TPM en el corto plazo, que conjuntamente se moderaron las expectativas de incremento de dicha Tasa a mediano plazo, y que para esta Reunión se anticipa que se mantendrá la TPM.",,RPM-2013-04-11,5499,1,True,2013,1614,268,False,False,9,True,staff_señal,2012_13_mantiene
2009-03-12,3303,RPM-2009-03-12:2388:1,José De Gregorio Rebeco,Presidente del Banco Central,escenario_internacional,escenario_internacional,El Presidente señor José De Gregorio consulta si acaso el año 2009 se observan caídas como las que estaban proyectando.,,RPM-2009-03-12,2388,1,True,2009,119,20,False,False,9,False,resto_sin_señal,2009_bajas
2011-09-15,6168,RPM-2011-09-15:4319:1,Manuel Marfán Lewis,Vicepresidente del Banco Central,inflacion,mercados_financieros,"El Vicepresidente señor Manuel Marfán expresa que, en su opinión, las dudas planteadas por el Consejero señor Enrique Marshall son bastante generalizadas. En ese sentido, indica que la inflación puede ser ahora más alta que lo anticipado y que ello llevaría a pensar que la política monetaria debería ajustarse, pero también podría ocurrir que si Chile se ve afectado por la crisis, habría que bajar la tasa. A su juicio, la conclusión es que el abanico de escenarios está muy abierto en todo el mundo. Manifiesta que le extraña la fuerza del consumo más que otras materias, porque un alto porcentaje de los proyectos de inversión son de largo plazo y porque el esfuerzo de reconstrucción del año pasado no fue de la magnitud esperada.",,RPM-2011-09-15,4319,1,True,2011,735,125,False,False,9,True,autoridad_señal,2011_alza
2011-06-14,5929,RPM-2011-06-14:4118:1,Consejo del Banco Central de Chile,Consejo,acuerdo_comunicado,acuerdo_comunicado,"En virtud de lo anterior, el Consejo adoptó el siguiente Acuerdo: 171-01-110614 - Tasa de Política Monetaria En su reunión mensual de política monetaria, el Consejo del Banco Central de Chile acordó aumentar la tasa de interés de política monetaria en 25 puntos base, hasta 5,25% anual. Comunicado “En su reunión mensual de política monetaria, acordó aumentar la tasa de interés de política monetaria en 25 puntos base, hasta 5,25% anual. En el ámbito externo, se observa una reducción en el ritmo de crecimiento de las economías desarrolladas. La preocupación respecto del riesgo financiero en Europa se ha acentuado. Se observa un aumento en las primas de riesgo de diversos activos. A nivel global, los registros de inflación han continuado aumentando, pero otros indicadores señalan una moderación de las expectativas inflacionarias. Las expectativas respecto de la normalización de las tasas de interés en las economías avanzadas se han aplazado. Por otra parte, varias economías emergentes han continuado reduciendo su impulso monetario. Los precios de materias primas se mantienen en niveles elevados. En el plano interno, las cifras de actividad, demanda y del mercado laboral dan cuenta del dinamismo de la economía. Los registros anuales de inflación del IPC se han mantenido en torno a 3% y los de inflación subyacente permanecen acotados. Las expectativas inflacionarias privadas muestran un descenso, aunque algunas de ellas se mantienen por sobre la meta. El Consejo estima que, en el escenario más probable, serán necesarios aumentos adicionales en la tasa de política monetaria, cuya oportunidad dependerá de la evolución de las condiciones macroeconómicas internas y externas. Con ello, seguirá usando sus políticas con flexibilidad para que la inflación proyectada se ubique en 3% en el horizonte de política.”",,RPM-2011-06-14,4118,1,True,2011,1828,283,False,False,9,True,autoridad_señal,2011_alza
2010-05-13,4619,RPM-2010-05-13:3095:1,Rodrigo Vergara Montes,Consejero,actividad_interna,actividad_interna,"El Consejero señor Rodrigo Vergara comenta el alza en las ventas de autos, la que se debería fundamentalmente a una base de comparación muy baja y las habría llevado a un nivel que no supera al registrado en el año 2008.",,RPM-2010-05-13,3095,1,True,2010,220,41,False,False,9,True,autoridad_señal,2010_alza_emergencia
2012-10-18,7198,RPM-2012-10-18:5153:1,Sebastián Claro Edwards,Consejero,acuerdo_comunicado,acuerdo_comunicado,"El Consejero señor Sebastián Claro inicia su intervención manifestando que en lo referente al ámbito externo, la mayor novedad es que se ha mantenido la tranquilidad en los mercados internacionales, sin observarse nuevos brotes de tensiones mayores. Expresa asimismo, que mientras las cifras de actividad en el mundo desarrollado siguen mostrando debilidad y el crecimiento de China se mantiene en torno al 7,5%, las autoridades europeas han manifestado expresamente su disposición a proteger la unión monetaria, lo que a su juicio, constituyen los eventos más significativos del último mes, que justifican esta mayor tranquilidad. Hace presente que si bien existen numerosas dudas sobre la factibilidad o efectividad de estas medidas, se encuentra aparentemente la disposición para evitar en Europa un rompimiento abrupto del euro. Sin embargo, acota que los riesgos de mediano plazo continúan siendo muy significativos, porque son muy importantes los desafíos y problemas económicos de algunos países de la periferia. Resalta que en este mundo de crecimiento limitado, las condiciones que enfrenta la economía chilena siguen siendo favorables tanto por los precios de las exportaciones como por el acceso a financiamiento, lo que sigue generando una diferencia entre el rendimiento de la economía chilena y lo observado en otros países en desarrollo, en los cuales las señales de desaceleración han sido claras en el último tiempo. Destaca que por ahora la economía chilena se mantiene dinámica, ya que mientras la actividad crece en torno al 5%, la demanda continúa algo más fuerte y con algunas señales de mayor impulso en el margen, especialmente en el consumo privado; y que persiste el dinamismo del crédito interno, aunque con algunas señales de moderación en la punta. En su opinión, se trata de un fenómeno favorable que debe ser seguido atentamente. En materia de inflación, señala que el último registro no fue diferente del proyectado internamente, aunque sorprendió levemente al mercado; y que más allá de los efectos puntuales, la inflación total sigue en un rango cercano al deseado, al igual que la inflación subyacente, que refleja de mejor manera las presiones de demanda en la economía. Con todo, destaca que no se observa alguna incoherencia entre los distintos componentes de la inflación y el ciclo económico medido desde distintas dimensiones, aunque sí una presión de precios internos que está siendo compensada con menores costos importados. El Consejero señor Sebastián Claro estima que de acuerdo a los antecedentes expuestos, esta diferencia en el ciclo económico chileno hace necesario profundizar en lo concerniente a la evolución de las presiones inflacionarias hacia el mediano plazo. Agrega que la tensión entre un mundo débil y una economía vigorosa dan cuenta de que las perspectivas futuras se mantienen abiertas. En este sentido, señala que aunque los escenarios catastróficos tengan por ahora menor probabilidad de ocurrencia, ello no suprime el efecto negativo que el bajo dinamismo de la economía mundial tendrá sobre Chile. A su vez, deja constancia que la fortaleza objetiva de la economía interna la hace atractiva para inversionistas, lo que plantea la posibilidad que la demanda y la actividad se mantengan vigorosas por un tiempo, lo que también tiene implicancias que son importantes de analizar. En razón de lo expuesto, el Consejero señor Sebastián Claro expresa que por ahora lo más adecuado es mantener la Tasa de Política Monetaria en 5% anual, por lo que su voto refleja esa opinión.",,RPM-2012-10-18,5153,1,True,2012,3537,557,False,False,9,True,autoridad_señal,2012_13_mantiene
2006-03-16,808,RPM-2006-03-16:625:1,Consejo del Banco Central de Chile,Consejo,acuerdo_comunicado,acuerdo_comunicado,"En mérito de lo anterior, el Consejo, por la unanimidad de sus miembros, adopta
el siguiente Acuerdo:
90-01-060316-Tasa de Política Monetaria.
En su reunión mensual de política monetaria, el Consejo del Banco Central de
Chile acordó mantener la tasa de interés de política monetaria en 4,75% anual.
Comunicado
“ En su reunión mensual de política monetaria, el Consejo del Banco Central acordó mantener
la tasa de interés de política monetaria en 4,75% anual.
Más allá de vaivenes, debidos principalmente a la incidencia de cambios en los precios de los
combustibles, la inflación ha seguido una trayectoria similar a la esperada en el último Informe
de Política Monetaria. La inflación anual del IPC se ubica transitoriamente algo por sobre 4%
y la inflación subyacente IPCX (que excluye combustibles y perecibles) en 3,5%. Sin
embargo, tanto la inflación subyacente IPCX1 (que además excluye algunos servicios
regulados) como otros indicadores de la tendencia inflacionaria y las distintas medidas de
expectativas de inflación continúan bien ancladas en torno al centro del rango meta. La actividad ha continuado con un ritmo de crecimiento por encima de su tendencia, dejando
atrás la relativa debilidad observada el tercer trimestre del año pasado. La demanda interna
se ha desacelerado, aunque a un ritmo menor a lo previsto en el último Informe de Política
Monetaria producto de una mayor fortaleza del consumo. La ocupación asalariada continúa
expandiéndose con vigor. El favorable entorno externo que enfrenta la economía chilena se
aprecia algo mejor que en meses pasados y las condiciones financieras internas continúan
siendo expansivas.
El Consejo estima que los antecedentes analizados son insuficientes para acelerar, en esta
oportunidad, el ritmo de normalización de la política monetaria. Sin perjuicio de lo anterior,
reafirma que incrementos futuros de la tasa de interés siguen siendo necesarios para
alcanzar, en el escenario más probable, una inflación en torno a 3% anual en el horizonte
habitual de política de 12 a 24 meses.”
El Consejo aprueba el texto del Comunicado.
Se levanta la Sesión a las
16.30 horas.",,RPM-2006-03-16,625,1,True,2006,2132,334,False,False,9,True,autoridad_señal,2006_alza_fin
2012-02-14,6564,RPM-2012-02-14:4633:1,Beltrán de Ramón Acevedo,Gerente de División Operaciones Financieras,mercados_financieros,mercados_financieros,"El Gerente de División Operaciones Financieras señor Beltrán de Ramón, señala que, de acuerdo con el informe que prepara la Gerencia de Mercados Nacionales, el mercado espera una inflación de 3,8% en doce meses para el mes de mayo próximo. Consulta, en consecuencia, si la menor inflación proyectada por la Gerencia de División Estudios obedece solo al efecto de las expectativas.",,RPM-2012-02-14,4633,1,True,2012,380,61,False,False,9,True,staff_señal,2012_13_mantiene
2014-11-18,8851,RPM-2014-11-18:6506:1,Rodrigo Vergara Montes,Presidente del Banco Central,opciones_tpm,opciones_tpm,"El Presidente señor Rodrigo Vergara deja constancia que la Reunión de Política Monetaria de mayo de 2015 se efectuará el día jueves 14 de ese mes y, a continuación, concede la palabra al Gerente de División Estudios señor Alberto Naudon a fin de que presente al Consejo las Opciones de Política Monetaria que se han considerado en esta oportunidad.",,RPM-2014-11-18,6506,1,True,2014,348,59,False,False,9,True,autoridad_señal,2013_14_bajas
2011-05-12,5804,RPM-2011-05-12:4020:1,Claudio Soto Gamboa,Gerente de Análisis Macroeconómico,mercado_laboral,mercado_laboral,"El señor Claudio Soto explica que esta cambió con la nueva encuesta y que debe considerarse, además, que hay una serie de elementos que están distorsionando la lectura de lo acontecido con el empleo en el último verano, como es el caso del terremoto, que afectó los datos de marzo del año pasado, por lo que la variable creación de empleo se estará monitoreando. De todas maneras, subraya que la tasa de desempleo sigue baja, por debajo de las estimaciones de lo que podría ser la NAIRU, y que ello sería precisamente la causa del aumento de las tasas de crecimiento de los salarios nominales.",,RPM-2011-05-12,4020,1,True,2011,593,105,False,False,9,True,staff_señal,2011_alza
2012-05-17,6772,RPM-2012-05-17:4793:1,Rodrigo Vergara Montes,Presidente del Banco Central,acuerdo_comunicado,acuerdo_comunicado,"El Presidente señor Rodrigo Vergara da inicio a la Reunión de Política Monetaria N° 185, comunicando que, de conformidad con el Reglamento que rige estas Sesiones, ha decidido que la Reunión de Política Monetaria correspondiente al mes de noviembre de 2012 se celebre el día 13 de ese mes. Asimismo, deja constancia que el Ministro de Hacienda señor Felipe Larraín ha informado que asistirá a esta Sesión únicamente en la parte de ella que se reiniciará a las 15:30 horas, de manera de estar presente en el análisis de las opciones de política monetaria y la adopción de los acuerdos correspondientes. A continuación, el Presidente señor Rodrigo Vergara ofrece la palabra al Gerente de Análisis Internacional señor Sergio Lehmann, para efectos de la presentación del escenario externo.",,RPM-2012-05-17,4793,1,True,2012,785,127,False,False,9,True,autoridad_señal,2012_13_mantiene
2008-08-14,2762,RPM-2008-08-14:1994:4,Sergio Lehmann Beresi,Gerente de Análisis Internacional,escenario_internacional,escenario_internacional,"El Gerente señor Sergio Lehmann menciona que cree que de partida la dispersión que hay respecto a expectativas de crecimiento para el próximo año es muy amplia. Por lo tanto, él diría que un elemento que caracteriza a Estados Unidos de América es una amplia incertidumbre respecto a qué va a ocurrir el próximo año en ese país. Comenta que en general, si se revisa hacia el año 2009 qué está esperando el mercado, la proyección más bien ha sido hacia la baja, y de hecho, algunos bancos de inversión están proyectando para el próximo año crecimientos de más menos 0,5%, aún cuando el grueso se está situando en más menos 1,5%. Si se tuviera que mirar con detención qué ha pasado en términos de expectativas para Estados Unidos de América, efectivamente lo único que se ha visto es un crecimiento algo mayor este año, asociado a indicadores de actividad y a medidas fiscales que se han adoptado, pero hacia el próximo año la mirada es más bien hacia un crecimiento algo más debilitado. Indica que detrás de las compensaciones inflacionarias, probablemente hay elementos que señalan que la menor actividad debería tender a reducir las presiones sobre precios domésticos y además, junto con lo que se ha observado más recientemente sobre el precio del petróleo, esto ha llevado a tener una mirada un poco más positiva u optimista de lo que va a ser la inflación pensando hacia el año 2009. Lo anterior, se ha reflejado en el movimiento de la Tasa de Política Monetaria que hoy día más bien se espera en términos de estabilidad.",,RPM-2008-08-14,1994,4,True,2008,1524,266,False,False,9,True,staff_señal,2008_crisis_alza
2011-06-14,5921,RPM-2011-06-14:4110:1,Rodrigo Vergara Montes,Consejero,acuerdo_comunicado,acuerdo_comunicado,"El Consejero señor Rodrigo Vergara comienza su intervención, agradeciendo al staff por la excelente presentación. En primer término, señala que las noticias no han sido buenas en el frente externo. Al respecto, especifica que se ha ido decantando el problema griego y que es evidente que algún arreglo habrá que hacer con respecto a su deuda pública; que ello, más la frágil situación de otros países periféricos de Europa, ha aumentado la incertidumbre global; que Estados Unidos ha ido en una senda de moderación de su crecimiento; que Japón está en recesión, afectado por el terremoto; y que en el mundo desarrollado se postergan nuevamente las alzas de tasas de interés y caen las tasas largas. Por otra parte, advierte que China y otros países emergentes muestran signos de desaceleración, aunque siguen creciendo a tasas elevadas, y que la inflación en estos países al menos ha dejado de subir. En cuanto a Chile, destaca que la actividad interna se ha mantenido dinámica, incluso mayor que la esperada en el IPoM de marzo, pero que en el margen hay señales de cierta moderación. A su juicio, ciertamente es temprano aún para verificar si se trata de datos aislados o de una tendencia. Menciona, asimismo, que el mercado laboral mantiene su dinamismo, aunque en la última medición de salarios y costo de la mano de obra se registró una desaceleración. Por último, subraya que en materia de inflación, las expectativas se han seguido moderando; que la política monetaria más restrictiva, junto con la estabilización e, incluso, con la baja de algunos precios externos, han ayudado a esto; y que la inflación subyacente se mantiene acotada. En este escenario, indica que ambas opciones presentadas por la Gerencia División Estudios son razonables. En su opinión, un alza de 25 puntos base en esta ocasión es coherente con un ajuste monetario más pausado que el de los últimos meses, en un escenario en que la tasa de interés estaría en el rango de lo que se considera la tasa neutral, y es coherente también con el dinamismo de la demanda interna y con el riesgo que esta se modere más lentamente que lo esperado. Manifiesta que el mantener la TPM también es una opción razonable, en cuanto es coherente con un escenario externo más complejo que, inevitablemente, tendrá consecuencias en la economía nacional, y que también lo es con tasas de interés externas extraordinariamente bajas y que, aparentemente, se mantendrán en esos niveles por bastante tiempo. A su juicio, seguir ampliando la brecha de tasas de interés podría tener consecuencias cambiarias indeseadas. Agrega que la baja en las expectativas de inflación interna también apoya esta opción. Finalmente, expresa que es coherente con la necesaria pausa que hay que tener para analizar los efectos de la normalización monetaria del último año que, producto de los tradicionales rezagos, debieran empezar a sentirse con más fuerza a partir de los próximos meses. Con todo, el Consejero señor Rodrigo Vergara se inclina en esta oportunidad por subir la TPM en 25 puntos base, hasta 5,25%. En su opinión, le parece la mejor opción, dada la trayectoria reciente de la TPM y los riesgos que aún existen en el frente interno, además que ello es consistente con la estrategia preventiva seguida hasta ahora. Sin embargo, también estima que es evidente que se está en un rango donde se vislumbra de cerca un período más. (1 pausado, en que ajustes adicionales serán más dependientes de la nueva información que se vaya recibiendo. Más aún, considera que de adoptarse esta decisión, se está cerca de quitar el sesgo a la política monetaria. Por lo mismo, manifiesta que el Comunicado debiera modificarse para dar cuenta de esta situación.",,RPM-2011-06-14,4110,1,True,2011,3695,615,False,False,9,True,autoridad_señal,2011_alza
2007-03-15,1524,RPM-2007-03-15:1156:1,Vittorio Corbo Lioi,Presidente del Banco Central,opciones_tpm,opciones_tpm,"El Presidente señor Vittorio Corbo, ofrece la palabra a los asistentes para comentarios.",,RPM-2007-03-15,1156,1,True,2007,88,13,False,False,9,False,resto_sin_señal,2007_mixto
2010-09-16,4973,RPM-2010-09-16:3345:1,Consejo del Banco Central de Chile,Consejo,apertura_cierre,apertura_cierre,"ACTA CORRESPONDIENTE A LA SESIÓN DE POLÍTICA MONETARIA N° 160 celebrada el día jueves 16 de septiembre de 2010 En Santiago de Chile, a 16 de septiembre de 2010, siendo las 11:30 horas, se reúne el Consejo del Banco Central de Chile, bajo la presidencia del titular don José De Gregorio Rebeco y con la asistencia del Vicepresidente don Manuel Marfán Lewis y de los Consejeros don Enrique Marshall Rivera, don Sebastián Claro Edwards y don Rodrigo Vergara Montes. Asisten también los señores: Ministro de Hacienda, don Felipe Larraín Bascuñán; Gerente General, don Alejandro Zurbuchen Silva; Fiscal y Ministro de Fe, don Miguel Ángel Nacrur Gazali; Gerente de División Estudios, don Pablo García Silva; Gerente de División Operaciones Financieras, don Beltrán de Ramón Acevedo; Gerente de División Estadísticas, don Ricardo Vicuña Poblete; Gerente Asesor, don Luis Óscar Herrera Barriga; Gerente de Análisis Macroeconómico, don Claudio Soto Gamboa; Gerente de Análisis Internacional, don Sergio Lehmann Beresi; Gerente de Investigación Económica, don Luis Felipe Céspedes Cifuentes; Gerente de Mercados Nacionales, don Matías Bernier Bórquez; Gerente de Estabilidad Financiera, don Luis Opazo Roco; Gerente Asesor de Comunicaciones, don Luis Álvarez Vallejos; Gerente de Estrategia y Comunicación de Política Monetaria Subrogante, doña Tatiana Vargas Manzo; Asesor del Ministro de Hacienda, don Rodrigo Cerda Norambuena; Economista Senior, doña Erika Arraño González; Asesor de la Presidencia, don Felipe Labbé Castillo; y la Secretario General, doña Marlys Pabst Cortés.",,RPM-2010-09-16,3345,1,True,2010,1570,232,False,False,9,False,resto_sin_señal,2010_alza_emergencia
2013-05-16,7668,RPM-2013-05-16:5547:1,Enrique Marshall Rivera,Consejero,debate,debate,"El Consejero señor Enrique Marshall expresa que se ha permanecido por un tiempo prolongado con un diferencial de tasas de interés apreciable respecto del resto del mundo, por lo que en su opinión, tan pronto se cuente con datos relevantes y que otorguen certeza sobre una desaceleración de la economía nacional, considera que el Banco debería actuar con prontitud.",,RPM-2013-05-16,5547,1,True,2013,364,59,False,False,9,False,resto_sin_señal,2012_13_mantiene
2011-08-18,6115,RPM-2011-08-18:4280:1,Consejo del Banco Central de Chile,Consejo,acuerdo_comunicado,acuerdo_comunicado,"En virtud de lo anterior, el Consejo adoptó el siguiente Acuerdo: 174-01-110818 - Tasa de Política Monetaria En su reunión mensual de política monetaria, el Consejo del Banco Central de Chile acordó mantener la tasa de interés de política monetaria en 5,25% anual. Comunicado “En su reunión mensual de política monetaria, el Consejo del Banco Central de Chile acordó mantener la tasa de interés de política monetaria en 5,25% anual. En el ámbito externo, los indicadores de actividad confirman un ritmo de crecimiento más lento en Estados Unidos y Europa, y las proyecciones de consenso para estas economías se han corregido a la baja. Asimismo, se ha acentuado la preocupación respecto de sus riesgos fiscales y financieros, particularmente en la Zona Euro, lo que ha originado un aumento generalizado de la volatilidad financiera y mayor aversión al riesgo, con un ajuste significativo en los precios de activos. Los precios del cobre y del petróleo han registrado reducciones importantes en las últimas semanas. A nivel global, las expectativas inflacionarias de mediano plazo han disminuido y las perspectivas de normalización de las tasas de interés en las economías avanzadas se han aplazado nuevamente. En el plano interno, las cifras de actividad, demanda y del mercado laboral evolucionan con dinamismo y en el margen muestran señales de moderación. Sin embargo, en el caso del producto y la demanda, dicha moderación ha sido algo menor que lo contemplado en el escenario base del Informe de Política Monetaria de junio. Los registros anuales de inflación del IPC se han mantenido en torno a 3% y los de inflación subyacente permanecen acotados. Las expectativas inflacionarias muestran un significativo descenso, ubicándose en torno a la meta. El Consejo reafirma su compromiso de conducir la política monetaria con flexibilidad, de manera que la inflación proyectada se ubique en 3% en el horizonte de política. Cambios futuros en la TPM dependerán de las implicancias de las condiciones macroeconómicas internas y externas sobre las perspectivas inflacionarias.”",,RPM-2011-08-18,4280,1,True,2011,2074,326,False,False,9,True,autoridad_señal,2011_alza
2013-12-12,8131,RPM-2013-12-12:5942:1,Luis Óscar Herrera Barriga,Gerente de División Estudios,opciones_tpm,opciones_tpm,"El señor Luis Óscar Herrera manifiesta que esa diferencia se debe a que el impulso inicial de depreciación lo originó la salida de los NDF, lo cual genera distorsiones en el mercado que hacen más atractivo a los fondos de pensiones invertir en el exterior y a las empresas obtener crédito en Chile, en lugar de hacerlo en el extranjero. En cuanto a la inflación, señala que el alza reciente obedece a un ajuste de precios relativos; y que desde una perspectiva de mediano y largo plazo, tanto las expectativas como las proyecciones internas y privadas la atribuyen a elementos transitorios.",,RPM-2013-12-12,5942,1,True,2013,590,101,False,False,9,True,staff_señal,2013_14_bajas
2010-02-11,4341,RPM-2010-02-11:2915:4,Claudio Soto Gamboa,Gerente de Análisis Macroeconómico,mercado_laboral,mercado_laboral,"En cuanto a las tasas de variación de los salarios reales, el señor Claudio Soto indica que el último dato da cuenta de una calda, no obstante que el registro de diciembre de precios fue negativo y el dato de salarios fue positivo, explicando que la base de comparación de diciembre del año pasado hace que en doce meses se registre una caída en la tasa de variación anual. Refiriéndose ahora al IPC, el Gerente de Análisis Macroeconómico, señala que la variación del IPC mensual fue de 0,5% y que el IPCX1 llegó a -0,3%. Menciona que hubo dos sorpresas relevantes: una en vestuario, que determinó que la caída del IPCX1, de -0,4%, haya sido mayor que el -0,2% esperado; y la segunda, que fue la incidencia de gastos financieros, derivado de un tema metodológico, por el efecto de pasar las series de precios desde base diciembre 2008 igual 100 a base promedio 2009 igual 100. Al respecto, explica que si bien la dinámica de ambas series es similar, la diferencia está en el delta p, ya que para la primera este es de 28, en cambio que para la serie promedio 2009 igual 100 es de 42. Agrega que para evaluar la incidencia de este ítem se utiliza una fórmula bastante estándar, consistente en el cambio en el precio multiplicado por la ponderación y dividido por el IPC esperado. Indica que el IPC en promedio del índice es muy parecido, es decir que el del mes de diciembre es similar en base 2009 promedio igual 100 que en base diciembre 2008 igual 100, agregando que el ponderador aumentó levemente, desde 1,60 a 1,86.",,RPM-2010-02-11,2915,4,True,2010,1520,274,False,False,9,False,resto_sin_señal,2010_alza_emergencia
2014-03-13,8350,RPM-2014-03-13:6112:1,Rodrigo Vergara Montes,Presidente del Banco Central,escenario_internacional,escenario_internacional,"El Presidente señor Rodrigo Vergara agradece el planteamiento expuesto por el Vicepresidente señor Enrique Marshall e inicia su intervención expresando su reconocimiento al staff por el excelente análisis consignado precedentemente. En lo concerniente al escenario externo, señala que se sigue consolidando la tendencia de mayor crecimiento en las economías desarrolladas, particularmente en Estados Unidos de América, y menor crecimiento en las emergentes. Agrega que en las primeras siguen las dudas sobre la fortaleza de Europa y de Japón, pero más allá de las cifras puntuales, la economía norteamericana tiene un claro patrón ascendente. Hace notar que en el caso europeo sorprende la baja inflación, con varios países ya en el terreno negativo; y que la apreciación del euro también es motivo de asombro. Añade que el precio del cobre ha tenido una baja importante, mientras que el de los alimentos va al alza. Consigna que en China, las noticias sobre su eventual fragilidad financiera son preocupantes. Añade que por la importancia de esta economía en el mercado de las materias primas, estas noticias se correlacionan con los recientes desarrollos en el mercado del cobre.",,RPM-2014-03-13,6112,1,True,2014,1181,184,False,False,9,True,autoridad_señal,2013_14_bajas
2013-10-17,8020,RPM-2013-10-17:5844:1,Luis Óscar Herrera Barriga,Gerente de División Estudios,escenario_internacional,escenario_internacional,"El señor Luis Óscar Herrera inicia su intervención señalando que atendidos los antecedentes expuestos en la parte de esta Reunión de Política Monetaria celebrada precedentemente y que se sintetizan en la minuta respectiva concerniente al escenario internacional y al plano local, en esta ocasión se proponen como opciones relevantes mantener la Tasa de Política Monetaria en 5% anual o recortarla en 25 puntos base a 4,75% anual. Hace presente que la opción de mantener dicha tasa se podría justificar en la desaceleración más suave que ha exhibido la demanda final respecto de las proyecciones contenidas en el IPoM del mes de septiembre último, la estrechez que reflejan las condiciones del mercado laboral y el reciente repunte de algunos indicadores relacionados con el consumo privado. Además, en los últimos meses se ha producido una inusual desacumulación de inventarios, cuya interpretación es incierta aún, y que se podría revertir al menos parcialmente en lo futuro. En este contexto, menciona que la acumulación de mayor información permitiría verificar si en los próximos meses se profundiza la tendencia de desaceleración de las ventas finales, tal como se encuentra implícito en las proyecciones del último Informe. Por su parte, expresa que la opción de recortar la Tasa de Política Monetaria podría justificarse en la paulatina consolidación del escenario anticipado en los IPoM correspondientes a los meses de junio y septiembre del año en curso. En efecto, desde el segundo trimestre de este año, se ha ido asentando un escenario internacional algo más debilitado, que se caracteriza por un menor crecimiento mundial, menores términos de intercambio, condiciones financieras externas menos favorables y la maduración del ciclo global de inversiones en minería. Agrega que las proyecciones de consenso así como aquellas publicadas por el Fondo Monetario Internacional avizoran una modesta recuperación del crecimiento mundial para el próximo año junto con profundizarse el estrechamiento de las condiciones financieras externas ante el gradual retiro del estímulo monetario de la Reserva Federal y que se mantienen los precios de materias primas, tanto por concepto de expansión de la oferta como la moderación de la demanda ante un menor crecimiento de China. Sobre este aspecto, deja constancia que en los citados IPoM se ha señalado que la materialización de este escenario internacional, si se mantiene todo lo demás constante, llevará paulatinamente a un crecimiento inferior del producto y la demanda interna; una menor intensidad en el uso de los recursos domésticos; una inflación más contenida; y, a mediano plazo, un menor déficit de la cuenta corriente. Además, los indicadores recientes muestran que la actividad económica y las importaciones han continuado evolucionando a un ritmo moderado acorde con el escenario delineado en el último IPoM, mientras que la demanda final, si bien ha reducido su tasa de expansión, lo ha hecho con mayor suavidad de lo esperado gracias a la fortaleza que aún mantiene el consumo privado y el sustento que encuentra en el mercado laboral. Esta disparidad entre los indicadores de oferta y demanda tiene como contrapartida una reducción de existencias, cuya interpretación genera interrogantes. Por un lado, se estima que parte de esta reducción podría ser transitoria y se compensaría en el futuro cercano a través de menores exportaciones, como en el caso de la minería o mayores importaciones y producción, tratándose de la industria y el comercio. Otra alternativa consistiría en que parte de esta reducción refleje la dinámica habitual en periodos de desaceleración de la demanda, en cuyo caso no sería compensada en lo futuro. En este sentido, consigna que las encuestas de confianza a empresas y consumidores, aunque con vaivenes, continúan ubicándose en un menor nivel que el observado al iniciarse este año. Asimismo, las expectativas de consenso para el crecimiento del PIB en Chile en los años 2013 y 2014 se han ido ajustando paulatinamente a la baja a lo largo de los últimos meses, proyectando tasas coherentes con las previstas en el IPoM y algo inferiores a las estimaciones habituales del crecimiento de tendencia. Asimismo, indica que desde el mes de junio en adelante, las medidas de inflación han evolucionado algo por debajo de lo proyectado en los respectivos IPoM, permaneciendo en la parte inferior del rango de tolerancia en el caso de la inflación total y bajo este tratándose de las medidas de inflación subyacente. Añade que las proyecciones de dicho Informe, así como las expectativas de mercado, continúan anticipando una normalización de la inflación hacia el 3% en el horizonte de proyección, pero en forma gradual. Esta gradualidad se ve reflejada en la acotada expectativa que muestra la inflación para los próximos seis meses, la que se ha reducido en las últimas semanas como consecuencia de la reciente apreciación del peso chileno y el retroceso en los precios de combustibles tras la atenuación de los riesgos geopolíticos en Siria, como asimismo, en otras materias primas. En suma, plantea que a lo largo de los últimos meses se ha ido consolidando un escenario de menor impulso externo, desaceleración del crecimiento de la economía chilena y presiones inflacionarias acotadas.",,RPM-2013-10-17,5844,1,True,2013,5281,834,False,False,9,True,staff_señal,2013_14_bajas
2008-07-10,2735,RPM-2008-07-10:1975:1,José De Gregorio Rebeco,Presidente del Banco Central,acuerdo_comunicado,acuerdo_comunicado,"El Presidente señor José De Gregorio consulta al Consejero señor Sebastián Claro si se suma a la votación de la mayoría de los Consejeros, en cuanto a subir la Tasa de Política Monetaria en 50 puntos base.",,RPM-2008-07-10,1975,1,True,2008,205,37,False,False,9,True,autoridad_señal,2008_crisis_alza
2007-03-15,1470,RPM-2007-03-15:1105:1,Vittorio Corbo Lioi,Presidente del Banco Central,otros,apertura_cierre,"El Presidente señor Vittorio Corbo, comunica a los señores Consejeros que el orden de la tabla, en esta oportunidad, se cambiará debido a que el primer ítem, referido a la fijación de la fecha de la Reunión de Política Monetaria que corresponde al mes de septiembre de 2007, aún no se encuentra definida debido a que coincidirían las fechas de la presentación del Informe de Política Monetaria del mismo mes al Senado, con otras reuniones de esa Corporación, lo que deberá coordinar con su Presidente, H. Senador señor Eduardo Frei Ruiz-Tagle, y que lo comunicará en su oportunidad. A continuación, el señor Presidente señala que, como es habitual, se dará inicio al Informe Económico y Financiero que presenta la Gerencia de División Estudios.",,RPM-2007-03-15,1105,1,True,2007,744,123,False,False,9,False,resto_sin_señal,2007_mixto
2014-02-18,8263,RPM-2014-02-18:6041:1,Claudio Soto Gamboa,Gerente de Análisis Macroeconómico,acuerdo_comunicado,acuerdo_comunicado,"El señor Claudio Soto señala que los antecedentes antedichos llevan a proponer a título de opciones relevantes en esta ocasión, mantener la Tasa de Política Monetaria en 4,50% anual o disminuirla en 25 puntos base, a 4,25% anual, en razón de los fundamentos que pasa a exponer. En primer término, indica que la información internacional conocida desde la última Reunión es coherente con el escenario base señalado en el último IPoM, por cuanto se advierte una recuperación gradual del crecimiento de nuestros socios comerciales, un retiro lento del estímulo monetario en las economías avanzadas, y condiciones financieras más restrictivas para las economías emergentes. Sin embargo, algunos de los riesgos identificados en dicho Informe parecen haberse agudizado, como ocurre con la posibilidad de un freno más intenso en el crecimiento de la economía en China, mientras que otros parecen haberse moderado, como es el caso de aquellos que se relacionan con la evolución del crecimiento de la Zona Euro. Manifiesta que otro riesgo relevante se refiere al proceso de normalización de la política monetaria en Estados Unidos de América y sus consecuencias sobre los mercados financieros internacionales. En todo caso, si bien por el momento no se observan cambios en la trayectoria esperada de la tasa rectora de la Reserva Federal, constituye un punto a observar la reciente caída en el desempleo y sus implicancias sobre las holguras existentes en la economía norteamericana. Por el lado de la economía chilena, los datos muestran que se ha materializado un proceso de desaceleración de la actividad y de la demanda algo más intenso que lo estimado en el último IPoM. Hace presente que esta desaceleración se encuentra liderada por la inversión, en tanto que el consumo privado se ha mostrado resiliente en un contexto donde el mercado laboral permanece estrecho. La inflación, por su parte, muestra registros acotados a pesar de la importante depreciación del peso, y las expectativas de inflación se mantienen en torno a la meta. En lo referente a la opción de mantener la TPM, señala que esta alternativa se podría justificar en que ya se han materializado recortes de la tasa de interés; el crédito doméstico continúa fluyendo en forma normal hacia los hogares y las empresas; el peso se ha depreciado en términos reales, ubicándose algo por encima de sus promedios históricos; y la inflación ya se encuentra en torno a niveles del 3% anual. Por su parte, manifiesta que la alternativa de recortar la TPM es coherente con lo planteado en el último Informe de Política Monetaria. En efecto, por varios trimestres, la actividad económica y, en particular, la de los sectores distintos de recursos naturales, ha venido creciendo por debajo de su tendencia, lo que resta presión al uso de la capacidad instalada y, en algún plazo, también se reflejará en un relajamiento de las condiciones en el mercado laboral. Además, los datos recientes muestran que la desaceleración de la economía chilena ha continuado profundizándose y que algunos indicadores vinculados a la inversión han estado incluso por debajo de lo esperado, lo que ha llevado a corregir la proyección de corto plazo para la actividad y la demanda. En lo relativo al comportamiento reciente de la inflación y sus implicancias para la política monetaria, expresa que más allá de algunos elementos puntuales vinculados con precios de combustibles, el aumento observado recientemente refleja el impacto de la depreciación del peso sobre los precios de bienes importados, lo que es parte del proceso de ajuste de la economía. Destaca la importancia de vigilar que los efectos de segunda vuelta de estos shocks sobre otros precios, salarios y expectativas se mantengan acotados y sobre el particular, indica que en la coyuntura actual no se detectan efectos secundarios relevantes, por lo que cabe esperar que no se produzcan cambios en la medida que continúen las holguras en los mercados finales y de factores. En cuanto a las consideraciones tácticas, plantea que la mayoría de los analistas y operadores espera una reducción de la TPM en esta oportunidad, por lo que no debiera generarse un impacto mayor en los precios financieros. Asimismo, si bien las proyecciones de mediano plazo para evaluar la trayectoria de la tasa de política se efectuarán con ocasión del IPoM de marzo, las proyecciones de corto plazo indican que en los próximos meses muy probablemente será necesario realizar recortes adicionales de la TPM para asegurar que la inflación permanezca en torno a la meta en el horizonte de política. Por esta razón, se estima conveniente mantener un sesgo explícito a la baja en el párrafo final del Comunicado.",,RPM-2014-02-18,6041,1,True,2014,4683,761,False,False,9,True,staff_señal,2013_14_bajas
2015-03-19,9061,RPM-2015-03-19:6682:1,Rodrigo Vergara Montes,Presidente del Banco Central,decision_tpm,decision_tpm,"El Presidente señor Rodrigo Vergara agradece la opinión del Ministro de Hacienda señor Alberto Arenas y al no haber comentarios del staff, da paso al proceso de votación de la opción planteada por la Gerencia de División Estudios, ofreciendo, en primer término, la palabra al Consejero señor Pablo García.",,RPM-2015-03-19,6682,1,True,2015,305,49,False,False,9,True,autoridad_señal,2015_quiebre
2015-10-15,9535,RPM-2015-10-15:7068:1,Sebastián Claro Edwards,Vicepresidente del Banco Central,acuerdo_comunicado,acuerdo_comunicado,"El Vicepresidente señor Sebastián Claro hace referencia a la incompatibilidad que se observa entre la positiva evolución de los activos riesgosos y la corrección a la baja en el crecimiento, planteando que detrás de estos desarrollos habría una percepción de que la Reserva Federal actuará con mayor lentitud que la anunciada. Agrega que, a su juicio, se ha sobreestimado la relevancia de la eventual alza de la tasa de instancia norteamericana, ya que, en la práctica, esta sería probablemente menor. A este respecto, indica que una alternativa es que la Reserva Federal actúe pronto, adelantándose a las expectativas de mercado, porque el argumento aludido en la Reunión de septiembre sobre su preocupación por China puede jugarle en contra, atendida la incerteza respecto del tiempo que tardaría en dilucidar que dicho riesgo ya no existe. Agrega que el alza de tasa revertiría la presión apreciativa sobre algunos activos financieros. De otro lado, considera que no es descartable un escenario de retraso sostenido de la primera alza de tasa, lo que sería atribuible a una mayor debilidad de la economía norteamericana. Expresa que, a su juicio, hay un juego entre la visión de mercado y la comunicación de la Reserva Federal que es extremadamente complejo, en especial, por su incidencia en los países emergentes, cuyos resultados del último mes —excepto en el caso de Brasil— podrían devolverse rápidamente. En su opinión, es un aspecto a monitorear. Por último, hace referencia a la baja inflación externa en dólares y a una depreciación nominal muy significativa, pero que en términos reales es bastante más acotada, planteando que las estimaciones de pass through estarían en línea con la depreciación del tipo de cambio real. Hace presente que de acuerdo con lo contemplado en el último IPoM, la inflación externa en dólares se revertiría rápidamente desde -15% a niveles en torno -3 o -2% en los próximos trimestres, bajo el supuesto de que la apreciación multilateral del dólar no continúa.",,RPM-2015-10-15,7068,1,True,2015,2002,324,False,False,9,True,autoridad_señal,2015_quiebre
2009-08-13,3878,RPM-2009-08-13:2674:5,Igal Magendzo Weinberger,Asesor del Ministerio de Hacienda,mercados_financieros,mercados_financieros,"El Asesor del Ministro de Hacienda, señor Igal Magendzo, refiriéndose a la afirmación de que la pendiente al alza es por la bancarización de los bancos más riesgosos, pregunta si ello significa que una caída implica una desbancarización.",,RPM-2009-08-13,2674,5,True,2009,237,38,False,False,9,True,staff_señal,2009_bajas
2007-11-13,2018,RPM-2007-11-13:1525:1,Sergio Lehmann Beresi,Gerente de Análisis Internacional,escenario_internacional,escenario_internacional,"El Gerente de Análisis Internacional señor Sergio Lehmann señala que entre los aspectos destacados para esta Reunión, cabe considerar que se refuerzan las expectativas de una desaceleración en el crecimiento mundial, a pesar de las cifras favorables que se han observado para el tercer trimestre en las economías desarrolladas. Indica que en Estados Unidos de América esto se debe al recrudecimiento de las preocupaciones respecto de los alcances que tendría la crisis subprime en los estados financieros negativos de los bancos; las mayores exigencias en la entrega de créditos; y las restricciones que permanecen, e indica que se suman a ello los elevados precios de los energéticos, particularmente el precio del petróleo. Agrega que frente a esta situación la Reserva Federal recortó su Tasa de Política Monetaria en 25 puntos base, y posteriormente logró inyectar liquidez adicional a los mercados. Indica que el mercado ajustó nuevamente sus perspectivas ante el anticipo de un nuevo recorte de la tasa Fed Found en los próximos meses. Por otra parte, las perspectivas para la Tasa de Política Monetaria en la Zona Euro y Japón se mantienen sin cambios significativos. Lo anterior, en el contexto de tasas de interés de largo plazo, que han caído de manera significativa en torno a 35 puntos base en el caso de Estados Unidos de América en el último mes; 20 puntos base en la Zona Euro, y una magnitud similar en el caso de Japón. En tanto, continúa la baja del valor del dólar en los mercados internacionales, ya que en lo que va del año el dólar multilateral ha perdido un 10% de su valor. Los mercados emergentes también han dado cuenta o sentido los efectos de las mayores preocupaciones en los mercados internacionales durante el último mes, lo que se ha reflejado en aumentos de volatilidad e incrementos de spreads. Indica el Gerente señor Lehmann que en materia de commodities el petróleo se ha acercado a US$ 100 el barril, ante el aumento de los riesgos geopolíticos y preocupaciones por el bajo nivel de heating oil al inicio de la temporada de invierno. Por su parte, el precio del cobre desciende 14%, hasta el día de ayer frente a preocupaciones por la debilidad de la demanda norteamericana por este metal. Señala el señor Lehmann que en el cuadro resumen que presenta, en términos de indicadores para Estados Unidos de América, se aprecia que en éstos predominan las noticias negativas, lo que está asociado por ejemplo, al sector construcción, venta de casas, permisos de construcción, y también algunos indicadores relacionados a órdenes por la compra de bienes durables, y también se desprende que la confianza de consumidores está cayendo igualmente que el precio de viviendas. Asimismo, el ISM también está bajando más de lo previsto. Por otra lado, algunas noticias positivas que todavía se están analizando, se encuentran vinculadas particularmente al mercado laboral, creación de empleo y el PIB del tercer trimestre que también fue por sobre lo anticipado, y algunas indicaciones asociadas al consumo. Señala el señor Gerente que como se anticipaba, se duplicó el crecimiento del PIB del tercer trimestre en Estados Unidos de América, en que se destaca la composición de distintos elementos que dan cuenta de un crecimiento por sobre lo anticipado. Destaca especialmente que el aumento o composición del consumo continúa siendo un contribuidor importante de las exportaciones netas, el cual se aprecia por sobre lo anticipado. En cuanto al resto de los componentes, éstos no presentan variaciones significativas respecto a lo que se había observado en el segundo trimestre. Indica que sin embargo, continúan disminuyendo las expectativas para el consumo y las perspectivas futuras. Por su parte, el indicador de consumo personal que tiene una cierta correlación con la confianza de los consumidores, si bien mostró un aumento en el registro del último mes, todo indica que las perspectivas hacia delante deberían ir cayendo, lo que está recogido por la confianza de consumidores del Conference, que muestra una caída bastante significativa así como también la confianza construida a partir de la encuesta de la Universidad de Michigan. Asimismo, señala el señor Lehmann que aparecen señales del mercado laboral, que demuestran que si bien las solicitudes de subsidio de desempleo se mantienen relativamente estables, se observa que la tasa de desempleo comenzará a aumentar y tal vez en línea con este comportamiento, las indicaciones a partir de la encuesta de confianza de consumidores que recogen una mayor dificultad para encontrar empleo. Por lo tanto, recogiendo precisamente esta correlación, estima que se debería prever que el desempleo mantuviera algún aumento al menos en los próximos meses. Por otra parte, se observa una caída importante de las utilidades de las empresas y las condiciones crediticias se ven más estrechas, lo que fundamenta la desaceleración de la economía en el cuarto trimestre y el próximo año. Sin embargo, comenta el señor Gerente de Análisis Internacional que las presiones de precios siguen presentes, no obstante la aceleración que se espera. Indica que el Costo Laboral Unitario, CLU, en doce meses, está relativamente bajo el 2% lo que se explica por el aumento de tecnología. Señala que de todos modos la variación en doce meses se mantiene algo por sobre 4%. En relación al índice de precios, el señor Lehmann señala que los distintos indicadores para el IPC y medias podadas, a propósito de la canasta del IPC en Estados Unidos de América están algo por debajo del 3%, el IPC subyacente está por debajo del 2% y el PCE está en torno a 1,8%. Hace presente que se ha agregado al gráfico que se comenta, para dar cuenta que las presiones inflacionarias podrían estar presentes aún, dos medias podadas que son publicadas por la Reserva Federal. La primera de ellas muestra un ligero aumento para el último mes, que se calcula sobre la base de la mediana de la inclusión de precios, es decir, la mediana de los precios de la canasta del IPC está en el margen aumentando. La segunda de ellas muestra una distribución truncada que es básicamente eliminar las colas, el 16% que más sube y el 16% que más baja, y eso ha mostrado en el margen un aumento, pero de todos modos ambas lecturas se mantienen entre 2% y 3%. Respecto a la Zona Euro, señala el señor Lehmann que se cuenta con buenas noticias para el sector industrial, sin embargo, no tan buenas por el lado del sector laboral, ventas industriales y ventas minoristas. De todas maneras, la economía de la Zona Euro mostró dinamismo durante el tercer trimestre y eso se refleja también en algunos indicadores parciales en lo que se refiere a ventas minoristas. Sin embargo, la confianza de negocios llevaría a una menor actividad en los trimestres siguientes, como se observa en los índices de toda la Zona Euro. En Alemania, Francia e Italia, se observa una caída relativamente importante. Agrega que en la encuesta de confianza se aprecia el menor nivel de los últimos 15 años, lo que refleja una importante desaceleración durante el cuarto trimestre y probablemente con algo más de fuerza durante el próximo año. En términos de inflación, si bien el IPC subyacente se ha mantenido relativamente acotado, por debajo del 2%, el IPC preliminar muestra un aumento importante, algo por debajo del 3% y el IPC muestra también un aumento importante. Indica el señor Lehmann que para Japón los indicadores son más débiles durante este mes, asociados a las perspectivas de crecimiento algo más débiles hacia delante. Agrega que el PIB de Japón para el tercer trimestre fue de 2,6%, valor por sobre lo previsto, ya que se esperaba un 2,8%. Sin embargo, el segundo trimestre fue revisado hacia la baja. La inflación sigue en el plano negativo y la tasa del Banco de Japón se mantuvo. Hace presente el Gerente de Análisis Internacional que respecto a commodities existen variaciones durante el último mes con respecto a la última Reunión de Política Monetaria. El cobre, como ya se adelantaba, cae en 14%, el petróleo aumenta 17% y la gasolina casi 20%. En el caso de los granos, se presentan comportamientos dispares: el trigo cae, el maíz sube, la celulosa y el molibdeno muestran movimientos relativamente pequeños. Agrega que de forma generalizada los inventarios de commodities se ubican en nivel bajo, con niveles de mínimo histórico, lo que no es solamente aplicable para el caso del cobre y petróleo, sino que también para el caso del maíz y el trigo. El precio del petróleo se aproxima a sus máximos históricos, mientras el precio del cobre retrocede. Tal como se observó en la Reunión anterior, aquí se está considerando una canasta de monedas sobre la base de los principales consumidores de commodities. En el caso del cobre se presentan caídas los últimos días y detrás de los movimientos del precio del petróleo se observan factores vinculados a la demanda y a los niveles de inventario. En cuanto al precio del cobre, menciona el Gerente señor Lehmann, éste se revisa al alza. Para el año 2008 se está haciendo una corrección a US$ 3, desde US$ 2,75, sin embargo indica que todavía no están del todo recogidas las noticias en torno a la evolución más reciente del cobre. Agrega que durante las últimas jornadas, con la excepción de hoy, el cobre ha mantenido más bien una trayectoria hacia la baja. Estima que la razón fundamental para revisar este precio está asociada a la información sobre producción para el próximo año de Cochilco y de empresas que dan cuenta de una producción que sería 4% por debajo de la que se preveía. Eso daría cuenta de un mercado más estrecho sobre la base del escenario base. Agrega que sobre la base de demanda de metal, se observa que China informa que el mercado para el próximo año podría estar deficitario y por lo tanto, sostener precios en torno a US$ 3, lo que llevó a corregir la proyección para el 2008, pero en la información más reciente podría modificarse. El Gerente de Análisis Internacional se refiere a las proyecciones para el petróleo, señalando que los datos están muy alineados con la información del Departamento de Energía de Estados Unidos de América para este año y por consiguiente se cuenta con proyecciones más recientes y por ello, con toda seguridad, los precios que se han considerado son más altos que el de los bancos de inversión. Asimismo, señala que en el caso del cobre sucede algo similar, en términos que para el año 2007 se está más o menos alineados y para el año 2008, algo desalineados, más conservadores respecto a la mayor parte de los bancos de inversión, y particularmente respecto a Cochilco. En cuanto a los movimientos de Tasa de Política Monetaria, el Gerente señor Lehmann muestra una gráfica de cómo han ido cambiando las perspectivas desde el mes de septiembre hasta la fecha, en función de las probabilidades de recortes a partir de la Tasa de Política Monetaria de Estados Unidos de América, las que se han ido ubicando hacia la baja, en la medida que han estado recrudeciendo las preocupaciones por el crecimiento, así como también recogiendo los recortes que la Reserva Federal ha estado efectuando. Señala que si bien la mayor parte de los Analistas plantea una mantención, si uno suma las probabilidades de recorte, la mayoría del mercado está esperando un recorte para la próxima reunión de la Reserva Federal a mediados de diciembre de este año. En cuanto a las tasas largas, señala el señor Gerente que éstas caen de manera significativa. La tasa nominal y la real llevan a una compensación inflacionaria que se mantiene relativamente estable. En el caso de Europa y Japón, se presentan caídas relativamente importantes en las tasas a 10 años plazo. El dólar por su parte, continúa perdiendo terreno frente a las principales monedas. El dólar multilateral presenta una tendencia importante hacia la depreciación. Por consiguiente, vemos alzas del Yen, la Libra Esterlina y el Euro, lo que ubica a esa divisa en el mínimo histórico, pero en una perspectiva un poco más larga. Señala que se ha observado desde el año 1990 al 2007 e indica que existe el récord del menor nivel del dólar en términos multilaterales de los últimos 17 años. Señala que en el caso particular del Euro, comparado con el Marco Alemán para hacer el efecto de empalme correspondiente, en los máximos históricos o al menos mirado desde los años 90, en el caso del Yen se tiene bastante más variabilidad, pero claramente se está mirando una situación excepcional en términos del grado de depreciación que mostró el Dólar.",,RPM-2007-11-13,1525,1,True,2007,12514,2101,False,False,9,True,staff_señal,2007_mixto
2014-02-18,8282,RPM-2014-02-18:6056:1,Consejo del Banco Central de Chile,Consejo,acuerdo_comunicado,apertura_cierre,El Consejo aprueba el texto del Comunicado. Se levanta la Sesión a las 16:55 horas.,,RPM-2014-02-18,6056,1,True,2014,83,15,False,False,9,True,autoridad_señal,2013_14_bajas
2013-04-11,7611,RPM-2013-04-11:5498:1,Rodrigo Vergara Montes,Presidente del Banco Central,opciones_tpm,opciones_tpm,"El Presidente señor Rodrigo Vergara agradece la presentación del Gerente de Análisis Macroeconómico señor Claudio Soto. Al no formularse otros comentarios, siendo la 13:15 horas, el Presidente señor Rodrigo Vergara suspende la presente Reunión y deja constancia que ella se reiniciará a las 15:30 horas para tratar las opciones de política monetaria.",,RPM-2013-04-11,5498,1,True,2013,350,52,False,False,9,True,autoridad_señal,2012_13_mantiene
2011-02-17,5560,RPM-2011-02-17:3808:1,Rodrigo Vergara Montes,Consejero,acuerdo_comunicado,acuerdo_comunicado,"El Consejero señor Rodrigo Vergara da inicio a su intervención, agradeciendo al staff por su excelente presentación. Señala, en primer término, que en el frente externo, las noticias son algo mejores, con incrementos en las proyecciones de crecimiento, particularmente en Estados Unidos; que aún así, se mantiene la incertidumbre en Europa y, en especial, preocupan los elevados indicadores de riesgo financiero en los países de la periferia de dicho continente; y que en los países emergentes se consolidan las expectativas de mayor inflación relacionadas, en parte importante, con el aumento en el precio de los alimentos. En segundo lugar, destaca que el precio del cobre ha marcado nuevos récords y que las proyecciones para los próximos años se han elevado en forma considerable. Subraya, asimismo, que en Chile, el tipo de cambio se ha apreciado. Agrega que la actividad, por su parte, sigue de acuerdo con lo esperado y que, al respecto, no parecen haber mayores sorpresas. Comenta que en el frente inflacionario, en tanto, se han producido algunos eventos de importancia, siendo el más relevante el que dice relación con el aumento en las expectativas de inflación en el horizonte de política monetaria. En su opinión, el aumento en el precio internacional de los alimentos, los mayores precios esperados del petróleo y el cierre de brechas internas estaría tras esta proyección de mayores precios, que, como se mencionó previamente, es un fenómeno bastante generalizado en el mundo emergente. Dada la importancia de las expectativas en esta materia, enfatiza que es clave no subestimar este fenómeno. A su juicio, el mero hecho que el Banco Central de Chile haya sido explícito sobre este tema, manifestando su preocupación y su firme compromiso con la meta inflacionaria, ayudará mitigar efectos indeseados sobre las expectativas. De hecho, expresa que esta preocupación refuerza la estrategia de continuar normalizando la política monetaria planteada en el último IPoM, la que sigue plenamente vigente. Indica que la pausa que se hizo en la Reunión pasada fue perfectamente consistente con esta política que también consideraba, y sigue considerando, algunas intermitencias en el proceso, dependiendo de las condiciones que estén presentes en cada momento. Destaca, al respecto, que el Banco Central se ha mantenido delante de la curva en este ciclo y ha ajustado su política monetaria en la forma correspondiente, y que, de hecho, en el grupo de países que presenta el staff en sus antecedentes, Chile es el país que más ajustó su tasa de política monetaria en el último año. El Consejero señor Rodrigo Vergara hace presente que se inclina por retomar el proceso de alzas en esta oportunidad. En este sentido, argumenta que mantener la tasa por segundo mes consecutivo no sería consistente, en esta ocasión, con la preocupación manifestada sobre la inflación, además que con ello habría un mayor riesgo de desanclaje de las expectativas. Estima que elevarla más de 25 puntos base sería sobrerreaccionar en un momento en que la inflación efectiva, y particularmente la subyacente, sigue acotada y donde, a pesar del alza en las expectativas, estas se mantienen en el rango de tolerancia del Banco Central. Por último, manifiesta también su opinión en orden a que el Comunicado debe dejar claro que el proceso de normalización monetaria se mantendrá a futuro. En mérito de lo anteriormente expuesto, el Consejero señor Rodrigo Vergara expresa que su voto, en esta oportunidad, es por elevar la TPM en 25 puntos base para llevarla a 3,5%.",,RPM-2011-02-17,3808,1,True,2011,3547,571,False,False,9,True,autoridad_señal,2011_alza
2014-11-18,8856,RPM-2014-11-18:6509:1,Pablo García Silva,Consejero,decision_tpm,decision_tpm,"El Consejero señor Pablo García inicia su intervención agradeciendo los antecedentes y opiniones expresados por los personeros de la Gerencia de División Estudios en el día de hoy. En su opinión, es evidente que los antecedentes coyunturales son pobres. En efecto, por un lado, la actividad y la demanda, principalmente la inversión, están por debajo de lo previsto y, por otro, la inflación está por encima de lo esperado. Expresa que el próximo Informe de Política Monetaria permitirá revisar la configuración del escenario central; no obstante, estima que no debiesen observarse diferencias cualitativas respecto de los contornos generales que se elaboraron en el Informe previo, esto es, un proceso de ajuste macroeconómico relevante, con una depreciación real y una disminución en el déficit en cuenta corriente significativo, por razones tanto externas como internas. A su juicio, no se debe minimizar el hecho que la política monetaria ha facilitado y acompañado este ajuste, permitiendo que los costos en términos del mercado laboral hayan sido relativamente acotados. Agrega que hacia el año 2015 se deberían observar mayores ritmos de expansión económica, así como una disminución de la inflación anual hacia el centro del rango meta. lf El Consejero señor Pablo García expresa su concordancia con lo consignado en la Minuta de Opciones en cuanto a que los antecedentes sorpresivos del último mes, a diferencia de lo observado en el primer trimestre del año, son esencialmente transitorios. Señala que nuestro proceso de toma de decisiones de política monetaria es sistemático, razón por la que la decisión que se adopte en esta Reunión debe ser también congruente con la comunicación pasada. A este respecto, recuerda que en el mes de octubre se transitó hacia un sesgo más neutral de la política monetaria. En su opinión, no se advierte que los antecedentes coyunturales recientes modifiquen nuestra visión respecto de que esa fue una decisión acertada. En el contexto antedicho, el Consejero señor Pablo García manifiesta concordar, en términos generales, con los argumentos planteados por la Gerencia de División Estudios en cuanto a que la única opción que parece razonable en esta oportunidad es la de mantener la TPM en 3,0%. En razón de ello, señala que su voto es por mantener dicha Tasa en 3% anual.",,RPM-2014-11-18,6509,1,True,2014,2319,371,False,False,9,True,autoridad_señal,2013_14_bajas
2011-01-13,5458,RPM-2011-01-13:3717:1,Consejo del Banco Central de Chile,Consejo,acuerdo_comunicado,apertura_cierre,El Consejo aprueba el texto del Comunicado. Se levanta la Sesión a las 17:05 horas.,,RPM-2011-01-13,3717,1,True,2011,83,15,False,False,9,True,autoridad_señal,2011_alza
2005-10-11,539,RPM-2005-10-11:437:1,Consejo del Banco Central de Chile,Consejo,opciones_tpm,opciones_tpm,"Siendo las 16:00 horas, se reanuda la Sesión de Política Monetaria N° 84.",,RPM-2005-10-11,437,1,True,2005,73,13,False,False,9,False,resto_sin_señal,2006_alza_fin
2009-07-09,3786,RPM-2009-07-09:2629:3,Pablo García Silva,Gerente de División Estudios,mercado_laboral,mercado_laboral,"El Gerente de División Estudios responde que, tal como se ha señalado anteriormente e informado en los últimos Informe de Estabilidad Financiera e Informe de Política Monetaria, lo destacable es que en los últimos seis meses las tasas reales se encuentren por debajo de lo que estaban antes de la crisis; que el aumento de tasas que se produjo fue transitorio; y, que Chile ha sido capaz de acomodar las tasas reales de largo plazo más bajas que las que se habrían supuesto si se nos hubiera consultado en agosto del año pasado, sobre la pregunta hipotética de lo que ocurre con las tasas largas si el spread soberano sube en 200pb ó 300pb. Sobre el particular, señala que el principal fenómeno entonces consiste en que las tasas de largo plazo estén en los niveles relativamente reducidos en que se encuentran, más que hayan subido en el corto plazo. De hecho, menciona que la fuerte caída que tuvo la tasa de los BCU-5, que la ha llevado a niveles menores que 2% real en febrero de este año, en medio de la secuela de la peor crisis financiera de los últimos setenta años, a su juicio, constituye una señal de extraordinaria seguridad que proveen estos títulos, por lo que compararlas con ese nivel puede resultar confuso. Agrega, que existen datos de tasas de interés máximas y de tasas mínimas y que, tal como era de esperar, dado el entorno riesgoso que se presenta, las tasas mínimas han propendido más rápido a la baja de tasas de interés que las tasas máximas, con lo que ha aumentado la dispersión. Puntualiza finalmente, que no hay evidencia de que se haya producido segmentación, en términos de que algunos clientes puedan haber sido excluidos del mercado del crédito, ya que no existen antecedentes confiables al respecto, por lo que habría que revisar la base de datos de la Superintendencia de Bancos e Instituciones Financieras que contiene mayores detalles al respecto.",,RPM-2009-07-09,2629,3,True,2009,1885,326,False,False,9,True,staff_señal,2009_bajas
2008-10-09,2917,RPM-2008-10-09:2105:2,Felipe Jaque,Gerente de Análisis Internacional (S),escenario_internacional,escenario_internacional,"El señor Felipe Jaque indica que su presentación comenzará con un análisis del escenario financiero internacional de la última semana. Menciona que se ha producido un incremento en el nerviosismo en los mercados, impulsado por la quiebra del banco de inversión Lehman Brothers Agrega que se puede observar el aumento de las primas de Gredit Default Swaps (CDS) para la mayoría de las instituciones financieras en Europa, Estados Unidos de América y Reino Unido, comparado con la última Reunión de Política Monetaria. Dichas primas se mantienen relativamente altas hasta el día de hoy. Agrega el señor Jaque que el panorama de liquidez se observa también a plazos mayores en las economías desarrolladas. Comenta que existe una mayor percepción de riesgo, la que aumenta a niveles no observados durante el desarrollo de esta crisis. Al respecto, agrega que los riesgos se elevan a niveles no observados durante el desarrollo de la crisis subprime. Indica que al observar el período que va desde julio - agosto del año pasado a la fecha, se aprecia que estos niveles de riesgo se vieron para mercados desarrollados en la crisis de fines de los años 80, pero que no se habían vuelto a observar en los últimos eventos. Menciona que durante las últimas semanas, se suman al plan de rescate propuesto por Estados Unidos de América, los principales bancos ingleses y que además hay garantías de depósitos en medio de la crisis de confianza en el sistema financiero europeo. Señala que lo que se observa es que una vez que suben los premios de CDS para la banca en Europa, algo se devuelven con el anuncio del plan de rescate, apreciándose una caída bastante pronunciada de los títulos accionarías de esos bancos. Indica que no hay una recuperación en el margen, pero ésta sí se observa para los premios de cobertura de riesgo. Comenta el expositor que se aprecia un descenso generalizado en los precios de activos emergentes, es decir, aumentos de primas.",,RPM-2008-10-09,2105,2,True,2008,1947,328,False,False,9,False,resto_sin_señal,2008_crisis_alza
2013-11-19,8039,RPM-2013-11-19:5861:1,Sergio Lehmann Beresi,Gerente de Análisis Internacional,acuerdo_comunicado,acuerdo_comunicado,"El señor Sergio Lehmann inicia su intervención refiriéndose a las principales noticias de orden político que han tenido efectos en el plano económico desde la Reunión de Política Monetaria, RPM, precedente. En primer término, indica que en Estados Unidos de América, la señora Janet Yellen, nominada para asumir la presidencia de la Reserva Federal a partir del mes de febrero de 2014, frente a un complejo proceso de confirmación por parte del Senado de ese país, ha sostenido reuniones con parlamentarios republicanos que podrían oponerse a su designación. Deja constancia que para ello se necesitan 60 votos y que los senadores demócratas que la apoyan, solo tienen una participación de 53 asientos en el Senado. Asimismo, indica que las elecciones estatales en dicho país han evidenciado un debilitamiento del movimiento político estadounidense denominado Tea Party, lo que podría facilitar los acuerdos fiscales que se deben alcanzar en los próximos meses. En lo concerniente a Alemania, señala que la Unión Demócrata Cristiana, liderada por la Canciller Angela Merkel, y sus futuros socios de coalición, los socialdemócratas, han contemplado concluir las negociaciones para conformar el nuevo gobierno a fines del mes de noviembre en curso. Agrega que en la Zona Euro se realizarán stress test o pruebas de resistencia de los principales bancos del bloque, en carácter de paso previo para fines de supervisión bancaria, lo cual fue aprobado recientemente por los Ministros de Finanzas; y que por otra parte, el Banco Central Europeo consideró que la nueva autoridad encargada del rescate bancario debería ser centralizada, cubrir todos los bancos de esa región, y contar con facultades determinadas con el objeto de obligar a los bancos que se encuentren en dificultades a recapitalizarse o a suspender sus operaciones. Destaca que en China, el Cónclave del Partido Comunista definió los lineamientos políticos y económicos para los próximos años. Expresa que en el primero de ellos se establece que el mercado jugará un rol decisivo en la asignación de recursos, y entre sus principales ideas se contemplan el establecimiento de mercados justos, abiertos y transparentes; la liberalización de precios de bienes y servicios básicos; y la apertura de la economía para la inversión extranjera en diversas industrias. El segundo lineamiento, que define al sector público como pilar de la economía, en coordinación con otras formas de propiedad, tiene por propósito incentivar la propiedad cruzada entre capital público, colectivo y privado; mejorar el sistema de administración y operación del sector público; y, suprimir las barreras de entrada para el sector privado en algunos mercados. El tercero de ellos, se refiere a reformas financieras y liberalización, específicamente a la apertura del sistema financiero, tanto a nivel doméstico como hacia el resto del mundo; el otorgamiento de mayor poder de mercado a la definición del precio del renminbi, liberalizar las tasas de interés y mejorar el establecimiento de la curva de rendimiento de los instrumentos de deuda pública; y, la implementación de algunas reformas en el mercado regulatorio. En cuarto lugar, se contempla una reforma administrativa, cuya finalidad fundamental es redefinir el rol del gobierno en la economía, planteando como punto central la reducción de su intervención directa en ella. Además, postula que el sistema de evaluación administrativa no debe centrarse únicamente en el crecimiento del PIB, sino que también en otras variables; y que deben fortalecerse las bases de datos nacionales y locales. El quinto lineamiento se relaciona con la reforma fiscal y tributaria, busca mejorar la gestión del presupuesto; la gestión adecuada de la deuda del gobierno central y local; incorporar la posibilidad de que los gobiernos locales emitan bonos y, de esa manera, se prescinda del shadow banking para obtener financiamiento; como asimismo, profundizar la reforma tributaria y transparentar la gestión financiera de los gobiernos locales. Por último, señala que el sexto lineamiento promueve la integración urbano- rural y reforma el sistema de registro denominado hukou. Se contempla el mejoramiento del sistema de uso de la tierra y la posibilidad de que algunos campesinos puedan vender sus propiedades; establece un mecanismo para un desarrollo saludable y gradual de la urbanización; contempla una red de seguridad social justa y sostenible, debido a que la actual obliga a las familias a ahorrar más allá de lo razonable y, por lo tanto, a no tener un rol muy importante del consumo; y flexibiliza la política de un hijo único. A continuación, el señor Sergio Lehmann menciona los hechos destacados en materia de mercados financieros. En primer término, se refiere al predominio de las mantenciones de las tasas rectoras y las rebajas de tasas acordadas en la Zona Euro y en algunas economías emergentes. Asimismo, consigna que el Banco Central Europeo prolongó la provisión de liquidez de bancos mediante las operaciones de refinanciamiento a largo plazo, LTRO, y operaciones de mercado abierto hasta el año 2015. Por otra parte, señala que la señora Janet Yellen ha enfatizado que sería un error proceder al retiro del programa de estímulo monetario denominado Quantitative Easing, QE, por cuanto la recuperación económica sigue siendo frágil. Hace notar que ello tuvo una lectura claramente más dovish o suave, y un impacto relativamente importante en los mercados financieros, moderando el alza de tasas de interés que se había observado en respuesta a algunas noticias positivas en materia de actividad, crecimiento y mercado laboral. De hecho, resalta que con ello se estabilizaron las tasas de interés de largo plazo en Estados Unidos de América, en tanto que en la Zona Euro retrocedieron a propósito de una declaración de ese mismo carácter formulada por el Banco Central Europeo y su decisión de recortar la tasa de política monetaria. Añade que, por su parte, se apreció el dólar estadounidense. Además, menciona que en Estados Unidos de América, la encuesta de condiciones crediticias continúa mostrando una menor estrechez que en periodos anteriores, y que tanto las empresas y los bancos han exhibido reportes positivos de utilidades y por sobre lo esperado. Por último, consigna que Standard & Poor’s redujo en un punto o notch la calificación crediticia de Francia, desde “AA+” a “AA”, y con perspectiva estable. Fitch, por su parte, mantuvo la calificación de Holanda en AAA y la de Italia en BBB+, con perspectiva negativa; y, en cuanto a España, calificada en BBB, elevó la perspectiva desde negativa a estable. A continuación, y como es habitual, exhibe el heat map de condiciones financieras que se contiene en la lámina N° 7 de la presentación, que permite visualizar el comportamiento de los mercados financieros en materia bursátil; volatilidad; spreads corporativos; spreads soberanos y CDS spreads respecto del promedio correspondiente al período comprendido entre el mes de abril de 2004 a la fecha. En primer término, destaca los incrementos experimentados por las bolsas de economías desarrolladas, así como la recuperación de los mercados bursátiles situados en países emergentes en la última semana, la cual fue insuficiente para exhibir variaciones positivas desde la última Reunión. En materia de volatilidad, menciona que ella desciende en las economías desarrolladas, excepto en la de Japón. Agrega que los spreads corporativos registran un comportamiento mixto y con movimientos relativamente acotados. Por su parte, los spreads soberanos de las economías de la periferia europea registraron movimientos negativos en la última semana y más bien positivos desde la última RPM, mientras que los correspondientes a economías emergentes exhibieron alzas en la última semana y disminuciones desde dicha Reunión. Por último, comenta que los CDS spreads de los países analizados, esto es, Alemania, Reino Unido, España, Italia y Japón, registraron movimientos a la baja tanto en la última semana como en el acumulado desde la Reunión pasada. Plantea que un análisis más transversal en el tiempo refleja caídas de los CDS soberanos en las economías desarrolladas y con especial fuerza en Estados Unidos de América luego que se postergara la solución del problema fiscal. Añade que movimientos similares se observan en las economías de la periferia europea, bastante estabilidad en Australia y Nueva Zelanda, y mayor heterogeneidad en las economías emergentes. De hecho, destaca el movimiento oscilante que se advierte en el caso de Brasil, con aumentos importantes a principios de este mes y alguna reversión en el margen, porque esa economía está más expuesta a los efectos derivados del posible de retiro del QE. En lo concerniente a tasas de interés de lago plazo, consigna que en Estados Unidos de América, el movimiento de la curva tendió a ser bastante menor que lo anticipado, porque el alza registrada con motivo de la positiva lectura de datos laborales y de crecimiento del tercer trimestre se revirtió luego de las declaraciones de la señora Janet Yellen. Hace presente que en Alemania y Europa se advierten tasas de interés más bajas, debido a que el Banco Central Europeo estaría dispuesto a inyectar liquidez y, eventualmente, a utilizar otro tipo de medidas para fines de estimular la economía. Por su parte, las tasas de interés en economías emergentes exhibieron aumentos relativamente importantes, seguidos de una reversión en el margen, excepto en Corea e Indonesia, en que se han estabilizado en niveles algo mayores. El señor Sergio Lehmann reitera que las condiciones crediticias en Estados Unidos de América han tendido a relajarse. Sobre este aspecto, destaca la existencia de una relación estrecha entre dichas condiciones y las colocaciones en ese país, no así en la Zona Euro y el Reino Unido, en que es más débil. En Japón, en tanto, se advierten condiciones crediticias mayormente expansivas, pero la variación trimestre a trimestre del crédito da cuenta de su contracción. En materia de flujos de capitales, se observan ingresos levemente negativos a economías emergentes, mientras que en las economías desarrolladas, especialmente, en Estados Unidos de América, se aprecian entradas provenientes de no residentes y en renta variable. Asociado a lo anterior, resalta el alza de los precios accionarios en las economías desarrolladas, particularmente en Japón, mientras que los mercados bursátiles latinoamericanos presentan un comportamiento más heterogéneo y resultados marginalmente a la baja; en Asia emergente, destaca la recuperación de la bolsa china a propósito de las medidas anunciadas por el Partido Comunista de ese país; y, por último, expresa que las bolsas de las economías exportadoras de commodities exhiben alzas en el margen. El señor Sergio Lehmann se refiere al heat map de paridades, en que el color azul representa una apreciación de monedas y el rojo, una depreciación. Hace notar que frente a la última Reunión, destacan la apreciación del dólar estadounidense y una depreciación generalizada de las monedas que se analizan habitualmente, excepto las de Corea y China; y que en la última semana, parte de la depreciación acumulada tendió a revertirse parcialmente y el dólar estadounidense se depreció. El señor Sergio Lehmann prosigue con su presentación mencionando las principales noticias en materia de actividad y precios. En primer término, señala que el PIB de Estados Unidos de América correspondiente al tercer trimestre del año exhibe una expansión de 2,8% trimestre a trimestre anualizado, cifra que se encuentra por sobre las expectativas, que se explica fundamentalmente por el aumento de los inventarios; y, que el reporte de empleo del mes de octubre también mostró resultados positivos. En lo atinente a la Zona Euro, consigna que las señales han sido mixtas. En efecto, mientras España concluye su recesión; el Bundesbank advierte sobre las alzas de los precios de las viviendas en Alemania, en circunstancias que el desempeño industrial en ese país estuvo por debajo de las expectativas; y por otra parte, la Comisión Europea rebajó levemente el crecimiento para el año 2014. Añade que la inflación de esa región ha acentuado su desaceleración, alcanzando su variación a 0,7% en doce meses. En cuanto a China, el PIB en ese país registró un crecimiento de 7,8% en el tercer trimestre por concepto de la contribución de la inversión, dando cuenta de que aún no se logra el rebalanceo hacia un mayor consumo; y, sus importaciones y exportaciones recuperaron su dinamismo. Japón, por su parte, presenta resultados mixtos en el corto plazo. Por último, señala que los PMI manufactureros fueron positivos en las economías avanzadas y emergentes, pero en un grado menor en estas últimas; y que los PMI de servicios también mostraron avances. El señor Sergio Lehmann exhibe el cuadro que resume las distintas cifras esperadas y efectivas de actividad en Estados Unidos de América, la Zona Euro, Alemania, Japón, China y Brasil. En cuanto a Estados Unidos de América, resalta que los últimos datos dan cuenta de noticias más positivas. En la Zona Euro, en cambio, son algo menos auspiciosas, en particular, la producción industrial alemana, mientras que en Japón se observan cifras mixtas. En lo referente a China, destaca el predominio de noticias positivas, en especial, la expansión de la producción industrial superior a 10% y el aumento de sus exportaciones e importaciones. Por último, informa que en Brasil, si bien la producción industrial resultó positiva, fue menor que lo previsto, reflejando que su economía aún no se fortalece. A continuación, destaca el avance que exhiben las perspectivas del sector industrial en Estados Unidos de América, la Zona Euro, Japón y China, así como también en las economías emergentes, pero en un grado menor. Agrega que la confianza de los consumidores se recupera en las economías avanzadas y emergentes, siendo más significativa en las primeras, pero sin alcanzar aún el nivel observado en el año 2006. El señor Sergio Lehmann menciona que entre los principales datos de crecimiento del tercer trimestre que fueron conocidos recientemente, destacan los de Estados Unidos de América, Japón y el Reino Unido, que alcanzaron respectivamente a 2,8%; 1,9%; y 3,2% en términos anualizados, superando las expectativas. Hace notar que en el caso del Reino Unido, se trata de la segunda sorpresa consecutiva, luego que la variación de 2,8% registrada en el segundo trimestre también fuera mayor que la prevista. Agrega que el 0,4% de crecimiento de la Zona Euro estuvo acorde con lo anticipado, mientras que el -0,6% de Francia y 0,8% de Portugal fueron menores que lo proyectado. Las economías emergentes presentaron una situación mixta. En efecto, Malasia, la República de Corea y Singapur exhibieron un crecimiento mayor que el esperado, mientras que Tailandia, Hong Kong y Taiwán, lo hicieron por debajo de lo previsto. En lo atinente a Estados Unidos de América, señala que el consumo real se ha moderado a propósito de las declaraciones de la señora Janet Yellen relativas al grado de cautela sobre el retiro del QE y hace notar su alta correlación con la creación de empleo, cuyo último dato se sitúa en torno 200 mil puestos de trabajo; como también, con los salarios reales. En materia de inflación, expresa que el IPC y PCE han tendido a reducirse, despertando un grado de preocupación por una eventual situación deflacionaria. Hace presente que la situación del mercado laboral en la Zona Euro es bastante más crítica que en Estados Unidos de América, porque su tasa de desempleo ha aumentado hasta un nivel en torno a 12% y su inflación se sitúa en una cifra algo por debajo de 1%. En Japón, en tanto, se advierte bastante estabilidad en la tasa de desempleo y el IPC figura excepcionalmente en terreno positivo, no así el IPC subyacente. Comenta que la diferencia entre ambos índices es atribuible al precio de la energía y se relaciona con las dificultades que ha tenido esa economía en materia de energía nuclear. Tratándose del Reino Unido, señala que la tasa de desempleo se ha mantenido en un nivel persistentemente alto, en torno al 8%, llevando al Bank of England a plantearse una meta en ese sentido. Añade que la inflación continúa en un nivel algo superior a 2%, influida por algunos elementos asociados a productividad. Sobre este aspecto, plantea que los salarios han mantenido una trayectoria de crecimiento que no es coherente con la baja productividad que se observa en esa economía, en torno a cero, sino negativa, lo cual genera presiones en materia de precios. En lo concerniente a Europa, se percibe cierta presión sobre Alemania, al no haber dado suficiente impulso para la recuperación de la economía de esa región, ya que su inflación cae, en línea con lo que acontece en otros países; y el consumo, si bien se ha recuperado, se sitúa por debajo del 2%, explicando también el estancamiento de la producción industrial. En cuanto a China, destaca que el PIB fue ligeramente mayor que lo esperado y las exportaciones e importaciones recuperan algún dinamismo. En el caso específico de las exportaciones, exhiben un aumento hacia las economías avanzadas en particular, y también hacia las economías emergentes, aunque las cifras no son comparables con las observadas a partir del año 2010. Añade que en lo futuro, un indicador líder da cuenta de que la actividad debería converger hacia un 7%, en coherencia con las proyecciones para el año 2014. Por último, indica que en América Latina se observan movimientos mixtos en materia de actividad. En este aspecto, destaca el magro desempeño en México, que muestra una caída en su producción industrial, mientras las ventas minoristas se sitúan en terreno negativo; sin embargo, su PMI manufacturero se ubica por sobre el pivote de 50, dando cuenta de una expectativa algo más positiva, y su tasa de desempleo muestra estabilidad. A continuación, el señor Sergio Lehmann presenta un conjunto de gráficos que exhiben las trayectorias de crecimiento de largo plazo de las principales economías y regiones del mundo, elaboradas a partir de información de Consensus Forecast. De acuerdo con ello, el crecimiento de Estados Unidos de América converge a 2,5% y el de la Zona Euro a un nivel en torno a 1,5%. En Asia disminuye, en línea con la economía china que sería bastante menos dinámica y alcanzaría un crecimiento en torno a 6% hacia el año 2023. La menor actividad china incidiría también en el crecimiento de otras economías, particularmente, las exportadoras de commodities. Agrega que Perú crecería en torno al 5% y Chile, 4,5%. En materia de inflación, hace referencia a los riesgos de deflación en las economías desarrolladas, como también en América Latina, pero en un grado menor. En contraposición, Turquía e Indonesia figuran con niveles de inflación que exceden el techo de sus respectivos rangos meta. En lo atinente a política monetaria, hace notar el predominio de las mantenciones de las tasas rectoras y las sorpresivas rebajas de 25 puntos base, acordadas en Chile y en Perú, así como también por el Banco Central Europeo, que además extendió la LTRO. Agrega que los bancos centrales de Hungría y México efectuaron recortes de igual magnitud y que Indonesia e India, que enfrentan problemas inflacionarios, acordaron incrementos de 25 puntos base en su tasa rectora. En cuanto a variaciones de las TPM en los próximos tres meses, se esperan rebajas en Chile y Hungría, y alzas en las economías que enfrentan problemas de inflación, tales como Brasil, India y, eventualmente, Indonesia e Israel. En Estados Unidos de América, Japón y la Zona Euro no se proyectan aumentos antes del año 2015, mientras que en el caso particular de América Latina, se advierte una política monetaria más expansiva frente a lo esperado un mes atrás, especialmente en el horizonte del año 2014. El señor Sergio Lehmann prosigue con su presentación haciendo referencia a los principales acontecimientos en materia de commodities. En primer lugar, resalta el nuevo retroceso del precio del petróleo, en medio de un mercado holgado en Estados Unidos de América; que el precio del petróleo Brent exhibe una caída menor que el del petróleo WTI ante persistentes interrupciones de su producción en Libia y una menor de los países que integran la OPEP; y que el spread WTI-Brent se vuelve a ampliar, situándose en torno a US$15 por barril. En segundo término, señala que el precio del cobre disminuyó desde la Reunión anterior; que en China, las importaciones de refinados del metal retroceden, mientras que su producción tiende a aumentar; y que los inventarios de cobre caen en la Bolsa de Metales de Londres y aumentan en la Bolsa de Shanghái. Asimismo, indica que los precios de granos retrocedieron, con motivo de cosechas favorables. Por último, precisa que el índice FAO registró un incremento de 1% en el mes de octubre, liderado por el alza del precio del azúcar, la que se explica a su vez por problemas de cosechas en Brasil, que es el mayor productor y exportador mundial de ese producto. En cuanto a las variaciones de precios observadas desde la Reunión pasada, destaca el predominio de los movimientos a la baja, en especial, la caída del precio del petróleo WTI y del trigo, de 7,5% y 4,1%, respectivamente. Acota que las excepciones estuvieron dadas por las alzas moderadas del precio del arroz, celulosa y soya. Agrega que las perspectivas acerca de precios de alimentos son inferiores a las observadas en la Reunión anterior, lideradas fundamentalmente por menores precios de cereales y carne, aun cuando en el margen, el precio agregado del índice FAO tendió a subir, explicado en gran parte por el alza del precio del azúcar, mencionada precedentemente. Al concluir su presentación, el señor Sergio Lehmann informa que la trayectoria de precios del petróleo WTI se ha corregido a la baja, en medio de un mercado holgado, y que se mantienen las referidas al precio del petróleo Brent, gasolina y del gas licuado.",NOMBRE_PROPIO_POR_COTEJAR,RPM-2013-11-19,5861,1,True,2013,22016,3548,True,False,9,True,staff_señal,2013_14_bajas
2006-04-13,814,RPM-2006-04-13:630:1,Sergio Lehmann Beresi,Gerente de Análisis Internacional,escenario_internacional,escenario_internacional,"El Gerente de Análisis Internacional señor Lehmann, luego de resumir para el señor Ministro los temas tratados hasta el momento, agrega que el crecimiento proyectado para la demanda interna en el primer trimestre se redujo respecto de la proyección de hace un mes. Al respecto, señala que los mayores cambios se verifican en el consumo —con una reducción del crecimiento previsto, dados los indicadores parciales de enero y febrero— y en la inversión, que en marzo recuperó parte de la desaceleración de febrero. Así, agrega que a diferencia de lo visto el mes anterior, las tendencias de los componentes de la demanda interna retornan a un escenario de desaceleración más parecido al delineado en el IPoM de enero. Por el lado del comercio exterior, en marzo el valor de las exportaciones fue alto, por sobre los US$ 5 mil millones, atribuible en parte importante al alza del cobre. En las restantes categorías, lo más destacable es la corrección a la baja del crecimiento del volumen de envíos agrícolas. En las importaciones, lo más destacable fue el comportamiento de las compras de bienes de capital que, tras un flojo febrero, volvieron a aumentar. Las expectativas tanto de consumidores como de empresarios se mantienen optimistas. En cuanto a la actividad, señala el señor Lehmann que, la información acumulada el último mes llevó a una corrección a la baja del crecimiento proyectado para el PIB el primer trimestre. La mayor fuente noticiosa fue la revisión de la actividad del sector agrícola, que explicó más de la mitad del cambio entre la proyección de marzo y la actual, y que se anticipa afectaría además el desempeño del segundo trimestre, aunque con menor intensidad. El crecimiento del sector industrial de febrero estuvo algo por debajo del esperado, en parte también por el efecto del peor desempeño del sector agrícola. Para el segundo trimestre se proyecta una tasa de crecimiento anual del PIB inferior a la del cuarto previo, afectada en parte importante por la alta base de comparación y el menor número de días hábiles respecto del mismo trimestre del año pasado. De hecho, considerada la velocidad de expansión trimestral de la actividad, ésta se eleva desde el primer al segundo cuarto. En el mercado laboral, las tendencias generales del empleo siguieron sin mayores cambios, esto es, la vigorosa expansión del empleo asalariado y la recuperación de la ocupación por cuenta propia. Destacó en la última información el incremento de la tasa de participación laboral, que se ubica casi 1pp por sobre su nivel de fines de 2005, con un aumento que es común a hombres y mujeres. Las tasa de desempleo llegó a 7,3% (0,3pp menos que el mismo trimestre móvil de 2005), a la vez que descontada estacionalidad se ubicó en 8,1% (O,Ipp más que el mes pasado). Cabe mencionar que la encuesta de empleo INE está siendo sujeta a una actualización de la muestra de modo de incorporar la información del Censo 2002. Con todo, el positivo panorama global del empleo también puede ser apreciado en la información de otras fuentes. Respecto de los precios, en marzo la inflación del IPCX1 fue algo menor que la esperada, por factores bien identificados que en principio se estiman serán revertidos. Con ello, para mediados de año la inflación anual de esta medida seguiría en línea con el escenario base del IPoM de enero. La velocidad de expansión anualizada del IPCX1, luego de mantenerse desde mediados de 2005 alrededor de 3%, cayó hasta valores del orden de 2,5%. La inflación IPC también estuvo algo por debajo de la proyección. Tanto en marzo como hacia delante, el precio del petróleo y sus derivados continúan siendo fuente importante de incertidumbre, tanto por el nivel actual que observa y su trayectoria esperada, como por el posible efecto amortiguador que tenga la operación del fondo estabilizador en el precio interno de estos productos. Respecto de los costos laborales, en febrero la tasa de crecimiento anual de las medidas de CMO volvió a disminuir. Más allá de que en el escenario base se anticipara un descenso por el efecto que tendría sobre la base de comparación dejar atrás el impacto de la reducción de la jornada laboral de comienzos de 2005, la magnitud efectiva de la caída es difícil de interpretar debido al cambio de metodología en la medición del índice. El incremento en doce meses de los CLU volvió a aumentar, situándose cercano a 4%, reflejo del bajo crecimiento de la productividad por el sostenido crecimiento del empleo asalariado y, en menor medida, por el desempeño de la actividad económica en febrero. La velocidad de expansión de los CLU, en tanto, no muestra una aceleración significativa, situándose en valores incluso inferiores a los de fines de 2005. Por otra parte, agrega el señor Gerente que, las expectativas de mercado que se deducen para la tasa de política monetaria a partir de la curva forward son menores que las del último mes y las del IPoM de enero. A julio se espera que la tasa de política monetaria se ubique en 5,1% y para fines de año, en 5,6% (5,3 y 5,7% el mes pasado, respectivamente). La Encuesta de Expectativas Empresariales, en tanto, anticipa un alza de la tasa de política monetaria este mes y una tasa en 5,5% a fines de año. La compensación inflacionaria, aunque con matices dependiendo del plazo, se mantuvo relativamente en torno a 3% en el curso del mes. Las encuestas a mesas de dinero tampoco mostraron cambios relevantes, y la inflación esperada en la Encuesta de Expectativas Empresariales se mantuvo, a uno y dos años plazo, en 3% anual. El Gerente de Análisis Internacional destaca un mayor balance en materia de crecimiento, sorpresas en precios de commodities, cobre y petróleo en particular, precio de la gasolina que crece algo más que el precio del petróleo por márgenes de refinación, condiciones financieras externas que de todas maneras se mantienen positivas, aún cuando las tasas de largo plazo han mostrado aumentos durante el último mes y los spreads de economías emergentes marginalmente más altos. Señala el señor Lehmann que los riesgos se perciben estables, tal vez algo mayor en el precio petróleo, que de mantenerse sobre 60 dólares podría, en el mediano plazo, afectar la inflación, y precios de activos inmobiliarios que podrían afectar o desacelerar el crecimiento de la demanda interna.",,RPM-2006-04-13,630,1,True,2006,6308,1056,False,False,9,True,staff_señal,2006_alza_fin
2009-10-13,4056,RPM-2009-10-13:2757:2,José De Gregorio Rebeco,Presidente del Banco Central,acuerdo_comunicado,acuerdo_comunicado,"Finalmente, el Presidente, señor José De Gregorio, señala que las noticias más recientes en términos de actividad e inflación se ajustan al escenario base presentado en el último IPoM. Indica que, tal como se esperaba, la inflación de septiembre sería puntualmente alta y que su elevado valor estaba en el rango de lo previsto por la Gerencia de División de Estudios, en tanto que la actividad seguiría en la senda de crecimiento iniciada en el mes de mayo. Con todo, manifiesta que la magnitud de la brecha de actividad y los efectos de los shocks de costos de meses anteriores, mantendrán la inflación en niveles muy bajos por lo que resta del año. En este contexto, el señor De Gregorio declara que se mantendría la proyección que en el escenario más probable el estímulo monetario comenzaría a ser retirado en el segundo trimestre del próximo año. Respecto de las tasas de interés, el señor Presidente hace presente que la reacción de éstas a las noticias de inflación y crecimiento resultaron en un alza en la estructura de tasas más allá de lo previsto en el escenario base del IPoM. Agrega que ha habido tal vez algo de optimismo en el sector privado, pero que, a su juicio, eso no hace más que acercarse a lo que el Banco ya planteó en el último IPoM, en cuanto a que la economía crecería entre 4,5 y 5,5% el próximo año, con la inflación contenida y la política monetaria expansiva que mantendría el actual nivel de la TPM por varios meses más. El señor De Gregorio plantea que aunque la magnitud y persistencia del empinamiento de la estructura de tasas nominales aún no dan cuenta de una menor expansividad de la política monetaria, de mantenerse en el tiempo, ésta no sería coherente con el impulso requerido para que la inflación vuelva en un lapso de 24 meses a la meta de 3%. De hecho, el mercado estaría esperando que el estímulo monetario comience a ser retirado anticipadamente y, de acuerdo con las proyecciones del Banco, eso no es lo que las cifras recientes están indicando. Es por ello, que resulta de particular importancia enfatizar el mensaje de mantención prolongada de la actual tasa de política monetaria, la que ha sido complementada con medidas de política monetaria no convencionales.",,RPM-2009-10-13,2757,2,True,2009,2216,385,False,False,9,True,autoridad_señal,2009_bajas
2013-12-12,8136,RPM-2013-12-12:5945:1,Luis Óscar Herrera Barriga,Gerente de División Estudios,acuerdo_comunicado,acuerdo_comunicado,"El señor Luis Óscar Herrera plantea que los antecedentes antedichos llevan a proponer a título de opciones relevantes en esta oportunidad, mantener la Tasa de Política Monetaria en 4,50% anual o disminuirla en 25 puntos base a 4,25% anual, en razón de los fundamentos que pasa a exponer. Indica que la información acumulada desde la última Reunión es coherente con el escenario descrito en el último IPoM. En efecto, el ritmo de crecimiento de nuestros socios comerciales continúa evolucionando levemente bajo su promedio histórico, pero se mantiene una perspectiva de recuperación para los trimestres venideros, sustentada por el repunte observado especialmente en Estados Unidos de América y la estabilización de las economías emergentes. La inflación internacional se encuentra contenida en las economías avanzadas y en la mayoría de las emergentes; y, por otra parte, el precio del cobre mantiene niveles históricamente altos, aunque inferiores a los observados en los últimos tres años, en tanto que el ciclo global de inversiones en minería continúa dando muestras de un menor dinamismo. Agrega que las condiciones financieras internacionales se mantienen más restrictivas que en años previos al igual que en los primeros meses del presente año, pero sus consecuencias han afectado en mayor medida a las economías emergentes más vulnerables y, en menor grado, a Chile. Manifiesta que en lo que va corrido del año, la economía chilena ha moderado su dinamismo en forma paulatina. En efecto, el nivel de actividad ha crecido algo por debajo de su tendencia, lo que ha contribuido a restar presión al uso de la capacidad instalada, aun cuando el mercado laboral se mantiene estrecho. Asimismo, la desaceleración del gasto interno se ha generalizado a todos sus componentes y también ha permitido acotar el déficit de la cuenta corriente. Enfatiza que las proyecciones contenidas en el último IPoM son coherentes con la mantención de una trayectoria de crecimiento moderado del producto y de la demanda en los próximos trimestres, mientras la economía se ajusta al menor impulso proveniente de la inversión relacionada con minería. Otros componentes de la demanda, sin embargo, continuarán dando sustento al crecimiento de la economía. En cuanto a la situación financiera de los consumidores, indica que los ingresos laborales continúan creciendo a un ritmo similar a los trimestres previos y que la confianza promedio de los consumidores se mantiene en el rango optimista; y, el gasto público, conforme a la regla fiscal, continuará aumentando de acuerdo al crecimiento de los ingresos estructurales. Añade que los datos recientes de inflación de precios y salarios, así como las proyecciones privadas, son compatibles con un escenario de convergencia gradual de la inflación hacia la meta, tal como se señaló en el último IPoM, y si bien la reciente depreciación del peso podría implicar mayores registros de inflación en el corto plazo, estos efectos son de carácter transitorio y no han afectado las expectativas de mediano plazo. En lo concerniente a las opciones planteadas en esta oportunidad, señala que la alternativa de mantener la TPM se justifica porque la desaceleración de la economía ha sido suave y se proyecta que mantendrá un ritmo de crecimiento estable en los próximos trimestres, a lo que se agrega que recientemente se realizaron dos recortes de dicha tasa, que están operando y continuarán afectando gradualmente aquellos componentes de la demanda que son más sensibles al costo de financiamiento y por otra parte, el crédito continúa fluyendo en forma normal y estable hacia los hogares y empresas. A su vez, el peso se ha depreciado en términos reales y se ubica en torno a sus promedios históricos, lo que también ayudará a rebalancear las fuentes de crecimiento de la economía, acorde con los cambios observados en el entorno externo y en el interno en lo relativo a la maduración del ciclo de inversiones en minería. En este contexto, mantener la TPM permitirá acumular mayores antecedentes acerca de la evolución de la economía y los efectos de los recortes ya realizados. Por su parte, la opción de reducir la TPM es coherente con la trayectoria de tasas que se consideró en el escenario base del último IPoM, que contempla la posibilidad de algún impulso monetario adicional. Además, si bien los datos conocidos desde la última Reunión están en línea con el escenario base, introducir un tercer recorte sucesivo de la TPM podría entregar una señal de mayor urgencia y preocupación acerca de la debilidad de la economía y llevar a una corrección adicional de la trayectoria de tasas esperada por el mercado, lo que no sería coherente con el escenario proyectado en el citado Informe. El Gerente de División Estudios señor Luis Óscar Herrera concluye su presentación manifestando que el conjunto de antecedentes expuestos llevan a recomendar en esta oportunidad la opción de mantener la Tasa de Política Monetaria en 4,5% anual, que coincide con la opinión expresada por la mayoría de los analistas y operadores financieros encuestados.",,RPM-2013-12-12,5945,1,True,2013,5067,814,False,False,9,True,staff_señal,2013_14_bajas
2009-02-12,3217,RPM-2009-02-12:2319:1,Manuel Marfán Lewis,Consejero,mercados_financieros,mercados_financieros,"El Consejero señor Manuel Marfán, refiriéndose a las cifras exhibidas, señala que, en su opinión, presentan opacidad, ya que si se hubiera incluido a China en el gráfico presentado se tendría que haber agregado un 3,5 del producto, lo que se debe al grado de transparencia de la información que entregan los diversos países. Indica que, en su criterio, en los países en que se presentan problemas en sus sistemas bancarios debería incorporarse alguna expectativa de su influencia en el déficit fiscal, ya que tratándose del caso de Estados Unidos de América gran parte del rescate bancario se hace a través del Fisco y en otros países, a través de sus Bancos Centrales y ello no se refleja en las cifras fiscales. Entiende la complejidad que representa determinar a priori dicho monto o en el caso de Europa, que se cuenta con un banco central único, pero ello igualmente debería considerarse. Continuando con su exposición , el señor Gerente de Análisis Internacional menciona que las primas por riesgo han vuelto a aumentar, mientras las monedas se deprecian frente al dólar. Comenta también, que al observar las variaciones de paridades, con excepción del peso chileno, las de Credit Default Swaps, CDS, también han tendido a incrementarse, mientras que los precios de los commodities continúan registrando caídas, aunque con alguna volatilidad. Destaca en este aspecto, el detrimento de precios de algunos productos, como el arroz y también en el caso del petróleo, aun cuando como excepción a esa tendencia, el precio de la gasolina ha tendido a aumentar.",,RPM-2009-02-12,2319,1,True,2009,1560,256,False,False,10,False,resto_sin_señal,2009_bajas
2010-06-15,4681,RPM-2010-06-15:3132:2,Sergio Lehmann Beresi,Gerente de Análisis Internacional,escenario_internacional,escenario_internacional,"El Gerente de Análisis Internacional continúa, refiriéndose a los mercados bursátiles. Indica que las bolsas tendieron a caer durante el último mes y que luego, durante las últimas semanas, esa caída se revirtió marginalmente, en particular en las bolsas de América Latina, que tuvieron la mejor performance durante ese período. En cuanto a la volatilidad, informa que después de alcanzar niveles en torno a 40% hace un par de semanas, ha tendido a moderarse en algún grado, y que si bien hoy día está marginalmente bajo 30%, su nivel supera su promedio histórico, de 15% aproximadamente. Para resumir, indica que la volatilidad se mantiene, aunque se reduce en el margen.",,RPM-2010-06-15,3132,2,True,2010,672,110,False,False,10,False,resto_sin_señal,2010_alza_emergencia
2012-10-18,7184,RPM-2012-10-18:5141:1,Enrique Marshall Rivera,Consejero,opciones_tpm,opciones_tpm,"El Consejero señor Enrique Marshall destaca que los antecedentes expuestos consignan que las empresas bancarias informan la existencia de mayores restricciones crediticias para el sector inmobiliario, lo que refleja precisamente una señal que el Banco entregó en este sentido, por lo que estima que ello resulta auspicioso en el contexto de la política que implementa el Banco. Además, plantea la conveniencia de monitorear el comportamiento de las tasas de colocación de los créditos de consumo correspondientes al segmento de hasta 200 Unidades de Fomento, que registran un alza cercana a los 15 puntos porcentuales en el curso de los últimos meses, la que es similar a las observadas en períodos de crisis, como ocurrió a fines de los años noventa. Hace presente que este significativo incremento de las tasas de interés de tales créditos podría obedecer a un tema de medición o también a un credit crunch relevante, esto es, a una contracción del crédito derivada de movimientos de la curva de oferta y también de la demanda, que lleva a los bancos a otorgar créditos a este segmento específico a altas tasas de interés, porque perciben un riesgo muy elevado en dicho sector. En su opinión, ello constituiría un cambio significativo, por lo que solicita que se precise la dimensión en que ambas hipótesis explicarían la importante alza que registran estas tasas de interés.",,RPM-2012-10-18,5141,1,True,2012,1377,225,False,False,10,True,autoridad_señal,2012_13_mantiene
2007-11-13,2022,RPM-2007-11-13:1526:4,Jorge Desormeaux Jiménez,Consejero,acuerdo_comunicado,acuerdo_comunicado,"En relación a las variaciones que se han observado en los commodities, tales como cobre, petróleo, gasolina, trigo, maíz, el Consejero señor Jorge Desormeaux consulta si el Gerente señor Lehmann puede explicar la razón por la cual los inventarios están bajos.",,RPM-2007-11-13,1526,4,True,2007,259,41,False,False,10,False,resto_sin_señal,2007_mixto
2012-08-16,6990,RPM-2012-08-16:4976:1,Sergio Lehmann Beresi,Gerente de Análisis Internacional,acuerdo_comunicado,acuerdo_comunicado,"El señor Sergio Lehmann inicia su intervención refiriéndose a los principales acontecimientos ocurridos desde la precedente Reunión de Política Monetaria, RPM. En primer término, alude a las señales políticas positivas desde Europa y, en particular, al hecho que el Banco Central Europeo ha determinado volver a adquirir bonos soberanos, condicionado a la solicitud de rescate por parte de la economía comprometida. En segundo término, consigna que la Reserva Federal ha mantenido la política monetaria, lo cual ha generado un sentimiento levemente más positivo en los mercados financieros, que se ha visto reflejado en aumentos bursátiles, caídas de spreads y monedas que se aprecian en relación al dólar estadounidense. Sin embargo, expresa que las cifras de PIB, particularmente al segundo trimestre, confirman una desaceleración de la actividad, por lo que los indicadores de actividad industrial se mantienen débiles, mostrando retrocesos en gran parte de las economías. Agrega que las tasas de desempleo continúan altas tanto en Europa como en Estados Unidos de América y que el mercado laboral de esta última economía se mantiene frágil, a pesar de que en el margen, las últimas noticias fueron algo más positivas. A título de último comentario relevante de esta parte de su informe, señala que en materia de commodities se han registrado aumentos en los precios de bienes agrícolas y combustibles, mientras que los correspondientes a los metales se han mostrado estables. El señor Sergio Lehmann prosigue con su exposición, mencionando las principales noticias del mes en Europa. En primer término, alude a las señales entregadas por sus autoridades, quienes han declarado que desplegarán todos los esfuerzos necesarios para mantener el euro, lo que tuvo alguna repercusión positiva en los mercados. En segundo lugar, informa que está en discusión la posibilidad de otorgar licencia bancaria al Fondo de Rescate Europeo, con el objeto de obtener mayores recursos financieros por la vía de obtener préstamos del Banco Central Europeo. Agrega que el gobierno español ha buscado intervenir las comunidades autónomas de Cataluña y Valencia, luego de que estas entidades recurrieron al Fondo de Rescate Regional Español, dado que se encuentran comprometidas financieramente, y que por su parte, Italia haría un recorte adicional en materia fiscal de aquí a fin de año, del orden de €4,5 billones, de lo que se infiere que las tensiones de la Zona Euro muestran signos de debilitamiento del bloque. En lo concerniente a Grecia, indica que las decisiones no han sido del todo positivas, por cuanto aún no se ha logrado acuerdo respecto de un recorte de €3,5 billones de los €11,5 que contempla el plan de ahorro, por lo que los acreedores internacionales coincidieron en la necesidad de fortalecer las medidas de apoyo. Añade que esa economía requeriría dos años adicionales para cumplir con su programa de austeridad conforme a las exigencias adoptadas por la Troika que comprende a las tres instituciones internacionales encargadas de la aplicación sistemática del programa de consolidación fiscal griego. A título de última noticia relevante del mes en Europa, alude a las rebajas en las clasificaciones de riesgo que afectaron a algunos gobiernos y bancos, particularmente italianos. Al continuar con su presentación, el señor Sergio Lehmann informa que en materia de mercados financieros, los CDS de algunos países, tales como Alemania y el Reino Unido, registraron caídas significativas, mientras que en Estados Unidos de América se han mantenido en un nivel relativamente alto desde una perspectiva histórica, debido a que se mantienen pendientes los problemas en materia fiscal. Sobre este aspecto, hace presente que esa economía debería alcanzar un límite máximo en materia de endeudamiento público entre los meses de septiembre y octubre próximos, lo cual generará cierto debate y discusión política acerca de los recortes de gastos que podría originar dicho límite. En cuanto a los CDS de otras regiones, indica que se observan retrocesos en Australia, Nueva Zelandia, como asimismo, en algunas economías emergentes y también en Europa, particularmente en España e Italia, sin perjuicio de resaltar que se mantienen en niveles excepcionalmente elevados en torno a 500 puntos base, lo cual hace claramente insostenible la deuda de estas dos economías específicas. Además, expresa que las reducciones antedichas se han reflejado también en las primas por riesgo de los bancos comerciales y, en este sentido, alude a la caída de los CDS del UniCredit de Italia y añade que los de Dexia se mantienen elevados. Por otra parte, se observan también algunos descensos en el caso de bancos americanos y muy marginales en el caso de la banca española, dando cuenta de que las ayudas financieras que se le han otorgado han sido insuficientes para tranquilizar su situación. En lo concerniente a la volatilidad de los mercados, menciona que los VIX han tendido a caer y con mayor fuerza en las economías emergentes. Señala, además, que las primas por riesgos corporativos también muestran reducciones, particularmente en el caso de los bonos con clasificación A, aunque continúan en niveles relativamente elevados respecto de los observados en gran parte de la década comprendida entre los años 2000 al 2010. En cuanto a los indicadores de liquidez en dólares, comenta que ellos presentan mejoras, lo que se refleja en los futuros de Libor y el Basis Swap durante la última semana. En materia de bolsas de valores, destaca los aumentos observados en Estados Unidos de América y en economías de Europa, que exhiben rendimientos positivos al igual que en los mercados bursátiles emergentes, donde han predominado las alzas, pero algo más tenues particularmente en China, que exhibió datos de actividad relativamente negativos. Agrega que el comportamiento de la bolsa chilena, medida en pesos, registra un descenso, no así en dólares estadounidenses, dada la apreciación experimentada por el peso. A continuación, el señor Sergio Lehmann se refiere a los flujos de capitales hacia economías refugio, particularmente Alemania y Estados Unidos de América. Sobre el particular, precisa que ellos se concentran básicamente en bonos en dólares, cuyo mercado es significativamente mayor que el de los bonos alemanes. Asimismo, hace presente que las tasas de largo plazo muestran ligeras alzas, aunque apenas superan los mínimos históricos, y precisa que estas alzas obedecen a una mayor asunción de riesgo por parte de los inversionistas. El señor Sergio Lehmann comenta que este mayor interés por riesgo observado en las últimas semanas se ha reflejado en aumentos en los flujos de capitales hacia economías emergentes de Europa, Asia y América Latina. Especifica que si bien estos flujos han estado asociados fundamentalmente a bonos, en el margen se advierte también una mayor posición en mercados accionarios, en concordancia a su vez, con los incrementos bursátiles registrados en algunas economías, especialmente de Brasil y Asia. Por último, hace referencia a la relación existente entre el VIX y la entrada de capitales a economías emergentes. Sobre este aspecto, plantea que, en general, menores VIX se asocian a mayores entradas de capitales a economías emergentes, por cuanto en períodos de menor incertidumbre aumenta el apetito por riesgo y, con ello, la llegada de capitales a estas economías. De hecho, comenta que este indicador ha mostrado un descenso en los últimos meses y que los flujos de capitales a las economías emergentes registran entradas netas.",,RPM-2012-08-16,4976,1,True,2012,7564,1190,False,False,10,True,staff_señal,2012_13_mantiene
2010-04-15,4595,RPM-2010-04-15:3076:1,José De Gregorio Rebeco,Presidente del Banco Central,acuerdo_comunicado,acuerdo_comunicado,"el Presidente, señor José De Gregorio, indica que el escenario macroeconómico sigue siendo altamente incierto. Señala que aunque la economía mundial se recupera pausada, pero sostenidamente, los riesgos del escenario internacional siguen latentes. Menciona que la situación actual de Grecia y la debilidad fiscal de otras economías europeas son el riesgo más significativo hoy día. No obstante, en opinión del señor Presidente, el principal origen de la incertidumbre es interno y tiene que ver con la respuesta de la economía al terremoto y maremoto del 27 de febrero. Plantea que si bien se tiene suficiente información sobre el curso de la política fiscal, la reacción de los precios y la actividad al proceso de reconstrucción es aún incierta. Hace notar que una primera muestra de la volatilidad de las cifras se observó con un IPC en marzo que fue significativamente menor que el esperado por el mercado, pero que, no obstante, las estimaciones internas, así como el análisis desagregado del índice de precios, indican que las sorpresas son de carácter transitorio, tal como se esperaba que ocurrieran en caso de haberse observado una inflación alineada con las expectativas privadas. Por lo tanto, considera que esta información no afecta las tendencias de mediano plazo para la inflación. Por otra parte, el señor José De Gregorio plantea que variables como las condiciones financieras, que siguen coherentes con el impulso dado por la política monetaria y las evaluaciones de los riesgos post terremoto, así como los determinantes de los costos, como son el caso de los salarios y el tipo de cambio, siguen trayectorias coherentes con las implícitas en nuestras proyecciones. Dado lo anterior, recuerda que el escenario central del último IPoM, caracterizado por un aumento de la inflación hacia su rango meta, que incluso podría ubicarse en la parte superior de este rango por algunos meses, así como por una desaceleración de la actividad durante el primer semestre y una aceleración importante durante el segundo, sugiere que la política monetaria, en un escenario de alta expansividad, coherente con brechas de capacidad que aún son amplias y se irán cerrando paulatinamente, se deberá comenzar a normalizar en los meses venideros. Es por ello que considera razonable que las opciones deben ser la de mantener la TPM o comenzar el proceso de normalización. Sin embargo, manifiesta creer que en esta oportunidad, y a la espera de tener información que revele mejor las tendencias inflacionarias, la opción de subir la TPM es fácilmente descartable. Manifiesta que se deben seguir con atención los desarrollos en estos meses para poder aplicar la dosis de ajuste monetario adecuada, que no debilite el proceso de reconstrucción, pero que se anticipe a las presiones inflacionarias, por cuanto esto puede llevar a un proceso de ajuste monetario más intenso, en la medida que la política monetaria se pueda ir quedando atrasada. Por ahora, resume, no ve argumentos sólidos para iniciar el proceso de normalización, por lo que su voto es por mantener la TPM en 0,5%. Desde el punto de vista comunicacional, el señor Presidente no ve razones para incorporar en el comunicado aspectos que fueron ampliamente discutidos y difundidos en el último IPoM, ya que, de hecho, ellos ya fueron suficientemente sorpresivos para los mercados financieros. Agrega que en la medida que el escenario ahí contemplado es el que se considera más probable, intentos de agregar precisión podrían dar señales de desviaciones que, en esta ocasión, cree que no se justifican. Dado todo lo anterior, el Presidente, señor José De Gregorio, señala que su voto es por mantener la TPM en 0,5%.",,RPM-2010-04-15,3076,1,True,2010,3671,592,False,False,10,True,autoridad_señal,2010_alza_emergencia
2015-10-15,9570,RPM-2015-10-15:7097:1,Rodrigo Vergara Montes,Presidente del Banco Central,opciones_tpm,opciones_tpm,"El Presidente señor Rodrigo Vergara agradece los comentarios del Ministro de Hacienda señor Rodrigo Valdés, manifiesta que se ha tomado debida nota de ellos y serán considerados en análisis posteriores. Enfatiza que la conducción de la política no se basa en los desarrollos observados en un mes en particular, sino que en una visión de mediano plazo de la economía; por lo tanto, se mantiene vigente el escenario contemplado en el último IPoM, más allá de algunas volatilidades mes a mes. En materia de brecha, estima que es difícil pensar en una brecha muy alta, atendida la nueva estimación de PIB potencial. Destaca que el ajuste en Chile ha sido positivo y se compara favorablemente con ajustes pasados, ya que en lugar de una recesión, hemos tenido un período de crecimiento —aunque modesto— y, por sobre todo, un ajuste del mercado laboral que ha sido benigno. Lo expresado, gracias a la contribución extraordinariamente importante de la política monetaria. Con respecto a la expansividad de la política monetaria, si bien entiende las dudas que puede generar su medición, manifiesta que la tasa de interés real de corto plazo es muy negativa, lo que deja en evidencia su nivel de expansividad. De hecho, alude a un ejercicio comparado que da cuenta de que nuestra tasa de interés real de corto plazo es por lejos la más negativa de la región, y que sería superada únicamente por las tasas de algunas economías avanzadas de Europa y Estados Unidos de América. Al finalizar su intervención, el Presidente señor Rodrigo Vergara reafirma que la expansividad de nuestra política monetaria es un hecho positivo per se, sin perjuicio de lo cual, y tal como fue expresado en el último IPoM, se deberá evaluar si su magnitud es la adecuada en el contexto actual. Al no formularse otros comentarios y siendo las 13:50 horas, el Presidente señor Rodrigo Vergara suspende la presente Reunión e informa que se reiniciará a las 16:00 horas para tratar lo referente a las opciones de política monetaria.",,RPM-2015-10-15,7097,1,True,2015,1996,335,False,False,10,True,autoridad_señal,2015_quiebre
2010-10-14,5134,RPM-2010-10-14:3449:4,Sebastián Claro Edwards,Consejero,escenario_internacional,escenario_internacional,"El Consejero señor Sebastián Claro prosigue con su planteamiento, indicando que, tal vez, está predominando no solo el relajamiento cuantitativo, en el sentido de que la curva libre de riesgo se ha aplanado significativamente y ha caído, sino que también no se puede descartar que haya una menor percepción de riesgo. Reitera, entonces, la pregunta de por qué podría pasar eso. Sostiene que una alternativa podría ser que la incertidumbre ha ido disminuyendo o que lo segundo sea que, de alguna manera, las señales de la Reserva Federal sobre una provisión bastante ilimitada de liquidez están llevando a una sobrevaloración de ciertos tipos de activos — hay otros que están muy castigados, como los del sector inmobiliario, etc.—, que llevan a percibir una abundancia de liquidez y de financiamiento, que no estará disponible a discreción por muchos años, afectando negativamente los precios de los activos. En su opinión, esa es la manera de equilibrar el hecho que algunos precios de activos estén subiendo, al mismo tiempo que una economía baja consistentemente y se debilita.",,RPM-2010-10-14,3449,4,True,2010,1080,174,False,False,10,True,autoridad_señal,2010_alza_emergencia
2008-09-04,2905,RPM-2008-09-04:2094:1,Manuel Marfán Lewis,Consejero,acuerdo_comunicado,acuerdo_comunicado,"El Consejero señor Manuel Marfán agradece como siempre el análisis efectuado por el staff. Indica que en esta ocasión se cuenta con menos información que la habitual, ya que solo hoy se dieron a conocer importantes datos de la coyuntura, no siendo posible evaluar en profundidad la reacción del mercado y de los analistas. Indica, en particular, que no se cuenta con una Encuesta de Expectativas Económicas actualizada, respecto de la Reunión anterior. A la vez, sin embargo, indica que nos beneficiamos de la cercanía del próximo IPoM y del escenario central allí contenido. Agrega el señor Consejero que, respecto de la Minuta de Opciones, hace suyo el listado de antecedentes relevantes a considerar desde la Reunión de Política Monetaria anterior, contenido en el párrafo dos de la misma, que da por reproducido, a lo cual agregaría tres elementos importantes. Primero, que la evidencia confirma que se ha acentuado la propagación de los shocks inflacionarios hacia otros precios. Segundo, que la compensación inflacionaria implícita en los precios de los activos ha aumentado respecto de la Reunión de Política Monetaria anterior, dando cuenta que las expectativas se mantendrían desalineadas con la meta y el horizonte de política. Y tercero, que el mercado financiero reaccionó con fuerza a la decisión de hace un mes de elevar por segunda vez consecutiva la Tasa de Política Monetaria en 50 puntos base y de hecho espera mayoritariamente que la decisión de hoy sea la misma. Comenta el Consejero señor Manuel Marfán, que en este conjunto de antecedentes hay algunas contradicciones potenciales que espera se resuelvan pronto y para bien. Indica que las expectativas privadas de inflación superan las proyecciones del Banco Central, y que las expectativas de crecimiento de la actividad, en el mediano plazo, también superarían las nuevas proyecciones de la Institución. Agrega, que el Banco Central de Chile, en tanto, ha señalado que hará todo lo que esté a su alcance para alinear la inflación hacia 3% en dos años, y el mercado sí parece creer que el Banco será proactivo, es decir, espera un Banco Central que esté delante de la curva. Agrega el Consejero señor Marfán que el problema de esta combinación, es que mientras más demoren las expectativas en alinearse con la meta, mayores serán los costos reales, en términos de crecimiento y empleo, de la política de estabilización. Hace presente el Consejero señor Manuel Marfán, que desde esta perspectiva solo cabe reiterar que el Consejo hará todo lo que esté a su alcance para alinear la inflación hacia el 3% en dos años, aunque ello implique costos reales superiores a los esperados. Aún así, estima que esos mayores costos reales son menores que los que habrían si se hubiera sido contemplativo con la inflación. Señala que la moderación de la propagación inflacionaria requiere una economía más bien fría, es decir, una economía creciendo moderadamente por debajo del producto de tendencia durante un plazo más o menos equivalente al horizonte de política. En su opinión, este es un componente aún no internalizado por los agentes privados y por los analistas. Indica el Consejero señor Marfán que por cuarta vez consecutiva, hace presente que cambios en la Tasa de Política Monetaria de 50 puntos base deben reservarse para ocasiones espacialísimas y le parece que la actual coyuntura sigue siéndolo. Agrega que descarta, por ahora, un aumento de 75 puntos base, ya que su justificación sería más bien preventiva, en el caso que se diera uno de los escenarios de riesgo. Menciona que en la antesala del próximo IPoM, la decisión debe ser consistente con el escenario base que se dará a conocer, y cuyo eje pasa por alinear las expectativas de inflación con la meta de política y que mientras antes se dé ese alineamiento, los costos reales de la estabilización serán menores. En consecuencia, por las razones expuestas, el Consejero señor Manuel Marfán vota por subir la Tasa de Política Monetaria en 50 puntos base, manteniendo un tono hawkish en el Comunicado.",,RPM-2008-09-04,2094,1,True,2008,4032,662,False,False,10,True,autoridad_señal,2008_crisis_alza
2014-01-16,8185,RPM-2014-01-16:5990:1,Luis Óscar Herrera Barriga,Gerente de División Estudios,escenario_internacional,escenario_internacional,"El Gerente de División Estudios señor Luis Óscar Herrera se refiere al rango de amplitud de la desaceleración de la inversión. Sobre el particular, señala que en el corto plazo no se cuenta con los indicadores necesarios para pormenorizar el porcentaje que responde a inversión en minería frente a otros sectores; no obstante, igualmente se puede afirmar que hay aspectos asociados a otros sectores que también se desaceleran, como es el caso de los materiales de transporte, obras relacionadas con el sector de energía, y obras públicas en el segundo semestre del año 2013. Agrega que esta desaceleración se encuentra concentrada en el componente más volátil de la inversión. Hace notar que esta mayor caída de la inversión tiene una serie de efectos sobre otros sectores de actividad, tales como el comercio, construcción, servicios de ingeniería e industria, razón por la que se han debido corregir a la baja las proyecciones de corto plazo, especialmente, de la parte Resto. Enfatiza que para el corto plazo se trata de un ajuste relevante del orden de seis décimas en el cuarto trimestre de 2013 y de ocho décimas en el trimestre en curso. En lo atinente a la inflación, manifiesta que hasta esta fecha, no se advierte traspaso ni efectos del reciente shock de precios sobre otros indicadores, tales como los salarios nominales, expectativas o inflación de servicios. En su opinión, el dinamismo del consumo se mantiene por razones de orden financiero, ya que los ajustes del consumo debieran ser graduales por dos razones fundamentales. En primer término, expresa que en la medida en que continúe ratificándose el mayor pesimismo de las empresas y una menor inversión, su contraparte estará en sus decisiones de contratación de mano de obra, lo que también debiera reflejarse en un relajamiento de las condiciones del mercado laboral, tanto en términos de empleo como de salarios nominales. En segundo lugar, la normalización de la inflación y el menor aumento de los salarios reales e ingresos reales, también tiene una contrapartida sobre las decisiones de consumo. En cuanto a los cambios en el escenario internacional, si bien en el margen existe una visión positiva acerca de ellos, no existen elementos que ameriten modificar sustantivamente el escenario consignado en el último IPoM. En su opinión, si bien se han despejado algunos de los riesgos que aparecían a esa fecha, tales como el riesgo fiscal en Estados Unidos de América y el riesgo del tapering, no se justifica un cambio significativo de dichas proyecciones.",,RPM-2014-01-16,5990,1,True,2014,2533,414,False,False,10,True,staff_señal,2013_14_bajas
2006-12-14,1351,RPM-2006-12-14:1021:1,Consejo del Banco Central de Chile,Consejo,acuerdo_comunicado,apertura_cierre,El Consejo aprueba el texto del Comunicado. Se levanta la Sesión a las 17.45 horas.,,RPM-2006-12-14,1021,1,True,2006,83,15,False,False,10,True,autoridad_señal,2006_alza_fin
2011-02-17,5562,RPM-2011-02-17:3810:1,Sebastián Claro Edwards,Consejero,decision_tpm,decision_tpm,"El Consejero señor Sebastián Claro indica que son dos los desarrollos que destacan en las últimas semanas, sobre los cuales desea profundizar y sustentar su voto. Por una parte, señala que se ha producido un aumento no despreciable en las expectativas de inflación a distintos plazos, lo que es particularmente evidente en el año 2011. Por otro lado, menciona que el tipo de cambio nominal ha tenido una apreciación importante, convergiendo a niveles similares a los observados al momento de iniciar el programa de acumulación de reservas. En su opinión, es clave poder profundizar respecto de la pregunta sobre lo que explica el aumento de las expectativas de inflación, y que varias hipótesis son posibles. Por una parte, plantea que se ha consolidado un aumento importante en los precios de los alimentos y de otras materias primas en el mundo, que representa, naturalmente, una amenaza para la inflación en muchos países. En segundo lugar, alude a que las perspectivas de actividad en algunos países, desarrollados principalmente, se han consolidado, siendo esto especialmente notorio en el caso de Estados Unidos, donde las cifras de actividad y los precios de algunos activos dan cuenta de que los escenarios de mayor debilidad aparecen como menos probables. Agrega que una tercera alternativa es que la intervención cambiaria, sea por su impacto directo sobre el tipo de cambio nominal o por una posible señal respecto de una disponibilidad para aceptar una mayor inflación en un proceso de ajuste de tipo de cambio real, puede explicar el aumento en las expectativas de inflación. El Consejero señor Sebastián Claro manifiesta que todos estos elementos son potencialmente válidos en un conjunto amplio de países en desarrollo y que algunas de estas hipótesis parecen más plausibles que otras. Hace presente que el aumento en los precios de los alimentos y del petróleo no solo impacta directamente la inflación en Chile y en otros países, sino que es reflejo de una demanda mundial pujante. Al respecto, estima que la experiencia anterior, aunque con condiciones bastante diferentes, debe ser adecuadamente ponderada, y que si bien en este caso los incrementos de los precios sean menores en términos porcentuales de lo que fueron hace un par de años, es, indudablemente, un tema a tener muy en cuenta. Por otra parte, indica que la recuperación en Estados Unidos parece consolidarse respecto de lo esperado hace algunos meses, aunque, en su opinión, todavía subsisten serias dudas sobre las perspectivas a mediano plazo, siendo esta preocupación especialmente válida en el caso europeo. Plantea que, en este contexto, los datos internos de actividad no sugieren aún una evidencia de mayor aceleración en la actividad y en la demanda en Chile, por lo que considera que no necesariamente el cambio en las expectativas de inflación estaría recogiendo una expectativa de un cierre de brechas de capacidad en Chile más rápida de lo que se hubiera podido esperar hace un par de meses. Finalmente, subraya que la apreciación del tipo de cambio del peso en las últimas semanas da cuenta de que las fuerzas tanto internas como externas que empujan hacia una apreciación real de peso, parecen ser significativas, sin por ello descartar que las expectativas del tipo de cambio estén siendo afectadas por una percepción muy positiva o agresiva sobre el comportamiento de la economía doméstica hacia adelante, lo que podría estar contribuyendo a la apreciación. El Consejero señor Sebastián Claro estima que el alza en las expectativas de inflación debe ser evaluada con mucha detención, pero que no debe inducir a una sobrerreacción. En su opinión, parte de estos cambios se pueden deber a fenómenos transitorios y ajustes en los precios de los bonos, pero, a su vez, y de manera fundamental, reflejan una situación de mayores presiones inflacionarias genuinas en la economía, que el Banco ha ido discutiendo en los últimos meses y que han justificado una progresiva normalización de la política monetaria y siguen justificándolo. Enfatiza que un adecuado manejo de las expectativas por parte del Banco va a requerir seguir demostrando, tanto en la comunicación como en las acciones de política monetaria, un claro compromiso inflacionario, resultando fundamental, al mismo tiempo, validar un prudente espacio para el ajuste de precios relativos. A su juicio, ese es el principal reto que enfrenta el Banco y que va a seguir enfrentando. A su vez, comenta que las condiciones internas, tanto de actividad como de demanda, y sus perspectivas, se han mantenido relativamente similares a las proyectadas hace algunos meses; que la situación laboral ha continuado normalizándose, tanto en términos de la creación de empleos y la evolución de los salarios; que la evolución del crédito y de los agregados monetarios también han seguido normalizándose, no dando cuenta de un excesivo crecimiento; y que los registros de inflación no han presentado diferencias sustanciales respecto de las expectativas. Expresa que todo ello demuestra una situación de recuperación sostenida. En su opinión, este conjunto de elementos lleva a que la mejor alternativa sea un aumento de la TPM en 25 puntos base en esta ocasión, ya que la normalización gradual de la política monetaria se condice con las condiciones generales de la economía, especialmente en un contexto en que la política monetaria todavía se encuentra en un rango expansivo. Indica que la mantención de la tasa rectora entregaría una señal de excesiva permisividad del Banco con una mayor inflación, lo que sería inadecuado. Señala, además, que la situación cambiaria impone un mayor desafío a la política monetaria y que la intervención naturalmente genera un alza en las perspectivas de inflación, que, como ha mencionado anteriormente, no debe ser sorpresivo y debe ser, en parte, aceptado. Por otra parte, plantea que un aumento mayor que 25 puntos base se justificaría como respuesta a un empeoramiento significativo en la trayectoria de inflación que requiriese de acciones urgentes, pero ni los datos ni el contexto actual favorecen esa opción. Por último, señala que una normalización gradual de la política monetaria que cautele adecuadamente el objetivo de estabilidad de precios del Banco y que, al mismo tiempo, no imponga una excesiva presión en el mercado cambiario es, en estas circunstancias, la estrategia más adecuada. El Consejero señor Sebastián Claro vota, en consecuencia, por una alza de la TPM en 25 puntos base.",,RPM-2011-02-17,3810,1,True,2011,6479,1040,False,False,10,True,autoridad_señal,2011_alza
2014-06-12,8581,RPM-2014-06-12:6293:3,Rodrigo Vergara Montes,Presidente del Banco Central,acuerdo_comunicado,acuerdo_comunicado,"En razón de lo expuesto, el Presidente señor Rodrigo Vergara deja constancia que se acuerda por cuatro votos a favor y uno en contra, mantener la Tasa de Política Monetaria en 4,0% anual.",,RPM-2014-06-12,6293,3,True,2014,187,33,False,False,10,True,autoridad_señal,2013_14_bajas
2012-08-16,7048,RPM-2012-08-16:5030:1,Rodrigo Vergara Montes,Presidente del Banco Central,decision_tpm,decision_tpm,"El Presidente señor Rodrigo Vergara agradece la intervención del Ministro de Hacienda señor Felipe Larraín. Al proseguir con la Sesión, el Presidente señor Rodrigo Vergara da inicio al proceso de votación de la Opción planteada por el Gerente de División Estudios y, en primer término, ofrece la palabra al Consejero señor Joaquín Vial.",,RPM-2012-08-16,5030,1,True,2012,336,53,False,False,10,True,autoridad_señal,2012_13_mantiene
2014-06-12,8583,RPM-2014-06-12:6295:1,Consejo del Banco Central de Chile,Consejo,acuerdo_comunicado,apertura_cierre,El Consejo aprueba el texto del Comunicado. Se levanta la Sesión a las 16:55 horas.,,RPM-2014-06-12,6295,1,True,2014,83,15,False,False,10,True,autoridad_señal,2013_14_bajas
2008-08-14,2809,RPM-2008-08-14:2027:1,Jorge Desormeaux Jiménez,Vicepresidente del Banco Central,mercado_laboral,mercado_laboral,"El Vicepresidente señor Desormeaux agrega que le da la impresión de que las cifras de la Universidad de Chile registran una baja en la tasa de desempleo,",,RPM-2008-08-14,2027,1,True,2008,153,27,False,False,10,True,autoridad_señal,2008_crisis_alza
2014-07-15,8617,RPM-2014-07-15:6325:1,Rodrigo Vergara Montes,Presidente del Banco Central,mercado_laboral,mercado_laboral,"El Presidente señor Rodrigo Vergara enfatiza sobre la necesidad de efectuar análisis y mediciones rigurosos de las principales variables económicas, como el producto, los salarios y la inflación, porque de lo contrario, pueden inducir a errores que no pueden ser advertidos por falta de información o de capacidad para detectarlos. En términos de tendencias, manifiesta que la actividad y demanda no solo crecen menos que lo proyectado internamente y también por el mercado, sino que ambas variables han sido revisadas a la baja. En lo que respecta a la inflación, el Banco ha señalado que su aumento es transitorio y es por ello que se ha incorporado un sesgo negativo en la política monetaria. En su opinión, hay que mantener este mensaje en tanto no se tenga certeza de lo contrario. Más aun, sería un gran error modificarlo basados en el dato puntual del último mes, ya que un mes en particular no necesariamente marca tendencia.",,RPM-2014-07-15,6325,1,True,2014,933,156,False,False,10,True,autoridad_señal,2013_14_bajas
2012-10-18,7127,RPM-2012-10-18:5095:1,Rodrigo Vergara Montes,Presidente del Banco Central,acuerdo_comunicado,acuerdo_comunicado,"El Presidente señor Rodrigo Vergara da inicio a la Reunión de Política Monetaria N° 191, comunicando que, de conformidad con el Reglamento que rige estas Sesiones, ha resuelto que la Reunión de Política Monetaria correspondiente al mes de abril de 2013 se celebre el día 11 de ese mes. Asimismo, deja constancia que el Ministro de Hacienda señor Felipe Larraín ha informado que asistirá a esta Sesión de Política Monetaria únicamente en la parte de ella que se reiniciará a las 15:30 horas, de manera de estar presente en el análisis de las opciones de política monetaria y la adopción de los acuerdos correspondientes. A continuación, el Presidente señor Rodrigo Vergara ofrece la palabra al Gerente de Análisis Internacional señor Sergio Lehmann, para efectos de la presentación del escenario externo.",,RPM-2012-10-18,5095,1,True,2012,803,130,False,False,10,True,autoridad_señal,2012_13_mantiene
2006-03-16,797,RPM-2006-03-16:614:3,Vittorio Corbo Lioi,Presidente del Banco Central,opciones_tpm,apertura_cierre,"El
señor Presidente deja constancia que no se encuentra presente en la Sala el Ministro de
Hacienda, señor Andrés Velasco B., quien ha excusado su inasistencia, en razón de las
funciones de su cargo. En su representación, concurre la Subsecretaría de Hacienda señora
María Olivia Recart Herrera.
A continuación, el Presidente, don Vittorio Corbo, solicita al Gerente de División
Estudios, don Rodrigo Valdés, que presente las Opciones de Política Monetaria.",,RPM-2006-03-16,614,3,True,2006,457,70,False,False,10,True,autoridad_señal,2006_alza_fin
2011-10-13,6241,RPM-2011-10-13:4372:1,Claudio Soto Gamboa,Gerente de Análisis Macroeconómico,actividad_interna,actividad_interna,"El señor Claudio Soto confirma que los datos no lo muestran con tanta claridad. De hecho, señala que aquellos sobre ventas del comercio minorista, tanto del INE como los del Servicio de Impuestos Internos, dan cuenta de un vigor algo menor. Finalmente, el señor Soto hace presente que las importaciones de bienes de consumo muestran cierta atenuación en el margen. A continuación, el Gerente de Análisis Macroeconómico informa que los antecedentes disponibles han llevado a corregir a la baja la proyección de actividad hasta 6,3%, fundamentalmente por los dos datos de IMACEC correspondientes al tercer trimestre del presente año. Explica que ello obedece a componentes transitorios que han afectado a la industria, como los referidos a los paros en la minería y problemas técnicos en la industria de la celulosa ya mencionados, así como también a un efecto más persistente en el tiempo, lo cual ha llevado a corregir a la baja el cuarto trimestre, pero de manera menos intensa que el tercero. El señor Claudio Soto destaca que la demanda, a diferencia de la actividad, se ha corregido al alza, fundamentalmente por el dato de importaciones observado en el tercer trimestre, que tiene un correlato en acumulación de existencias que se corrige al alza. Añade que el consumo, especialmente de bienes durables, así como la inversión, particularmente en maquinarias y equipos, se ha visto con bastante vigor. De todas maneras, hace notar que se ha supuesto una desaceleración en el cuarto trimestre, tal como se observa en los gráficos que se contienen en la lámina 50 de la presentación. A título ejemplar, indica que la velocidad del PIB debería registrar un rebote hacia el cuarto trimestre, dado que la parte transitoria ya comentada está afectando la velocidad del tercer trimestre. Agrega que en el caso de la demanda, se observa una desaceleración que estaría dada, fundamentalmente, por la desacumulación de inventarios en adelante, así como también por una cierta desaceleración en los otros componentes de la demanda, especialmente la inversión, que, al menos en lo que se refiere a construcción, se advierte más débil.",,RPM-2011-10-13,4372,1,True,2011,2126,345,False,False,10,True,staff_señal,2011_alza
2015-12-17,9689,RPM-2015-12-17:7191:1,Joaquín Vial Ruiz-Tagle,Consejero,debate,debate,"El Consejero señor Joaquín Vial hace notar la significativa diferencia que se observa entre los indicadores de hormigón y de cemento, lo que sugiere mayores importaciones de cemento. En su opinión, este último indicador dejó ser informativo mucho tiempo atrás.",,RPM-2015-12-17,7191,1,True,2015,260,40,False,False,10,False,resto_sin_señal,2015_quiebre
2014-04-17,8420,RPM-2014-04-17:6164:1,Rodrigo Vergara Montes,Presidente del Banco Central,opciones_tpm,opciones_tpm,"El Presidente señor Rodrigo Vergara deja constancia que la Reunión de Política Monetaria de octubre de 2014 se efectuará el día jueves 16 de ese mes y, a continuación, concede la palabra al Gerente de División Estudios señor Luis Óscar Herrera a fin de que presente al Consejo las Opciones de Política Monetaria que se han considerado en esta oportunidad.",,RPM-2014-04-17,6164,1,True,2014,355,60,False,False,10,True,autoridad_señal,2013_14_bajas
2006-07-13,1009,RPM-2006-07-13:745:4,Sergio Lehmann Beresi,Gerente de Análisis Internacional,escenario_internacional,escenario_internacional,"Por su parte, el Gerente de Análisis Internacional indica, que la evolución que ha tenido el precio que se observaba en las Reuniones de Política Monetaria de mayo y de junio, hasta la reunión del mes pasado, había mostrado una caída en línea con lo anticipado. Menciona el señor Lehmann que la sorpresa está en el rebote, que ha sido particularmente importante. Indica que la volatilidad se ha mantenido alta, y ello a su parecer, simplemente constituye una muestra de que la incertidumbre o los movimientos del precio del cobre se mantienen. Hace presente, que respecto a metales básicos, se observa un comportamiento equivalente al que se ha registrado para el precio del cobre y eso ha llevado a revisar la proyección para este año de US$ 2.60 la libra, que se indicaba hace un mes atrás, a US$ 2.90 la libra. Agrega, que en general, los bancos de inversión no han revisado mayormente sus cifras, pero ciertamente con la evidencia de los últimos registros, eso debería ocurrir en el corto plazo. Señala el Gerente de Análisis Internacional, señor Lehmann, que Cochilco dará a conocer una nueva proyección, probablemente la próxima semana, y se está pensando informalmente en precios en torno a US$ 3 la libra. Comenta el señor Lehmann, que respecto al año 2007, y dada la trayectoria que se está proyectando, también se tendría un precio mayor. Menciona asimismo, en este sentido, que la estrechez en el mercado sigue siendo importante, por lo tanto, la trayectoria recoge esa situación. En cuanto al petróleo, en los futuros, considerando el promedio de los últimos diez días hábiles, no se registra una diferencia con respecto a lo que se tenía hace un mes, sin embargo, se observan datos en el margen. Agrega que ciertamente ha habido un escenario de precios más altos, lo que se ha reflejado en la trayectoria que comparada con la que se preveía hace un mes, resulta también más elevada. Señala el señor Gerente, que se ha considerado un precio más elevado, lo que se debe Señala el señor Gerente de Análisis Internacional, que se espera que los bancos de inversión, así como el Departamento de Energía, también revisen al alza su proyección de crecimiento. Dichas proyecciones son a junio, pero las novedades de riesgos geopolíticos se han producido durante julio. Agrega, que en la actualidad el precio se encuentra cercano a los US$ 76 el barril, influido por el incremento de los riesgos geopolíticos, fundamentalmente, asociados al Medio Oriente. Comenta el señor Gerente, que el precio de la gasolina por su parte, ha seguido un comportamiento similar al del petróleo.",,RPM-2006-07-13,745,4,True,2006,2582,434,False,False,10,True,staff_señal,2006_alza_fin
2007-10-11,1986,RPM-2007-10-11:1502:1,Manuel Marfán Lewis,Consejero,actividad_interna,actividad_interna,"El Consejero señor Manuel Marfán señala que quiere efectuar brevemente un comentario en cuanto a que el fenómeno de la apreciación del peso no es efectivo sino que es solamente caída del dólar la que se está reflejando, entonces su comentario no resulta válido, pero sí hay algo de apreciación real efectiva. Agrega que tiene la impresión que los efectos macro de la apreciación sobre la demanda agregada es una curva Yieid y que inicialmente tiene efectos expansivos en la apreciación en el corto plazo, considerando que el sector privado que es un importador neto y el principal exportador del país es el Estado, el ingreso que se genera da un efecto positivo. Indica el señor Consejero que si así fuera, tal vez podrían revertirse parte de los efectos de demanda agregada que se están viendo de aquí hacia delante, ya que ésta aparece expandiéndose, pero en realidad es un efecto de acumulación de inventario de un sector exportador, no es un fenómeno doméstico. En lo doméstico, lo que resalta es la caída en la proyección del consumo privado que baja en un punto respecto de lo proyectado en el IPoM para el tercer trimestre y medio punto para el cuarto trimestre, que es algo que a lo mejor se podría eventualmente revertir.",,RPM-2007-10-11,1502,1,True,2007,1230,213,False,False,10,True,autoridad_señal,2007_mixto
2008-11-13,2994,RPM-2008-11-13:2158:1,José De Gregorio Rebeco,Presidente del Banco Central,opciones_tpm,opciones_tpm,"El Presidente señor José De Gregorio fija la Reunión de Política Monetaria del mes de mayo de 2009, para el día 7 de dicho mes. El Presidente señor José De Gregorio ofrece la palabra al Gerente de División Estudios señor Pablo García para que presente las Opciones de Política Monetaria para esta Reunión.",,RPM-2008-11-13,2158,1,True,2008,305,53,False,False,10,True,autoridad_señal,2008_crisis_alza
2007-02-08,1440,RPM-2007-02-08:1083:1,Pablo García Silva,Gerente de División Política Financiera,mercado_laboral,mercado_laboral,"El Gerente de División Política Financiera señor Pablo García, con respecto a este mismo tema, es de la opinión que se debe tener cuidado de cómo se califican los datos del INE, porque una parte lo constituye el diagnóstico del desempleo, que podría haber sido más bajo, lo que se venía discutiendo desde el IPoM. Por otra parte, los datos más coyunturales muestran que eso ya se terminó, se revirtió y entonces cabe preguntarse cómo ponderar aquello, ya que efectivamente puede ser más baja, pero si hubiere seguido cayendo, sin embargo el dato duro de empleo del INE, incluso empleo asalariado, muestra una tendencia en el margen más tenue, que pareciera que aunque la brecha pudiera ser más cerrada aparentemente ya se ha detenido. Por otra parte, respecto al efecto sobre la inflación tiene la impresión de que a esta frecuencia es difícil argumentar que el efecto puede ser tan fuerte como para producir aceleraciones de 1 punto en la inflación subyacente en un par de meses. En cuanto a la curva Phillips, el señor García señala que ésta opera con rezagos bastante mayores, en consecuencia debiera esperarse un tiempo más prolongado que solamente un par de meses. Agrega, que en general, en la discusión respecto de mercado laboral se le cree más al INE y de ahí a tratar de hacer vínculos con la aceleración de la inflación subyacente, le parece, que es aún prematuro ya que no se cuenta con antecedentes suficientes.",,RPM-2007-02-08,1083,1,True,2007,1424,244,False,False,10,True,staff_señal,2007_mixto
2011-05-12,5795,RPM-2011-05-12:4012:1,Sergio Lehmann Beresi,Gerente de Análisis Internacional,escenario_internacional,escenario_internacional,"El señor Sergio Lehmann responde que no se cuenta con lecturas más recientes de estos futuros, pero que una semana atrás mostraban un ligero movimiento al alza. Añade que el Departamento de Agricultura de Estados Unidos publicó su informe el día anterior, que da cuenta de mayores holguras en los mercados del maíz y trigo que, en general, tienen un impacto bastante importante en los futuros. Por lo tanto, sobre la base de ese informe, se debiera anticipar que los futuros de alimentos tienden a estabilizarse o registrarán una ligera caída adicional, particularmente en el caso del maíz y del trigo.",,RPM-2011-05-12,4012,1,True,2011,602,101,False,False,10,True,staff_señal,2011_alza
2012-05-17,6807,RPM-2012-05-17:4822:1,Sebastián Claro Edwards,Consejero,debate,debate,El Consejero señor Sebastián Claro consulta por las razones que motivan la significativa sorpresa al alza del consumo de bienes durables.,,RPM-2012-05-17,4822,1,True,2012,137,21,False,False,10,True,autoridad_señal,2012_13_mantiene
2008-09-04,2910,RPM-2008-09-04:2099:1,Consejo del Banco Central de Chile,Consejo,acuerdo_comunicado,acuerdo_comunicado,"En mérito de lo anterior, el Consejo adopta el siguiente Acuerdo: 127-01-080904-Tasa de Política Monetaria. En su reunión mensual de política monetaria, el Consejo del Banco Central de Chile, acordó aumentar la tasa de interés de Política Monetaria en 50 puntos base, hasta 8,25% anual. Comunicado “En su reunión mensual de política monetaria, el Consejo del Banco Central de Chile acordó aumentar la tasa de interés de política monetaria en 50 puntos base, hasta 8,25% anual. Dado el adverso panorama inflacionario, este aumento de la tasa de política es necesario para asegurar la convergencia de la inflación hacia el 3% en el horizonte de política. En el ámbito externo, las perspectivas de actividad para las economías desarrolladas siguen débiles y los mercados financieros internacionales continúan tensionados. El precio del petróleo ha seguido cayendo pero, al igual que otros productos básicos, está aún en niveles elevados. Se mantienen las presiones inflacionarias en el mundo, en especial en las economías emergentes. En el plano interno, la información disponible de actividad para el tercer trimestre es coherente con las perspectivas de que la expansión anual de la economía en el segundo semestre, será significativamente mayor que en la primera mitad del 2008. La demanda interna continúa creciendo a tasas elevadas, particularmente en su componente importado y el desempleo se ha mantenido estable. La inflación de agosto estuvo dentro de lo anticipado, aunque sigue siendo elevada. Las distintas medidas subyacentes de inflación siguen altas, confirmando que la propagación inflacionaria ha sido mayor que la prevista hace unos meses. Hasta ahora, la dinámica salarial sigue ajustada a patrones históricos. El Consejo reafirma su compromiso de conducir la política monetaria de manera de reducir la elevada inflación actual hacia 3% en el horizonte de política. Ello resulta esencial para alinear la dinámica inflacionaria con el objetivo de estabilidad de precios. La trayectoria futura de la TPM contempla ajustes adicionales para asegurar la convergencia de la inflación a la meta, a un ritmo que dependerá de la nueva información que se acumule y de sus implicancias sobre la inflación proyectada.”",,RPM-2008-09-04,2099,1,True,2008,2222,343,False,False,10,True,autoridad_señal,2008_crisis_alza
2013-04-11,7613,RPM-2013-04-11:5498:3,Rodrigo Vergara Montes,Presidente del Banco Central,opciones_tpm,opciones_tpm,"El Presidente señor Rodrigo Vergara deja constancia que la Reunión de Política Monetaria de octubre de 2013 se efectuará el día 17 de ese mes. A continuación, concede la palabra al Gerente de División Estudios señor Luis Óscar Herrera a fin de que presente al Consejo las Opciones de Política Monetaria que se han considerado en esta oportunidad.",,RPM-2013-04-11,5498,3,True,2013,346,58,False,False,10,True,autoridad_señal,2012_13_mantiene
2012-09-13,7120,RPM-2012-09-13:5089:1,Enrique Marshall Rivera,Consejero,decision_tpm,decision_tpm,"El Consejero señor Enrique Marshall inicia su intervención agradeciendo al staff por el apoyo proporcionado en esta Reunión de Política Monetaria. Manifiesta que se llega a esta Reunión una semana después de la presentación pública del último IPoM, lo que confiere la ventaja de contar con una visión completa y actualizada de la marcha de la economía y, sobre todo, de sus perspectivas. Acota que, en todo caso, el diagnóstico general allí consignado permanece vigente. En lo concerniente al frente externo, señala que las últimas noticias han tenido un sello alentador. Destaca particularmente el anuncio referente a que el Banco Central Europeo intervendría en el mercado de deuda soberana, todo lo cual ha sido bien recibido y se ha reflejado en las primas de riesgo. Agrega que también merece una especial mención la decisión de la Reserva Federal conocida en el día de hoy. Sin embargo, estima que el panorama general para la economía mundial no ha cambiado sustancialmente, por cuanto los problemas estructurales de Europa siguen presentes y la economía de los Estados Unidos de América exhibe un desempeño que sus propias autoridades han calificado como “menos que satisfactorio”. Además, las principales economías emergentes se desaceleran, lo que despierta preocupación por su incidencia en el crecimiento global. Indica que en este contexto, con una mejora en la percepción de riesgo, los precios de las materias primas han experimentado un repunte, destacándose las alzas del cobre y el petróleo. En lo atinente al frente interno, comenta que las últimas cifras de actividad y demanda reafirman el diagnóstico de una economía que se desacelera gradualmente y que se aproxima a su crecimiento de tendencia. Sin embargo, expresa que subsiste cierta inquietud sobre la sostenibilidad de la trayectoria observada por la demanda y la actividad. Plantea que esa preocupación se ve avalada por datos objetivos, como lo son las condiciones relativamente estrechas que se siguen observando en el mercado laboral y la evolución de la cuenta corriente. A su juicio, todo ello requiere una evaluación cuidadosa y un seguimiento permanente. En materia de inflación, destaca que sigue observando una trayectoria descendente y que la última cifra mensual sorprendió nuevamente a la baja. No obstante, considera que estos antecedentes deben ser analizados con precaución, ya que en el último tiempo, la trayectoria de corto plazo ha experimentado aceleraciones y desaceleraciones r scas por factores no controlables. En todo caso, enfatiza que lo importante es que el 1 panorama de mediano plazo sigue presentando riesgos inflacionarios relevantes, que se relacionan con las actuales estrecheces de capacidad y con las perspectivas de crecimiento contempladas en el escenario más probable. Agrega que los componentes de la inflación más asociados al estado de la economía presentan tasas de variación bastante superiores al promedio. Asimismo, hace presente que el mercado, si bien espera tasas de inflación relativamente bajas en el corto plazo, mantiene sus expectativas en torno a la meta para el mediano plazo; que para la TPM proyecta una trayectoria más bien plana; que, más aún, ha ganado fuerza la idea de que ello será así por tiempo prolongado; y que para esta Reunión, la apuesta de consenso es que la Tasa de Política Monetaria mantendrá su nivel de 5% anual. El Consejero señor Enrique Marshall manifiesta que con estos antecedentes, la opción que predomina ampliamente es la de mantener la tasa rectora y que, en tal sentido, coincide con lo planteado en la minuta de la Gerencia de División Estudios. En este sentido, precisa que los argumentos son similares a los esbozados en Reuniones anteriores, ya que la TPM se ubica en un nivel que puede ser considerado como neutral, lo que sitúa a la política monetaria en una posición de relativa comodidad. Añade que por otra parte, los riesgos provenientes del escenario externo están compensados por aquellos que provienen del escenario interno, lo que refuerza la conveniencia de no introducir cambios. Asimismo, plantea que a ello habría que agregar que un curso de acción distinto al mencionado sería sorpresivo para el mercado y probablemente difícil de asimilar. Finalmente, señala que la identificación de una única opción razonable, lo que se extiende ya por varias Reuniones, pone de manifiesto que en estas circunstancias se ha reducido la posibilidad de maniobra para la política monetaria. En virtud de lo expuesto, expresa que su voto es por mantener la Tasa de Política Monetaria en su actual nivel de 5% anual.",,RPM-2012-09-13,5089,1,True,2012,4581,732,False,False,10,True,autoridad_señal,2012_13_mantiene
2013-01-17,7402,RPM-2013-01-17:5322:1,Joaquín Vial Ruiz-Tagle,Consejero,decision_tpm,decision_tpm,"El Consejero señor Joaquín Vial inicia su intervención agradeciendo el excelente análisis del equipo de la Gerencia de División Estudios, así como las recomendaciones de política entregadas para esta Reunión. En su opinión, de los antecedentes presentados queda clara la existencia de un tono más positivo en los mercados financieros internacionales y que también se aprecia una mayor fortaleza en los datos de actividad económica en Estados Unidos de América y China. Sin embargo, expresa que la calma en los mercados financieros será sometida a prueba en las semanas y meses siguientes por los eventos en la Zona Euro —Chipre y las elecciones italianas serían los hitos más próximos— y por lo que ocurra con las discusiones sobre límites de deuda y recortes fiscales en Estados Unidos de América. Respecto de los datos de actividad, señala que ellos más bien apuntan a la consolidación del escenario base más que a un cambio en las previsiones. Agrega que en un horizonte un poco más amplío, parece preocupante el impacto del nuevo programa de estímulo fiscal en Japón, por los efectos sobre el tamaño de su deuda pública. A su juicio, habrá que seguir con cuidado posibles efectos sobre el valor de dicha deuda. Con respecto al plano local, el Consejero señor Joaquín Vial hace notar que se aprecia con mayor claridad que el empuje de la demanda interna se apoya principalmente en la fuerte expansión de la inversión, y que ella, a su vez, incide en forma indirecta sobre el consumo debido a los impactos sobre el mercado de trabajo y el ingreso disponible de las familias. En lo concerniente a la inflación, menciona que permanece transitoriamente algo por debajo del límite inferior de la banda, situación que debería tender a normalizarse a lo largo del año. En este contexto positivo, manifiesta preocupación por que los salarios sigan creciendo a tasas cercanas al 7% anual, con un aumento de la brecha respecto de las alzas derivadas de aplicar el efecto mecánico de las reglas de indexación de los contratos de trabajo. En resumen, plantea que el escenario internacional se aprecia algo mejor, que la inflación está a niveles bajos, y que hay síntomas de que la fortaleza de la demanda interna persiste y comienza a presionar sobre los salarios. En estas circunstancias, el Consejero señor Joaquín Vial manifiesta su concordancia con la recomendación del staff, razón por la cual vota por mantener la TPM en 5%.",,RPM-2013-01-17,5322,1,True,2013,2421,405,False,False,10,True,autoridad_señal,2012_13_mantiene
2012-07-12,6986,RPM-2012-07-12:4973:2,Rodrigo Vergara Montes,Presidente del Banco Central,acuerdo_comunicado,acuerdo_comunicado,"En consecuencia, el Presidente señor Rodrigo Vergara deja constancia que se acuerda por unanimidad de los señores Consejeros mantener la Tasa de Política Monetaria en 5.0% anual.",,RPM-2012-07-12,4973,2,True,2012,178,27,False,False,10,True,autoridad_señal,2012_13_mantiene
2008-08-14,2832,RPM-2008-08-14:2041:1,Enrique Marshall Rivera,Consejero,decision_tpm,decision_tpm,"El Consejero señor Enrique Marshall agradece al staff el apoyo brindado para esta Reunión. Señala el señor Consejero que la principal novedad del último mes es el deterioro del panorama inflacionario. En el frente externo, el crecimiento para este año sufre correcciones menores, en alza en Estados Unidos de América y en baja en Europa y Japón. En tanto, las perspectivas siguen denotando debilidad y los riesgos han aumentado. Los mercados financieros, cumplido un año desde que se desencadenó la crisis, permanecen tensionados. Indica el señor Consejero que a los problemas de liquidez y solvencia, aún no despejados, se suman nuevas preocupaciones por los efectos de la inflación y la desaceleración de la actividad sobre las carteras de las instituciones financieras. Agrega que en los países desarrollados, las perspectivas para estas instituciones continúan marcadas por un grado importante de incertidumbre. Indica que la inflación sigue siendo una materia de alta preocupación a nivel global y que se ha producido un alivio con el reciente ajuste hacia abajo observado en forma bastante generalizada por los precios de los commodities. Con todo, estos precios siguen siendo muy altos y el impacto de ello sobre la inflación efectiva y las expectativas sigue generando intranquilidad, especialmente en los países en desarrollo. Comenta el Consejero señor Enrique Marshall que, en el frente interno, los mercados monetario y crediticio continúan en un proceso de ajuste gradual. Al respecto, señala que la principal novedad ha sido la significativa desaceleración de los agregados monetarios. Menciona también, que el peso se ha vuelto a depreciar y se ha consolidado en un nivel significativamente más alto del observado en marzo de este año, donde alcanzó su punto más bajo. Por otro lado, las implicancias inflacionarias de su evolución reciente y futura deben ser evaluadas con atención. Comenta el señor Consejero que el registro de IMACEC de junio sorprendió al alza, pero las perspectivas de crecimiento para el año, en su conjunto, están bastante en línea con las visualizadas con anterioridad. Indica asimismo, que la demanda permanece dinámica, el consumo mantiene su tasa de expansión, en tanto la inversión crece a tasas elevadas, incluso superiores a las anticipadas. Por su parte, señala el Consejero señor Enrique Marshall que el mercado laboral sigue mostrando escasas holguras. El empleo mantiene su dinamismo, mientras la tasa de desocupación permanece estable y la fuerza de trabajo crece a tasas relativamente altas, lo que podría asociarse con la caída en el ingreso real disponible de los hogares. Manifiesta el Consejero señor Enrique Marshall que, constituyéndose en el desarrollo más relevante para efectos de la política monetaria, el panorama inflacionario se volvió a deteriorar en forma significativa en el último mes. Agrega que el registro mensual sorprendió al alza y la variación anual se mantuvo en el mismo nivel alto del mes anterior y las señales de propagación hacia otros precios se siguen intensificando. Señala también que las nuevas proyecciones de corto plazo indican que la tasa anual permanecería en un nivel próximo al actual durante los próximos meses. Indica que el mercado ha reaccionado, ajustando nuevamente sus expectativas de inflación, las que expresadas como variación anual se ubican alrededor del 8% para diciembre de este año. Con todo, le parece que la propagación de esta mayor inflación hacia los salarios se mantiene bastante acotada. Sin embargo, estima que el riesgo de que las remuneraciones se aceleren ha aumentado debido al nivel y persistencia de la inflación. Comenta el Consejero señor Enrique Marshall que las expectativas para la Tasa de Política Monetaria se han ajustado a este nuevo cuadro de inflación. Así, menciona que en estos momentos, el mercado espera que ésta suba entre 75 y 100 puntos base en los próximos meses y que parte de ello ocurra en esta Reunión, aunque la mayoría anticipa un alza de 50 puntos base en lo inmediato. En suma, indica que el escenario macro muestra una inflación alta y persistente, un crecimiento similar al proyectado a principios de año y holguras de capacidad más bien estrechas. En estas circunstancias, señala el Consejero señor Marshall que la reacción de política debe ser nuevamente vigorosa y considerar un incremento de 50 ó 75 puntos base, como lo sugiere la Minuta de Opciones. Coincide el señor Consejero que un alza de menor magnitud debe ser descartada. Agrega que existen buenos argumentos para inclinarse por una u otra de estas dos opciones y que ambas constituirían reacciones adecuadas para el escenario enfrentado. En este caso, menciona que consideraciones tácticas pueden ser relevantes para efectos de la decisión. Manifiesta el Consejero señor Marshall que, en su opinión, un incremento de 75 puntos base, cuando el mercado espera solo 50 puntos base, reforzaría el compromiso del Banco Central de Chile con la meta de inflación. Sin embargo, sorprendería y podría generar ruido respecto de las razones detrás de esta decisión y, sobre todo, respecto del curso futuro de la política monetaria. Por otra parte, menciona el Consejero señor Marshall que, considerando que la encuesta de expectativas anticipa un incremento acumulado de 75 puntos base en lo que resta del año, incluido el ajuste de esta Reunión, podría interpretarse que el Banco Central ha adelantado todo el ajuste requerido, lo que no se condice con el diagnóstico efectuado. Indica asimismo, que un ajuste de 50 puntos base está más alineado con lo que espera el mercado, lo cual le parece un argumento sólido en esta oportunidad y además, éste otorga mayor libertad para orientar la política monetaria hacia delante y dosificar los ajustes requeridos en los próximos meses. Señala el Consejero señor Enrique Marshall que de igual forma, le parece importante, como lo señaló en la última Reunión, que se brinde espacio para que los distintos agentes puedan revisar y ajustar gradualmente sus decisiones económicas a la luz de las nuevas condiciones macroeconómicas, lo que podría facilitar la tarea del Banco Central de Chile. Menciona que por lo demás, un ajuste de 50 puntos base, que se suma a dos ajustes sucesivos de igual magnitud en meses anteriores y que podría ser seguido por nuevos ajustes, entrega una señal suficientemente sólida sobre el compromiso del Banco Central de Chile con la meta inflacionaria. En todo caso, indica que lo más relevante en esta oportunidad es comunicar que el proceso de ajuste monetario no ha concluido y que lo más probable es que la Tasa de Política Monetaria deba ser revisada al alza en los próximos meses. Por todo ello, se inclina por un alza de 50 puntos base, pero para ser congruente con lo señalado, estima que la orientación de la política debe mantener el sesgo restrictivo que traía. Por las razones expuestas, el Consejero señor Enrique Marshall vota por subir la Tasa de Política Monetaria hasta 7,75%.",,RPM-2008-08-14,2041,1,True,2008,6967,1122,False,False,10,True,autoridad_señal,2008_crisis_alza
2015-04-16,9124,RPM-2015-04-16:6737:1,Sebastián Claro Edwards,Consejero,actividad_interna,actividad_interna,"El Consejero señor Sebastián Claro expresa que a partir de los últimos datos de cuentas nacionales y de la publicación, a mediados de marzo, de los datos de demanda — en particular, los de inversión por sector—, surgen nuevos elementos de análisis para revisar el comportamiento de la inversión minera en el año 2013, que fue sorprendentemente dinámica, así como la trayectoria de la inversión en los últimos dos años y su descomposición en sector minería versus no minería. En su opinión, es un elemento que debe ser discutido con más detalle en adelante.",,RPM-2015-04-16,6737,1,True,2015,556,94,False,False,10,False,resto_sin_señal,2015_quiebre
2013-03-14,7525,RPM-2013-03-14:5421:1,Rodrigo Vergara Montes,Presidente del Banco Central,actividad_interna,actividad_interna,"El Presidente señor Rodrigo Vergara hace referencia a la fuerte revisión al alza del PIB correspondiente al primer trimestre del año en curso, desde el 5,1% contemplado en el IPoM de diciembre último a 5,8%, y consulta por las razones que la explican.",,RPM-2013-03-14,5421,1,True,2013,251,43,False,False,10,True,autoridad_señal,2012_13_mantiene
2010-11-16,5284,RPM-2010-11-16:3572:2,José De Gregorio Rebeco,Presidente del Banco Central,opciones_tpm,opciones_tpm,"Siendo las 16:00 horas, el Presidente señor José De Gregorio reanuda la sesión y concede la palabra al Gerente de División Estudios señor Luis Óscar Herrera para que presente las Opciones de Política Monetaria para la presente Reunión.",,RPM-2010-11-16,3572,2,True,2010,235,38,False,False,10,True,autoridad_señal,2010_alza_emergencia
2014-07-15,8639,RPM-2014-07-15:6341:1,Consejo del Banco Central de Chile,Consejo,acuerdo_comunicado,apertura_cierre,El Consejo aprueba el texto del Comunicado. Se levanta la Sesión a las 16:45 horas.,,RPM-2014-07-15,6341,1,True,2014,83,15,False,False,10,True,autoridad_señal,2013_14_bajas
2006-08-10,1079,RPM-2006-08-10:789:1,Sergio Lehmann Beresi,Gerente de Análisis Internacional,otros,otros,"El señor Lehmann responde que estas cifras se
presentan desestacionalizadas. Sin embargo, si uno compara con períodos equivalentes en el
pasado, de todos modos está históricamente más alto. Agrega que, en todo caso, en términos
relativos, los inventarios son más pequeños en relación a la demanda.",,RPM-2006-08-10,789,1,True,2006,297,46,False,False,10,False,resto_sin_señal,2006_alza_fin
2007-01-11,1388,RPM-2007-01-11:1047:3,Vittorio Corbo Lioi,Presidente del Banco Central,opciones_tpm,opciones_tpm,"A continuación, el Presidente don Vittorio Corbo, solicita al Gerente de División Estudios don Rodrigo Valdés, que presente las Opciones de Política Monetaria.",,RPM-2007-01-11,1047,3,True,2007,159,23,False,False,10,True,autoridad_señal,2007_mixto
2010-06-15,4684,RPM-2010-06-15:3135:1,Sergio Lehmann Beresi,Gerente de Análisis Internacional,escenario_internacional,escenario_internacional,"El señor Sergio Lehmann destaca a continuación el significativo aumento de los premios por liquidez tanto en Estados Unidos como en la Zona Euro, en especial para plazos más largos. Al respecto, detalla que los spread Libor - OIS en Estados Unidos tendieron a estrecharse semanas atrás, estabilizándose en los últimos días, y que a plazos más largos, esto es, a 6 meses, se observa una mayor estrechez de liquidez. Comenta que Europa exhibe una situación parecida, que en el Reino Unido la situación de estrechez de liquidez es algo más acotada, y que se mantiene una situación similar a la observada en los últimos meses. Agrega que en el caso de Canadá, simplemente para tener una visión de una economía más sólida en materia de mercados financieros y desarrollo económico, el movimiento o la estrechez de liquidez es bastante más acotado. En materia de tasas de interés, el señor Lehmann hace presente que los movimientos esperados en las tasas de política monetaria han tendido a postergarse o a ser más moderados. Señala que hay algunas excepciones, como Nueva Zelanda y Canadá, cuyas TPM presentan movimientos recientes. En Estados Unidos, por el contrario, los aumentos de tasas se registrarían no antes del segundo trimestre del próximo año, en Europa casi a fines 2011, que el Reino Unido también exhibe una ligera postergación de este movimiento, mientras que Japón hace bastante tiempo que no la ha modificado. Explica, asimismo, que a fin de conocer lo que se está observando en otras economías mundiales en cuanto a tasas de instancia monetaria, particularmente en las economías emergentes, se tomó la misma lectura de expectativas de tasa y se sacó un promedio simple por región. Informa que este ejercicio arrojó para América Latina una ligera postergación en los movimientos de alza y algo parecido en Europa emergente, más influenciado, en este caso, por las turbulencias que afectan a los mercados financieros europeos, mientras que en Asia y Oceania se espera un ligero movimiento al alza, que se adelantaría respecto de lo que se proyectaba hace algún tiempo.",,RPM-2010-06-15,3135,1,True,2010,2079,343,False,False,10,True,staff_señal,2010_alza_emergencia
2009-04-09,3511,RPM-2009-04-09:2492:1,Luis Felipe Céspedes Cifuentes,Gerente de Investigación Económica,inflacion,inflacion,"El Gerente de Investigación Económica, señor Luis Felipe Céspedes señala que, ciertamente las proyecciones de crecimiento hoy día son significativamente peores que las que se tenían en la RPM pasada. El crecimiento esperado para el segundo trimestre es casi el doble más bajo que el que se esperaba anteriormente. Particularmente, es preocupante el comportamiento del consumo habitual y de la inversión y así lo reconocen las proyecciones que se han hecho para el segundo trimestre que, de alguna u otra forma, consideran este escenario más negativo. Ahora bien, no es difícil prever en este escenario, menores presiones inflacionarias asociadas a las brechas más amplias que existen, y esto sin lugar a dudas que va a ser un tema en el IPoM. Indica que, en este contexto es natural esperar, de mantenerse la inflación en la trayectoria de un 3% en el horizonte de política, un estímulo monetario mayor al esperado. El señor Céspedes agrega que, la actualización de las cifras apunta a que la TPM final de este ciclo es menor a la esperada en la RPM pasada. Cuánto menor, es una cuestión a esta altura de mayor incertidumbre, pero lo cierto es que se requiere, en su opinión, un mayor estímulo al esperado en la Reunión pasada. A su juicio, un movimiento de 75 puntos base es consistente con el escenario macro que se está enfrentando y con las decisiones y estrategias que la política monetaria venía implementando en el mes de marzo. Dado el escenario de riesgo sesgado hacia un escenario negativo, la política monetaria actuó de manera particularmente contracíclica. Lo anterior sin lugar a dudas que implicó comprar un cierto seguro contra escenarios más negativos, pero la pregunta que cabe al respecto es si ese seguro se está efectivamente cobrando en este escenario de cifras de menor crecimiento. El señor Gerente de Investigación Económica menciona que el mes de marzo introdujo un sesgo en particular que, en su opinión, establece un marco de acción más limitado en esta ocasión. Implícitamente se vuelve a un escenario donde la política monetaria se hace más predecible para los agentes. Añade que desviaciones a un mes de haberse adoptado un sesgo de esta naturaleza, pueden generar más ruidos que ganancia. Por eso, en su concepto, una reducción de 50 puntos base hoy es algo más que un sesgo ligeramente más expansivo. Ello puede generar un efecto similar y una baja más agresiva en esta ocasión. Como en ocasiones anteriores, el IPoM se plantea como una inmejorable ocasión para reevaluar las expectativas de inflación y de esta forma realizar ajustes a las trayectorias de tasas. A su juicio, lo importante en esta ocasión, dado el escenario más negativo que el esperado anteriormente, sería dar una señal de que el punto final de llegada debiera ser más bajo que el que se preveía anteriormente. Por consiguiente, concluye que una reducción de 50 puntos base, con un sesgo relativamente distinto al anterior, podría lograr dicho objetivo.",,RPM-2009-04-09,2492,1,True,2009,2956,492,False,False,10,True,staff_señal,2009_bajas
2011-07-14,5975,RPM-2011-07-14:4160:1,Manuel Marfán Lewis,Vicepresidente del Banco Central,debate,debate,"El Vicepresidente señor Manuel Marfán indica que dicha situación es similar a las discusiones del presupuesto en Chile, donde el Poder Ejecutivo siempre tiene la facultad de mantener el presupuesto enviado al Congreso. Al respecto, comenta que esa facultad no se ha ejercido nunca, pero que en caso de que estuviera próxima a usarse, sería visto como una situación muy difícil, por un problema de falta de legitimidad de una decisión mayor.",,RPM-2011-07-14,4160,1,True,2011,440,72,False,False,10,True,autoridad_señal,2011_alza
2007-09-13,1929,RPM-2007-09-13:1459:2,Rodrigo Valdés Pulido,Gerente de División Estudios,acuerdo_comunicado,acuerdo_comunicado,"Expone el Gerente de División Estudios señor Rodrigo Valdés, que en la reunión de política monetaria de agosto, el Consejo acordó aumentar la tasa de interés de política monetaria en 25 puntos base hasta 5,5% anual, luego de iguales incrementos en los dos meses anteriores. Indica que se estimó necesaria esa decisión para que la inflación proyectada en torno a dos años se mantuviera en 3%, considerando que la información disponible confirmaba un importante dinamismo en el segundo trimestre, la inflación del IPC se elevaba hasta casi 4%, muy por encima de lo proyectado, y las medidas alternativas de la tendencia inflacionaria estaban algo por sobre 3%. Señala el Gerente de División que se consignó que las expectativas de inflación de corto plazo del sector privado habían aumentado significativamente, aunque las de largo plazo permanecían en torno a 3%. También se consideró que, si bien el escenario externo relevante para la economía chilena continuaba positivo, había mayor volatilidad en los mercados financieros internacionales y condiciones crediticias algo más restrictivas. Agrega el señor Gerente de División que desde la reunión anterior, período en el que también se publicó el IPoM de septiembre, las principales novedades son las siguientes: • En el lado externo, se han intensificado los problemas en los mercados financieros internacionales, incluyendo condiciones crediticias menos favorables, situación que ha comenzado a mermar las proyecciones de crecimiento del mundo. Esto mismo ha fortalecido las perspectivas de menores tasas de interés de política monetaria en las principales economías desarrolladas, y ha reducido las tasas de interés de largo plazo. El premio soberano de Chile aumentó de manera apreciable el último mes. • El precio del cobre ha disminuido algo (hasta US$ 3,3 - 3,4), evolución coherente con el escenario base, y el del petróleo ha aumentado, ubicándose bastante por encima de lo esperado (hasta cerca de US$ 80 el barril). Indica que el precio del trigo ha continuado aumentando de manera significativa. Sorprendentemente, las turbulencias financieras y riesgos asociados no parecen estar teniendo mayores efectos sobre el precio de los principales productos primarios. • En el mercado financiero interno, se han asentado expectativas de un par de alzas en la Tasa de Política Monetaria en lo que resta de este año. Señala que el nivel de las tasas de interés de mediano y largo plazo de los documentos del Banco Central de Chile, las tasas de interés de colocaciones, el crecimiento del crédito y de los agregados monetarios dan cuenta de condiciones financieras que siguen apoyando el crecimiento de la demanda interna. El tipo de cambio mostró una volatilidad algo mayor durante el mes pasado, y en los últimos días tuvo una reducción más notoria, hasta $ 516 (menos de 1% desde la última reunión, si se consideran los últimos tres días hábiles). El TCM mostró una disminución algo mayor. • El crecimiento de la actividad en julio fue de 4%, afectada por el efecto calendario y el desempeño de los sectores minería y EGA. Más allá de sus efectos directos sobre la actividad del trimestre, las cifras son insuficientes para modificar el escenario base del IPoM. Manifiesta el señor Gerente de División que continúa así la evaluación que el nivel del PIB sin Recursos Naturales sería similar a su tendencia y hacia delante crecería a un ritmo similar al de tendencia. • Indica que en agosto, la inflación volvió a ser elevada y mayor que la proyectada, también por aumentos inesperados de los precios de algunos alimentos, en especial de los perecibles. Respecto del IPoM, las sorpresas fueron menores y se concentraron en alimentos perecibles y gasolina. El panorama de inflación de corto plazo se corrige algo al alza y se ubica marginalmente por encima del proyectado en el escenario base del IPoM, liderado por el mayor precio de los combustibles. Las medidas alternativas de tendencia inflacionaria volvieron a aumentar y algunas se ubican hoy en torno a 4%. • Los indicadores salariales tuvieron una aceleración importante el último mes, mientras la discrepancia entre CMO e IREM se acentuó. Aunque cabía esperar un mayor crecimiento de los salarios nominales por los efectos habituales de la indexación salarial a la inflación pasada, el panorama relativamente benigno por el lado de los costos laborales estaría quedando atrás. • Los indicadores de expectativas de inflación del sector privado son coherentes con el escenario de inflación descrito en el IPoM. Esto es, inflación anual elevada en el corto plazo y no muy distinta de 3% a plazos largos. El Gerente de División Estudios agrega que con los antecedentes acumulados en el último mes, y considerando la reciente publicación y presentación del IPoM de septiembre, es difícil argumentar a favor de una opción diferente a la de aumentar la tasa de política monetaria en 25 puntos base para la reunión de hoy. Señala el señor Rodrigo Valdés que en el IPoM recién presentado, el Consejo comunicó que en el escenario más probable sería necesario aumentar la tasa de política monetaria en los meses siguientes. Detrás de ello está la evaluación que en el cuadro actual de brechas y tendencia inflacionaria es necesario reducir el estímulo que provee la política monetaria, de manera que la inflación proyectada a dos años se mantenga en 3%. Indica que este ajuste permite también moderar los riesgos de efectos de segunda vuelta de los fuertes shocks de precios específicos de los últimos meses, shocks que además inciden en que la inflación actual esté muy por encima de la meta. Asimismo, y como referencia, las proyecciones identificadas como escenario base incluían como supuesto de trabajo aumentos de la tasa de política monetaria que en esta ocasión resultan similares a las expectativas de mercado e incluyen un par de aumentos de la tasa de política monetaria en un plazo relativamente cercano. Comenta el señor Gerente de División que los antecedentes acumulados desde el cierre del IPoM no modifican el escenario base o los riesgos asociados a éste, descritos en el Informe. Las cifras de actividad y demanda interna son mixtas, sin una implicancia evidente para las proyecciones. Las mayores noticias a la baja se concentran en el sector de recursos naturales, menos relevante desde el punto de vista de las presiones inflacionarias. De igual manera, algunos indicadores que han resultado más débiles, como las ventas de viviendas y el desempeño del comercio, se contraponen con otros más dinámicos, como las importaciones de bienes de consumo y de capital. En el lado de la inflación, hay novedades en el precio del petróleo que hacen prever un curso para los próximos meses marginalmente por encima del considerado en el IPoM. A pesar de lo anterior, señala el señor Gerente de División se podría justificar mantener la tasa de política monetaria hoy si se estimara que, junto al deterioro en el margen del escenario internacional, los riesgos a la baja se han exacerbado de manera considerable, con posibles implicancias de primer orden sobre las brechas esperadas en Chile. La mantención, en este sentido, sería una acción preventiva ante un riesgo mayor. Sin embargo, hasta la fecha las proyecciones de crecimiento que hacen los bancos de inversión han sufrido variaciones acotadas, mientras que, sorprendentemente, el precio de los principales bienes primarios no ha disminuido e incluso ha aumentado en algunos casos. Es evidente que el sesgo de las proyecciones de crecimiento mundial del escenario base del IPoM es a la baja, pero no está claro de cuánto será la corrección final. Además, no se puede descartar que un deterioro externo venga acompañado de un empeoramiento de las condiciones financieras relevantes para Chile y un movimiento cambiario que atenúe los efectos deflacionarios de una actividad más débil. Finalmente, indica que no hay evidencia clara que la situación financiera global esté afectando las condiciones crediticias internas en Chile, y de esa manera, a la demanda interna. Más allá del leve aumento del premio por riesgo país implícito en las tasas de los bonos soberanos y de una mayor tasa de interés en dólares onshore, la que podría explicarse por otros factores, los agregados monetarios y crediticios se siguen expandiendo, ha habido colocaciones de bonos y los spreads corporativos han aumentado solo levemente y se mantienen bajos. En el extremo opuesto, y como se ha planteado en las últimas reuniones, se podría argumentar a favor de un aumento de la tasa de política monetaria de 50 puntos base, considerando que la inflación anual está en la actualidad muy por encima de la meta y hay riesgos que, en un escenario de holguras reducidas, se materialicen efectos de segunda vuelta por encima de los proyectados en el escenario central, postergando el regreso de la inflación a 3% e incluso afectando las expectativas de inflación a plazos mayores. De hecho, como se analizó en el IPoM, la preocupación por la inflación que muestran las encuestas de expectativas de consumidores y empresas da cuenta de este riesgo, lo cual se ha exacerbado en el último dato. En este cuadro, señala que un ajuste mayor de 25 puntos base podría enviar una señal más decidida de compromiso con la estabilidad de precios, en particular cuando el mercado espera mayoritariamente un aumento de 25 puntos base. Sin embargo, un aumento de la tasa de política monetaria de magnitud inusual cuando las expectativas de inflación de largo plazo se mantienen en torno a 3% no parece necesaria. Más aún, podría ser contradictoria con las decisiones de política de los últimos meses, considerando que se enfrentaba un escenario macroeconómico parecido al de hoy, la tasa de política monetaria era menor y se decidieron aumentos de 25 puntos base cada vez. Asimismo, un aumento de 50 puntos base también arriesga ser poco coherente con la propia presentación del IPoM, que consignó que el Banco Central de Chile trataría de evitar acciones que pudieran arriesgar una sobrerreacción. Por último, cabe señalar que la situación financiera internacional pone una fuerte nota de cautela respecto de la conveniencia de un alza de tasas agresiva. En suma, señala el Gerente de División la opción de aumentar la tasa de política monetaria en 25 puntos base es la más coherente con el IPoM recién presentado. Además, desde el punto de vista de la implementación, no debería generar mayores sobresaltos porque es un ajuste ampliamente esperado. Finalmente, menciona el Gerente de División Estudios señor Rodrigo Valdés que dada una decisión sobre el nivel de la Tasa de Política Monetaria, cabe evaluar la conveniencia de moderar o no el sesgo que ha tenido el comunicado en los últimos dos meses. Por un lado, mantener el mismo sesgo da continuidad y consolidaría expectativas de alzas adicionales. En principio, además, los principales argumentos que motivaron este sesgo siguen presentes — brechas agotadas, inflación elevada y tasa de política monetaria expansiva. Por otro lado, sin embargo, mantener la misma comunicación puede entenderse como que lo más probable sea un nuevo aumento consecutivo de la tasa de política monetaria, algo que podría resultar un poco agresivo en el escenario central, dado que ya se acumularían cuatro alzas consecutivas. Señala el señor Rodrigo Valdés que incluso, un sesgo muy evidente puede resultar indeseado ex post si el escenario externo se deteriora de manera significativa.",,RPM-2007-09-13,1459,2,True,2007,11451,1855,False,False,10,True,staff_señal,2007_mixto
2005-07-12,406,RPM-2005-07-12:308:1,Manuel Marfán Lewis,Consejero,acuerdo_comunicado,acuerdo_comunicado,"El Consejero señor Manuel Marfán, agradece el análisis del staff y coincide en que resulta difícil justificar una decisión diferente a la de elevar en 25 puntos base la tasa de política monetaria. Asimismo, señala que el escenario central descrito en el último IPoM se ha ido consolidando, con la excepción del mayor precio del petróleo y de algunas sorpresas en los precios de algunos bienes perecibles y que los demás riesgos allí señalados se han atenuado. En particular, señala que se ha ido consolidando un escenario de mayor dinamismo de la demanda interna. La inflación subyacente IPCX1, en tanto, exhibe un comportamiento de acuerdo a lo previsto, con lo que la mayor inflación del IPC reciente no responde a un fenómeno de origen macroeconómico. En consecuencia, indica que no cabe apartarse de lo esperado masivamente por el mercado, en cuanto a elevar la tasa de política monetaria a 3,5% y, en consecuencia, su voto es en tal sentido. Señala también, que aprovecha la oportunidad para opinar sobre los elementos comunicacionales planteados. Al respecto, le parece que se debería cambiar el discurso si es que se quiere afectar las expectativas del sector privado, respecto de futuros cambios de la tasa de política monetaria. Señala que le parece prematuro a estas alturas tomar una decisión en ese sentido. Es más, piensa que corresponde en ese caso hacer una revisión de todas las proyecciones para efectos de saber si es o no consistente plantear un aumento de la curva yield hacia delante desde la curva forward, lo que significaría un cambio respecto de lo planteado en el último IPoM. Opina que el momento correcto de hacer una evaluación en ese sentido es, precisamente, el próximo informe de política monetaria y no en esta oportunidad, en que no se cuenta con el conjunto de proyecciones como para introducir una modificación a un discurso de esa envergadura.",,RPM-2005-07-12,308,1,True,2005,1880,313,False,False,10,True,autoridad_señal,2005_alzas
2013-09-12,7984,RPM-2013-09-12:5812:3,Consejo del Banco Central de Chile,Consejo,acuerdo_comunicado,acuerdo_comunicado,"Conforme a la votación unánime efectuada por los señores Consejeros, el Consejo adoptó el siguiente Acuerdo: N° 202-01-130912 - Tasa de Política Monetaria En su reunión mensual de política monetaria, el Consejo del Banco Central de Chile acordó mantener la Tasa de Interés de Política Monetaria en 5% anual. Al concluir la Reunión, se procede a dar lectura al texto del Comunicado, que es del siguiente tenor: Comunicado “En su reunión mensual de política monetaria, el Consejo del Banco Central de Chile acordó mantener la tasa de interés de política monetaria en 5% anual. En el ámbito externo, las condiciones financieras globales no registran cambios significativos respecto de un mes atrás, pero se mantiene una alta volatilidad ante la expectativa de retiro parcial del estímulo monetario en Estados Unidos y las vulnerabilidades financieras en algunas economías emergentes y otras de la periferia europea. Los antecedentes conocidos recientemente son coherentes con la perspectiva de recuperación gradual de Estados Unidos, mientras diversos indicadores para China muestran que no habría continuado su desaceleración en los últimos meses. Los precios de materias primas no registraron una tendencia marcada en los mercados internacionales, aunque destaca la alta variabilidad exhibida por el precio del petróleo ante las tensiones geopolíticas en Medio Oriente. En el plano local, los antecedentes recientes de actividad y demanda conservan el patrón de meses anteriores: un crecimiento moderado de la producción y un dinamismo del consumo privado. La inflación total sigue dentro del rango de tolerancia, mientras que las medidas subyacentes continúan en valores cercanos a 1% anual. Las expectativas inflacionarias permanecen en torno a la meta en el horizonte de política. La consolidación de las tendencias delineadas en el último IPoM podría requerir de ajustes en la Tasa de Política Monetaria en los próximos meses. El Consejo reafirma su compromiso de conducir la política monetaria con flexibilidad, de manera que la inflación proyectada se ubique en 3% en el horizonte de política. Cambios futuros en la TPM dependerán de las implicancias de las condiciones macroeconómicas internas y externas sobre las perspectivas inflacionarias.”",,RPM-2013-09-12,5812,3,True,2013,2250,341,False,False,10,True,autoridad_señal,2012_13_mantiene
2008-01-10,2172,RPM-2008-01-10:1618:1,Sergio Lehmann Beresi,Gerente de Análisis Internacional,mercados_financieros,mercados_financieros,"El Gerente de Análisis Internacional señor Sergio Lehmann señala que se presentó una caída significativa en las tasas de interés a largo plazo, particularmente en Estados Unidos de América en donde se enfrentan preocupaciones de desaceleración más acentuadas en las economías desarrolladas, y bajo este contexto se fortalecen las alternativas de nuevos recortes en las tasas Fed Fund, y agrega que el dólar vuelve a perder valor en los mercados internacionales. Asimismo, señala el señor Lehmann que se observa un aumento en la volatilidad de los mercados emergentes y un incremento en los premios soberanos. En relación con los commodities, el señor Lehmann destaca el aumento del precio del petróleo, que se ubica algo por debajo de 100 dólares por barril y particularmente en el día de hoy en torno a 95 dólares. Agrega que la persistencia de esos precios lleva a una corrección significativa al alza de las proyecciones para los combustibles. Indica también que, el precio del cobre también se ha elevado. Señala el señor Gerente de Análisis Internacional que respecto a indicadores de actividad, destacan en primer lugar el ajuste del mercado inmobiliario con caídas importantes en los precios de las viviendas, algo más de 6% de variación en 12 meses; y también las ventas de viviendas que han continuado ajustándose a la baja. Agrega que las ventas de las viviendas nuevas presentan caídas en 12 meses, en torno a un 30%. En cuanto a expectativas de consumo, éstas se han deteriorado y la confianza de los consumidores ha caído conforme al indicador de la Universidad de Michigan, al igual que en el indicador del Conference Board. Menciona el señor Lehmann que el consumo personal todavía se mantiene en torno a 3% en 12 meses, pero su desaceleración debería acentuarse hacia delante, en la medida que los datos del mercado laboral se registren preferentemente bajos. Comenta el señor Lehmann que en relación a los indicadores de actividad, por el lado empresarial, el indicador ISM para el sector manufacturero se ha ubicado por debajo del pivot, lo cual da cuenta que la actividad en dicho sector se ha desacelerado. Por otra parte, indica el Gerente señor Lehmann que ha continuado el deterioro en los indicadores del mercado laboral. El desempleo ha subido de manera importante en los últimos meses y se ubica cerca del 5%, y agrega que en un solo mes se produjo un aumento de casi cuatro décimas. Comenta también, que con respecto a la evolución del empleo, la tendencia en el semestre móvil muestra una reducción en términos importantes desde principios del año 2006. Por otra parte, hace presente que en cuanto a la Zona Euro, los indicadores en general son mixtos, pero destacan particularmente aquéllos asociados a los indicadores de actividad en el sector empresarial, manufactureros y de servicios. Asimismo, señala que en Alemania, respecto a expectativas y en producción industrial, se observan señales negativas. En el índice Purchasing Managers Index (PMI), se destaca que las economías de esa Zona han estado mostrando una tendencia hacia la baja, con algún movimiento muy marginal en el margen, en alguna economía en particular. Asimismo, señala que en el PMI de servicios, también con una excepción, se aprecia una tendencia más bien hacia la baja, lo que está en línea con la expectativa de consumidores que se ha ido deteriorando y que es transversal en todas las economías. En cuanto a Japón, señala el señor Gerente que se observan indicadores mixtos, y una visión algo más deteriorada a partir de la encuesta Tankan. Agrega que no obstante que el PMI manufacturero ha sido positivo, en general la tendencia de todos los indicadores es más bien hacia una desaceleración en esa economía, particularmente el indicador Economics Watchers para distintos componentes de la economía japonesa en que se observa una desaceleración, lo cual sería coherente con una activad más deteriorada hacia los próximos trimestres. Indica el Gerente señor Lehmann que en el sector empresarial y de consumidores, las expectativas respecto al mercado laboral muestran claramente una tendencia hacia la baja. Comenta que esta información conforma un escenario, en términos de proyección mundial, que si bien no cambia respecto a las cifras de hace un mes atrás, muestra una visión más desacelerada respecto a lo que sucedió en el año 2007. Por otra parte, señala el señor Lehmann que se tenía una paridad de poder de compra de un 4,8%. Sin embargo, advierte que esta cifra hacia fin de mes se modificará, debido a un cambio en los ponderadores del Fondo Monetario, lo que le daría una menor relevancia a China e India, y ello determ inaría un crecimiento inferior de aproximadamente 5 décimas. En cuanto a la inflación en Estados Unidos de América, ésta ha aumentado y por lo tanto, se trata de una materia de preocupación, puesto que el IPC se ubica sobre 4% y las medidas podadas que se han presentado en otras ocasiones muestran una tendencia hacia el alza y también en el caso del IPC Gore. Agrega que desde el punto de vista de los deflactores del PCE,se observan movimientos hacia el alza y el indicador Gore también está aumentando por sobre 2%. El señor Lehmann agrega que en el caso de la Zona Euro, la inflación presenta movimientos hacia el alza en todos los indicadores. Señala que se observa un IPC algo por sobre el 3%, y el subyacente, si bien en el margen ha aumentado, se mantiene dentro del área comfort en torno al 2%. No obstante, los indicadores headline presentan cifras hacia arriba, en particular el IPP y el indicador de precios de alimentos, que están sobre 4% en 12 meses. Comenta que en el caso de Japón también se observan movimientos al alza en la inflación y el indicador Gore se mantiene en el área inflacionaria, pero acercándose a una inflación en torno a cero. Por otra parte, los componentes totales así como la inflación de los alimentos están en torno a 7%, aproximadamente. Hace presente asimismo el señor Lehmann, que la inflación por regiones muestra tendencias hacia el alza, y comenta que especialmente en América Latina este fenómeno se encuentra particularmente aumentado. Agrega que en el caso de Chile también se observa una tendencia hacia el alza, pero le parece que se trata de un fenómeno aparentemente global, que en parte puede estar asociado al precio de commodities, particularmente los granos y principalmente el trigo y maíz. Señala que en materia de productos básicos se observa que el precio del cobre ha aumentado; el precio del petróleo y de la gasolina han tenido un alza alrededor de un 10%, Y también se observan movimientos hacia el alza en los precios de la celulosa y la harina de pescado. Comenta el Gerente de Análisis Internacional que el cobre ha presentado una tendencia hacia el alza durante las últimas semanas, en un contexto de inventarios levemente bajos y una volatilidad levemente acotada. Agrega que el precio del petróleo ha aumentado de manera relativamente significativa y parte importante de este fenómeno está asociado a un contexto de menores inventarios. También indica que el precio del petróleo se encuentra en torno a 95 dólares el barril. Agrega que como ya se ha señalado en otras ocasiones, para obtener esta información se ha optado desde hace algunos meses por revisar los promed los de futuros a dos o tres años plazos, conforme al promedio de los diez últimos días hábiles. En cuanto al aumento del precio de los granos, se han observado movimientos mixtos en el caso del trigo y el maíz. Agrega que el maíz ha aumentado, mientras que el precio del trigo ha tenido movimientos más bien erráticos, pero en temas de tendencias hacia la baja ello está asociado a información de carácter climático y también de superficies plantadas en las principales economías productoras. En resumen, señala el Gerente señor Lehmann que en términos de proyecciones, se mantiene un precio del cobre en 2,95 dólares para el año 2008 y 2,50 dólares para el año 2009. En el caso del petróleo, se ha revisado al alza la proyección y también el precio internacional de la gasolina. Con respecto al precio del trigo, se aprecia un movimiento al alza en términos de proyección, mientras que el precio del maíz se mantiene relativamente estable. En cuanto a las expectativas de Tasas de Política Monetaria, el Gerente señor Lehmann señala que el mercado se ha ido moviendo hacia una visión de tasas más bajas y de hecho, mayoritariamente el mercado anticipa que en la próxima reunión de la Reserva Federal del 30 de enero, se efectúe un recorte de 50 puntos base, y un 10% estima que pudiera haber un recorte de 75 puntos base. Por otra parte, el señor Lehmann señala que las tasas a largo plazo en Estados Unidos de América, se han ajustado fuertemente, en especial la tasa de interés nominal para papeles a diez años, aproximadamente en 38 puntos base. Por su parte, indica el Gerente señor Lehmann que la tasa real se ha ajustado aproximadamente en la misma magnitud. Agrega que en Europa y Japón los movimientos han sido algo menores, derivados de expectativas de movimiento de tasa de política monetaria distintos en uno y en otro caso o por efecto de la evolución de la actividad algo más desacelerada en Estados Unidos de América que en el resto de las regiones. Indica que en particular en Europa, la tasa se ha ajustado en torno a 20 puntos base y en Japón en 4 puntos base. Por su parte, comenta el Gerente de Análisis Internacional que las paridades muestran que el dólar ha continuado perdiendo valor, asociado fundamentalmente a la trayectoria que ha tenido el Euro y el Yen, no así en relación con la Libra Esterlina. Agrega que con respecto a otras monedas, se observan comportamientos mixtos, y que el peso chileno es el que muestra una mayor apreciación respecto a otras monedas. Indica que el peso mexicano se ha mantenido relativamente estable; que el real brasileño se ha apreciado también en algún grado al igual que el Dólar Australiano. Señala el señor Lehmann que la volatilidad de los mercados ha tendido a aumentar en los últimos días como se observa en el comportamiento de las bolsas latinoamericanas. Agrega que el riesgo país ha aumentado en Argentina y en las economías más vulnerables, como el caso de Turquía. Indica que en el caso de Chile también ha existido un aumento, pero de carácter marginal.",,RPM-2008-01-10,1618,1,True,2008,10308,1744,False,False,10,True,staff_señal,2008_crisis_alza
2014-05-15,8502,RPM-2014-05-15:6234:1,Rodrigo Vergara Montes,Presidente del Banco Central,acuerdo_comunicado,acuerdo_comunicado,"El Presidente señor Rodrigo Vergara manifiesta que en Chile, una noticia muy relevante desde nuestra perspectiva fue la inflación del mes de abril, significativamente superior a la proyectada. En su opinión, fue relevante no por el dato puntual, sino porque con ello se completan varios meses de inflaciones mayores que las esperadas, llevando a que esta variable acumule en el año, tanto en su totalidad como en su componente subyacente, cifras superiores a 2%. Consigna que, en doce meses, la inflación total llega a 4,3%, mientras que la subyacente está en la parte alta del rango de tolerancia del Banco Central; y que se estima que la inflación total se mantendrá por sobre el límite superior de este rango por varios meses y la proyección para el año estará bastante por arriba de la consignada en el IPoM de marzo. Menciona que una parte relevante de este aumento en la inflación dice relación con la depreciación del peso, lo que implicaría un efecto transitorio sobre la inflación, pero no puede minimizarse el hecho que el aumento en la inflación parece algo más amplio que solo eso. Añade que los salarios nominales también han tenido un comportamiento al alza en los últimos meses, coherente con un mercado laboral que sigue estrecho; y que las expectativas inflacionarias a corto plazo han subido, pero en el horizonte de proyección siguen ancladas a la meta. Por último, indica que la actividad sigue mostrando cifras de crecimiento bajas y además, con una demanda interna creciendo por debajo de la actividad, lo que implica que se estarían generando brechas de producto que hacia adelante debieran traducirse en menores presiones sobre los precios. A ello se agrega un mercado laboral, que aunque estrecho, parece también ir generando algunas holguras, tal como se desprende del Informe de Percepciones de Negocios y de la mayor preponderancia que ha ido adquiriendo el componente cuenta propia en la creación de empleos. En razón de lo expuesto, considera que las opciones que presenta la Gerencia de División de Estudios son las más razonables, aunque estima que la de mantener la TPM en su nivel actual se impone claramente en esta oportunidad. A juicio del Presidente señor Rodrigo Vergara, es importante recalcar que la TPM ya se ha recortado en 100 puntos base desde el pasado mes de octubre y que las tasas de largo plazo se mantienen en niveles particularmente bajas. Además, los costos de financiamiento, tanto para el corto como para el largo plazo, se encuentran en niveles que no se habían visto en años, e incluso en algunos casos son mínimos históricos. En otras alabras, hay un impulso vía tasas de interés que ya es bastante importante. Por otra parte, resalta que son ya varios meses con una inflación superior a la esperada. Ello, junto a que parece cubrir precios de productos y servicios cuyos determinantes van más allá del componente cambiario, llaman a proceder con mayor cautela. Considera que es importante dar la señal que en materia inflacionaria el Consejo no va a tolerar que las expectativas se desanclen y que hará lo que sea necesario para que ello no acontezca. Por todas las circunstancias antes mencionadas, señala que este es un momento clave para dar ese mensaje. Enfatiza que es la mejor contribución que el Banco Central puede hacer para lograr un crecimiento sostenido. Plantea que es cierto que el bajo dinamismo de la actividad y de la demanda debieran reducir las presiones sobre los precios a futuro. No obstante, en un ambiente donde el impulso monetario ya es elevado, los precios han subido por un tiempo mayor que lo proyectado y la inflación supera el rango de tolerancia, una señal de baja de tasas en esta oportunidad podría generar la percepción de un Banco Central menos comprometido con su meta de inflación. Por lo demás, estima que en las actuales circunstancias, esperar un tiempo antes de seguir dando mayor estímulo monetario no produce gran efecto en cuanto a que las condiciones de tasas de interés a los distintos plazos ya son particularmente expansivas. Por el contrario, una decisión de esa naturaleza podría entregar un mensaje equívoco. Por los motivos antedichos, expresa que su voto es por mantener la Tasa de Política Monetaria en 4,0% anual y el sesgo expansivo, pero dando una señal en el Comunicado que una mayor expansividad de la política monetaria está sujeta a señales más claras que las hoy disponibles y a menores presiones inflacionarias.",,RPM-2014-05-15,6234,1,True,2014,4434,742,False,False,10,True,autoridad_señal,2013_14_bajas
2015-06-11,9274,RPM-2015-06-11:6856:1,Pablo García Silva,Consejero,decision_tpm,decision_tpm,"El Consejero señor Pablo García señala que los temas objeto de análisis en el día de hoy dicen relación con el corto y mediano plazo. Con respecto al corto plazo, indica que la evolución de la actividad ha sido algo más débil que la prevista, pero confirma el diagnóstico de que la aceleración del cuarto trimestre de 2014 y el primer trimestre de este año no continuó en el segundo cuarto del 2015. De todos modos, menciona que el PIB Resto sigue mostrando una velocidad de expansión moderada, congruente con el escenario del IPoM. Por el lado de la inflación, destaca que las cifras de inflación y de variación de los salarios han dado un respiro, que tiende a confirmar que lo central en la dinámica de precios ha sido la combinación de un shock de tipo de cambio con bastante persistencia más la propagación a otros precios basado en componentes de indexación. En su opinión, no pareciera ser el caso que las holguras estén generando presiones inflacionarias adicionales, a pesar que la tasa de desempleo es algo menor que la observada el año pasado. Expresa que ello es lo esencial para pensar que nada sugiere que debamos tener una desviación de la TPM implícita respecto de la estrategia del IPoM. Por esta razón, manifiesta que su voto es por mantener la TPM, tal como lo sugiere la Gerencia de División Estudios. En lo concerniente al mediano plazo, cree que se deben monitorear un número de consideraciones. Del punto de vista de la actividad, el crecimiento y la demanda, señala que el clima de pesimismo obviamente sigue pesando, motivo por el que se debe monitorear con cuidado su evolución hacia adelante y las implicancias respecto de las presiones inflacionarias de mediano plazo. Del punto de vista financiero externo y cambiario, indica que las tasas largas se han movido con algo de fortaleza en el resto del mundo y se advierte bastante sensibilidad del tipo de cambio en Chile a cambios en las percepciones respecto del ritmo de normalización de la política monetaria en Estados Unidos de América. En su opinión, estos aspectos deben seguir monitoreándose a medida que se acerca el momento en que la Reserva Federal comenzará a subir la tasa. A este respecto, hace notar el hecho que con un par de datos se pasó a discutir que ese organismo pueda subir la tasa en el 2016 a subirla a fines del presente año, lo que da cuenta de que aún tenemos mucha sensibilidad en ese ámbito. En cuanto a la dinámica de precios y salarios, estima que la sorpresa a la baja que registraron ambas variables es particularmente noticiosa, debido a que ha habido una seguidilla de sorpresas al alza en el último tiempo. Por lo tanto, llama a tener cuidado a la hora de mirar las implicancias de ello para el mediano plazo. En razón de lo anterior, el Consejero señor Pablo García manifiesta que su voto es por mantener la TPM en 3%.",,RPM-2015-06-11,6856,1,True,2015,2833,498,False,False,10,True,autoridad_señal,2015_quiebre
2012-06-14,6887,RPM-2012-06-14:4890:1,Rodrigo Vergara Montes,Presidente del Banco Central,decision_tpm,decision_tpm,"El Presidente señor Rodrigo Vergara agradece la intervención del Ministro de Hacienda señor Felipe Larraín. Al proseguir con la Sesión, el Presidente señor Rodrigo Vergara inicia el proceso de votación de la Opción planteada por el Gerente de División Estudios y, en primer lugar, ofrece la palabra al Consejero señor Joaquín Vial.",,RPM-2012-06-14,4890,1,True,2012,331,52,False,False,10,True,autoridad_señal,2012_13_mantiene
2012-10-18,7185,RPM-2012-10-18:5141:2,Rodrigo Vergara Montes,Presidente del Banco Central,opciones_tpm,opciones_tpm,"Al no formularse otros comentarios, el Presidente señor Rodrigo Vergara suspende la presente Reunión y deja constancia que ella se reiniciará a las 15:30 horas para analizar las opciones de política monetaria.",,RPM-2012-10-18,5141,2,True,2012,209,32,False,False,10,True,autoridad_señal,2012_13_mantiene
2013-02-14,7445,RPM-2013-02-14:5358:1,Rodrigo Vergara Montes,Presidente del Banco Central,escenario_internacional,escenario_internacional,"El Presidente señor Rodrigo Vergara señala concordar con la apreciación del Consejero señor Enrique Marshall en cuanto a que el escenario es similar al observado el mes pasado y compartir el planteamiento del Consejero señor Sebastián Claro en orden a que la probabilidad de ocurrencia de riesgos extremos se ha reducido. Asimismo, adhiere a la prevención expresada por el Consejero señor Joaquín Vial respecto del surgimiento de algunos riesgos adicionales derivados de la persistencia de cifras negativas en Europa y de los temas políticos que afectan a España e Italia. Por otra parte, coincide con el comentario expuesto por el Vicepresidente señor Manuel Marfán respecto de la conveniencia de efectuar un seguimiento a las trayectorias de algunos países para efectos de obtener factores comunes que expliquen sus experiencias. A título ejemplar, sugiere analizar las de Perú, Colombia, Brasil, México, así como también las atinentes a Indonesia, Malasia, Filipinas y Tailandia, algunos de los cuales no son exportadores de commodities. Por último, se suma al planteamiento expuesto por el Consejero señor Sebastián Claro en cuanto a la conveniencia de analizar el efecto de la normalización de la política monetaria externa sobre la economía chilena. Al respecto, alude a la discusión recurrente en el BIS acerca de que los países emergentes que exhiben cifras positivas deben ahorrar por cuanto la situación mundial mejorará y, por lo tanto, al subir la tasa de interés, con ello se observará una reversión de los flujos de capital. Agrega que si el mundo desarrollado comienza a crecer, el precio de los commodities se elevará, por lo que en consecuencia mejorarán las condiciones y con ello, las exportaciones chilenas.",,RPM-2013-02-14,5358,1,True,2013,1727,272,False,False,10,True,autoridad_señal,2012_13_mantiene
2008-11-13,2980,RPM-2008-11-13:2147:1,Sebastián Claro Edwards,Consejero,actividad_interna,actividad_interna,"El Consejero señor Sebastián Claro señala que respecto al crecimiento de este año de 4% - 4,1%, los analistas esperan una corrección drástica en el último trimestre. Consulta cuál es la percepción del mercado respecto del crecimiento de este último trimestre y del primer trimestre del 2009 o de esta corrección a la baja que se está señalando.",,RPM-2008-11-13,2147,1,True,2008,344,58,False,False,10,True,autoridad_señal,2008_crisis_alza
2013-06-13,7765,RPM-2013-06-13:5632:1,Manuel Marfán Lewis,Vicepresidente del Banco Central,acuerdo_comunicado,acuerdo_comunicado,"El Vicepresidente señor Manuel Marfán inicia su presentación agradeciendo el análisis del staff, en particular, en una coyuntura que estima especialmente interesante. Asimismo, manifiesta compartir los antecedentes que se señalan al comienzo de la Minuta de Opciones, a lo que agrega como dato relevante que los dos indicadores de remuneraciones reales, consistentes en el índice de Remuneraciones y el índice de Costo de Mano de Obra, están creciendo por sobre el 5% real anual y se aceleran más allá de lo que podría explicar la regla habitual de indexación, por ser consecuencia de una reducción de la inflación. En lo atinente al ámbito internacional, señala que, a su juicio, la gran novedad en esta oportunidad la constituye el hecho que las noticias en Estados Unidos de América son aparentemente favorables en cuanto a la recuperación de su economía y que, por lo tanto, se espera que el retiro gradual de los estímulos monetarios no solo se adelante, sino que también se efectúe de manera moderada. Añade que los retiros de los estímulos monetarios implican una normalización, por lo que de ninguna manera deberían afectar la recuperación de la economía norteamericana. En ese contexto, estima que se debería esperar probablemente que el patrimonio del sector privado, que constituye la riqueza en bonos, acciones y bienes raíces, vaya aumentando a la par o quizás anticipadamente respecto de la recuperación de esa economía. No obstante, precisa que en este ámbito es posible que por efecto de eventuales aumentos de tasas de interés futuras o que se anticiparían a lo esperado, el mercado de bonos reaccione con incrementos de ellas en prácticamente todos sus plazos. A su juicio, esta situación tendría efectos positivos y también negativos a la vez. Sería positivo, porque constituye un síntoma de recuperación de la economía de los Estados Unidos de América, pero no necesariamente se traduce en una buena noticia de corto plazo para aquellas economías que están financiando sus déficits y sus desequilibrios en el mercado de bonos. Destaca que el mercado internacional ha reaccionado de manera masiva respecto de los bonos de las economías emergentes aumentando los spreads de riesgo soberano, incluyendo el de Chile aunque de manera algo más moderada. Expresa que ello puede ser negativo para aquellas economías que no tienen disponibilidad de fuentes de financiamiento alternativas, entre las cuales se encuentran varias de las economías de la Zona Euro que también han visto aumentar sus spreads. En lo concerniente al ámbito interno, destaca, en primer lugar, la depreciación del peso y los signos de desaceleración de la actividad que se siguieron manteniendo durante el mes de abril, lo que se colige de los indicadores de dicho mes. Al igual que en la Reunión anterior, considera que estos indicadores son algo menos claros en lo referente al gasto agregado, y aun cuando era conocido que nos encontrábamos en un ciclo de inversión que estaba cercano a su fin y que, en consecuencia, parte de la desaceleración de la inversión era esperada, quizás ella se ha producido más rápido que lo que se había estimado. En cuanto al consumo, si bien se ha proyectado su desaceleración, no existe evidencia de que se sostenga, por lo que en su opinión, se está en esa trayectoria y algunos indicadores más recientes, con altibajos, dan cuenta de algunas reverberaciones. En materia fiscal, consigna que se ha producido una ejecución en el primer trimestre por debajo de la histórica y que todo hace pensar que ello probablemente se revertirá y que, por lo tanto, alguna parte del menor gasto del primer trimestre debería tener algún rebote en el resto del año. El Vicepresidente señor Manuel Marfán señala que sobre la base de estos antecedentes, su análisis es el siguiente. En primer término, indica que en los últimos meses hubo que enfrentar un puzzle de política, por cuanto los indicadores de la economía internacional hacían pensar en la conveniencia de reducir la TPM, ya que, a diferencia de Chile, las tasas rectoras en los mercados internacionales estaban muy lejos de sus tasas neutrales y, por consiguiente, esos diferenciales de tasas generaron presiones sobre los flujos de capital, si bien no masivamente, pero sí sobre el tipo de cambio en particular. Por el contrario, los indicadores internos reflejaban la necesidad de elevar las tasas de interés como consecuencia de la estrechez del mercado del trabajo y porque también se habían sobrepasado las brechas de capacidad. A su juicio, resulta tranquilizador el hecho que los registros de inflación hayan sido anormalmente bajos, permitiendo postergar la resolución de este puzzle en favor de una u otra opción. Sin embargo, estima que durante este último mes las tensiones sobre la política monetaria se han relajado en los dos frentes. En efecto, se han elevado las tasas de interés que está enfrentando la economía chilena, al igual que el resto de las economías emergentes, y el peso se ha depreciado, en un fenómeno que no es interno, sino que de carácter internacional. Por otra parte, con la excepción del mercado del trabajo que sigue muy estrecho, pareciera ser que la actividad de la economía chilena se ha ido desacelerando. En este contexto, coincide con la recomendación del staff y, por lo tanto, expresa que su voto es por mantener la Tasa de Política Monetaria en 5% anual. Sin embargo, hacia el futuro, considerando también los sesgos que eventualmente podrían incorporarse al Comunicado y que resulta más riesgoso enfrentar situaciones de déficit de cuenta corriente en la trayectoria que sigue la coyuntura internacional, estima que lo más conveniente sería combinar una desaceleración del gasto con una reducción de tasas de interés, pero al mismo tiempo, considerar una combinación de eventos que también puedan descomprimir el déficit de la cuenta corriente. En particular, plantea que constituye un buen indicador en este sentido lo que siga ocurriendo con el tipo de cambio. Por lo expuesto, plantea la conveniencia de seguir observando con especial cuidado las eventuales señales sobre la evolución del gasto agregado, público y privado, para determinar la oportunidad y ritmo que debería seguir la política monetaria. En mérito de lo expuesto, el Vicepresidente señor Manuel Marfán expresa que su voto es por mantener la Tasa de Política Monetaria en su nivel actual de 5% anual.",,RPM-2013-06-13,5632,1,True,2013,6383,1038,False,False,10,True,autoridad_señal,2012_13_mantiene
2009-04-09,3517,RPM-2009-04-09:2498:1,Manuel Marfán Lewis,Consejero,acuerdo_comunicado,acuerdo_comunicado,"El Consejero señor Manuel Marfán agradece el análisis del staff y señala que hace suyo el listado de antecedentes relevantes a considerar desde la anterior Reunión de Política Monetaria, contenido en el párrafo 2 de la Minuta de Opciones. Hace presente que a lo anterior, vale la pena añadir la Cumbre del G-20 que arrojó un acuerdo de acciones conjuntas que superan a las esperadas, aunque todavía están lejos de lo que el mundo necesita, pero que con todo, hay un margen menos pesimista de lo que se esperaba. En su opinión, la salida más rápida a la crisis global actual pasa por acciones cooperativas entre las principales economías, y aunque la agenda pendiente es aún muy amplia, en su parecer, el espíritu de cooperación primó por sobre los intereses particulares. Al respecto, destaca que la discusión más encendida fue respecto de cómo abordar los paraísos fiscales, tema que es importante, pero que no es urgente. El Consejero señor Marfán señala que de los antecedentes contenidos en la Minuta de Opciones, cabe destacar que continúan deteriorándose las expectativas de crecimiento mundial para este año, aunque la proyección de crecimiento mundial para el 2010 - para los socios comerciales - se tiende a estabilizar en torno a 2%; y la información revela que el crecimiento negativo del IMACEC de enero, subestima en 1% la caída de la actividad. Agrega, que tanto las noticias externas como las internas componen un escenario más pesimista en el corto plazo, mientras que la inflación se sigue desacelerando y se prevé que se ubicará por debajo de la meta en algunos meses, no descartándose que se observen variaciones negativas durante algún periodo corto de tiempo. Con estos antecedentes, el Consejero señor Marfán indica que su opinión es que las opciones a evaluar en esta Reunión, son reducir la tasa de política en 50 puntos base o en 75 puntos base, descartando ajustes menores. Precisó que lo que se hizo en los meses anteriores fue cambiar la regla de política del Banco Central, es decir, se desarrolló toda una discusión para sencillamente eliminar durante un período transitorio de tiempo el coeficiente de persistencia de la Regla de Taylor para ponerlo en términos mecánicos, y la decisión que se adoptó en la última RPM fue reponerla y así se comunicó. Entonces, indica, para volver a tener rebajas de tasas mayores, se tendría que tomar nuevamente una decisión de volver a cambiar la Regla de Taylor y comunicarlo. En su opinión, lo anterior se trata de una opción que hay que dejar abierta ante un cambio de escenario mayor que el que hemos visto en el último mes, cambio de escenario que cree perfectamente factible, e incluso señala que teme un escenario catastrófico con un quiebre del sistema de pagos internacionales. Lo anterior es de probabilidad baja, pero de impacto muy alto, y advierte que esa mezcla lo pone en la zona naranja o en la zona roja de los cuadros de análisis de riesgo y, en consecuencia, cree que corresponde guardarse un grado de libertad para enfrentar escenarios, quizás no tan extremos como ese, pero sí mucho peores que el actual. El Consejero señor Marfán precisa que no cree que sea el escenario central, pero sí se trata de escenarios posibles. Continuando con su votación, el Consejero señor Manuel Marfán señala que dentro de las alternativas que otorga retornar a nuestra regla de política habitual, en la cual hay una tasa a la cual se pretende llegar en algún momento, y una tasa de la cual venimos, se debe ponderar entre ellas, e indica que le parece que el paso lógico en esa perspectiva no es táctico sino que es muy de fondo, ya que o se siguen reglas o se cambian discrecionalmente cada mes En su opinión, le parece que lo prudente es reducir en 50 puntos base la tasa de interés en esta ocasión, pero que es evidente que bajo esa misma lógica, corresponde seguir reduciéndola en montos similares en los próximos meses, precisamente por la aplicación de la misma lógica señalada. Por lo tanto, el sesgo que hay que imprimirle al comunicado debiera ser que habrá nuevas rebajas de tasas de interés hacia el futuro. En consecuencia, el Consejero señor Manuel Marfán señala que su voto es por bajar la Tasa de Política Monetaria en 50 puntos base.",,RPM-2009-04-09,2498,1,True,2009,4220,723,False,False,10,True,autoridad_señal,2009_bajas
2008-02-07,2284,RPM-2008-02-07:1684:1,José De Gregorio Rebeco,Presidente del Banco Central,acuerdo_comunicado,acuerdo_comunicado,"El Presidente señor José De Gregorio agradece al staff por el trabajo realizado y señala que desde la última Reunión de Política Monetaria, cuyo escenario macroeconómico correspondió al del último IPoM, se han tenido noticias importantes que es necesario ponderar adecuadamente para la decisión de política monetaria que corresponde tomar en esta ocasión. Agrega el señor Presidente que son pocas las veces que se han enfrentado a tantos cambios entre dos Reuniones de Política Monetaria, lo que ya se anticipó al señalar que las incertidumbres y riesgos en materia del entorno macroeconómico eran muy elevados. Indica el señor Presidente que en el ambiente internacional se está dando el escenario adverso que se contempló en la evaluación de riesgos. En particular, la desaceleración en los Estados Unidos de América ha sido más marcada de lo que consideraba el escenario base del Banco, la que ha sido acompañada de un agresivo recorte de tasas de la Fed. Menciona el señor Presidente que, consistente con este escenario más adverso, se ha observado también una reducción en torno al 6% del precio del petróleo. Por otra parte, en la economía nacional, el registro del IMACEC estuvo por debajo de lo esperado, lo que lleva provisionalmente a un crecimiento de 5,1% para el año 2007. Sin embargo, señala el señor Presidente que este menor IMACEC es enteramente explicado por el bajo desempeño de algunas ramas industriales muy específicas y no por una desaceleración global, aunque probablemente tenga efectos sobre un menor crecimiento en el primer trimestre de este año. Con todo, le parece que aún no se tiene información suficiente para afirmar que esto corresponda a una tendencia significativa de menor crecimiento a la prevista para este año, donde se considera un primer semestre con algo de menos crecimiento que para el año en su conjunto. En todo caso, expresa que no se puede descartar el escenario de riesgo negativo, con sus consecuentes implicancias inflacionarias. Asimismo, menciona que la noticia más significativa y de mayor impacto inflacionario en este último mes, ha sido la apreciación en torno al 5% del peso. En su opinión, de persistir esta apreciación, esto debiera tener implicancias de primer orden sobre las perspectivas para la tasa de inflación. Por su parte, la caída del tipo de cambio en conjunto con el menor precio del petróleo y el mayor subsidio que entrega el Fondo del Petróleo, en su opinión, explican en parte la baja inflación registrada en enero, en comparación a la estimación original y las predicciones de mercado. Indica el señor Presidente que, en este menor registro inflacionario, también influyó una devolución más rápida de los altos niveles de precios anotados por los alimentos perecibles. Estima que las noticias más recientes en materia inflacionaria podrían resultar en una convergencia algo más rápida al rango de tolerancia de la meta de inflación, lo que podría también afectar la trayectoria de tasas compatibles con la meta. De hecho, en la medida que la apreciación cambiaria tiene efectos sobre la dinámica inflacionaria, serían necesarios menos ajustes a los previstos hace un mes atrás para cumplir con la meta. No obstante, estima que es aún muy prematuro calificar los recientes desarrollos macroeconómicos como persistentes y, por lo tanto, habría que mantener un alto grado de cautela que mueva a cambiar el escenario base, poniendo en riesgo el cumplimiento de la meta y requiriendo, por consiguiente, de cambios más bruscos en la política monetaria. Como consecuencia de lo anterior, señala el señor Presidente que lo que se está observado son parte de las incertidumbres y riesgos de las proyecciones del Banco, lo que en el margen consolida el escenario de convergencia gradual y sistemática hacia la meta, salvo algunos vaivenes en los próximos meses. No obstante, en su opinión es necesario monitorear cuidadosamente todos los indicadores de presiones inflacionarias, para asegurar que no haya efectos de segunda vuelta indeseados, que puedan alterar la dinámica de reducción de la inflación. Agrega que más allá de las buenas noticias puntuales en materia inflacionaria, resulta positivo observar que los indicadores de salarios muestran un incremento coherente con el escenario base, aunque habrá que seguir atentos a la evolución de los costos laborales unitarios, los que en el margen han mostrado un aumento elevado, debido en gran medida a la menor productividad del trabajo. Menciona también que de haberse materializado las perspectivas de corto plazo que se contemplaban en la Reunión de Política Monetaria del mes pasado, lo más probable es que él hubiera sido partidario de subir la Tasa de Política Monetaria en la Reunión de hoy, consistente con el sesgo manifestado en dicha ocasión. Sin embargo, le parece que las noticias han sido suficientemente significativas para hacer que la mantención de la Tasa de Política Monetaria sea la alternativa más aconsejable en esta ocasión, más aún, si el ambiente internacional y sus repercusiones sobre la economía chilena, así como otros riesgos específicos que se enfrentan a nivel doméstico, son particularmente inciertos y de signo opuesto. Señala que la volatilidad de los mercados bursátiles, así lo refleja. Con todo, cree que no se puede descartar que en los meses siguientes haya que volver a subir la Tasa de Política Monetaria, para asegurar el cumplimiento de la meta. Por lo anterior, su voto es por mantener la Tasa de Política Monetaria en 6,25% anual. Asimismo, le parece también prematuro sacar completamente el sesgo, aunque cree que la volatilidad y los eventos que se han observado últimamente, se pueden diluir algo la fuerza con que se manifestó en la Reunión anterior. Por lo tanto, por una unanimidad se acordó mantener la Tasa de Política Monetaria en 6,25%.",,RPM-2008-02-07,1684,1,True,2008,5816,937,False,False,10,True,autoridad_señal,2008_crisis_alza
2007-08-09,1849,RPM-2007-08-09:1398:1,Jorge Desormeaux Jiménez,Consejero,acuerdo_comunicado,acuerdo_comunicado,"El Consejero señor Jorge Desormeaux señala que en el último mes se han producido diversos desarrollos, tanto en el plano interno como externo. Menciona el señor Consejero que en el plano externo la incertidumbre en torno a la calidad de la cartera hipotecaria subprime en los Estados Unidos de América y la posibilidad de que este fenómeno se extienda a otros segmentos del mercado del crédito, ha dado lugar a un importante ajuste en los mercados accionarios, en los premios por riesgo y en las paridades cambiarias. Si bien dicho ajuste es en parte deseable, la preocupación es que ello pueda inducir a un menor crecimiento futuro de la economía de los Estados Unidos de América. Sin embargo, señala que los desarrollos más importantes para la decisión de hoy se dieron en el plano interno. Por una parte, en el segundo trimestre la economía evidenció un dinamismo superior al proyectado, lo que virtualmente cierra la brecha de capacidad que había exhibido la economía en los últimos años. La posibilidad de que se pase rápidamente a una brecha positiva se acrecienta si consideramos que las estimaciones de crecimiento de la demanda agregada, en el segundo trimestre, pasaron de 6,7% anual en el IPoM de mayo a un 8,7% en las estimaciones más recientes. Para el año 2007, como un todo, la demanda agregada crecería un 7,9%, 1,2 puntos porcentuales más de lo proyectado en mayo y casi 2 puntos porcentuales más que en el año 2006. Indica el señor Consejero que este cierre de holguras se ve reflejado también en las cifras de crecimiento del empleo, así como en la tasa de desempleo, aun cuando no en la evolución de las remuneraciones. La otra sorpresa importante, en el plano interno, señala que se relaciona con la inflación, la que ha sido considerablemente mayor a la esperada, debido especialmente a aumentos significativos en los precios de alimentos perecibles afectados por las recientes heladas. A raíz de ello, las expectativas de inflación del sector privado se han elevado significativamente en el corto plazo. A plazos mayores, indica que las expectativas de inflación también se han ajustado al alza, pero sin superar aún los niveles alcanzados en otros episodios de inflación elevada. Todo ello, sin embargo, como nos informaba el Gerente de Investigación Económica señor Klaus Schmidt-Hebbel, condicional a un alza que espera el mercado de 75 a 100 puntos base, en los próximos seis meses y otros 25 a 50 puntos base, en los seis meses siguientes. Señala el Consejero señor Desormeaux que si bien esta evidencia podría mover a la tranquilidad, puesto que se podría estar enfrentando un shock de oferta severo, pero con expectativas ancladas en el largo plazo y sin que pueda advertirse aún efectos de segunda vuelta, cree que no hay lugar para la complacencia y ello por tres razones. La primera, el shock de oferta que se está enfrentando es el más severo que se haya enfrentado en las últimas décadas. Segundo, que éste tiene lugar en un momento en que la economía ha cerrado sus brechas de capacidad. Tercero, que la inflación proyectada por el Banco Central de Chile, para los próximos tres meses excede en 0,4 puntos porcentuales a la prevista por el mercado, y superará el 5% en base anual, durante buena parte del segundo semestre. En síntesis, la coyuntura actual es un momento de prueba para la credibilidad del Banco Central de Chile. Señala el Consejero señor Desormeaux que a la hora de discutir opciones, coincide con la evaluación de la Gerencia de División Estudios, en el sentido que las alternativas a considerar son solo dos, subir la tasa de política monetaria en 25 puntos base o en 50 puntos base. Comenta el señor Consejero que dada la importancia que tiene la decisión de hoy para la credibilidad del Banco Central de Chile, cree que la consideración más importante es cómo afectará ésta a las expectativas de inflación futura. En este sentido, señala que la opción de acelerar la normalización de la política monetaria, incrementando la tasa en 50 puntos base tiene una ventaja, ya que entregaría una señal de fuerte compromiso con la meta inflacionaria, lo que constituiría una sorpresa para el mercado, que espera mayoritariamente un alza de 25 puntos base, pero dado que es posible que la inflación de agosto y octubre traiga nuevas sorpresas, ello en cierto modo podría blindar la credibilidad del Banco Central de Chile. Sin embargo, señala el señor Consejero que como advierten los informes de la División de Estudios, esta opción también tiene riesgos y el más importante es que muchas de estas alzas de precios puedan revertirse muy rápidamente. Es más, se prevén inflaciones negativas para el cuarto trimestre. De este modo, un alza de 50 puntos base podría, retrospectivamente, ser evaluada como una sobrerreacción, como ha sido señalado también por el señor Ministro de Hacienda. Comenta el Consejero señor Desormeaux que a ello se agrega otra consideración que hace la Gerencia de División Estudios, que es la mayor volatilidad que ha afectado las últimas semanas a los mercados financieros internacionales, la que podría derivar en un menor dinamismo de la economía mundial, lo que a su vez podría hacer recomendable una trayectoria de normalización monetaria más gradual. Pese a las consideraciones expuestas, el señor Consejero cree que el alza de 25 puntos base debe ser acompañada de un Comunicado que explicite un sesgo más marcado que en reuniones anteriores, de manera que no quepa duda que el Banco Central de Chile hará lo que sea necesario para mantener ancladas las expectativas de inflación en torno a su meta.",,RPM-2007-08-09,1398,1,True,2007,5579,934,False,False,11,True,autoridad_señal,2007_mixto
2013-12-12,8096,RPM-2013-12-12:5908:1,Sebastián Claro Edwards,Consejero,acuerdo_comunicado,acuerdo_comunicado,"El Consejero señor Sebastián Claro expresa que este acuerdo se presenta en términos de una solución o vía para destrabar un problema mayor, no obstante que su efecto sobre el déficit presupuestario parecería ser bastante reducido.",,RPM-2013-12-12,5908,1,True,2013,230,36,False,False,11,True,autoridad_señal,2013_14_bajas
2014-10-16,8821,RPM-2014-10-16:6484:1,Rodrigo Vergara Montes,Presidente del Banco Central,acuerdo_comunicado,acuerdo_comunicado,"El Presidente señor Rodrigo Vergara también cree muy importante concretar el mensaje que ha dado el Consejo, esto es, que este ciclo de bajas concluye y que pasaremos a un período de evaluación de los efectos de la política monetaria junto a otros antecedentes de la economía local e internacional. Advierte, por cierto, que ello no implica que en adelante no vaya a haber movimientos en una u otra dirección —de hecho, es evidente que en algún momento así será—, solo que este ciclo concluye y procede un período de evaluación. Por los motivos antedichos, señala que su voto es por bajar la Tasa de Política Monetaria en 25 puntos base, a 3,00% anual, y por eliminar el sesgo del último Comunicado.",,RPM-2014-10-16,6484,1,True,2014,699,122,False,False,11,True,autoridad_señal,2013_14_bajas
2013-05-16,7691,RPM-2013-05-16:5566:2,Rodrigo Vergara Montes,Presidente del Banco Central,acuerdo_comunicado,acuerdo_comunicado,"En consecuencia, el Presidente señor Rodrigo Vergara deja constancia que se acuerda por unanimidad de los señores Consejeros mantener la Tasa de Política Monetaria en 5% anual.",,RPM-2013-05-16,5566,2,True,2013,176,27,False,False,11,True,autoridad_señal,2012_13_mantiene
2011-05-12,5821,RPM-2011-05-12:4036:1,Manuel Marfán Lewis,Vicepresidente del Banco Central,debate,debate,"El Vicepresidente señor Manuel Marfán consulta por los fundamentos del supuesto relativo al alza del pan, de $90 o $100.",,RPM-2011-05-12,4036,1,True,2011,120,20,False,False,11,True,autoridad_señal,2011_alza
2013-01-17,7358,RPM-2013-01-17:5283:1,Manuel Marfán Lewis,Vicepresidente del Banco Central,acuerdo_comunicado,acuerdo_comunicado,"El Vicepresidente señor Manuel Marfán se suma a la preocupación planteada por el Consejero señor Sebastián Claro. Sobre el particular, recuerda que en una Reunión anterior se mencionó que los acuerdos tendientes a lograr una Unión Bancaria no solucionarán la crisis actual, sino que la próxima. En su opinión, la menor adhesión que ha exhibido Alemania en este sentido podría deberse a un fenómeno de política interna, ante las próximas elecciones en ese país, razón por la cual habrá que observar si se asumen compromisos de campaña respecto de ese tema. Por otra parte, estima que sería altamente conveniente realizar un catastro sobre las medidas de proteccionismo cambiario adoptadas últimamente por diversas economías, y mantenerlo actualizado. En este sentido, alude a una reciente declaración del ex Presidente del Banco Central Roberto Zahler en cuanto a que un creciente número de economías ha tomado iniciativas en esa dirección, no así Chile. A su juicio, si hay una opción más liberal en las políticas cambiarias en el mundo, Chile debe adherir a ello, y que en el evento que ese no fuere el caso, podría ser contraproducente no evaluar lo que está aconteciendo en esta materia en otras economías.",,RPM-2013-01-17,5283,1,True,2013,1209,197,False,False,11,True,autoridad_señal,2012_13_mantiene
2015-10-15,9572,RPM-2015-10-15:7097:3,Rodrigo Vergara Montes,Presidente del Banco Central,opciones_tpm,opciones_tpm,"El Presidente señor Rodrigo Vergara deja constancia que la Reunión de Política Monetaria de abril de 2016 se efectuará el día martes 12 de ese mes y, a continuación, concede la palabra al Gerente de División Estudios señor Alberto Naudon a fin de que presente al Consejo las Opciones de Política Monetaria que se han considerado en esta oportunidad.",,RPM-2015-10-15,7097,3,True,2015,349,59,False,False,11,True,autoridad_señal,2015_quiebre
2015-04-16,9076,RPM-2015-04-16:6696:1,Diego Gianelli Gómez,Jefe del Departamento Análisis Internacional,actividad_interna,actividad_interna,"El señor Diego Gianelli precisa que los analistas corrigieron las proyecciones de crecimiento del primer trimestre, no así las de los trimestres siguientes, lo que respondería a un invierno más duro que el esperado y a otros datos puntuales, como los paros portuarios que se registraron en el primer cuarto del año. El señor Diego Gianelli prosigue con su presentación refiriéndose a América Latina. Consigna que Brasil aparece como una economía muy debilitada y que su última cifra de actividad, si bien sorprendió positivamente al mercado, fue muy baja e inferior a la del mes previo; que en México se advierte un nivel de deterioro menor; y que los datos de Colombia y Perú son mixtos, pero principalmente a la baja.",,RPM-2015-04-16,6696,1,True,2015,719,121,False,False,11,True,staff_señal,2015_quiebre
2006-07-13,1032,RPM-2006-07-13:758:1,José De Gregorio Rebeco,Vicepresidente del Banco Central,acuerdo_comunicado,acuerdo_comunicado,"El Vicepresidente señor José De Gregorio señala que, básicamente, está de acuerdo sobre todo cuando se miran agregados más amplios. Indica el señor De Gregorio que está completamente de acuerdo en el tema del M I, aunque todavía y se ha estudiado suficientemente, a veces más que ser un indicador de la política monetaria es un indicador del ciclo y también eso puede ayudar.",,RPM-2006-07-13,758,1,True,2006,375,64,False,False,11,True,autoridad_señal,2006_alza_fin
2006-05-11,924,RPM-2006-05-11:671:1,Manuel Marfán Lewis,Consejero,decision_tpm,decision_tpm,"El Consejero señor Manuel Marfán, agradece el análisis del staff. Señala el señor Consejero, que en esta oportunidad le parece que la decisión de política a tomar es relativamente obvia con la notable excepción del mayor precio del cobre. Agrega, que la coyuntura en términos gruesos se enmarca dentro de lo esperado, especialmente ya superado el imprevisto soft patch del primer trimestre. Indica que nuestro escenario central considera una normalización pausada de la política monetaria, y no hay razones para sorprender al mercado con dos aumentos seguidos de la TPM, y por esas razones vota por mantener la TPM en el 5% actual. No obstante, hace presente que desea consignar un par de reflexiones respecto de su voto. En primer lugar, le parece que el actual precio del cobre no es sostenible en el largo plazo y nuestro instrumental de proyección tiene menos verosimilitud estadística que lo habitual, especialmente, para estimar la velocidad a la que se normalizará este precio hacia futuro. Señala, que los escenarios posibles se enmarcan en un rango significativamente más amplio que lo habitual, por lo que corresponde descontar más el escenario de mediano plazo y ponderar más el de corto plazo, ya que esto es particularmente válido para efectos del precio de referencia del cobre que se utilizará en la próxima Ley de Presupuestos, la que estará vigente de principio a fin durante el horizonte habitual de política. La segunda reflexión, consiste en que cualquiera sea el escenario de los términos de intercambio en el mediano plazo en un horizonte más acotado, éstos serán significativamente mejores que los anticipados en el último IPoM. Agrega el señor Consejero, que a su juicio, esto implica holguras que permitirían un mayor desacoplamiento entre las tasas de interés internas y las internacionales.",,RPM-2006-05-11,671,1,True,2006,1817,293,False,False,11,True,autoridad_señal,2006_alza_fin
2014-01-16,8165,RPM-2014-01-16:5972:1,Joaquín Vial Ruiz-Tagle,Consejero,escenario_internacional,escenario_internacional,"El Consejero señor Joaquín Vial señala que, en general, se advierte un panorama más bien positivo, sustentado fundamentalmente por las economías desarrolladas. Resalta que el tapering ha ocurrido dentro de los rangos esperados y que las tasas de interés, luego de un leve aumento, se han revertido hasta alcanzar los niveles previos, lo cual constituye un motivo de tranquilidad, por lo que en definitiva estima que el escenario base es más positivo. Agrega que los escenarios de riesgo le generan un grado de incertidumbre, en especial, los que se derivan de China, razón por la que plantea la conveniencia de efectuar un cuidadoso seguimiento a esa economía. Por otra parte, plantea que ha aumentado el nivel de incertidumbre acerca de los precios de commodities. En efecto, tratándose del precio del petróleo, existen buenas razones que respaldan una baja significativa de precios en los próximos meses, pero sujeta a los riesgos geopolítícos que afligen a su principal zona productora. En cuanto al precio del cobre, en su opinión, resulta sorprendente que exhiba alzas, razón por la que no descarta que el escenario de riesgo de ese metal no esté considerando algún elemento que explique un precio mayor en los años 2014 y 2015 que lo proyectado previamente. Además, alude a noticias referentes a una acumulación de los denominados inventarios invisibles en China, cuya eventual liquidación podría afectar el mercado de ese metal. De lo expresado en materia de precios de commodities, se infiere que en términos netos sería más positivo para Chile, aunque reconoce que el panorama se ha tornado complejo. Por último, solicita que se precisen las razones que explicarían el alza de las tasas de interés en Brasil, atendido el bajo dinamismo que presenta su economía y la mayor estabilidad de la inflación, que es cercana a las metas contempladas por el Banco Central de ese país.",,RPM-2014-01-16,5972,1,True,2014,1883,308,False,False,11,True,autoridad_señal,2013_14_bajas
2013-02-14,7436,RPM-2013-02-14:5350:1,Rodrigo Vergara Montes,Presidente del Banco Central,escenario_internacional,escenario_internacional,El Presidente señor Rodrigo Vergara consulta por alguna razón especial que explique el alza del precio del petróleo.,,RPM-2013-02-14,5350,1,True,2013,116,18,False,False,11,True,autoridad_señal,2012_13_mantiene
2014-05-15,8484,RPM-2014-05-15:6220:1,Luis Óscar Herrera Barriga,Gerente de División Estudios,acuerdo_comunicado,acuerdo_comunicado,"El Gerente de División Estudios señor Luis Óscar Herrera manifiesta que de acuerdo con los antecedentes disponibles, se observa sistemáticamente que en los ciclos positivos, el empleo aumenta y el de cuenta propia cae, y viceversa, y que el efecto del empleo por cuenta propia es bastante incierto.",,RPM-2014-05-15,6220,1,True,2014,298,48,False,False,11,True,staff_señal,2013_14_bajas
2006-05-11,927,RPM-2006-05-11:674:1,Vittorio Corbo Lioi,Presidente del Banco Central,acuerdo_comunicado,acuerdo_comunicado,"El Presidente señor Vittorio Corbo, señala que el entorno externo continúa muy favorable, con una economía mundial que sigue mostrando un gran dinamismo en forma cada vez más generalizada y condiciones financieras que se mantienen auspiciosas, a pesar del progreso en la normalización de la política monetaria en las principales economías industriales. Agrega, que los precios del cobre siguen marcando récord y los del petróleo se mantienen altos. En el frente interno, de acuerdo a lo esperado, la demanda modera su crecimiento a partir de los elevados valores alcanzados a fines del año pasado, especialmente, en lo que se refiere a la inversión, y el crecimiento de la actividad se aproxima hacia valores de tendencia. Sin embargo, en los meses recientes, la actividad crece algo por debajo de lo proyectado, debido especialmente a problemas puntuales de oferta en algunos sectores primarios. Señala el señor Presidente, que en contraste, el empleo sigue mostrando un importante dinamismo. Señala que aunque las condiciones financieras continúan siendo expansivas, su expansividad se ha atenuado en el margen, por el aumento en las tasas de interés de mediano y largo plazo, especialmente, para los instrumentos reajustables. Sin embargo, estima que la tasa de crecimiento del crédito sigue alta, aunque su velocidad se ha estabilizado. En el frente inflacionario, la inflación anual del IPC sigue afectada por los altos precios de los combustibles, y últimamente por las contribuciones, mientras que la inflación del IPCX1 sigue en línea con las proyecciones previas. De otra parte, las distintas medidas de expectativas de inflación se mantienen ancladas en torno al 3% anual. Hace presente, el señor Presidente, que con las proyecciones del IPoM de mayo, que este año y el próximo la actividad crecerá más que el PIB de tendencia, las holguras de capacidad se coparían este año mientras que el próximo habría una brecha positiva. En estas circunstancias, le parece que la política monetaria tiene que seguir su curso de normalización para que la inflación proyectada en un horizonte de 12 a 24 meses, converja al centro del rango meta. Del curso final que tome la inflación proyectada, la política monetaria dependerá de una serie de factores, los cuales se tienen que ir clarificando en los próximos meses. Entre estos factores, el señor Presidente destaca la evolución del precio del cobre, la tendencia de los costos laborales unitarios, precios de los combustibles, tipo de cambio y brechas de capacidad. Señala el señor Presidente, que como no hay noticias relevantes, excepto el abrupto aumento en el precio del cobre, en lo que se refiere a estas variables y dado el progreso ya observado en la reducción de la expansividad de la política monetaria hay espacio para hacer una pausa en el proceso de normalización, a la espera de nueva información. Además, estima que el mercado también espera una pausa. Por lo anterior, su voto es por mantener la tasa de política en 5.0%.",,RPM-2006-05-11,674,1,True,2006,2987,483,False,False,11,True,autoridad_señal,2006_alza_fin
2014-05-15,8482,RPM-2014-05-15:6218:1,Enrique Marshall Rivera,Vicepresidente del Banco Central,mercado_laboral,mercado_laboral,"El Vicepresidente señor Enrique Marshall plantea la conveniencia de contar con un diagnóstico más afinado respecto del comportamiento del empleo por cuenta propia en los últimos meses. Lo expresado, atendido que se ha puesto énfasis en que la caída del consumo se relaciona con señales de debilidad del mercado laboral, específicamente con un crecimiento comparativamente mayor del empleo por cuenta propia respecto del empleo asalariado. En su opinión, para tener un mejor diagnóstico sería preciso considerar también que los salarios se mantienen o exhiben una leve alza en el margen, como también los antecedentes sobre el sector agrícola, donde la producción aumenta, pero el empleo disminuye, lo cual daría cuenta de un fenómeno de carácter más estructural que cíclico. Por último, manifiesta su preocupación por la inflación, superior a 4% anual en los últimos meses.",,RPM-2014-05-15,6218,1,True,2014,873,135,False,False,11,True,autoridad_señal,2013_14_bajas
2011-02-17,5511,RPM-2011-02-17:3765:1,Rodrigo Cerda Norambuena,Asesor del Ministro de Hacienda,acuerdo_comunicado,acuerdo_comunicado,"El señor Rodrigo Cerda indica que parte importante del gasto de ese cuarto trimestre se relaciona con el repunte del sector construcción. Añade que, efectivamente, es un concepto que se devenga en el año 2010, pero solo en la medida en que la obra se haya encontrado entonces en alguna etapa de construcción. Reitera que proporcionará los antecedentes correspondientes con ocasión de la preparación del próximo IPoM, conjuntamente con el presupuesto de las empresas públicas, de acuerdo con lo solicitado por el Vicepresidente señor Manuel Marfán.",,RPM-2011-02-17,3765,1,True,2011,547,86,False,False,11,True,staff_señal,2011_alza
2007-05-10,1654,RPM-2007-05-10:1254:1,Pablo García Silva,Gerente de División Política Financiera,inflacion,inflacion,"El Gerente de División Política Financiera señor Pablo García, manifiesta que concuerda con la opinión de la Gerencia de División Estudios, en el sentido de que en esta ocasión es difícil argumentar por una opción distinta a la mantención de la Tasa de Política Monetaria. Indica que lo más relevante y difícil ha sido construir un nuevo escenario de mediano plazo para la política monetaria, dados los nuevos antecedentes que se manejan. Agrega que la construcción de un nuevo escenario de proyección ha permitido incorporar en buena medida el significativo cambio en la coyuntura que se ha observado en meses recientes y que se perfiló con mayor precisión con la última información disponible. Lo anterior, ha motivado que para este año se tenga medio punto adicional de crecimiento y de inflación. Indica el señor Gerente de División, que se trata de un cambio en perspectivas no marginal, estando probablemente dentro de los cambios significativos que hemos observado en años recientes. Estima que dadas las reglas habituales sencillas, este cambio en el panorama tiene implícito una modificación entre 50 y 100 puntos base en la Tasa de Política Monetaria, lo que es congruente con la variación en las perspectivas privadas, así como en la trayectoria implícita de la Tasa de Política Monetaria entre el IPoM pasado y el actual. Indica el señor García que más allá de ejercicios mecánicos de proyección de la Tasa de Política Monetaria, es siempre difícil dibujar un escenario de política monetaria muy preciso, particularmente porque hay aspectos cuyas implicancias cuesta dilucidar. El primero se refiere a la persistencia de las noticias. Como se ha argumentado en otras oportunidades, ha sido solo en ocasiones que sorpresas de magnitud sean breves, ocurriendo por el contrario, una secuencia más persistente de noticias por el lado del crecimiento. Esto se vio inicialmente en el período 2003-2005, luego, en la desaceleración en el curso del 2006, y se ve interrumpida con los datos más recientes. En su opinión, no es descartable que se puedan ver en los próximos meses, noticias que reafirmen o incluso acentúen el cambio de escenario. Dado los sesgos que han ocurrido, estima el señor Gerente de División que este escenario es más probable. El segundo aspecto mencionado por el señor García, se refiere a las perspectivas privadas y el cambio en las visiones de mercado más recientes. Indica que el salto en las tasas de interés de largo plazo, así como la apreciación más reciente del peso, reflejan de manera relativamente correcta las implicancias sobre la Tasa de Política Monetaria de las noticias de crecimiento e inflación, con solo un aumento de 25 puntos base en la forward hacia fines de 2009. De hecho, la Encuesta de Expectativas Económicas, típicamente muy pegajosa, dio un salto significativo en perspectivas de crecimiento hasta un nivel similar al de las proyecciones internas. A su vez, no cree el señor Gerente que sea ilógico que la Tasa de Política Monetaria neutral se ubique en 7%, que de hecho era el nivel que se consideraba adecuado hace un año y medio y que solo se modificó una vez que se validó la trayectoria que el mercado indicaba, con tasas de largo plazo significativamente inferiores. El tercer aspecto que agrega el Gerente de División señor García, se refiere a la naturaleza e implicancias del ciclo macro actual, en particular en relación con el escenario nacional de ahorro e inversión y de precios relativos que se han estado observando. Más allá del switching que en algunas ramas del sector industrial se discutió en Informes anteriores, estima que los datos revelan un cambio más generalizado en la estructura de la producción y la demanda interna, incluso en la composición de los precios en el IPC, y que se ha hecho probablemente más visible debido a la apreciación cambiaria más reciente. Estima que hace una comprensión más integrada de cómo estos fenómenos afectan el proceso inflacionario y la trayectoria de la política monetaria.",,RPM-2007-05-10,1254,1,True,2007,3995,657,False,False,11,True,staff_señal,2007_mixto
2009-06-16,3682,RPM-2009-06-16:2583:6,Claudio Soto Gamboa,Gerente de Análisis Macroeconómico,actividad_interna,actividad_interna,"El Gerente de Análisis Macroeconómico manifiesta que sería de -1,5% anualizado, pero que por un efecto de cambio de factores no resultaría extraño que en unos meses se obtenga que la corrección fuera positiva. Agrega, que parte de la corrección del tercer trimestre al alza se debe a la producción de recursos naturales, especialmente pesca, así como a otros sectores resto, mientras que industria, comercio, construcción, agricultura y una parte de servicios se están corrigiendo a la baja. Señala, que la primera corrección disponible a nivel desagregado para el tercer trimestre da un crecimiento de -1,1%, versus el -0,1% del último IPoM, el que, a su vez, se obtuvo de los modelos que no consideran la segregación sectorial. Indica también, que hay una corrección de la demanda a la baja, fundamentalmente por una corrección de inventarios y una leve corrección al alza del consumo por la dinámica propia de los bienes durables. Con todo, agrega que la proyección disponible supone que habrá un aumento de velocidades positivas en el tercer trimestre, tanto en los sectores resto como en el de recursos naturales.",,RPM-2009-06-16,2583,6,True,2009,1118,182,False,False,11,True,staff_señal,2009_bajas
2011-03-17,5661,RPM-2011-03-17:3889:2,José De Gregorio Rebeco,Presidente del Banco Central,acuerdo_comunicado,acuerdo_comunicado,"Finalmente, el Presidente señor José de Gregorio destaca que, en el ámbito internacional, las perspectivas para la economía mundial han mejorado, aunque estima que debiera esperarse alguna corrección a la baja dada la fuerza del terremoto en Japón, que no solo tendrá implicancias sobre el ritmo de crecimiento de los socios comerciales de Chile, sino que debiera afectar también los precios de activos financieros y commodities. Con todo, manifiesta que la evidencia no apunta a una reversión significativa del escenario actual consistente en un crecimiento robusto, aunque desbalanceado entre grupos de países en términos de su posición cíclica, y elevados precios de commodities. En lo más reciente, y en parte por las tensiones del Medio Oriente, indica que el petróleo ha continuado subiendo, aunque se observa cierta disminución en los precios internacionales de los cereales y granos, en particular el trigo. Señala que, a nivel interno, la actividad sigue mostrando un dinamismo similar al anticipado en el último IPoM y que las brechas de capacidad se encontrarían cerradas. Por otro lado, hace presente que la acelerada creación de empleo empieza a indicar estrecheces en el mercado laboral, en particular, dada la evolución de los costos de la mano de obra, lo que podría tener repercusiones negativas sobre los costos. Desde el punto de vista inflacionario, comenta que la evolución de la inflación ha estado dentro de los rangos esperados, especificando que la inflación del IPC se ubica algo por debajo de la meta y que la inflación del 1PCX1 se encuentra aún bajo el 1%. No obstante, estima que, en los meses siguientes, y como resultado de los elevados precios internacionales de commodities, se observarán probablemente registros algo más altos que los esperados. En todo caso, plantea que no es esperable que la propagación sea similar a la observada en el ciclo anterior del precio de los commodities de los años 2007-2008. Al respecto, precisa que el tipo de cambio se mantiene relativamente estable y que los ajustes de precios ocurridos en años anteriores indican que existiría un margen mayor al de aquel entonces para absorber aumentos de costos sin presiones de precios. No obstante, el señor Presidente subraya que las expectativas de inflación han estado aumentando, en especial en plazos más cortos, consistente con los aumentos de precios externos. Por su parte, indica que las compensaciones inflacionarias, que hace unas semanas se incrementaron, han mostrado elevados grados de volatilidad, lo que impide sacar conclusiones muy definitivas de estas fluctuaciones, en especial dado que, tal como se indicó durante la mañana, están contaminadas por primas de riesgo más elevadas ante incertidumbres en la evolución de los precios. Destaca que el mayor riesgo que se enfrenta en la coyuntura actual es un mayor traspaso de las alzas de precios de los commodities al resto de los componentes del IPC, siendo ello, precisamente, lo que estaría reflejando los aumentos de las expectativas de inflación de corto plazo. Agrega que si bien la aprobación del SIPCO y la posible reversión parcial de los aumentos de los precios agrícolas deberían mitigar en parte las alzas de los precios domésticos y las expectativas de inflación, no será lo que garantice el cumplimiento de la meta, en particular, porque los riesgos inflacionarios ocurren en un contexto en que la economía chilena está operando a plena capacidad. Enfatiza que es por ello que el Consejo necesita de acciones de política monetaria que eviten que se produzcan aumentos de las expectativas inflacionarias y efectos de segunda vuelta que puedan poner en riesgo la convergencia de la inflación a la meta en el horizonte de política. Para ello, considera que lo prudente sería apurar el ritmo de normalización de la política monetaria, dado el vigor del crecimiento interno, por cuanto esto debiera reafirmar el hecho que, para el Banco, el principal objetivo es la meta de inflación, lo que es una garantía para el buen desempeño económico y evita tener que hacer ajustes más severos de la política monetaria.",,RPM-2011-03-17,3889,2,True,2011,4096,660,False,False,11,True,autoridad_señal,2011_alza
2014-11-18,8858,RPM-2014-11-18:6511:1,Joaquín Vial Ruiz-Tagle,Consejero,decision_tpm,decision_tpm,"El Consejero señor Joaquín Vial inicia su intervención agradeciendo el apoyo de los personeros de la Gerencia de División Estudios, reflejado en la Minuta de Antecedentes y en la Minuta de Opciones, que para estos efectos hace suyas, a las que añade los siguientes comentarios. En lo que respecta al entorno externo, señala que los hechos más destacados son la consolidación de la divergencia entre las trayectorias de crecimiento de Estados Unidos de América, por una parte, y del resto de los países desarrollados, por otra, así como la mantención de un ritmo de expansión relativamente débil en los países emergentes, tal como se consigna en la Minuta de Antecedentes. Indica que a ello se deben agregar las significativas revisiones a la baja de las proyecciones de precios del petróleo, lo que debería ser analizado con mayor profundidad en el próximo IPoM por su importancia sobre el escenario macroeconómico. En lo atinente a la economía local, plantea que lo más destacado en el mes fue la fuerte sorpresa en materia de inflación. Expresa que si bien hay amplios indicios de que esta alza es transitoria y debería revertirse en los próximos meses, queda en evidencia que este es un problema vigente y que a la luz de las sorpresas, especialmente en lo que concierne a la evolución del IPCSAE, nos obliga a revisar con cuidado los modelos y previsiones internos. Asimismo, hace notar que también se ha observado alguna sorpresa negativa en materia de actividad y demanda interna, ligada en parte al continuo debilitamiento de la inversión. En este contexto, manifiesta su concordancia con que la única opción relevante es mantener la TPM en 3%. A su juicio, subir la tasa para enfrentar un potencial rebrote inflacionario no se justifica en el escenario actual, y bajarla después de las sorpresas inflacionarias sería muy difícil de explicar y pondría en riesgo la credibilidad de nuestro compromiso con la meta de inflación. El Consejero señor Joaquín Vial indica que en razón de los fundamentos expuestos, su voto es por mantener la TPM en 3%.",,RPM-2014-11-18,6511,1,True,2014,2052,342,False,False,11,True,autoridad_señal,2013_14_bajas
2012-02-14,6585,RPM-2012-02-14:4648:1,Sebastián Claro Edwards,Consejero,decision_tpm,decision_tpm,"El Consejero señor Sebastián Claro indica que en las últimas semanas, los datos de actividad y empleo han dado cuenta de cierta estabilización, tanto en las economías desarrolladas como de aquellas en desarrollo. Al respecto, precisa que existen datos mixtos, ya que en Estados Unidos de América, los datos de empleo han sido mejores; en Europa, se consolida un escenario de una recesión hasta ahora acotada; y en China, las cifras han dado cuenta de una desaceleración similar a la esperada, con cifras de crecimiento todavía bastante positivas. Hace presente que los mercados financieros han recogido esta situación de estabilidad y que nuevamente la preferencia por riesgo ha aumentado de manera generalizada y en un período relativamente prolongado en las últimas semanas, lo que constituye su interpretación sobre la evolución de las bolsas, los tipos de cambio y otros activos financieros en las distintas regiones. En su opinión, ello no necesariamente debe ser interpretado en orden a que los problemas en Europa están solucionados; por el contrario, quedan cada vez más en evidencia las dificultades de los países de la periferia para ajustar sus economías, por lo que enfatiza que el panorama para ellas es muy grave. Sin embargo, indica que, por ahora, las cifras en los mercados financieros parecerían estar dando cuenta de que estos problemas lograrían quedar acotados en países de menor impacto agregado y que las autoridades europeas habrían logrado promover acciones para mitigar o limitar el contagio hacia las economías problemáticas, pero de mayor envergadura, como España e Italia. Señala que es probable que la abundante provisión de liquidez a tres años por parte del Banco Central Europeo haya contribuido significativamente a esta calma. En todo caso, estima que esta situación debe ser seguida con extremada cautela, toda vez que, a diferente escala, los problemas estructurales y de endeudamiento de los países más grandes de la periferia europea y sus sistemas bancarios son importantes. En este punto, manifiesta compartir el análisis efectuado precedentemente por el Gerente de División Política Financiera señor Kevin Cowan respecto de la situación del sistema financiero y bancario en Europa. Por ello, considera que no se puede descartar que esta mayor tranquilidad que recogen los datos en los precios financieros pueda ser interrumpida más adelante. Destaca que en línea con estas noticias de mayor tranquilidad, los precios de los commodities se han mantenido elevados y que en algunos casos se han incrementado. Agrega que el panorama externo ha consolidado su debilidad, pero que no ha seguido deteriorándose, lo que está, en general, de acuerdo con las expectativas contempladas en el IPoM respecto de la debilidad externa, en el sentido de que se iba a mantener un escenario de crecimiento bajo en algunos países, en particular en Europa con recesión, aunque los datos, en ese caso, han sido un algo más negativos que lo esperado, con alta volatilidad en los mercados financieros, pero sin la materialización de eventos extremos. En el ámbito interno, menciona que la actividad, y especialmente la demanda interna, continúan mostrando cierto dinamismo. En este sentido, precisa que la tasa de desempleo ha sorprendido a la baja y que los salarios continúan incrementándose, aunque la masa salarial medida en términos reales ha disminuido su crecimiento y se expande a tasas del orden de 5%, coherente con el panorama económico en general. Por otra parte, comenta que las condiciones de crédito, aunque se han estrechado algo respecto de las vigentes hace algunos trimestres, dan cuenta de una situación de relativa normalidad. Asimismo, señala que después de la sorpresa de inflación en el mes de diciembre pasado, la última cifra estuvo en línea con lo esperado y que, en general, los registros subyacentes dan cuenta de una normalización en la dinámica inflacionaria. El Consejero señor Sebastián Claro recalca que en este escenario continúa siendo válida la proyección de desaceleración de la inflación hacia cifras cercanas al 3% a fines de año. Estima que, en términos amplios, esa perspectiva también es coherente con lo que muestran las distintas expectativas privadas o precios de mercado respecto de la trayectoria de la inflación. En todo caso, expresa que, a su juicio, sigue siendo válido lo mencionado en anteriores Reuniones de Política Monetaria y lo que los datos han corroborado en cierta medida, esto es, que la volatilidad de algunos componentes del IPC, así como la del tipo de cambio, podrían afectar la trayectoria de la inflación en el corto plazo, en distintas direcciones. En su opinión, el panorama recoge, en general, lo planteado en el IPoM del mes de diciembre pasado, con algunas diferencias que justifican en esta ocasión mantener la TPM. Plantea que, aun cuando las turbulencias externas continúan vigentes, más allá de las últimas cifras y los riesgos de escenarios muy negativos, el panorama internacional no ha seguido deteriorándose; los precios de los activos dan cuenta de un sutil cambio de escenario, más favorable hacia los países en desarrollo, lo que en todo caso se debe seguir evaluando, pero que por ahora tales cifras sugieren cierta tendencia en esa dirección, y por lo demás así lo sugieren las correspondientes a costos y a financiamiento externo para la banca doméstica. En cuanto al ámbito interno, hace presente que las cifras reales dan cuenta del impacto del deterioro externo de manera acotada y que las restricciones financieras que pudieron observarse hacia fines del año pasado han tendido a disminuir. Con todo, considera que se dan las condiciones que favorecen una mantención de la TPM en una zona de normalidad y por esta razón, su voto es por mantenerla en el nivel actual. A su juicio, es la decisión más prudente y deja mayor espacios hacia adelante. Por último, indica que no se pueden descartar bajas futuras de la tasa rectora, aunque las condiciones actuales no permiten observar con claridad su oportunidad y la magnitud de ellas.",,RPM-2012-02-14,4648,1,True,2012,6040,971,False,False,11,True,autoridad_señal,2012_13_mantiene
2011-09-15,6183,RPM-2011-09-15:4332:1,José De Gregorio Rebeco,Presidente del Banco Central,acuerdo_comunicado,acuerdo_comunicado,"El Presidente señor José De Gregorio agradece la intervención del Vicepresidente señor Manuel Marfán. Al concluir con el proceso de votación, el Presidente señor José De Gregorio señala que desde principios de agosto, el escenario macroeconómico internacional ha cambiado drásticamente, y que así lo ha hecho también la política monetaria. Indica que más allá de haber mantenido la tasa, se quitó el sesgo al alza, y que en el último IPoM se destacó que, en el escenario base, se supone que la tasa estaría constante en lo que resta del año. Plantea que esa es la trayectoria coherente con la meta de inflación y, por lo tanto, asegura que la economía chilena siga en una senda de crecimiento acorde con su tendencia de largo plazo. Agrega que hace algunos meses, el mercado esperaba que la tasa terminara este año entre 5,75 y 6%, pero dados los acontecimientos externos, esa perspectiva cambió. Hace presente que la caída en las tasas de interés de mercado, causadas por la caída de las tasas externas y este nuevo escenario de política monetaria, ya representan condiciones financieras más expansivas en la economía local. Con respecto al ámbito interno, menciona que el riesgo hace unos meses atrás era que la economía creciera más de lo necesario para el cierre de brechas, dando paso a un potencial sobrecalentamiento, con sus consecuentes presiones inflacionarias. Destaca que ese riesgo se ha disipado de manera importante; de hecho, las cifras de actividad y demanda muestran un grado de moderación, en especial el consumo, mientras que la inversión sigue mostrando dinamismo. Con esto, hace notar que los indicadores de actividad, más allá de sorpresas menores en los datos de corto plazo, siguen comportándose como lo estimado en nuestro escenario central. El Presidente señor José De Gregorio subraya que las cifras de inflación y sus determinantes siguen en línea con las proyecciones, lo que unido a expectativas de inflación a la baja y en línea con la meta, y una TPM constante en el corto plazo, son congruentes con el cumplimiento de la meta. Con todo, advierte que el escenario externo es extremadamente complejo y preocupante, lo que puede requerir ajustes en la TPM en los meses venideros. No obstante, destaca que la situación actual es muy fluida como para sugerir cambios en la TPM en esta oportunidad. Adelanta que el escenario externo probablemente se deteriorará. En particular, señala que no se puede descartar una solución grave y desordenada del problema de deuda soberana en la Zona Euro, ya que las crecientes tensiones financieras de los últimos días en Europa muestran que dicho escenario es cada vez más probable. Enfatiza, además, que a lo anterior se suma la incertidumbre sobre la fuerza de la recuperación de la actividad y el empleo en los Estados Unidos, así como respecto de la efectividad de acciones de política monetaria y fiscal expansivas en dicho país. No obstante, es de opinión que las implicancias de política monetaria de un deterioro mayor y significativo del escenario externo dependerán de sus repercusiones financieras, de sus repercusiones sobre la actividad global y sobre los precios de las materias primas. Por ello, estima que hoy día se hace necesario mantener una situación de cautela, en particular dado que de mantenerse el escenario base, una TPM en los niveles actuales representa una instancia monetaria adecuada. En todo caso, destaca que si bien el escenario externo es altamente incierto, el Consejo tiene, además, la capacidad de reaccionar con flexibilidad y rapidez a los cambios que en él se materialicen. En razón de lo expuesto, el Presidente señor José De Gregorio manifiesta que su voto también es por mantener la tasa en un 5,25%, con un sesgo neutral.",,RPM-2011-09-15,4332,1,True,2011,3732,615,False,False,11,True,autoridad_señal,2011_alza
2010-02-11,4306,RPM-2010-02-11:2897:1,Sebastián Claro Edwards,Consejero,escenario_internacional,escenario_internacional,"El Consejero señor Sebastián Claro consulta si son semejantes las importaciones de las diversas economías, como también si es efectivo que estas se concentran en Asia,",,RPM-2010-02-11,2897,1,True,2010,167,26,False,False,11,False,resto_sin_señal,2010_alza_emergencia
2011-05-12,5831,RPM-2011-05-12:4044:1,José De Gregorio Rebeco,Presidente del Banco Central,debate,debate,El Presidente señor José De Gregorio agradece la presentación del Gerente de División Estudios señor Luis Óscar Herrera y ofrece la palabra para comentarios.,,RPM-2011-05-12,4044,1,True,2011,157,24,False,False,11,False,resto_sin_señal,2011_alza
2011-04-12,5741,RPM-2011-04-12:3966:1,Sebastián Claro Edwards,Consejero,acuerdo_comunicado,acuerdo_comunicado,"El Consejero señor Sebastián Claro inicia su intervención, señalando que, desde la última RPM y desde la publicación del IPoM, la evaluación de la situación económica se ha mantenido en términos similares a lo proyectado. Especifica que las cifras, tanto internas como externas, dan cuenta de una recuperación en el exterior que sigue su curso, aunque con algunos focos de incertidumbre importantes, y que, internamente, los datos confirman que la actividad continúa expandiéndose vigorosamente y que la inflación — especialmente sus medidas subyacentes— tiende a normalizarse gradualmente. En el ámbito externo, hace referencia a dos fenómenos que justifican un mayor análisis. Por una parte, plantea que la situación financiera en Europa, en particular el rescate de Portugal, aun cuando establece las bases para una regularización de la situación de deuda de su economía, mantiene bastante abiertas las inquietudes sobre la capacidad de los países europeos de llegar a soluciones a los problemas de deuda sin ajustes que puedan ser considerados excesivos o que sean muy dañinos para el sistema financiero. Comenta que, por ahora — como ha venido sucediendo desde hace algunos meses o trimestres quizás—, los problemas se han mantenido acotados en la periferia europea y con menor impacto en los sistemas bancarios en Europa en general. A su juicio, este tema sigue siendo de alta preocupación, porque refleja un problema estructural cuya salida, por ahora, no se visualiza claramente. Hace presente que un segundo elemento es la evolución mostrada por el precio del petróleo, que ha seguido subiendo y que ha permeado tanto las expectativas de inflación en distintos países como las proyecciones de actividad. Al respecto, considera que resulta todavía prematuro sacar conclusiones acerca de una tendencia más permanente de su precio, ya que en los últimos días, por ejemplo, se han visto correcciones importantes, ya que, por una parte, existe la idea más o menos generalizada de que cierta escasez de petróleo en un mundo todavía bastante dinámico está detrás del aumento de su precio relativo; y, por otra parte, porque esto podría obedecer a una normalización de las tensiones políticas que afectan la oferta puntual de crudo, lo que acercaría las perspectivas para el crudo a niveles en torno a los incluidos en el IPoM. Agrega que tampoco se puede descartar que una cierta e incipiente moderación en la tasa de expansión de la actividad mundial esté detrás de una corrección en los precios del petróleo, empujada por países en desarrollo cuya velocidad de crecimiento tiende, en los últimos trimestres, a normalizarse en ausencia de un impulso adicional de las economías avanzadas. Con todo, el Consejero señor Sebastián Claro estima que el tema del petróleo es de primer orden, tanto por sus efectos sobre la inflación como por las implicancias que pueda tener sobre la actividad mundial, en la medida que este problema siga acentuándose. Por ahora, para efectos de la economía nacional, cree que es central al momento de evaluar la decisión de política monetaria el hecho que el impacto del petróleo se hace más evidente en las expectativas de inflación, que se han mantenido a diferentes plazos algo por sobre los objetivos del Banco. Por último, señala que en un contexto donde la actividad continúa evolucionando favorablemente, el crédito da muestras crecientes de normalización y el mercado laboral registra un alto dinamismo, la necesidad de moverse hacia instancias de política monetaria neutrales en la última parte del año cobra mayor relevancia y se consolida. Asimismo, dado que el nivel actual de la TPM, de 4%, dista de alguna medida neutral que pueda considerarse, existe espacio para avanzar en una normalización más rápida, sopesando adecuadamente los riesgos provenientes del exterior con el alza en las expectativas de inflación. A su juicio, es este espacio el que justifica un alza de 50pb en esta ocasión. En mérito de lo expuesto, el Consejero señor Sebastián Claro vota por subir la TPM a 4,5%.",,RPM-2011-04-12,3966,1,True,2011,4028,647,False,False,11,True,autoridad_señal,2011_alza
2013-08-13,7911,RPM-2013-08-13:5752:2,Rodrigo Vergara Montes,Presidente del Banco Central,acuerdo_comunicado,acuerdo_comunicado,"En consecuencia, el Presidente señor Rodrigo Vergara deja constancia que se acuerda por unanimidad de los señores Consejeros mantener la Tasa de Política Monetaria en 5% anual.",,RPM-2013-08-13,5752,2,True,2013,176,27,False,False,11,True,autoridad_señal,2012_13_mantiene
2007-12-13,2168,RPM-2007-12-13:1614:1,Consejo del Banco Central de Chile,Consejo,acuerdo_comunicado,acuerdo_comunicado,"En mérito de lo anterior, el Consejo adopta el siguiente Acuerdo: 116-01-071213 - Tasa de Política Monetaria. En su reunión mensual de política monetaria, el Consejo del Banco Central de Chile, por unanimidad de sus miembros, acordó aumentar la Tasa de Interés de Política Monetaria en 25 puntos base a 6% anual. Comunicado “En su reunión mensual de política monetaria, el Consejo del Banco Central de Chile acordó aumentar la tasa de interés de política monetaria en 25 puntos base, a 6% anual. Esta decisión es necesaria para reducir los riesgos de propagación de la mayor inflación actual hacia costos y expectativas, de manera de asegurar que la inflación converja a 3% anual en el horizonte de política. En el ámbito externo, los problemas y riesgos asociados a la crisis subprime se han intensificado y se prevé un menor dinamismo de las economías industrializadas. En otro plano, el precio del petróleo, si bien continúa elevado, disminuyó respecto de los altos niveles alcanzados hace un mes, mientras que el del cobre y los de varios productos alimenticios siguen altos, todos por encima de lo proyectado. Lo anterior configura un panorama externo relevante para la economía chilena que, aunque se mantiene positivo, presenta mayores riesgos de un escenario adverso. En lo interno, la información disponible apunta a que el crecimiento de la actividad en el segundo semestre será menor que el proyectado en el último Informe de Política Monetaria, situación que va más allá del desempeño de algunos sectores específicos. Sin embargo, por el lado de la demanda interna, tanto el consumo como la inversión se mantienen dinámicos. El empleo asalariado sigue creciendo, aunque a tasas más reducidas, y las condiciones financieras internas no muestran cambios relevantes. El Consejo estima oportuno señalar que la trayectoria futura de la TPM dependerá de la nueva información que se acumule y de sus implicancias sobre la inflación proyectada. De particular importancia para esto será el desarrollo del escenario internacional, la evolución de las brechas de capacidad y la eventual propagación de los recientes shocks inflacionarios a otros precios.”",,RPM-2007-12-13,1614,1,True,2007,2156,343,False,False,11,True,autoridad_señal,2007_mixto
2008-01-10,2213,RPM-2008-01-10:1637:1,Jorge Desormeaux Jiménez,Vicepresidente del Banco Central,mercados_financieros,mercados_financieros,"El Vicepresidente señor Jorge Desormeaux agradece el trabajo realizado por la Gerencia de División Estudios. Indica el señor Vicepresidente que el panorama inflacionario que enfrenta la economía chilena ha sufrido cambios muy importantes en los últimos treinta días. Agrega que en el plano internacional, las noticias más relevantes han sido la acentuación de las señales de debilidad de la economía de Estados Unidos de América, lo que ha llevado a una corrección significativa de las tasas de interés de largo plazo y también en los principales mercados accionarios. Por otra parte, menciona el señor Vicepresidente que pareciera haberse atenuado el riesgo de iliquidez en los mercados internacionales, después de las intervenciones coordinadas de los bancos centrales del mundo desarrollado. Comenta que pese a las señales de debilidad de la economía de Estados Unidos de América, los precios de los commodities siguen en niveles elevados, lo que en parte es testimonio de la fortaleza de las economías emergentes, así como de restricciones de oferta y riesgos geopolíticos en el caso del petróleo. Indica que las sorpresas más importantes de los últimos treinta días se dieron en el plano interno, con un registro inflacionario inusualmente elevado y sorpresivo en el mes de diciembre. Señala que como resultado de esta sorpresa y del análisis que se realiza con motivo de la elaboración del Informe de Política Monetaria del mes de enero, se han elevado las proyecciones de inflación previéndose que ésta seguirá aumentando hasta fines del primer trimestre de este año, para luego descender gradualmente y retornar al rango de tolerancia de 2% a 4%, recién a principios de 2009. Agrega el señor Vicepresidente que el mercado ha reaccionado frente a estos desarrollos y ello se ha traducido en correcciones en el mercado bursátil y en los precios de los activos financieros, incluyendo el tipo de cambio, que evidencia una apreciación significativa tanto nominal como real. Así, la trayectoria implícita para la inflación, que se desprende de los precios de los activos financieros, se ha elevado, redondeando, aproximadamente en 30 puntos base a plazos intermedios y a plazos más largos, el movimiento ha sido menor. Por otro lado, señala el señor Vicepresidente que los diferentes indicadores de tendencia inflacionaria también registran aumentos. Agrega que otros indicadores de expectativas privadas de inflación, como la Encuesta de Expectativas del Banco Central de Chile, muestran ajustes más reducidos. Indica que esto sugiere que las medidas de compensación inflacionaria pueden contener premios por riesgo que reduzcan hoy su valor informativo. Menciona también, que la trayectoria implícita para la Tasa de Política Monetaria a partir de estos antecedentes, también ha experimentado una corrección al alza, que contempla aumentos de 50 a 75 puntos base en los próximos 12 meses, dependiendo de la fuente escogida. Comenta también el señor Vicepresidente que a partir de los antecedentes antes señalados, concuerda con la Gerencia de División Estudios, en que las únicas opciones a considerar para la Reunión de hoy son un aumento de 25 puntos base o un incremento mayor de 50 puntos base. Agrega, que la opción de mantener no es coherente con el cuadro macroeconómico recién descrito y que contiene el Informe de Política Monetaria del mes de enero. Menciona que un aumento de 50 puntos base tiene una ventaja importante en relación a la alternativa de 25 puntos base, puesto que entrega una señal potente respecto a la voluntad del Banco Central de Chile de llevar la inflación de vuelta a la meta. Sin embargo, indica el señor Vicepresidente que dicha señal también envuelve riesgos y podría resultar prematura. Indica que un riesgo es que, tal como señala el Informe de Opciones, un ajuste de 50 puntos base, que va a resultar una sorpresa para el mercado, sea entendido como una señal que el Banco Central de Chile está percibiendo un desanclaje de expectativas o una propagación superior a la esperada del shock inflacionario. Ello sin duda también tendrá efectos sobre el tipo de cambio real, que ya se encuentra por debajo de valores compatibles con los fundamentos de largo plazo de la economía chilena. Sin embargo, esta señal podría resultar también prematura, considerando esencialmente cuatro elementos. El primero de ellos, que no existe evidencia de un desanclaje de expectativas a mediano plazo y que es probable que los aumentos de la compensación inflacionaria que se han observado en las últimas semanas, sean meramente un reflejo de mayores primas por riesgo asociadas a la volatilidad ya señalada de los precios de los activos financieros. En segundo lugar, la evaluación de los costos laborales no parece alejarse de valores coherentes con la meta inflacionaria. En tercer lugar, que para los próximos meses también se prevén inflaciones elevadas y es posible que las circunstancias exijan una reacción de política para reafirmar el compromiso con la meta inflacionaria y ello podría llevar a una sobrerreacción de la política monetaria que deba revertirse luego a corto plazo; y por último, el mercado espera en forma generalizada un aumento de 25 puntos base en esta Reunión. Por todo lo anterior, el señor Vicepresidente señala que la decisión de aumentar en 25 puntos base no debería tener efectos ulteriores sobre los precios de los activos financieros. En consecuencia, vota a favor de un aumento de la Tasa de Política Monetaria a 6,25.",,RPM-2008-01-10,1637,1,True,2008,5479,878,False,False,11,True,autoridad_señal,2008_crisis_alza
2015-04-16,9134,RPM-2015-04-16:6744:2,Alberto Arenas de Mesa,Ministro de Hacienda,mercados_financieros,mercados_financieros,"El señor Alberto Arenas inicia su exposición saludando al Presidente señor Rodrigo Vergara; al Vicepresidente señor Enrique Marshall; a los Consejeros señores Sebastián Claro y Joaquín Vial; y al staff del Banco. Hace presente que los indicadores de actividad han continuado mostrando una paulatina recuperación del ritmo de crecimiento. En efecto, el IMACEC de 2% del mes de febrero, si bien estuvo algo por debajo de lo que se esperaba, llevó a que, en promedio, se ubicara en 2,5% en los primeros meses del año, por sobre el 1,8% del último trimestre de 2014. Indica que lo anterior es coherente con la paulatina mejora que han mostrado las percepciones empresariales desde fines del año pasado. Agrega que los próximos registros de actividad podrían mostrar una merma, incididos por los efectos de la catástrofe del norte, que tuvo un impacto relevante en la actividad minera; no obstante, esta situación debiese ser transitoria y el proceso de reconstrucción aportará algo de mayor dinamismo a la actividad en los meses venideros. Por su parte, señala que hay una serie de indicadores que dan cuenta de que la demanda interna continúa débil. En este sentido, precisa que las importaciones siguen bajas y que la percepción de los consumidores se mantiene pesimista, lo que llama a ser cautelosos a la hora de evaluar la recuperación de la actividad. Añade que el panorama para el crecimiento de la región se ha vuelto más sombrío, lo que podría tener algunas repercusiones sobre nuestra economía. En este contexto, califica como positivos los últimos antecedentes en materia inflacionaria, ya que el registro del mes de marzo estuvo por debajo de lo esperado y la variación anual del IPC siguió retrocediendo, ubicándose muy cerca del rango de tolerancia definido por el Banco Central. Consigna, además, que los salarios del mes de febrero tuvieron una variación nula, mostrando descensos mensuales en algunos sectores, como es el caso de la minería. Plantea que el tipo de cambio se ha apreciado en un contexto donde las perspectivas para el inicio del proceso de alzas en la tasa de instancia monetaria por parte de la Reserva Federal se han postergado. Además, que la inflación mundial ha tendido a retroceder, lo que impactará al precio de nuestras importaciones. Agrega que las expectativas inflacionarias de corto plazo tendieron a aumentar luego de la fuerte depreciación del peso de un mes atrás y luego de publicarse el último IPoM, pero han retrocedido tras conocerse los últimos antecedentes en materia de precios. Por su parte, las expectativas para la inflación en el horizonte de política han permanecido bien ancladas en 3%. Manifiesta que en el contexto de su último Informe de Política, el Banco Central señaló que era esperable que la discusión sobre posibles alzas en la TPM se produjera hacia fines de año, dándole un sesgo menos expansivo a la política monetaria. Al respecto, enfatiza sobre el papel preponderante que le cabe a la política monetaria en la recuperación del ritmo de crecimiento económico. En este sentido, expresa que el marco de política sobre el que se basa dicha política en Chile admite desviaciones de la inflación respecto de la meta de 3% en la medida que eso atenúe los efectos en actividad de distintos shocks y que no comprometa el objetivo intermedio, que es que la inflación proyectada en el horizonte de política esté en la meta.",,RPM-2015-04-16,6744,2,True,2015,3384,561,False,False,11,True,staff_señal,2015_quiebre
2006-04-13,878,RPM-2006-04-13:649:2,Andrés Velasco Brañes,Ministro de Hacienda,acuerdo_comunicado,acuerdo_comunicado,"Señala el señor Ministro de Hacienda, que para aclarar el tema le parece que en lo que señaló el señor Presidente hay que mirar la estructura de tasas y leer la información ahí contenida y concluir que dicha información nos deja cómodos respecto de lo que se va a hacer. Si se procede de ese modo, ya con ese argumento no ve ningún problema.",,RPM-2006-04-13,649,2,True,2006,341,64,False,False,11,False,resto_sin_señal,2006_alza_fin
2006-05-11,901,RPM-2006-05-11:661:1,Andrés Velasco Brañes,Ministro de Hacienda,actividad_interna,actividad_interna,"El señor Ministro de Hacienda, consulta sobre los factores especiales o transitorios que explican la caída en agricultura y minería.",,RPM-2006-05-11,661,1,True,2006,132,20,False,False,11,False,resto_sin_señal,2006_alza_fin
2009-08-13,3887,RPM-2009-08-13:2677:1,Sebastián Claro Edwards,Consejero,inflacion,inflacion,"El Consejero señor Sebastián Claro manifiesta que ello resulta interesante, porque más allá de la cifra de inflación a la baja, que a todos ha sorprendido y especialmente al mercado, la lectura que se hace de la cifra de IMACEC es que ella es bastante positiva, dentro de lo que se podría haber esperado o de las perspectivas que había. Señala que el movimiento en la curva de forward no se produce justo después de la RPM, sino que después de haberse conocido el IMACEC. Agrega que después de ello, habría pensado que no se produciría una corrección de las tasas a la baja tan significativa como para sostener que el escenario futuro se vislumbra tan negativo, que determinará que las tasas efectivamente permanezcan muy bajas. En razón de lo expuesto, manifiesta que le llama la atención que las cifras hayan sido interpretadas como que efectivamente las tasas se corrigen 50 ó 60 puntos hacia abajo.",,RPM-2009-08-13,2677,1,True,2009,902,156,False,False,11,True,autoridad_señal,2009_bajas
2008-12-11,3075,RPM-2008-12-11:2217:1,Manuel Marfán Lewis,Consejero,actividad_interna,actividad_interna,"El Consejero señor Manuel Marfán consulta si es posible tener el dato trimestre a trimestre, ya que claramente si se compara la demanda interna con la demanda final sin variación de existencias, el punto que ha formulado el señor Vicepresidente sobre variación de inventarios, resulta muy significativo, ya que no es lo mismo bajar 7 décimas que bajar 2 décimas en un mes.",,RPM-2008-12-11,2217,1,True,2008,372,63,False,False,11,True,autoridad_señal,2008_crisis_alza
2012-02-14,6513,RPM-2012-02-14:4584:1,Miguel Ricaurte Bermúdez,Gerente de Análisis Internacional (S),inflacion,inflacion,"El señor Miguel Ricaurte responde que ellas representan las mayores variaciones de precio registradas en el mes en relación con la variación anotada al cierre estadístico, y que en este caso particular correspondió al día anterior. A título ejemplar, señala que en el último mes, el maíz llegó a bajar alrededor de 7,5% con respecto a la RPM anterior, mientras que al cierre, esa caída alcanzó solo a 0,2% respecto de igual fecha. Añade que este gráfico tiene por objeto mostrar la volatilidad de los precios de los commodities, pero que a partir de la próxima Reunión se exhibirán las mayores alzas y caídas, a fin de entregar una noción de volatilidad, no solo de las máximas variaciones. En relación con los índices agregados, comenta que los correspondientes a metales, granos y cereales, así como el de energía, aumentaron respecto de la Reunión pasada. Añade que el índice FAO de enero, que está atrasado un mes respecto de los índices restantes, también experimentó un aumento de 2%, empujado por todos sus componentes, con excepción de la carne, cuya alza fue inferior a 2%, y el maíz, que en enero pasado registró un aumento en torno a 6% por la sequía que ha afectado a América Latina. En cuanto a los perfiles futuros del índice FAO total, señala que se han ajustado al alza respecto al citado IPoM de diciembre, aparentemente por el aumento del precio de la carne y los lácteos, ya que el índice FAO de cereales no ha registrado variación. Hace presente que el precio de los metales aumentó de manera generalizada, no destacándose el oro en esta ocasión, pero sí el cobre, que no solo exhibe un alza significativa, sino que su perfil de precios futuros es más elevado. Añade que el perfil de futuros del petróleo Brent, en cambio, que es el considerado para efectos del precio de la gasolina en Chile, se ha mantenido, porque no hay expectativas de alzas futuras. Al concluir su presentación, el Gerente de Análisis Internacional Subrogante señor Miguel Ricaurte exhibe un gráfico de la volatilidad del WTI y el VIX, que se contiene en la lámina N°34, para reflejar el impacto que podría tener un eventual conflicto en Medio Oriente. Al respecto, hace notar que la volatilidad de las opciones de WTI han venido cayendo, a pesar del primer anuncio de Francia de un embargo a las importaciones de petróleo desde Irán y de su posterior aprobación por parte de la Unión Europea, lo que significa que el mercado le estaría asignando poca probabilidad de ocurrencia a un shock adverso para la oferta de petróleo de Medio Oriente. No obstante, hace presente que en caso de una disminución de la oferta de petróleo, en particular de una contracción del 80% del proveniente del Golfo, el efecto sobre el precio de este producto sería muy significativo, estimándose un alza del orden de un 55%, en promedio, en doce meses. Por último, reitera que el mercado le está asignando poca probabilidad a ese evento, pero que en esta ocasión ha sido cuantificado para tener una noción de cuál sería su posible efecto.",,RPM-2012-02-14,4584,1,True,2012,3010,520,False,False,11,True,staff_señal,2012_13_mantiene
2008-06-10,2588,RPM-2008-06-10:1874:1,Manuel Marfán Lewis,Consejero,actividad_interna,actividad_interna,"El Consejero señor Manuel Marfán señala que le llama la atención que la desaceleración que se esperaba en el margen de la demanda final no sea tal, y agrega que toda la corrección es hacia arriba a lo largo de todo el año. Indica que no existe desaceleración, sino que hay un cambio de composición en el agregado global y, en lo que al Banco le podría interesar, porque es donde influye la política monetaria, hay una revisión hacia el alza.",,RPM-2008-06-10,1874,1,True,2008,441,81,False,False,11,True,autoridad_señal,2008_crisis_alza
2014-05-15,8454,RPM-2014-05-15:6193:1,Miguel Fuentes Díaz,Gerente de Análisis Macroeconómico,acuerdo_comunicado,acuerdo_comunicado,"El señor Miguel Fuentes da inicio a su presentación refiriéndose a los hechos destacados del escenario interno acontecidos desde la Reunión anterior. En materia de actividad, indica que de acuerdo con información de las cuentas nacionales trimestrales, el crecimiento del PIB del primer trimestre del presente año sería de 2,6%, una décima mayor que lo proyectado en el último IPoM; y basado en los IMACEC, de 2,4%. Hace presente que el consumo privado registró un crecimiento menor que el anticipado, en particular el componente servicios, lo que incidió negativamente en las líneas de oferta relacionadas. Por su parte, la inversión se contrajo algo más que lo anticipado en términos interanuales, por un mayor retroceso de las importaciones de bienes de capital y una expansión algo menor del componente construcción. Asimismo, destaca que de acuerdo con información de la Dirección de Presupuestos, el componente gasto de Gobierno experimentó un crecimiento de 9,6% en dicho período, impulsado fundamentalmente por la inversión pública. En síntesis, el consumo privado creció menos que lo esperado, el gasto de Gobierno ejerció un efecto compensatorio, y con ello, la demanda final exhibió un comportamiento marginalmente menor que lo anticipado, pero grosso modo en línea con el escenario del IPoM. En segundo término, indica que las proyecciones de crecimiento presentan cambios leves a nivel agregado, pero se observan algunos rebalanceos sectoriales importantes de notar, especialmente en las líneas de servicios ligadas al consumo, cuyo dinamismo será menor que el previsto anteriormente. Agrega que la balanza comercial acumula un superávit superior al consignado en el IPoM, debido a precios favorables en exportaciones no cobre y una mayor debilidad del gasto interno. En materia de inflación, señala que el registro del mes de abril sorprendió al alza por un incremento mayor al esperado en los ítems core. Ello, más una mayor persistencia de la inflación de servicios, ha conducido a corregir al alza la proyección de inflación en el escenario de corto plazo. Asimismo, hace notar que en el primer trimestre del año, los salarios nominales crecieron a un ritmo mayor que el observado en igual período de 2013. Consigna además que el tipo de cambio real tuvo una fluctuación importante en el último mes y una apreciación en la última semana, manteniéndose al cierre estadístico de esta Reunión sobre su promedio histórico y en niveles similares a los observados en la RPM del mes de abril. A título de último hecho destacado del mes, manifiesta que las expectativas para la TPM se han ajustado al alza, esperándose solo un recorte adicional; y que para esta Reunión, el mercado espera mayoritariamente su mantención en 4%. El señor Miguel Fuentes prosigue con su presentación, planteando que en materia de actividad, el PIB del primer trimestre tuvo un crecimiento de 2,6%, con las actividades Resto y la demanda final en línea con el IPoM. La demanda interna, por su parte, registró un crecimiento de -0,1%, menor que la expansión de 0,8% contemplada en dicho Informe, impulsada por una desacumulación de inventarios muy significativa. Agrega que la demanda final creció 2,1% en dicho período, dos décimas menos que lo consignado en el Informe, y que el PIB desestacionalizado creció 1% en términos anualizados. Hace presente que el bajo crecimiento del gasto interno se explica en gran parte por la pérdida de dinamismo del consumo privado, que a su vez responde a una notoria desaceleración del consumo durable; y que el consumo no durable también se ha desacelerado frente a lo observado en el año 2013, pero mantuvo una tasa de crecimiento algo mayor que lo esperado. Agrega que la ralentización del consumo se ha notado con fuerza en el componente de servicios, que cerró con un crecimiento en torno a 3%, casi 1,5 puntos menos que lo supuesto en el IPoM. Comenta que la menor expansión del consumo se ha dado en un contexto de desaceleración de la masa salarial, impulsada mayormente por el menor dinamismo de los salarios reales, que se han visto afectados por los elevados registros inflacionarios del primer trimestre del año; así también, por un cambio en la composición del crecimiento del empleo, que si bien se ha mantenido estable en los últimos meses, la incidencia del empleo asalariado es cada vez menor. Añade que las expectativas no registran mayor variación en términos desestacionalizados respecto del último trimestre de 2013, salvo en lo referente al componente de consumo durable. De hecho, consigna que las expectativas para compras de durables han tenido un deterioro más notorio e intenso que el índice agregado del IPEC.",,RPM-2014-05-15,6193,1,True,2014,4662,754,False,False,11,True,staff_señal,2013_14_bajas
2014-07-15,8633,RPM-2014-07-15:6337:1,Rodrigo Vergara Montes,Presidente del Banco Central,debate,debate,"El Presidente señor Rodrigo Vergara agradece la presentación del Consejero señor Sebastián Claro y, a continuación, concede la palabra al Vicepresidente señor Enrique Marshall.",,RPM-2014-07-15,6337,1,True,2014,176,24,False,False,11,False,resto_sin_señal,2013_14_bajas
2010-01-14,4287,RPM-2010-01-14:2887:1,Consejo del Banco Central de Chile,Consejo,acuerdo_comunicado,acuerdo_comunicado,"149-01-100114 - Tasa de Política Monetaria El Consejo aprobó, por la unanimidad de sus miembros, mantener la tasa de interés de política monetaria en 0,50% anual. Comunicado “En su reunión mensual de política monetaria, el Consejo del Banco Central de Chile acordó mantener la tasa de interés de política monetaria en 0,50% anual. En el ámbito externo, los datos recientes reafirman las perspectivas de actividad global para este año, que han incidido en una progresiva estabilización de los mercados financieros. Los precios del cobre y del petróleo han vuelto a aumentar. En el plano interno, la información disponible sugiere que la actividad y la demanda se están expandiendo. La tasa de desocupación ha continuado reduciéndose. Las condiciones crediticias se han vuelto menos estrechas. En diciembre, el IPC y las diversas medidas subyacentes mostraron reducciones. La dinámica salarial sigue acorde con sus patrones históricos. Se prevén registros de inflación anual reducidos en los próximos trimestres, mientras que las expectativas de inflación de mediano plazo se han mantenido estables. El Consejo considera que el entorno macroeconómico es congruente con una TPM que se mantendrá en el nivel mínimo de 0,50% hasta al menos el segundo trimestre de este año. Con ello, reitera que continuará usando sus políticas con flexibilidad para que la inflación proyectada se ubique en 3% en el horizonte de política.”",,RPM-2010-01-14,2887,1,True,2010,1418,221,False,False,11,True,autoridad_señal,2010_alza_emergencia
2008-08-14,2808,RPM-2008-08-14:2026:1,Andrés Velasco Brañes,Ministro de Hacienda,mercado_laboral,mercado_laboral,"El Ministro de Hacienda estima que en la referida Encuesta no existe un cambio propiamente tal, ya que no es que el desempleo surja repentinamente, puesto que en las buenas y en las malas, éste se encuentra siempre entre los tres primeros en importancia.",,RPM-2008-08-14,2026,1,True,2008,254,44,False,False,11,False,resto_sin_señal,2008_crisis_alza
2009-08-13,3907,RPM-2009-08-13:2688:1,Consejo del Banco Central de Chile,Consejo,acuerdo_comunicado,acuerdo_comunicado,"En mérito de lo anterior, el Consejo adopta el siguiente Acuerdo: 142-01-090813 - Tasa de Política Monetaria En su reunión mensual de política monetaria, el Consejo del Banco Central de Chile acordó mantener la tasa de interés de política monetaria en 0,50% anual y continuar aplicando las medidas complementarias de política monetaria adoptadas en la reunión anterior. Comunicado “En su reunión mensual de política monetaria, el Consejo del Banco Central de Chile acordó mantener la tasa de interés de política monetaria en 0,50% anual y continuar aplicando las medidas complementarias de política monetaria adoptadas en la reunión anterior. En el ámbito externo, los datos recientes muestran una estabilización de las perspectivas de crecimiento global para este año. Estas perspectivas han incidido en un mejor ambiente en los mercados financieros. Los precios de los productos básicos, en particular el del cobre, han aumentado. En el plano interno, la información disponible para el segundo trimestre de este año indica que el debilitamiento de la actividad se habría detenido. Aunque el desempleo sigue aumentando, la ocupación ha tendido a estabilizarse. Las condiciones crediticias se mantienen estrechas, a pesar de las menores tasas de interés de colocación. En julio, el conjunto de indicadores de inflación mostró reducidas presiones inflacionarias subyacentes. La dinámica salarial sigue ajustada a patrones históricos. Se prevén registros de inflación anual reducidos en los próximos trimestres. Las expectativas de inflación de mediano plazo se han mantenido estables. El Consejo reitera que la TPM se mantendrá en el nivel mínimo de 0,50% por un período de tiempo prolongado y que continuará usando sus políticas con flexibilidad para que la inflación proyectada se ubique en 3% en el horizonte de política.”",,RPM-2009-08-13,2688,1,True,2009,1824,278,False,False,11,True,autoridad_señal,2009_bajas
2011-07-14,6031,RPM-2011-07-14:4213:1,Consejo del Banco Central de Chile,Consejo,acuerdo_comunicado,acuerdo_comunicado,"En virtud de lo anterior, el Consejo adoptó el siguiente Acuerdo: 173-01-110714 - Tasa de Política Monetaria En su reunión mensual de política monetaria, el Consejo del Banco Central de Chile acordó mantener la tasa de interés de política monetaria en 5,25% anual. Comunicado “En su reunión mensual de política monetaria, el Consejo del Banco Central de Chile acordó mantener la tasa de interés de política monetaria en 5,25% anual. En el ámbito externo, los indicadores de actividad confirman un ritmo de crecimiento algo más lento en Estados Unidos y Europa. Asimismo, la preocupación respecto de los riesgos fiscales y financieros de estas economías se han acentuado, particularmente en la Zona Euro. Se observa un aumento en las primas de riesgo de diversos activos. A nivel global, las expectativas inflacionarias de mediano plazo muestran una moderación. Las perspectivas de normalización de las tasas de interés en las economías avanzadas se han aplazado nuevamente. Por otra parte, varias economías emergentes han continuado reduciendo su impulso monetario. Los precios de materias primas se mantienen en niveles elevados. En el plano interno, las cifras de actividad, demanda y del mercado laboral evolucionan con dinamismo y muestran señales de moderación coherentes con el escenario base del último IPoM. Los registros anuales de inflación del IPC se han mantenido en torno a 3% y los de inflación subyacente permanecen acotados. Las expectativas inflacionarias privadas muestran un descenso, aunque algunas de ellas se mantienen por sobre la meta. El Consejo estima que, en el escenario más probable, serán necesarios aumentos adicionales en la tasa de polítíca monetaria, cuya oportunidad dependerá de la evolución de las condiciones macroeconómicas internas y externas. Con ello, seguirá usando sus políticas con flexibilidad para que la inflación proyectada se ubique en 3% en el horizonte de política.”",,RPM-2011-07-14,4213,1,True,2011,1918,296,False,False,11,True,autoridad_señal,2011_alza
2012-10-18,7157,RPM-2012-10-18:5116:1,Joaquín Vial Ruiz-Tagle,Consejero,escenario_internacional,escenario_internacional,"El Consejero señor Joaquín Vial manifiesta que, a su juicio, el informe presentado por el Gerente de Análisis Internacional da cuenta de un panorama externo que ha variado positivamente; no obstante lo cual se debe mantener un cierto grado de escepticismo, en razón de que varios problemas de fondo aún no han sido resueltos. En este sentido, indica que si en las próximas semanas la deuda española se renueva a los precios que se observan actualmente en Europa, e Italia y España solicitan rescate, ello significará que habrán disminuido las probabilidades de un colapso en esa región. En segundo lugar, plantea la conveniencia de monitorear en detalle la evolución de algunas economías, como las latinoamericanas, atendidos los riesgos de sobrecalentamiento que han surgido. Asimismo, sugiere realizar un ejercicio para el próximo IPoM de diciembre sobre la efectividad de las intervenciones cambiarias, para efectos de determinar los factores que podrían explicar una correlación que es poco clara entre el grado de intervención del mercado cambiario respectivo y su efectividad. En relación con el precio del cobre, destaca dos mensajes que se derivan de la reciente Semana de los Metales celebrada en London Metal Exchange. Señala que el primero de ellos apunta a una menor estrechez en el mercado de proveedores de capital, equipos, maquinarias e insumos, lo que permitiría atenuar los problemas de materialización de planes de inversión en ese sector. Indica que el segundo de ellos se refiere a una caída del precio del cobre en los próximos meses, asociado a algún contagio acotado de la desaceleración de China.",,RPM-2012-10-18,5116,1,True,2012,1621,259,False,False,11,True,autoridad_señal,2012_13_mantiene
2007-02-08,1425,RPM-2007-02-08:1074:1,José De Gregorio Rebeco,Vicepresidente del Banco Central,politica_fiscal,politica_fiscal,"El Vicepresidente don José De Gregorio menciona que ese era el escenario que se tenía hace uno y dos años atrás y que venía muy fuerte. Después, agrega, cambió un poco el mundo y venía el softlanding sin mayores problemas; ahora, aparentemente lo que estaría pasando y que estamos conversando, es que no habría siquiera ese softlanding, el cual ahora si podría ser inducido por una política monetaria más dura de lo que se contemplaba antes.",,RPM-2007-02-08,1074,1,True,2007,441,76,False,False,11,False,resto_sin_señal,2007_mixto
2011-10-13,6249,RPM-2011-10-13:4380:1,Claudio Soto Gamboa,Gerente de Análisis Macroeconómico,mercados_financieros,mercados_financieros,"El señor Claudio Soto informa que la Encuesta de Expectativas Económicas anticipa un IPC de 0,3% en dicho mes y de entre 3,3 y 3,4% para el presente año, versus el 3,5% proyectado internamente. Asimismo, manifiesta que si bien se han observado algunas reducciones en los precios de combustibles en las semanas recientes, han sido bastante menos significativas que las alzas registradas a fines del mes pasado. Sostiene que esas alzas afectarán el promedio del mes y, por lo tanto, debiesen tener una incidencia importante en el IPC. Con todo, destaca que las expectativas hacia mediano plazo se mantienen bastante alineadas con la meta. Sobre el particular, precisa que las expectativas a dos años, tanto de la Encuesta de Expectativas Económicas como de la Encuesta a los Operadores Financieros, se mantienen en 3%, mientras que la compensación inflacionaria 1 en 1 estuvo por debajo de 3%, pero ha tendido a acercarse a la meta en los últimos datos. El señor Claudio Soto hace presente, además, que dado que las tasas en Unidades de Fomento han estado más bien planas o subiendo levemente, mientras que las tasas de los bonos nominales cayeron durante el mes, las expectativas de inflación hacia horizontes más largos han tendido a mostrar aumentos en los datos más recientes. Agrega que la compensación inflacionaria 5 en 5, que registra un aumento mayor, se ha mantenido por sobre 3%, ya que está incorporando una suerte de premios. Respecto de la trayectoria de la política monetaria, subraya que la curva forward vuelve a corregirse a la baja y que las encuestas también indican reducciones de tasas, pero la de Expectativas Económicas con bastante dispersión. Al finalizar su presentación, el Gerente de Análisis Macroeconómico señor Claudio Soto informa que, para esta Reunión, el mercado espera una mantención de la tasa de política monetaria, mientras que para el próximo mes, una fracción importante de los consultados en la Encuesta de Expectativas Económicas también estima que no variará y otra fracción relevante, que podría acordarse una reducción.",,RPM-2011-10-13,4380,1,True,2011,2064,335,False,False,11,True,staff_señal,2011_alza
2015-09-15,9463,RPM-2015-09-15:7011:1,Miguel Fuentes Díaz,Gerente de Análisis Macroeconómico,acuerdo_comunicado,acuerdo_comunicado,"El señor Miguel Fuentes indica que la proyección se sitúa en 2,4% para el mes, levemente menor que el 2,5% esperado por el mercado. El señor Fuentes retoma su exposición y manifiesta que la proyección de demanda final y de demanda interna para el año no ha variado, a pesar de la revisión a la baja de las exportaciones por envíos mineros, que alcanza a 3 décimas y explica el 80% de la corrección total. Asimismo, advierte sobre un menor dinamismo de las importaciones, de acuerdo con los datos de comercio exterior del mes de agosto, en tanto que las proyecciones de consumo privado, consumo de gobierno e inversión permanecen sin cambios respecto del escenario de corto plazo consignado en el último IPoM. Con ello, se espera que las brechas de capacidad seguirán ampliándose con moderación en el horizonte de proyección de corto plazo. A este respecto, hace especial mención sobre la medida de uso de capacidad de la industria como medida alternativa de medición de brechas, indicando que sin perjuicio de la incertidumbre a la cual está sujeto este registro, tiende a estar correlacionado con medidas bastante más sofisticadas. Agrega que, en promedio, los datos de capacidad instalada del IMCE de julio y agosto son bastante negativos, con niveles cercanos a mínimos históricos, lo que anticipa un riesgo para la proyección y un riesgo a la baja en términos de menor dinamismo y brechas que podrían ser algo mayores. En lo concerniente a expectativas de consumidores y empresarios, representadas por el IPEC e IMCE, respectivamente, da cuenta de un nuevo deterioro en el margen, en especial de las expectativas de empresarios. Añade que comparativamente, las expectativas de consumidores registran una caída persistente durante los primeros ocho meses del año, mientras que las de empresarios tuvieron alguna recuperación en el primer trimestre del año, que se ha revertido íntegramente hasta ubicarse en niveles inferiores a los de diciembre de 2014 y muy por debajo de su promedio histórico. Deja constancia que al analizar las preguntas específicas incluidas en ambos índices, se aprecia que el deterioro de expectativas es generalizado. En efecto, los resultados sobre la percepción actual y futura, así como la propia y la del país, figuran en valores inferiores al pivote de expansión 50, a excepción del IPEC de situación familiar futura, que, si bien se ubica algo por sobre dicho valor, es inferior a su promedio histórico.",,RPM-2015-09-15,7011,1,True,2015,2438,400,False,False,11,True,staff_señal,2015_quiebre
2012-11-13,7263,RPM-2012-11-13:5207:3,Consejo del Banco Central de Chile,Consejo,opciones_tpm,opciones_tpm,"Siendo las 16:00 horas, se reanuda la Reunión de Política Monetaria N° 192.",,RPM-2012-11-13,5207,3,True,2012,75,13,False,False,11,False,resto_sin_señal,2012_13_mantiene
2009-05-07,3559,RPM-2009-05-07:2525:1,Andrés Velasco Brañes,Ministro de Hacienda,actividad_interna,actividad_interna,"El Ministro de Hacienda señor Andrés Velasco señala que hay elementos que se suman. Política monetaria; baja generalizada de lo que los bancos cobran, especialmente Banco Estado; y tercero, que el ahorro requerido por una familia es menor hasta 2000 UF porque subió el subsidio.",,RPM-2009-05-07,2525,1,True,2009,278,45,False,False,11,True,staff_señal,2009_bajas
2013-05-16,7674,RPM-2013-05-16:5550:1,Rodrigo Vergara Montes,Presidente del Banco Central,opciones_tpm,opciones_tpm,"el Presidente señor Rodrigo Vergara deja constancia que la Reunión de Política Monetaria de noviembre de 2013 se efectuará el día 19 de ese mes y, a continuación, concede la palabra al Gerente de División Estudios señor Luis Óscar Herrera a fin de que presente al Consejo las Opciones de Política Monetaria que se han considerado en esta oportunidad.",,RPM-2013-05-16,5550,1,True,2013,350,59,False,False,11,True,autoridad_señal,2012_13_mantiene
2014-04-17,8421,RPM-2014-04-17:6165:1,Luis Óscar Herrera Barriga,Gerente de División Estudios,opciones_tpm,opciones_tpm,"El señor Luis Óscar Herrera inicia su intervención refiriéndose a los principales desarrollos acontecidos desde la última Reunión de Política Monetaria. En lo concerniente al escenario externo, consigna que se ha observado la disminución de los premios por riesgo soberano y bancario tanto en las economías desarrolladas como emergentes; el retroceso acotado de la volatilidad de los mercados financieros internacionales; como asimismo, el aumento registrado por las bolsas de economías emergentes y la depreciación del dólar estadounidense a nivel internacional. Asimismo, informa que el Fondo Monetario Internacional corrigió a la baja la proyección de crecimiento de las economías emergentes, mientras que mantuvo sin cambios significativos la referida a las desarrolladas. Hace notar que este escenario global es similar al contenido en el IPoM del mes de marzo. Por su parte, la Reserva Federal ha continuado disminuyendo su programa de compras de activos, pero comunicó la intención de mantener la tasa rectora en su nivel actual por un tiempo considerable tras la culminación de dicho programa. En este aspecto, el consenso de mercado anticipa una primera alza para mediados del año 2015, pero existe mayor incertidumbre sobre el curso posterior de la política monetaria. En Europa, en cambio, se ha mencionado la posibilidad de adoptar medidas tradicionales de relajamiento monetario. Por último, indica que, en general, los precios de las materias primas han aumentado y en este aspecto, destaca el incremento del precio de la gasolina y el de los productos agrícolas, y entre estos últimos, el de los cereales. Hace presente que la inflación del mes de marzo fue superior a lo previsto por las expectativas de mercado, reflejando sorpresas en el comportamiento de algunos servicios específicos; que el traspaso de la depreciación del peso chileno a los precios de bienes transables se encuentra dentro de lo previsto; y que las expectativas de corto plazo experimentaron cambios menores y las de mediano plazo se mantuvieron en 3% anual. Agrega que, con vaivenes, el tipo de cambio nominal se apreció, ubicándose en torno a $555 por dólar estadounidense al cierre de la Minuta de Opciones de la presente Reunión. Finalmente, comenta que las expectativas de mercado para la Tasa de Política Monetaria se han ajustado a la baja, y que la mediana de los encuestados considera la posibilidad de que se produzcan dos recortes en los próximos meses, lo que también se ve reflejado en los precios de los activos financieros. Sin embargo, para esta Reunión, el consenso apunta a que la TPM se mantendría en 4,0% anual.",,RPM-2014-04-17,6165,1,True,2014,2620,417,False,False,11,True,staff_señal,2013_14_bajas
2009-05-07,3587,RPM-2009-05-07:2535:2,José De Gregorio Rebeco,Presidente del Banco Central,acuerdo_comunicado,acuerdo_comunicado,"El Presidente señor José De Gregorio señala que mañana se va a contar con una proyección más definitiva. Indica que entre noviembre y diciembre, la inflación acumulada fue aproximadamente -1,3%, lo que quiere decir que noviembre y diciembre del año pasado es -1,3%, con lo cual podría subir en 1,3% si la inflación es 0% en ambos meses. El año terminaría con 0,7%. Señala que lo anterior sería bajo el supuesto antes mencionado sobre el impuesto Especifico a los Combustibles, ya que en el escenario alternativo, el resultado sería casi 0% a fin de año.",,RPM-2009-05-07,2535,2,True,2009,553,95,False,False,11,True,autoridad_señal,2009_bajas
2014-06-12,8582,RPM-2014-06-12:6294:1,Consejo del Banco Central de Chile,Consejo,acuerdo_comunicado,acuerdo_comunicado,"Conforme a la votación efectuada por los señores Consejeros, el Consejo adoptó el siguiente Acuerdo: N° 211-01-140612 - Tasa de Política Monetaria En su reunión mensual de política monetaria, el Consejo del Banco Central de Chile acordó mantener la tasa de interés de política monetaria en 4,0% anual. Al concluir la Reunión, se procede a dar lectura al texto del Comunicado, que es del siguiente tenor: Comunicado “En su reunión mensual de política monetaria, el Consejo del Banco Central de Chile acordó mantener la tasa de interés de política monetaria en 4,00% anual. En el ámbito externo, los antecedentes recientes confirman las perspectivas de recuperación de las economías desarrolladas, en tanto que se mantienen las proyecciones de un crecimiento moderado para las emergentes. Las condiciones financieras externas continuaron mostrando una mejora en el último mes. Respecto del precio de las materias primas, destaca el aumento de los precios de combustibles, mientras que los precios de los productos agrícolas y del cobre presentan descensos. La inflación de las economías desarrolladas sigue acotada, lo que llevó a introducir medidas adicionales de estímulo monetario en la Eurozona. Los antecedentes de la economía local confirman el bajo dinamismo de la actividad y la demanda. A la caída de la inversión se ha sumado una desaceleración del consumo privado. Aunque se observan señales de menor dinamismo del mercado laboral, la tasa de desempleo se mantiene baja. En mayo, la inflación se situó en 4,7% anual. La variación anual de las medidas de inflación subyacente y los salarios nominales mostraron un repunte en el último mes. Las expectativas de inflación de mediano plazo se mantienen en torno a 3% anual. En el escenario más probable, se estima que el aumento de la inflación —vinculado entre otros factores a la depreciación del peso— es transitorio, lo que será monitoreado con especial atención. El Consejo evaluará la posibilidad de introducir recortes adicionales de la TPM de acuerdo a la evolución de las condiciones macroeconómicas internas y externas, y sus implicancias para las perspectivas inflacionarias. Al mismo tiempo, reafirma su compromiso de conducir la política monetaria con flexibilidad, de manera que la inflación proyectada se ubique en 3% en el horizonte de política.”",,RPM-2014-06-12,6294,1,True,2014,2317,364,False,False,11,True,autoridad_señal,2013_14_bajas
2013-12-12,8102,RPM-2013-12-12:5913:1,Sergio Lehmann Beresi,Gerente de Análisis Internacional,escenario_internacional,escenario_internacional,"El señor Sergio Lehmann señala que, por ahora, han sido compensadas fundamentalmente por Arabia Saudita, en particular, tratándose del petróleo libio. No obstante, atendido que en varias oportunidades son sorpresivas, producen un impacto en el precio de este combustible en el corto plazo, hasta la fecha en que son sustituidas, lo que opera con algún rezago. El señor Sergio Lehmann continúa con su presentación, reiterando que las perspectivas del precio de la gasolina se han corregido al alza y en lo futuro se advierte un precio algo mayor, que a diferencia de lo que se espera habitualmente en el mes de diciembre, no responde al patrón estacional habitual para esta época del año. Manifiesta que ello se ha producido conjuntamente con una mayor demanda externa de gasolina, derivada de algunas limitaciones que enfrenta Europa para refinarla en esa región. Hace notar que ello queda de manifiesto al revisar la producción global de refinerías, en que Europa registra una clara caída, lo que la ha llevado a satisfacer sus necesidades energéticas con gasolina importada. Al concluir su presentación, el señor Sergio Lehmann señala que por el lado de la demanda de petróleo, destaca especialmente la contribución del resto del mundo, así como también de China, como lo ha sido tradicionalmente. Asimismo, resalta el crecimiento de la demanda en los años 2011 y 2012; que dicho incremento alcanza a 1,2 millones de barriles diarios en el año en curso; y que para el año 2014 se espera un aumento aún mayor.",,RPM-2013-12-12,5913,1,True,2013,1510,249,False,False,11,True,staff_señal,2013_14_bajas
2012-03-15,6644,RPM-2012-03-15:4701:1,Claudio Soto Gamboa,Gerente de Análisis Macroeconómico,actividad_interna,actividad_interna,"El señor Claudio Soto precisa que en una perspectiva histórica, el indicador relativo a los meses para agotar stocks permanece elevado, porque luego de la crisis, hubo mucha construcción y las ventas cayeron de manera importante y, por lo tanto, los stocks se mantuvieron altos. No obstante, informa que estos últimos han ido retrocediendo por una conjunción de alzas en las ventas y la moderación previa que hubo en la construcción, lo cual podría sugerir que la velocidad a la cual se expande la oferta no es tan alta, y que ahora podría estar incidiendo en algún grado de reaceleración de la reconstrucción y la construcción de obras, como es el caso de aquellas ligadas a la minería.",,RPM-2012-03-15,4701,1,True,2012,687,118,False,False,11,False,resto_sin_señal,2012_13_mantiene
2014-11-18,8835,RPM-2014-11-18:6492:1,Miguel Fuentes Díaz,Gerente de Análisis Macroeconómico,acuerdo_comunicado,acuerdo_comunicado,"El señor Miguel Fuentes da inicio a su presentación refiriéndose a los hechos destacados del escenario interno acontecidos desde la Reunión anterior. En materia de actividad, indica que las perspectivas de la economía se han deteriorado. En efecto, las expectativas de consumidores y empresarios son más pesimistas que las observadas con ocasión del IPoM del mes de septiembre, y las proyecciones de crecimiento para este y para el próximo año son menores que lo previsto en dicho Informe. Atendido lo anterior, se anticipa una tasa de crecimiento para el año 2014 que se sitúa en el límite inferior del rango de 1,75 - 2,25% consignado en el último IPoM. Hace presente que la mayor corrección se observa en las actividades de recursos naturales, particularmente en la minería, que en el tercer trimestre tuvo un comportamiento más bajo que lo previsto por factores transitorios y otros de carácter permanente. En cuanto a la demanda interna, señala que el consumo evolucionó en línea con lo proyectado, mientras que la inversión registró una contracción bastante mayor, especialmente el componente de maquinarias. Informa que ello se ha traducido en un ajuste significativo del gasto interno, mayor que el contemplado en el último IPoM, con lo cual la proyección preliminar del déficit de cuenta corriente para el año 2014 cercana a 1,3 puntos del PIB, medio punto menor que lo estimado en dicho Informe. En materia de inflación, menciona que el registro del mes de octubre superó significativamente las proyecciones internas y, con ello, elevó la inflación hasta 5,7% en doce meses, cifra que es alta desde una perspectiva histórica. Agrega que las expectativas de mercado y la proyección interna apuntan a que estos mayores registros inflacionarios tendrían un carácter transitorio. A título de último hecho destacado del mes, manifiesta que para esta Reunión, el mercado espera mayoritariamente la mantención de la TPM en 3%. El señor Miguel Fuentes prosigue con su presentación consignando que en el escenario de proyección, las expectativas de empresarios y consumidores se han deteriorado respecto de lo observado con ocasión del IPoM pasado, esperándose para el año 2015 una tasa de crecimiento del orden del 3%, en circunstancias que un año atrás esta superaba el 4%. Añade que de acuerdo con las cifras de corto plazo de Cuentas Nacionales publicadas en el día de hoy, el PIB creció 0,9% menos en el tercer trimestre que lo estimado en el IPoM del mes de septiembre, explicado en partes iguales por el PIB Resto y recursos naturales. En lo que concierne al PIB Resto, comenta que la velocidad estimada para el cuarto trimestre se mantiene en torno a 2% en términos anualizados. En este aspecto, consigna que la menor velocidad de la inversión y del consumo se contrapone con la del sector agro, cuyos antecedentes de empleo y algunas perspectivas recogidas de la propia industria apuntan a una recuperación mayor que la proyectada en el mes de septiembre, y también con la del sector de servicios personales, que ha exhibido un dinamismo sostenido y tiene bastante inercia. Por su parte, la velocidad del PIB total es algo más apreciable que la del PIB Resto, muy influida por el sector de la minería, que si bien no tuvo un buen rendimiento en el tercer trimestre, este sería de carácter transitorio y se recuperaría durante el último cuarto del año. En términos de la demanda interna, resalta que la contracción registrada en el tercer trimestre es mayor que la del producto -1,6 puntos porcentuales-, lo que significa que el ajuste del gasto en los componentes transables fue muy superior al de los componentes de la oferta. Ello tiene como contrapartida una desacumulación de inventarios mayor que la anticipada, en línea con un crecimiento de las importaciones menor aún que el previsto en el IPoM.",,RPM-2014-11-18,6492,1,True,2014,3813,630,False,False,11,True,staff_señal,2013_14_bajas
2014-06-12,8521,RPM-2014-06-12:6248:1,Sebastián Claro Edwards,Consejero,acuerdo_comunicado,acuerdo_comunicado,"El Consejero señor Sebastián Claro se refiere a las mejores condiciones financieras internacionales informadas por el señor Sergio Lehmann. En su opinión, si bien varios indicadores dan cuenta de ello, es preciso interpretarlos con un grado de cautela a propósito de la significativa caída de las primas por riesgo de los bonos soberanos europeos y el alza de los precios de otros activos. Sobre el particular, estima que las mejoras objetivas de las condiciones financieras de los países desarrollados de Europa se han traspasado a otro tipo de activos, sumándose a ello un fuerte impulso que proviene de la política monetaria, donde las medidas anunciadas por el Banco Central Europeo cobran gran importancia. i Hace notar que las tasas de interés de largo plazo en Estados Unidos de América han aumentado luego de haber caído 50 puntos base en los últimos meses. Ello ha imprimido una sensación de estabilidad financiera, que de acuerdo con su percepción, da cuenta de una situación mucho más tranquila que lo que la realidad subyacente sugiere. Por último, señala que en periodos de expansividad monetaria muy significativa, de apreciación de las monedas, caídas de las primas por riesgo y de la volatilidad, y de retorno de los flujos de capital y del apetito por riesgo, se advierte una apreciación de los commodities, lo que no es el caso en esta coyuntura. Por este motivo, consulta si, en términos históricos, se advierte alguna correlación entre los movimientos de los precios de los commodities y los precios de activos que pudiera involucrar algún riesgo en la trayectoria de los commodities en adelante.",,RPM-2014-06-12,6248,1,True,2014,1616,265,False,False,11,True,autoridad_señal,2013_14_bajas
2011-08-18,6102,RPM-2011-08-18:4267:3,José De Gregorio Rebeco,Presidente del Banco Central,opciones_tpm,opciones_tpm,El Presidente señor José De Gregorio concede la palabra al Gerente de División Estudios señor Luis Óscar Herrera para que presente las Opciones de Política Monetaria para esta Reunión.,,RPM-2011-08-18,4267,3,True,2011,184,29,False,False,11,True,autoridad_señal,2011_alza
2006-12-14,1348,RPM-2006-12-14:1019:1,José De Gregorio Rebeco,Vicepresidente del Banco Central,decision_tpm,decision_tpm,"El Vicepresidente señor José De Gregorio señala que las noticias acumuladas durante este mes indicarían que, en primer lugar no hay cambios significativos en el escenario externo. Los desarrollos recientes son coherentes con una desaceleración de la economía de los Estados Unidos de América, mientras otras zonas compensarían en parte dicho menor dinamismo. Con todo, se espera un menor crecimiento de la economía mundial para el próximo año, lo que ha sido contemplado en nuestro escenario base. Respecto al escenario interno, señala el señor De Gregorio que las últimas noticias de actividad indicarían que efectivamente el cuarto trimestre registrará un crecimiento mayor, lo que reforzaría la idea que la economía tomará un ritmo de mayor expansión hacia el próximo año, en comparación con el 2006. Sin embargo, estas noticias son aún recientes, de modo que no corresponde considerar aún que representan el cambio de tendencia esperado en las proyecciones. En tanto, en el ámbito inflacionario, indica el señor De Gregorio que tanto las medidas de inflación efectivas como las subyacentes, indican que las presiones inflacionarias están bien contenidas y la mayoría de estas medidas se estarían ubicando algo bajo el 3%, y que lo mismo indicarían las presiones de costos. Señala el señor Vicepresidente, que si bien algunos indicadores de inflación subyacentes registrarían puntualmente un alza, la mayoría de ellos están demostrando una desaceleración, que hace más probable un escenario en el cual la inflación se desvíe por la parte inferior del rango meta o no converja en el horizonte de política del 3%. No obstante, esta información es muy reciente para considerar que representan una tendencia más duradera. Por lo anterior, señala el señor De Gregorio que las dos opciones hoy son mantener o bajar la tasa de política monetaria, para así asegurar el cumplimiento de nuestra meta. Indica que resultará algo paradojal que pese al leve repunte de actividad observado, se pueda sugerir una baja en la tasa de política monetaria, y manifiesta que nuestro objetivo es la inflación y que ella está cediendo. En todo caso, le parece prematuro optar por una baja en la tasa de interés y para ello se deben acumular más antecedentes y revisar con cuidado nuestras proyecciones, proceso que ya se está empezando con la preparación del próximo Informe de Política Monetaria. En este contexto, señala que habrá que ser muy cuidadoso en identificar si las perspectivas inflacionarias se desvían significativamente al centro del rango meta, lo que podrá requerir una reducción de la tasa de política monetaria. Sin embargo, a su juicio, aún es muy temprano para adoptar un relajamiento monetario, mientras no se acumule más información que permita separar las tendencias de los fenómenos puntuales. Asimismo, cree que de confirmarse en los meses siguientes un escenario que requiera reducir la tasa de El Consejero señor José De Gregorio señala que es por lo anterior que su voto es por mantener la tasa de política monetaria en 5,25%.",RECONSTRUCCION_AMBIGUA_POR_COTEJAR,RPM-2006-12-14,1019,1,True,2006,3034,487,True,False,11,True,autoridad_señal,2006_alza_fin
2007-10-11,1993,RPM-2007-10-11:1504:2,Igal Magendzo Weinberger,Gerente de Análisis Macroeconómico,opciones_tpm,opciones_tpm,"El Gerente señor Igal Magendzo señala que en este momento no podría dar una respuesta definitiva, pero le parece difícil identificar en que consiste un efecto de segunda vuelta, pero le parece que las medias podadas darían una indicación de lo que está pasando con la inflación más de tendencia, más allá de los shocks a precios específicos que se están observando. En cuanto a las expectativas de mercado, el Gerente de Análisis Macroeconómico señor Magendzo comenta que para esta ocasión, la mayoría del mercado espera una mantención de la Tasa de Política Monetaria y en el caso de los operadores de las mesa de dinero un 80% espera una mantención de la tasa versus un 20% que apuesta a un incremento. Las otras encuestas como la de expectativas, un 70% espera la mantención y un 30% el alza, y en el caso de Bloomberg y Reuters los porcentajes son similares.",,RPM-2007-10-11,1504,2,True,2007,862,151,False,False,11,True,staff_señal,2007_mixto
2014-09-11,8724,RPM-2014-09-11:6414:1,Miguel Fuentes Díaz,Gerente de Análisis Macroeconómico,acuerdo_comunicado,acuerdo_comunicado,"El señor Miguel Fuentes indica que para el mes de septiembre se prevé un alza de los pasajes del Transantiago, alimentos, vestuario y automóviles; y para octubre, de las tarifas eléctricas, fundamentalmente. En materia de expectativas inflacionarias, manifiesta que aquellas a dos años, medidas por el indicador sintético, se mantienen en torno a 3%, en tanto que los activos financieros y los seguros de inflación indican que esta convergerá a 3% en abril o mayo del próximo año. Añade que las compensaciones uno en uno se mantienen bajo 3%, de manera similar a los meses anteriores. Por último, comenta que el registro de inflación del mes de agosto generó algunas reacciones en la Encuesta de Expectativas Económicas. En efecto, la mediana de las proyecciones esperadas a once meses aumentó en dos décimas, mientras que a plazos más largos se concentró en 3%. Con respecto a las expectativas para la TPM, menciona que de acuerdo con el dato spot, el piso de la tasa se ubica más cerca del 3%, en línea con lo que revelan las distintas encuestas.",,RPM-2014-09-11,6414,1,True,2014,1048,178,False,False,11,True,staff_señal,2013_14_bajas
2007-09-13,1891,RPM-2007-09-13:1434:1,Igal Magendzo Weinberger,Gerente de Análisis Macroeconómico,mercados_financieros,mercados_financieros,"El Gerente de Análisis Macroeconómico indica que el tipo de cambio nominal, aunque ha tenido una volatilidad algo mayor que la habitual por las turbulencias en el mercado financiero internacional, se ubica en niveles menores respecto de lo que se observaba al momento de la publicación del IPoM, lo que también se aprecia en sus medidas multilaterales. Menciona el señor Gerente, que esta situación se ha intensificado en el últimos dos días, lo que es coherente con expectativas de recortes mayores en las tasas de interés en Estados Unidos de América. Señala que el tipo de cambio real, por su parte, muestra una leve caída de su nivel en los últimos datos, desde casi 95 en el mes de mayo a cerca de 93 en agosto, principalmente vinculada a la mayor inflación interna que se ha observado en los últimos meses. Hace presente también, que el crecimiento de la actividad y de los indicadores de demanda del mes de julio fue menor que lo observado en meses previos y que lo anticipado en el escenario base del IPoM. No obstante, señala que la volatilidad de esta información es alta, especialmente considerando el efecto calendario. Todo ello lleva a que la información del mes de julio no sea suficiente para modificar el escenario base de crecimiento anual incluido en el IPoM del mes de septiembre, aunque ratifica la evaluación que el balance de riesgos para la actividad está sesgado a la baja. Así, los indicadores de actividad y demanda del mes de julio mostraron tasas de crecimiento anual menores que las de meses anteriores, en parte por el desempeño de sectores específicos tales como minería y electricidad, gas y agua, EGA, y por efectos calendario. Agrega que en el mes de julio el Imacec aumentó 4,0% anual, 4,6% corregido por efecto calendario, que constituye el menor crecimiento del año. Indica que el menor número de días hábiles continuará afectando a la actividad en el curso del tercer trimestre, en particular por el feriado que se decretó para el día 17 de septiembre del año en curso. Señala el señor Magendzo, que los indicadores de consumo también mostraron en el mes de julio tasas de variación anual menores que las de meses anteriores, tanto en su componente durable como habitual. Agrega que al mismo tiempo, las percepciones de los consumidores siguen deteriorándose, llegando al menor nivel del año. Señala que no obstante, los datos del mes de agosto de las importaciones de bienes de consumo indican un crecimiento significativo en sus valores de un 27%. Por su parte, los indicadores de inversión mantuvieron su dinamismo y los indicadores de edificación, IMACON, permanecieron con un crecimiento anual similar al exhibido en los últimos meses, de 5,4%, mientras las colocaciones hipotecarias siguen dinámicas. La variación anual de las ventas de viviendas nuevas informadas por la Cámara Chilena de la Construcción volvió a ser negativa en el mes de julio, de menos 14,9% y menos 15,6% el mes anterior, con lo cual los meses para agotar stock aumentaron de 17,7% a 18,3%. Por otra parte, en el mes de agosto las importaciones de bienes de capital alcanzaron niveles nominales históricos — según la Compilación de Referencia 2003, CdeR—, llegando a US$ 638 millones y con tasas de incremento anual del orden de 27%. Por el lado de la actividad sectorial, el señor Magendzo indica que coherente con el bajo crecimiento del consumo en el mes de julio, se apreció un moderado incremento de la actividad del comercio. A su vez, la industria, afectada en parte por las restricciones de gas natural en la producción de metanol y la menor cantidad de días hábiles, creció a una tasa anual también menor que la de meses anteriores. En la actividad sectorial, también incidieron negativamente los sectores de recursos naturales. Menciona que como ha sido lo habitual durante este año, el valor agregado de la generación eléctrica aportó negativamente al Imacec, a lo que se sumó la caída en la producción minera, determinada en parte por los conflictos laborales de empresas del sector. Por el lado del comercio exterior, a los ya comentados incrementos de las importaciones de bienes de consumo y de capital, se sumó un bajo crecimiento de las exportaciones, especialmente mineras. Por otra parte, el señor Gerente de Análisis Macroeconómico menciona que los datos del mercado laboral del mes de julio continuaron mostrando un crecimiento importante del empleo en términos anuales de 3,2%, con un empleo asalariado que siguió registrando tasas de incremento en torno a 5% anual. Indica que la tasa de desempleo nacional, eliminada estacionalidad, se ubicó en 6,5%, más 0,3 punto porcentual respecto del mes previo y sigue por debajo de varias estimaciones para su valor, coherente con la estabilidad de precios. Asimismo, comenta el señor Magendzo que el crecimiento anual y la velocidad de expansión de las distintas medidas de salarios nominales registraron un incremento significativo en el mes de julio. El incremento anual del costo de la mano de obra subió a 5,7%, 4,7% en junio y, el crecimiento del IREM llegó a 8,1% anual, 6,7% en junio, ampliándose la brecha entre ambos. Señala que con un dato adicional no se puede precisar con exactitud cuánto del aumento de los salarios responde a la indización esperable, en atención a los niveles que ha alcanzado la inflación en lo más reciente y cuánto de ello pudiera responder a un traspaso mayor que lo habitual de este mismo fenómeno. Sin embargo, los CLU en el último registro estarían creciendo algo más que la indexación habitual, aunque todavía dentro de rangos coherentes con la meta de inflación. En el caso del los IREM, este crecimiento es mucho mayor. Hace presente el señor Gerente de Análisis Macroeconómico que en el mes de agosto nuevamente se registró un alto incremento mensual de la inflación, destacando, una vez más, el aumento en los precios de los alimentos perecibles y no perecibles. Menciona que el IPC tuvo un incremento mensual de 1,1%, 4,7% anual, mientras los indicadores de inflación subyacente — IPCX e IPCX1— aumentaron 0,8%, 4,2% anual y 0,7%, 5% anual, respectivamente. Agrega que el escenario base del IPoM de septiembre incorporaba para el mes de agosto una inflación mensual mayor que las proyecciones de mercado, pero, aun así, algo menor que el dato efectivo. Señala que las velocidades de expansión de los tres indicadores continuaron aumentando, ubicándose sobre 7% en el caso del IPCX1. Asimismo, las medidas de tendencia inflacionaria registraron importantes aumentos, ubicándose sobre 4% anual las medias podadas por subgrupos y por artículos y, en 3,2% la medida que poda los componentes más volátiles. Por su parte, la medición del IPC que excluye los precios de la energía y los alimentos, continúa anotando incrementos anuales inferiores a 2%, mientras que el IPCX1, sin alimentos, creció 2,6% anual, levemente por encima del promedio del año 2006 que fue 2,5%. El Gerente de Análisis Macroeconómico señala que las expectativas de inflación de corto plazo del sector privado apuntan a una inflación al mes de diciembre de este año, marginalmente mayor que las proyecciones internas y se mantienen cerca de 3% para el horizonte de largo plazo. Hace presente que según la Encuesta de Expectativas Económicas de septiembre la inflación se ubicaría en 5,7% anual, 4,8% en el mes de agosto. Señala que a un plazo mayor, también alineado con el escenario base del IPoM, las expectativas de inflación, incorporando la transitoriedad de los shocks de precios actuales, se mantienen en 3,5% y 3% a uno y dos años plazo, respectivamente. Asimismo, el señor Magendzo señala que por su lado, la encuesta a los operadores de mesas de dinero prevé una inflación a un año de 3,7%, 3,5% en agosto, proyección que a dos años se mantiene en 3,2%, 3,15% en el mes de agosto. Agrega que las medidas indirectas de expectativas de inflación que se derivan de los precios de los activos financieros presentan movimientos mixtos. La compensación inflacionaria de 1 en 1 disminuye, contemplando una inflación de 3,18%, 3,60% en el mes de agosto. Menciona que a mayor plazo, en cambio, muestran aumentos de distinta magnitud. La de 3 en 2 se ubica en 3,71%, 3,43% en agosto y la de 5 en 5 en 3,23%, 3,20% en agosto. No obstante las desviaciones de la inflación respecto de su valor esperado, los niveles de las expectativas no son diferentes a los valores que han alcanzado en períodos de inflación elevada. Finalmente, señala que los indicadores de expectativas de inflación en base a encuestas a consumidores y empresarios, IPEC e IMCE, también presentan alzas en la inflación esperada para los próximos 12 meses.",NOMBRE_PROPIO_POR_COTEJAR;RECONSTRUCCION_AMBIGUA_POR_COTEJAR,RPM-2007-09-13,1434,1,True,2007,8618,1438,True,False,11,True,staff_señal,2007_mixto
2010-04-15,4574,RPM-2010-04-15:3063:2,Claudio Soto Gamboa,Gerente de Análisis Macroeconómico,mercados_financieros,mercados_financieros,"El Gerente de Análisis Macroeconómico retoma su presentación, señalando que los datos efectivos de colocaciones de febrero y los provisorios de marzo más bien indican que el crédito ha seguido creciendo. Sobre el particular, destaca que los datos de la Superintendencia de Bancos e Instituciones Financieras corresponden a cifras desestacionalizadas nominales y difieren de las del Banco, ya que estas últimas se han ajustado por IRFS. Indica que tal diferencia explica que la información de ese organismo supervisor arroje un crecimiento algo menor en las colocaciones nominales de consumo y comerciales. Agrega que en marzo han continuado aumentando las colocaciones tanto de consumo como de vivienda y comerciales, no así las de comercio exterior, cuya contracción se explicaría de forma importante por el movimiento del tipo de cambio y podría estar reflejando también la caída en las exportaciones industriales mencionadas anteriormente. Respecto de la Bolsa, el señor Claudio Soto informa que el IPSA ha estado más bien plano desde el terremoto y que, comparado con índices de otras bolsas, ha caído, pero en magnitudes más bien acotadas. En el caso de los agregados monetarios, menciona que se sigue observando un fuerte crecimiento del dinero, sobre todo del M1, pero que no se advierte un crecimiento que sea particularmente intenso dado los fundamentales que explican dicho crecimiento. De hecho, agrega, estaría creciendo algo por debajo de lo se podría explicarse con el modelo de demanda de dinero, dado el nivel de la tasa de interés prevaleciente. Al proseguir, el Gerente de Análisis Macroeconómico señala que el tipo de cambio se apreció, pero que después del terremoto se han producido muchos movimientos, influidos por las noticias y por el diagnóstico del mercado respecto del plan de financiamiento y de la composición del mismo. Añade que el tipo de cambio real está en 91, por lo que sigue dentro de los fundamentales de largo plazo. En cuanto a las expectativas de mercado, indica que después del terremoto, las expectativas de crecimiento se ajustaron hasta 4,5% para este año y al alza para el 2011, dando cuenta de la temporalidad del efecto del terremoto. Respecto de las expectativas de inflación, reitera lo que arrojó la encuesta del IMCE que, en general, muestra percepciones bastante más inflacionarias en adelante, tanto por el lado de los salarios como de los costos. Menciona también lo que se recoge de los precios de los activos financieros, citando que en el caso de la swap, por ejemplo, se observa un aumento importante en la compensación uno en uno, que está por sobre 3% y que llegó a estar cercana a 4%; que las expectativas a un año han superado el 3% en los últimos registros y que las a dos años siguen en 3%; mientras que las expectativas a un año, tanto de la Encuesta de Expectativas Económicas como lo que se desprende de las mesas de dinero, están por sobre 3%.",,RPM-2010-04-15,3063,2,True,2010,2913,483,False,False,11,True,staff_señal,2010_alza_emergencia
2011-03-17,5625,RPM-2011-03-17:3862:1,José De Gregorio Rebeco,Presidente del Banco Central,debate,debate,"El Presidente señor José De Gregorio plantea que la ponderación puede cambiar, de tal forma que si el polinomio arroja un alza de la tarifa, habría que reducir la ponderación para neutralizarla.",,RPM-2011-03-17,3862,1,True,2011,194,32,False,False,11,True,autoridad_señal,2011_alza
2013-12-12,8124,RPM-2013-12-12:5935:1,Enrique Marshall Rivera,Consejero,mercados_financieros,mercados_financieros,"El Consejero señor Enrique Marshall destaca que el reciente registro de inflación disipa el temor de una inflación excesivamente baja. Aún más, expresa que la depreciación del tipo de cambio y el ajuste de los precios relativos podría traducirse en variaciones algo mayores, por lo que será necesario efectuar el seguimiento de la evolución de esta variable. Sobre este aspecto, plantea la conveniencia de mantener un discurso moderado y prudente, ya que el mercado suele ser reactivo a los mensajes de la autoridad monetaria. En segundo término, señala que parte importante de la desaceleración de la inversión se relaciona con maquinarias y equipos, no así con la construcción, que se mantiene dinámica. Destaca este dinamismo por su incidencia en el ciclo de remuneraciones y la masa salarial, ya que este sector es el empleador de un porcentaje importante de la población, en especial, del segmento medio bajo.",,RPM-2013-12-12,5935,1,True,2013,914,147,False,False,11,True,autoridad_señal,2013_14_bajas
2015-11-12,9624,RPM-2015-11-12:7142:3,Mario Marcel Cullell,Consejero,mercado_laboral,mercado_laboral,"El Consejero señor Mario Marcel manifiesta que el nivel de dispersión de las expectativas es bastante grande en estos momentos. Luego, el próximo IPoM será una instancia muy importante en orden a contribuir a orientar esas expectativas, por sobre la posibilidad que pueda favorecer dicha confusión. En su opinión, el principal mensaje que se extrae de la presentación radica en que mientras el sector minero empeora, otros aspectos podrían mejorar. Tratándose del mercado del trabajo, cree que su evolución se relaciona con una serie de formas de minimizar el impacto de las regulaciones que se le aplican. Señala que Chile tiene contratos de muy corta duración y mucha rotación aparente, que tiene que ver con movimientos dentro de la misma empresa, razón por la que no le resulta sorprendente que los salarios se hayan estado ajustando a la baja, mientras los niveles de empleo han permanecido relativamente altos. Además, resalta el repunte del ahorro de los hogares y la disminución de los créditos de consumo y con ello, una acumulación de un efecto riqueza de consumo que puede tener un impacto en el futuro próximo. Por el lado de las empresas, indica que junto con los datos de inversión no minera y no habitacional, se advierte una compresión de márgenes y aumento de créditos para el sector productivo, que si bien no anticipan mayormente un cambio de la actividad en el corto plazo, sí están asociados a aquellos aspectos que tienden a liderar una cierta recuperación de la demanda. En consecuencia, considera que junto con incorporar la información más negativa del sector minero, es preciso tener claro los desarrollos observados en los otros sectores no mineros y reforzar los mensajes que se puedan elaborar en ese sentido.",,RPM-2015-11-12,7142,3,True,2015,1738,287,False,False,11,True,autoridad_señal,2015_quiebre
2008-09-04,2879,RPM-2008-09-04:2073:1,Andrés Velasco Brañes,Ministro de Hacienda,mercado_laboral,mercado_laboral,"El Ministro de Hacienda señor Andrés Velasco sobre este mismo tema indica que sus dudas tienen que ver con el comentario efectuado por el Consejero señor Manuel Marfán. A su parecer, existe el temor que un crecimiento tan fuerte del empleo sea un fenómeno transitorio, porque las productividades no son consistentes. Es decir, la productividad del trabajo no solo se observa en los Costos Laborales Unitarios porque éstos incluyen productividad y salarios, pero lo que está pasando con el cuociente dividido por L es muy extraño. En consecuencia, señala que si ese cuociente dejara de comportarse de modo irregular, lo más natural sería que con estas tasas de crecimiento se produjera una caída en la demanda por trabajo, lo que tendería a reforzar esa tendencia a la baja en el salario real y, más bien, constituiría una fuente de desinflación. Agrega, que lo anómalo en ese comportamiento del empleo es hasta cuándo durará con las tasas que se observan.",,RPM-2008-09-04,2073,1,True,2008,955,159,False,False,11,True,staff_señal,2008_crisis_alza
2007-05-10,1661,RPM-2007-05-10:1261:1,Vittorio Corbo Lioi,Presidente del Banco Central,acuerdo_comunicado,apertura_cierre,"El Presidente señor Vittorio Corbo, señala que agradece al staff el excelente trabajo de preparación para esta Reunión, como también el realizado en todo el ejercicio de preparación del IPoM que se está completando y que es parte integral del material que se ha utilizado en esta ocasión. Menciona el señor Presidente, que el entorno externo continúa siendo muy favorable, tanto en actividad como en condiciones financieras, mientras que los precios de los productos primarios se mantienen altos. En la economía nacional, comenta el señor Presidente, el repunte observado en la actividad el cuarto trimestre del año 2006 se afirma en los primeros meses del año 2007. En particular, destaca el alto crecimiento de la actividad en marzo y las buenas cifras parciales de abril. Lo anterior, apoyado por un entorno externo favorable, el impulso que aportan las condiciones financieras internas, la política fiscal y la entrada en operación de expansiones de capacidad programadas en algunas industrias. Indica, que este cuadro consolida una situación donde el producto crecería este año por encima de tendencia, contribuyendo a un cierre progresivo de las brechas de capacidad. Señala que en cuanto a la inflación, las últimas cifras también muestran niveles algo por encima de lo esperado en el escenario base de enero, particularmente impulsados por mayores precios internacionales de gasolina y de alimentos y por mayores precios de productos y servicios relacionados con la salud; el IPCX1, influido por los precios de los alimentos no perecibles y los precios de la salud, supera en torno a medio punto las proyecciones de enero, pero igual se ubica bajo el 3%. En paralelo, las diferentes medidas de expectativas de inflación se encuentran bien ancladas en torno al 3%. Hacia delante, indica el Presidente señor Corbo, el cierre progresivo de las brechas de capacidad que contempla el escenario base del IPoM de mayo, debiera contribuir a que la inflación IPCX1 siga aumentando para acercarse al 3%, durante el tercer trimestre del año, y converger al 3% en el horizonte de política, con un alza moderada en la Tasa de Política Monetaria a partir de sus valores actuales. En estas circunstancias, le parece que la evolución futura de la inflación del IPC estará afectada además, por la evolución de los precios de los combustibles y las tarifas reguladas; para los próximos meses, sólo por efecto base de comparación, se estima que ésta debiera descender a valores en torno al 2% en el segundo y tercer trimestre, para luego ir convergiendo gradualmente al 3%. Manifiesta que hacia delante será necesario estar atentos a la persistencia de los desarrollos recientes, para poder así validar las proyecciones del IPoM y evaluar el curso futuro de la política monetaria, para poder mantener la inflación en torno a la meta. En vista de lo anterior, el Presidente señor Vittorio Corbo señala que es razonable, en esta ocasión, mantener la tasa de instancia en 5%, por lo cual vota en consecuencia.",,RPM-2007-05-10,1261,1,True,2007,2995,488,False,False,11,True,autoridad_señal,2007_mixto
2006-06-15,970,RPM-2006-06-15:716:1,Pablo García Silva,Gerente de Estabilidad Financiera,mercado_laboral,otros,"Hace presente el Gerente de Estabilidad Financiera, señor Pablo García, que de
esta información no se puede deducir que la tasa de desempleo va a ser mayor. Agrega que lo
que informa efectivamente esa muestra es que se subestimó el nivel de empleo absoluto en los
últimos años, en una magnitud que no es demasiado grande, pero que efectivamente el tamaño
resulta mayor de lo que se esperaba.",,RPM-2006-06-15,716,1,True,2006,391,68,False,False,11,False,resto_sin_señal,2006_alza_fin
2012-10-18,7203,RPM-2012-10-18:5158:1,Rodrigo Vergara Montes,Presidente del Banco Central,mercados_financieros,mercados_financieros,"El Presidente señor Rodrigo Vergara agradece el planteamiento del Vicepresidente señor Manuel Marfán e inicia su intervención expresando su reconocimiento al staff por el excelente análisis consignado precedentemente. Señala que aun cuando los riesgos del escenario externo siguen siendo relevantes, en el margen hay noticias algo más positivas. En este sentido, precisa que Europa tiene un camino claro que seguir y ha dado avances en el mismo; que siguen las dudas respecto a la unión bancaria, a lo fiscal y al funcionamiento del mercado financiero, pero que con todo, parece haber más claridad y voluntad política que hace algunos meses; y que será clave lo que sucederá finalmente con España y su posible solicitud de rescate. Asimismo, menciona que en Estados Unidos de América, el crecimiento sigue siendo moderado, aunque con mejores expectativas. Agrega que China parece confirmar que se mantendrá en tasas de crecimiento que si bien siguen siendo elevadas, son menores que las que acostumbraba tener hasta el año pasado, y que no parecen confirmarse datos de una desaceleración más brusca en esta economía. Además, hace presente que los precios de las materias primas han tenido un comportamiento mixto, aunque el precio del cobre sigue elevado; que se visualizan mayores flujos de capital hacia las economías emergentes; y que, en general, estas economías continúan en un proceso de desaceleración, que estaría llegando a su fin en China y revirtiéndose eventualmente en Brasil. En lo concerniente a Chile, indica que el PIB se mantiene creciendo a su tasa de tendencia, mientras que la demanda interna muestra signos incipientes de aceleración. En su opinión, de confirmarse esta tendencia con datos adicionales, implicaría una ampliación del déficit de la cuenta corriente superior a lo esperado por este efecto, que podría ser compensado por el mayor precio del cobre. Asimismo, resalta que se sigue observando una desaceleración en la creación de empleos y una relativa estabilidad en el aumento de los salarios nominales, mientras que la inflación se mantiene en la parte baja del rango de tolerancia y las expectativas en esta materia se encuentran ancladas en 3% anual.",,RPM-2012-10-18,5158,1,True,2012,2187,347,False,False,11,True,autoridad_señal,2012_13_mantiene
2012-04-17,6711,RPM-2012-04-17:4749:1,Rodrigo Vergara Montes,Presidente del Banco Central,debate,debate,El Presidente señor Rodrigo Vergara pregunta si el comportamiento de la economía china afecta solo al precio de los metales o también al de los alimentos.,,RPM-2012-04-17,4749,1,True,2012,154,26,False,False,11,False,resto_sin_señal,2012_13_mantiene
2008-12-11,3108,RPM-2008-12-11:2237:4,José De Gregorio Rebeco,Presidente del Banco Central,opciones_tpm,opciones_tpm,El Presidente señor José De Gregorio ofrece la palabra al Gerente de División Estudios señor Pablo García para que presente las Opciones de Política Monetaria para esta Reunión.,,RPM-2008-12-11,2237,4,True,2008,177,28,False,False,11,True,autoridad_señal,2008_crisis_alza
2014-05-15,8476,RPM-2014-05-15:6212:1,Miguel Fuentes Díaz,Gerente de Análisis Macroeconómico,mercados_financieros,mercados_financieros,"El señor Miguel Fuentes señala que dicha información está incorporada en las proyecciones, y precisa que este indicador no tiene una buena capacidad predictiva tratándose del sector construcción. El señor Miguel Fuentes menciona que en términos nominales, las colocaciones de consumo mantienen su ritmo crecimiento, las hipotecarias exhiben una leve aceleración, las colocaciones a empresas registraron una desaceleración relevante, y las de comercio exterior presentan tasas de crecimiento negativas. Agrega que las tasas benchmark de la economía se mantienen bajas, pero no continuaron cayendo respecto de la RPM previa, en un contexto en que las expectativas de crecimiento para los próximos dos años, medidas por la Encuesta de Expectativas Económicas, volvieron a ajustarse a la baja por el menor crecimiento esperado para este año. Por otra parte, destaca que el tipo de cambio se apreció 1% desde la RPM anterior, en línea con lo que sugieren los fundamentos, esto es, el diferencial de tasas, la depreciación multilateral del dólar y los movimientos del precio del cobre. Con ello, el tipo de cambio real se ubicó en 96,9 al cierre de este Informe. Hace presente que los salarios nominales volvieron a crecer por sobre los valores registrados en el mes de marzo de 2013, en un contexto en que el crecimiento de la economía es significativamente menor que un año atrás. Añade que estos incrementos se observan en todos los sectores y que todas las medidas de salarios nominales exhiben en la actualidad crecimientos superiores a los promedios históricos. En materia de inflación, manifiesta que el IPC del mes de abril registró una variación muy superior a la esperada internamente, debido a las sorpresas provenientes principalmente de los ítems core, tanto en bienes como servicios. Con respecto al comportamiento de la inflación en el primer cuatrimestre del año, precisa que frente a lo proyectado, la sorpresa alcanzó a 0,87 puntos porcentuales, 0,47 de los cuales se concentraron en los ítems de servicios que tienen una alta correlación con el crecimiento de los salarios, que a su vez han mostrado una resiliencia mayor que lo anticipado dado el estado del ciclo actual. Agrega que en la proyección de corto plazo, la inflación de servicios no cede. Manifiesta que para efectos de tener una mirada detallada sobre la inflación de servicios, se dividió en tres grupos: los servicios asociados a educación y salud; los servicios ligados a salarios; y los servicios resto, que comprenden los servicios de alimentación, transporte y arriendo, y tarifas de agua. Hace notar que la inflación efectiva de los dos primeros grupos fue algo mayor que lo proyectado internamente, pero no explica el grueso de la sorpresa; mientras que el grupo de los servicios resto exhibió una tasa de crecimiento del orden del 2% en el cuatrimestre, frente a una variación del orden del 0,5% el año pasado y una proyección interna cercana a 0%, porque se estimó que la desaceleración esperada de la actividad se traduciría en una desaceleración de esos sectores. Destaca que el sector transporte, que incluye el trasporte interurbano, taxis colectivos, tarifas de pasajes aéreos y servicios que podrían registrar alzas significativas asociadas al tipo de cambio, como los combustibles, sorprendió al alza de manera muy significativa frente a lo proyectado; los servicios de alimentación también tuvieron una incidencia importante en el error de la proyección; y los arriendos y las tarifas de agua, si bien no constituyeron una mayor sorpresa en el mes de abril, se han acelerado respecto de lo observado el año pasado y también frente a lo anticipado previamente. En síntesis, expresa que el tipo de cambio, la indexación y los salarios explican mayormente las subestimaciones de la inflación. En relación con el transporte, agrega que luego de la estacionalidad del verano, en el mes de marzo las tarifas no disminuyeron acorde con lo anticipado, en parte, por la notoria alza de los combustibles a fines del año pasado.",,RPM-2014-05-15,6212,1,True,2014,4012,648,False,False,11,True,staff_señal,2013_14_bajas
2013-07-11,7777,RPM-2013-07-11:5641:1,Sergio Lehmann Beresi,Gerente de Análisis Internacional,acuerdo_comunicado,acuerdo_comunicado,"El señor Sergio Lehmann acota que podrían generarse presiones sociales que complicarían la gestión del gobierno, constituyendo ciertamente un riesgo adicional. El señor Sergio Lehmann hace mención a los hechos destacados en materia de mercados financieros. En primer término, indica que las condiciones financieras internacionales mostraron un comportamiento mixto, con leves mejoras en Estados Unidos de América; algunos deterioros en la Zona Euro, a raíz de las tensiones en Portugal, Italia y España; como asimismo, retrocesos en los mercados emergentes. En segundo lugar, comenta que han aumentado las tasas de interés de largo plazo en Estados Unidos de América ante señales de moderación del programa de relajamiento cuantitativo previsto para el último trimestre de este año. Agrega que si bien las señales entregadas por el Presidente de la FED el día de ayer contribuyeron a frenar esta alza, se advierte un incremento importante de la tasa de interés en los últimos 30 días, especialmente, tras el informe de empleo que se dio a conocer hace algunos días, cuya lectura bastante más positiva ha contribuido a reafirmar el retiro de dicho programa en los últimos cuatro meses del año. Además, destaca que el dólar estadounidense se apreció de forma generalizada en el último mes. Por otra parte, advierte que las tensiones en el mercado interbancario chino generaron turbulencias, las que se mitigaron al anunciarse la ayuda de liquidez requerida. Asimismo, ha continuado la salida de capitales desde economías emergentes, mientras que en las economías desarrolladas disminuye la tenencia de bonos por parte de no residentes. En otros términos, ante el riesgo de aumentos de tasas de interés y caídas en el precio de bonos, los portafolios de inversiones han reducido sus tenencias en estos títulos. En materia de política monetaria, hace presente que el Banco Central Europeo, el Banco de Inglaterra, el Banco de Reserva de Australia y los bancos centrales de Suecia, Noruega y Suiza, han mantenido sus respectivas tasas rectoras. Resalta, sin embargo, que el Banco Central Europeo y el nuevo Gobernador del Banco de Inglaterra han señalado que las tasas de interés permanecerían en su nivel actual o incluso menor por un tiempo prolongado. Por último, consigna que Perú y Brasil aplicaron medidas tendientes a contener la depreciación de sus monedas. A continuación, el señor Sergio Lehmann exhibe el heat map financiero que se contiene en la lámina N° 5 de la presentación, que permite visualizar el comportamiento de los mercados financieros en materia bursátil; volatilidad; tasas de interés a 10 años; como asimismo, spreads y CDS spreads respecto del promedio correspondiente al período comprendido entre el mes de abril de 2003 y el mes de julio del año en curso. Destaca que los mercados bursátiles exhiben movimientos a la baja, no así las bolsas de valores de Estados Unidos de América y Alemania, en que se mantienen desempeños positivos. Agrega que las volatilidades han tendido a aumentar durante los últimos 30 días, lo mismo que los spreads soberanos, en particular, en Asia, Europa y América Latina, y también los CDS en Italia y Japón. Por último, comenta que de acuerdo con los indicadores que construye la FED de Saint Louis para Estados Unidos de América y Europa, las condiciones financieras han tendido a moderarse en el último mes, mientras que los premios por riesgo han experimentado incrementos y disminuido los precios en las bolsas de valores. Al proseguir con su presentación, manifiesta que los CDS soberanos han exhibido ciertos vaivenes durante el mismo periodo y en este aspecto, precisa que en las economías desarrolladas han sido bastante acotados, en circunstancias que en Brasil fueron superiores a los registrados algunas semanas atrás y que un comportamiento similar se ha observado en algunas otras economías como es el caso de Portugal. Asimismo, según los últimos datos, estos instrumentos tuvieron una ligera reversión en algunas economías a propósito de la señal algo más tranquilizadora que entregó el Presidente de la FED en el día de ayer, lo mismo que en China, debido a las expectativas sobre la adopción de alguna medida de estímulo por parte de las autoridades de ese país. Añade que, en tanto, los CDS bancarios han subido de manera acotada. En relación con los mercados bursátiles, destaca especialmente el repunte de la bolsa japonesa y el leve incremento registrado en Estados Unidos de América. Las economías emergentes han experimentado nuevos retrocesos, en especial, en Brasil y China, aunque en este último país con una reversión en el margen, a propósito de señales más optimistas en lo referente a la adopción de las medidas citadas. Por último, indica que la bolsa chilena presenta un retroceso significativo. En materia de tasas de interés, exhibe las gráficas que se contienen en la lámina N° 9 de la presentación, que muestran las trayectorias de las curvas de rendimiento de Estados Unidos de América y Alemania a distintos plazos, correspondientes al promedio del período comprendido entre los años 2000 y 2007; al 30 de abril de este año, fecha en que surgieron señales sobre una moderación de la política monetaria en Estados Unidos de América; y al 8 de julio último. Hace notar que en el tramo largo de esta última curva, es decir, de dos a treinta años, se observan incrementos relativamente importantes desde el mes de abril último, cercanos a 50 puntos base, en relación al tramo corto de 3 meses a dos años que prácticamente no registra movimientos, dando cuenta que de acuerdo con las expectativas del mercado, la tasa de política monetaria, TPM, permanecería inalterada hasta fines del año 2014 o comienzos del año 2015. Añade que en Alemania acontece un fenómeno similar, en el sentido que también se ha movido el tramo largo de su curva. En materia de flujos de capitales, indica que ha continuado su egreso desde todas las regiones y, en este sentido, precisa que en las economías emergentes se observa que se mantiene el nivel en materia de bonos y que se modera en lo correspondiente a acciones, mientras que en las economías desarrolladas se han atenuado las salidas de capitales de parte de personas no residentes, quienes han incrementado las posiciones en renta variable y disminuido aquellas en renta fija.",,RPM-2013-07-11,5641,1,True,2013,6303,1028,False,False,12,True,staff_señal,2012_13_mantiene
2007-10-11,2012,RPM-2007-10-11:1519:1,Vittorio Corbo Lioi,Presidente del Banco Central,acuerdo_comunicado,acuerdo_comunicado,"El Presidente señor Vittorio Corbo señala que desde la última Reunión se han tenido noticias importantes tanto en el frente externo como en el interno, que apuntan a un escenario distinto al del último IPoM. En el frente externo, las acciones tomadas por los bancos centrales de los países industriales han permitido reducir los problemas de liquidez y de estrechez crediticia que experimentaban sus mercados monetarios y crediticios. Sin embargo, le parece que las condiciones financieras son igual ahora, menos favorables de lo que eran en la primera quincena de julio. Además, persiste la incertidumbre sobre los efectos finales que se terminará teniendo en el sistema financiero y en la actividad económica de Estados Unidos de América y en el resto de los países industriales. Agrega que en paralelo, se comienza a internalizar en las proyecciones que este ajuste tendrá un impacto negativo en el crecimiento de Estados Unidos de América, del resto de los países industriales y de los países emergentes y, los riesgos de estas proyecciones son marcadamente a la baja. En contraste, a pesar de las proyecciones de menor crecimiento, los precios de los productos primarios se mantienen altos. Comenta también el señor Presidente que en cuanto a paridades cambiarias, el dólar ha continuado su depreciación con respecto a las principales monedas. El Presidente señor Corbo señala que otro desarrollo importante del último mes, es el aumento en los flujos de capitales hacia los mercados accionarios de los países emergentes y la asociada alza en los precios de sus acciones. Agrega el Presidente señor Corbo que en el frente interno, el crecimiento del producto se desacelera más allá de los sectores de recursos naturales, alcanzando también a la industria. Por el lado de la demanda interna se mantiene el dinamismo de la inversión y el del consumo se reduce algo en el margen. Como resultado, el crecimiento estimado para el tercer trimestre se revisa a la baja en más de un punto porcentual con respecto al proyectado en el último IPoM. Indica el señor Presidente que la principal noticia en el frente interno sigue siendo una inflación que nuevamente supera a la proyectada. A su juicio, la principal causa siguen siendo shocks inesperados y más persistentes en precios de alimentos, especialmente de perecibles. Además, las distintas medidas de tendencia inflacionaria siguieron aumentando. Señala que por el lado de los costos, los laborales estabilizaron su tasa de crecimiento y el peso se apreció con respecto al dólar, más allá de la caída en su valor en los mercados internacionales. De otra parte, las expectativas de inflación de mediano y largo plazo se mantienen ancladas en torno al 3% anual, coherentes con un aumento transitorio de la inflación. Indica el señor Presidente que con este cuadro, decidir el curso de la política monetaria no resulta fácil y concuerda con la Minuta de la Gerencia de División Estudios que las opciones a que se enfrentan hoy son subir la tasa en 25 puntos base o mantenerla. Señala que los argumentos a favor de subirla siguen siendo los altos registros de inflación de los últimos meses, por la inusual persistencia que han mostrado los shocks de oferta y los riesgos que esto conlleva para la inflación proyectada por eventuales efectos de segunda vuelta en otros precios de bienes y servicios, salarios y expectativas de inflación de largo plazo del sector privado. Señala el señor Presidente que se agrega ahora que esta vez la inflación sin alimentos y combustibles también experimentó una importante alza. En estas circunstancias, el principal activo con que se cuenta, expectativas de inflación de mediano y largo plazo ancladas en torno al 3% anual, es también el principal riesgo, es decir que las expectativas comiencen a alejarse en forma persistente de ese 3%. Agrega que para controlar este riesgo habría que volver a subir la Tasa de Política Monetaria en 25 puntos base. Sin embargo, señala el señor Presidente que también existen argumentos para mantenerla. La reciente apreciación del peso y la ampliación de las brechas de capacidad deberían contribuir a reducir las presiones inflacionarias hacia adelante. Además, la sorpresa inflacionaria de los últimos meses por sus efectos en el ingreso disponible debería también contribuir a moderar el crecimiento de la demanda y a reducir las presiones inflacionarias. De otra parte, existe el riesgo destacado en la versión reciente del WEO, que la desaceleración de la economía mundial se profundice con efectos negativos en el dinamismo de la actividad interna, en el precio de los productos primarios, incluidos los alimentos y en las tasas de interés de los países industriales. En consecuencia, ponderando estas dos opciones, cree también que en esta ocasión lo apropiado es mantener la Tasa de Política Monetaria a la espera de acumular más antecedentes para poder calibrar las proyecciones de inflación para el horizonte de política. Estima eso sí, que el Comunicado debería destacar la preocupación del Banco Central de Chile, por los eventuales efectos del salto observado en la inflación a otros precios, salarios y expectativas de inflación. Por lo anterior su voto es por mantener la Tasa de Política Monetaria en 5,75% anual.",,RPM-2007-10-11,1519,1,True,2007,5251,851,False,False,12,True,autoridad_señal,2007_mixto
2012-11-13,7274,RPM-2012-11-13:5215:1,Sebastián Claro Edwards,Consejero,acuerdo_comunicado,acuerdo_comunicado,"El Consejero señor Sebastián Claro inicia su intervención manifestando que, a su juicio, los antecedentes en esta ocasión justifican nuevamente mantener la TPM en su nivel actual, como se propone en la Minuta de Opciones. En lo concerniente al ámbito externo, señala que los últimos antecedentes confirman, grosso modo, las proyecciones anticipadas en las principales economías. Destaca, en todo caso, algunas señales de debilidad en Europa, que dan cuenta de las dificultades por las cuales atraviesa la Zona Euro. A su juicio, este tema reviste especial importancia, porque abre espacio para que las tensiones financieras en esa región se agudicen en la medida que prosiga el deterioro económico. Plantea que, por ahora, las noticias no son del todo alentadoras, aunque tampoco se ha producido un retroceso concreto y material en las cifras. Hace presente que en Estados Unidos de América, la recuperación continúa su curso y que se mantiene vigente la discusión sobre los ajustes fiscales previstos para fines de este año. Manifiesta que si bien no se cuenta en este momento con antecedentes adicionales a los aportados en Reuniones anteriores, actualmente parecen ser menores los riesgos de un desenlace malo y de un ajuste fiscal extremadamente fuerte. En cuanto a China, destaca que las cifras no solo han mostrado mayor estabilidad en sus tasas de crecimiento, sino que existen señales de alguna leve mejora. En su opinión, estos datos deben analizarse con cautela, por cuanto su implicancia sobre la fuerza futura de la economía china todavía son difíciles de obtener, toda vez que la incertidumbre es alta y que otros indicadores, tales como los precios de las materias primas, han registrado una variación importante en el último tiempo. Con todo, concluye que el escenario externo no se visualiza muy diferente respecto de lo anticipado anteriormente, lo que para efectos de la economía chilena contribuye a impulsar la demanda interna y el crecimiento. En relación con el ámbito interno, considera que los antecedentes más importantes corresponden a que la demanda interna continúa más dinámica que lo anticipado, aunque existen efectos puntuales, como las importaciones de maquinarias y equipos, que llevan a una evaluación más ponderada de este fenómeno. A su vez, expresa que algo similar acontece también con la actividad, aunque en menor medida, y que esta diferencia explica la presión sobre la cuenta corriente, a lo cual el Consejo se ha referido anteriormente. En lo atinente a la inflación, señala que más allá de la sorpresa puntual del componente de alimentos, los registros siguen mostrando una inflación subyacente bastante contenida. Plantea que si bien parte de ello se explica por las cifras negativas en bienes transables que pueden estar influidas por la dinámica cambiaria, también es cierto que la inflación de servicios tampoco da muestras relevantes de presiones de costos y salarios. Concuerda, tal como se analizó en la parte de esta Sesión de Política Monetaria de esta mañana, se trata de un tema al que corresponde efectuar su seguimiento por parte del Banco por resultar fundamental su cabal comprensión. En su opinión, una alternativa es que se mantengan latentes las presiones inflacionarias con márgenes acotados, lo que sería coherente con los resultados que ha mostrado el sector corporativo en el último tiempo. Por otra parte, el dinamismo en el mercado laboral, junto con la caída en los registros de las horas promedio trabajadas, al menos tratándose del segmento de trabajadores asalariados, abre espacio para que algunas ganancias en productividad estén explicando el dinamismo de los salarios sin mayores presiones en la inflación. Si bien se trata de antecedentes preliminares, estima que constituye una pregunta muy relevante que permanece abierta. Con todo, estima que los antecedentes internos y externos reflejan que la economía chilena enfrenta condiciones externas que permanecen favorables en términos de intercambio y condiciones financieras internas que más allá del menor dinamismo acotado exhibido por el crédito, favorecen o apoyan una actividad de la demanda que puede mantenerse por un tiempo. A su juicio, se trata de un tema sobre el cual corresponde continuar su seguimiento. En razón de lo expuesto, el Consejero señor Sebastián Claro expresa que en esta oportunidad lo más adecuado es mantener la Tasa de Política Monetaria en 5% anual y el tenor del Comunicado.",,RPM-2012-11-13,5215,1,True,2012,4435,702,False,False,12,True,autoridad_señal,2012_13_mantiene
2006-10-12,1213,RPM-2006-10-12:919:1,Vittorio Corbo Lioi,Presidente del Banco Central,inflacion,inflacion,"El Presidente señor Vittorio Corbo, señala que aquí se presentan dos noticias,
una la inflación baja y la otra, proyecciones de que el precio del petróleo bajó.",,RPM-2006-10-12,919,1,True,2006,160,27,False,False,12,True,autoridad_señal,2006_alza_fin
2009-04-09,3516,RPM-2009-04-09:2497:1,Enrique Marshall Rivera,Consejero,acuerdo_comunicado,acuerdo_comunicado,"El Consejero señor Enrique Marshall agradece como de costumbre al staff por el apoyo brindado en esta ocasión. Indica que en la última Reunión de Política Monetaria, el Consejo efectuó un tercer ajuste sustancial de la Tasa de Política Monetaria, llevándola a acumular una rebaja de 600 puntos base en tres meses. Junto con ello, señaló que el Consejo estimó que podrían ser necesarias reducciones adicionales aunque de magnitud y frecuencia comparables a patrones históricos. El Consejero señor Marshall hace presente que en el transcurso de este mes, se ha reafirmado la adversidad del escenario macro, si bien han surgido noticias con distinto sello. En el frente externo, indica que entre las noticias que se han conocido destacan la evolución de los mercados financieros y, en particular, de los mercados bursátiles y de crédito, que han entregado algunas señales positivas; el alza bastante generalizada de los precios de las materias primas y, en particular, del precio del cobre; las acciones de política anunciadas recientemente por el Gobierno de los Estados Unidos y el G20, que si bien pueden ser consideradas como modestas e insuficientes, denotan una voluntad para superar la crisis mayor a la que se había conocido hasta ahora; y, los nuevos recortes en las proyecciones de crecimiento mundial, tanto para éste como para el próximo año, lo que tiene una lectura negativa, pero que bien pueden estar reflejando rezagos normales en el reconocimiento de los efectos de la crisis. Sin perjuicio de lo anterior, el Consejero señor Marshall señala que, con todo, los riesgos para el escenario mundial siguen siendo altos, destacando una preocupación muy importante referida a los sistemas financieros, ya que el riesgo de que se sigan observando deteneros en las instituciones financieras es alto. Por otra parte, en el frente interno, el Consejero señor Enrique Marshall precisa que las noticias confirman las tendencias visualizadas con anterioridad. Al respecto, menciona que las condiciones crediticias permanecen restrictivas, especialmente comparadas con las prevalecientes hasta septiembre pasado, pero que ello no ha sido óbice para que las rebajas en la TPM se hayan traspasado a los clientes del sistema financiero. Señala también que la demanda por crédito ha perdido dinamismo, principalmente en el segmento de los hogares. El inicio de un ciclo descendente ha llevado a este segmento a revisar sus niveles de endeudamiento. El Consejero señor Marshall agrega que las tasas largas han observado alzas, lo que puede estar reflejando cierta normalización de la actividad en los mercados crediticios y, en particular, en el mercado de bonos corporativos, pero advierte que este desarrollo debe ser monitoreado con atención hacia delante. Respecto del tipo de cambio, el Consejero señor Marshall señala que se ha apreciado, pero que se mantiene en niveles próximos a sus promedios históricos. Agrega que lo más importante, en todo caso, es que su comportamiento se advierte como normal. En relación con la demanda y la actividad, el Consejero señor Marshall señala que siguen mostrado bastante debilidad, explicada principalmente por el flojo comportamiento de los sectores o componentes sensibles al ciclo y a la evolución del crédito, y por ello, en su opinión, el crecimiento de este año se ubicaría bastante por debajo del anticipado en enero pasado. Respecto del mercado laboral, el Consejero señor Marshall menciona que refleja los efectos de un cuadro macro adverso. El nivel de empleo se contrae y la tasa de desempleo se muestra al alza. Agrega el Consejero señor Marshall que cifras del último mes confirman la tendencia descendente de la inflación, lo que se verifica tanto para el IPC como para las medidas subyacentes, e indica que los salarios también se han sumado a esta tendencia a la moderación. Con ello, señala, se reafirma la perspectiva de una rápida caída de la inflación en los próximos meses, lo que está recogido por las expectativas de mercado. Continuando con su votación, el Consejero señor Marshall señala que el mercado anticipa nuevos recortes en la TPM hasta llegar a niveles del orden de 1,5% a mediados de año; y que para esta Reunión, se espera mayoritariamente una rebaja de 50 puntos base. En suma, el Consejero señor Marshall señala que más allá de algunas señales positivas que no imprimen tendencia, el cuadro macro sigue marcado por la severidad de la crisis financiera global, la debilidad de la actividad interna, y por la pronunciada declinación de la inflación. Por ello, considerando que los fundamentos internos son sólidos y que no existen restricciones de política relevantes, lo que procede en este caso es volver a recortar la tasa de interés. El Consejero señor Marshall señala que en la perspectiva descrita, las opciones sometidas a la consideración de este Consejo le parecen razonables aunque se inclina por una rebaja de 50 puntos base. Al respecto, precisa que un recorte de un cuarto de punto porcentual resulta tímido, considerando las acciones de política ya adoptadas y el escenario que seguimos enfrentando. Adicionalmente, en su opinión, dicha alternativa podría entregar la señal de que el ciclo de relajamiento estaría concluyendo, lo que no le parece correcto, ya que por el momento, no se cuenta con suficientes elementos de juicio para señalar el nivel al cual debería converger la TPM y, por tanto, ello debería quedar bastante abierto, ya que no se puede descartar que la Tasa llegue finalmente a un nivel inferior al que espera actualmente el mercado. Por otra parte, señala que la decisión debe ser congruente con lo señalado en nuestro último comunicado, en el sentido que la magnitud de los eventuales nuevos recortes se ajustaría a patrones históricos, lo que fija un cierto límite al recorte de esta Reunión, que en su opinión estaría más cerca de los 50 que de los 75 puntos base. Asimismo, el Consejero señor Marshall señala que a lo anterior, agregaría que no visualiza ninguna razón poderosa para sorprender al mercado, que espera una rebaja de medio punto porcentual, y que el recorte sugerido permite mantener el sesgo a la baja, lo que le parece necesario en el actual cuadro. En consecuencia, el Consejero señor Enrique Marshall señala que su voto es por bajar la Tasa de Política Monetaria en 50 puntos base hasta 1,75%.",,RPM-2009-04-09,2497,1,True,2009,6324,1027,False,False,12,True,autoridad_señal,2009_bajas
2008-07-10,2709,RPM-2008-07-10:1953:1,Manuel Marfán Lewis,Consejero,mercado_laboral,mercado_laboral,"El Consejero señor Manuel Marfán comenta que para efectos del ejercicio sobre la inflación en 12 meses de frutas y verduras, en octubre pasado, si subieron 20% en ese periodo, lo que se debería esperar que si se corrige 100% el precio relativo, lo que sería un supuesto extremo, debería ser 20% menos la inflación de todo lo demás, o sea debería corregirse un 13% hacia la baja, y en vez de corregirse 13% la inflación en doce meses sería cero, suponiendo que convergen en su precio relativo histórico. Indica el Consejero señor Marfán que lo que quiere señalar con este comentario, es que existe un riesgo por menor inflación si efectivamente se obtiene una buena cosecha de perecibles en el momento que se presente el impacto de los mayores precios del transporte, en los márgenes de supermercados y otros.",,RPM-2008-07-10,1953,1,True,2008,808,140,False,False,12,True,autoridad_señal,2008_crisis_alza
2014-09-11,8705,RPM-2014-09-11:6397:1,Sergio Lehmann Beresi,Gerente de Análisis Internacional,escenario_internacional,escenario_internacional,"El señor Sergio Lehmann manifiesta que la visión sobre China es de una desaceleración controlada y que, efectivamente, se menciona la posibilidad de anuncios de estímulo tendientes a moderar la desaceleración de esa economía. El señor Sergio Lehmann retoma su presentación e indica que, en lo más reciente, se ha observado un retroceso en el precio del cobre, en línea con lo consignado en el último Informe de Política Monetaria, IPoM, esto es, con una desaceleración de China para estos trimestres. Asimismo, plantea que los precios de los metales han tenido un comportamiento más bien heterogéneo. En efecto, el precio del cobre exhibe una ligera caída, pero los del aluminio y zinc exhiben alzas. Añade que el precio del hierro presentó un aumento muy relevante entre los años 2007 y mediados del 2010 o 2011, y luego una caída muy pronunciada, dando cuenta de la desaceleración de China. Los precios agrícolas, en tanto, mostraron una caída generalizada en el último mes, en particular el precio de la soya; y que el precio de los alimentos ha experimentado un retroceso muy importante, explicado principalmente por el precio de lácteos, cereales y aceites, y se sitúan en niveles muy similares a los observados en el período 2010-2011. Con respecto al precio de los combustibles, hace notar que las trayectorias están algo por debajo de las observadas un mes atrás, debido a una caída significativa durante el último mes, en torno a 5%. Añade que la gasolina anotó una ligera alza durante la última semana, pero tendería a revertirse debido a factores estacionales, esto es, por el término de la época estival en el hemisferio norte. Por último, comenta que el precio del gas exhibe una tendencia a la baja, en línea con la percepción de abundancia a nivel global. Al finalizar su presentación, el señor Sergio Lehmann sintetiza los antecedentes expuestos precedentemente. En primer término, señala que las condiciones financieras internacionales exhibieron mejoras durante el último mes; que el mayor estímulo monetario en Europa y las mejores perspectivas para Estados Unidos de América han impulsado los mercados; y que el dólar estadounidense se apreció y los premios por riesgos retrocedieron. Agrega que en Europa, los datos de actividad dan cuenta de un estancamiento, mientras que las perspectivas para Estados Unidos de América reafirman su recuperación; Japón pierde fuerza; China exhibe una desaceleración controlada; y en América Latina, destaca la desaceleración mayor que la prevista en Perú, mejores señales en el margen para México y que Brasil continúa dando señales de mayor debilidad. Por último, indica que el precio del petróleo cayó, el de la gasolina mostró estabilidad, y el del cobre y alimentos exhibieron movimientos a la baja. Lo expresado, bastante en línea con lo consignado recientemente en el IPoM del mes de septiembre.",,RPM-2014-09-11,6397,1,True,2014,2858,462,False,False,12,True,staff_señal,2013_14_bajas
2011-05-12,5832,RPM-2011-05-12:4045:1,Beltrán de Ramón Acevedo,Gerente de División Operaciones Financieras,mercado_laboral,mercado_laboral,"El Gerente de División Operaciones Financieras señor Beltrán de Ramón indica que las opciones planteadas por la Gerencia de División Estudios, de un alza de la TPM de 25 o de 50 puntos base, son plenamente consistentes con la dinámica macro de la economía chilena. En su opinión, la decisión de subir la TPM en 25 o 50 puntos base en esta Reunión es de segundo orden de importancia, por cuanto hay una condición previa que es fundamental, que consiste en comunicar a la opinión pública, a los agentes y al mercado, que la tasa rectora de llegada está aún más arriba y que es cercana a 6%. Plantea que ello se logra, básicamente, cerrando la posibilidad de hacer pausas en las próximas Reuniones, manteniendo el sesgo alcista. Incluso, señala que si en esta ocasión se opta por aumentar la TPM en 50 puntos base, se debe comunicar claramente que en los próximos meses, dadas las condiciones de la economía chilena, los aumentos van a ser de 25 puntos base y que no habrá pausas. Asimismo, expresa que existe un riesgo de que la TPM de equilibrio sea mayor que 6%. Sobre el particular, piensa que todo lo que se ha ganado en reducir la inflación esperada, se debe principalmente a que el Consejo ha señalado una meta o tasa de llegada clara en las últimas Reuniones, que el mercado interpreta que está en torno al 6%. Aún más, comenta que el informe del Gerente de Estrategia y Comunicación de Política Monetaria señor Enrique Orellana — presentado el día anterior— alude a un rango, pero bastante centrado en un 6%. Expresa, además, que si se estimara con posterioridad a esta Reunión que dicha meta ha cambiado, siendo menor, es posible que parte de lo ganado se revierta y se vuelvan a tener compensaciones inflacionarias más altas. Con ello, es de opinión que la discusión de la tasa neutral debe referirse, más que a la tasa neutral en sí misma o como un ejercicio teórico, a la tasa requerida para llegar al equilibrio en la situación actual, considerando un desempleo que es igual o menor a la NAIRU, un PIB creciendo sobre el potencial y brechas de capacidad que, como lo ha ilustrado la Gerencia de Estudios, o están cerradas o, incluso, son negativas hoy día. En consecuencia, reitera que la pregunta, más que la tasa neutral de largo plazo, es que la TPM permite llegar al equilibrio de la demanda agregada, considerando que, para el primer trimestre, la proyección de la Gerencia de División Estudios es que crecerá poco menos de 13% y que lo hará a 7% en el segundo, cifras que están sobre la tasa de tendencia. Plantea que se podría pensar que, quizás, los sesgos son al alza y que la tasa de llegada no sea 6%, sino que 6,5% o mayor aún. Finalmente, insiste que, a su juicio, lo más relevante a enfatizar es la tasa de llegada más que la decisión de un alza de 25 o 50 puntos base en esta Reunión.",,RPM-2011-05-12,4045,1,True,2011,2810,508,False,False,12,True,staff_señal,2011_alza
2009-05-07,3613,RPM-2009-05-07:2550:1,Consejo del Banco Central de Chile,Consejo,acuerdo_comunicado,acuerdo_comunicado,"138-01-090507 - Tasa de Política Monetaria. En consecuencia, el Consejo aprobó por la unanimidad de sus miembros, rebajar la Tasa de Política Monetaria en 50 puntos base hasta 1,25% anual. Comunicado “En su reunión mensual de política monetaria, el Consejo del Banco Central de Chile acordó reducir la tasa de interés de política monetaria en 50 puntos base, hasta 1,25% anual. En el ámbito externo, algunos datos recientes sugieren que las perspectivas de crecimiento global para este año han tendido a estabilizarse. Aunque la incertidumbre persiste, las bolsas han repuntado y los precios de los productos básicos, en particular del cobre y del petróleo, han aumentado. En el plano interno, la información disponible para la actividad del primer trimestre de este año sigue mostrando tasas de variación interanual negativas, explicadas fundamentalmente por la fuerte caída observada a fines del año 2008. El desempleo ha aumentado. Las condiciones crediticias se mantienen estrechas, pero están reflejando el impacto del mayor estímulo monetario. En abril, el conjunto de indicadores de inflación mostró reducidas presiones inflacionarias. La dinámica salarial sigue ajustada a patrones históricos. Se prevén bajos registros de inflación anual en los próximos trimestres, mientras que las expectativas de inflación de mediano plazo se mantienen estables. El Consejo no descarta que sea necesario reducir nuevamente la TPM. Con ello, reafirma su compromiso de conducir la política monetaria de manera que la inflación proyectada se ubique en 3% en el horizonte de política.”",,RPM-2009-05-07,2550,1,True,2009,1576,239,False,False,12,True,autoridad_señal,2009_bajas
2015-02-12,8995,RPM-2015-02-12:6624:1,Rodrigo Vergara Montes,Presidente del Banco Central,escenario_internacional,escenario_internacional,"El Presidente señor Rodrigo Vergara señala que el escenario internacional y la actividad se encuentran dentro de los rangos contemplados en el último IPoM, con noticias positivas por el lado de la economía norteamericana y una revisión de la actividad interna del primer trimestre marginalmente al alza; y que se consolida el diagnóstico de una actividad que deja de caer. Manifiesta su preocupación por una convergencia de la inflación al interior del rango meta que se ha aplazado más allá de lo previsto. A su juicio, la discusión debería centrarse en la inflación, profundizando sobre algunas interrogantes que han surgido del análisis presentado en esta Reunión, como el impacto cambiario, la medición de brecha o cambios en el mercado laboral y su efecto sobre la evolución de la inflación.",,RPM-2015-02-12,6624,1,True,2015,796,129,False,False,12,True,autoridad_señal,2015_quiebre
2013-02-14,7489,RPM-2013-02-14:5393:1,Enrique Marshall Rivera,Consejero,acuerdo_comunicado,acuerdo_comunicado,"El Consejero señor Enrique Marshall inicia su intervención agradeciendo al staff por el apoyo proporcionado en esta Reunión de Política Monetaria y manifiesta que el panorama para la economía chilena no ha cambiado sustancialmente en el curso del último mes. En lo concerniente al frente externo, indica que los mercados financieros mantienen una relativa tranquilidad; que los desarrollos políticos en España e Italia han generado un leve aumento de la volatilidad, aunque sus efectos han permanecido acotados. Las perspectivas de un moderado crecimiento mundial se mantienen sin variaciones significativas, lo que restringe o limita lo que se puede esperar hacia adelante. Con todo, destaca que el comportamiento de las economías emergentes, aunque con variantes y fluctuaciones, permanece bastante sólido, lo que contribuye a sustentar un relativo optimismo en los mercados y los buenos precios de las materias primas. Agrega que los riesgos para el escenario global, identificados en los informes previos siguen presentes, pero que la probabilidad de que se desencadenen cuadros extremos ha disminuido en forma apreciable. En todo caso, enfatiza que el principal factor de preocupación sigue siendo el desarrollo de la crisis de la Zona Euro. Una vez ponderados todos estos elementos, se concluye que las condiciones externas siguen siendo en lo fundamental favorables para la economía chilena. En lo que concerniente al frente interno, destaca que la actividad y la demanda continúan observando bastante dinamismo. En este sentido, precisa que la desaceleración es lenta y que la economía sigue creciendo levemente por sobre su tendencia. Añade que el consumo muestra vigor, impulsado por el empleo, las remuneraciones y la confianza de los hogares, y que por su parte, la inversión encuentra sustento en perspectivas auspiciosas en varios sectores de actividad y en el buen nivel de la confianza empresarial. Asimismo, las condiciones financieras internas no han experimentado cambios relevantes y siguen denotando prudencia de parte del sistema financiero, lo que se refleja en la evolución del crédito. En ese sentido, plantea que la desaceleración de los créditos de consumo es particularmente llamativa. Por otra parte, resalta que la inflación continúa mostrando registros anuales bastante bajos. Con todo, advierte que los riesgos en esta materia no han desaparecido del horizonte de política y que lo más probable es que las cifras se normalicen en los próximos meses. En su opinión, esta apreciación sobre la trayectoria futura de la inflación se funda en que la economía continúa mostrando vigor, en un contexto donde las holguras de capacidad son estrechas o simplemente nulas. Por último, comenta que las expectativas del mercado, coincidentes con esta visión, apuntan a una convergencia de la inflación anual al 3% en horizontes de uno y dos años. El Consejero señor Enrique Marshall manifiesta que con estos antecedentes, la opción de política monetaria que predomina ampliamente es la de mantener la tasa y que, en tal sentido, coincide con lo manifestado en la minuta de la Gerencia de División Estudios. Menciona que el mercado espera generalizadamente que se mantenga la tasa rectora para esta Reunión y que la mayoría de los analistas no vislumbran alzas antes de fines año. Agrega que el balance de riesgos permanece en general equilibrado y que, por tanto, resulta difícil plantear una opción de política distinta de la mencionada. Sin embargo, expresa que el peso relativo de los distintos factores de riesgos identificados hasta ahora ha tendido a cambiar. En su opinión, los riesgos internos han adquirido mayor relevancia, por lo menos para el corto plazo. En estas circunstancias, considera que ni un alza ni una baja de la tasa de interés resultan razonables, teniendo en cuenta, entre otros elementos, que la TPM se ubica en un rango perfectamente normal y que es relativamente alta comparada con las vigentes en las economías desarrolladas. Por lo tanto, lo que corresponde es perseverar en la misma línea seguida en meses anteriores. En todo caso, deja constancia que la complejidad del actual escenario exige mantenerse atentos a la posibilidad de que surjan elementos que recomienden nuevos cursos de política. En virtud de lo expuesto, el Consejero señor Enrique Marshall expresa que su voto es por mantener la Tasa de Política Monetaria en su actual nivel de 5% anual y por no introducir cambios en el tenor del Comunicado.",,RPM-2013-02-14,5393,1,True,2013,4462,705,False,False,12,True,autoridad_señal,2012_13_mantiene
2015-02-12,8991,RPM-2015-02-12:6620:1,Sebastián Claro Edwards,Consejero,mercados_financieros,mercados_financieros,"El Consejero señor Sebastián Claro comparte el análisis presentado en materia de actividad y que apunta a la mantención del escenario proyectado en el último IPoM. Destaca como un elemento positivo que los últimos datos confirmarían que el mayor deterioro de la actividad, observado mes a mes desde el segundo semestre de 2014, se ha detenido, tal como se venía anticipando en Reuniones previas. Indica, además, que los últimos datos de empleo y de salarios han afianzado la discusión sobre brecha de actividad y estrechez del mercado laboral. En esa línea, considera relevante profundizar la discusión en cuanto a que si el impacto cambiario se asocia a una depreciación mayor que la prevista del tipo de cambio o a un coeficiente de traspaso mayor, opción que a su juicio es más probable dado el escenario global y los patrones históricos.",,RPM-2015-02-12,6620,1,True,2015,841,140,False,False,12,True,autoridad_señal,2015_quiebre
2012-06-14,6894,RPM-2012-06-14:4897:1,Manuel Marfán Lewis,Vicepresidente del Banco Central,opciones_tpm,opciones_tpm,"El Vicepresidente señor Manuel Marfán inicia su intervención agradeciendo el análisis del staff, que en esta oportunidad se ha beneficiado con la cercanía del próximo IPoM, e indica que también hace suya la lista de antecedentes nuevos respecto de la Reunión de Política Monetaria anterior, contenidos al inicio de la Minuta de Opciones, a lo cual agrega los siguientes comentarios. Respecto de la economía internacional, señala que lo más preocupante es que ha aumentado la probabilidad de una salida desordenada a la crisis del euro. En este sentido, recalca que el riesgo soberano de España ha llegado a su máximo en días recientes y que el paquete de ayuda para la banca no da cuenta de los riesgos fiscales que todavía están presentes. Asimismo, plantea que Italia, que es un país que no tiene grados de libertad fiscales para poder enfrentar problemas en su banca, ha estado siguiendo a España y que la correlación es hoy día cercana a uno con esa economía. Enfatiza que el problema radica en que Italia es el país que tiene la deuda pública más alta de la Zona Euro y que uno de sus principales acreedores son los bancos franceses, con lo cual un eventual contagio a Italia necesariamente llevará consigo el contagio de Francia si es que no son detenidos antes. En este contexto, manifiesta que si se diera este escenario, existe la duda en cuanto a que las economías más fuertes de la Zona podrían sostener la estabilidad de su sistema de pagos. Agrega que la evidencia reciente muestra que el spread soberano de Alemania ha estado exhibiendo mayor volatilidad y que esa volatilidad se encuentra también altamente correlacionada con la de sus socios de la periferia y con la de Francia. En su opinión, ello apunta a que está latente un problema sistémico, que podría desencadenarse. Reitera que el expuesto es un escenario cuya probabilidad ha aumentado y que si bien no es el más probable, resulta lo suficientemente catastrófico como para tener repercusiones más allá de la Zona Euro. Hace notar que así lo refleja, por lo demás, el comportamiento de una serie de otras economías fuera de esa región. En lo referente a la economía nacional, el Vicepresidente señor Manuel Marfán subraya que quizás como nunca se encuentra ubicada en lo que podría llamarse un equilibrio estacionario, con las brechas cerradas, pleno empleo, inflación en torno a la meta y la demanda creciendo en torno a su tendencia de largo plazo. Resalta que ello contrasta evidentemente con los riesgos que existen en el resto del mundo. Añade que la política fiscal ha mantenido su apego a la regla fiscal, lo cual le parece altamente conveniente. Sin embargo, a su juicio, el sector privado no aparece otorgando importancia o reaccionando frente a la gravedad de los acontecimientos que ocurren en Europa. Por otra parte, el señor Manuel Marfán destaca que la inflación reciente ha estado dando cuenta de sorpresas a la baja por el comportamiento de los precios de combustibles y alimentos principalmente. Al respecto, recalca que así como en otras oportunidades se ha comentado, cuando estas mismas sorpresas son en la otra dirección no necesariamente afectan la convergencia a la meta inflacionaria en el horizonte habitual de política, en tanto sean efectos que se producen por una sola vez. De este modo, manifiesta que la Encuesta de Expectativas Económicas, que constituye principalmente la opinión de los analistas, predice una mantención de la TPM durante los próximos meses. En su opinión, ello está reflejando, en mayor medida, lo que puede ser un escenario futuro más probable. Agrega a todo lo anterior, que se han disipado los riesgos al alza de la actividad interna, señalados en el IPoM del mes de marzo. En mérito de los fundamentos expuestos, el Vicepresidente señor Manuel Marfán declara compartir la opinión del staff en cuanto a que, en esta oportunidad, la decisión correcta es la de mantener la TPM en su nivel actual del 5% anual, con un sesgo neutral para las próximas decisiones.",,RPM-2012-06-14,4897,1,True,2012,3986,669,False,False,12,True,autoridad_señal,2012_13_mantiene
2010-11-16,5279,RPM-2010-11-16:3569:1,Enrique Marshall Rivera,Consejero,mercado_laboral,mercado_laboral,"El Consejero señor Enrique Marshall manifiesta, en primer término, que en ese contexto resulta difícil tomar una decisión, pero que, en su opinión, el ubicar la tasa en un nivel más razonable, más normal, ayuda a protegerse de una crisis. En segundo lugar, comenta que la lectura de la cifra de inflación de corto plazo se ha tornado bastante difícil, porque hay muchos factores puntuales, como el del tabaco, por citar un ejemplo, sugiriendo no conformarse y relajarse ante los bajos registros actuales. Señala que lo fundamental es que la economía está creciendo a un ritmo acelerado, que las brechas se están reduciendo, por lo que la política monetaria tiene que respetar ese cuadro. Sostiene que lo lógico es que la inflación adquiera una cierta normalización, por lo que nuevamente es preventivo y protege reaccionar a esa realidad. Agrega que otro antecedente relevante es lo que está ocurriendo con los salarios, que si bien están creciendo moderadamente y, por lo mismo, nadie podría decir que es un factor de preocupación, están registrando una cierta tendencia al alza, lo que es coherente con lo que acontece en el mercado laboral. En resumen, el Consejero señor Enrique Marshall plantea que es necesario estar atentos para reaccionar ante estos elementos que se están observando.",,RPM-2010-11-16,3569,1,True,2010,1292,211,False,False,12,True,autoridad_señal,2010_alza_emergencia
2011-03-17,5651,RPM-2011-03-17:3881:4,José De Gregorio Rebeco,Presidente del Banco Central,opciones_tpm,opciones_tpm,"El Presidente señor José De Gregorio da la bienvenida al señor Ministro de Hacienda y, a continuación, concede la palabra al Gerente de División Estudios señor Luis Óscar Herrera para que presente las Opciones de Política Monetaria para la presente Reunión.",,RPM-2011-03-17,3881,4,True,2011,257,41,False,False,12,True,autoridad_señal,2011_alza
2013-12-12,8114,RPM-2013-12-12:5925:1,Sebastián Claro Edwards,Consejero,debate,debate,"El Consejero señor Sebastián Claro consulta por el porcentaje de la inversión en minería que presenta un componente de maquinarias y equipos, y por aquel que cuenta con elementos de obras e infraestructura, atendido que el aumento relevante de las importaciones en este rubro registrado a fines de año 2012, que se corrigió a comienzos del año en curso, no guarda relación con un ciclo minero más extenso. En su opinión, dicho ciclo se vincularía con la inversión en infraestructura y sus sectores derivados, y no se traduciría necesariamente en una fuerte alza de la inversión en maquinarias y equipos.",,RPM-2013-12-12,5925,1,True,2013,603,100,False,False,12,True,autoridad_señal,2013_14_bajas
2009-06-16,3712,RPM-2009-06-16:2602:1,Consejo del Banco Central de Chile,Consejo,acuerdo_comunicado,acuerdo_comunicado,"En mérito de lo anterior, el Consejo adopta el siguiente Acuerdo: 140-01-090616 - Tasa de Política Monetaria El Consejo, por la unanimidad de sus miembros, acordó reducir la Tasa de Política Monetaria a 0,75% anual. Comunicado “En su reunión mensual de política monetaria, el Consejo del Banco Central de Chile acordó reducir la tasa de interés de política monetaria en 50 puntos base, hasta 0,75% anual. En el ámbito externo, los datos recientes muestran que las perspectivas de crecimiento global para este año se han estabilizado. Las bolsas han repuntado, las primas crediticias se han reducido y los precios de los productos básicos, en particular del cobre y del petróleo, han aumentado. En el plano interno, la información disponible para la actividad del segundo trimestre de este año sigue mostrando tasas de variación interanual negativas. El desempleo ha aumentado. Las condiciones crediticias se mantienen estrechas, pero están reflejando el impacto del mayor estímulo monetario. En mayo, el conjunto de indicadores de inflación mostró reducidas presiones inflacionarias subyacentes. La dinámica salarial sigue ajustada a patrones históricos. Se prevén bajos registros de inflación anual en los próximos trimestres, mientras que las expectativas de inflación de mediano plazo se mantienen estables. El Consejo estima que, en el escenario más probable, será necesario mantener el estímulo monetario por un tiempo más prolongado que el implícito en los precios de activos financieros. Ello permite que la inflación proyectada se ubique en 3% en el horizonte de política.”",,RPM-2009-06-16,2602,1,True,2009,1581,242,False,False,12,True,autoridad_señal,2009_bajas
2014-02-18,8225,RPM-2014-02-18:6015:4,Miguel Ricaurte Bermúdez,Gerente de Análisis Internacional (S),acuerdo_comunicado,acuerdo_comunicado,"El señor Miguel Ricaurte indica que al anualizar el IPC del mes de enero último, la inflación superaría el 50% en términos anualizados. Al proseguir con su presentación, alude a las principales noticias en materia de actividad y precios. En primer término, indica que la reciente actualización del World Economic Outlook contempla un alza en la proyección de crecimiento mundial para el presente año 2014 a 3,7% y una leve corrección a la baja para el año 2015, hasta 3,9%. En materia de riesgos, destaca las fugas de capitales desde las economías emergentes y la deflación en la Zona Euro y Estados Unidos de América. En segundo lugar, consigna que el PIB de Estados Unidos de América del cuarto trimestre del año 2013 creció 3,2% trimestre/trimestre anualizado, en línea con lo esperado, y resalta el aumento del consumo y de las exportaciones, así como la caída del gasto público. Añade que en el mes de enero se observó una modesta creación de empleo en ese país, probablemente afectado por temas climáticos más que por una desaceleración en el mercado; y que el mercado inmobiliario perdió algo de impulso. En lo atinente a la Zona Euro, precisa que el PIB del cuarto trimestre creció 1,1% trimestre/trimestre anualizado, pese al menor dinamismo puntual registrado en el mes de diciembre. Además, hubo mejoras en las perspectivas de los consumidores y de las industrias. Hace notar que en Japón, la actividad aparece más débil. En efecto, el PIB del cuarto trimestre de 2013 anotó un crecimiento menor que el esperado, cerrando el año con un crecimiento de 1,6% versus el 1,8% contemplado tanto en el Informe de Política Monetaria, IPoM, como por el mercado. Añade que la noticia más importante fue la revisión histórica que se hizo para el 2012, corrigiéndose a la baja el crecimiento de ese año desde 1,9% a 1,4%, lo que incidirá en nuestras proyecciones y las del mercado para la actividad mundial. En cuanto a China, indica que el PIB del cuarto trimestre creció 7,7%, levemente sobre lo que esperado por el mercado, y que el año cerró con un crecimiento de la misma magnitud. Las exportaciones netas tuvieron una incidencia negativa, pero en el mes de enero se registró un repunte importante del comercio en general, sorprendiendo al alza. Por otra parte, señala que los PMI manufactureros en economías avanzadas y emergentes mostraron algún deterioro por Estados Unidos de América y China, lo mismo que los PMI servicios en las economías emergentes. Asimismo, informa que la inflación exhibió movimientos mixtos en el mes, pero que las proyecciones para el año no presentan mayores cambios. A continuación, el señor Miguel Ricaurte exhibe el cuadro que resume las distintas cifras esperadas y efectivas de actividad en Estados Unidos de América, la Zona Euro, Alemania, Japón, China y Brasil. Hace notar algún grado de deterioro en los registros, en particular en Estados Unidos de América, que tuvo un comienzo de año bastante lento en términos de desempeño del mercado laboral y de ventas minoristas. Agrega que el mercado inmobiliario podría estar afectado por temas climáticos. Hace presente que en la Zona Euro, el PIB y el mercado laboral exhibieron registros algo mejores que lo esperado, no así los indicadores de ventas minoristas y producción industrial. Agrega que Japón mostró una actividad bastante más débil que lo anticipado por el mercado. En efecto, el PIS solo creció 1% en el cuarto trimestre, versus el 2,8% que se había proyectado. Menciona que el PIS de China fue levemente superior a lo anticipado, pero dio cuenta de una desaceleración frente al trimestre anterior. El comercio exterior, en cambio, impulsó las buenas noticias, ya que tanto las importaciones como las exportaciones experimentaron alzas muy superiores a lo estimado. En materia de perspectivas, se esperan algunas mejoras en Europa; Japón y China se debilitan; y en Estados Unidos de América, si bien las expectativas manufactureras podrían verse afectadas por el clima, los ISM se mantienen sobre el pivote de expansión y lo esperado por el mercado. Asimismo, hace notar que las proyecciones del WEO muestran correcciones al alza para el crecimiento mundial en el año 2014, en línea con lo contemplado en el IPoM y lo que Consensus Forecasts ha considerado para el mes de enero del presente año; revisiones al alza para Estados Unidos de América y también para China y Japón. Para el año 2015, en cambio, anticipa una moderación del crecimiento, debido principalmente a una revisión a la baja del crecimiento de Estados Unidos de América. Por último, comenta que de acuerdo con los indicadores de corto plazo, las perspectivas manufactureras de las economías avanzadas muestran retrocesos, explicadas principalmente por Estados Unidos de América; similar situación se observa en las economías emergentes, en este caso de la mano de China; y que al excluir a esta economía, las perspectivas manufactureras figuran sin mayor variación. En cambio, los PMI de servicios muestran mejoras en los países desarrolladas y deterioros en los emergentes, donde nuevamente China juega un rol importante. Finalmente, la confianza de los consumidores aparece sin grandes variaciones excepto algún grado de deterioro en los emergentes sin China. El señor Miguel Ricaurte se refiere a continuación al mercado laboral en Estados Unidos de América. A este respecto, destaca que la tasa de desempleo se encuentra muy cerca del promedio observado antes de la crisis, que la participación laboral ha permanecido sin mayor variación y no continuó deteriorándose por motivos climáticos, y que las perspectivas de empleo siguen siendo positivas. Por su parte, el mercado laboral europeo mostró alguna mejora en el margen, con tasas de desempleo que caen en España; continúan aumentando en Italia y Francia; y registran los menores niveles en Alemania y Reino Unido. En todo caso, hace notar que pese a que las economías se han ido recuperando paulatinamente en los últimos trimestres, el desempeño de los mercados laborales europeos aún dista mucho de los niveles registrados antes de la crisis. En lo concerniente a China, reitera que las perspectivas industriales caen, medidas por los PMI de servicios y manufacturero; la confianza del consumidor está estable; y destaca las cifras de comercio exterior, ya que las exportaciones y las importaciones crecieron fuertemente en el último mes, más allá de lo esperado. Agrega que las exportaciones a economías avanzadas continuaron creciendo fuertemente, liderando el crecimiento de los envíos chinos. En América Latina, la producción industrial disminuyó, en tanto que la confianza del consumidor se ha estancado, aunque muestra un leve repunte en México, luego de un exhibir un retroceso significativo. Añade que la balanza comercial se ha deteriorado y que la de Perú y México sería negativa en los próximos dos años. Con ello, indica que las proyecciones de inflación para el año 2014 han seguido mostrando alguna moderación en las economías desarrolladas y en Europa emergente, de la mano con lo que acontece que la Zona Euro, mientras que en América Latina y Asia se mantienen sin mayor variación. Añade que para el año 2015 no se anticipan grandes cambios, aunque advierte que ello ha ocurrido a la luz de una depreciación muy importante, que podría llevar a revisiones de la inflación al alza, en especial para América Latina. A continuación, exhibe los gráficos que se contienen en la lámina Nº 31 de la presentación, para fines de indicar la manera en que han cambiado las proyecciones de inflación de Consensus Forecasts a la luz de la depreciación acumulada desde los meses de mayo a diciembre de 2013, y desde entonces a la fecha. Sobre el particular, hace notar que la mayoría de los ajustes de inflación que podrían imputarse a depreciación ya se materializaron en la segunda mitad del año pasado, en tanto que los ajustes desde el mes de diciembre a la fecha has sido más bien acotados. Hace el alcance que Argentina se sale del eje y, a modo de referencia, informa que se proyecta que la inflación en dicho país alcanzaría a 14% este año, aunque debiera agregarse un impulso adicional con el nuevo IPC y una vez que se dé a conocer el informe de Consensus para América Latina.",,RPM-2014-02-18,6015,4,True,2014,8218,1354,False,False,12,True,staff_señal,2013_14_bajas
2010-01-14,4224,RPM-2010-01-14:2844:1,Sergio Lehmann Beresi,Gerente de Análisis Internacional,escenario_internacional,escenario_internacional,"El Gerente de Análisis Internacional prosigue con una exposición detallada sobre el escenario internacional, mencionando, en primer término, que la actividad continúa recuperándose a nivel global, destacando algunas cifras positivas en el caso de la producción industrial en Japón y una ligera recuperación en Estados Unidos, si bien ambas economías aún exhiben niveles de producción industrial muy por debajo de los mostrados a inicios del año 2007. Agrega que las economías emergentes exhiben un patrón bastante parecido, con alguna estabilidad en el caso de Brasil, pero, en general, con noticias menos positivas que las mencionadas. En materia de exportaciones, el señor Sergio Lehmann recuerda los importantes aumentos registrados en los meses previos, los que han tendido a estabilizarse en el margen, y que las cifras de países emergentes son un tanto heterogéneas, destacando Asia con una recuperación significativa. El señor Lehmann subraya que la confianza empresarial ha continuado mostrando cifras positivas, incluso con algunos aumentos adicionales en algunas economías. La confianza del consumidor, sin embargo, al igual que en otras ocasiones, es bastante heterogénea, observándose algunas situaciones de mayor estabilidad y menor dinamismo en términos de recuperación, producto, fundamentalmente, de la debilidad en el mercado laboral. Plantea que ello se ve también reflejado en los datos de recuperación del empleo, en especial en Estados Unidos, donde todavía no alcanza cifras positivas, agregando que solo se observan algunas cifras algo mejores, como en Canadá. Los precios de viviendas en Estados Unidos, continúa, que habían aumentado por algunos meses, detuvieron su recuperación y los precios de los inmuebles comerciales han seguido disminuyendo. En el caso de otras economías, por el contrario, se observan algunas ifi-r recuperaciones; sin embargo, estas cifras son un tanto más rezagadas que las correspondientes a Estados Unidos. En cuanto a hipotecas, el Gerente aludido informa que los datos del último mes dan cuenta de una moderación en su ejecución, después de haber mostrado alguna aceleración durante gran parte del año 2009. Las ventas de viviendas existentes, en tanto, han exhibido repuntes importantes y alguna estabilidad en el caso de las nuevas, y el tiempo de venta ha seguido cayendo, tal como ha ocurrido desde hace varios meses.",RECONSTRUCCION_AMBIGUA_POR_COTEJAR,RPM-2010-01-14,2844,1,True,2010,2377,359,True,False,12,False,resto_sin_señal,2010_alza_emergencia
2008-01-10,2212,RPM-2008-01-10:1636:1,Manuel Marfán Lewis,Consejero,acuerdo_comunicado,acuerdo_comunicado,"El Consejero señor Manuel Marfán agradece el análisis del staff. Menciona el señor Consejero que en el ámbito externo ha habido correcciones importantes en los mercados bursátiles y se aprecia un panorama más debilitado para el crecimiento, especialmente en los Estados Unidos de América. Agrega que con ello la novedad la constituyen las noticias que se han concentrado más en el sector real que en el financiero, respecto de la Reunión de Política Monetaria anterior. Señala que las perspectivas de mayores reducciones de la Tasa de Política Monetaria en los Estados Unidos de América tienden a reflejar esa realidad. Por su parte, los precios del petróleo y del cobre han vuelto a sorprender con nuevas alzas. Indica que en conjunto, para Chile, ello implica tanto un menor impulso al crecimiento como mayores presiones inflacionarias provenientes de la economía mundial. En el ámbito interno, señala el señor Consejero que lo más relevante es la fuerte sorpresa inflacionaria del mes pasado y sus implicancias sobre el comportamiento de los agentes. Agrega que la incertidumbre del mercado sobre cómo se acomodarán cantidades y precios a lo largo de este año, ha implicado una suerte de vuelo hacia la UF. Indica el señor Consejero, que con ello resulta más difícil descifrar si el diferencial de tasas nominales y en UF responde solo a una mayor compensación inflacionaria futura o si también incluye el efecto de reverberaciones de un ajuste de portafolio. Menciona también, que el mercado ha decodificado la nueva información, anticipando nuevas alzas de la Tasa de Política Monetaria por parte del Banco Central de Chile, con efectos de corto plazo sobre el tipo de cambio nominal y los indicadores bursátiles. Agrega que las señales que dé el Banco serán importantes para despejar cuánto se percibe como transitorio y cuánto requiere de un ajuste de políticas. Menciona que desde esta perspectiva, la cercanía del IPoM da una buena oportunidad de clarificar el marco de proyecciones, los riesgos que es posible anticipar y el ámbito de políticas consistente con el escenario base. • U Comenta el Consejero señor Marfán, que resultará particularmente importante dar claridad a que a la combinación de que habrá una reducción relevante en la proyección rango de crecimiento, respecto del informe del mes de septiembre, por una parte, y que durante algún tiempo la tasa de política neutral se ubicará por sobre su valor de largo plazo. Es decir, no necesariamente aumentos de Tasa de Política deberían decodificarse como un sesgo contractivo en este contexto. Señala que concuerda con la Gerencia de División Estudios en que en esta oportunidad corresponde elevar la tasa de política, siendo las opciones a analizar si ese aumento debe corresponder a 25 o a 50 puntos base. Menciona el señor Consejero que decisiones de 50 puntos base, como las que se tomaron en diciembre de 2003 y enero de 2004, deben reservarse para corregir desviaciones claras de las expectativas de inflación anual a 24 meses plazo, respecto de la meta. Señala que no puede descartarse con la información actual, que pudiera haber un inicio de desanclaje, especialmente a juzgar por los resultados de la última encuesta de expectativas, más que por lo implícito en los precios financieros, pero le parece que para dar golpes bruscos de política, se requieren mayores grados de certeza. Agrega que el costo de equivocarse por una decisión de esa naturaleza supera largamente, a su parecer, los beneficios de acertar. Por lo anterior, el Consejero señor Manuel Marfán señala que en esta oportunidad, se inclina por un aumento de 25 puntos base en la Tasa de Política Monetaria. Agrega que el Comunicado no debería contener sesgos de movimientos futuros que no estén alineados con el mensaje que transmitirá el próximo Informe de Política Monetaria.",,RPM-2008-01-10,1636,1,True,2008,3825,623,False,False,12,True,autoridad_señal,2008_crisis_alza
2009-09-08,3966,RPM-2009-09-08:2706:1,José De Gregorio Rebeco,Presidente del Banco Central,acuerdo_comunicado,acuerdo_comunicado,"El señor Presidente ofrece la palabra al Gerente de División Estudios, señor Pablo García, para que presente las Opciones de Política Monetaria para esta Reunión.",,RPM-2009-09-08,2706,1,True,2009,162,25,False,False,12,True,autoridad_señal,2009_bajas
2006-12-14,1309,RPM-2006-12-14:1003:4,José De Gregorio Rebeco,Vicepresidente del Banco Central,inflacion,inflacion,"Sobre este comentario, el Vicepresidente señor De Gregorio consulta sobre lo expuesto en cuanto a que todas las tendencias inflacionarias que se tenían el mes pasado venían apuntando hacia abajo y por el otro lado, que la situación se hubiese puesto mixta, unas para abajo y otras para arriba, pero modificamos a la baja el panorama subyacente.",,RPM-2006-12-14,1003,4,True,2006,344,57,False,False,12,True,autoridad_señal,2006_alza_fin
2011-08-18,6034,RPM-2011-08-18:4216:1,José De Gregorio Rebeco,Presidente del Banco Central,escenario_internacional,escenario_internacional,"El Presidente señor José De Gregorio da inicio a la Reunión de Política Monetaria N° 174, indicando que, de conformidad con el Reglamento que rige estas Sesiones, fija la Reunión de Política Monetaria correspondiente al mes de febrero de 2012 para el día 14 de ese mes. El Presidente señor José De Gregorio informa que el señor Ministro de Hacienda señor Felipe Larraín solo asistirá al análisis de las opciones y adopción de acuerdos de la presente Sesión, que se tratará en la tarde. A continuación, el Presidente señor José De Gregorio da paso a la presentación del escenario externo, a cargo del Gerente de Análisis Internacional señor Sergio Lehmann.",,RPM-2011-08-18,4216,1,True,2011,655,110,False,False,12,True,autoridad_señal,2011_alza
2012-03-15,6631,RPM-2012-03-15:4689:2,Claudio Soto Gamboa,Gerente de Análisis Macroeconómico,inflacion,inflacion,"El Gerente de Análisis Macroeconómico inicia su presentación, mencionando los puntos destacados desde la última Reunión. En primer término, indica que el IMACEC correspondiente al mes de enero sorprendió al alza, confirmando la visión de una cierta reaceleración de la actividad hacia fines del año 2011. En segundo lugar, comenta que las distintas medidas de confianza, tanto de consumidores como de empresas, han continuado mejorando. En materia de inflación, señala que el registro correspondiente al mes de febrero sorprendió al alza y que las expectativas inflacionarias también se han movido en dicha dirección, lo mismo que la curva forward. Agrega que los mayores precios de perecibles y combustibles, sumados a las mayores alzas esperadas en la inflación subyacente, han llevado a corregir la proyección interna hacia la parte superior del rango de tolerancia hasta el fin del horizonte de proyección de corto plazo. A título de último elemento destacado del período, informa que para esta Reunión, el mercado espera unánimemente una mantención de la TPM en 5%.",,RPM-2012-03-15,4689,2,True,2012,1070,167,False,False,12,True,staff_señal,2012_13_mantiene
2009-10-13,4042,RPM-2009-10-13:2747:1,José De Gregorio Rebeco,Presidente del Banco Central,opciones_tpm,opciones_tpm,"El Presidente, señor José De Gregorio, ofrece la palabra al Gerente de División Estudios, señor Pablo García, para que presente las Opciones de Política Monetaria para esta Reunión.",,RPM-2009-10-13,2747,1,True,2009,181,28,False,False,12,True,autoridad_señal,2009_bajas
2014-09-11,8755,RPM-2014-09-11:6437:1,Rodrigo Vergara Montes,Presidente del Banco Central,mercado_laboral,mercado_laboral,"El Presidente señor Rodrigo Vergara agradece el planteamiento efectuado por el Vicepresidente señor Enrique Marshall e inicia su intervención expresando su reconocimiento al staff por el excelente análisis que se ha presentado a consideración del Consejo. En lo concerniente al escenario externo, resalta los indicadores que sugieren una fortaleza más permanente en las economías de Estados Unidos de América y el Reino Unido, como también los mayores estímulos monetarios informados por la Zona Euro y Japón, que a su vez son reflejo de las debilidades de dichas economías. Además, hace notar que se mantienen, e incluso acrecientan, los riesgos geopolíticos por las tensiones en Ucrania y el Medio Oriente. Agrega que entre las economías emergentes, China continúa en una situación de estabilidad, aunque con números algo más negativos en el margen y que en Brasil se confirma la recesión. Por su parte, las variables financieras no exhiben grandes novedades, mientras se observa una caída en la mayoría de los precios de las materias primas. En el ámbito interno, señala que la actividad del mes de julio fue superior a la esperada por el mercado, al igual que la inflación de agosto; que los salarios se aceleraron en forma importante en julio, a pesar de un mercado laboral más débil; y que el reajuste del salario mínimo un mes antes que el año previo influyó, razón por la que se espera que se revierta en parte el próximo mes. En materia de inflación, consigna que el registro en doce meses alcanza a 4,5% y el subyacente a 4%. Expresa que la inflación en este nivel evidentemente no es una buena noticia, aunque el diagnóstico sigue siendo que se explica básicamente por los efectos de la depreciación del peso y que, dado ello, es un fenómeno transitorio. Advierte que el riesgo, tal como se describe en el último IPoM, es que sea más persistente de lo estimado. Las expectativas, no obstante, están ancladas en 3%. El Presidente señor Rodrigo Vergara manifiesta que el Banco Central ha seguido dando mayor impulso monetario a la economía de manera decidida y persistente, y que las tasas de interés de corto, y sobre todo de largo plazo, más allá de las volatilidades propias de esta variable, son una prueba de ello. Sostiene que en el IPoM se deduce que podría ser necesario algún estímulo adicional, aunque moderado, de política monetaria. Es de opinión que esta es una oportunidad propicia para seguir en esa senda. A su juicio, es necesario destacar que estamos cerca del nivel de estímulo que se estima razonable y, por lo tanto, que más allá de esta Reunión, con la información y proyecciones disponibles hasta ahora, los espacios para dicho mayor estímulo se empiezan a estrechar, aunque no se agotan del todo. La información que se vaya recibiendo en adelante y los cambios que ello implique en nuestras proyecciones serán claves en nuestra evaluación futura. En el escenario expuesto, señala que las opciones que presenta la Gerencia de División de Estudios son las apropiadas, aunque, a su juicio, la de reducir la TPM en 25 puntos base se impone en esta oportunidad.",,RPM-2014-09-11,6437,1,True,2014,3089,519,False,False,12,True,autoridad_señal,2013_14_bajas
2008-11-13,3002,RPM-2008-11-13:2164:1,Claudio Soto Gamboa,Gerente de Análisis Macroeconómico,actividad_interna,actividad_interna,"El Gerente de Análisis Macroeconómico señor Claudio Soto señala que en la Reunión de la mañana presentó una proyección de 4,1% de crecimiento para este año. Menciona que en el IPoM se planteó el problema de dar proyecciones del segundo y tercer trimestre. Comenta el señor Claudio Soto, que se efectuaron las revisiones correspondientes y puede informar que ello significa una décima más de crecimiento para este año, respecto a la proyección que presentó. Con la revisión para el segundo y tercer trimestre podría ser un 4,2% y la demanda presenta una revisión de dos décimas para el año, hacia arriba.",,RPM-2008-11-13,2164,1,True,2008,603,101,False,False,12,False,resto_sin_señal,2008_crisis_alza
2012-03-15,6672,RPM-2012-03-15:4720:1,Rodrigo Vergara Montes,Presidente del Banco Central,opciones_tpm,opciones_tpm,"El Presidente señor Rodrigo Vergara agradece la presentación del Gerente de Análisis Macroeconómico señor Claudio Soto y al no haber preguntas ni comentarios adicionales, suspende la presente Reunión hasta las 16:00 horas.",,RPM-2012-03-15,4720,1,True,2012,222,32,False,False,12,False,resto_sin_señal,2012_13_mantiene
2014-05-15,8449,RPM-2014-05-15:6189:1,Sebastián Claro Edwards,Consejero,escenario_internacional,escenario_internacional,"El Consejero señor Sebastián Claro plantea en relación con lo manifestado en los IPoM, que sigue presente el rebalanceo desde algunas economías desarrolladas que se han ido fortaleciendo a otras economías emergentes que han comenzado a debilitarse, pero su velocidad ha variado. A título ejemplar, indica que la economía de Estados Unidos de América da muestras de fortaleza, pero en forma acotada, dentro de rangos previsibles; Europa también exhibe mejores resultados, pero tampoco se encuentra en una senda de crecimiento sostenido; y en las economías emergentes, la situación es matizada. A su juicio, las condiciones de acceso al financiamiento externo, el comportamiento de las monedas, y los precios de los commodities y de los activos, sugieren que el rebalanceo se está produciendo, pero a una velocidad distinta de la anticipada, ya que no se observa una corrección tan rápida en los países emergentes, ni una recuperación tan acelerada en los desarrollados. En razón de lo expresado, consulta por la visión de la Gerencia de División Estudios sobre este aspecto, especialmente lo que dice relación con la debilidad de las economías emergentes. En segundo término, alude a las expectativas inflacionarias en las economías emergentes y consulta por las razones que explican su alza en América Latina y su corrección a la baja en Europa emergente y Asia emergente.",,RPM-2014-05-15,6189,1,True,2014,1372,217,False,False,12,True,autoridad_señal,2013_14_bajas
2007-09-13,1910,RPM-2007-09-13:1449:2,Andrés Velasco Brañes,Ministro de Hacienda,debate,debate,El señor Ministro señala que si la demora es predecible entiende que la cifra resultante es menor y no mayor.,,RPM-2007-09-13,1449,2,True,2007,109,20,False,False,12,False,resto_sin_señal,2007_mixto
2007-03-15,1536,RPM-2007-03-15:1167:1,Vittorio Corbo Lioi,Presidente del Banco Central,decision_tpm,decision_tpm,"El Presidente señor Vittorio Corbo, agradece al staff el análisis de los acontecimientos ocurridos desde la última Reunión de Política Monetaria. Señala el Presidente señor Corbo que el escenario externo continúa favorable en cuanto a actividad, especialmente por la fortaleza que muestra la zona euro y Japón, pero han surgido riesgos a la baja en el crecimiento y al alza en la inflación de Estados Unidos de América y turbulencias en los mercados financieros internacionales, estas últimas alimentadas por problemas en los mercados de hipotecas de menor clasificación de riesgo y por el aumento de los riesgos a la baja en el crecimiento de Estados Unidos de América. Indica el señor Corbo que la volatilidad ha afectado el precio de acciones, paridades cambiarias, tasas de interés de largo plazo y mercados hipotecarios y de derivados de crédito tanto en países industriales como emergentes. Indica que estos efectos en los mercados financieros chilenos han sido acotados y lo más probable es que esta volatilidad siga presente hasta que no se disipen las dudas sobre el curso futuro de la actividad económica en Estados Unidos de América y sobre los efectos que terminen teniendo los problemas en el mercado de hipotecas de más riesgo en los mercados hipotecarios, financieros y de la vivienda. Agrega que, en contraste, el precio del cobre repunta. En el frente interno, la actividad económica de enero estuvo, a grandes rasgos, en línea con las proyecciones del último IPoM y la sorpresa inflacionaria de enero en el IPCX1 no se repitió, pero tampoco se revirtió. Así, el escenario central del IPoM se mantiene vigente. Sin embargo, el señor Corbo señala que desde el IPoM han surgido una serie de noticias que le imponen un sesgo al alza a las proyecciones de inflación del escenario central de ese informe: (1) un aumento sostenido en el índice de remuneraciones del INE, el que muestra variaciones en 12 meses cercanas al 6%, remuneraciones reales de la ACHS que crecen en torno al 3% anual; precios de no-transables y de servicios creciendo sobre el 5% en 12 meses; y, precios de transables y de bienes creciendo levemente sobre 0%. Esta dinámica de remuneraciones y precios es consistente con cifras de un mercado laboral más estrecho. Sin embargo, las cifras de costos de la mano de obra se mantienen relativamente estables. (2) crédito retomó tendencia al alza, esta vez empujado principalmente por créditos a empresas. (3) repunte en precios internacionales de productos primarios de origen agrícola, trigo, aceites y otros, con potenciales efectos en los precios a los consumidores internos. (4) precios del petróleo algo por encima de lo proyectado en el IPoM. En paralelo, indica el señor Corbo que el programa de estímulo a la inversión y al crecimiento recientemente anunciado por el Ejecutivo, debiera fortalecer la demanda interna y el crecimiento. En actividad, la revisión de cuentas nacionales va a permitir reevaluar el estado en que se encuentra la economía y en particular, la magnitud de la brecha del producto y sus implicancias sobre inflación proyectada. En estas circunstancias, manifiesta el señor Presidente, lo más prudente es dilucidar la dirección final que terminen teniendo los desarrollos en los mercados financieros internacionales y las implicancias de esos desarrollos y de las noticias en el frente inflacionario interno para la inflación proyectada, antes de decidir si es aconsejable retomar el curso de política, considerado como más probable en enero, curso este último que aún es parte de nuestro escenario central. Por lo anterior su voto es por mantener la tasa de política monetaria en 5%.",,RPM-2007-03-15,1167,1,True,2007,3643,592,False,False,12,True,autoridad_señal,2007_mixto
2009-04-09,3513,RPM-2009-04-09:2494:1,Andrés Velasco Brañes,Ministro de Hacienda,acuerdo_comunicado,acuerdo_comunicado,"El Ministro de Hacienda señor Andrés Velasco señala que al igual que los señores Consejeros, quisiera comenzar felicitando a la Gerencia de División Estudios, por la Minuta de Opciones y por su buen trabajo. Sin embargo, indica que a lo anterior, quisiera agregar un matiz. En su opinión, la Minuta de Opciones que se presentó en esta Reunión, se centra, en exceso, en asuntos tácticos y no suficientemente en aspectos de fondo. Al respecto, el señor Ministro señala que, sin perjuicio de la importancia de la relación entre las decisiones que toma el Banco y lo que espera el mercado, considera más importante aún, contar con un diagnóstico acerca de cuáles son las consideraciones de fondo de lo que la política monetaria debería hacer y ajustar. La táctica al fondo y no el fondo a la táctica. En dicho sentido, agrega que echa de menos un análisis algo más detallado de dos asuntos que a su juicio son medulares. En primer lugar, dada la información adicional sobre la economía mundial y nacional de que hoy se dispone y que no se tenía treinta días atrás, cabe preguntarse sobre la tasa de interés a la que se debería llegar a fines de este ciclo, para que la brecha sea congruente con la meta del Banco Central. Al respecto, se pregunta si dicha tasa debe ser igual, mayor o menor que la que se tenía en mente hace treinta días. En su opinión y, dado lo que sabemos hoy, esa tasa es menor, ya que el cambio en las condiciones nacionales e internacionales es abrumadoramente más negativo que lo que en un momento se pudo prever. Agrega el señor Ministro de Hacienda, que la segunda pregunta de fondo es si lo expuesto es correcto, entendiendo que podemos o no estar de acuerdo, pero suponiendo que la hipótesis es correcta, existen argumentos de fondo de política monetaria y no de táctica o estrategia de comunicaciones, que sugieren que la trayectoria donde estamos hoy hasta ese punto debe ser necesariamente gradual o puede ser más bien abrupta. El señor Ministro señala que, insistentemente piensa en los argumentos de una política monetaria óptima, tratando de encontrar alguno que pueda sugerir que la trayectoria debe ser gradual y no abrupta. Al respecto, indica que debe confesar que no encuentra tales argumentos, aunque quizás se le ha olvidado alguno. Por lo tanto, indica que si efectivamente la tasa a la cual queremos converger es más baja que la que se estimaba hace treinta días - y a su juicio sí lo es esa trayectoria debería ser rápida aunque no necesariamente de un salto, pero de pocos saltos, lo que debería estar implícito y ojalá explícito en la decisión que se adopte en esta Reunión. Por lo tanto, precisa que su juicio es más bien hacia un recorte más audaz que un recorte menos audaz en la Tasa de Política Monetaria. Señala que una vez dicho lo anterior, desea efectuar un par de consideraciones tácticas que, aunque secundarias, no son irrelevantes. En su opinión, existe el peligro de casarse demasiado o poner demasiado énfasis en la ilusión que se va hacer algo que calce con los patrones históricos, ya que las afirmaciones que se hacen en ese sentido son contingentes con la información disponible en el momento en que se hace la afirmación y, a su juicio, la información que se tiene hoy es distinta a la que se tenía en ese momento. Indica que si esa fuese una restricción y, por lo tanto, lo que se hace hoy tiene que ceñirse a no romper dicho estándar, cabría preguntarse cómo definirlo, ya que no es un estándar que esté definido científicamente sino que se presta para interpretaciones. Por ello, considera que una reducción de 50 puntos o menos, corre el riesgo de definir “50 puntos” como estándar de patrón histórico, y si el día de mañana, por alguna razón, el Banco Central reduce la tasa de interés en más de 50 puntos, se estaría saliendo del patrón histórico. Por lo expuesto, el señor Ministro de Hacienda considera que en ello hay un asunto táctico, respecto del cual al Banco le convendría tener una mayor y no una menor flexibilidad. En conclusión, su sugerencia es acordar la reducción más grande que propone la Minuta de Opciones o, en su defecto, si se optara por 50 puntos base, comunicar que efectivamente hay información que puede llevar a que las reducciones futuras sean algo mayores de las que estaban implícitas en el último comunicado.",,RPM-2009-04-09,2494,1,True,2009,4306,753,False,False,12,True,staff_señal,2009_bajas
2008-11-13,2982,RPM-2008-11-13:2147:3,Claudio Soto Gamboa,Gerente de Análisis Macroeconómico,actividad_interna,actividad_interna,"El Gerente señor Soto señala que el mercado se ha ido corrigiendo lentamente, desde un 4,3% que consideraba el Banco Central de Chile hasta un 4%. Indica que a mediados de agosto, el mercado consideraba un 3,7% y que cuando se conoció el IMACEC favorable, inmediatamente el mercado corrigió la proyección en torno a un 4%. Agrega que ahora lentamente se han ido corrigiendo a la baja, más o menos en línea con lo que observaba el Banco Central de Chile.",,RPM-2008-11-13,2147,3,True,2008,453,81,False,False,12,True,staff_señal,2008_crisis_alza
2011-02-17,5568,RPM-2011-02-17:3813:3,Consejo del Banco Central de Chile,Consejo,acuerdo_comunicado,acuerdo_comunicado,"En virtud de lo anterior, el Consejo adoptó el siguiente Acuerdo: 166-01-110217 - Tasa de Política Monetaria En su reunión mensual de política monetaria, el Consejo del Banco Central de Chile acordó aumentar la tasa de interés de política monetaria en 0,25% hasta 3,5% anual. Comunicado “En su reunión mensual de política monetaria, acordó aumentar la tasa de interés de política monetaria en 0,25% hasta 3,5% anual. En el ámbito externo, las perspectivas de crecimiento para las economías desarrolladas han mejorado, y se mantiene el dinamismo de las economías emergentes. Persisten las preocupaciones respecto del riesgo financiero de algunas economías europeas. Con todo, las dificultades en la recuperación de los países desarrollados sigue siendo un factor importante de primas, especialmente alimentos, continúan aumentando, A nivel global, la inflación efectiva y la esperada han aumentado y un número creciente de economías ha estado reduciendo su impulso monetario. En el plano interno, las cifras de actividad, demanda y empleo continúan evolucionando positivamente, en línea con las proyecciones del último Informe de Política Monetaria. La inflación se ha comportado de acuerdo con lo esperado y los registros de inflación subyacente se mantienen acotados. Las expectativas inflacionarias privadas muestran aumentos, particularmente en el corto plazo. El peso se ha apreciado desde la última reunión. El Consejo reitera que será necesario continuar reduciendo el estímulo monetario en los meses venideros, en línea con lo anticipado en el último IPoM. El ritmo de dicho proceso dependerá de la evolución de las condiciones macroeconómicas internas y externas. Con ello, seguirá usando sus políticas con flexibilidad para que la inflación proyectada se ubique en 3% en el horizonte de política.”",,RPM-2011-02-17,3813,3,True,2011,1806,272,False,False,12,True,autoridad_señal,2011_alza
2013-11-19,8086,RPM-2013-11-19:5900:1,Manuel Marfán Lewis,Vicepresidente del Banco Central,opciones_tpm,opciones_tpm,"El Vicepresidente señor Manuel Marfán inicia su presentación agradeciendo al staff por la información y análisis entregados en esta oportunidad, y señala que hace suyos los nuevos antecedentes acumulados desde la Reunión anterior que se contienen al comienzo de la minuta de opciones, a los que agrega los siguientes elementos y comentarios. En lo concerniente a la economía internacional, alude a las discusiones sostenidas desde hace algunos meses acerca del retiro de los estímulos monetarios en Estados Unidos de América, el que tiene dos etapas. La primera de ellas, la constituye el retiro de una política monetaria no convencional, es decir, aquella consistente en compras importantes de títulos por parte de la Reserva Federal a cambio de incorporar dinero en la economía; y, luego, una vez concluida dicha etapa, el retorno a la política monetaria convencional que se efectúa a través de la tasa de política monetaria. En su opinión, las expectativas de mercado apuntan a que la tasa de política monetaria de Estados Unidos de América se mantendrá en este nivel mínimo durante un período prolongado, por lo menos hasta el año 2015. En China, en tanto, se consolida un escenario de largo plazo de un crecimiento en torno a un 7%, cifra que era impensablemente baja hace solo unos pocos meses atrás. Por su parte, la Zona Euro se mantiene vulnerable y la discusión interna no solo se vincula con la superación de la crisis financiera, sino que también en cómo otorgar mayores estímulos para la demanda de corto plazo. En ese sentido, plantea que la reciente baja de la tasa rectora y la agudización de la política monetaria no convencional en la Zona Euro auguran también que las tasas de interés se mantendrán durante un período extenso en aquella región. En síntesis, las perspectivas de mediano plazo de la economía internacional no dan cuenta de un dinamismo, y en su visión de más corto plazo, algunas tasas de interés se mantendrían bajas durante un período prolongado, lo cual entrega señales importantes sobre la decisión que se debe adoptar en esta oportunidad. En cuanto a los nuevos antecedentes de la economía nacional, considera que lo más relevante se relaciona con la revisión de las cuentas nacionales publicadas por el Banco, así como también con los antecedentes de esas cuentas y de la balanza de pagos correspondientes al tercer trimestre del presente año, ya que reflejan que la demanda interna se ha venido desacelerando desde antes de lo que se había previsto. Además, al contrario de lo considerado internamente, esa desaceleración se ha concentrado mayormente en el sector resto, que es el que más interesa para efectos de la política monetaria, que en los sectores productores de recursos naturales. Asimismo, la cuenta corriente ha tenido una revisión hacia un déficit menor, corrección que a su juicio va en la dirección correcta y deseada, y que es lo suficientemente relevante para considerarla. En otro plano, señala que el peso chileno se ha depreciado de manera importante, lo que constituye un movimiento que si bien resulta complejo de explicar, no se puede desconocer que converge en la dirección deseada. En su opinión, todo ello apunta en la dirección de recomendar una nueva baja de la tasa rectora. Entre los acontecimientos no deseados, plantea que el mercado del trabajo sigue estrecho. A su juicio, es un elemento que debiera observar el Consejo con algún grado de preocupación, ya que puede ser fuente de presiones inflacionarias futuras. Añade que las mismas cuentas nacionales muestran una reducción importante de inventarios, correspondiendo una fracción significativa a la de inventarios de bienes no exportables. Se trataría, en principio, de una reducción que normalmente anticiparía reaceleraciones del gasto interno y de la demanda, por lo que constituye un elemento al que debiera efectuarse su seguimiento por parte del Banco.",,RPM-2013-11-19,5900,1,True,2013,3887,632,False,False,12,True,autoridad_señal,2013_14_bajas
2006-03-16,804,RPM-2006-03-16:621:1,Manuel Marfán Lewis,Consejero,decision_tpm,decision_tpm,"El Consejero señor Manuel Marfán agradece el análisis del staff. Indica que en
términos gruesos la coyuntura actual se enmarca dentro del escenario central contemplado en
el último IPoM.
En lo externo, se confirma que el menor crecimiento observado en las
anteriores cifras de los Estados Unidos de América fue transitorio.
Las perspectivas de
crecimiento mundial han mejorado en el margen respecto de la Reunión de Política Monetaria
anterior, más allá de lo señalado para los Estados Unidos de América.
Los precios
Internacionales del cobre y del petróleo, en tanto, mantienen una tendencia alcista por sobre el
escenario central. Sin embargo, aún no se ha acumulado evidencia que llegue a corregir los
precios de mediano plazo al cual se espera que converjan, especialmente el del petróleo.
El escenario interno también ha estado en lo grueso dentro de lo previsto. La
evidencia reciente confirma la hipótesis que la desaceleración del segundo semestre del 2005
fue transitoria, mientras el gasto interno se ha desacelerado aún más, aunque más en la
Inversión que en el consumo.
La inflación de febrero estuvo por debajo de lo esperado hace un mes, aunque
por factores que se perciben como transitorios. A pesar de la reciente alza inesperada de las
gasolinas, en lo interno hay evidencias que permiten sustentar la hipótesis que su precio
convergerá rápidamente al contemplado en el escenario central. Agrega que, por ahora, las
expectativas a mediano plazo permanecen bien ancladas y no se aprecian razones para
corregir el escenario central.
El Consejero señor Manuel Marfán, señala que coincide con la exposición de la
División Estudios, respecto de las opciones para esta reunión. La información acumulada, la
confirmación del grueso del escenario central y la percepción actual de los riesgos, pueden
sostener tanto una pausa, como un alza de 25 puntos base en esta ocasión. A favor de esta
última, cabe señalar las mejores perspectivas de la economía mundial y la desaceleración del
consumo menor a lo esperado.
En ese contexto, señala que perfectamente podría
aprovecharse la ocasión para dar un paso oportuno en la normalización de la política
monetaria.
De hecho, cualquiera de las dos opciones que sean mayoritarias en el Consejo
contará con su apoyo. Pese a lo señalado, se inclina más por una nueva pausa que por un
alza, por el sólo hecho que sorprendería menos al mercado el que mayoritariamente espera
que la tasa de política monetaria permanezca en el 4,75% actual.
Un alza podría ser
interpretada como un cambio de escenario, que sería difícil de descartar en el breve
comunicado que acompañaría a esta decisión, provocando efectos no deseados sobre la curva
forward, las tasas de interés y el tipo de cambio.
En tal sentido, su voto es por mantener la tasa de política monetaria en su nivel
actual.",,RPM-2006-03-16,621,1,True,2006,2820,460,False,False,12,True,autoridad_señal,2006_alza_fin
2010-12-16,5314,RPM-2010-12-16:3598:1,Manuel Marfán Lewis,Vicepresidente del Banco Central,acuerdo_comunicado,acuerdo_comunicado,"El Vicepresidente señor Manuel Marfán hace presente que, de acuerdo con el Financial Times, Bélgica está empezando a contagiarse, y solicita que se verifique esta noticia. Agrega que otro titular informa que España podría volver a tener un out/ook negativo, después de que se redujo su calificación.",,RPM-2010-12-16,3598,1,True,2010,299,47,False,False,12,True,autoridad_señal,2010_alza_emergencia
2010-10-14,5106,RPM-2010-10-14:3435:1,Sebastián Claro Edwards,Consejero,escenario_internacional,escenario_internacional,"El Consejero señor Sebastián Claro menciona que en el IPoM de septiembre se supuso un crecimiento para un grupo de países - no recuerda si correspondía al conjunto de socios comerciales de Chile o, principalmente, Estados Unidos, Europa y Japón- medio punto inferior al de Consensus Forecasts. Señala que,con ese antecedente, no le queda claro si los actuales datos de Consensus se están acercando, de alguna manera, hacia la proyección del Banco, es decir, si acaso ese delta se ha ido eliminando por una corrección a la baja, como sería el caso de Estados Unidos y no tanto de Europa.",,RPM-2010-10-14,3435,1,True,2010,586,100,False,False,12,True,autoridad_señal,2010_alza_emergencia
2010-08-12,4964,RPM-2010-08-12:3337:1,Felipe Larraín Bascuñán,Ministro de Hacienda,acuerdo_comunicado,acuerdo_comunicado,"El señor Felipe Larraín indica que, desde la última Reunión de Política Monetaria, las cifras de actividad económica han superado las expectativas. Precisa que el Imacec de junio registró un aumento interanual de 6,8%, llevando a los analistas privados a corregir al alza sus proyecciones de crecimiento para este año y a situarlas en 5%, de acuerdo con la Encuesta de Expectativas Económicas del Banco Central. Hace presente que si bien estas son noticias alentadoras para la economía, se debe recordar que el dato de junio consideró una muy baja base de comparación, efecto que se irá diluyendo en los próximos meses, a medida que la base se vaya haciendo más exigente. En particular, señala que a partir de julio se ve un cambio de base, que se observará más claramente entre agosto y septiembre y, por supuesto, aún más fuerte en la última parte del año, es decir, los meses de noviembre y diciembre de 2009, que registraron aumentos importantes de actividad. En cuanto a la situación internacional, el señor Ministro de Hacienda enfatiza que continúa siendo un foco de incertidumbre, ya que si bien la posición fiscal en varios países europeos sigue generando algún grado de incertidumbre externa, las preocupaciones han comenzado a trasladarse a Estados Unidos, cuyas últimas cifras dan cuenta de que esa economía no está logrando recuperarse con la rapidez que se esperaba. Advierte, en consecuencia, que la materialización de un escenario internacional adverso podría poner en riesgo la recuperación y provocar alta volatilidad en los precios de los commodities. Al proseguir, el señor Felipe Larraín menciona que, en junio, y considerando utilizar los datos referenciales con base 2009, las remuneraciones crecieron 3,7% en doce meses y que el costo de la mano de obra lo hizo en 4,8, mientras que, en términos mensuales, aumentaron 0,2 y 0,3%, respectivamente, moderando así las alzas de abril y mayo. Por otra parte, destaca que el peso se ha apreciado respecto del dólar desde la reunión de julio, en línea con la debilidad internacional de la moneda, por lo que este factor debería contribuir a disminuir la presión sobre el nivel agregado de precios. En materia de inflación, manifiesta que el registro de julio fue de 0,6% mensual y de 2,3% en doce meses, levemente bajo lo esperado e impulsado por ciertas alzas específicas. Hace presente que el factor fundamental en el resultado del mes fue la reposición del impuesto de timbres y estampillas a partir del 1 de julio, lo que provocó un alza de 20,1% en el ítem de gastos financieros, con una incidencia de 0,51 puntos porcentuales sobre la tasa de inflación del mes. Sin embargo, subraya que este efecto se revertirá, ya que la ley de financiamiento fue publicada el día 31 de julio pasado, con lo que se concreta la disminución permanente de este impuesto desde 1,2 a 0,6% con efecto retroactivo para aquellos préstamos contraídos entre el 1 y el 31 de julio. Adicionalmente, destaca también el alza de 7,9% mensual del servicio de transporte multimodal, que tiene una incidencia de 0,18 puntos en la inflación, debido al incremento de $20 que entró en vigencia el 17 de junio último. El señor ministro de Hacienda agrega que las cifras de inflación subyacente se mantienen aún acotadas, particularmente el dato de IPCX1. De hecho, precisa que el IPCX subió 0,6% mensual, mientras que el IPCX1 anotó una caída de 0,3%, con lo que las mediciones en doce meses se ubican en 1,4 y -0,5%, respectivamente. En razón de lo expuesto, hace notar que aun cuando la inflación acumulada a julio de 2010 es de 2,4%, el IPCX1 lleva acumulado -0,1% en el año. El señor Felipe Larraín comenta, además, que la Encuesta de Expectativas Económicas de agosto indica que las expectativas de inflación continúan dentro del rango de tolerancia del Banco Central, esperándose que la inflación para el año 2010 sea de 3,6% y de 3,3% el próximo año, mientras que las expectativas de inflación usando tasas de mercado, esto es, las de los BCP y BCU a 5 años, arrojan un valor de 3,5%. En su opinión, de estos datos se desprende que las expectativas de inflación siguen contenidas, aunque acercándose al techo del rango, incluso a plazos más largos. En este contexto, el señor Felipe Larraín manifiesta que, como Ministerio de Hacienda, entiende que el proceso de recuperación de la economía se encuentra en curso, con datos de inflación recientes influidos por elementos transitorios que se revertirán en el mes de agosto, y aún en línea con el rango meta del Banco Central a mediano plazo. Añade que existe también incertidumbre externa que podría poner en riesgo la recuperación y que, en este contexto, lo más adecuado sería continuar con el proceso paulatino y gradual de normalización de la política monetaria.",,RPM-2010-08-12,3337,1,True,2010,4758,800,False,False,12,True,staff_señal,2010_alza_emergencia
2007-09-13,1940,RPM-2007-09-13:1468:1,Vittorio Corbo Lioi,Presidente del Banco Central,decision_tpm,decision_tpm,"El Presidente señor Vittorio Corbo agradece el análisis del staff y menciona que la inflación anual del IPC se ha incrementado por sobre el 4%, debido a shocks inesperados en precios de alimentos y de combustibles. Shocks estos últimos que se han incrementado en el margen, especialmente por alzas adicionales en los precios de alimentos perecibles y de los combustibles. En paralelo, las distintas medidas de tendencia inflacionaria han seguido aumentando y algunas ya se ubican en torno al 4% anual. Señala que las condiciones financieras internas siguen favorables y los costos laborales toman más dinamismo. En el lado de la demanda, los indicadores parciales de consumo y de inversión mantienen un importante dinamismo y a pesar de la volatilidad habitual de los datos mensuales, las últimas cifras de actividad son consistentes con el escenario base del IPoM. Indica el señor Presidente que los desarrollos en el entorno externo han estado dominados por la intensificación de los problemas en los mercados monetarios y crediticios de los países industriales, desatados a partir de la crisis del mercado hipotecario subprime. Aunque evaluaciones de su extensión y sus eventuales consecuencias en las economías reales son aún prematuras, se argumenta que sus efectos en el crecimiento de Estados Unidos y de la economía mundial, no serían marginales. En el caso de Estados Unidos, la transmisión sería a través de una profundización del ajuste en la construcción de viviendas, menor dinamismo del consumo privado, y una más aguda restricción crediticia. El resto del mundo sufriría los efectos del menor crecimiento de Estados Unidos, de mayores primas por riesgo y una mayor restricción crediticia. En contraste, hasta ahora los precios de los productos primarios no han sido mayormente afectados por las turbulencias financieras, e incluso el precio del petróleo alcanza niveles de precio récord en dólares. Agrega el Presidente señor Corbo que con una inflación por encima del límite superior del rango de tolerancia, con un nivel de producto que prácticamente no difiere del producto de tendencia, con un crecimiento proyectado del PIB por encima del crecimiento de PIB de tendencia, y con proyecciones de inflación anual que continuarían aumentando en los próximos meses, sigue siendo necesario evitar una eventual propagación no habitual de esta alza en la inflación anual a otros precios y a las expectativas de inflación de mediano y largo plazo. Señala el señor Presidente que el reciente IPoM proyecta que en el escenario más probable será necesario continuar reduciendo el estímulo monetario, especialmente en el horizonte cercano, para que la inflación se mantenga en 3% en el horizonte de política. Por lo anterior, lo más adecuado es subir la tasa de política monetaria en 25 puntos base. Sin embargo, indica el señor Presidente, que con el deterioro de los mercados financieros internacionales y el resultante aumento en el riesgo a la baja en el crecimiento mundial, lo más prudente en esta ocasión es condicionar el curso futuro de la política monetaria a la evolución de la economía internacional y sus implicancias para la inflación proyectada. Por lo anterior, el Presidente señor Vittorio Corbo señala que su voto es por un aumento de 25 puntos base en la Tasa de Política Monetaria.",,RPM-2007-09-13,1468,1,True,2007,3308,529,False,False,12,True,autoridad_señal,2007_mixto
2007-06-14,1720,RPM-2007-06-14:1305:1,Manuel Marfán Lewis,Consejero,acuerdo_comunicado,acuerdo_comunicado,"El Consejero señor Manuel Marfán señala que, como es habitual, agradece el análisis del staff. Menciona el citado Consejero, que el escenario externo de hoy día presenta diferencias significativas, respecto del de hace solo un mes. En lo positivo, destaca una menor probabilidad de que la economía de los Estados Unidos caiga en recesión, a la vez que se aprecia un fortalecimiento de la demanda interna en los principales mercados internacionales. En lo negativo, destaca el fuerte e inesperado aumento de las tasas de interés de largo plazo en las principales economías, especialmente en los Estados Unidos. Indica que aunque la economía chilena es más resistente a los eventos externos que en el pasado, no puede ni debe desentenderse de esa evolución de las tasas externas. Agrega, que el grado de desacoplamiento de Chile no puede sustraerse a eventos comunes en la economía internacional. Con todo, señala el señor Consejero que aún es prematuro desentrañar si el cambio en las tasas de largo plazo es consecuencia de un fenómeno transitorio, por ejemplo un sell off, o si se trata de un cambio más duradero. En este último evento, los actuales precios financieros anticipan alzas en las tasas de política en todas las principales economías del mundo en el curso de este año. Señala que también es significativo, aunque con menor relevancia que lo anterior, que ha continuado aumentando el precio internacional de alimentos relevantes para los precios internos de Chile y que el precio del petróleo sería superior al que se percibía. En estos casos, le parece que lo importante es la trayectoria de corto plazo de estos precios, ya que no hay indicios que los principales precios internacionales a fines del horizonte de proyección, serían distintos a los contemplados en el escenario base. En lo interno, comenta el Consejero Marfán que los mayores precios internacionales señalados, y un aparente realineamiento del precio interno de los remedios, parecen estar disipando el evento que se preveía en cuanto a que la inflación anual se ubicaría por debajo del 2% en el corto plazo. Señala que por la aplicación simple del principio de Taylor, de confirmarse esta evolución, se requeriría de un ajuste de la tasa de política monetaria a corto andar. La actividad, y particularmente la demanda interna, en tanto, han evolucionado con más dinamismo que el previsto. Por último, indica que no se observan elementos de presión inflacionaria en la evolución de las remuneraciones. Menciona el señor Consejero, que las tasas de interés de largo plazo internas han seguido una evolución parecida a las internacionales, aunque con algo de menor fuerza debido a los efectos del sell off interno, que parece ya haber concluido. Agrega que todo lo anterior apunta de manera no ambigua a que el próximo movimiento de tasas en Chile debiera ser al alza. En este plano, señala que coincide con la Gerencia de División Estudios en que las opciones a evaluar en esta oportunidad son mantener o elevar la Tasa de Política Monetaria. Señala que los eventos que apuntan en la dirección de aumento son muy recientes, y falta aún evaluar su permanencia en el tiempo. Las expectativas de inflación, en su medición más reciente, aparecen bien ancladas en torno a la meta en el horizonte de política. Le parece al Consejero señor Marfán, que un aumento de tasas en esta oportunidad, sólo podría justificarse por un cambio muy profundo en el escenario base y le parece también que, a menos de un mes de haber presentado el IPoM, se deberían incorporar o evaluar más antecedentes para tomar una decisión tan fuerte como esa. Por esta razón, cree conveniente mantener en esta oportunidad la tasa de política monetaria tal como por lo demás espera la mayor parte del mercado, pero introducir claramente un sesgo al alza en el Comunicado. Por estas razones, el Consejero señor Manuel Marfán manifiesta que su voto es por mantener la Tasa de Política Monetaria en su nivel actual de 5,0%.",,RPM-2007-06-14,1305,1,True,2007,3964,659,False,False,12,True,autoridad_señal,2007_mixto
2012-04-17,6763,RPM-2012-04-17:4788:2,Rodrigo Vergara Montes,Presidente del Banco Central,acuerdo_comunicado,acuerdo_comunicado,"En consecuencia, el Presidente señor Rodrigo Vergara deja constancia que se acuerda por unanimidad de los señores Consejeros mantener la TPM en 5,0% anual.",,RPM-2012-04-17,4788,2,True,2012,155,24,False,False,12,True,autoridad_señal,2012_13_mantiene
2010-07-15,4874,RPM-2010-07-15:3276:1,José De Gregorio Rebeco,Presidente del Banco Central,escenario_internacional,escenario_internacional,"El Presidente señor José De Gregorio plantea que la economía chilena y su entorno externo evolucionan de manera coherente con el escenario central del último IPoM. Destaca que, en el margen, la actividad doméstica sorprendió al alza, lo que ha llevado a los analistas privados a aumentar su proyección para la expansión del PIS durante este año. Indica, asimismo, que las proyecciones más recientes del FMI y de Con sensus Forecasts prevén un crecimiento para el mundo algo superior al del último ¡PoM, pero que las diferencias no son lo suficientemente significativas como para afectar el escenario central del Banco. Por otra parte, señala que resulta importante subrayar que las proyecciones internacionales no han mostrado cambios respecto de las observadas antes de que se desataran las tensiones financieras en Europa, lo que responde, en parte, a un mejor desempeño de la economía mundial durante el primer trimestre. Con todo, hace presente que el escenario internacional sigue mostrando una recuperación pausada y heterogénea, a pesar que las tensiones financieras siguen aportando una cuota de incertidumbre importante que, a su juicio, debe ser debidamente considerada en la evaluación que efectúe el Banco sobre los riesgos que enfrenta la economía chilena. Agrega que la economía mundial seguirá con un crecimiento pausado y que no se puede descartar alguna desaceleración en los países industriales, debido al proceso de desapalancamiento de los elevados niveles de deuda, al retiro de los estimulas fiscales, en especial en economías con situaciones fiscales delicadas, y al aumento de tensiones financieras. No obstante, sostiene que estos riesgos, en su estado actual, no debieran afectar el curso que hoy se espera de la política monetaria. En el ámbito inflacionario, el Presidente señor José De Gregorio menciona que los registros de inflación de junio fueron levemente inferiores a los esperados, tanto para el IPC como el IPCX, que el IPCX1 registró una sorpresa positiva, y que estas desviaciones, que están dentro de rangos normales, confirman las principales tendencias contenidas en el último IPoM. Añade que la inflación sigue contenida y que los actuales niveles de brecha, así como la evolución de los determinantes de los costos de producción, hacen prever que, salvo por algunos aumentos de algunos precios puntuales, la inflación seguirá acotada en el futuro inmediato. Sin embargo, hace notar que la vigorosa recuperación de la economía hace anticipar que la inflación irá en aumento, lo que hacenecesario continuar con el proceso de normalización de las condiciones financieras.",,RPM-2010-07-15,3276,1,True,2010,2612,407,False,False,12,True,autoridad_señal,2010_alza_emergencia
2015-04-16,9078,RPM-2015-04-16:6698:1,Diego Gianelli Gómez,Jefe del Departamento Análisis Internacional,escenario_internacional,escenario_internacional,"El señor Diego Gianelli expresa que el desempleo se ha movido al alza en la mayoría de los países latinoamericanos, pero en magnitudes estadísticamente poco significativas. En referencia a las proyecciones del WEO del mes de abril, destaca que tienden a validar las proyecciones internas consignadas en el IPoM. Es más, los datos de crecimiento mundial para los años 2015 y 2016 coinciden con los contemplados en dicho Informe. Tratándose de Estados Unidos de América, en cambio, ha reducido sus proyecciones desde 3,6 a 3,1% para este año y de 3,3 a 3,1% para el próximo, superando en solo una décima las estimaciones internas para ambos ejercicios. En el caso de Europa, comenta que el WEO aumentó sus proyecciones respecto del update del mes de enero desde 1,2 a 1,5% para el presente año, cifra que coincide con nuestra estimación y la del Banco Central Europeo. Para el año 2016, en cambio, si bien la elevó desde 1,4 a 1,7%, es inferior al 1,9% proyectado internamente. Asimismo, destaca que dicho informe mantuvo su visión más pesimista respecto de China, en particular para el 2016, proyectando para dicho año un crecimiento de solo 6,3%, inferior al 6,7% consignado en el último IPoM. Agrega que el WEO también recortó las proyecciones para el resto de las economías emergentes, en particular para América Latina y especialmente para Brasil, economía que exhibiría una tasa de crecimiento de -1,0% este año. Para Colombia y Perú, en tanto, si bien recortó sus proyecciones para el presente ejercicio, mantuvo expectativas relativamente altas para el próximo y de 5,0% tratándose de Perú.",,RPM-2015-04-16,6698,1,True,2015,1596,264,False,False,12,True,staff_señal,2015_quiebre
2015-10-15,9523,RPM-2015-10-15:7058:5,Claudio Raddatz Kiefer,Gerente de División Política Financiera,mercado_laboral,mercado_laboral,"En relación con los mercados laborales latinoamericanos, el Gerente de División Política Financiera señor Claudio Raddatz hace referencia a la reciente presentación del reporte semianual sobre salarios y mercado laboral para la región, a cargo de la oficina del Economista Jefe para América Latina y el Caribe del Banco Mundial señor Augusto de la Torre, oportunidad en que se dio cuenta de un mercado laboral relativamente dinámico respecto de la situación de crecimiento que exhibe la región —similar a la situación chilena—, así como de los primeros signos de debilitamiento en muchos países en lo concerniente a composición del empleo, disminución de la participación de los jóvenes en la fuerza de trabajo, lo que se proyectaría hacia adelante.",,RPM-2015-10-15,7058,5,True,2015,749,118,False,False,12,False,resto_sin_señal,2015_quiebre
2013-04-11,7604,RPM-2013-04-11:5492:1,Manuel Marfán Lewis,Vicepresidente del Banco Central,acuerdo_comunicado,acuerdo_comunicado,"El Vicepresidente señor Manuel Marfán consulta por el gráfico que exhibe la evolución de los salarios conforme a cláusulas de indexación, y solicita que sea incluido en la parte principal de la presentación de manera permanente considerando la relevancia de determinar si la desaceleración de los salarios nominales obedece a una disminución de la inflación o por razones de lógica del mercado del trabajo. En su opinión, el hecho de atribuir la moderación de los salarios nominales a la evolución de la actividad en el sector construcción, lleva a pensar que ellos se moderan de acuerdo a una dinámica de demanda laboral, en circunstancias que su impresión es que obedece a otro factor relevante, porque la inflación de los últimos seis meses ha sido anormalmente baja. En consecuencia, reitera la conveniencia de contar con el gráfico antedicho para efectos de favorecer una buena discusión sobre la materia.",,RPM-2013-04-11,5492,1,True,2013,910,147,False,False,12,True,autoridad_señal,2012_13_mantiene
2014-11-18,8826,RPM-2014-11-18:6487:1,Rodrigo Vergara Montes,Presidente del Banco Central,mercados_financieros,mercados_financieros,"El Presidente señor Rodrigo Vergara da inicio a la Reunión de Política Monetaria N° 216, comunicando que de conformidad con el Reglamento que rige estas Sesiones, ha resuelto que la Reunión de Política Monetaria correspondiente al mes de mayo de 2015 se celebre el día jueves 14 de ese mes. A continuación, el Presidente señor Rodrigo Vergara ofrece la palabra al Economista Senior de la Gerencia de División Estudios señor Alfredo Pistelli para efectos de que presente el escenario externo.",,RPM-2014-11-18,6487,1,True,2014,491,80,False,False,12,False,resto_sin_señal,2013_14_bajas
2010-01-14,4280,RPM-2010-01-14:2883:1,Sebastián Claro Edwards,Consejero,acuerdo_comunicado,acuerdo_comunicado,"el Consejero señor Sebastián Claro señala que las últimas cifras conocidas, tanto en el ámbito nacional como internacional, confirman las tendencias proyectadas en el último tiempo, estimando que este es el principal insumo para la presente Reunión. Plantea que la implicancia fundamental es la de no innovar, por lo que vota por mantener la TPM en su nivel actual y continuar con el programa anunciado de modificación de la FLAP de acuerdo con lo previsto. En el ámbito internacional, indica que las cifras han sido positivas y confirman una recuperación de la actividad y de la demanda, subsistiendo todavía una inquietud sobre la velocidad de mediano plazo, esto es, entre 2011 y 2012, de la actividad en el mundo desarrollado. Señala que llama la atención la cautela planteada por las autoridades monetarias norteamericanas, que, en su opinión, reflejan la percepción de que parte de la tranquilidad y de la creciente actividad en los mercados financieros y monetarios parece muy dependiente de la proactividad de los bancos centrales. Subraya que esto es preocupante porque necesariamente parte de los estímulos deberán retirarse, si no aquellos referidos al bajo costo del dinero, sí los relacionados con el seguro que la FED está otorgando a todas las operaciones monetarias. El señor Sebastián Claro destaca luego la evolución de los precios de los commodities, ya que su incremento ha sido importante y no parece estar dominado por efectos cambiarios. Su implicancia sobre las proyecciones de inflación a mediano plazo deberá ser evaluada oportunamente, puntualiza. En el plano interno, el señor Claro afirma que la cifra de actividad mensual estuvo por sobre lo previsto y que la cifra de inflación estuvo en línea con las expectativas del mercado e internas, aunque con una composición algo diferente. Agrega que la cifra de actividad es favorable, pero contiene un componente importante asociado a sectores de recursos naturales. En opinión del señor Consejero, ninguna de estas cifras constituye evidencia de algún desvío relevante sobre las perspectivas de inflación o de la trayectoria esperada de la política monetaria, lo que justifica enviar esa comunicación al mercado. Sostiene que la menor cifra de inflación subyacente en componentes ligados al sector transable puede estar reflejando efectos de la apreciación cambiaria, pero que ello puede corresponder a un adelantamiento del efecto cambiario, por lo que las menores cifras de inflación subyacente observadas no deben traducirse automáticamente como menores presiones inflacionarias hacia mediano plazo. Respecto de los mercados monetarios y crediticios, el señor Sebastián Claro plantea que la menor incertidumbre y las positivas cifras de actividad comienzan a dar inicio a un cambio de portafolio gradual en los agentes del mercado, con lo que la alta liquidez comienza a generar un efecto expansivo de la política monetaria importante, y que ello se puede estar reflejando en la baja en las tasas de interés, tanto del mercado monetario como de largo plazo. Añade que la creciente evolución de los saldos en la FLAP es coherente con lo expuesto, aspecto que deberá ser cuidadosamente evaluado en las próximas Reuniones. Finalmente, reitera su preocupación por la tasa de crecimiento de los salarios nominales, que aún se mantiene en tasas superiores al 5%, reflejando la dificultad para ajustarse a las condiciones cíclicas. En razón de lo expuesto, el Consejero señor Sebastián Claro vota por mantener la TPM en su nivel actual y redactar un comunicado similar al anterior.",,RPM-2010-01-14,2883,1,True,2010,3553,560,False,False,12,True,autoridad_señal,2010_alza_emergencia
2009-04-09,3508,RPM-2009-04-09:2490:1,José De Gregorio Rebeco,Presidente del Banco Central,acuerdo_comunicado,acuerdo_comunicado,"El señor Presidente ofrece la palabra al Gerente de División Estudios señor Pablo García, para que presente las Opciones de Política Monetaria para esta Reunión.",,RPM-2009-04-09,2490,1,True,2009,161,25,False,False,12,True,autoridad_señal,2009_bajas
2011-02-17,5473,RPM-2011-02-17:3731:1,Sergio Lehmann Beresi,Gerente de Análisis Internacional,escenario_internacional,escenario_internacional,"El señor Sergio Lehmann responde que ese promedio corresponde, efectivamente, al promedio simple y que el planteamiento del señor Presidente es correcto. En materia de política monetaria, informa que las economías emergentes continúan con el proceso de normalización de tasas, y que China y Rusia han adoptado, adicionalmente, medidas de mayor exigencia de reservas, lo cual también tendría un efecto contractivo en la política monetaria. Asimismo, y a modo de referencia, indica que con respecto al promedio de las TPM del período 2007 - 2008, es decir, antes de la crisis, se observa que, en general, todos los países de la muestra están bastante por debajo de los niveles de TPM de ese bienio, con excepción de los BRIC, esto es, Brasil, Rusia, India y China, cuyas TPM actuales no distan significativamente del promedio de ese entonces. El señor Sergio Lehmann prosigue, mencionando que se mantienen las expectativas de alzas de la TPM, con trayectorias algo más aceleradas en América Latina y un ligero adelanto en las economías desarrolladas en relación con un mes atrás. Hace notar que en el caso de Europa emergente, las expectativas están algo por debajo de lo observado en enero último y que ello podría estar asociado a presiones inflacionarias o visiones respecto de proyecciones inflacionarias algo menores. Comenta, sin embargo, que por el lado de los contratos futuros, se advierten ligeros aumentos en las pendientes en el caso de Estados Unidos, particularmente, y también de Europa. Sostiene que en este continente, los contratos futuros podrían estar afectados por el planteamiento que hizo el Banco Central Europeo tras su última reunión de política monetaria, en el sentido que si bien la tasa por sobre el nivel de confort sería una situación transitoria, estaría dispuesto a actuar en caso que ello fuera más persistente. En relación con las tasas de interés, el señor Sergio Lehmann señala que las tasas largas han aumentado en las economías desarrolladas, en línea con mejores cifras de actividad. Destaca, particularmente, el movimiento de las tasas largas de Estados Unidos, cuyo incremento alcanzó a 40 - 50 puntos base, aproximadamente, durante el último mes, con una ligera reversión en la punta, asociada a perspectivas de actividad mayores que lo anticipado un mes atrás. Aclara que la tasa real ha subido en una magnitud similar, por lo que esta alza no es atribuible a mayores perspectivas inflacionarias, sino que a una visión en términos de actividad aparentemente algo mejor. De hecho, informa que horas antes se publicó la minuta que da cuenta que la Reserva Federal corrigió al alza su proyección de crecimiento al cuarto trimestre de este año en alrededor de 50 puntos base respecto de un trimestre atrás, lo que es coherente con las cifras de Consensus Forecasts, que ha revisado sus proyecciones en una magnitud similar, desde 2,7 a 3,2% para este año.",,RPM-2011-02-17,3731,1,True,2011,2894,473,False,False,12,True,staff_señal,2011_alza
2014-05-15,8487,RPM-2014-05-15:6221:1,Rodrigo Vergara Montes,Presidente del Banco Central,opciones_tpm,opciones_tpm,"El Presidente señor Rodrigo Vergara deja constancia que la Reunión de Política Monetaria de noviembre de 2014 se efectuará el día martes 18 de ese mes y, a continuación, concede la palabra al Gerente de División Estudios señor Luis Óscar Herrera a fin de que presente al Consejo las Opciones de Política Monetaria que se han considerado en esta oportunidad.",,RPM-2014-05-15,6221,1,True,2014,357,60,False,False,12,True,autoridad_señal,2013_14_bajas
2008-04-10,2413,RPM-2008-04-10:1761:1,Manuel Marfán Lewis,Consejero,otros,otros,"El Consejero señor Manuel Marfán sobre el mismo tema, menciona que el trigo
chileno que es el que se utiliza fundamentalmente para producir el pan chileno, no es el más
apropiado para venderlo internacionalmente, y que el trigo que se transa en el resto del mundo
y especialmente en Argentina, no es bueno para producir el pan chileno. Por consiguiente,
concluye el Consejero señor Marfán que este fenómeno actúa para ambos lados. Agrega, que
para mantener una misma calidad en la producción del pan se importa trigo de Egipto, de
Estados Unidos de América o de otras partes que no estén afectadas por pestes.",,RPM-2008-04-10,1761,1,True,2008,609,104,False,False,12,True,autoridad_señal,2008_crisis_alza
2009-05-07,3526,RPM-2009-05-07:2505:1,José De Gregorio Rebeco,Presidente del Banco Central,escenario_internacional,escenario_internacional,el Presidente ofrece la palabra al Gerente de Análisis Internacional señor Sergio Lehmann Beresi para que efectúe la exposición sobre el escenario internacional.,,RPM-2009-05-07,2505,1,True,2009,161,23,False,False,12,False,resto_sin_señal,2009_bajas
2015-07-14,9309,RPM-2015-07-14:6881:1,Sebastián Claro Edwards,Consejero,acuerdo_comunicado,acuerdo_comunicado,"El Consejero señor Sebastián Claro expresa que los efectos sistémicos de la situación en Grecia no serían acotados. En su opinión, la información disponible no es suficiente para descartar que un descalabro mayor en dicha economía sea inocuo para el resto de Europa, y dificulta que el reciente acuerdo ponga fin a los problemas en esa economía. Respecto de China, dificulta también que el boom y el bust de la bolsa digan relación con perspectivas inciertas sobre la actividad de esa economía. A su juicio, las dudas se centran en el nivel de compromiso de las autoridades con la reforma — porque frenar el crédito en el shadow banking o potenciar un mercado de bonos significa entrar en el juego de los mercados, que es sinónimo de volatilidad— y su capacidad y disposición para favorecer verdaderamente mecanismos de mercado en la asignación de recursos. A su juicio, lo más claro ha sido la reacción agresiva de las autoridades para tratar de controlar la caída de la bolsa, levantando dudas sobre su capacidad y disponibilidad de favorecer verdaderamente mecanismos de mercado en la asignación de recursos. Por otra parte, resalta la importante salida de capitales desde China y la reticencia de sus autoridades a dejar depreciar el yuan, lo que en la práctica ha significado una política monetaria bastante restrictiva, con tasas en el mercado monetario que han ido subiendo significativamente. Por tanto, hay una clara e importante tensión respecto de la capacidad de sostener estas salidas de capitales y de mantener el tipo de cambio fijo. Al finalizar su intervención, el Consejero señor Sebastián Claro menciona que si bien las proyecciones de crecimiento de América Latina se han estabilizado en niveles relativamente bajos para este año y el próximo, persiste la incertidumbre respecto del momento en que Colombia y Perú exhibirán un ajuste mayor.",,RPM-2015-07-14,6881,1,True,2015,1860,304,False,False,12,True,autoridad_señal,2015_quiebre
2012-01-12,6480,RPM-2012-01-12:4555:3,Sebastián Claro Edwards,Consejero,riesgos,debate,"El Consejero señor Sebastián Claro concluye que la masa salarial nominal está creciendo al 10%, ya que los salarios nominales lo hacen al 6% y el empleo asalariado al 4%.",,RPM-2012-01-12,4555,3,True,2012,170,30,False,False,12,False,resto_sin_señal,2012_13_mantiene
2006-11-16,1276,RPM-2006-11-16:979:1,Pablo García Silva,Gerente de División Política Financiera,apertura_cierre,riesgos,"El Gerente de División Política Financiera señor Pablo García, señala que
concuerda con la recomendación de la Gerencia de División Estudios en orden a que la opción
para hoy es bastante obvia en términos de la mantención de la tasa de política monetaria, y
que el principal asunto a discutir es la eventual modificación del sesgo implícito que el actual
comunicado tiene y que se mantiene desde el último informe. El Gerente de División Política
Financiera cree que hay tres puntos que destacar y que dicen relación con la elevada
incertidumbre que se tiene para la marcha de la economía en los próximos dos trimestres. El
primero se refiere a que el escenario de proyección que se vio en la mañana tiene una
trayectoria inflacionaria para la inflación subyacente que, como se discutió, parece ser inferior a
la que tiene el mercado, pero aún así considera ya una aceleración en el corto plazo de cifras
del orden de dos puntos base anualizados a cifras del orden de tres puntos base anualizados
en el curso de aquí a fines de año. Al respecto, comenta que la aceleración de la inflación
subyacente está por verse. El señor Pablo García menciona que el segundo punto es que algo
similar ocurre con el ritmo de crecimiento de la economía. Indica que para los próximos dos
trimestres, el escenario considera un cierre de brechas de prácticamente 5 puntos porcentuales
en solamente dos trimestres, y señala que obviamente hay factores puntuales que tienen que
ver con la minería y con aspectos que se han detectado este año, pero de todas maneras hay
que notar que esto es un ritmo de aceleración en un plazo corto que solamente es comparable
a lo que se dio previo al ciclo expansivo de fines de 2000 y de principios de 2004, donde
existían condiciones de compresión de la demanda interna y una disminución de stocks que
eran bastante significativos y que luego se relajaron y motivaron esta aceleración. Agrega el
Gerente de División Política Financiera, que a futuro a estos textos puntuales va a ser difícil de
argumentar que existe esa fuerza o ese impulso macro retenido que se tenía y que éste se
vaya a liberar rápidamente. Finalmente, el Gerente de División Política Financiera se refiere a
las dudas que se plantearon en la reunión de la mañana con respecto a qué es lo que ocurre
con la situación cíclica en la Reserva Federal.
En esta situación, las implicancias para la
política monetaria hacen bastante poco factible que se tenga como escenario para la tasa de
política monetaria su mantención en un nivel estable por un período prolongado un año o algo
así para luego normalizarse. Dicho escenario, que es el piso en el IPoM y que en cierta medida
se ha mantenido en los comunicados requiere dos cosas: lo primero, que ninguno de estos
escenarios de riesgo de corto plazo se materialicen y, lo segundo, es que efectivamente se
tiene considerado como un impulso macro hacia delante que la política fiscal en las condiciones
internas llegue a un mayor crecimiento de la economía en Chile. Agrega el Gerente de División
Política Financiera que hay dos elementos de los cuales se tiene una gran cantidad de
incertidumbres asociadas. Finalmente, el Gerente de División Política Financiera agrega que
cree que en lo concreto sería muy conveniente que en la actualidad y en el comunicado se dé
una señal hacia una mayor neutralidad en el sesgo implícito de los movimientos futuros de la
tasa de política monetaria.",,RPM-2006-11-16,979,1,True,2006,3420,586,False,False,12,True,staff_señal,2006_alza_fin
2015-12-17,9651,RPM-2015-12-17:7163:1,Diego Gianelli Gómez,Jefe del Departamento Análisis Internacional,mercados_financieros,mercados_financieros,"El señor Diego Gianelli menciona que una posible explicación es que la proyección de inflación de dicho organismo era algo más baja que la de Consensus Forecast; luego, la corrección marginal podría ser reflejo de un ajuste de su estimación a la de mercado. El señor Diego Gianelli retoma su exposición, indicando que las reacciones al alza de tasa en Estados Unidos de América han sido bastante acotadas, dado que el mercado ya había internalizado dicho movimiento. De hecho, la volatilidad se ha mantenido en niveles acotados; las monedas se depreciaron levemente, en especial en la Zona Euro, donde el euro había exhibido una significativa apreciación después de la reunión del Banco Central Europeo; las tasas de interés registraron caídas, con la clara excepción de Brasil, en parte por la rebaja de su calificación de deuda realizada por la agencia clasificadora de riesgo Fitch; los mercados bursátiles anotaron aumentos importantes; y se observaron presiones en los CDS. Hace notar que en el episodio de alza de tasas del año 2004, la Reserva Federal elevó la tasa a un ritmo mayor que lo esperado por el mercado, pero la compresión de premios por plazo contuvo las tasas largas, dificultando el accionar de la Reserva Federal para elevar dichas tasas; en lo reciente, en cambio, la distancia entre los anuncios de ese organismo y las estimaciones del mercado parece ser bastante menor, en particular, en los tramos largos. Añade que en la coyuntura actual, la Reserva Federal no enfrentaría mayores dificultades para elevar las tasas largas, debido a que los premios por plazo se ubican en niveles muy bajos y a que la distancia que separa a los dots Fed del mercado podría dar lugar a un aumento de dichas tasas si los premios se descomprimen o el mercado comienza a incorporar expectativas más similares a las de los dots. Manifiesta que el mensaje algo menos dovish emitido por el Banco Central Europeo en su última reunión de diciembre se tradujo en un sell-off importante en renta fija y variable y en una depreciación del tipo de cambio en esa región, lo que evidencia la sensibilidad de los mercados financieros a las noticias en materia de política monetaria. Hace notar que ello contrasta con una comunicación exitosa de la Reserva Federal, cuya decisión de alza de tasa no generó mayor volatilidad en los mercados. Consigna que las presiones sobre la apreciación del dólar podrían persistir en la medida que se siga observando una divergencia importante entre las políticas monetarias de la Reserva Federal y del Banco Central Europeo. Hace presente que lo antedicho tiene un correlato en los fundamentos, ya que el nivel de desempleo e inflación en la Zona Euro es coherente con una política monetaria más expansiva, no así en Estados Unidos de América. Asimismo, destaca que varios bancos centrales han debido revertir el proceso de normalización de sus políticas monetarias. En efecto, muchos elevaron sus tasas de interés entre los años 2011 y 2012 y luego debieron recortarlas a fines del 2012, entre ellos el Banco Central de Nueva Zelanda, que lo hizo el año pasado. Indica que dos elementos observados desde entonces deben tenerse presente. En primer término, en el año 2012, el deterioro de la situación en Europa, asociado al problema de Grecia, llevó el Banco Central Europeo a bajar la tasa rectora, arrastrando a Suecia, Australia y Noruega. Luego, Nueva Zelanda comenzó a subir su tasa a comienzos del año 2014; sin embargo, la caída en los precios de combustibles y un deterioro adicional del precio de los commodities lo llevó a revertir el ciclo de alzas de tasa. Con todo, al observar las diferencias de las tasas reales de un grupo de economías respecto de sus niveles máximos post 2010, medidas con expectativas de inflación a doce meses y con la inflación headline, se advierten resultados mixtos; no obstante, la mayoría de los bancos centrales analizados tienen hoy políticas monetarias efectivas más expansivas que las que tenían en el punto más alto de este mini ciclo de alza de tasas. En materia de precios de activos financieros, señala que al excluir el efecto del anuncio de la Reserva Federal del día de ayer, se observa una caída importante de los precios de activos de renta variable en el último mes, que es consistente con una recomposición de portafolios hacia activos menos riesgosos; aumentos en las paridades; movimientos mixtos en tasas — caída en la Zona Euro y alzas en las economías emergentes—; y aumentos en CDS, particularmente en América Latina, donde destacan Brasil y Colombia. Añade que en lo que va corrido del año, el deterioro de las condiciones financieras en las economías emergentes es muy notorio, en especial en América Latina. En efecto, en los países de la región se observa una depreciación generalizada de sus monedas, un aumento de sus tasas a 10 años plazo, caídas en sus mercados bursátiles, y alzas significativas de sus CDS. En materia de flujos de capitales, consigna que las salidas registradas durante el año desde las economías emergentes son comparables con las observadas en el episodio posterior al taper tantrum.",,RPM-2015-12-17,7163,1,True,2015,5106,853,False,False,12,True,staff_señal,2015_quiebre
2012-07-12,6929,RPM-2012-07-12:4924:1,Luis Óscar Herrera Barriga,Gerente de División Estudios,mercado_laboral,mercado_laboral,"El señor Luis Óscar Herrera señala que la masa salarial exhibe una leve aceleración, al aumentar en términos nominales desde 8%-8,5% a 8,5%—9%, aproximadamente, por cuanto los salarios también se han incrementado.",,RPM-2012-07-12,4924,1,True,2012,213,32,False,False,12,False,resto_sin_señal,2012_13_mantiene
2013-06-13,7759,RPM-2013-06-13:5626:1,Joaquín Vial Ruiz-Tagle,Consejero,acuerdo_comunicado,acuerdo_comunicado,"El Consejero señor Joaquín Vial inicia su intervención agradeciendo el excelente análisis de los personeros de la Gerencia de División Estudios, que como es habitual ha aportado antecedentes muy útiles para fines de la decisión de política monetaria. Expresa que del análisis presentado sobre la economía internacional se colige que se tiende a consolidar un escenario de recuperación lenta, pero sólida, en Estados Unidos de América, junto con un crecimiento más moderado de China y el resto de los países emergentes. Agrega que la actividad económica en Japón parece estar respondiendo a los nuevos estímulos, aunque llama la atención la rapidez con que han comenzado a revertirse los primeros impactos de los anuncios sobre los mercados de activos financieros. En su opinión, este escenario global representa un progreso hacia la normalidad, por lo que es bienvenido, sin perjuicio que está impulsando a la baja los precios de las materias primas en el corto plazo y poniendo presión al alza en lo concerniente a las primas de riesgo de los países emergentes. Hace notar que los capitales parecen estar retornando a sus países de origen, lo que se traduce en salidas netas desde países emergentes, tendencia que de continuar, podría complicar el manejo macro-financiero de aquellos países más dependientes del financiamiento externo. A su juicio, es muy importante vigilar de cerca la evolución de los flujos de capitales y de los mercados financieros, porque la permanencia e intensidad de esta reversión de flujos de capitales serán claves para definir el escenario financiero que enfrentan países como Chile. En lo referente al ámbito local, se afianza la esperada desaceleración, aunque todavía la demanda interna sigue creciendo más rápido que el PIB. Asimismo, persisten algunas dudas acerca de la evolución del consumo de bienes, especialmente durables, que aún no da señales claras de ajuste. Si bien la inversión total se desacelera, su ajuste es dispar, ya que es muy intenso en las compras de maquinaria y equipos y muy inferior en construcción. Por otra parte, los últimos datos fiscales muestran una aceleración en la ejecución del presupuesto de inversión del gobierno. Menciona que la inflación sigue baja y que las expectativas para la inflación a fin de año siguen centradas en la parte baja del rango. Con todo, preocupa que la brecha entre el aumento de los salarios efectivos y los calculados de acuerdo a los patrones de indexación siga aumentando persistentemente, lo que plantea desafíos crecientes a mediano plazo. En momentos en que el aumento del empleo converge a tasas sostenibles, esta aceleración de los salarios reales es un factor de dinamización del consumo que, a su juicio, debe ser observado con atención. Conforme a lo expuesto, y dado que el nivel actual de la TPM se ubica en niveles aproximadamente neutrales, el Consejero señor Joaquín Vial manifiesta concordar con la recomendación de la Gerencia de División Estudios en orden a mantener la TPM en 5% anual.",,RPM-2013-06-13,5626,1,True,2013,3002,485,False,False,13,True,autoridad_señal,2012_13_mantiene
2011-12-13,6371,RPM-2011-12-13:4469:1,Manuel Marfán Lewis,Vicepresidente del Banco Central,riesgos,debate,"El Vicepresidente señor Manuel Marfán pregunta por el porcentaje de la desaceleración de la producción industrial que puede ser explicada por las exportaciones y, en particular, si acaso el debilitamiento de los mercados de Estados Unidos y Europa se debe a ese mecanismo o a las expectativas.",,RPM-2011-12-13,4469,1,True,2011,293,47,False,False,13,False,resto_sin_señal,2011_alza
2007-04-12,1608,RPM-2007-04-12:1220:1,Vittorio Corbo Lioi,Presidente del Banco Central,acuerdo_comunicado,acuerdo_comunicado,"El Presidente señor Vittorio Corbo, señala que el entorno externo global mejora en el margen. El crecimiento se fortalece fuera de los Estados Unidos de América, a pesar del progreso en la desaceleración del crecimiento en la principal economía del mundo. Los precios de los productos primarios retornan una tendencia al alza, la volatilidad de los mercados financieros se reduce y las primas por riesgo de países emergentes descienden a niveles que se transforman en récord históricos. Agrega que los principales riesgos que enfrenta en el corto a mediano plazo este muy favorable escenario, son el comportamiento del crecimiento en Estados Unidos de América de la inflación en ese país y en la zona Euro. Señala el señor Presidente que este escenario externo es más favorable en el margen para Chile, con excepción del aumento reciente en el precio del petróleo. Menciona que en la economía interna, el crecimiento del primer trimestre muestra un importante aumento. Por el lado de la demanda, el consumo habitual crece con relativa fuerza desde hace varios trimestres, mientras el consumo durable después de un débil mes de enero tuvo un importante repunte en el mes febrero. Por su parte, indica que el dinamismo del consumo privado se apoya en un empleo asalariado, que continúa aumentando a tasas que ahora vuelven a superar el 4% anual, en salarios que crecen a tasas reales en torno al 3% anual y en el mantenimiento de condiciones financieras favorables. En lo que se refiere a la inversión, la recuperación iniciada en el cuarto trimestre del 2006 sigue su curso. En particular, las importaciones de bienes de capital tuvieron un alto crecimiento en marzo. La expansión de la inversión se apoya en buenas rentabilidades de las empresas y también en las favorables condiciones financieras internas. En paralelo, los valores de las exportaciones no mineras siguen creciendo a tasas elevadas. Indica el señor Presidente que hasta ahora, los datos de crecimiento han estado en línea con lo que se proyectaba para el primer trimestre, en el último Informe de Política Monetaria. Agrega que el buen escenario externo y, en particular, el repunte en el precio del cobre anticipan una situación fiscal más expansiva el 2008, que debiera seguir apoyando el crecimiento. En cuanto a la inflación, la del IPC del primer trimestre estuvo en línea con la proyectada en el Informe de Política Monetaria mientras que la inflación del IPCX1 fue marginalmente mayor. Sin embargo, señala que en este frente han surgido noticias que pueden terminar alterando el escenario central presentado en el último Informe de Política Monetaria en los trimestres próximos. Indica que entre éstas hay que destacar el efecto final que pueda tener en los precios internos, de mantenerse el alza en los precios de los combustibles, los pronunciados aumentos en los precios de los granos y los aumentos sostenidos en las remuneraciones, aunque está por verse sus efectos en los costos de la mano de obra. Menciona el Presidente señor Corbo, que estos factores pueden terminar generando efectos de primera y segunda vuelta en la inflación futura, que acelerarían la convergencia de la inflación al 3%. En paralelo, le parece que las expectativas de inflación a uno y dos años plazo aumentaron llegando a valores que bordean el 3%. Comenta el señor Presidente que con expectativas de inflación bien ancladas en tom o al 3%, con una economía que retoma su senda de crecimiento, con factores adicionales que debieran contribuir a sostener tasas de crecimiento sobre el 5% anual y con presiones inflacionarias que podrían acelerarse, la convergencia de la inflación al 3% también se aceleraría. En contraposición a lo señalado, el reducido aumento en los costos unitarios del trabajo y los bajos registros proyectados para la inflación del IPC en los próximos meses, pueden terminar reduciendo las proyecciones de inflación para los próximos trimestres, alejando la convergencia de la inflación al 3%. En su opinión, el primer factor es más importante que el segundo y el momento más adecuado de reevaluar las proyecciones de inflación es en el Informe de Política Monetaria de mayo. En estas circunstancias, el Presidente señor Vittorio Corbo, señala que le parece que lo más adecuado es mantener la tasa de política y establecer un sesgo neutral para el futuro de la política monetaria, para así poder analizar cómo los nuevos desarrollos afectan las proyecciones de inflación.",,RPM-2007-04-12,1220,1,True,2007,4449,725,False,False,13,True,autoridad_señal,2007_mixto
2011-04-12,5731,RPM-2011-04-12:3958:1,Claudio Soto Gamboa,Gerente de Análisis Macroeconómico,acuerdo_comunicado,acuerdo_comunicado,"El señor Claudio Soto hace presente que el problema de su interpretación literal radica en que se toman índices y no se tiene una métrica respecto del nivel de la inflación. A título ejemplar, cita el caso del IPEC, que solo refleja si la inflación va a subir de manera importante o no. Finalmente, destaca que, de acuerdo con este indicador, se espera que las expectativas de inflación comiencen a caer. Luego, y con respecto a la evolución de las distintas tasas de interés desde la última RPM, el señor Claudio Soto subraya que las tasas swap han registrado un significativo aumento, mientras que las tasas nominales y reales se han mantenido. En cuanto a la curva forward, reitera que se empinó bastante a plazos cortos desde la última RPM, como consecuencia del alza de las tasas swap. Respecto de la curva del IPoM de marzo, en tanto, hace el alcance que resulta algo engañosa, porque por un tema metodológico se tomó el promedio de los datos correspondientes a los diez días previos a la última RPM y, por lo tanto, no alcanzó a reflejar el movimiento al alza que se vio con posterioridad, con motivo del aumento de la TPM en 50 puntos base acordada en esa oportunidad. Al concluir su exposición, el señor Claudio Soto informa que en relación con las expectativas para esta Reunión, la mayoría de los agentes piensa que se acordará un alza de la TPM de 50 puntos base y que esta llegaría a un nivel de entre 5,5 y 6% a mediados de año. Añade que la EOF, en tanto, ya considera una TPM de 5,5% para septiembre y de 6% a diciembre.",,RPM-2011-04-12,3958,1,True,2011,1536,280,False,False,13,True,staff_señal,2011_alza
2009-05-07,3596,RPM-2009-05-07:2537:8,Pablo García Silva,Gerente de División Estudios,inflacion,inflacion,"Por su parte, el Gerente de División Estudios señor Pablo García señala que se dispone de una que se ha presentado en otras ocasiones. La que se presenta es una demanda a saldos M I, muy por encima de lo que daba la ecuación sobre todo el periodo de boom, con una reversión muy brusca en los últimos meses a un nivel de demanda que es más acorde con el nivel.",,RPM-2009-05-07,2537,8,True,2009,359,71,False,False,13,False,resto_sin_señal,2009_bajas
2013-01-17,7380,RPM-2013-01-17:5302:1,Enrique Marshall Rivera,Consejero,mercados_financieros,mercados_financieros,"El Consejero señor Enrique Marshall estima que es clave tratar de anticipar el comportamiento futuro de la demanda, específicamente si se moderará y a qué ritmo lo hará. En cuanto a los factores exógenos que pueden incidir en ella, señala que la política fiscal está sometida a una regla, razón por la cual no generará cambios abruptos ni significativos sobre ella, mientras que sí podrían esperarse cambios más radicales por el lado financiero, atendido que ya se evidencia un grado de cautela por parte de los bancos. Agrega que el escenario internacional se ha estabilizado y que sí se podrían observar cambios en caso que el precio del cobre experimente un alza significativa. En consecuencia, coincide con el Consejero señor Joaquín Vial en el sentido que la inversión es el factor que está explicando el dinamismo de la economía local. No obstante, advierte que no solo se observan retrasos en los proyectos, sino que también alzas en los costos por concepto de mano de obra y energía, que llevarán a reevaluarlos, y que a ello se suma que el Banco ha introducido un elemento de prudencia al sector inmobiliario. En razón de ello, cabe esperar la convergencia a un escenario en que se observen tasas de crecimiento más normales. Con respecto a la situación de baja inflación, que se explica por factores puntuales, plantea que no solo se extiende ya por un período de seis meses, sino que perduraría por un tiempo más, en especial, si se la asocia en parte a la apreciación del tipo de cambio. Advierte que ello, más la dinámica que exhiben los salarios, constituye un riesgo, porque acelera el consumo, desencadenando la inflación. A su juicio, el tema inflacionario es un riesgo que ha sido minimizado hasta ahora, pero que comienza a aparecer con una fuerza algo mayor. El Consejero señor Enrique Marshall considera que el mapa de riesgos de la economía local ha cambiado, porque el riesgo externo ha disminuido y en el ámbito interno ha surgido el riesgo inflacionario mencionado precedentemente, aunque acotado. En su opinión, la persistencia de la inflación bajo 2% en términos anuales ya no obedece a factores puntuales, por lo que obliga al Banco a modificar su discurso en tal sentido y a determinar qué otros factores determinan la persistencia de la inflación en niveles tan bajos, dado que no resulta suficiente seguir afirmando que se trata en la especie de un escenario transitorio, lo cual debiera ser objeto de especial análisis de manera de contar con elementos complementarios de estudio.",,RPM-2013-01-17,5302,1,True,2013,2512,422,False,False,13,True,autoridad_señal,2012_13_mantiene
2012-04-17,6750,RPM-2012-04-17:4779:1,Rodrigo Vergara Montes,Presidente del Banco Central,opciones_tpm,opciones_tpm,El Presidente señor Rodrigo Vergara concede la palabra al Gerente de División Estudios señor Luis Óscar Herrera para que presente al Consejo las Opciones de Política Monetaria que se han considerado para esta Reunión.,,RPM-2012-04-17,4779,1,True,2012,217,34,False,False,13,True,autoridad_señal,2012_13_mantiene
