intervencion_id,meeting_id,fecha,anio,actor,cargo,grupo_actor,topico,keywords,largo_palabras,flag_cotejo,detalle_cotejo,texto
RPM-2005-01-11:24:1,RPM-2005-01-11,2005-01-11,2005,Jorge Desormeaux Jiménez,Consejero,consejo_votante,mercados_financieros,mercados_financieros,60,False,,"El Consejero señor Desormeaux, en relación a las conclusiones de los antecedentes presentados por el Gerente de Análisis Macroeconómico, señala que un tema que se ha discutido a través del Informe de Política Monetaria, pero que es bueno que se vea de nuevo, es aquel de la evolución del tipo de cambio nominal que tenemos prevista de aquí para adelante."
RPM-2005-01-11:45:1,RPM-2005-01-11,2005-01-11,2005,Rodrigo Valdés Pulido,Gerente de División Estudios,staff_tecnico,opciones_tpm,otros,34,False,,"El señor Rodrigo Valdés señala que hay un proceso de edición de lo que se comunica, y recuerda que en ediciones pasadas, de los últimos meses, sí han habido opciones de 50 puntos base."
RPM-2005-01-11:48:1,RPM-2005-01-11,2005-01-11,2005,Jorge Desormeaux Jiménez,Consejero,consejo_votante,otros,otros,83,False,,"El Consejero señor Desormeaux expresa que resulta conveniente aclarar que mucho antes que se publique la Minuta de esta Acta va a estar disponible el Informe de Política Monetaria, que incursiona mucho más a fondo en todos estos temas y, de este modo, piensa que realmente va a ser dicho documento el que va a recibir el escrutinio público. En su opinión, no le parece que sea esta Acta lo que llame la atención sino que más bien el Informe de Política Monetaria."
RPM-2005-02-10:60:1,RPM-2005-02-10,2005-02-10,2005,Pablo García Silva,Gerente de Análisis Macroeconómico,staff_tecnico,otros,otros,121,False,,"II. Exposición. El Gerente de Análisis Macroeconómico, don Pablo García, en relación con el análisis de los desarrollos económicos y financieros recientes, señala lo siguiente: El entorno macroeconómico presentó algunas modificaciones desde la divulgación del Informe de Política Monetaria, especialmente en lo referido a un mayor crecimiento efectivo del gasto interno y de la actividad en el 2004. Sus tasas de crecimiento han continuado elevadas, estimándose ahora que el PIB del año pasado se habría expandido 5,9%. Estas noticias, sin embargo, son todavía insuficientes como para motivar una revisión significativa del cuadro de proyecciones de mediano plazo. Por el lado de los precios y los costos, la inflación subyacente sigue incrementándose de manera gradual, a un ritmo muy cercano al previsto."
RPM-2005-02-10:73:1,RPM-2005-02-10,2005-02-10,2005,Vittorio Corbo Lioi,Presidente del Banco Central,consejo_votante,otros,otros,16,False,,"El presidente don Vittorio Corbo, consulta si hay algún otro comentario en relación al escenario externo."
RPM-2005-02-10:87:1,RPM-2005-02-10,2005-02-10,2005,Pablo García Silva,Gerente de Análisis Macroeconómico,staff_tecnico,otros,otros,65,False,,"En relación a lo anterior, el señor Gerente de Análisis Macroeconómico hace presente que la tasa de participación ha subido en torno a un punto porcentual en seis meses, lo cual es completamente inusual en el largo plazo. Agrega que han habido períodos de movimientos de esa magnitud tanto a la baja como al alza y, en esta ocasión, se aprecia un incremento bastante fuerte."
RPM-2005-02-10:118:1,RPM-2005-02-10,2005-02-10,2005,Consejo del Banco Central de Chile,Consejo,consejo_entidad,apertura_cierre,apertura_cierre,24,False,,"Siendo las 16:10 horas, se reanuda la Sesión de Política Monetaria N° 74, con la participación de los mismos asistentes indicados en la comparecencia."
RPM-2005-02-10:121:1,RPM-2005-02-10,2005-02-10,2005,Rodrigo Valdés Pulido,Gerente de División Estudios,staff_tecnico,opciones_tpm,otros,610,False,,"5. En principio, los antecedentes acumulados son coherentes con mantener la estrategia de normalización pausada de la política monetaria aplicada desde septiembre pasado, pues ellos parecen insuficientes para modificar de manera significativa el escenario macroeconómico más probable. Sin embargo, si el escenario alternativo de persistencia de las noticias positivas de actividad sigue cobrando importancia, se podría justificar aumentar levemente el ritmo de normalización, aumento que en todo caso podría seguir siendo gradual, en la medida que las presiones inflacionarias actuales se mantengan acotadas. Por lo tanto, las novedades permiten descartar la idea de reducir el ritmo de normalización porque, mientras la inflación siga un curso como el previsto, la situación de mayor crecimiento implicará un mayor uso de las holguras de capacidad que lo anticipado en las proyecciones. 6. Como se ha discutido en otras oportunidades, en esta estrategia de normalización pausada de la política monetaria tienen cabida tanto alzas sucesivas durante algunos meses como pausas en otros, siendo la acumulación de antecedentes mes a mes un elemento fundamental para definir el ritmo preciso. Así, luego de un mes en que se aumentó la tasa de política monetaria, en la estrategia de normalización pausada tienen cabida tanto la mantención de la tasa de política monetaria en esta reunión como un aumento de 25 puntos base. 7. La mayoría de los antecedentes coyunturales apoya un nuevo aumento de tasa de política monetaria en esta reunión. Como se ha visto, por el lado de la inflación efectiva hay relativamente pocas novedades, mientras que el mayor uso de las holguras de capacidad estaría progresando más rápidamente que lo previsto. A ello se suman mejores indicadores de expectativas de hogares y empresas. En este cuadro resulta recomendable continuar transitando hacia una política monetaria más neutral desde el actual nivel considerablemente expansivo, de manera de asegurar que, dados los rezagos que tiene dicha política, el estímulo monetario sea coherente con una inflación proyectada en 3% en el horizonte habitual de política de 12 a 24 meses. 8. Ahora bien, también sería posible justificar mantener la tasa de política monetaria en su nivel actual si se evaluara que detrás del mayor crecimiento existe una expansión especialmente vigorosa del producto potencial, comparable a la del producto efectivo — y, por lo tanto, un cierre de brechas menos pronunciado— y se ponderara más el reducido aumento de los costos laborales. Ambos efectos atenuarían las futuras presiones de precios. La validez de este cuadro, sin embargo, puede ser contrastada con el comportamiento de las medidas de la tendencia inflacionaria, las que deberían mostrar algún grado de estancamiento si las holguras efectivamente fuesen elevadas y persistentes. Aunque las medidas mencionadas siguen aumentando lentamente, todas ellas van en la misma dirección por alrededor de varios meses. 9. En la presente reunión, los elementos tácticos tienen mayor importancia que la habitual. Al respecto cabe considerar, que en los últimos meses la gradualidad del proceso de normalización se ha asociado con pausas en los cambios de la tasa de política monetaria mes por medio. Esta situación ha sido relativamente incorporada en la estructura de precios financieros prevaleciente y, en esta oportunidad, una mayoría relativa del mercado no espera un cambio en la tasa de política monetaria. En efecto, la encuesta a analistas del Banco Central de Chile reveló un expectativa mayoritaria de mantención de la tasa (aunque su fecha de cierre fue previa a la divulgación del Imacec), y las encuestas de los servicios informativos realizadas en el día de ayer también dan cuenta de una expectativa mayoritaria por la mantención de la misma. Un alza sucesiva rompería la secuencia descrita y, posiblemente, sería percibida como un leve aumento del ritmo de normalización."
RPM-2005-02-10:124:1,RPM-2005-02-10,2005-02-10,2005,Klaus Schmidt-Hebbel Dunker,Gerente de Investigación Económica,staff_tecnico,apertura_cierre,actividad_interna,375,False,,"El Gerente de Investigación Económica, señor Klaus Schmidt-Hebbel, manifiesta que con una intensidad algo más pronunciada que en un mes promedio, se han presentado novedades en dos áreas de relevancia para la política: los términos de intercambio y la actividad y el gasto doméstico. Ambas van en la misma dirección, al reforzar la probabilidad de realización del escenario de riesgo de un mayor crecimiento en los años 2005 y 2006. Aunque una parte importante del mayor gasto es explicada por una mayor inversión, es altamente improbable el correspondiente ajuste hacia arriba en la trayectoria proyectada del producto efectivo. Es simplemente muy improbable, empíricamente, que la brecha del producto se comporte en forma anticíclica o que coincida un aumento del punto base de tendencia con una depresión cíclica. Respecto de la tasa de participación laboral, que está creciendo aceleradamente, tampoco se dispone aún de una descomposición de su aumento en sus componentes cíclico y estructural. Por todo lo anterior, los antecedentes disponibles hacen inferir que sea más probable que la brecha del producto se vaya cerrando durante los años 2005-2006 en forma más rápida de lo anticipado hace un mes. Pero aunque esta aceleración en el cierre de brecha no se verificara, cabe recordar que el escenario base del Banco, reflejado en el Informe de Política Monetaria y en los antecedentes presentados esta mañana, que siguen siendo inalterados, conlleva a un cierre completo de la brecha del producto en el tercer trimestre de 2006, vale decir, en 18 meses más. Consistente con dicha proyección, y con las proyecciones de inflación y del producto publicadas en el Informe de Política Monetaria, se proyecta una normalización de la tasa de política monetaria, llegando a 5,0% a fines de este año, en el cuarto trimestre de 2005, 6,6% en el cuarto trimestre de 2006, alcanzando una tasa de política monetaria neutral de 7,5% en el cuarto trimestre de 2007. Este ritmo de normalización de la tasa, subyacente en las proyecciones del Banco inalteradas hasta la fecha, requiere elevar la tasa de política monetaria, condicional a la información de enero de 2005, en un promedio de 25 puntos base cada mes hasta fines de este año, y en un promedio de 13 puntos base cada mes durante el año 2006."
RPM-2005-03-10:165:1,RPM-2005-03-10,2005-03-10,2005,Nicolás Eyzaguirre Guzmán,Ministro de Hacienda,ministro_hacienda,inflacion,inflacion,68,False,,"Señala el señor Ministro que si las explicaciones al alto nivel del tipo de cambio real corresponden a la primera o a la segunda hipótesis, parecería que tendremos mayores niveles inflacionarios que en otros ciclos, lo que puede ser bueno porque el tipo de cambio real se apreciaría menos. Si fuera la tercera hipótesis, significaría que habría que esperar más apreciación cambiaria conforme sigamos acercándonos al producto potencial."
RPM-2005-03-10:180:1,RPM-2005-03-10,2005-03-10,2005,Sergio Lehmann Beresi,Gerente de Análisis Internacional,staff_tecnico,riesgos,escenario_internacional,109,False,,"El Gerente de Análisis Financiero, señor Sergio Lehmann, estima que es importante también poner sobre el tapete de la discusión algo que se mencionó en la reunión de la mañana que se refiere al balance de riesgo, que, al menos, desde el punto de vista de la División Internacional, es más bien negativo, desde el punto de vista de la inflación externa que, al parecer, puede presentar algunas presiones en ese sentido, así como también en lo referente al precio del petróleo, y por lo tanto, desde el punto de vista de la estrategia táctica habría que tomar en consideración esos escenarios de manera de no aparecer también sobrerreaccionando."
RPM-2005-04-07:207:10,RPM-2005-04-07,2005-04-07,2005,Vittorio Corbo Lioi,Presidente del Banco Central,consejo_votante,mercado_laboral,mercado_laboral,11,False,,"El señor Presidente, consulta sobre comentarios respecto de actividad y empleo."
RPM-2005-05-12:240:1,RPM-2005-05-12,2005-05-12,2005,Nicolás Eyzaguirre Guzmán,Ministro de Hacienda,ministro_hacienda,otros,otros,138,False,,"El señor Ministro de Hacienda, interviene para indicar que el punto que ha planteado es de validez transitoria. Agrega que si uno tiene un shock en la demanda de papeles, en la composición, ello podría producir que los precios relativos se desvíen por algún tiempo. Le parece que, evidentemente, si los agentes no están de acuerdo con que la presión inflacionaria coincide con sus expectativas, van a comprar BCP. El punto que plantea es que, probablemente, esto no es instantáneo. Si la brecha continuara, señala, entonces podríamos pensar que, a menos que se produjeran nuevos cambios en la estructura de la oferta y la demanda, todo lo demás constante, se podría pensar que, probablemente se ha producido algo más de cierre en las expectativas, pero de lo contrario, porque tampoco el análisis del arbitraje internacional debiera ser válido."
RPM-2005-08-11:316:1,RPM-2005-08-11,2005-08-11,2005,Nicolás Eyzaguirre Guzmán,Ministro de Hacienda,ministro_hacienda,actividad_interna,actividad_interna,65,False,,"Con relación a la exposición del Gerente de Análisis Macroeconómico, sobre los desarrollos económicos recientes, el Ministro de Hacienda, señor Nicolás Eyzaguirre consulta sobre el rango previsto para el crecimiento del PIB durante el año 2005. Luego de un intercambio de opiniones sobre el particular entre los Consejeros y algunos participantes en la Sesión, se indica que dicha cifra preliminarmente estaría en torno a 6,2%."
RPM-2005-10-11:405:1,RPM-2005-10-11,2005-10-11,2005,Vittorio Corbo Lioi,Presidente del Banco Central,consejo_votante,apertura_cierre,apertura_cierre,7,False,,El Presidente ofrece la palabra para comentarios.
RPM-2005-10-11:436:1,RPM-2005-10-11,2005-10-11,2005,Vittorio Corbo Lioi,Presidente del Banco Central,consejo_votante,apertura_cierre,apertura_cierre,23,False,,"El Presidente, señor Vittorio Corbo, suspende la Sesión a las 13:45 horas e informa que la misma se reanudará a las 16:00 horas."
RPM-2005-11-10:479:1,RPM-2005-11-10,2005-11-10,2005,Manuel Marfán Lewis,Consejero,consejo_votante,otros,otros,107,False,,"El Consejero señor Marfán, estima que podría existir una interpretación alternativa o complementaria, en el sentido que la fuente de rentabilidad o de utilidades de los bancos se ha ido desplazando desde comisiones a utilidades en la captación de fondos. Agrega, que le parece curioso que a pesar del aumento en las tasas de interés de captación, los bancos están obteniendo, como ocurre en otros países del mundo, rentabilidad más bien por el lado de sus tasas de interés en la captación de fondos que por efectos de las comisiones. En su opinión, podría existir también un fenómeno de cambio estructural en el comportamiento de los bancos."
RPM-2005-11-10:500:1,RPM-2005-11-10,2005-11-10,2005,Jorge Desormeaux Jiménez,Consejero,consejo_votante,decision_tpm,decision_tpm,618,False,,"El Consejero señor Jorge Desormeaux agradece los antecedentes y el valioso análisis realizado por la Gerencia de División de Estudios. Señala que la principal pregunta que se debe contestar en el día de hoy es si existen o no antecedentes para alterar el curso de ajuste gradual, aunque sin pausas, de la tasa de política monetaria de los últimos meses, o éste debe ser modificado para asegurar la convergencia de la inflación al centro del rango meta en el mediano plazo. Para ello, se deben evaluar hasta qué punto los nuevos antecedentes modifican el diagnóstico esbozado en el último Informe de Política Monetaria. Los principales cambios observados en el plano internacional en los últimos meses, consisten, en primer lugar, en un importante ajuste al alza en las tasas de interés internacionales, a partir de niveles inusualmente bajos, y en segundo lugar, se aprecian mayores riesgos para la actividad y la inflación en los principales mercados a raíz del alza en el precio del petróleo y el agotamiento de brechas de capacidad en algunos mercados. En el plano interno, también se observa un importante ajuste en las tasas de interés, especialmente a plazos largos, acompañado de un empinamiento adicional de la estructura de tasas de corto plazo. Otro desarrollo de importancia en el plano interno, es la desaceleración que se observó en la actividad en el tercer trimestre. Al respecto, el Consejero señor Desormeaux señala que ésta parece tener carácter transitorio, mientras la demanda interna sigue mostrando un gran dinamismo, que supera incluso lo previsto en el IPoM de septiembre. Por último, la inflación ha resultado mayor que lo esperado, superando el 4% en octubre, y proyectándose cifras que bordean el 5% en marzo de 2006. Agrega que, si a esto se suma el hecho que los costos laborales unitarios han dejado de caer y comienzan a mostrar una aceleración en su crecimiento, se podría argumentar a favor de un cambio de régimen, con un ajuste superior a los 25 puntos base, que constituya un seguro en contra del riesgo de un eventual desanclaje de expectativas. Sin embargo, frente a esta realidad, hay otros factores que apoyan la mantención de la trayectoria de ajuste gradual que ha seguido el Banco Central de Chile en los últimos cinco meses. En primer lugar, el shock inflacionario reciente obedece esencialmente a factores de oferta, por lo que sus efectos de primera vuelta son transitorios. De hecho, la inflación subyacente, si bien muestra una tendencia creciente, aún se sitúa por debajo del 3% y es marginalmente inferior a la proyectada en el IPoM. Por otra parte, el alza de las tasas de mercado ha reducido el grado de expansividad de la política monetaria. Asimismo, las expectativas de inflación se han acercado al centro del rango meta, especialmente a plazos de más de un año. Esas expectativas centradas en torno a 3% son a su vez coherentes con una trayectoria de ajustes sucesivos de 25 puntos base. De este modo, si bien subsisten grados de incertidumbre mayores que en el pasado, en particular la posibilidad de un agotamiento más rápido de lo previsto de las brechas de capacidad en el plano interno, y un mayor riesgo inflacionario en el plano internacional, señala que la opción de aumentar en 25 puntos base la TPM en el día de hoy es la mejor alternativa disponible. En cambio, un alza de 50 puntos base podría dar cuenta de una emergencia en el plano inflacionario que no se desprende de los antecedentes disponibles, y que además el mercado no espera ni considera necesario. Por estas consideraciones, el señor Consejero señala que vota por aumentar la tasa de política monetaria en 25 puntos base en el día de hoy."
RPM-2005-11-10:503:2,RPM-2005-11-10,2005-11-10,2005,Consejo del Banco Central de Chile,Consejo,consejo_entidad,inflacion,otros,21,False,,"En mérito de lo anterior, el Consejo, por la unanimidad de sus miembros, adopta el siguiente Acuerdo: 85-01-051110-Tasa de Política Monetaria."
RPM-2005-12-13:516:7,RPM-2005-12-13,2005-12-13,2005,Luis Óscar Herrera Barriga,Gerente de División Política Financiera,staff_tecnico,acuerdo_comunicado,acuerdo_comunicado,93,False,,"El Gerente de División Política Financiera, don Luis Óscar Herrera, señala que los dos fenómenos están relacionados porque existe un aspecto de la ecuación que es el diferencial de tasas y cuan correlacionados estarían. Agrega el señor Herrera, que en esta oportunidad se tiene más evidencia, que en ocasiones anteriores, que la acción de los extranjeros ha sido importante por los números que tenemos en los forwards, que no se habían visto en esas magnitudes desde el extranjero, ya que habitualmente se producía el arbitraje por ingreso directo al país o por ADRs."
RPM-2006-01-12:527:1,RPM-2006-01-12,2006-01-12,2006,Consejo del Banco Central de Chile,Consejo,consejo_entidad,apertura_cierre,apertura_cierre,232,True,NOMBRE_PROPIO_POR_COTEJAR,"ACTA CORRESPONDIENTE A LA SESIÓN DE POLÍTICA MONETARIA N° 87 celebrada el 12 de enero de 2006 En Santiago de Chile, a 12 de enero de 2006, siendo las 11:30 horas, se reúne el Consejo del Banco Central de Chile, bajo la presidencia del titular don Vittorio Corbo Lioi y con la asistencia del Vicepresidente don José De Gregorio Rebeco y de los Consejeros don Jorge Desormeaux Jiménez, don Manuel Marfán Lewis y don Enrique Marshall Rivera. Asiste el señor Ministro de Hacienda, don Nicolás Eyzaguirre Guzmán. Asisten también: Fiscal y Ministro de Fe Subrogante, don Juan Esteban Laval Zaldivar; Gerente General Interino, don Leonardo Hernández Tagle; Gerente de División Estudios, don Rodrigo Valdés Pulido; Gerente de División Operaciones Financieras, don Esteban Jadresic Marinovic; Gerente de División Política Financiera, don Luis Óscar Herrera Barriga; Gerente de Análisis Internacional, don Sergio Lehmann Beresi; Gerente de Análisis Macroeconómico, don Pablo García Silva; Gerente de Investigación Económica, don Klaus Schmidt-Hebbel Dunker; Gerente de Información e Investigación Estadística, don Ricardo Vicuña Poblete; Gerente de Comunicaciones, don Eduardo Arriagada Cardini; Gerente de Mercados Financieros Nacionales, don Beltrán De Ramón Acevedo; Asesora Macroeconómica del Ministerio de Hacienda, doña Bernardita Piedrabuena Keymer; Jefe Departamento Análisis de Coyuntura, don Enrique Orellana Cifuentes; Economista Sénior Gerencia de Investigación Económica; don Claudio Soto Gamboa; y Secretario General, don Jorge Court Larenas. Fecha Sesión de Política Monetaria del mes de julio de 2006."
RPM-2006-01-12:571:1,RPM-2006-01-12,2006-01-12,2006,Jorge Desormeaux Jiménez,Consejero,consejo_votante,decision_tpm,decision_tpm,779,True,RECONSTRUCCION_AMBIGUA_POR_COTEJAR,"El Consejero señor Jorge Desormeaux, manifiesta que en el Informe que ha entregado la Gerencia de División Estudios se señala, que desde la última reunión de política monetaria se han afianzado las favorables condiciones externas tanto en materia de actividad como de condiciones financieras y, en el plano interno, nos indica que la información más reciente sugiere que la desaceleración del tercer trimestre tenga un carácter transitorio, aunque en un plazo más largo la economía, se encamina hacia un crecimiento más cercano al potencial. Las condiciones financieras en Chile, por su parte, siguen siendo considerablemente expansivas, lo que se ve reflejado en un aumento del ritmo de crecimiento del crédito, mientras los agregados monetarios han vuelto a crecer a tasas muy elevadas. En el plano de los costos, la tasa de crecimiento de los costos laborales unitarios sigue aumentando, reflejando una aceleración en el crecimiento de las remuneraciones y una menor expansión de la productividad. No obstante esto, las mediciones de inflación subyacentes así como las expectativas de inflación a plazos largos convergen al centro del rango meta. Ello se relaciona sin duda con la credibilidad que tiene el compromiso de este Banco Central con su meta inflacionaria, después de cinco alzas de tasas consecutivas interrumpidas por una pausa en la reunión anterior. La posibilidad de cumplir con este compromiso por cierto, depende criticamente de la trayectoria futura de la tasa de política monetaria. Señala que de acuerdo a las estimaciones de la Gerencia de División Estudios, la trayectoria de la tasa de política monetaria que garantiza una convergencia de la inflación a la meta en nuestro horizonte de proyecciones, consulta alrededor de cinco alzas de 25 puntos base en los próximos doce meses y otras cuatro alzas de 25 puntos base, en los siguientes doce meses. Para los próximos doce meses entonces, la velocidad de ajuste promedio debería ser una de algo más de 30 puntos base por trimestre, o sea, un poco más de un alza de 25 puntos base por trimestre: ello sería consistente con la posibilidad de que, en esta ocasión, el Banco Central adopte una pausa detrás de otra pausa. Sin embargo, el Consejero señor Desormeaux cree que hay buenas razones para pensar que esa no es la decisión ideal. En primer lugar, porque si bien las condiciones internas y externas han cambiado respecto de los últimos trimestres del año pasado, no es fácil explicar dos pausas seguidas después de cinco alzas consecutivas. Señala, que esta acotación ha sido repetida por varios participantes en esta reunión y a ello se suma el hecho de que los agregados monetarios y el crédito se muestran algo exuberantes, lo que da cuenta del riesgo de que la política monetaria esté siendo más expansiva de lo que supone nuestro escenario central. Una evidencia en tal sentido, es la fuerte expansión que muestran las ventas de viviendas en los últimos meses. Otros riesgos que apuntan en esa misma dirección, se refieren a la disminución prevista para el precio del petróleo. Agrega el señor Desormeaux, que la hipótesis de nuestro escenario central podría no materializarse, y ello ocurre en el momento en que se empiezan a copar las holguras de capacidad en economía y los costos laborales unitarios se aceleran. Ello nos lleva a pensar que los riesgos de la opción de mantener la tasa de política monetaria en el día de hoy son algo mayores que los de la opción alternativa, pero tal vez el argumento que más peso tiene en favor del alza de 25 puntos base en la reunión de hoy es de carácter comunicacional, como dice acertadamente la Gerencia de División Estudios. Hace presente que recientemente el Gerente de Mercados Financieros Nacionales señaló que el paso del ritmo de ajuste de cinco pausas consecutivas a uno de dos pausas seguidas no es fácil de explicar. Ello puede entenderse equivocadamente como un cambio de objetivos de parte del Banco Central de Chile, en reacción a noticias transitorias y todo esto, en un momento en que los antecedentes disponibles apuntan a un fortalecimiento de las condiciones internas y externas de la economía chilena. Por último, el Consejero señor Jorge Desormeaux señala, que para finalizar se quiere referir a las expectativas de mercado, que mayoritariamente esperan un alza de la tasa de política monetaria, y desde este punto de vista la mantención de la tasa de política monetaria en el día de hoy tendrá el carácter de una sorpresa, que podría crear confusión en el mercado. Por estas razones, se inclina a favor de la opción de aumentar la tasa de política monetaria en 25 puntos base, en el día de hoy y, por consiguiente, vota en tal sentido."
RPM-2006-02-09:587:9,RPM-2006-02-09,2006-02-09,2006,Consejo del Banco Central de Chile,Consejo,consejo_entidad,opciones_tpm,opciones_tpm,13,False,,"Siendo las 16:00 horas, se reanuda la Sesión de Política Monetaria N° 89."
RPM-2006-03-16:601:2,RPM-2006-03-16,2006-03-16,2006,Pablo García Silva,Gerente de Análisis Macroeconómico,staff_tecnico,mercados_financieros,mercados_financieros,613,False,,"quien señala que durante el último mes, las condiciones
monetarias no muestran cambios significativos. Las tasas de interés reajustables de largo plazo
están en niveles similares a los vigentes al momento de la reunión pasada, y las tasas de
crecimiento anual de los distintos agregados monetarios y crediticios no sufrieron cambios
importantes, manteniéndose en niveles elevados. Sin embargo, el señor Gerente destacó el
incremento de las tasas de interés de créditos a personas y empresas. En particular, las de
consumo aumentaron 120 puntos base en febrero, ubicándose en niveles no vistos desde
comienzos del 2003. El tipo de cambio real se ubica actualmente en niveles algo por encima de
los observados hace un mes. En el transcurso de febrero, la paridad nominal se apreció hasta valores cercanos a $ 515 por dólar, volviendo a situarse algo por sobre $ 530 por dólar en lo
más reciente.
La demanda interna se prevé que sigue disminuyendo su ritmo de crecimiento, aunque desde
niveles que ahora se estiman mayores que hace un mes.
Los indicadores parciales de
consumo privado para el primer bimestre indican que las tendencias globales previstas se
mantienen, esto es una desaceleración del fuerte crecimiento del componente durable y una
mantención del habitual. La inversión, en cambio, pareciera estar desacelerándose de manera
algo más pronunciada que la prevista. En cuanto al comercio exterior, las cuentas nacionales
del 2005 y la información acumulada en el último mes redujeron el crecimiento estimado para el
volumen de las exportaciones industriales en el trimestre en curso, revirtiendo la corrección al
alza considerada el último mes.
En cuanto a la actividad, el cierre preliminar de las cuentas nacionales para el 2005 arrojó un
crecimiento del PIB igual al considerado en el escenario base del IPoM de enero. Señala el
señor García que, en enero destacó el crecimiento de la actividad industrial, el que siguió
reafirmando la transitoriedad de la desaceleración de parte del tercer trimestre del año pasado.
La actividad minera volvió a anotar caídas anuales, esta vez por la distribución de la producción
hacia productos de menor valor agregado.
Respecto de los precios, en febrero la inflación del IPCX1 siguió en línea con el escenario base
del IPoM de enero.
Al mismo tiempo, la velocidad de expansión anualizada del IPCX1 se
mantiene desde mediados del 2005 en cifras del orden de 3%. La inflación IPC, en cambio,
volvió a sorprender en febrero, esta vez con una diferencia a la baja importante respecto de lo
proyectado. Una vez más, el precio efectivo del petróleo y sus derivados fue la fuente principal
de discrepancia. Respecto de los costos laborales, en enero la tasa de crecimiento anual de las
medidas de CMO cayeron, comportamiento esperado dado el efecto sobre la base del 2005 del
cambio legal en la jornada. El incremento en doce meses de los CLU, por el contrario, volvió a
aumentar, situándose cercano a 3%, reflejo del sostenido crecimiento del empleo asalariado y
su efecto en la productividad.
Las expectativas de mercado que se deducen para la TPM a partir de la curva forward
disminuyeron levemente en el mes, esperándose que a julio la TPM se ubique en 5,25%. Para
fines de año, se prevé una TPM de 5,6% (5,8% el mes pasado). Un panorama similar señala la
EEE, con una mantención de la TPM este mes y una tasa en 5,5% a fines de año.
La
compensación inflacionaria se mantuvo en torno a 3% en el curso del mes, aunque con
movimientos pequeños en sus distintos plazos. Las encuestas a mesas de dineros tampoco
tuvieron cambios relevantes y la inflación esperada en la EEE bajó marginalmente para fines de
año, mientras a dos años sigue en 3%."
RPM-2006-04-13:632:2,RPM-2006-04-13,2006-04-13,2006,Andrés Velasco Brañes,Ministro de Hacienda,ministro_hacienda,escenario_internacional,escenario_internacional,22,False,,"Por otra parte, el señor Ministro de Hacienda consulta si la explicación del alza en el EMBI es solamente tasa de interés."
RPM-2006-04-13:643:2,RPM-2006-04-13,2006-04-13,2006,Rodrigo Valdés Pulido,Gerente de División Estudios,staff_tecnico,mercados_financieros,mercados_financieros,34,False,,"Hace presente el Gerente de División Estudios, que estos escenarios se pueden revisar para el IPoM. Agrega que el otro problema es que si se gatillan o no cláusulas de reajustabilidad en algunos sectores."
RPM-2006-04-13:644:3,RPM-2006-04-13,2006-04-13,2006,Vittorio Corbo Lioi,Presidente del Banco Central,consejo_votante,opciones_tpm,opciones_tpm,23,False,,"A continuación, el Presidente, don Vittorio Corbo, solicita al Gerente de División Estudios, don Rodrigo Valdés, que presente las Opciones de Política Monetaria."
RPM-2006-04-13:644:8,RPM-2006-04-13,2006-04-13,2006,Klaus Schmidt-Hebbel Dunker,Gerente de Investigación Económica,staff_tecnico,opciones_tpm,opciones_tpm,50,False,,"El señor Schmidt-Hebbel, responde al señor Consejero, que el aumento del ingreso disponible privado se basa en estimaciones presentadas en una minuta de la División Estudios de hace dos semanas atrás, que mide el impacto de alzas en el precio del cobre y del petróleo sobre el ingreso disponible privado."
RPM-2006-06-15:691:1,RPM-2006-06-15,2006-06-15,2006,Beltrán de Ramón Acevedo,Gerente de Mercados Financieros Nacionales,staff_tecnico,mercados_financieros,mercados_financieros,56,False,,"El Gerente de Mercados Financieros Nacionales señor Beltrán De Ramón, indica
que sorprende la caída en el precio del cobre tras el dólar, pero si uno observa en perspectiva,
el precio del cobre está bastante cercano a los niveles de abril, en cambio el IPSA está en
niveles de principios enero, por el tipo de cambio."
RPM-2006-06-15:715:1,RPM-2006-06-15,2006-06-15,2006,José De Gregorio Rebeco,Vicepresidente del Banco Central,consejo_votante,otros,otros,37,False,,"El Vicepresidente señor De Gregorio, señala sobre el mismo tema que con la
muestra nueva ésta va a mostrar mayor crecimiento del empleo porque la muestra es distinta,
pero también va a mostrar mayores tasas de desempleo."
RPM-2006-06-15:718:1,RPM-2006-06-15,2006-06-15,2006,José De Gregorio Rebeco,Vicepresidente del Banco Central,consejo_votante,otros,otros,29,False,,"El Vicepresidente señor De Gregorio, señala que las muestras se están
cambiando, y agrega que si no sucede algún cambio de aquí a seis meses van coexistir ambas
muestras."
RPM-2006-07-13:745:6,RPM-2006-07-13,2006-07-13,2006,Sergio Lehmann Beresi,Gerente de Análisis Internacional,staff_tecnico,escenario_internacional,escenario_internacional,67,False,,"El Gerente señor Lehmann expresa que ese temor ciertamente se mantiene. Agrega, que además desde hace un tiempo las refinerías están operando con márgenes de capacidad bastante estrechos, por una subinversión en ese rubro, y ello ha llevado a una vulnerabilidad en esa área, producto de situaciones no previstas y eso hace que el crackspread refleje tal vez niveles más altos que lo observado en el pasado."
RPM-2006-07-13:761:1,RPM-2006-07-13,2006-07-13,2006,Andrés Velasco Brañes,Ministro de Hacienda,ministro_hacienda,actividad_interna,actividad_interna,89,False,,"El señor Ministro de Hacienda, señala que lo expuesto es correcto, porque también lo que puede estar desplazando a la demanda por esos activos, pueden ser muchas otras cosas. Respecto a lo señalado por el Consejero señor Manuel Marfán, el señor Ministro indica que es indudable que en las proyecciones que surgen de un modelo, los agregados no se usan, pero en las discusiones sí se utilizan y con ponderadores que se tienen en mente, que varían de cabeza en cabeza y que su ponderación es cercana a cero."
RPM-2006-08-10:806:1,RPM-2006-08-10,2006-08-10,2006,Vittorio Corbo Lioi,Presidente del Banco Central,consejo_votante,escenario_internacional,escenario_internacional,172,False,,"El Presidente señor Vittorio Corbo, indica que estas proyecciones que están muy
alineadas, se construyen con un modelo de interacción entre países, o sea, el efecto de
Estados Unidos de América en los otros países es tomado en cuenta dentro de un modelo
integrado. Le parece al señor Presidente que se presenta un escenario en el que la economía
mundial se está desacelerando como se esperaba, y la duda es si se intensifica esta
desaceleración, especialmente si Estados Unidos de América tiene una corrección más grande en el precio de las viviendas. Sin embargo, cree que se trata de una desaceleración buscada,
que va en la dirección correcta. Comenta que existe un riesgo adicional que es el petróleo,
pero le parece que el escenario central sigue siendo favorable. Además menciona que existen,
aparte del petróleo, otros riesgos como que la inflación en los países industriales sea mucho
más persistente de lo que se pensaba y ello significa aumento de tasas de interés más fuerte y
en esta situación sí habría mayor desaceleración."
RPM-2006-08-10:808:1,RPM-2006-08-10,2006-08-10,2006,Igal Magendzo Weinberger,Gerente de Análisis Macroeconómico,staff_tecnico,mercados_financieros,otros,1712,True,RECONSTRUCCION_AMBIGUA_POR_COTEJAR,"El señor Magendzo señala que tipo de cambio no ha mostrado grandes
movimientos, oscilando entre $ 539 y $ 546 por dólar en el último mes y promediando en lo
más reciente una cifra algo por sobre la vigente al cierre de la reunión de julio. Las medidas
multilaterales, TCM, TCM-5 y TCM-X tuvieron variaciones de 0,9%, 1,0% y 0,8% en igual lapso,
respectivamente. El TCR finalizó julio con un nivel promedio de 93,7, igual al valor del mes
anterior.
Al igual que el mes pasado, señala el señor Magendzo, la expansividad de las
condiciones financieras internas no continuó reduciéndose.
Las tasas de interés de los
documentos en pesos del Banco Central de Chile cayeron desde la última reunión, los BCP
entre 15 y 17 puntos base, lo mismo que las de los BCU, entre 12 y 13 puntos base, ambas en
línea con sus símiles externas.
La tasa de crecimiento anual del dinero M1 disminuyó
levemente, manteniéndose por sobre los niveles de los primeros meses del año. El incremento
anual de los agregados crediticios sigue estable en niveles altos, al igual que en los últimos
dieciocho meses. La tasa de interés aplicada en las colocaciones de consumo cayó en julio 30
puntos base, hasta 27,4% anual, mientras la de operaciones con empresas no varió, 10,4%
anual.
La bolsa local, en línea con otras economías emergentes, aumentó su valor, 3,3%
medida en pesos desde el cierre de la reunión de julio.
Hace presente el señor Magendzo, que las cifras de junio indicaron, por segundo
mes consecutivo, que la actividad continúa aumentando lentamente su tasa de crecimiento una
vez eliminados efectos estacionales y calendario.
La tasa de crecimiento anual del Imacec
llegó a 4,5% en junio, cifra por debajo de lo esperado hace un mes por el mercado (5% a
5,5%). Al mismo tiempo, se siguió apreciando una heterogeneidad en la evolución sectorial,
con un mayor dinamismo del comercio y uno menor de la industria. Con esto, en el segundo
trimestre la actividad habría aumentado a una tasa cercana a 4,5% anual (5,1% el primer
trimestre). Los antecedentes disponibles apuntan a que el ritmo de crecimiento contemplado
para el segundo semestre sería algo inferior al previsto.
Menciona el señor Gerente, que durante el último mes se conjugaron diversas
noticias de distinto signo sobre la inversión.
En julio las importaciones de bienes de capital
totalizaron US$ 607 millones CIF (US$ 641 y US$ 577 millones en mayo y junio,
respectivamente), y su tasa de variación anual fue negativa: -2,7% (16,6% y -1,3% en mayo y
junio, respectivamente), principalmente por el efecto de la alta base de comparación de 2005.
Las ventas del sector inmobiliario mostraron una fuerte caída anual en junio: -16% (1,4% y -
10,2% en abril y mayo), tendencia que fue corroborada por fuentes alternativas, apreciándose
un aumento en el número de meses necesarios para agotar el stock disponible (esto pese a
que se aprecian divergencias de la evolución del stock en las distintas fuentes de información).
Los indicadores de actividad del sector construcción para junio muestran tasas de variación
anual crecientes, aunque en julio, considerada la escasa información disponible, el panorama
es menos optimista.
Finalmente, la información del catastro de obras de ingeniería de julio
indicó una corrección al alza en el valor de los proyectos para el período 2006-2009. Para el
año en curso, la corrección fue relativamente acotada, con tasas de variación anual similares a las informadas en abril, pero con perfiles de cumplimiento algo distintos. Para el 2007, 2008 y
2009, en cambio, se verificó una corrección importante en el valor de los proyectos. Más allá
de que en la medida que se acerca el período calendario se incorpora mayor información, la
revisión de 2007 a esta fecha fue del orden de 30% en el valor de los proyectos, cifra mayor a
la observada el año anterior para la inversión proyectada a un año plazo (10%).
Comenta el señor Magendzo, que la evolución de los indicadores parciales del
resto de la demanda interna —consumo y existencias— sigue en línea con el escenario base
del IPoM de mayo y lo apreciado en los meses recientes.
Agrega, que los indicadores
parciales de consumo de junio, con su volatilidad habitual, apuntan a tasas de crecimiento
anual similares a las del primer trimestre. El comportamiento de los indicadores de consumo
reafirma la resistencia que este componente de la demanda interna ha mostrado a los altos
precios del petróleo y sus derivados. Con ello, se sigue configurando un escenario en que la
demanda interna continúa creciendo a tasas similares a las previstas, pero con un mayor
protagonismo del consumo y uno menor de la inversión.
Señala el Gerente de Análisis Macroeconómico, respecto de las expectativas de
consumidores y productores en el último mes, que éstas no repitieron la importante caída de
junio, tendiendo a mantenerse en los niveles relativamente bajos alcanzados en dicho mes. El
IPEC subió 0,3 puntos respecto de junio, siguiendo en la zona pesimista (48,5).
El IMCE
aumentó 0,5 puntos, llegando a 52,3, aún en la zona optimista. La revisión de las preguntas
que conforman el IPEC apunta a que las expectativas respecto del consumo, en particular el
durable, siguen en la zona optimista y con un crecimiento bastante mayor al del agregado en
julio.
Por otra parte, indica que en julio las exportaciones industriales sorprendieron al
alza, en parte importante por los mayores precios de algunos envíos, en particular la celulosa y
la harina de pescado. Desde la perspectiva de los volúmenes, estos siguen creciendo a tasas
anuales moderadas y similares a las de meses previos. Los envíos mineros se han recuperado
por mayores exportaciones de cobre y mejores precios. En cuanto a las importaciones, las de
consumo siguen relativamente dinámicas. Así, en julio las exportaciones registraron US$ 5.558
millones FOB (69% anual), mientras las importaciones llegaron a US$ 2.913 millones FOB (9%
anual).
También señala el señor Gerente, que en el mercado laboral, las cifras
publicadas por el INE del trimestre móvil abril-junio siguen sin ser comparables con las del año
anterior debido a las innovaciones realizadas en la encuesta de empleo.
Utilizando un
empalme preliminar, el crecimiento anual de los ocupados se desacelera respecto de los
valores de comienzos de año, principalmente por un menor dinamismo del empleo por cuenta
propia.
El empleo asalariado, en tanto, desacelera su tasa de crecimiento anual menos
marcadamente que el empleo total, manteniéndose éste en valores algo superiores a 3%. Esta
trayectoria es coherente con la que se aprecia en otras fuentes de información del mercado
laboral. Por su lado, la tasa de desempleo, eliminada estacionalidad, descendió a 8,4% (8,9%
en marzo; 8,7% en mayo).
En todo caso, esta evaluación podría cambiar una vez que se
disponga de un empalme definitivo.
En relación con los costos laborales, el señor Magendzo menciona que en junio
la tasa de crecimiento anual de los salarios nominales nuevamente no tuvo mayores
variaciones, alcanzando un aumento de 5,5% en el costo de la mano de obra (igual al mes
anterior).
Por su lado, la tasa de crecimiento anual de los costos laborales unitarios (CLU),
calculados a partir de los datos publicados, cayó marginalmente respecto del mes anterior:
7,9% y 7,2% para los CLU totales y CLUX, respectivamente (8,0% y 7,3% el mes anterior,
respectivamente). Sin embargo, sigue siendo difícil precisar cuánto de la mayor variación anual
de los CLU podría responder a presiones genuinas de costos o más bien reflejar la volatilidad
propia de la productividad medida y de los cambios a las mediciones del empleo y los salarios.
Por otra parte, en julio la inflación IPC estuvo en línea con lo proyectado internamente, pero en el límite superior de las proyecciones de mercado (0,5% mensual; 3.8% anual), aunque las
medidas subyacentes estuvieron algo por encima. La inflación de IPCX aumentó 0,5% en el
mes (3,2% anual), afectada por el incremento en la tarifa del transporte público. La inflación del
IPCX1 aumentó 0,3% en el mes, con una tasa de variación anual que se mantiene por debajo
de 3% (2,6% en julio; 2,7% en junio). Al mismo tiempo, la velocidad de expansión del IPCX1 se
mantuvo en cifras del orden de 2% anualizado, y la tasa de variación anual de los indicadores
alternativos, medias podadas e IPCX2, siguieron oscilando en torno a los valores de los últimos
meses, sin una trayectoria clara de aumento o disminución.
Por otro lado, las tasas de
crecimiento anual de los precios al productor y mayoristas han tenido aumentos sustanciales en
los últimos meses (24% y 10% el IPP e IPM en julio; 11% y 3% en diciembre, respectivamente).
Sin embargo, considerados los precios mayormente vinculados al IPCX1 se aprecia un
panorama bastante distinto. En el caso del IPP, los precios con contraparte en el IPCX1 crecen
3,4% anual en julio (2,9% en diciembre; 4,2% en marzo), mientras los precios de durables del
IPM caen 4% anual en julio (-3% en diciembre; -4,5% en marzo).
Indica el señor Gerente, que la generalidad de las medidas de expectativas de
inflación de mediano plazo siguieron bien ancladas en torno a 3%, aunque han mostrado
comportamientos algo diferentes según su medición. La compensación inflacionaria a 2, 5 y 10
años, continuó en valores marginalmente por encima de 3%.
La Encuesta de Expectativas
Económicas (EEE) de agosto mostró un incremento de la inflación esperada a diciembre de
este año, que ahora se ubica en 3,8% (3,4% el mes pasado).
A doce meses, en tanto, la
inflación esperada pasó de 3% el mes pasado a 3,2% este mes. A dos años plazo se mantuvo
en 3%. Respecto de la tasa de política monetaria (TPM), las expectativas que se deducen de
la curva forward son algo menores respecto de las consideradas hace un mes, derivándose
una TPM de 5,5% a diciembre de este año y una de 6,3% a diciembre de 2007 (5,7% y 6,4%,
respectivamente, el mes pasado). La EEE, en tanto, anticipa que la TPM se mantendría en
esta reunión, y llegaría a 5,5% y 6% a diciembre de 2006 y 2007, respectivamente, ambos
valores idénticos a lo esperado el mes anterior. Las expectativas de crecimiento de la actividad
para este año cayeron marginalmente (5,3%, comparado con 5,4% el mes anterior), mientras
que para el próximo aumentaron marginalmente (5,3%, comparado con 5,2% el mes anterior)."
RPM-2006-09-07:835:1,RPM-2006-09-07,2006-09-07,2006,José De Gregorio Rebeco,Vicepresidente del Banco Central,consejo_votante,escenario_internacional,escenario_internacional,44,False,,"El Vicepresidente señor José De Gregorio, consulta que si de los gráficos que se
han mostrado sobre la trayectoria del precio del petróleo en nuestro escenario del IPoM, se
concluye que éste terminaría el año en US$ 65 y cuál sería el precio actual."
RPM-2006-09-07:857:1,RPM-2006-09-07,2006-09-07,2006,Igal Magendzo Weinberger,Gerente de Análisis Macroeconómico,staff_tecnico,mercado_laboral,mercado_laboral,85,False,,"El Gerente de Análisis Macroeconómico señala que en cuanto a los datos del
INE relacionados con la construcción, se aprecia una tendencia a aumentar el número de
personas empleadas en ese sector. Agrega que en cuanto a la tasa de desempleo, éste ha
tenido una caída bastante prolongada, llegando a tasas de 8,1%, desestacionalizadas en la
última información y la tasa de participación, después de alcanzar rangos bastante elevados
durante el año 2005, en que llegó casi a un 56%, hoy está alrededor de 55%."
RPM-2006-09-07:873:1,RPM-2006-09-07,2006-09-07,2006,Enrique Marshall Rivera,Consejero,consejo_votante,decision_tpm,decision_tpm,862,False,,"El Consejero señor Enrique Marshall, agradece al staff el material preparado
para esta reunión. Señala el señor Consejero, que las noticias del último mes han confirmado
las tendencias visualizadas en la última reunión; el entorno económico externo mantiene un
sello favorable; y el crecimiento global sigue siendo vigoroso. Sin embargo, se comienzan a
observar signos que permiten visualizar una trayectoria más moderada hacia delante. Señala
el Consejero señor Marshall que en esa perspectiva, la noticia más importante es la desaceleración gradual en los Estados Unidos de América, que por el momento se ha visto
compensada por un mayor crecimiento en otras regiones. Agrega, que este movimiento ha
sido bien recibido por los mercados financieros, los que han mostrado una mayor estabilidad.
Con todo, la preocupación por la inflación y los ajustes de tasa permanece presente, si bien se
ha atenuado.
Indica el Consejero señor Marshall, que las condiciones financieras para los
países emergentes mantienen un signo positivo, pero son menos ventajosas que las
prevalecientes hasta antes del ajuste de mayo pasado, especialmente si consideramos los
premios soberanos.
Por otra parte, menciona que el precio del cobre ha fluctuado en un rango
conocido, exhibiendo un alza en los últimos días. El precio del petróleo ha experimentado un
ajuste hacia abajo en lo más reciente, observando registros por debajo de los US$ 70 el barril.
En el ámbito interno, indica el Consejero señor Marshall que las condiciones
financieras siguen siendo ventajosas, si se considera la evolución de los agregados crediticios.
Las tasas largas y, en particular, las nominales se han ajustado a la baja. Agrega el señor
Consejero, que el peso ha fluctuado en un rango ya conocido, registrando una leve apreciación
respecto de la reunión anterior.
Señala asimismo, que la demanda agregada se ha
desacelerado, tal como se esperaba, pero con una menor incidencia en el crecimiento de parte
de la inversión y una mayor de parte del consumo. Indica también, que las expectativas de las
empresas y los consumidores permanecen por debajo de los niveles observados a fines del
año pasado y principios de éste. Agrega el Consejero señor Marshall, que el crecimiento en el
primer semestre no fue distinto del esperado, pero sí su trayectoria, con un segundo trimestre
más débil de lo previsto. El Imacec de julio sorprendió al observar una variación anualizada del
4,2%. Señala que éstos y otros antecedentes disponibles indican que la trayectoria para el año
estaría por debajo de la visualizada con anterioridad.
Indica, que las nuevas cifras del INE muestran una disminución de la tasa de
desocupación, pero un crecimiento del empleo más lento que el informado con anterioridad.
Dichas cifras también indican una desaceleración del empleo en el curso de este año, si bien el
componente empleo asalariado sigue mostrando un relativo dinamismo.
Por su parte, los
costos salariales exhiben tasas de variación moderadas, con un descenso en los últimos
meses. Todo ello resulta concordante con la evolución de sus factores determinantes.
Hace presente el señor Consejero, que en materia de inflación, la variación del
IPC de agosto estuvo dentro de lo esperado. Con ello, la inflación en doce meses se mantuvo
en la parte alta del rango meta y, las proyecciones indican que la inflación total, más allá de
algunas fluctuaciones estadísticas, se mantendrá en la parte alta de dicho rango por algún
tiempo, para luego converger al centro de éste.
Asimismo, indica el Consejero señor Marshall, que las medidas de inflación
subyacente del último mes estuvieron por debajo de lo esperado y muestran variaciones en
doce meses moderadas, los indicadores de tendencia se mantienen acotados, en tanto las
expectativas de inflación siguen ancladas en torno al 3%.
Señala el señor Consejero, que en suma las principales tendencias que se
advierten son una desaceleración de la demanda, especialmente, en su componente inversión;
una trayectoria de la actividad más débil que la proyectada; un cierre de las holguras de
capacidad más lento que el previsto; y una inflación bien contenida.
Hace presente el señor Consejero que en este contexto, la única opción
plausible es mantener la tasa en su actual nivel. Indica, que
en su opinión, es lo único que se
colige lógicamente de los antecedentes analizados. Finalmente, señala el Consejero señor Marshali que también resulta importante
observar que, según estimaciones recientemente efectuadas, la tasa de interés neutral se
ubicaría en un nivel más bajo que el contemplado hasta ahora. Indica que con ello, la tasa de
política monetaria se encontraría actualmente más cerca de su nivel neutral, lo que lleva a
plantear que los ajustes, aún considerados como necesarios en un horizonte de mediano o
largo plazo, podrían resultar bastante más distanciados en el tiempo que lo previsto con
anterioridad. Estima el señor Consejero, que los riesgos asociados a la decisión de mantener
la tasa son bajos. Un antecedente adicional importante es que el mercado, prácticamente sin
excepción, espera una pausa en esta oportunidad. Asimismo, menciona que no obstante esta
coincidencia, es importante transmitir con claridad al mercado la orientación hacia delante de la
política monetaria que supone nuestro escenario central.
En virtud de lo señalado, el Consejero señor Marshali vota por mantener la tasa
de política en su actual nivel de 5,25%."
RPM-2006-10-12:941:1,RPM-2006-10-12,2006-10-12,2006,José De Gregorio Rebeco,Vicepresidente del Banco Central,consejo_votante,acuerdo_comunicado,decision_tpm,357,True,RECONSTRUCCION_AMBIGUA_POR_COTEJAR,"El Vicepresidente señor José De Gregorio, indica que una manera sencilla de
ver cuál es la mejor decisión para hoy sería actuar por descarte, y a su juicio, no hay razones
para subir ni para bajar la tasa de política monetaria. Por lo tanto, lo más prudente cree que es
su mantención.
Señala también, que existe un conjunto de fenómenos que se han dado con más
fuerza en el último mes que va a ser necesario monitorear y de los cuales sería, incluso el
futuro de la política monetaria. En nuestro escenario central se espera que después de este
débil registro de la actividad económica, se produzca un rebote importante que permita
continuar cerrando brechas, pero esto se puede dar en conjunto con una caída del precio del
petróleo mayor a la esperada, lo que puede agregar más dinamismo a la actividad. Indica el
Vicepresidente señor De Gregorio, que un crecimiento más rápido de la economía debería
generar presiones inflacionarias, las que, sin embargo, podrían ser más que compensadas por
la caída del precio del petróleo. Señala el señor Vicepresidente, que estos factores habrá que
ponderarlos en nuestras decisiones futuras, en esta reunión y, en otras, por mantener la tasa
de política monetaria.
Respecto del Comunicado, si bien cree altamente probable que en nuestro
escenario central no es claro que haya nuevas alzas en la tasa de política monetaria, le parece
prematuro eliminar el sesgo y que sí se puede suavizar el lenguaje, pues las noticias de este
mes no han cambiado de manera sustancial nuestro detallado análisis realizado con ocasión de
la preparación del Informe de Política Monetaria, y el mercado podría percibir que esperamos
actividad mucho más débil de la presentada en el IPoM, lo que no ocurre y aún se tiene mucha
incertidumbre sobre la persistencia de la caída del precio del petróleo.
Indica el señor
Vicepresidente, que está cierto que lo más probable es que luego eliminemos el sesgo, pero
preferiría que esto se realizara cuando se confirme la caída del precio del petróleo.
Finalmente, el Vicepresidente señor José De Gregorio señala que vota por
mantener la tasa de política monetaria en 5,25%."
RPM-2006-12-14:1017:1,RPM-2006-12-14,2006-12-14,2006,Enrique Marshall Rivera,Consejero,consejo_votante,acuerdo_comunicado,acuerdo_comunicado,1092,True,RECONSTRUCCION_AMBIGUA_POR_COTEJAR,"El Consejero señor Enrique Marshall, agradece al staff el material y los análisis que han efectuado con motivo de esta reunión. Señala el señor Consejero que en el frente externo la noticia más importante sigue siendo la desaceleración de los Estados Unidos de América, que por el momento no ha tenido un impacto significativo en el crecimiento global, porque se ha visto compensada con la reafirmación del crecimiento en otras regiones, como Europa, Asia y América Latina. Con ello las proyecciones del crecimiento global para éste y el próximo año no han sufrido modificaciones. La preocupación por la inflación en los países desarrollados se ha atenuado. En Estados Unidos de América los mercados apuestan a bajas en la tasa de política en el curso del próximo año. Agrega el señor Consejero, que en Europa y Japón los mercados siguen esperando nuevos ajustes hacia arriba en las tasas de interés. En tanto, los mercados financieros internacionales han permanecido relativamente estables en el último tiempo. En los países desarrollados las tasas de interés de largo plazo han vuelto a bajar algunos puntos base respecto a la última reunión. Para los países en desarrollo las condiciones de acceso al financiamiento externo siguen siendo favorables, con cambios más bien marginales en los spread soberanos. Los commodities no han deparado sorpresas. Por otra parte, el Consejero señor Marshall menciona que el precio del petróleo ha subido levemente para ubicarse en niveles algo por sobre los US$ 60 el barril. Por su parte, el precio del cobre ha vuelto a descender ubicándose en niveles levemente por sobre los US$ 3 la libra. En el frente interno, manifiesta el señor Consejero, los agregados monetarios muestran tasas de expansión similares a las observadas en meses anteriores. Indica que una noticia importante en el ámbito financiero es el comportamiento de las colocaciones bancarias. Señala que con los datos acumulados en los últimos meses se ha configurado una tendencia que muestra una gradual disminución de las tasas de expansión de estos agregados, lo que resulta concordante con las proyecciones de los propios banqueros que esperan para el próximo año tasas de crecimiento del crédito algo más bajas que las de este año. Así, el mercado del crédito podría estar entrando en un proceso de ajuste gradual, lo que estaría en sintonía con las condiciones macroeconómicas subyacentes. En el mercado de valores el acceso para las corporaciones se mantiene expedito y atractivo dado los retornos exigidos. Señala el señor Marshall que las tasas largas, en el curso del último mes, han vuelto a bajar y se observa bastante actividad en el mercado de bonos. Indica el señor Consejero que el peso ha fluctuado en el rango de los $ 525 y $ 530 por dólar y su actual nivel es similar al que se tenía en la última reunión. En materia de gastos y actividad, manifiesta el señor Marshall que los últimos datos tienden a avalar la perspectiva de una recuperación del dinamismo, que es lo contemplado en nuestro escenario base. Respecto a la demanda, ésta muestra un repunte respecto a los dos trimestres anteriores, especialmente su componente inversión. Por su parte, el consumo sigue exhibiendo un crecimiento significativo apoyado por la evolución de los salarios y el empleo. Hace presente el Consejero señor Marshall que las expectativas de las empresas y los consumidores se han estabilizado en niveles que denotan neutralidad o un moderado optimismo. Los primeros datos de actividad del cuarto trimestre muestran una Agrega el señor Consejero, que en materia laboral se mantienen las tendencias observadas en los últimos meses. El empleo total crece en forma apreciable impulsado por una vigorosa expansión del empleo asalariado, y la desocupación vuelve a bajar. Las presiones salariales están contenidas, el costo de la mano de obra sigue exhibiendo tasas de variación acotadas. En relación a la inflación, el Consejero señor Marshall señala que la variación del IPC de noviembre no deparó sorpresas y volvió a mostrar un registro negativo. Sin embargo, la variación en doce meses se mantuvo en 2,1%. Agrega que las medidas de inflación subyacente y de tendencia muestran niveles más en bajo y configuran un panorama benigno hacia delante. Las expectativas de mercado para plazos cortos aparecen por debajo del 3%, pero para plazos más largos siguen ancladas en torno al centro del rango meta. En suma, lo que se observa son signos de recuperación del dinamismo y una tendencia inflacionaria relativamente baja. Las perspectivas de que la recuperación se afirme en los próximos trimestres se mantienen plenamente válidas, especialmente si se tienen en cuenta las condiciones internas y externas subyacentes. Indica el señor Marshall, que éste sigue siendo el escenario más probable para el próximo año. Sin embargo, existen riesgos y éstos han aumentado. Indica que la recuperación podría no tener la fuerza esperada y la inflación podría ubicarse y permanecer en niveles excesivamente bajos. En este contexto, el señor Consejero, la única opción razonable, y en esto coincide plenamente con la Minuta, es mantener la tasa en su actual nivel. Es claro que la opción de subir la tasa debe ser completamente descartada, quizás es menos evidente que la opción alternativa de bajada, la que debe ser también descartada, considerando los riesgos que se visualizan. Sin embargo, en su opinión, los antecedentes disponibles no le otorgan la plausibilidad necesaria para ser considerada como una opción en esta oportunidad. Indica el Consejero señor Marshall, que el último Comunicado asignó un sello neutral a la orientación de la política monetaria, y que al mismo tiempo abrió la posibilidad de distintos cursos de acción y condicionó cualquier decisión futura a alguna información que se acumule y a sus implicancias para la inflación proyectada. El señor Consejero estima que el Comunicado de esta reunión debería plantearse en términos similares a los de la reunión anterior. Advierte, sin embargo, la necesidad de compartir con el mercado una visión más completa sobre la orientación de la política monetaria y los posibles cursos de acción en los próximos trimestres. Manifiesta el señor Marshall que la mejor oportunidad para hacerlo, tal como se plantea en la Minuta, no es ésta sino el próximo IPoM que será emitido en momentos en que se contará con nuevos antecedentes sobre la trayectoria de la actividad de la inflación y con proyecciones más afinadas para todo el horizonte de política. En virtud de todo lo señalado y revisado, el Consejero señor Enrique Marshall vota por mantener la tasa de política en su actual nivel de 5,25% y al mismo tiempo se inclina por mantener un sello neutral en el Comunicado."
RPM-2007-01-11:1030:1,RPM-2007-01-11,2007-01-11,2007,Rodrigo Valdés Pulido,Gerente de División Estudios,staff_tecnico,debate,debate,38,False,,El Gerente de División Estudios señor Valdés señala que detrás de este tema no está una desaceleración mundial ni tampoco se descubrió una nueva mina y aquí hay 50 u 80 centavos menos porque existe una nueva producción.
RPM-2007-01-11:1047:5,RPM-2007-01-11,2007-01-11,2007,Vittorio Corbo Lioi,Presidente del Banco Central,consejo_votante,opciones_tpm,opciones_tpm,13,False,,"El Presidente señor Vittorio Corbo, ofrece la palabra a los asistentes para comentarios."
RPM-2007-01-11:1049:3,RPM-2007-01-11,2007-01-11,2007,Beltrán de Ramón Acevedo,Gerente de Mercados Financieros Nacionales,staff_tecnico,mercados_financieros,mercados_financieros,450,True,RECONSTRUCCION_AMBIGUA_POR_COTEJAR,"El Gerente de Mercados Financieros Nacionales don Beltrán De Ramón, menciona que si bien las opciones propuestas son mantener o bajar la tasa de política monetaria, el hecho que la inflación proyectada para los próximos meses se mueve a la baja y que el cierre de brecha de actividad en lo más reciente se haya dilatado, lo llevan a considerar positivamente la opción de un recorte de la tasa de política monetaria para esta reunión. Agrega que ello ayudaría a llevar la inflación paulatinamente al 3% y contribuiría a cerrar las brechas de actividad a un ritmo más rápido que el estimado previamente. En efecto, la inflación a diciembre de 2007 aparentemente se aproxima a niveles más cercanos al 2% - 2,5%, y si a eso se le agrega la reciente brusca baja de combustibles (hoy en US$ 53 y fracción) y el poco efecto que tendría la entrada del Transantiago, este indicador podría alcanzar niveles del 2% o incluso más abajo. No se observa presiones salariales ni de costos que lleven a pensar en algo diferente a este escenario de baja inflación. Señala el señor De Ramón, que las expectativas inflacionarias de mercado que se recogieron hasta ayer muestran sólo parcialmente este escenario de baja inflación, situándose en un rango entre 2,5% y 2,7%, las que se aceleraron marginalmente en las últimas semanas por el desconocimiento del impacto en el IPC del reajuste tarifario eléctrico y por la l-P El Gerente de Mercados Financieros Nacionales don Beltrán De Ramón, manifiesta que considerando todos estos antecedentes, la decisión de baja de tasas es la más plausible, su consulta es ¿cuándo?. El Gerente de Mercados Financieros Nacionales, comenta que además de las razones de fondo, como el evitar que la inflación se vaya para abajo muy rápido, lo que hace atendible hacer el recorte lo más pronto posible, hay también una razón táctica. Señala el señor De Ramón, que en los próximos días aparecerán datos de actividad que probablemente van a estar bajo lo esperado, por efectos calendario u otras razones, e inflaciones mensuales que a primera vista son bajas o normales, que no son las habituales en enero o febrero, lo que hará más fácil explicar esta decisión de recorte de la tasa de política monetaria. Asimismo, menciona que por el contrario, esperar por ejemplo hasta marzo, como una forma de acumular más información, haría más difícil de explicar un recorte de tasas si se diera una probable coyuntura justo en ese momento, de que los Imacec de enero y febrero fueran más altos y la inflación estuviera en niveles que si bien son normales para esa época del año, se consideran elevados; entonces, su recomendación es acortar la tasa."
RPM-2007-02-08:1087:1,RPM-2007-02-08,2007-02-08,2007,Andrés Velasco Brañes,Ministro de Hacienda,ministro_hacienda,mercado_laboral,mercado_laboral,416,False,,"El señor Ministro de Hacienda señor Andrés Velasco, en relación al empleo, indica que no se puede perder de vista la fuerte estacionalidad de los planes de empleo público, que no están todavía plenamente capturados en estas cifras que se han entregado. Señala que en el primer trimestre del año van a caer fuertemente. Agrega que si bien el promedio anual de empleo no ha cambiado relativo a las proyecciones, no se puede perder de vista que de aquí al mes de junio va a tener una fuerte caída, lo que tiene implicancias en el empleo y el desempleo. Respecto a la inflación, el señor Ministro señala que desea enfatizar lo que indicó el Consejero señor Manuel Marfán, en el sentido que más allá de las cifras recientes, las proyecciones de inflación en todos los horizontes relevantes están por debajo de las del IPoM de septiembre del año 2006, cuya interpretación puede discutirse. Sin embargo, nos encontramos frente a una trayectoria de inflación ciertamente menor de lo que se contempló hace uno meses. En relación al efecto del Transantiago, señala el señor Ministro, que el Ministerio de Transporte debería oficialmente comunicarle al INE la información sobre el impacto que tendrá este nuevo sistema en las tarifas. Agrega, que la estimación preliminar del Ministerio que dijere, es que la puesta en marcha del Transantiago implica una caída no despreciable en la tarifa promedio del transporte público, en los próximos seis meses, en razón del que el nuevo sistema implica un menor costo. Finalmente, el señor Ministro señala que el último punto que quiere comentar dice relación con la inflación y las proyecciones del Banco Central de Chile, las expectativas de mercado y la relación entre la una y la otra. Sobre el particular, le parece que existe una paradoja tal como lo ha comentado el Consejero señor Manuel Marfán, que consiste en que si bien es cierto que todas las indicaciones de corto plazo en el último mes llevaron a que la inflación subiera, las proyecciones de mediano y largo plazo del mercado bajaron, lo que revindica lo que señaló en al reunión pasada en cuanto que las proyecciones del mercado dan mucha importancia a lo que hace y proyecta el Banco Central de Chile. Lo que puede ser leído como un problema de mercado o como un reconocimiento al Banco Central, pero también constituye una señal respecto a cómo manejarse en circunstancias en las que las proyecciones de mercado difieren de las proyecciones del Instituto Emisor."
RPM-2007-02-08:1103:1,RPM-2007-02-08,2007-02-08,2007,Consejo del Banco Central de Chile,Consejo,consejo_entidad,acuerdo_comunicado,apertura_cierre,15,False,,El Consejo aprueba el texto del Comunicado. Se levanta la Sesión a las 17:15 horas.
RPM-2007-04-12:1194:1,RPM-2007-04-12,2007-04-12,2007,Rodrigo Valdés Pulido,Gerente de División Estudios,staff_tecnico,inflacion,inflacion,97,False,,"El Gerente de División Estudios señor Rodrigo Valdés cree que a estos indicadores se les está pidiendo más información que la que tienen. En efecto, se trata del primer trimestre y no del cuarto. Señala que en este último recién se supo lo que sucedía. Agrega, que ahora se cuenta con el Imacec de marzo y nos estamos preguntando por los inventarios de marzo y eso no es posible. Indica que en dos meses más se van a tener las cuentas que van a recibir esos datos y se está tratando de obtener más información de esto."
RPM-2007-05-10:1233:2,RPM-2007-05-10,2007-05-10,2007,José De Gregorio Rebeco,Vicepresidente del Banco Central,consejo_votante,debate,debate,43,False,,"Respecto de los Costos Laborales Unitarios, el Vicepresidente señor José De Gregorio señala que le llama la atención que éstos efectivamente aumentan, pero respecto de los indicadores nuevos subyacentes, indica que dos de ellos apuntan hacia la baja y que uno se mantiene."
RPM-2007-05-10:1241:1,RPM-2007-05-10,2007-05-10,2007,Vittorio Corbo Lioi,Presidente del Banco Central,consejo_votante,debate,debate,53,False,,"El Presidente señor Vittorio Corbo solicita al staff que se agreguen las columnas correspondientes en el mencionado cuadro para ver si ellas convergen y si se observa que no significa un cambio mayor, se eliminarán. Agrega que es preciso tener una cierta disciplina respecto a los países que se van incorporando o sacando."
RPM-2007-05-10:1261:2,RPM-2007-05-10,2007-05-10,2007,Consejo del Banco Central de Chile,Consejo,consejo_entidad,acuerdo_comunicado,apertura_cierre,339,True,RECONSTRUCCION_AMBIGUA_POR_COTEJAR,"En mérito de lo anterior, el Consejo adopta el siguiente Acuerdo: 107-01-070510 - Tasa de Política Monetaria. En su reunión mensual de política monetaria, el Consejo del Banco Central de Chile por unanimidad acordó mantener la tasa de interés de política monetaria en 5% anual. Comunicado En su reunión mensual de política monetaria, el Consejo del Banco Central de Chile acordó mantener la tasa de interés de política monetaria en 5% anual. El escenario externo relevante para la economía chilena continúa favorable. La actividad económica mundial se expande con vigor, el precio del cobre se mantiene elevado y las condiciones financieras siguen ventajosas. Los precios del petróleo y de sus derivados, especialmente la gasolina, así como los de algunos alimentos, permanecen altos. La información disponible confirma un mayor crecimiento de la actividad interna en el primer trimestre de este año, algo por encima de proyecciones previas. El consumo sigue robusto y tanto la inversión como las exportaciones han retomado dinamismo. El empleo asalariado continúa aumentando y las condiciones financieras internas son favorables. La inflación del IPC se ubica por debajo de 3%, aunque algo por encima de lo proyectado en enero. En lo más reciente, ésta ha sido influida por el precio de los combustibles y una inflación subyacente IPCX1 (que excluye combustibles, perecibles y algunos servicios regulados) mayor que lo previsto, especialmente por un alza en el precio de los alimentos. Medidas alternativas de la tendencia inflacionaria no muestran cambios relevantes. En lo más reciente, el crecimiento de los costos laborales ha aumentado desde tasas relativamente reducidas. Las expectativas de inflación a mediano y largo plazo permanecen ancladas en torno a 3%. El Consejo reafirma su compromiso de conducir la política monetaria de manera que la inflación proyectada se ubique en 3% en el horizonte de política. Cambios futuros en la TPM para lograr este objetivo dependerán de la nueva información que se acumule y de sus implicancias sobre la inflación proyectada. “ El Consejo aprueba el texto del Comunicado. Se levanta la Sesión a las 17.20 horas."
RPM-2007-06-14:1296:3,RPM-2007-06-14,2007-06-14,2007,José De Gregorio Rebeco,Vicepresidente del Banco Central,consejo_votante,escenario_internacional,escenario_internacional,64,False,,"Agrega el Vicepresidente señor José De Gregorio que la inversión sigue creciendo muy fuerte y empuja a la demanda hacia arriba, mucho más arriba del promedio comparado con consumo y con cualquier otro determinante. Desde el punto de vista de la demanda agregada, lo que más contribuye a su crecimiento puede ser el consumo, pero es la inversión el ítem que está creciendo fuerte."
RPM-2007-07-12:1325:1,RPM-2007-07-12,2007-07-12,2007,Vittorio Corbo Lioi,Presidente del Banco Central,consejo_votante,actividad_interna,actividad_interna,12,False,,El señor Presidente ofrece la palabra para comentarios sobre el escenario interno.
RPM-2007-08-09:1388:1,RPM-2007-08-09,2007-08-09,2007,Vittorio Corbo Lioi,Presidente del Banco Central,consejo_votante,debate,debate,13,False,,"El Presidente señor Vittorio Corbo, ofrece la palabra a los asistentes para comentarios."
RPM-2007-09-13:1421:1,RPM-2007-09-13,2007-09-13,2007,Manuel Marfán Lewis,Consejero,consejo_votante,politica_fiscal,politica_fiscal,123,False,,"El Consejero señor Manuel Marfán comenta que una cosa es cómo nos vemos y otra es cómo nos ven los otros, que ojalá coincidieran. Agrega que al final los mercados financieros dependen mucho de la imagen que se proyecte y a lo mejor se podría decir que tenemos las mejores cuentas fiscales del mundo y el ranking número uno de bancos centrales, pero si el mercado piensa que somos riesgosos, eso va a resaltar de todas maneras. Indica el señor Consejero que su impresión es que se necesita un indicador y hacer el seguimiento de cómo nos ven. Por su parte, cree que en la parte pedagógica se sabe que los fundamentales son los que hacen converger esto, en definitiva, a algo común."
RPM-2007-10-11:1505:1,RPM-2007-10-11,2007-10-11,2007,Andrés Velasco Brañes,Ministro de Hacienda,ministro_hacienda,debate,debate,48,False,,"El Ministro de Hacienda señor Andrés Velasco consulta si en relación a las cifras del bajo desempeño de la minería resulta posible efectuar una descomposición de ellas, entre Codelco y el resto de la minería, en cuanto a qué porcentaje de esta caída corresponde a uno y otro."
RPM-2007-11-13:1552:1,RPM-2007-11-13,2007-11-13,2007,Igal Magendzo Weinberger,Gerente de División Estudios (S),staff_tecnico,debate,debate,140,False,,"El Gerente de División Estudios Subrogante señala que en lo que respecta al consumo durable, existen algunas dudas acerca del nivel de la venta de automóviles, ya que el Banco está usando como indicador la información de Servicio de Impuestos Internos, el cual muestra un crecimiento menor que las otras fuentes que se podrían utilizar, tales como ANAC y lo que reporta el INE. Comenta el señor Magendzo que parte importante del consumo durable corresponde a automóviles y está creciendo más bien a tasas reducidas, según las informaciones con que se cuenta, y eso acumula existencias. Sin embargo, según lo informado por el Gerente de Información e Investigación Estadística señor Ricardo Vicuña, en las Cuentas Trimestrales, que se incluye es la consolidación con las importaciones, por consiguiente se observarán indicadores de consumo más altos que los que reporta este Informe."
RPM-2007-11-13:1553:1,RPM-2007-11-13,2007-11-13,2007,Vittorio Corbo Lioi,Presidente del Banco Central,consejo_votante,debate,debate,69,False,,"El Presidente señor Vittorio Corbo indica que quisiera saber si en las Cuentas Nacionales existen indicadores de importaciones mes a mes y no solamente respecto de los automóviles en particular, con el objeto de evaluar si estos indicadores habría que depurarlos, porque si sólo se están usando las mediciones que realiza el Servicio de impuestos Internos, las cifras difieren de la información que se ha presentado en esta Reunión."
RPM-2007-12-13:1577:1,RPM-2007-12-13,2007-12-13,2007,Manuel Marfán Lewis,Consejero,consejo_votante,mercados_financieros,mercados_financieros,81,False,,"El Consejero señor Manuel Marfán comenta que se pueden tener diferencias o variaciones en los spreads por problemas de solvencia o por problemas de liquidez. En el caso del spread soberano de Chile, para poder filtrar esas situaciones se usa el spread del bono soberano. Consulta si en estos otros mercados existen los credit default swaps para saber si el problema es de liquidez o, más grave aún, si es una percepción de que la solvencia de los emisores está deteriorada."
RPM-2007-12-13:1582:2,RPM-2007-12-13,2007-12-13,2007,Sergio Lehmann Beresi,Gerente de Análisis Internacional,staff_tecnico,mercados_financieros,mercados_financieros,52,False,,"El Gerente señor Lehmann señala que concuerda con el comentario del señor Jadresic y agrega que las recientes emisiones de bonos en los mercados emergentes han caído de manera sustancial, lo que significaría que no sólo el precio es un buen indicador de lo que está pasando en el flujo de capitales."
RPM-2007-12-13:1587:2,RPM-2007-12-13,2007-12-13,2007,Igal Magendzo Weinberger,Gerente de División Estudios (S),staff_tecnico,acuerdo_comunicado,acuerdo_comunicado,2252,False,,"El Gerente señor Magendzo señala que en el mercado financiero nacional, la publicación de los datos de IPC y actividad de comienzos del mes de diciembre provocaron leves cambios sobre las expectativas de mercado, respecto de la evolución de la Tasa de Política Monetaria —curva forward y tasas swap—. Agrega que dichas expectativas indican que no se producirían movimientos mayores en la Tasa de Política Monetaria, anticipándose un aumento de 25 puntos base en el primer trimestre del 2008, Menciona el señor Magendzo que la mediana de la Encuesta de Expectativas Económicas (EEE), por su parte, da cuenta que no se esperan cambios en la Tasa de Política Monetaria por los próximos dos años. A su vez, las expectativas de inflación tuvieron un aumento tras la publicación del IPC de noviembre, que resultó mayor que lo esperado por el mercado. Agrega que de acuerdo con la encuesta a Operadores de Mesas de Dinero, la inflación esperada a un año subió a 3,7%, esto es 3,55% al momento de la reunión de kD noviembre y 3,45% la semana previa a la publicación del IPC, mientras que a dos años llegó a 3,4%, 3,35% tanto al momento de la reunión pasada como la semana previa a la publicación del IPC. De igual forma, comenta que la Encuesta de Expectativas de diciembre de este año proyecta que la inflación esperada a diciembre del año 2008 aumentó a 3,6%, 3,5% el mes previo, aunque a dos años se mantuvo en 3%. Asimismo, hace presente que aumentó la compensación inflacionaria 3 en 2, calculada a partir de las tasas swap, mientras que la 1 en 1 disminuyó levemente respecto de la reunión anterior, ubicándose en 3,25%. Destaca el señor Gerente, que una parte del aumento en las expectativas de inflación es explicada por la volatilidad habitual de estas medidas ante sorpresas de inflación. Señala que mecánicamente la inflación del mes pasado afecta las tasas en UF, por lo que una sorpresa puede tener efectos en el cálculo de la compensación inflacionaria. Además, las tasas de interés nominales tanto de los documentos del Banco Central de Chile como las que se aplican en las operaciones de mercado, no han mostrado cambios significativos respecto de los niveles vigentes hace un mes. Asimismo, señala que otras medidas de expectativas de inflación, como las encuestas a consumidores y empresarios muestran que aunque se mantiene la preocupación por la inflación, ésta ha descendido respecto de unos meses atrás, en el caso de los consumidores y por su parte, la inflación proyectada a doce meses ha caído, en el caso de los empresarios. Indica el señor Gerente, que los agregados monetarios y crediticios no han mostrado mayores novedades en el último mes, continuando con un sostenido crecimiento de las colocaciones para la vivienda y uno menor de las destinadas a consumo. Por su lado, han resaltado los vaivenes del tipo de cambio nominal en las últimas semanas que tras, ubicarse en torno a $ 505 al momento de la Reunión de Política Monetaria de noviembre, aumentó algo por sobre $ 515 y luego volvió a ubicarse por debajo de $ 500, al cierre del Informe que se presenta. Comenta que ello se ha dado en un contexto de cambios en las expectativas de tasas de interés en Chile y Estados Unidos de América, un aumento del premio soberano chileno y fluctuaciones en el precio del cobre y del petróleo. Menciona que, considerando los días previos al cierre de esta presentación y los correspondientes a la Reunión de noviembre, el peso se apreció 1,7% respecto del dólar, variación que llegó a 1,9% para el tipo de cambio multilateral (TCM) total y a 1,6% para la medida que excluye el dólar (TCM-X). Agrega que el tipo de cambio real (TCR), por su lado, se estima que promedió un valor de 92,9 en noviembre 0,9% más respecto de octubre y, considerando el valor spot del tipo de cambio nominal, se ubicaría en torno a 91 en diciembre. Este último valor está dentro del rango de los niveles que se estiman coherentes con sus fundamentos de largo plazo. Hace presente el señor Gerente que la publicación del cierre preliminar de las cuentas nacionales del tercer trimestre dio cuenta de un crecimiento del PIB de 4,1%, confirmando que la actividad perdió dinamismo respecto de la primera mitad del año. Por su parte, la demanda interna, creció 7,8% anual, cifra algo mayor que la del primer semestre, pero equivalente a la del segundo cuarto del año. Asimismo, el consumo privado, aunque aumentó menos que en la primera mitad del año, mostró un dinamismo superior al antes estimado, habida cuenta de la caída en el ingreso nacional disponible asociada a la alta inflación de los últimos meses. En todo caso, se espera que en los trimestres venideros el consumo muestre una desaceleración algo más marcada, dado que al deterioro del ingreso se suma el menor crecimiento que han mostrado las colocaciones de consumo y el menor dinamismo del mercado laboral. La inversión, por su lado, siguió con tasas de variación anual importantes de 9,5% en el período. Menciona que el menor crecimiento del PIB con una demanda interna que continúa creciendo a tasas elevadas, se explica por el menor incremento de las exportaciones de bienes y servicios de 4,1%, 10,4% en el primer semestre, en parte afectado por los desfases en el registro que se entregó durante el mes de septiembre, cuyos datos de octubre confirman esta situación, con un promedio bimensual que es comparable al de un mes tipo. kt Indica el señor Magendzo, que por el lado del origen del PIB, durante el tercer trimestre destacó el menor crecimiento de la actividad del comercio y otros servicios, coincidente con la evolución del consumo. La industria tuvo un bajo crecimiento, afectada por problemas en líneas puntuales. En particular, la industria de la madera estaría siendo afectada por las menores exportaciones de elaborados hacia el mercado inmobiliario de Estados Unidos de América por la crisis del sector, y, la industria del metanol por la menor disponibilidad de gas natural, no obstante la producción de celulosa continúa creciendo a tasas elevadas. Señala que la agricultura, en tanto, mostró una variación anual negativa, posiblemente por el efecto de las heladas en la cosecha. Por su parte, la actividad de electricidad, gas y agua (EGA) volvió a aportar negativamente al PIB, a una tasa más negativa que la del primer semestre del 2007. Además, se debe considerar que este trimestre tuvo tres días hábiles menos que en igual período del 2006 y, considerando que todavía existen bastantes dudas sobre el efecto que el feriado de Fiestas Patrias tuvo en la actividad de septiembre, en especial por la fuerte caída de las horas trabajadas en el mes. Con todo, si en la medición de los sectores distintos de recursos naturales no se considera la actividad de las líneas industriales mencionadas más combustibles y celulosa, el crecimiento de la actividad de los sectores distintos de recursos naturales, fue solo levemente inferior al de la primera mitad del año. Indica el señor Gerente que en el mes de octubre el Imacec registró una variación anual de 4,4%, 3,3% considerando el efecto calendario de un día hábil más que el año anterior. Esta cifra, por debajo de lo esperado, sigue dando cuenta de un menor dinamismo de la actividad, con lo que se prevé que el incremento anual del PIB para el año estará por debajo del rango de 5,75%-6,25% que se proyectó en el escenario base del mes de septiembre. Por su lado, los indicadores de consumo privado mostraron un repunte importante en sus tasas de crecimiento tras el desempeño más débil del tercer trimestre, en especial en septiembre, evolución que apunta a que este último dato estuvo afectado de modo importante por una menor cantidad de días hábiles del mes, cuyo efecto no está totalmente capturado por las estimaciones habituales. Agrega que los indicadores de la construcción mostraron un desempeño favorable en octubre y las importaciones de bienes de capital continuaron creciendo a tasas elevadas en noviembre, confirmando ambos datos el positivo panorama que la inversión ha mostrado en el curso del año. Por sectores, menciona que en octubre continuó la contribución negativa de aquéllos ligados a recursos naturales, a lo que se sumó una menor actividad del resto de los sectores, especialmente acentuado por la continuación de la caída en la producción de algunas líneas de la industria, tales como combustibles, maderas y metanol, en particular. Por otro lado, el señor Magendzo señala que las cifras del mercado laboral de octubre, siguen dando señales de mayores holguras en este mercado. Comenta que desde septiembre se registra un importante crecimiento de la fuerza de trabajo, 2,3% anual, equivalente a 150.000 personas en promedio en los últimos dos meses. Indica que con ello, la tasa de desempleo desestacionalizada aumentó por cuarto mes consecutivo, pasando desde 7,1% en septiembre a 7,4% en octubre, acumulando un incremento de 1,1 puntos porcentuales desde junio, anotando el mayor registro desde agosto de 2006. Por el lado de la ocupación, en octubre se observó un menor dinamismo de la creación de empleos, que cayó desde tasas anuales del orden de 3% anual entre marzo y septiembre a cifras por debajo de 2% en octubre, con una velocidad de expansión que alcanza valores negativos. Agrega que si bien el cambio en la composición del empleo se ha mantenido, el empleo asalariado también presenta una tasa de variación inferior a la de los meses previos de 4% anual, en tanto, el empleo por cuenta propia sigue acentuando su caída, alcanzando una variación de menos 2,4% anual. Señala que los datos de octubre de la Asociación Chilena de Seguridad (AChS) también muestran un menor crecimiento del empleo asalariado respecto de los meses previos del orden de 5,9% anual versus 7,8% anual en promedio el tercer trimestre. Hace presente el señor Gerente que en el mes de octubre los salarios nominales registraron un incremento en su tasa de variación anual, mientras sus velocidades de expansión se estabilizaron o disminuyeron en el margen, dependiendo de la medida considerada. El costo de la mano de obra (CMO) creció 6,2% anual y las remuneraciones por hora del índice de Remuneración Mensual (IREM) aumentaron 8,3% anual. No obstante, en términos reales tanto el CMO como el IREM redujeron su tasa de variación anual, alcanzando menos 0,2% y 1,8%, respectivamente. Lo anterior, indica que es posible que en los meses venideros los salarios nominales muestren tasas de crecimiento superiores a las actuales. Por el contrario, los salarios nominales de la AChS redujeron su tasa de crecimiento anual desde 7,3% en septiembre a 7,1% en octubre. Asimismo, medidos en términos reales, también disminuyó su incremento anual 1,4% en septiembre a 0,6% en octubre. Por su lado, menciona que en octubre los costos laborales unitarios (CLU) volvieron a mostrar tasas de crecimiento similares a las de agosto, llegando a 3,4% anual en su medición total y a 3,2% anual en el caso del CLUX, con velocidades que se moderaron en el margen. Cabe mencionar que el reajuste acordado entre el Gobierno y los funcionarios públicos de un 6,9%, es acorde con el incremento considerado en el escenario base de proyección de septiembre y, en el contexto actual de inflación e incremento de salarios en el sector privado, lo que no representa una presión adicional significativa sobre los costos. Manifiesta el señor Magendzo que en el mes de noviembre la inflación volvió a mostrar un registro elevado. Por otro lado, el aumento mensual del IPC fue de 0,8%, 7,4% anual, mientras el IPCX e IPCX1 aumentaron 0,5%, 5,6% anual y 0,4%, 5,9% anual, respectivamente. Indica que en términos de velocidades, la del IPCX1 disminuyó tanto en su medición mensual como trimestral. Agrega que llama la atención la ampliación de la brecha entre la inflación anual del IPC total y sus medidas subyacentes. Señala que luego que en el segundo y tercer trimestre las distintas medidas de inflación aumentaron a la par en gran parte producto de los shocks en los precios de los alimentos no perecibles, en los últimos meses el incremento de la inflación ha estado dominado mayoritariamente por el aumento en el precio de la energía — combustibles y tarifas eléctricas— y de los alimentos perecibles y una parte importante de estos precios, en especial los perecibles, tienen por característica una baja persistencia, lo que podría implicar que su reversión se dé a una mayor velocidad y no tengan efectos de segunda vuelta significativos. En todo caso, dado el alto nivel alcanzado por la inflación, no puede descartarse que en esta ocasión, los efectos sean distintos de los ocurridos en el pasado. Con todo, en su opinión, el panorama de corto plazo contempla que la inflación mensual del IPCX1 será mayor que la del IPC total durante varios meses. En consecuencia, la variación anual de la inflación del IPCX1 volverá a aumentar, aunque manteniéndose por debajo de aquellas del IPC. Menciona el señor Gerente, que las medidas de tendencia inflacionaria se elevaron. Por su parte, la media podada por artículos (MPA) aumentó a algo más de 5% anual y el TMVC alcanzó 3,7% anual. Agrega que también aumentaron las tasas de variación anual del IPC, excluidos diversos componentes. Por su parte, el IPCX1 sin alimentos se ubicó en 3,0% y el IPC sin alimentos y energía llegó a 2,6%. Por otro lado, aumentó la inflación anual de servicios y se mantuvo la de bienes, en ambos casos, considerando las medidas subyacentes."
RPM-2007-12-13:1590:1,RPM-2007-12-13,2007-12-13,2007,Igal Magendzo Weinberger,Gerente de División Estudios (S),staff_tecnico,debate,debate,184,False,,"El Gerente de División Estudios Subrogante señor Igal Magendzo señala que quiere explicar el cambio que se presenta en los indicadores del consumo. Señala el señor Magendzo que los indicadores que se utilizan, que había funcionado bastante bien, se sesgaron a la baja. Agrega que este fenómeno fue producto de un error en el seguimiento del consumo de energía eléctrica, que se monitoreaba mirando el valor agregado del sector y obviamente eso está cayendo, mientras que el consumo residencial que es relevante, está aumentando significativamente, o sea, si en general se tiene una discrepancia, ella tuvo que ver con que se estaba cometiendo un error al utilizar la información del valor agregado en vez del valor bruto del consumo residencial. Además, señala el señor Magendzo que otro elemento que influyó tiene que ver con los automóviles, en que se estaba siguiendo un indicador que estaba creciendo menos que aquél que claramente se utilizó o se utiliza habitualmente para construir las cuentas nacionales. En consecuencia, menciona que estos dos elementos explican en gran parte el error cometido en el cambio en las cifras de consumo."
RPM-2007-12-13:1594:2,RPM-2007-12-13,2007-12-13,2007,Igal Magendzo Weinberger,Gerente de División Estudios (S),staff_tecnico,mercados_financieros,mercados_financieros,103,False,,"El Gerente señor Magendzo respecto a los datos sobre exportaciones, señala que no se consideró celulosa, que ya se había eliminado a principios de año, para no sobreestimar lo que estaba sucediendo con “resto”. Menciona que en esta oportunidad se realizó el mismo ejercicio para no sobreestimar una dinámica bastante baja de todos los componentes sin celulosa y sucede que aun con celulosa estas exportaciones están creciendo del orden del 5%, más bajo de lo que se había observado en el pasado. Indica que esta situación tiene que ver con metanol, con restricciones de gas, con la harina de pescado y con biomasa."
RPM-2007-12-13:1596:1,RPM-2007-12-13,2007-12-13,2007,Enrique Marshall Rivera,Consejero,consejo_votante,actividad_interna,actividad_interna,49,False,,"El Consejero señor Enrique Marshall comenta que los datos de consumo aparecen como excesivamente dinámicos, presentándose un fenómeno parecido al de la inversión y con la demanda interna general. Al respecto, consulta cuáles son los datos y cuáles son las velocidades para esta demanda interna y para la inversión."
RPM-2007-12-13:1608:3,RPM-2007-12-13,2007-12-13,2007,José De Gregorio Rebeco,Presidente del Banco Central,consejo_votante,acuerdo_comunicado,acuerdo_comunicado,18,False,,"El Presidente señor José De Gregorio, ofrece la palabra al señor Ministro de Hacienda don Andrés Velasco Brañes."
RPM-2008-01-10:1619:2,RPM-2008-01-10,2008-01-10,2008,Manuel Marfán Lewis,Consejero,consejo_votante,escenario_internacional,escenario_internacional,54,False,,"Con respecto al comentario del Gerente de Análisis Internacional, acerca del cambio de los ponderadores que efectuará el Fondo Monetario Internacional en sus estadísticas, en que se otorgaría una menor ponderación a China e India, el Consejero señor Manuel Marfán consulta si este cambio en el ponderador afecta ría la historia cambiaria hacia atrás."
RPM-2008-01-10:1628:2,RPM-2008-01-10,2008-01-10,2008,Consejo del Banco Central de Chile,Consejo,consejo_entidad,opciones_tpm,opciones_tpm,13,False,,"Siendo las 16:00 horas, se reanuda la Sesión de Política Monetaria N° 117."
RPM-2008-02-07:1649:2,RPM-2008-02-07,2008-02-07,2008,Sergio Lehmann Beresi,Gerente de Análisis Internacional,staff_tecnico,debate,debate,52,False,,"El Gerente señor Lehmann comparte lo señalado por el Vicepresidente señor Desormeaux y agrega que las reducciones de crecimiento en China han sido menores, muy pequeñas, pero que por cierto constituyen un elemento de riesgo, en la medida que Estados Unidos de América pueda eventualmente tener una situación más crítica. A continuación,"
RPM-2008-02-07:1672:1,RPM-2008-02-07,2008-02-07,2008,Klaus Schmidt-Hebbel Dunker,Gerente de Investigación Económica,staff_tecnico,mercados_financieros,mercados_financieros,683,False,,"El Gerente de Investigación Económica señor Klaus Schmidt-Hebbel, señala que la gran mayoría de las novedades del mes apuntan a una sola dirección, la que consiste en la circunstancia que en la economía internacional, hay importantes componentes no anticipados en el desarrollo de la crisis sub-prime y sus coletazos financieros y reales, en el debilitamiento de la economía de Estados Unidos de América y en algunos otros países importantes, en el precio del petróleo y, en particular, en la dramática reducción del Fed Funds Rate en 125 puntos base. Agrega que del anterior debilitamiento de la economía mundial sólo han escapado los precios de algunos commodities, como sucede con el caso del cobre. Señala el señor Gerente de Investigación Económica que en la economía doméstica se han verificado shocks contractivos de oferta en la producción, reflejados en un crecimiento menor proyectado para el primer trimestre de 2008, y sorpresas a la baja en los precios de ítems volátiles, reflejadas en un componente no anticipado de -0,6% en el registro del IPC del mes de enero. Comenta que a ello se agrega una apreciación del tipo de cambio nominal en torno a 5%, probablemente derivada, en gran parte, de la reducción sorpresiva de la tasa de política de la Fed, explicación congruente con una depreciación anticipada futura del tipo de cambio, coherente con el diferencial de las tasas de rendimiento esperadas a futuro. Agrega que estas novedades, en la medida en que modifiquen también las proyecciones futuras de brechas e inflación, justificarían una política monetaria menos restrictiva. Sin embargo, cree que hay un antecedente que apunta en la dirección contraria, mientras que las compensaciones inflacionarias a 12 meses y de forwards de tres en dos y de cinco en cinco, caen respecto a un mes atrás. Por su parte, la compensación inflacionaria de forward de uno en uno sube en 10 puntos base durante el último mes, llegando a 3,70%, al cierre estadístico de ayer. Menciona el Gerente de Investigación Económica que quisiera detenerse brevemente en esa novedad, porque el plazo de la compensación uno en uno coincide precisamente con el horizonte de política monetaria del Banco, por lo que esta medida de la compensación inflacionaria, aunque es imperfecta en relación a las expectativas de inflación del mercado en dicho plazo, debe ponderarse con mucha más atención que lo que sucede para plazos distintos. Por lo tanto, señala que detrás de este aumento de la compensación inflacionaria pueden haber tres factores o una combinación de ellos, esto es un alza en el premio por riesgo inflación, y alza en el premio por riesgo liquidez o un alza en las expectativas de inflación. Le parece al señor Gerente de Investigación Económica que resulta difícil argumentar que se debe a un alza en el premio por riesgo inflación, porque dicho mayor riesgo debería haberse reflejado con mucha más intensidad en un alza en la compensación inflacionaria en doce meses, pero ésta se redujo en 108 puntos base en los últimos treinta y un días. Señala también, que en ausencia de buenas medidas de las ofertas relativas a títulos emitidos a plazos distintos y una adecuada identificación de cambios en las demandas deseadas de estos instrumentos, no se puede discernir si el alza de la compensación inflacionaria a doce meses se debe a un aumento en el premio de liquidez o a un aumento de expectativas inflacionarias. Agrega que si se debe señalar que las cuatro medidas de compensación inflacionaria, a distintos plazos, se encuentran hoy muy cercanas entre sí, esto es, entre 3,52% y 3,76%, que son niveles aún preocupantes y que justificaron las alzas en la Tasa de Política Monetaria realizadas en el pasado reciente. Finalmente, el Gerente de Investigación Económica estima que, balanceando las novedades nacionales e internacionales contractivas en actividad y precios, con el riesgo que aún se enfrentan por las altas compensaciones inflacionarias, y con la mantención de la coherencia intertemporal en las decisiones de política, se sugiere adoptar una política levemente menos restrictiva en esta ocasión, manteniendo la Tasa de Política Monetaria en 6,25%, pero suprimiendo todo sesgo a dicha decisión."
RPM-2008-03-13:1716:1,RPM-2008-03-13,2008-03-13,2008,Sebastián Claro Edwards,Consejero,consejo_votante,debate,debate,27,False,,"El Consejero señor Sebastián Claro comenta que tal vez el modelo no sea muy adecuado, pero no se puede enfatizar este punto sin tener un modelo alternativo."
RPM-2008-03-13:1718:12,RPM-2008-03-13,2008-03-13,2008,Andrés Velasco Brañes,Ministro de Hacienda,ministro_hacienda,acuerdo_comunicado,acuerdo_comunicado,54,False,,"En relación a los costos laborales, el Ministro de Hacienda señor Andrés Velasco señala que el crecimiento de la fuerza de trabajo ha sido y sigue siendo inusualmente alto y eso tiene que tener algún efecto sobre la tendencia de crecimiento de los salarios nominales. Añade también que el desempleo no ha seguido aumentando."
RPM-2008-03-13:1724:1,RPM-2008-03-13,2008-03-13,2008,José De Gregorio Rebeco,Presidente del Banco Central,consejo_votante,debate,debate,15,False,,"El señor Presidente ofrece la palabra al Gerente de División Política Financiera, señor Kevin Cowan."
RPM-2008-04-10:1760:1,RPM-2008-04-10,2008-04-10,2008,Andrés Velasco Brañes,Ministro de Hacienda,ministro_hacienda,otros,otros,104,False,,"El Ministro señor Velasco menciona a lo señalado por el Gerente de División
Estudios que habría que agregar un elemento adicional, que consiste en los efectos del precio
del trigo producido en Chile, que es el principal insumo para el pan producido en el país, como
sustituto muy importante del trigo proveniente del extranjero que no es muy transable, por lo
cual estima que al menos existe un problema de rezago en la información.
Agrega el señor Ministro, que habría que hacer un mea culpa en ese sentido, ya
que se trata de un sector que aún cuesta entender en cuanto a su funcionamiento."
RPM-2008-04-10:1775:1,RPM-2008-04-10,2008-04-10,2008,José De Gregorio Rebeco,Presidente del Banco Central,consejo_votante,opciones_tpm,opciones_tpm,25,False,,"El señor Presidente agradece la presentación realizada por el Gerente de
División Estudios señor Pablo García y ofrece la palabra a los asistentes para comentarios."
RPM-2008-05-08:1808:1,RPM-2008-05-08,2008-05-08,2008,Sebastián Claro Edwards,Consejero,consejo_votante,escenario_internacional,escenario_internacional,87,False,,"El Consejero señor Sebastián Claro menciona que esta tendencia inflacionaria en Europa, Estados Unidos de América y otros países, tiene que ver fundamentalmente con alimentos, lo que indica que poseen proyecciones de alimentos crecientes y que estos datos no sugieren que se esté en presencia, por lo menos el último mes, de un boom de precios de alimentos, pero sí del petróleo, el cual ha seguido imparable. Asimismo, el señor Consejero consulta de qué forma calza lo anterior con la historia de mayores precios de los alimentos."
RPM-2008-05-08:1841:1,RPM-2008-05-08,2008-05-08,2008,José De Gregorio Rebeco,Presidente del Banco Central,consejo_votante,debate,debate,21,False,,"El Presidente señor José De Gregorio, ofrece la palabra a la señora Ministra de Hacienda Subrogante, doña María Olivia Recart Herrera."
RPM-2008-06-10:1854:1,RPM-2008-06-10,2008-06-10,2008,Sebastián Claro Edwards,Consejero,consejo_votante,mercado_laboral,mercado_laboral,48,False,,"El Consejero señor Sebastián Claro consulta cuál es la explicación que en la tabla que se exhibe aparezca una creación de empleo de menos 60 mil con una tasa de 5,1%, si la creación de empleo real fue menos 49 mil y figura con una tasa de 5,5%."
RPM-2008-06-10:1870:3,RPM-2008-06-10,2008-06-10,2008,Manuel Marfán Lewis,Consejero,consejo_votante,escenario_internacional,escenario_internacional,56,False,,"El Consejero señor Marfán menciona que su observación conduce a evitar que se pueda decir que hay que bajar más, que el impuesto que está implícito es más alto de lo que está diciendo el Gobierno, o cosas por el estilo. Indica que hay situaciones delicadas como ésta, en que hay muchos pesos de por medio."
RPM-2008-06-10:1878:1,RPM-2008-06-10,2008-06-10,2008,Pablo García Silva,Gerente de División Estudios,staff_tecnico,acuerdo_comunicado,acuerdo_comunicado,162,False,,"El Gerente de División Estudios señor Pablo García, en relación a la consulta del señor Vicepresidente menciona que existen dos aspectos a considerar. Uno de ellos es que la aceleración del primer trimestre y parte del segundo es la evolución del ciclo y el rebote de lo que se observó la segunda mitad del año pasado. Agrega que hacia el segundo semestre estaría afectando la desaceleración global y el efecto que eso tiene sobre el crecimiento en Chile y que de hecho, si se recuerdan las discusiones del IPoM, se hablaba de la ampliación de brechas que comienzan desde el segundo al cuarto trimestre y que después hacia la mitad del próximo año nuevamente comienza a cerrarse la brecha. En consecuencia, la desaceleración y la ampliación de brecha que se consideraba en el IPoM es producto del escenario mundial que es justamente hacia fines de este año y principios del próximo, lo que se captura, en parte, en la desaceleración del PIB."
RPM-2008-06-10:1904:1,RPM-2008-06-10,2008-06-10,2008,Beltrán de Ramón Acevedo,Gerente de División Operaciones Financieras,staff_tecnico,opciones_tpm,opciones_tpm,510,False,,"El Gerente de Mercados Financieros Nacionales señor Beltrán De Ramón manifiesta que desde la Reunión de Política Monetaria anterior, se han tenido las siguientes noticias inesperadas que han cambiado el panorama inflacionario que se enfrenta: a) La inflación proyectada por el Banco Central de Chile a diciembre pasó de 4,7% (IPoM) a 6,2% (Reunión de Política Monetaria de junio), esto es, 150 puntos base en menos de un mes. Los factores detrás de este aumento fueron ampliamente debatidos en la Reunión de la mañana. Sin embargo, consigna que la sorpresa en el IPC de mayo representa sólo un tercio de este aumento. b) Las expectativas de inflación medidas en encuestas y las compensaciones inflacionarias de los distintos instrumentos han subido significativamente, destacando que estas últimas han aumentado en aproximadamente 70 puntos base para los próximos doce meses y 85 puntos base para los siguientes doce meses. Si bien se sabe que estas compensaciones tienen premios, le parece que es ilustrativo observar que la proyección de inflación del mercado a diciembre está en 6,5%, no muy distinto a lo reportado por la Gerencia de División Estudios. Manifiesta el señor Gerente que por el lado de la actividad y salarios, no se observan elementos significativamente distintos a lo proyectado anteriormente. Señala que el conjunto de antecedentes anteriores, materializa un escenario de riesgos que es distinto al proyectado en el IPoM, el cual al mismo tiempo aleja al Banco Central de Chile del pronóstico de que la inflación va a converger al rango de meta a mediados del año 2009. El riesgo mayor, y es lo que se debe evitar, es que los aumentos de precios se hagan más persistentes y que los agentes se acostumbren a tener inflaciones altas por más de dos años, considerando que subió del 4% hace casi un año (julio 2007) y que en el mejor escenario en algo menos de un año más volvería a 4%. Este acostumbramiento, podría hacer que incluso la vuelta al rango meta se postergue hasta fines del año 2009, configurando dos años y medio de inflaciones por sobre el 4%. Con estos antecedentes, el Gerente señor De Ramón recomienda al Consejo un aumento de 50 puntos base en la Tasa de Política Monetaria en esta Reunión. Indica que un aumento de 25 puntos base sería visto como una respuesta inadecuada a un shock de inflación de magnitud y a expectativas de inflación que han subido significativamente y un aumento de 50 puntos base, hasta 6,75%, si bien es inesperado, está incorporado en la curva swap para los próximos dos o tres meses. Señala que si bien un aumento mayor a 50 puntos base debe eliminarse, para no distorsionar significativamente los precios, considera que no debe descartarse para nada realizar otros aumentos adicionales en los próximos meses, considerando que una sorpresa de 150 puntos base para el año 2008, como está considerado en el escenario de proyecciones de esta Reunión de Política Monetaria, es altamente probable si se cumple la proyección de la Gerencia de División Estudios y de los seguros de inflación."
RPM-2008-07-10:1923:8,RPM-2008-07-10,2008-07-10,2008,Sergio Lehmann Beresi,Gerente de Análisis Internacional,staff_tecnico,acuerdo_comunicado,acuerdo_comunicado,1135,False,,"Agrega el señor Lehmann que las compensaciones inflacionarias que se muestran graficadas están relativamente estables, pero en el margen. Indica que si se observa la ajustada en particular, tiene una ligera tendencia hacia el alza en las últimas dos semanas. Menciona el señor Gerente que en el caso de Europa hubo bastante más ruido, incluso en algún momento hubo una expectativa de un ECS más hawkish, más duro en materia inflacionaria, pero tras el aumento de 25 puntos base de algunas semanas atrás, y a una lectura un poco más dovish de la actitud que pudiese tener el Banco Central Europeo en materia de tasas a propósito nuevamente de la incertidumbre en materia de actividad, la tasa tendió a devolverse 9 puntos base si uno compara con la cifra de hace un mes atrás. En el caso de Japón, comenta el señor Gerente que hay una marcada preocupación por actividad, lo que está en línea con lo que se presentó en algunas láminas anteriores, y que por ello la tasa ha tendido a caer. Indica el señor Gerente que las paridades han tenido también cierta volatilidad. En términos netos, se observa una cierta depreciación del Dólar, en línea con expectativas un poco más moderadas en materia de aumento de tasas, lo que ha sido relativamente generalizado particularmente en la Zona Euro. Señala que en el margen ha habido también una cierta depreciación respecto a monedas de economías emergentes. Indica que se tiene un promedio de una canasta más o menos amplia y que el Dólar ha tendido también en el margen a depreciarse. Menciona el señor Gerente que las bolsas han tendido a caer, en línea con la mayor preocupación por actividad y señala que también hay percepciones de un riesgo algo mayor en los mercados financieros. Indica que en la gráfica se muestran las bolsas emergentes que caen de manera muy pronunciada; las bolsas en economías desarrolladas han tenido alguna recuperación en el margen, pero probablemente la tendencia es bien marcada, bien clara durante el mes, y los spreads, particularmente los EMBI Global han aumentado, y los spreads de High Yield, de empresas con baja clasificación de riesgo en Estados Unidos de América, también han aumentado de manera importante. Comenta el señor Gerente que en la gráfica que se exhibe se observa que en materia de percepciones de riesgo respecto a los bancos, destaca el hecho que ha habido un aumento del riesgo percibido. El CDS de bancos en Estados Unidos de América aumenta claramente y lo mismo sucede para bancos del Reino Unido y Europa. Agrega el señor Gerente que, en términos de riesgo, no se está para nada todavía cercanos a los niveles que se percibían hace algún tiempo atrás, pero claramente ha habido un aumento importante. Los premios por liquidez, agrega el Gerente señor Lehmann, se mantienen estables en el caso de Estados Unidos de América, ayudados por cierto con las declaraciones del Presidente de la Reserva Federal y por el compromiso que dicha Institución ha manifestado en materia de ayuda a los mercados financieros, pero en el margen los spreads en términos de liquidez se observan algo más altos. En el caso de Europa han tendido más bien a moderarse, a bajar. Señala que la curva ha tenido de todas maneras algún movimiento importante durante el mes, de acuerdo a noticias que van verificándose. Señala el señor Gerente que los movimientos negativos que se aprecian son generalizados en las economías emergentes y desarrolladas. Comenta que hay bolsas que caen. La gráfica muestra el movimiento en bolsas desde el IPoM y en otra columna, desde la última Reunión de Política Monetaria, y claramente este movimiento ha sido negativo. Destaca especialmente el señor Lehmann la caída en la bolsa de Nueva Zelanda yen la bolsa China. Ante una consulta del Presidente señor José De Gregorio, el señor Lehmann indica que estas caídas son en moneda local. Agrega además, que los spreads CDS han tendido a aumentar de manera importante en prácticamente todas las economías emergentes. Menciona que la caída de los precios de activos en las economías emergentes responde a salidas de capital. Señala que la gráfica muestra los flujos acumulados en doce meses por región y en todas se aprecia, con la excepción de Europa emergente, que están bastante estables, pero se observan salidas de capital en Asia, en América Latina y en el grupo de economías emergentes. Respecto a los commodities, comenta el señor Gerente que sus precios han tendido a aumentar. Muestra en la gráfica aumentos en el precio del petróleo de 5%, cobre 8% y granos en torno a 10%. Respecto al mercado del petróleo, señala que éste continúa estrecho. El señor Gerente muestra en la gráfica el desbalance del mercado del petróleo. Destaca la columna que señala consumo menos producción y comenta que se ha ido acumulando sistemáticamente un desbalance. Por lo tanto, este déficit se ha estado supliendo fundamentalmente con inventarios. Esa situación ha estado detrás del empuje del precio del petróleo y el hecho que se haya sostenido en niveles relativamente altos se explica por una oferta mundial que ha tendido a caer. El último dato que se tiene disponible es a junio reciente, y por cierto, está por debajo de lo que se observaba hace algunos meses atrás. No obstante, la demanda también ha tendido a ajustarse, pero el balance sigue siendo muy estrecho, más bien cero si uno proyectara para 2009, lo que ha permitido sostener el precio en niveles inesperadamente altos. Los futuros, comenta el señor Gerente, apuntan hacia precios elevados, contrario a la convergencia a valores bajos que se indicaba hace algunos años atrás. Indica que la gráfica que se exhibe muestra la evolución del precio del petróleo dólar por barril desde 1984 hasta hoy día; y que también se muestra en el margen qué está pasando con los futuros que aparecen claramente estables. Comenta el señor Gerente que a mediados de la década, los precios futuros tendían más bien a converger. Señala que ese es un argumento que se ha observado por parte de algunos analistas: converger hacia niveles más bajos. Menciona el señor Gerente que hoy día se tiende a pensar en precios que se sostienen en niveles extraordinariamente elevados, probablemente porque hay factores de demanda que han estado detrás de esta evolución, tal vez menos marcadamente que en el pasado y que probablemente, si se observara en los años 90, se vería algo parecido. Indica el señor Gerente que la función de distribución del precio del petróleo en este contexto ha tendido a moverse hacia precios más altos y en línea con ese hecho, también los precios de largo plazo han tendido a aumentar. Comenta que lo que se exhibe son los precios de largo plazo que se recogen de Consensus Forecast, Deutsche Bank, Merril Lynch y Barclays."
RPM-2008-07-10:1959:1,RPM-2008-07-10,2008-07-10,2008,Pablo García Silva,Gerente de División Estudios,staff_tecnico,inflacion,inflacion,160,False,,"El Gerente de Estudios señor Pablo García, en relación a la matriz solicitada por el Consejero señor Manuel Marfán, señala que si se observan los insumos que se consideran en el proceso analítico, que se puede discutir con algún grado de mayor detalle, la pregunta que se puede realizar presenta un aspecto académico con los niveles de inflación que se observan, en el sentido que esto consista en un shock adicional que se produjo en el último mes y eso explica que la proyección de inflación esté 200 puntos base por encima de lo que se apreciaba el mes pasado o bien que existan efectos de propagación que podrían afinarse aún más, pero no cree que el resultado de ese análisis sea de primer orden, atendida la magnitud del shock y las cifras de inflación que se están observando, versus otros ejercicios de proyección alternativos, que podrían realizarse y que suponen formas distintas, en el caso de un proceso inflacionario."
RPM-2008-08-14:2011:1,RPM-2008-08-14,2008-08-14,2008,José De Gregorio Rebeco,Presidente del Banco Central,consejo_votante,inflacion,inflacion,13,False,,El Presidente señor José De Gregorio señala que esta situación habría que analizarla.
RPM-2008-08-14:2017:1,RPM-2008-08-14,2008-08-14,2008,Manuel Marfán Lewis,Consejero,consejo_votante,escenario_internacional,escenario_internacional,93,False,,"El Consejero señor Manuel Marfán señala que tiene la impresión que cuando se analizan las cifras agregadas macro, el pass-through de precios del petróleo a inflación es relativamente bajo. Sin embargo, para el sector industrial en particular, no tendría por qué originarse la misma situación que en la actividad macro completa. Entonces, en el caso de la industria manufacturera en particular, se observa que ha sido hiper sensible en su producción a los shocks energéticos, porque son los que suben los precios y los pasan a costos, por lo cual aumentan las importaciones."
RPM-2008-08-14:2045:1,RPM-2008-08-14,2008-08-14,2008,Consejo del Banco Central de Chile,Consejo,consejo_entidad,acuerdo_comunicado,acuerdo_comunicado,342,False,,"En mérito de lo anterior, el Consejo adopta el siguiente Acuerdo: 126-01-080814 - Tasa de Política Monetaria. En su reunión mensual de política monetaria, el Consejo del Banco Central de Chile, acordó aumentar la tasa de interés de Política Monetaria en 50 puntos base, hasta 7,75% anual. Comunicado “En su reunión mensual de política monetaria, el Consejo del Banco Central de Chile acordó aumentar la tasa de interés de política monetaria en 50 puntos base, hasta 7,75% anual. Dado el deterioro del panorama inflacionario, este aumento de la tasa de política es necesario para asegurar la convergencia de la inflación hacia el 3% en el horizonte de política. En el ámbito externo, las perspectivas de actividad para las economías desarrolladas se mantienen débiles y los mercados financieros internacionales siguen tensionados. El precio del petróleo se ha reducido, al igual que el de un número importante de otros productos básicos. Sin embargo, estos precios siguen elevados y las presiones inflacionarias en el mundo continúan presentes. En el plano interno, la información disponible de actividad para el segundo trimestre es coherente con las perspectivas de expansión para el año contenidas en el último Informe de Política Monetaria. La demanda interna continúa creciendo a tasas elevadas, particularmente en su componente importado, y el desempleo se ha mantenido estable. La inflación de julio superó lo anticipado, debido a aumentos en la mayoría de los ítems. Las distintas medidas subyacentes de inflación se han incrementado, lo que sugiere una propagación inflacionaria mayor que la prevista. Hasta ahora, la dinámica salarial sigue ajustada a patrones históricos. El Consejo reafirma su compromiso de conducir la política monetaria de manera de reducir la elevada inflación actual hacia 3% en el horizonte de política. Ello resulta esencial para alinear la dinámica inflacionaria con el objetivo de estabilidad de precios. La trayectoria futura de la TPM dependerá de la nueva información que se acumule y de sus implicancias sobre la inflación proyectada, aunque en el escenario más probable serán necesarios ajustes adicionales para asegurar la convergencia de la inflación a la meta.”"
RPM-2008-09-04:2048:1,RPM-2008-09-04,2008-09-04,2008,José De Gregorio Rebeco,Presidente del Banco Central,consejo_votante,debate,debate,38,False,,"El Presidente señor José De Gregorio comunica a los asistentes que la fecha de la Sesión de Política Monetaria correspondiente al mes de marzo de 2009, se dará a conocer en la reunión de la tarde. A continuación,"
RPM-2008-09-04:2083:1,RPM-2008-09-04,2008-09-04,2008,José De Gregorio Rebeco,Presidente del Banco Central,consejo_votante,escenario_internacional,escenario_internacional,29,False,,"El Presidente señor José De Gregorio señala que si el precio local no ha caído y no ha seguido al precio internacional, dicho sobre stock le parece algo extraño."
RPM-2008-09-04:2088:1,RPM-2008-09-04,2008-09-04,2008,Beltrán de Ramón Acevedo,Gerente de División Operaciones Financieras,staff_tecnico,inflacion,inflacion,778,False,,"El Gerente de División Operaciones Financieras señor Beltrán De Ramón señala que las opciones de subir la Tasa de Política Monetaria en 50 ó 75 puntos base, cualquiera de los dos, están en la consideración de los agentes de mercado, y más aún en 50 que en 75 puntos base. A su juicio, cualquiera de las opciones no cambiará las expectativas de inflación, al menos por ahora, las que sin duda se han deteriorado en los últimos meses, lo que se puede observar en la compensación inflacionaria publicada hace un mes. Hace presente el Gerente de División señor De Ramón que cree que este deterioro se ha producido por el mecanismo de ajuste que explica a continuación. En primer lugar, que el Banco Central comunicó el mes anterior, que la propagación ha sido mayor a la prevista, lo que junto con noticias de alzas de precios durante este mes se han reforzado y, que las compensaciones inflacionarias han subido, lo que en su opinión, es consistente con el mensaje de que el panorama es peor que lo previsto. En segundo lugar, señala que esa situación alimenta las expectativas de los analistas. Comenta que al revisar dicha encuesta en el día de hoy con el Gerente de División Estudios señor Pablo García, 18 de los 22 encuestados consideraban un IPC de entre 0,9 y 1% y que al sacar la media resultó de 0,96%, y en definitiva fue 0.93%, o sea, bastante similar, y por lo tanto, ese IPC no fue una sorpresa ni para las compensaciones inflacionarias ni para los analistas. Señala el señor Gerente de División que el mes de septiembre históricamente es un mes de IPC alto, y por ello es probable que la cifra final de IPC fluctúe cerca de lo que está pronosticando la Gerencia de División Estudios que es 0.9%. o lo que pronostica el mercado que hasta esta fecha es de alrededor de 1%. Por lo tanto, cree el señor De Ramón que cualquier opción de política monetaria que decida el Consejo, 50 ó 75% dentro de las que contempla la Gerencia de División Estudios, no va a cambiar, en esta Reunión ni en la siguiente, las expectativas de inflación. Tal vez estima que hay un riesgo de que se deterioren más cuando se hable de la brecha y eso es posible que produzca un alza, justamente porque se está indicando algo que el mercado no lo tiene en sus proyecciones. Dado lo anterior, le parece al señor Gerente de División Operaciones Financieras que las expectativas si pueden cambiar entre octubre y diciembre de este año, o más bien después del IPC de octubre que se conocerá en los primeros días de noviembre y, en consecuencia cree que la Reunión de Política Monetaria de ese mes de noviembre será la más importante. Agrega que basta recordar que en el año 2007 el IPC de octubre fue 0,3%, el año 2006 fue -0,3% y lo anterior en un contexto en que se apreciaba un IPC alto y que después volvió a subir. Indica que la única cifra de expectativas de octubre que se tiene hasta la fecha corresponde a una transacción que se realizó hace dos días y fue 0,6%. Menciona que en realidad con tan pocas transacciones no se puede sacar una señal, pero señala que la Gerencia de División Estudios proyecta un 0,3%. Por lo tanto, dado lo anterior el Gerente de División Operaciones Financieras señor Beltrán de Ramón cree que un dato negativo, más alto que cercano a 1%, deteriorará significativamente las expectativas de inflación en ese mes y que la respuesta de Política Monetaria sin duda deberá ser mucho más larga de lo que se observa hasta ahora. Agrega que un dato positivo, por el contrario, combinado con un alza de tasa en esa Reunión, puede ser más correcto en expectativas que hacerlo en esta ocasión. Indica que lo anterior, se fundamenta por los antecedentes que señalan que los agentes de mercado están muy activos en sus colocaciones en UF. Por lo tanto, un dato bajo el IPC, que ocurrirá en octubre con IPC de septiembre, puede producir un stop-loss y por consiguiente, la tarea sobre expectativas será mucho más fácil combinado, justamente, con una acción de política de subir las tasas. Por las razones expuestas, el Gerente de División Operaciones Financieras señor Beltrán De Ramón estima que mucho más útil es subir la Tasa en 50 puntos base que en 75 puntos base, a menos que al Consejo no le importe el nivel al que pueda llegar la Tasa de Política Monetaria. Dado lo anterior se inclina por sugerir un alza de 50 puntos base en esta ocasión."
RPM-2008-10-09:2106:3,RPM-2008-10-09,2008-10-09,2008,Enrique Marshall Rivera,Consejero,consejo_votante,mercados_financieros,mercados_financieros,72,False,,"El Consejero señor Enrique Marshall agrega que The Royal Bank of Scotland no solo tenía mucha exposición de activos nuevos, sino que una gran dependencia del mercado. Señala que los bancos que se financian, fondean via depósitos de clientes, los hace estar mucho más estables y que por el contrario, los que se fondean en el mercado monetario, con emisiones de bonos, papeles comerciales, y otros, son los que están más afectados."
RPM-2008-11-13:2139:1,RPM-2008-11-13,2008-11-13,2008,Pablo García Silva,Gerente de División Estudios,staff_tecnico,mercados_financieros,mercados_financieros,143,False,,"El Gerente de División Estudios señor Pablo García señala que no resulta importante lo que sucede con la Tasa de Política Monetaria del día, sino que lo que interesa es su trayectoria para los próximos años, ya que es lo que afecta hoy día al tipo de cambio, respecto al nivel que éste tenía hace algunos años. Agrega, que el modelo que se presenta en esta ocasión, considera 48 meses y muestra que la estructura de tasa esperada en Chile vis a vis la esperada externamente, ha disminuido de manera muy significativa, producto de la caída de las tasas nominales de los bonos, y que lo mismo se aprecia con las de los swap, en que se preveían tasas más bajas. Asimismo, señala que el aumento del spread soberano ha compensado de cierta manera la caída de las tasas esperadas en el exterior."
RPM-2008-11-13:2167:3,RPM-2008-11-13,2008-11-13,2008,Andrés Velasco Brañes,Ministro de Hacienda,ministro_hacienda,decision_tpm,decision_tpm,94,False,,"El señor Ministro comenta que al escuchar los fundamentos de la votación efectuada por el Consejero señor Enrique Marshall, se percató que en su intervención se expresó en forma poco clara en un aspecto y que le gustaría consignarlo para efectos de la elaboración de la Minuta. Agrega que concuerda con la alternativa final que plantea la Gerencia de División Estudios, en cuanto a mantener, pero no en cuanto a las opciones que ofrece, porque habría preferido que en ellas se incluyera la posibilidad de efectuar un recorte de la Tasa de Política Monetaria."
RPM-2008-12-11:2176:1,RPM-2008-12-11,2008-12-11,2008,José De Gregorio Rebeco,Presidente del Banco Central,consejo_votante,mercados_financieros,mercados_financieros,113,False,,"El Presidente señor José De Gregorio señala que el formato para esta Reunión de Política Monetaria será similar a la de la Reunión anterior y, por consiguiente, en primer término se efectuará la presentación, con algunas preguntas aclaratorias, para después tener una discusión más general de la coyuntura. Por otra parte, agrega el señor Presidente, que para dar cumplimiento al Reglamento del Consejo corresponde fijar la fecha de la próxima Reunión de Política Monetaria, la que se realizará el día martes 16 de junio de 2009. El Presidente señor José De Gregorio ofrece la palabra al Gerente de Análisis Internacional don Sergio Lehmann Beresi, para que inicie la exposición de la parte internacional."
RPM-2008-12-11:2187:1,RPM-2008-12-11,2008-12-11,2008,Pablo García Silva,Gerente de División Estudios,staff_tecnico,debate,debate,30,False,,El Gerente de División Estudios señor Pablo García comenta que ello resulta equivalente usando los ponderadores para acumular el promedio que son los del comercio de Estados Unidos de América.
RPM-2009-01-08:2263:1,RPM-2009-01-08,2009-01-08,2009,Manuel Marfán Lewis,Consejero,consejo_votante,debate,debate,39,False,,El Consejero señor Manuel Marfán consulta si las últimas cifras están corregidas por variación de inventarios y si están consideradas desde la perspectiva de las importaciones de bienes de consumo o desde el punto de vista de los consumidores.
RPM-2009-02-12:2326:1,RPM-2009-02-12,2009-02-12,2009,Manuel Marfán Lewis,Consejero,consejo_votante,escenario_internacional,escenario_internacional,266,False,,"El Consejero señor Manuel Marfán manifiesta primeramente, que el escenario del IPoM del mes de enero de 2009 quedó atrasado y que las opciones del escenario internacional se encuentran más abiertas, lo que hace necesario contar con escenarios alternativos más extremos. Asimismo, agrega que las economías siempre pueden tener alguna morigeración de los efectos de este ciclo económico por medio de estímulos a la demanda interna, en el caso de aquellos países que tienen superávit comercial o niveles de reservas altos, que es precisamente lo que se estima debe hacer la economía China. Sin embargo, considera que el efecto de este tipo de programas es distinto conforme al tamaño del mercado interno, como son los casos de China y México que cuentan con un gran mercado interno, de aquellos países con un mercado interno reducido respecto de la capacidad de su economía o de su composición productiva, como es el caso extremo de Singapur y quizás en un aspecto menor, el de Chile. Agrega, que los sectores que se ven afectados por un escenario interno más complejo desde el punto de vista comercial no son, por otra parte, los mismos que podrían eventualmente verse beneficiados por políticas internas de estímulo, por cuanto ello depende de que los productos que se exporten sean a su vez relevantes en el mercado interno. En los casos de México y Brasil se presenta la ventaja de contar con mercados internos voluminosos, por lo que espera que no utilicen este tipo de programas en forma tal que se transformen en regímenes proteccionistas, lo que evidentemente perjudicaría a países exportadores como Chile."
RPM-2009-02-12:2328:1,RPM-2009-02-12,2009-02-12,2009,José De Gregorio Rebeco,Presidente del Banco Central,consejo_votante,debate,debate,59,False,,"El Presidente señor José De Gregorio, en relación con el planteamiento de la Ministra de Hacienda Subrogante señora María Olivia Recart, estima conveniente para efectos del análisis de coyuntura que realiza periódicamente el Banco Central de Chile, incluir el tema relativo al financiamiento entre países por cuanto de ello dependerá la capacidad de las economías emergentes para continuar creciendo."
RPM-2009-02-12:2332:1,RPM-2009-02-12,2009-02-12,2009,José De Gregorio Rebeco,Presidente del Banco Central,consejo_votante,debate,debate,61,False,,"El Presidente señor José De Gregorio y el Vicepresidente señor Jorge Desormeaux se refieren a la relevancia que presentan tanto Brasil como México en la información a que alude el Consejero señor Sebastián Claro. A continuación, el Presidente señor José De Gregorio ofrece la palabra al Gerente de Análisis Macroeconómico señor Claudio Soto Gamboa, para que exponga sobre el escenario nacional."
RPM-2009-02-12:2338:1,RPM-2009-02-12,2009-02-12,2009,José De Gregorio Rebeco,Presidente del Banco Central,consejo_votante,debate,debate,20,False,,El Presidente señor José De Gregorio comenta que en el IPoM no se tiene una proyección para el segundo trimestre.
RPM-2009-02-12:2353:1,RPM-2009-02-12,2009-02-12,2009,Manuel Marfán Lewis,Consejero,consejo_votante,mercados_financieros,mercados_financieros,127,False,,"El Consejero señor Manuel Marfán comenta que, en su opinión, en el corto plazo existen demasiados estímulos para explicar desalineamientos de los tipos de cambio. En alguna ocasión, ello se produce porque el dólar se usó como moneda recurso y por lo tanto, se apreció respecto de todas las demás monedas. Por otra parte, señala que podría ser efecto del cálculo del déficit de caja del sector público y del endeudamiento que deberá contraer mediante la determinación del monto que tendrá que colocar el Fisco en pesos, lo que se encuentra muy ligado al precio del cobre. Por lo tanto, indica que mientras más baja el precio del cobre, probablemente, más dólares se tendrán que liquidar a pesos en el mercado local por parte del Fisco. -."
RPM-2009-02-12:2377:1,RPM-2009-02-12,2009-02-12,2009,Jorge Desormeaux Jiménez,Vicepresidente del Banco Central,consejo_votante,acuerdo_comunicado,acuerdo_comunicado,40,False,,"El Vicepresidente señor Jorge Desormeaux expresa que en el momento de emitir su voto manifestó su intención de sumarse a la votación de mayoría, por lo cual también se adhiere al acuerdo de bajar la tasa en 250 puntos base."
RPM-2009-02-12:2382:1,RPM-2009-02-12,2009-02-12,2009,Consejo del Banco Central de Chile,Consejo,consejo_entidad,acuerdo_comunicado,apertura_cierre,15,False,,El Consejo aprueba el texto del Comunicado. Se levanta la Sesión a las 17:45 horas.
RPM-2009-03-12:2392:2,RPM-2009-03-12,2009-03-12,2009,Sergio Lehmann Beresi,Gerente de Análisis Internacional,staff_tecnico,escenario_internacional,escenario_internacional,20,False,,"y el señor Sergio Lehmann informa que menos 0,5 de crecimiento es la cifra que se dio a conocer formalmente."
RPM-2009-04-09:2476:1,RPM-2009-04-09,2009-04-09,2009,Claudio Soto Gamboa,Gerente de Análisis Macroeconómico,staff_tecnico,politica_fiscal,politica_fiscal,85,False,,"El Gerente de Análisis Macroeconómico señor Claudio Soto comenta respecto al juicio que incluye esta proyección, que se está siendo algo más optimistas de lo que sucedió en 1998. En nuestra proyección se muestra un rebote en el consumo hacia el segundo trimestre, después de haber caído de manera intensa el cuarto trimestre del año pasado y estar más bien plano el primer trimestre de este año. Agrega que el juicio para fundamentar lo anterior consiste en las reacciones de política, tanto fiscal como monetaria."
RPM-2009-04-09:2487:2,RPM-2009-04-09,2009-04-09,2009,Andrés Velasco Brañes,Ministro de Hacienda,ministro_hacienda,escenario_internacional,escenario_internacional,20,False,,"Al respecto, el señor Ministro de Hacienda consulta si nuestro país está en niveles inusualmente altos, haciendo una comparación internacional."
RPM-2009-04-09:2489:3,RPM-2009-04-09,2009-04-09,2009,José De Gregorio Rebeco,Presidente del Banco Central,consejo_votante,debate,debate,38,False,,"Siendo las 13:40 horas, el Presidente señor José De Gregorio pone término a la sesión de la mañana de la Reunión de Política Monetaria y comunica que la parte de la tarde se reanuda a las 16:00 horas."
RPM-2009-04-09:2500:2,RPM-2009-04-09,2009-04-09,2009,Consejo del Banco Central de Chile,Consejo,consejo_entidad,acuerdo_comunicado,acuerdo_comunicado,20,False,,"En consecuencia, por votación unánime, el Consejo acuerda bajar la Tasa de Política Monetaria en 50 puntos base hasta 1,75%."
RPM-2009-05-07:2517:1,RPM-2009-05-07,2009-05-07,2009,José De Gregorio Rebeco,Presidente del Banco Central,consejo_votante,mercados_financieros,mercados_financieros,46,False,,"El Presidente señor José De Gregorio comenta que existen dos posiciones de discusión sobre la medición del CDS, pero otro aspecto a considerar es que también depende un poco de que se mide por puntos base, de manera que se debería comparar con el nivel inicial."
RPM-2009-05-07:2519:1,RPM-2009-05-07,2009-05-07,2009,Andrés Velasco Brañes,Ministro de Hacienda,ministro_hacienda,escenario_internacional,escenario_internacional,47,False,,"El Ministro de Hacienda señor Velasco indica que lo anterior depende mucho de cómo se presente, ya que si se mostrara un gráfico de los niveles del COS, que no midiera por puntos base sino que por porcentaje respecto a la base, se vería algo muy distinto."
RPM-2009-05-07:2528:2,RPM-2009-05-07,2009-05-07,2009,Claudio Soto Gamboa,Gerente de Análisis Macroeconómico,staff_tecnico,actividad_interna,actividad_interna,109,False,,"Continuando con su exposición, el Gerente de Análisis Macroeconómico señala que el gráfico que muestra la evolución de los PPM recoge dos aspectos. Primero, la forma como ha operado la parte automática de la política fiscal, que es el ajuste en la recaudación tributaria que está vinculado al efecto cíclico de la recaudación, y la parte que está asociada a política exógena, donde se ve que hasta fines de 2008, hubo una caída de los PPM que probablemente está asociada a la menor actividad que se registró hacia fines del año pasado, y que hacia adelante se ven caídas adicionales del PPM, probablemente vinculadas a la política fiscal. mencionada."
RPM-2009-05-07:2532:2,RPM-2009-05-07,2009-05-07,2009,Claudio Soto Gamboa,Gerente de Análisis Macroeconómico,staff_tecnico,debate,debate,85,False,,"Al respecto, el señor Soto señala que se trata de promedios móviles anuales y que la variación negativa de existencias sería bastante menor que la que hubo en el primer trimestre. Agrega que las proyecciones que se tienen son que la variación negativa era menos intensa que la del cuarto trimestre. Por ello, hacia delante, se está suponiendo que vuelve a haber una variación negativa, pero de menor intensidad que el primer trimestre. Recién hacia el tercer trimestre, se estaría observando una acumulación de inventarios."
RPM-2009-06-16:2567:3,RPM-2009-06-16,2009-06-16,2009,Sergio Lehmann Beresi,Gerente de Análisis Internacional,staff_tecnico,mercados_financieros,mercados_financieros,179,False,,"El señor Lehmann responde que en el caso de las posiciones, particularmente en cobre y petróleo, la primera no registra un comportamiento distinto al de meses anteriores, mientras que en el caso del petróleo sí existen evidencias de algún aumento en las posiciones largas y en instrumentos vinculados a su precio. Sin perjuicio de ello, señala que los modelos de la Gerencia de Análisis Internacional confirman la existencia de un premio de 20 a 30 centavos en el caso del cobre, el que no se explica bien por los fundamentos, pero que estaría asociado a la subida de los Purchasing Managers Index, PMI, de Asia y a la fuerte caída de inventarios. Complementa su análisis mencionando que las proyecciones del precio de este metal se mantienen por el momento. El Gerente de Análisis Internacional continúa su exposición señalando que se revisó la proyección del precio de los combustibles desde 53 dólares el barril en mayo pasado, a 60 dólares el barril en junio, aumento que estaría asociado a una estimación de una demanda algo mayor, particularmente en Estados Unidos."
RPM-2009-07-09:2608:4,RPM-2009-07-09,2009-07-09,2009,Andrés Velasco Brañes,Ministro de Hacienda,ministro_hacienda,escenario_internacional,escenario_internacional,20,False,,"El señor Velasco acota que para que eso sea posible, el crecimiento debe ser de dos dígitos, por lo menos,"
RPM-2009-07-09:2644:2,RPM-2009-07-09,2009-07-09,2009,Luis Felipe Céspedes Cifuentes,Gerente de Investigación Económica,staff_tecnico,opciones_tpm,opciones_tpm,681,False,,"quien comienza su exposición señalando que así como fue discutido en la sesión de la mañana y tal como lo indica la Minuta de Opciones, es necesario imprimir un impulso monetario adicional al ya contemplado en el escenario central del IPoM de mayo, habida consideración de la acumulación de noticias en los últimos meses. Precisa, que un cálculo basado en una simple regla de Taylor, y consistente con lo expresado por el Gerente de Análisis Macroeconómico durante la mañana, indica que la TPM debiese ser negativa en el corto plazo para que la inflación converja a la meta de 3% en el horizonte de política monetaria. Respecto del mínimo al cual podría llegar la TPM producto de la crisis financiera, plantea que, dado lo señalado en la Minuta de Opciones, no es difícil concluir que la vía de escape al problema de un límite inferior a la TPM, al menos inicialmente, sea incrementar el periodo de tiempo por el cual esta debiese mantenerse baja. En su opinión, si no se puede bajar la tasa en el corto plazo, habría que reducir la pendiente para lograr un estímulo macroeconómico equivalente. Agrega, que lamentablemente y tal como se ha observado en las últimas semanas, afectar la trayectoria de tasas esperadas por el mercado es complejo y difícil, dado que los problemas de consistencia dinámica se exacerban en este tipo de situaciones. Lo anterior, manifiesta el señor Céspedes, puede redundar en una Tasa de Política Monetaria esperada mayor que la necesaria para volver la inflación al 3% en el horizonte de política. Hace presente, que más complejo aún es que conforme la estructura de tasas de mercado es mayor que la requerida, se exacerba la necesidad de mantener la TPM en un nivel muy bajo por períodos prolongados. Explica, que por cada vez que el mercado tiene una estructura de tasas superior a la que los modelos del Banco indican, se requiere aumentar el lapso de tiempo en el que se debiese mantener baja la Tasa de Política Monetaria, es decir, se puede entrar en un círculo vicioso. Al respecto, señala que una forma de reducir este problema es implementar mecanismos que le den credibilidad a la comunicación de una TPM que se mantendrá baja por un período, y que la alternativa de facilidades de liquidez discutida en la Minuta de Opciones emerge como un elemento clave en esta dirección. En su opinión, de no explicitarse un plazo en el cual esta facilidad estará disponible, se aumenta la probabilidad de que el mercado estime una mantención de TPM menor que la requerida para estimular a la economía. Informa, que antecedentes preliminares basados nuevamente en ejercicios en torno al escenario de riesgo del IPoM, muestran que los plazos a los cuales la TPM debiese mantenerse en niveles bajos exceden largamente los que podría comprometer el Banco en operaciones de liquidez, por lo que se requiere avanzar en otras dimensiones que apoyen este tipo de medidas, reafirmando que las señaladas en la Minuta de Opciones van en esa dirección. El Gerente de Investigación Económica agrega que, dado el nivel de incertidumbre sobre el efecto de la estructura de tasas de los cursos de acción de política delineados en la Minuta de Opciones, parece razonable esperar y evaluar los efectos de la decisión de política monetaria que se adoptará antes de discutir potenciales alternativas. No obstante, señala que hay que tener muy presente que conforme la estructura de tasas se mantenga por sobre la requerida según las estimaciones disponibles en un esquema de facilidades de liquidez, el Banco tendría que comprometerse cada vez a plazos de mantención de TPM mayores o implementar acciones de política que, adoleciendo de un grado menor de inconsistencia dinámica, permitan incrementar el estímulo monetario en el corto plazo. Como una nota al margen, el señor Céspedes menciona que la sola existencia de potenciales medidas adicionales es útil para evitar el problema de distribución de TPM futuras truncadas en el valor mínimo posible. Respecto a estas medidas adicionales, finaliza, la experiencia reciente de otras economías abiertas puede ser interesante de tener en cuenta."
RPM-2009-08-13:2659:1,RPM-2009-08-13,2009-08-13,2009,Sergio Lehmann Beresi,Gerente de Análisis Internacional,staff_tecnico,escenario_internacional,escenario_internacional,198,False,,"El Gerente de Análisis internacional indica, en primer término, que la caída de la actividad ha continuado moderándose en los países desarrollados y se ha recuperado en las economías emergentes, destacando la evolución positiva que muestran China y República de Corea, principalmente, así como también algunas otras economías. ‘V El señor Lehmann informa que las exportaciones también dan cuenta de una trayectoria de recuperación, la que es algo tenue en las economías desarrolladas y algo más marcada en algunas economías emergentes, como es el caso de Brasil, China, Corea y Asia, en general. En cuanto a los inventarios, el Gerente destaca que un elemento que ha caracterizado el ciclo económico actual durante los últimos trimestres es la alta sincronía en la desacumulación de los mismos. En Chile, ejemplifica, la caída de los inventarios sobre el PIB es de 3%, patrón que se repite en varios países, en tanto que los mayores descensos se registran en algunas economías de Asia, como es el caso muy excepcional de China, que exhibe una reducción de casi 13%, Malasia, una de 12,9%, y Corea, una caída en torno a 5%. La situación de Brasil, en cambio, es bastante similar a la chilena."
RPM-2009-09-08:2689:1,RPM-2009-09-08,2009-09-08,2009,Consejo del Banco Central de Chile,Consejo,consejo_entidad,apertura_cierre,apertura_cierre,236,False,,"ACTA CORRESPONDIENTE A LA SESIÓN DE POLÍTICA MONETARIA N° 143 celebrada el 8 de septiembre de 2009 En Santiago de Chile, a 8 de septiembre de 2009, siendo las 11:30 horas, se reúne el Consejo del Banco Central de Chile bajo la presidencia del titular don José De Gregorio Rebeco, y con la asistencia del Vicepresidente, don Jorge Desormeaux Jiménez, y de los Consejeros don Manuel Marfán Lewis, don Enrique Marshall Rivera y don Sebastián Claro Edwards. Asisten también los señores: Ministro de Hacienda, don Andrés Velasco Brañes; Subsecretaría de Hacienda, doña María Olivia Recart Herrera; Gerente General, don Alejandro Zurbuchen Silva; Fiscal y Ministro de Fe, don Miguel Ángel Nacrur Gazali; Gerente de División Estudios, don Pablo García Silva; Gerente de División Operaciones Financieras, don Beltrán de Ramón Acevedo; Gerente de División Política Financiera, don Kevin Cowan Logan; Gerente de División Estadísticas, don Ricardo Vicuña Poblete; Gerente de Análisis Macroeconómico, don Claudio Soto Gamboa; Gerente de Análisis Internacional, don Sergio Lehmann Beresi; Gerente de Mercados Financieros Nacionales, don Matías Bernier Bórquez; Gerente de Investigación Económica, don Luis Felipe Céspedes Cifuentes; Gerente de Estabilidad Financiera Subrogante, don Dalibor Eterovic Maggio; Gerente Asesor de Comunicaciones, don Luis Alberto Álvarez Vallejos; Asesor del Ministerio de Hacienda, don Igal Magendzo Weinberger; Economista Sénior, doña Erika Arraño González; Economista Sénior, don Enrique Orellana Cifuentes; Asesora de la Presidencia, doña Mariana García Schmidt; y la Secretario General, doña Marlys Pabst Cortés."
RPM-2009-09-08:2699:4,RPM-2009-09-08,2009-09-08,2009,Claudio Soto Gamboa,Gerente de Análisis Macroeconómico,staff_tecnico,escenario_internacional,escenario_internacional,386,False,,"El Gerente de Análisis Macroeconómico retoma su presentación, mencionando que la inflación del IPC fue de -0,4%, la del IPCX, de -0,6%, la del IPCX1 de 0% y la inflación sin alimentos y energía, de -0,1%. Con ello, la variación anual del IPC llegó a -1%. Destaca que hubo dos sorpresas importantes respecto de lo proyectado: primero, se esperaba una variación levemente positiva de las tarifas eléctricas y su variación fue de -18%, aproximadamente, lo cual tuvo una incidencia de casi medio punto de inflación; segundo, se contemplaba que el vestuario podía seguir cayendo y subió 5%, aproximadamente, que incidió en casi cuatro puntos en la inflación. De hecho, indica que el IPCX1 fue algo más alto que lo proyectado, ya que se estimó que sería -0,3% y fue 0%, y en el caso del IPCX, que constituyó la sorpresa más importante, el Banco proyectaba -0,2% y fue -0,6%. En cuanto a la tarifa eléctrica, el señor Claudio Soto explica que en noviembre se fijará el precio de nudo. Al respecto, el supuesto de trabajo es que experimentará un alza producto de lo que ha estado ocurriendo fundamentalmente con el precio del petróleo. Respecto de la caída de 18% en la tarifa eléctrica, el señor Soto señala que se debió fundamentalmente a la reliquidación de la fijación del precio de nudo de abril, y que durante mayo y junio estuvo por sobre lo que debió haber estado, por lo que la diferencia debió devolverse a los clientes. Agrega que la Gerencia supo que la devolución se habría concretado en julio, porque ese mes se observó efectivamente una baja en la tarifa eléctrica; no obstante, precisa que el Instituto Nacional de Estadísticas (INE) está informando que la tarifa de agosto fue la que reflejó esta reliquidación. Luego, la fuerte caída debiera devolverse a 15%, según cálculos algo más conservadores, considerando que la fijación del precio de nudo no cambiará la tarifa y desestimando estos movimientos por el término de la cuota del valor agregado. En resumen, se está suponiendo que la tarifa eléctrica no aumenta ni se reduce por la fijación del precio de nudo, mientras que sí se esperaría una caída en abril del próximo año, ya que habrá una nueva fijación de precios, con costos marginales que, se espera, sean más bajos en ese momento."
RPM-2009-09-08:2711:2,RPM-2009-09-08,2009-09-08,2009,José De Gregorio Rebeco,Presidente del Banco Central,consejo_votante,acuerdo_comunicado,acuerdo_comunicado,255,False,,"Finalmente, el Presidente, señor José De Gregorio, señala que las noticias más recientes no distan significativamente de lo previsto hace un mes atrás, de modo que no ve razones para cambios respecto de la decisión del mes pasado. La economía mundial muestra signos de una recuperación pausada, dejando atrás las severas caídas de actividad del último trimestre del año pasado y la primera mitad de este. La actividad de la economía chilena, por su parte, ha mostrado que la recuperación ya ha comenzado, y esta tendencia debiera seguir en el curso de este año y el próximo. Los registros de inflación, así como los de sus determinantes, muestran que está contenida en niveles muy bajos. Aunque en el próximo mes se observe un dato puntual inusualmente elevado y mayor que lo que el mercado pueda esperar, las perspectivas del horizonte de política indican que esta debiera ir convergiendo a la meta de manera gradual, después de pasar varios meses por territorio negativo. Con todo, estima que las expectativas son coherentes con la meta y sugieren que los registros bajos serán transitorios, en tanto que el mayor riesgo hoy día es que la inflación permanezca debajo de la meta más allá de lo deseado. Por lo anterior, el señor Presidente no ve razones para cambiar la actual política monetaria, votando, en consecuencia, por mantener la tasa, anunciar que seguirá baja por un tiempo prolongado y seguir con el apoyo de las medidas no convencionales. Asimismo, sugiere que el comunicado sea muy similar al del mes pasado."
RPM-2009-10-13:2714:1,RPM-2009-10-13,2009-10-13,2009,José De Gregorio Rebeco,Presidente del Banco Central,consejo_votante,debate,debate,51,False,,"El Presidente, señor José De Gregorio, junto con dar inicio a la Reunión de Política Monetaria N° 145, señala que, de conformidad con el Reglamento que rige estas Sesiones, fija la Reunión de Política Monetaria correspondiente al mes de abril de 2010 para el día 15 de dicho mes. A continuación,"
RPM-2009-10-13:2725:5,RPM-2009-10-13,2009-10-13,2009,Sergio Lehmann Beresi,Gerente de Análisis Internacional,staff_tecnico,mercados_financieros,mercados_financieros,124,False,,"En materia de paridades, el señor Sergio Lehmann indica que durante el último mes se ha observado una apreciación de las monedas respecto del dólar, tendencia que es similar en todas las economías. El dólar multilateral, por su parte, debería tender a una pendiente positiva, dando cuenta de una depreciación del dólar norteamericano en general. Los premios por riesgo soberano, prosigue, han caído levemente, reflejo de un mayor apetito por riesgo y de un mayor interés por invertir, particularmente en economías emergentes. En resumen, señala que, al menos durante el último mes, se observa una clara tendencia hacia la apreciación de las monedas y en materia de CDS, una caída de los premios por riesgo en prácticamente todas las economías, con algunas pocas excepciones."
RPM-2009-10-13:2742:1,RPM-2009-10-13,2009-10-13,2009,Kevin Cowan Logan,Gerente de División de Política Financiera,staff_tecnico,mercados_financieros,mercados_financieros,42,False,,"El Gerente de División de Política Financiera, señor Kevin Cowan, señala que las AFP básicamente han salido al exterior cubiertas, de manera que el impacto en el tipo de cambio es acotado, afectando más a la tasa offshore y a otras variables."
RPM-2009-11-12:2776:1,RPM-2009-11-12,2009-11-12,2009,José De Gregorio Rebeco,Presidente del Banco Central,consejo_votante,escenario_internacional,escenario_internacional,128,False,,"El señor Presidente señala que la pregunta de fondo es cómo va a cerrar el 2009 y qué significa esto respecto de la tendencia de las brechas para el próximo año. Al respecto, manifiesta que después de haber visto lo que ha ocurrido en otros países, se pregunta cuál es el riesgo de que la recuperación sea con ampliación de brechas en el año 2010. Comenta que le llama mucho la atención que otros países con metas de inflación todavía prevén que el próximo año se seguirán abriendo las brechas, lo cual tiene implicancias en política monetaria. Puede ser un escenario de riesgo, que no se puede descartar, consistente en que se esté creciendo por debajo de la brecha el próximo año, por razones de demanda, por ejemplo."
RPM-2009-11-12:2781:1,RPM-2009-11-12,2009-11-12,2009,Enrique Marshall Rivera,Consejero,consejo_votante,mercados_financieros,mercados_financieros,43,False,,"El Consejero señor Enrique Marshall comenta que los bonos en UF a corto plazo tienen que arbitrarse por inflación, y que le resulta difícil explicar que los bonos en UF a largo plazo, a diez años o veinte años, estén exhibiendo alzas significativas."
RPM-2009-12-15:2809:1,RPM-2009-12-15,2009-12-15,2009,José De Gregorio Rebeco,Presidente del Banco Central,consejo_votante,escenario_internacional,escenario_internacional,39,False,,"El Presidente aclara que esos puntos porcentuales son del monto del crédito, sobre la operación que se está cubriendo, y agrega que el CDS es una prima que se paga por una operación en caso que el cliente quiebre."
RPM-2009-12-15:2821:1,RPM-2009-12-15,2009-12-15,2009,Claudio Soto Gamboa,Gerente de Análisis Macroeconómico,staff_tecnico,debate,debate,240,False,,"El señor Claudio Soto, refiriéndose a los spreads, indica que se ha hecho una separación por plazo, observándose que los spreads a 30-89 días han bajado y están en niveles comparables a los que hubo en el período precrisis y en niveles bajos si se los compara con los exhibidos a comienzos de la década. Los spreads de 90-360 días, en tanto, se han mantenido por sobre los que llegaron a estar antes de la actual crisis, algo por debajo de lo que estuvieron en el momento de la crisis de 1999 y comparados con los valores históricos, no están más altos que a comienzos de la década. Los spreads de las colocaciones de 1 a 3 años, por su parte, se ven bastante volátiles, incluso desde una perspectiva histórica, por lo que resulta difícil afirmar si estos son actualmente muy altos o muy bajos. Al proseguir, el señor Soto menciona que las colocaciones registran una incipiente recuperación. Las colocaciones de consumo muestran variaciones desestacionalizadas al alza ya por algunos meses, lo mismo que las colocaciones para la vivienda medidas en UF. Las colocaciones comerciales, en cambio, aún no exhiben una recuperación clara, situación que va más allá del tema de la moneda en que se midan, ya que haciendo un ejercicio de excluir las colocaciones comerciales medidas en dólares, el cuadro es exactamente el mismo, esto es, que en el margen todavía se ven variaciones mes a mes negativas."
RPM-2009-12-15:2823:2,RPM-2009-12-15,2009-12-15,2009,Claudio Soto Gamboa,Gerente de Análisis Macroeconómico,staff_tecnico,mercados_financieros,mercados_financieros,228,False,,"Al respecto, el señor Claudio Soto hace presente que un punto que ha estado también en la discusión es el efecto que podría haber tenido el Banco del Estado, en particular el haber sostenido las colocaciones comerciales de manera bastante notable durante este año. De no haber sido así, estas habrían registrado caídas incluso más intensas. Agrega que la política del Banco del Estado ha sido de apoyar este segmento, lo que no es tan claro en los otros segmentos ni en colocaciones de consumo e hipotecarias. En cuanto al tipo de cambio, el Gerente de Análisis Macroeconómico señala que hubo una apreciación fuerte de la moneda durante el mes pasado, mientras que durante el presente ha permanecido sin mayores variaciones. Comenta que el tipo de cambio real está en 91, aproximadamente, y que ello se ha dado en un contexto de alta volatilidad de la moneda, detallando que la volatilidad intradía del tipo de cambio aumentó durante la crisis, luego tendió a disminuir, pero en el momento en que se produjo la apreciación de la moneda volvió a registrar un repunte. Los mercados bursátiles, prosigue, se han mostrado más bien estables, en línea con lo que ha sucedido en otras bolsas latinoamericanas. Agrega que no se ven grandes diferencias, aunque sí un rendimiento relativamente mejor con respecto a bolsas mundiales por las caídas que estas han experimentado."
RPM-2009-12-15:2829:1,RPM-2009-12-15,2009-12-15,2009,Pablo García Silva,Gerente de División Estudios,staff_tecnico,inflacion,inflacion,63,False,,"El señor Pablo García cree entender de lo planteado que el hecho de tener una meta basada en inflación total hace que las tasas de inflación sean demasiado volátiles, porque si se tuviera una meta basada en inflación subyacente que fuera el 3% también, quizás eso llevaría a que las expectativas de inflación subyacente fueran menos sensibles a shocks. No habiendo más comentarios,"
RPM-2010-01-14:2843:2,RPM-2010-01-14,2010-01-14,2010,Sergio Lehmann Beresi,Gerente de Análisis Internacional,staff_tecnico,escenario_internacional,escenario_internacional,316,False,,"El señor Sergio Lehmann inicia su exposición, informando los principales desarrollos ocurridos en el último mes. En el ámbito internacional, señala que la actividad continuó mejorando durante el cuarto trimestre del año 2009, con algunas excepciones en América Latina, fundamentalmente en México y Brasil, que mostraron algunos retrocesos en materia de producción industrial, y que lo mismo sucedió en el caso de algunos países de Europa emergente. No obstante, indica que las expectativas para el año 2010 son ligeramente mejores que las observadas hace un mes. El señor Lehmann hace presente que la confianza empresarial continúa robusteciéndose, aumentando particularmente en las economías desarrolladas, mientras que la confianza de los consumidores sigue acotada, porque persiste la debilidad en el mercado laboral, en especial, en Estados Unidos. En materia de inflación, menciona que las informaciones de inflación headline muestran un repunte en gran parte de las regiones, mientras que las lecturas core continúan siendo moderadas, y que las proyecciones para el año 2010 han tendido a ajustarse levemente al alza. El señor Lehmann reporta luego que los mercados financieros desarrollados muestran aumentos en las tasas de interés de largo plazo y una ligera moderación en las expectativas de alza de las tasas de política monetaria (TPM), destacando que hay un contrapunto entre lo que está aconteciendo en materia de tasas cortas versus tasas largas, particularmente en economías desarrolladas. El euro y el yen, explica, han tendido a perder valor frente al dólar, mientras que los mercados emergentes muestran cifras positivas, con leves apreciaciones en sus monedas, salvo algunas excepciones en América Latina, fundamentalmente por problemas en el caso de Argentina y Venezuela. Agrega que persiste la incertidumbre en los países europeos con problemas financieros, así como también en Dubai, que ha mantenido una situación relativamente tensa en sus mercados. Para finalizar su resumen, señala que los commodities se han recuperado de manera bastante importante durante las últimas semanas."
RPM-2010-01-14:2850:1,RPM-2010-01-14,2010-01-14,2010,Manuel Marfán Lewis,Vicepresidente del Banco Central,consejo_votante,escenario_internacional,escenario_internacional,610,True,RECONSTRUCCION_AMBIGUA_POR_COTEJAR,"El Vicepresidente, señor Manuel Marfán, manifiesta que hay algunos temas sobre la coyuntura internacional que, en su opinión, son crecientemente importantes. El primero se refiere a la percepción de que la economía mundial quizás está sostenida por un “respirador artificial”, sin el cual esta se derrumba, lo cual significa que hay que mantenerlo. No obstante, indica que el problema es que si las medidas fiscales y las monetarias se sostienen por un tiempo prolongado, no convergen y también son explosivas. Dado eso, estima que hay una preocupación de riesgo legítimo de que tal vez la recuperación o la estabilidad que se ha visto en los últimos meses no es tal o está sostenida por fundamentales que pueden continuar estando muy mal. Recalca que si bien está formulando una hipótesis, a su juicio no se debiera descartar ese escenario, especialmente porque a medida que transcurre el tiempo, se tiene la sensación de que se están generando otros potenciales desequilibrios como consecuencia de políticas que se están llevando a cabo y que podrían ser insostenibles en el tiempo. Como segundo comentario, el señor Vicepresidente señala echar de menos la información respecto del spread Libor de 30 días, porque ese es el que más varió con ocasión de la crisis y constituye, en su opinión, un mejor indicador acerca de cuál es la percepción de riesgo de corto plazo. Asimismo, repara en que la información entregada sobre el spread para las tasas de 12 meses muestra la caída registrada a fin de año, pero no refleja que los niveles siguen siendo anormalmente muy altos, respecto de lo que eran antes de la crisis, por lo que si bien resulta tranquilizadora la tendencia que tienen hacia la baja, su nivel sigue siendo alto. En tercer lugar, el señor Manuel Marfán se refiere al balance de la FED, haciendo ver la complejidad de las acciones emprendidas por ella, especialmente la emisión de MBS y la deuda de agencias, las que, a su juicio, son acciones que debiera hacer un banco de desarrollo y no un banco central, y que claramente van a tender a deteriorar muy fuertemente su balance. Agrega que si las frena ahora, quizás ello pueda ser sostenible, pero no es seguro que cuando las comience a retirar logrará que los mercados financieros se puedan seguir sustentando, lo cual, por lo demás, hace extensivo, pero con menos nitidez, para el Banco Central Europeo. En la misma línea, y respecto de los CDS spread, el señor Marfán señala que, en su parecer, el de Grecia debería haber tenido un aumento significativo en los días más recientes, porque los griegos recibieron una reprimenda del BCE por haber manipulado las cifras de su deuda pública, lo que no deja de ser grave. Agrega que España también está con tendencia al alza, por lo que su comentario apunta a expresar un temor legítimo en cuanto a que en el escenario de riesgo que se maneja, no probablemente el escenario central, las probabilidades de que haya un despegue son altas. Por último, el señor Vicepresidente formula un comentario metodológico sobre el gráfico que muestra la confianza empresarial y el precio del cobre. En su opinión, la imagen que se observa da cuenta de una correlación algo espuria, porque dada la crisis, muchas son las variables que muestran exactamente lo mismo. Al respecto, señala tener la impresión de que lo que está mostrando el gráfico es el hecho que durante la crisis muchas variables se deterioraron y que luego se han recuperado, pero que no necesariamente es la confianza empresarial la que arrastra el precio del cobre necesariamente, sino que todos los fundamentos y subyacentes que están detrás. r"
RPM-2010-01-14:2859:1,RPM-2010-01-14,2010-01-14,2010,Manuel Marfán Lewis,Vicepresidente del Banco Central,consejo_votante,mercado_laboral,mercado_laboral,110,False,,"El Vicepresidente, señor Manuel Marfán, comenta que la tendencia hasta antes de la crisis era asalariados, creciendo muy fuerte, y cuenta propia, perdiendo participación, y que uno de los efectos que tuvo esta apreciación es que creció el desempleo y también aumentó el empleo por cuenta propia, que resulta ser una alternativa al desempleo. Por lo tanto, lo que probablemente se está observando ahora es que eso se está deshaciendo. En su opinión, este es un fenómeno propio de una coyuntura de una economía que vuelve a crecer, en que mucha gente probablemente prefiere empezar a buscar trabajo antes que seguir en alguno por cuenta propia mal pagado e indigno."
RPM-2010-01-14:2865:1,RPM-2010-01-14,2010-01-14,2010,Rodrigo Vergara Montes,Consejero,consejo_votante,acuerdo_comunicado,acuerdo_comunicado,28,False,,"El Consejero señor Rodrigo Vergara señala que en el tema de los automóviles, pareciera que, de acuerdo con lo informado, habría una desacumulación muy fuerte en sus inventarios."
RPM-2010-01-14:2884:1,RPM-2010-01-14,2010-01-14,2010,Enrique Marshall Rivera,Consejero,consejo_votante,acuerdo_comunicado,acuerdo_comunicado,1108,False,,"El señor Enrique Marshall señala que las noticias del último mes tienden a confirmar, en general, el escenario descrito en el último IPoM, el que en términos gruesos se viene visualizando desde hace varios meses, lo que es señal de la mayor estabilidad alcanzada en el último tiempo. En el frente externo, el señor Marshall indica que las perspectivas de recuperación se ven afianzadas para este año, no obstante las divergencias entre regiones y la debilidad que aún muestra el empleo. Agrega que los mercados financieros, con algunas excepciones, mantienen en general las tendencias que venían observando, y las perspectivas inflacionarias, si bien han registrado algún ajuste al alza, permanecen contenidas. No obstante lo anterior, en opinión del señor Consejero, los riesgos en adelante siguen siendo relevantes y deben ser monitoreados con atención. Anticipa que este año, un factor de riesgo que estará muy presente es el retiro de las políticas de apoyo y estímulo, y que en esa perspectiva, el desafío para las autoridades es enorme. Hace presente que a ello se agrega la incertidumbre, que probablemente permanecerá por algún tiempo, sobre cómo se resuelven los problemas de orden más bien estructural que se relacionan, de una u otra forma, con la crisis, como son la debilidad de los sistemas financieros, el deterioro de las posiciones fiscales de algunos países desarrollados y los desequilibrios externos observados por actores relevantes de la economía mundial. Destaca que todo ello tiene particular incidencia en las perspectivas de crecimiento para el mundo más allá del año 2010. El señor Enrique Marshall expresa que el aumento en los precios de las materias primas también es un factor de preocupación y que, en el último mes, los metales y la energía tuvieron incrementos muy significativos que, de persistir, podrían afectar las expectativas inflacionarias. Para las economías emergentes, menciona que una creciente preocupación es la tendencia hacia la apreciación de sus monedas y, muy especialmente, el riesgo de que ello se intensifique en los próximos trimestres como resultado de los desarrollos que se están observando. En el frente doméstico, el señor Marshall plantea que los mercados de renta fija han observado algunas correcciones a la baja en sus tasas de interés, revirtiendo alzas previas, y que con estos movimientos, que responderían principalmente a noticias provenientes del frente interno, prácticamente se ha eliminado la brecha que existía entre las señales de política y las tasas de mercado, indica que el peso ha mostrado volatilidad en el curso del último mes, depreciándose después de la última RPM, para luego retomar una tendencia apreciativa, por lo que sus implicancias deben ser procesadas con atención. El señor Enrique Marshall señala que el crédito, visto en forma agregada, no muestra todavía un claro repunte. Al respecto, detalla que las operaciones comerciales han seguido cayendo y que las únicas que permanecen en una senda expansiva son las operaciones para la vivienda, como ha ocurrido en ciclos anteriores. En cuanto a las tasas de interés, el señor Marshall hace presente que han alcanzado los niveles previos a la crisis y que en algunos segmentos se siguen observando correcciones a la baja, lo que se explicaría, en alguna medida, por la mayor selectividad en las operaciones cursadas. Los bancos, prosigue, reportan una leve mejoría en las condiciones crediticias ofrecidas a los clientes y una mayor demanda por crédito. Advierte que este es un antecedente importante, pero parcial, de manera que debe ser procesado con precaución. Agrega que si se considera toda la información disponible, se puede argumentar que, efectivamente, el cuadro en materia de crédito ha evolucionado en un sentido positivo, pero que está todavía lejos de lo que se podría calificar como un cuadro normal, lo que supone el retorno a un crecimiento razonable y sostenible de las colocaciones bancarias. El señor Consejero aludido menciona luego que el registro de Imacec de noviembre, junto con mostrar la primera cifra de variación anual positiva del año, confirmó que la actividad se está recuperando, infundiendo cierto grado de optimismo, que ha llevado a los analistas privados a corregir levemente al alza sus proyecciones para el año 2010. Con todo, señala que las últimas cifras de actividad no permiten despejar completamente ciertas dudas sobre el vigor que tendría la recuperación en el curso de este año, lo que, sin duda, tiene importantes implicancias para la política monetaria. En relación con el mercado laboral, el señor Enrique Marshall destaca que entrega señales positivas, pero aún relativamente débiles, y que si bien el empleo reacciona normalmente con algún rezago, es claro que el fortalecimiento de su evolución es crucial para afianzar el proceso de recuperación en su conjunto. A continuación, el señor Marshall se refiere a la inflación anual, que cerró el año con una cifra negativa, como se había anticipado, y que las perspectivas de corto plazo siguen apuntando a una inflación bastante baja, que incluso podría ser algo menor que la prevista con anterioridad. Ello, acota, se relacionaría en alguna medida con los movimientos observados en el tipo de cambio. El Consejero señor Marshall subraya que las perspectivas de mediano plazo siguen apuntando a una gradual convergencia a la meta, conducida principalmente por la recuperación de la actividad. En esa perspectiva, indica que las visiones son bastante coincidentes, pero que persiste, sin embargo, algún grado de incertidumbre sobre la trayectoria misma de la inflación, esto es, sobre la velocidad con que ello ocurriría y la volatilidad que se podría observar a lo largo del tiempo. Plantea que las expectativas para la TPM se han vuelto a moderar y parecen bastante alineadas con las señales entregadas por el Banco Central en diciembre pasado. En su opinión, este es un punto que debería ser comunicado directa o indirectamente al mercado. En suma, el señor Marshall señala que para un escenario macroeconómico que no ha experimentado cambios significativos, la recomendación de mantener la TPM en su actual nivel, por lo menos hasta el segundo trimestre del presente año, permanece plenamente vigente. Agrega que la política monetaria ha apoyado decididamente la recuperación y debe seguir cumpliendo ese rol, advirtiendo que, por el momento, el principal riesgo que se enfrenta es el de retirar el estímulo monetario prematuramente. Para finalizar, manifiesta su intención de dejar constancia de algún grado de preocupación por los efectos que tendrá la reducción de los saldos acumulados por la FLAP, a medida que ello ocurra en el transcurso de los próximos meses. Estima que, por el momento, esos efectos se visualizan como muy acotados, pero que de todas formas parece conveniente seguir este proceso con atención. En suma, el Consejero señor Enrique Marshall vota por mantener la TPM en su actual nivel de 0,50%."
RPM-2010-02-11:2911:2,RPM-2010-02-11,2010-02-11,2010,Claudio Soto Gamboa,Gerente de Análisis Macroeconómico,staff_tecnico,debate,debate,7,False,,respondiendo el señor Soto que es efectivo.
RPM-2010-02-11:2918:2,RPM-2010-02-11,2010-02-11,2010,Claudio Soto Gamboa,Gerente de Análisis Macroeconómico,staff_tecnico,debate,debate,40,False,,"confirmando el señor Soto que ello sí era conocido y que la estimación de la incidencia no se hizo con tanta precisión, por efectos del cambio de base a nivel de clase de productos en lugar de hacerlo por productos."
RPM-2010-02-11:2933:1,RPM-2010-02-11,2010-02-11,2010,Claudio Soto Gamboa,Gerente de Análisis Macroeconómico,staff_tecnico,mercados_financieros,mercados_financieros,474,False,,"El señor Claudio Soto indica que ello va ser parte de un estudio que se va a entregar próximamente. Agrega que se está indagando acerca de cómo se compatibilizan actualmente los viajes en buses interurbanos, que corresponden a los pasajes de Santiago a provincias y viceversa, ya que podrían generar alguna variación en los precios difícil de anticipar. El señor Claudio Soto prosigue con su presentación refiriéndose a las proyecciones. Al respecto, destaca que el cambio más relevante proviene de lo que ha sucedido con el tipo de cambio y la incidencia que ello tiene en el precio de la gasolina. Como indicaba el señor Sergio Lehmann en su exposición, a nivel mundial, en general, ha habido una corrección a la baja en el precio de los combustibles, pero que corresponde considerar para ello que el precio de la gasolina está expresado en pesos. A continuación, el señor Claudio Soto se refiere a una proyección que tiene dos elementos que son importantes: el primero es la devolución del impuesto específico a la gasolina a fines de marzo, con incidencia en abril, y la devolución de lo que resta del impuesto de timbres y estampillas en el mes de julio. Al respecto, indica que el perfil de la proyección en general no cambia respecto de lo que se tenía en diciembre pasado. Explica que, en marzo, por ejemplo, el efecto del reajuste en educación que se aprecia en la proyección se ve en parte compensado por el efecto de precios de viajes interurbanos. Después, en abril, lo más relevante es la devolución del impuesto específico a la gasolina, que no afecta al IPCX1, pero sí al IPC. Para junio, en tanto, se espera una reducción en el precio de las tarifas eléctricas, dada la nueva fijación del precio nudo, destacando, por último, que lo más importante es la devolución del impuesto de timbres y estampillas, que no estaba en la proyección anterior, dado que llegaba hasta junio, y ahora sí aparece en el horizonte de proyecciones. Agrega que el cambio más relevante se producirá por lo que se espera ocurra en febrero, mes durante el cual se consideraba que se produciría una caída en el precio de la gasolina, esperándose ahora que haya un aumento por lo que está aconteciendo con el tipo de cambio. En cuanto a la desagregación mensual de las variaciones del IPC, el señor Claudio Soto llama la atención sobre la devolución del impuesto de timbres y estampillas en el mes de julio próximo, destacando que si efectivamente se concreta, la variación anual de la inflación del IPC estaría en 1,8% en ese mes. Añade que a contar del mes de febrero se tendría una variación anual positiva, que anteriormente se esperaba que ocurriera en abril, y que quizás en julio se estaría en la parte baja del rango de inflación."
RPM-2010-02-11:2947:4,RPM-2010-02-11,2010-02-11,2010,Claudio Soto Gamboa,Gerente de Análisis Macroeconómico,staff_tecnico,acuerdo_comunicado,acuerdo_comunicado,42,False,,"El señor Soto aclara que el modelo incluye la posición NDF del país como un todo y que se han dejado las variables constantes desde la última RPM, por lo que el cálculo del tipo de cambio se efectuó sobre esa base."
RPM-2010-02-11:2957:3,RPM-2010-02-11,2010-02-11,2010,José De Gregorio Rebeco,Presidente del Banco Central,consejo_votante,acuerdo_comunicado,acuerdo_comunicado,19,False,,"señalando el señor Presidente que no correspondería hacerlo, pero sí que quede incorporado en el Acta de esta Sesión."
RPM-2010-03-18:2981:6,RPM-2010-03-18,2010-03-18,2010,José De Gregorio Rebeco,Presidente del Banco Central,consejo_votante,mercados_financieros,mercados_financieros,41,False,,"señalando el señor Presidente que es el cambio en la tasa de crecimiento respecto a un escenario pre terremoto. Agrega que como consecuencia del terremoto, el nivel del PIB podría disminuir 2% en el primer trimestre y 1,4% en el segundo."
RPM-2010-03-18:2986:1,RPM-2010-03-18,2010-03-18,2010,Sebastián Claro Edwards,Consejero,consejo_votante,debate,debate,46,False,,"El Consejero señor Sebastián Claro llama la atención que, cuantitativamente hablando, el -0,2% de capital era el impacto en el trimestre y que si se tiene una caída del stock de capital de 2-3%, la elasticidad tiene que ser muy baja para llegar a ese -0,2%."
RPM-2010-03-18:2995:1,RPM-2010-03-18,2010-03-18,2010,Manuel Marfán Lewis,Vicepresidente del Banco Central,consejo_votante,inflacion,inflacion,94,False,,"El señor Manuel Marfán se refiere a la inflación, mencionando que se tuvo una sorpresa inflacionaria en los meses previos por el impacto del servicio financiero en el IPC, porque al reponerse la mitad del impuesto de timbres y estampillas, equivalente a 60 puntos base, impuesto que tendría ahora una ponderación más alta, generaría un impacto significativo en la inflación. Indica tener la impresión que la tasa de interés va a subir más que 60 puntos base hacia el futuro, por lo que valdría la pena calcular qué significaría eso con los nuevos ponderadores."
RPM-2010-03-18:3003:1,RPM-2010-03-18,2010-03-18,2010,José De Gregorio Rebeco,Presidente del Banco Central,consejo_votante,debate,debate,19,False,,"El Presidente, señor José De Gregorio, agradece la presentación del señor Claudio Soto y ofrece la palabra para comentarios."
RPM-2010-03-18:3004:1,RPM-2010-03-18,2010-03-18,2010,Sebastián Claro Edwards,Consejero,consejo_votante,inflacion,inflacion,65,False,,"El Consejero señor Sebastián Claro señala que el único comentario, más allá de lo que se ha discutido en las reuniones de IPoM, es que da la impresión que la mayor novedad del mes no fue tanto el terremoto, sino que la corrección en la base que se tenía, es decir, cuál es la perspectiva de crecimiento y la corrección de inflación de corto plazo."
RPM-2010-03-18:3014:1,RPM-2010-03-18,2010-03-18,2010,Felipe Larraín Bascuñán,Ministro de Hacienda,ministro_hacienda,acuerdo_comunicado,acuerdo_comunicado,382,False,,"El Ministro de Hacienda, señor Felipe Larraín, señala que para todos es conocido que la economía acaba de sufrir un shock de oferta importante, sostenido, pero transitorio, como consecuencia del terremoto del 27 de febrero. En su opinión, este shock debería tener efectos en la actividad económica y también en la inflación, pero que, dada su naturaleza transitoria, estos efectos deberían ser de corto plazo y no deberían ser relevantes en un horizonte de política de 18 a 24 meses, con toda la incertidumbre que todavía se tiene al respecto. Para reforzar este punto, indica que, efectivamente, existe la preocupación de la caída en el stock de capital que afecte negativamente el nivel de producto, lo que aceleraría la tasa de inflación y afectaría en forma importante el producto potencial. Sin embargo, señala que si se da el caso similar al del año 1985, la duración del shock debería ser cercana a solo medio año, lo que permitiría retomar la senda de crecimiento y de inflación previas en unos pocos meses más. El señor Larraín plantea que se podría esperar que la inflación se acelere en la medida que los precios de alimentos y otros bienes de primera necesidad aumenten en las regiones afectadas, pero que, sin embargo, se debe considerar que este fenómeno corresponde más bien a cambios puntuales y en precios relativos de corto plazo y que no debería considerarse afectando la inflación más allá de lo más inmediato. Adicionalmente, sostiene que otro tipo de presiones, como las de los salarios, se han tendido a moderar significativamente y que el tipo de cambio, si bien ha mostrado volatilidad, por el momento no muestra cambios relevantes que indiquen presiones inflacionarias significativas. Al respecto, añade que el mercado podría interpretar presiones a la baja derivadas del retorno de los reaseguros del exterior y de los créditos o liquidación de remesas de recursos del Fondo de Estabilización Económica y Social para el proceso de reconstrucción. Finalmente, manifiesta que, en opinión del Ministerio de Hacienda, las expectativas de inflación tienden a mantenerse alineadas más allá del corto plazo, por lo que concuerda con la recomendación en el sentido de mantener la tasa de interés en sus niveles actuales y de mantener también el tenor del comunicado en los términos en que se ha señalado."
RPM-2010-04-15:3042:1,RPM-2010-04-15,2010-04-15,2010,Claudio Soto Gamboa,Gerente de Análisis Macroeconómico,staff_tecnico,debate,debate,77,False,,"El señor Claudio Soto explica que el supuesto de Hacienda en la contabilidad del déficit del año pasado, consistió en que las bajas transitorias de impuestos no correspondían a una caída de los ingresos estructurales. Agrega que eso no afecta mucho la contabilidad del ingreso estructural de este año, en el sentido que se devuelven los impuestos este año y que ello es más bien para la contabilización de cuánto fue la brecha estructural del año pasado."
RPM-2010-04-15:3044:3,RPM-2010-04-15,2010-04-15,2010,Manuel Marfán Lewis,Vicepresidente del Banco Central,consejo_votante,debate,debate,39,False,,"El señor Marfán agrega que ello no debiera afectar los ingresos estructurales, ya que el PPM solo es un pago adelantado de impuestos, por lo que si se ajusta a la baja, la operación renta siguiente se compensa totalmente."
RPM-2010-04-15:3051:4,RPM-2010-04-15,2010-04-15,2010,Claudio Soto Gamboa,Gerente de Análisis Macroeconómico,staff_tecnico,mercados_financieros,mercados_financieros,281,False,,"El señor Soto aclara que eso también está considerándose en la proyección. Por último, el señor Claudio Soto indica que en el caso de los arriendos se observaron aumentos que no fueron reflejados en el IPC, y que hacia finales de marzo se observaron aumentos importantes, que también se están considerando en la proyección. Para complementar el diagnóstico respecto de la inflación, el señor Soto menciona que las expectativas empresariales apuntan a un significativo aumento de la misma. En cuanto a la proyección, el Gerente de Análisis Macroeconómico informa que se están considerando trayectorias de la gasolina que son virtualmente las mismas que se tenían para el cierre del IPoM. Destaca que desde entonces no ha habido muchas novedades, por lo que los principales supuestos son muy similares a los considerados en ese Informe. Al respecto, detalla que el tipo de cambio se ha apreciado un poco desde entonces; que el supuesto del precio del petróleo es exactamente el mismo que el del IPoM, pero que los precios spot de gasolinas son algo mayores en el mercado doméstico, modificando un poco su trayectoria; y que en el caso de perecibles, la trayectoria también es muy similar a lo que se tenía para el cierre del IPoM. Respecto del vestuario, el señor Claudio Soto explica que en la proyección se está considerando algo de estacionalidad, ya que no se están contemplando bajas tan fuertes en julio como las registradas el año pasado; que sí se prevé un aumento estacional hacia agosto, que coincidiría con el patrón estacional observado el año pasado; y que se descartaría el patrón estacional de septiembre de años anteriores, mes en que los precios del vestuario aumentaban significativamente."
RPM-2010-05-13:3109:3,RPM-2010-05-13,2010-05-13,2010,Consejo del Banco Central de Chile,Consejo,consejo_entidad,debate,debate,14,False,,"Luego de un intercambio de opiniones, se acuerda que dicho horario será fijado por."
RPM-2010-05-13:3124:1,RPM-2010-05-13,2010-05-13,2010,Manuel Marfán Lewis,Vicepresidente del Banco Central,consejo_votante,acuerdo_comunicado,acuerdo_comunicado,1081,False,,"El señor Manuel Marfán manifiesta hacer suya la lista de antecedentes nuevos respecto de la RPM anterior, contenida en el punto 2 de la Minuta de Opciones, excepto por los dos siguientes puntos. En primer lugar, aclara que las turbulencias financieras originadas en la Zona Euro habrían llegado a un peak la semana anterior solo en el escenario externo más probable, pero que no puede descartarse un escenario de agravamiento financiero con una probabilidad no despreciable. Al respecto, hace el alcance que aunque la intención de la redacción sea la misma que la que está señalando, el término peak es traducible como máximo, lo que, a su juicio, podría interpretarse de manera complaciente. En segundo lugar, señala que en el IPoM se proyectaba un crecimiento de la demanda interna de 12,4% para este año, que la actualización del crecimiento anual para los tres primeros trimestres sería de 11,1; 17,4 y 18,4%, respectivamente, y que para compatibilizar ambas proyecciones, el crecimiento anual de la demanda interna del cuarto trimestre de este año debiera ser de 3,2% o, lo que es equivalente, debiera contraerse fuertemente en términos desestacionalizados respecto del tercer trimestre. Así, estima que la demanda interna estaría más bien en una trayectoria desalineada con las proyecciones del Banco y que de mantener en el cuarto trimestre el sesgo que se observaría en los tres primeros, la demanda interna para el conjunto del año estaría creciendo algo más de 15%, en torno a 3 puntos porcentuales sobre lo proyectado, imponiendo un piso elevado para el próximo año. Respecto de las cifras mencionadas, el señor Marfán solicita expresamente que se excluyan de la Minuta, porque son de carácter interno, no obstante lo cual pide que se mantenga la esencia del argumento. El señor Vicepresidente declara coincidir con la Minuta de Opciones en cuanto a que la decisión de la presente Reunión está entre mantener o subir en 25 puntos base la tasa de política o, lo que es lo mismo, entre mantener la política monetaria en su máxima instancia de expansividad o comenzar a reducirla. En el corto plazo, el señor Marfán señala que la actividad ha sufrido hoy día más que lo previsto en el IPoM, pero que, como contrapartida, se prevé una recuperación también más rápida. En otras palabras, indica que es un bache más profundo, pero que después también se sale de él a un nivel relativamente similar en el corto plazo. Agrega que la inflación, en tanto, no muestra desviaciones respecto de lo proyectado en el corto plazo. El señor Manuel Marfán manifiesta que su principal preocupación tiene que ver más bien con el outlook de mediano plazo, el que, a su vez, depende de la evolución del ciclo económico. Desde esa perspectiva, indica que ve preocupante la evolución de la demanda interna. Plantea que los riesgos respecto de la evolución de la demanda interna parecen ser también al alza, porque la variación de inventarios que se preveía para este año sería prácticamente una cifra menor y, por lo tanto, esta demanda interna con y sin variación de inventarios sería similar. Sostiene también que el próximo año habría acumulación de inventarios, es decir, que estarían por debajo de lo deseado, lo que constituye un elemento de expansividad adicional que sería complejo. Al respecto, recuerda que el último IPoM suponía que si bien la demanda interna crecía rápido, tenía un componente de aumento de inventarios este año, mientras que esto, en cambio, sería como gasto puro en consumo y formación bruta de capital. Respecto de la política fiscal, el señor Marfán formula dos precisiones previas. En primer lugar, señala tener la más alta confianza en las autoridades actuales, recalcando que difícilmente podría tener más confianza de la que tiene hoy; y, en segundo lugar, que el Ministerio de Hacienda y el Banco Central son los socios naturales en materia de equilibrio macroeconómico, porque en esa lucha ambos están en la misma posición. Sin embargo, señala advertir dos riesgos respecto del plan de reconstrucción que pueden depender de la capacidad del Gobierno de empujarlo, pero que no dependen solamente de la capacidad y voluntad del mismo. La primera, es que pudiera haber un eventual retraso en la aprobación del proyecto de financiamiento respecto de lo previsto, en cuyo caso se tendría un período más largo de gasto mayor y un período más corto de financiamiento interno. Explica que eso, en situaciones equivalentes en el pasado, en ejercicios de simulación, mostraba tener un componente de disrupción sobre la demanda interna relevante. En segundo lugar, manifiesta alegrarse de las noticias del Ministro respecto de los avances obtenidos esta mañana en la Cámara, pero que hasta antes de la presente jornada se advertía en los medios una situación muy maleable en las opiniones que, adicionalmente a las del Ejecutivo, influyen en la aprobación del proyecto. Por lo tanto, manifiesta que su deseo es — y declara saber que también es la voluntad del Ejecutivo— que se apruebe el proyecto lo más rápidamente posible y de la manera que asegure y garantice el mejor financiamiento posible desde la perspectiva macroeconómica para el esfuerzo de reconstrucción, pero que los riesgos en caso de no darse son al alza de la demanda interna. Frente a ello, el señor Manuel Marfán considera que es importante, por lo tanto, contener a tiempo, desde la posición del Banco, las presiones sobre la demanda interna. Señala que, más bien por razones tácticas, estima que no es conveniente subir la tasa en la presente Reunión, por lo que votará por mantenerla, a pesar de que toda su argumentación apunta en esa dirección. No obstante, indica que aunque una parte del mercado sí cree que el Consejo pueda subirla, constituye solo una fracción mínima y, por lo tanto, tendría un elemento más bien de sorpresa. Estima también que la primera alza después de un período tan largo de mantener la tasa no es una decisión cualquiera, porque claramente es darle el vamos a un proceso de normalización. Agrega que lo que sí sería importante es señalar muy claramente en el Comunicado que el próximo movimiento es claramente al alza, lo que será más temprano que tarde, y que, por lo tanto, se requeriría ir señalizándola, de tal forma que cuando ocurra no haya un elemento que sorprenda innecesariamente al mercado. En virtud de lo anterior, el Vicepresidente, señor Manuel Marfán, manifiesta que su voto es por mantener la tasa en su nivel actual, pero introduciendo en el Comunicado un sesgo al alza explícito."
RPM-2010-05-13:3125:1,RPM-2010-05-13,2010-05-13,2010,José De Gregorio Rebeco,Presidente del Banco Central,consejo_votante,escenario_internacional,escenario_internacional,590,False,,"El señor Presidente destaca que lo que sí parece ser una tendencia relativamente robusta es que la economía chilena tendrá un positivo dinamismo a partir del segundo semestre, producto de los esfuerzos de reconstrucción y de una política monetaria altamente expansiva. En su opinión, este dinamismo debiera asegurar la convergencia de la inflación a su meta en un escenario donde la política monetaria deberá ir normalizándose. Plantea que la evidencia más sólida al respecto es el dinamismo de la demanda agregada, la que no ha podido ser satisfecha con producción local, en parte por los efectos del terremoto. Por lo tanto, el señor José De Gregorio indica que la pregunta central que se debe analizar en la presente Reunión es cuándo comenzar este proceso de normalización. Al respecto, afirma que es efectivo que el Consejo no solo enfrenta un escenario con algo de menores presiones inflacionarias, sino que además han aparecido, ciertas señales de preocupación en el entorno externo que pudieran debilitar la recuperación de la economía mundial y tensionar los mercados financieros globales. Comenta que las repercusiones de estos eventos sobre la economía local han sido muy limitadas, de modo que, partiendo de una situación con una política monetaria muy expansiva, no parecieran ser argumentos suficientes para pensar que la trayectoria futura de la política monetaria tenga que verse significativamente alterada. Además, indica que de deteriorarse el ambiente financiero global y con repercusiones relevantes a nivel interno, el Banco Central tiene las herramientas suficientes para abordar tensiones financieras, tal como lo ha hecho durante la crisis financiera internacional. Por lo tanto, a juicio del señor Presidente, la pregunta central sigue siendo si se debiera comenzar la normalización monetaria en esta Reunión o esperar un mes más. Señala que la respuesta no es obvia, pero que ahora se tiene una ventana de oportunidad de comenzar el período de normalización. Al respecto, indica, en primer lugar, que no se puede descartar que en los trimestres siguientes se observen presiones inflacionarias mayores, las que desde el punto de vista de manejo de riesgos cree que es el más importante que se tiene que enfrentar. Agrega que no se están enfrentando shocks externos severos y de persistencia incierta, como ocurrió durante el período de aceleración inflacionaria del 2007-2008, sino que ahora sería una respuesta a un escenario interno de mayor dinamismo, que es el que efectivamente se espera se materialice con vigor a partir del segundo semestre. Estima que sería negativo para la conducción de la política monetaria acelerar el proceso de normalización ante un escenario inflacionario más complejo y destaca que el Consejo tiene la oportunidad de liderar el proceso de alza de tasas antes que sea algo evidente y urgente. A lo anterior, añade que esperar un mes podría llevar al Consejo a evaluar seriamente subir 50 puntos base el próximo mes, lo que sería, además, un día antes de presentar el IPoM ante el Senado. Manifiesta que es claro que puede ocurrir lo contrario, esto es, que las presiones i inflacionarias estén más contenidas, en cuyo caso no se pierde la opción de atenuar el ritmo de ajuste de la tasa de interés. En su parecer, detener el proceso de normalización a niveles de tasas de 1 ó 2% no le quita expansividad a la política del Banco, mencionando que, de hecho, se está con un nivel de tasas que ciertamente es muy bajo dadas las perspectivas actuales y que se tiene un espacio de ajuste, donde las condiciones financieras debieran seguir siendo muy favorables por un tiempo muy prolongado."
RPM-2010-06-15:3137:1,RPM-2010-06-15,2010-06-15,2010,Enrique Marshall Rivera,Consejero,consejo_votante,debate,debate,121,False,,"El Consejero señor Enrique Marshall señala que eso está matizado también por el hecho de que, en general, el nivel de las tasas es más alto en las economías emergentes, situándose hoy entre 3 y 4,5%. A su juicio, si la tasa rectora está en 4%, se puede hacer una pausa y esperar, mencionando que no es lo mismo postergar una decisión de alza de tasa si esta es levemente superior a 0%, que hacerlo cuando es de 4%; son dos decisiones distintas. Añade que sí llama la atención que la TPM promedio de las economías emergentes sea de alrededor de 4%, porque entiende que ha estado a un nivel mucho más bajo, pareciéndose a la situación de las economías desarrolladas."
RPM-2010-06-15:3166:1,RPM-2010-06-15,2010-06-15,2010,Claudio Soto Gamboa,Gerente de Análisis Macroeconómico,staff_tecnico,inflacion,inflacion,83,False,,"El señor Claudio Soto responde que una marca de cigarrillos aumentó sus precios en mayo, alza que se consideró para el período que comienza el 15 de mayo y se reflejará en el IPC de junio. En cuanto al impuesto de timbres y estampillas, indica que son 6 décimas más, que no están contempladas en este escenario y que de estarlo, implicaría 6 décimas más de inflación, porque el aumento porcentual de los gastos financieros no es 0,6, sino que es mucho mayor."
RPM-2010-06-15:3199:1,RPM-2010-06-15,2010-06-15,2010,Rodrigo Vergara Montes,Consejero,consejo_votante,acuerdo_comunicado,acuerdo_comunicado,882,False,,"El señor Rodrigo Vergara agradece el trabajo preparado por el staff del Banco y señala que luego de varios meses con tasas de interés en el mínimo histórico, ha llegado el momento de empezar el proceso de normalización de la política monetaria. Aclara que, en rigor, este proceso ya comenzó con el retiro paulatino que se hizo de la FLAP, por lo que se está refiriendo a la normalización de la TPM. En cuanto al ámbito externo, destaca que la incertidumbre en Europa se mantiene y que si bien la situación parece tranquilizarse hace más que un par de días, se observa, en general, una alta volatilidad en los mercados financieros internacionales. Hace notar también que los riesgos de que la situación externa se siga deteriorando siguen presentes, por lo que deben ser considerados a la hora de tomar decisiones de política monetaria. Al respecto, menciona que en las últimas semanas se ha observado un aumento en la volatilidad de los mercados accionarios, un alza en los spreads crediticios y un retroceso en los precios de los productos básicos. Así también, agrega que, aun cuando la situación está lejos de acercarse a los niveles de turbulencia registrados durante la peor parte de la crisis de los años 2008 y 2009 y que el escenario más probable parece ser todavía benigno, no se puede descartar un deterioro en la situación europea y un traspaso del mismo al resto de la economía mundial. Agrega que las dudas sobre la solvencia fiscal de muchos países no se han despejado del todo, a pesar de los paquetes de ajuste anunciados por muchos de ellos, y que, de igual forma, persisten dudas sobre la situación del sistema financiero de algunos de estos países, en particular SI acaso están en una posición de solvencia para hacer frente a un deterioro adicional de la economía. El señor Vergara señala que en el ámbito interno, los efectos del terremoto en la actividad, que fueron en el muy corto plazo superiores a lo esperado, se han revertido con fuerza y que si bien aún hay sectores que no están totalmente normalizados, la Situación parece ir rápidamente hacia dicha normalización. Añade que el sector industrial, particularmente afectado por el sismo, debiera registrar mejores cifras en los próximos meses, y que el comercio ha tomado una fuerza inusitada, probablemente influido por factores puntuales que debieran irse moderando en las próximas mediciones. Con todo, estima que las perspectivas de crecimiento para este y el próximo año son promisorias. El Consejero aludido prosigue, indicando que la demanda interna sigue presentando un crecimiento vigoroso, impulsada por la formación bruta de capital fijo y por un consumo muy dinámico. Sobre el particular, considera que a pesar de que es probable que este crecimiento se modere durante la segunda parte del año, en cuanto parece haber efectos puntuales asociados a este gran dinamismo, es esperable un fuerte crecimiento en la demanda interna para la totalidad del año, muy por sobre el crecimiento del PIB. En relación con la inflación, el señor Rodrigo Vergara informa que ha sido algo inferior a lo previsto, esperándose, no obstante, que siga registrando alzas a lo largo del año. Agrega que, a mediano plazo, las estimaciones vuelven al punto medio del rango meta. Destaca, asimismo, que la inflación subyacente, IPCX e IPCX1, sigue en valores negativos en doce meses, debiendo normalizarse gradualmente también. Respecto de la TPM, manifiesta que su nivel actual es fuertemente expansivo y claramente más bajo que lo que se puede considerar razonable en tiempos normales. Al respecto, indica que si bien es posible argumentar que todavía no se llega a dicha normalidad, ciertamente se está más cerca de ella que hace unos meses. Por esta razón, estima que lo razonable y prudente es comenzar ahora el proceso de normalización de las tasas de interés de política. Añade que el mercado así lo ha entendido y que las encuestas muestran que solo un 10% pronostica la mantención de la TPM en su nivel actual. Destaca que la pregunta que surge, entonces, es sobre la magnitud que debe alcanzar el ajuste en esta oportunidad. En su opinión, dado el escenario antes expuesto, todo indica un proceso gradual y sin premuras, y que la señal, en ese sentido, apunta a la tranquilidad. A pesar de ello, manifiesta que el nivel extraordinariamente bajo de la TPM actual tampoco otorga demasiado tiempo para llegar a niveles al menos similares a la inflación esperada en un tiempo razonable. Por ello, estima que un incremento de 50 puntos base es lo adecuado. Plantea que es algo superior a lo que espera la media del mercado y, por lo mismo, es también una señal clara que el Banco Central será intolerante frente a eventuales presiones inflacionarias. A su juicio, al dar en el comunicado la señal de que se inició el proceso de normalización de la TPM, será natural y deseable que el mercado considere que este es el comienzo de un proceso. No obstante, estima importante también que se destaque que su velocidad dependerá de las condiciones económicas generales y, en particular, del incierto escenario externo. En razón de lo anteriormente expuesto, el Consejero señor Rodrigo Vergara manifiesta que su voto es por subir la TPM en 50 puntos base, para llevarla a 1%. A continuación,"
RPM-2010-07-15:3208:1,RPM-2010-07-15,2010-07-15,2010,José De Gregorio Rebeco,Presidente del Banco Central,consejo_votante,escenario_internacional,escenario_internacional,116,False,,"El Presidente señor José De Gregorio, junto con dar inicio a la Reunión de Política Monetaria N° 157, señala que, de conformidad con el Reglamento que rige estas Sesiones, fija la Reunión de Política Monetaria correspondiente al mes de enero de 2011 para el día 13 de dicho mes. Informa que dado que el señor Ministro de Hacienda se encuentra en Nueva York, el señor Subsecretario de Hacienda asistirá a la sesión de la tarde, mientras que el Asesor del señor Ministro, señor Rodrigo Cerda, lo hará a ambas sesiones. A continuación, el Presidente señor José De Gregorio da paso a la presentación del escenario externo, a cargo del Gerente de Análisis Internacional señor Sergio Lehmann."
RPM-2010-07-15:3210:1,RPM-2010-07-15,2010-07-15,2010,Enrique Marshall Rivera,Consejero,consejo_votante,mercados_financieros,mercados_financieros,14,False,,El Consejero señor Enrique Marshall consulta qué son los High Yields en economías desarrolladas.
RPM-2010-07-15:3242:2,RPM-2010-07-15,2010-07-15,2010,Manuel Marfán Lewis,Vicepresidente del Banco Central,consejo_votante,mercados_financieros,mercados_financieros,52,False,,"Finalmente, el Vicepresidente señor Manuel Marfán declara creer que el principal socio comercial que tienen todos los países que están con problemas es el resto de la Zona Euro, con los cuales tienen un tipo de cambio fijo, en cuyo caso la política fiscal puede ser altamente contractiva. No habiendo más comentarios,"
RPM-2010-07-15:3244:1,RPM-2010-07-15,2010-07-15,2010,Claudio Soto Gamboa,Gerente de Análisis Macroeconómico,staff_tecnico,actividad_interna,actividad_interna,440,False,,"El Gerente de Análisis Macroeconómico señor Claudio Soto inicia su presentación, señalando que el escenario interno es bastante similar al del último IPoM y que el elevado Imacec de mayo ha sido la noticia más destacable desde su publicación, lo que sorprendió al Banco y al mercado de manera relevante. Indica que la variación anual del Imacec llegó a 7,1% y, con ello, el nivel de actividad no solo superó lo previsto, sino que alcanzó, incluso, al peak registrado antes de que se desatara la crisis. Agrega que este dinamismo de la actividad se explica, fundamentalmente, por el significativo crecimiento del comercio y por la recuperación tanto de la industria como del sector servicios, que se vieron muy afectados durante la crisis. En relación con el sector comercio, hace presente que parte de su dinamismo podría responder a factores transitorios, asociados probablemente a ventas que se hicieron con ocasión del Campeonato Mundial de Fútbol y a raíz del terremoto de febrero último. De hecho, manifiesta que las líneas de grandes tiendas, vestuario y calzado, equipos domésticos, materiales de construcción y artículos de ferretería son las que se vieron en el margen bastante más dinámicas. Menciona que reflejo de esta mayor actividad es lo que está aconteciendo con consumo, que también registra un fuerte dinamismo en el margen, más que nada porque los indicadores coyunturales de consumo que se disponen corresponden a indicadores de comercio, teniéndose, en consecuencia, una lectura bastante similar de los datos. Añade que si se revisan las importaciones, se ve el efecto abultamiento que se mencionaba en el IPoM, y que refleja que hay una suerte de adelantamiento del gasto, ya que hay un aumento significativo de las importaciones y luego, en el margen, una desaceleración de las mismas. Agrega que más allá de este efecto abultamiento, que puede haber implicado un adelantamiento del gasto, y que puede estar relacionado también con las perspectivas de aumentos de tasas, llevando a las personas a adelantar sus decisiones de consumo, hay elementos de las variables fundamentales que podrían estar explicando el fuerte dinamismo que se observa en consumo. El señor Claudio Soto se refiere luego al residuo de una regresión muy sencilla de una integración entre consumo privado e ingreso disponible, y señala que los residuos se ubican, actualmente y en el horizonte proyectado, en la parte superior de la banda de confianza, lo que significa que la evolución del ingreso disponible, que ha sido bastante dinámico, podría estar también detrás de la recuperación del consumo, lo que está asociado al crecimiento del PIB y también a la política fiscal y a la evolución de los términos de intercambio."
RPM-2010-08-12:3281:1,RPM-2010-08-12,2010-08-12,2010,Sebastián Claro Edwards,Consejero,consejo_votante,inflacion,inflacion,174,False,,"El Consejero señor Sebastián Claro hace mención a una discusión que se sostuvo tiempo atrás sobre una serie bastante más larga del precio de las viviendas, que daba cuenta de cuál era eventualmente el tamaño de la burbuja o el alza de los precios inmobiliarios. Plantea que el hecho de no contar en estos momentos con la historia de los mismos, no permite tener una idea precisa acerca de la estabilidad actual de esos precios, en particular si ella es más o menos coherente con lo que sus fundamentales sugerirían y, por lo tanto, si hoy están o no estancados en un nivel razonable. En su opinión, resulta importante saber la respuesta, porque, al final, de la discusión de cuán sobreendeudados están los consumidores norteamericanos y de cuáles son las perspectivas futuras se puede determinar si justificaban el alza y posterior caída de los precios. Reitera, asimismo, que tampoco queda claro si los precios se están estabilizando en un nivel que es coherente con los fundamentos o si todavía queda un espacio sin explicar."
RPM-2010-08-12:3306:1,RPM-2010-08-12,2010-08-12,2010,Enrique Marshall Rivera,Consejero,consejo_votante,actividad_interna,actividad_interna,25,False,,"El Consejero señor Enrique Marshall, a propósito del accidente en la Mina San José, consulta por la participación de la pequeña y la mediana minería."
RPM-2010-09-16:3372:1,RPM-2010-09-16,2010-09-16,2010,José De Gregorio Rebeco,Presidente del Banco Central,consejo_votante,mercados_financieros,mercados_financieros,107,False,,"El Presidente señor José De Gregorio señala que entendería que se tiene una tasa de interés de equilibrio, que debe ser coherente con la Golden Rule, y, además, una tasa de interés internacional de largo plazo. Hace presente que como ambas tasas no son iguales, la diferencia es una prima de riesgo, que tiene constantes de ajuste. Indica que esa prima, que es muy distinta de la prima de riesgo, hace coherente una tasa natural con una tasa internacional que uno puede calificar de sensata, y que con ambas tasas y con las tasas largas de interés, se puede tener toda la dinámica del tipo de cambio."
RPM-2010-09-16:3388:2,RPM-2010-09-16,2010-09-16,2010,Claudio Soto Gamboa,Gerente de Análisis Macroeconómico,staff_tecnico,actividad_interna,actividad_interna,20,False,,a lo cual el señor Soto responde que una mitad corresponde a vivienda y la otra a obras de ingeniería.
RPM-2010-09-16:3422:1,RPM-2010-09-16,2010-09-16,2010,Felipe Larraín Bascuñán,Ministro de Hacienda,ministro_hacienda,opciones_tpm,opciones_tpm,15,True,RECONSTRUCCION_AMBIGUA_POR_COTEJAR,El Ministro de Hacienda señor Felipe Larraín se suma a lo expresado por el señor
RPM-2010-10-14:3439:3,RPM-2010-10-14,2010-10-14,2010,Felipe Jaque,Gerente de Análisis Internacional (S),staff_tecnico,acuerdo_comunicado,acuerdo_comunicado,330,False,,"El señor Felipe Jaque prosigue, señalando que las expectativas de tasas de instancia monetaria de los analistas y las que se derivan de las trayectorias implícitas en los contratos futuros se han ajustado a la baja respecto de la Reunión anterior, salvo en las economías desarrolladas, donde los analistas ya incorporaron todos los ajustes a la trayectoria de TPM esperada para los próximos meses. Agrega que, de acuerdo con ellos, habría un ajuste a la baja en América Latina y Europa emergente, sobre todo en el primer semestre del 2011, y, en menor medida, en Asia y también en Oceania, que comprende Nueva Zelanda y Australia. En cuanto a las proyecciones implícitas en los contratos futuros, el señor Felipe Jaque hace notar que se advierte nuevamente un ajuste a la baja en el último mes. Detalla que el Reino Unido se aplana y que Estados Unidos se vuelve a aplanar respecto del mes pasado, lo que, de alguna forma, está en línea con el arbitraje que se esperaría después de que la tasa a dos años llegara a estos mínimos históricos. En materia de paridades, el señor Felipe Jaque destaca que el dólar continuó depreciándose de manera generalizada en el mes, gatillando una serie de intervenciones de distinta índole en los mercados cambiarios de algunas economías, como control de capital e intervención en el mercado spot de algunas economías emergentes. Al respecto, señala que un foco en economías desarrolladas muestra que si bien los niveles nominales de los tipos de cambio, en particular del yen, se ven bastante bajos respecto de los promedios históricos, los niveles reales están levemente por sobre su media histórica de las últimas dos décadas, por lo que, de alguna manera, las presiones a la depreciación del yen, como se podría inferir del análisis bilateral nominal, no son tales. Indica que ello pone de relieve que los desalineamientos que se observan hoy no son tan marcados cuando se revisa la evolución del tipo de cambio real."
RPM-2010-10-14:3467:1,RPM-2010-10-14,2010-10-14,2010,José De Gregorio Rebeco,Presidente del Banco Central,consejo_votante,mercados_financieros,mercados_financieros,84,False,,"El Presidente señor José De Gregorio consulta si son los flujos de capitales brutos o los netos los que impulsan al tipo de cambio. Manifiesta que se podría pensar que son los segundos, porque eso es lo que hace la demanda o el tipo de cambio de equilibrio, pero comenta que si los flujos de capitales hacia Chile son muy significativos, los chilenos solo estarán dispuestos a comprar esas divisas a un precio reducido, siendo el tipo de cambio el que hace el ajuste."
RPM-2010-10-14:3476:2,RPM-2010-10-14,2010-10-14,2010,Manuel Marfán Lewis,Vicepresidente del Banco Central,consejo_votante,opciones_tpm,opciones_tpm,127,False,,"Para finalizar el análisis del tipo de cambio, el Vicepresidente señor Manuel Marfán comenta que hay una discontinuidad en el impacto de los diferenciales de tasas sobre el tipo de cambio, dependiendo de si está en zona de arbitraje. Manifiesta que, aun cuando es cierto que la dispersión del costo de fondos internacional de los bancos chilenos ha aumentado significativamente desde la quiebra de Lehman Brothers y, por lo tanto, es más difusa la frontera entre esa área de arbitraje y de no arbitraje, es de opinión que mientras se está en el área de no arbitraje, los diferenciales de tasas explican algo, pero mucho menos cuantitativamente que cuando entran a una zona de arbitraje. Dado lo anterior, estima que debiera hacerse esa diferencia en las regresiones."
RPM-2010-10-14:3476:3,RPM-2010-10-14,2010-10-14,2010,Claudio Soto Gamboa,Gerente de Análisis Macroeconómico,staff_tecnico,opciones_tpm,opciones_tpm,483,False,,"El señor Claudio Soto retoma su presentación, señalando que la bolsa local registró algunos vaivenes desde la RPM anterior, pero que se mantiene, en general, en niveles similares a entonces. Añade que, en comparación con otras bolsas, ha tenido un rendimiento inferior, independientemente de la moneda en que se las denomina. En cuanto a los agregados monetarios, indica que han seguido desacelerándose. Al respecto, manifiesta que su velocidad de expansión se ha reducido y que las tasas de crecimiento interanual también han ido cayendo. Precisa que en el caso puntual del M1, la tasa de crecimiento interanual ha retrocedido en línea con lo que explicaría un modelo con fundamentales, habiendo espacio, en consecuencia, para una desaceleración de su crecimiento aún mayor en adelante. El Gerente de Análisis Macroeconómico continúa, informando que las expectativas de crecimiento para este año se corrigieron marginalmente al alza desde la Reunión pasada, y precisando que ellas se ubican ahora en 5,4% para el presente año y en 6% para el próximo. Indica que las expectativas de inflación a mediano plazo tienden a retroceder un poco, tanto si se la mide con las tasas swap como con las tasas de los bonos, ya que en ambos casos las compensaciones uno en uno retroceden. Al respecto, hace presente que las tasas de bonos en UF, por ejemplo, habían estado aumentando, mientras que las nominales habían estado más bien planas, y que algo similar sucede con las tasas swap, lo que determina que las expectativas de inflación tiendan a retroceder en el margen. En relación con la Encuesta de Expectativas Económicas, menciona que la inflación a dos años continúa anclada en 3% y que el sesgo en las expectativas hacia una mayor inflación ha tendido a atenuarse en los últimos dos registros, ya que si bien sigue habiendo una masa mayor de respuestas que espera una inflación superior a 3% a fines del horizonte respecto quienes piensan que puede ser inferior a ese porcentaje, estos últimos han aumentado y los primeros han disminuido. Respecto de la decisión política para esta Reunión, el señor Claudio Soto informa que, en general, los operadores de mercado y los analistas tienden a pensar, mayoritariamente, que el Consejo va a acordar un aumento de 25 puntos base, mientras que otros creen que este será de 50 puntos base. Al respecto, comenta que si bien el mercado no está completamente dividido entre ambas opciones, sí hay un cierto sesgo a que el aumento será de 25 puntos base. Para finalizar, el señor Claudio Soto señala que la curva forward se ha ajustado a la baja en su tramo más corto, por lo que se estima que la TPM llegará a 3,25% en diciembre. Agrega que si se estima esta curva con las tasas swap, esto es, con la metodología que utiliza la Gerencia de Mercados Nacionales, la tasa estaría algo por sobre 3% de aquí a diciembre."
RPM-2010-10-14:3493:1,RPM-2010-10-14,2010-10-14,2010,Consejo del Banco Central de Chile,Consejo,consejo_entidad,acuerdo_comunicado,apertura_cierre,15,False,,El Consejo aprueba el texto del Comunicado. Se levanta la Sesión a las 17:45 horas.
RPM-2010-11-16:3538:1,RPM-2010-11-16,2010-11-16,2010,Claudio Soto Gamboa,Gerente de Análisis Macroeconómico,staff_tecnico,actividad_interna,actividad_interna,141,False,,"El Gerente de Análisis Macroeconómico señor Claudio Soto inicia su presentación, destacando que la actividad real continúa vigorosa y que, en septiembre, creció 6,5% en doce meses, bastante en línea con lo que el Banco había anticipado. En términos sectoriales, indica que la industria ha tendido a estancarse en los últimos meses y que, de hecho, ha estado algo por debajo de lo anticipado, lo cual resulta contradictorio con el dinamismo también bastante elevado que exhiben las exportaciones industriales. Agrega que el sector comercio también ha estado empujando la actividad de manera significativa y que después del fenómeno de abultamiento, esto es, de un rápido incremento de las ventas con posterioridad al terremoto, que coincidió con el Mundial de Fútbol, que fue seguido de una cierta caída, se observa un nuevo impulso generalizado al alza, liderado principalmente por los bienes durables."
RPM-2010-11-16:3568:1,RPM-2010-11-16,2010-11-16,2010,Manuel Marfán Lewis,Vicepresidente del Banco Central,consejo_votante,politica_fiscal,politica_fiscal,59,False,,"El Vicepresidente señor Manuel Marfán señala que revisaría el déficit privado, el mejor indicador a su juicio, porque una parte importante de la cuenta corriente se corrige muchas veces con la regla fiscal. Enfatiza que lo que interesa en este tipo de escenario es la evolución del sector privado, que entra en trayectorias que suelen corregirse muy bruscamente. /i-"
RPM-2010-12-16:3584:1,RPM-2010-12-16,2010-12-16,2010,José De Gregorio Rebeco,Presidente del Banco Central,consejo_votante,escenario_internacional,escenario_internacional,100,False,,"El Presidente señor José De Gregorio da inicio a la Reunión de Política Monetaria N° 163, indicando que, de conformidad con el Reglamento que rige estas Sesiones, fija la Reunión de Política Monetaria correspondiente al mes de junio de 2011 para el día 14 de ese mes. Informa que el señor Ministro de Hacienda señor Felipe Larraín solo asistirá al análisis de las opciones de la presente Sesión, que se tratará en la tarde. A continuación, el Presidente señor José De Gregorio da paso a la presentación del escenario externo, a cargo del Gerente de Análisis Internacional señor Sergio Lehmann."
RPM-2010-12-16:3615:1,RPM-2010-12-16,2010-12-16,2010,Claudio Soto Gamboa,Gerente de Análisis Macroeconómico,staff_tecnico,acuerdo_comunicado,acuerdo_comunicado,36,False,,"El señor Claudio Soto explica que para medir el valor agregado había que imputar un precio de referencia, que el costo de importación del gas se corrigió al alza y, por ende, el valor agregado cayó."
RPM-2010-12-16:3620:1,RPM-2010-12-16,2010-12-16,2010,Enrique Marshall Rivera,Consejero,consejo_votante,inflacion,inflacion,69,False,,"El Consejero señor Enrique Marshall consulta por el precio de los cigarrillos,cuya alza fue inferior a la esperada, así como por las matriculas que, en general, se han reajustado en un porcentaje menor a la variación experimentada por el IPC, dada la gran competencia existente entre las diferentes casas de estudios, con la excepción de la Universidad Católica y la Universidad de Chile, que tienen mayor libertad para fijarlas."
RPM-2010-12-16:3633:1,RPM-2010-12-16,2010-12-16,2010,José De Gregorio Rebeco,Presidente del Banco Central,consejo_votante,debate,debate,39,False,,"El Presidente señor José De Gregorio agradece al Gerente de División Estudios señor Luis Óscar Herrera por la exposición de las opciones para la presente Reunión y, a continuación, concede la palabra al Ministro de Hacienda señor Felipe Larraín."
RPM-2011-01-13:3695:1,RPM-2011-01-13,2011-01-13,2011,José De Gregorio Rebeco,Presidente del Banco Central,consejo_votante,debate,debate,17,False,,El Presidente señor José De Gregorio pregunta por la razón para separar la carne de los alimentos.
RPM-2011-02-17:3728:1,RPM-2011-02-17,2011-02-17,2011,Sergio Lehmann Beresi,Gerente de Análisis Internacional,staff_tecnico,mercado_laboral,mercado_laboral,239,False,,"El señor Sergio Lehmann señala entender que ambos componentes fueron modificados y que, incluso, la participación de los hogares en el empleo habría sido objeto de una modificación más significativa que la fuerza de trabajo, razón por la cual el diagnóstico del mercado resultó ser, finalmente, mejor que el efectuado antes de esta revisión. El señor Lehmann continúa, indicando que durante el último mes se conocieron los resultados de la encuesta de condiciones crediticias en Estados Unidos y que estos no muestran cambios significativos con relación a lo reportado en la encuesta trimestral de octubre. Con respecto al gráfico que da cuenta de sus resultados de las encuestas efectuadas a partir del año 2007, explica, en primer término, que los datos positivos corresponden a noticias negativas, es decir, condiciones crediticias más estrechas, mientras que los datos negativos constituyen noticias positivas o condiciones crediticias menos restrictivas; y, en segundo lugar, que las condiciones asociadas a empresas vienen mejorando desde hace un año, pero de niveles probablemente muy restrictivos, dado el empeoramiento sistemático que registró este indicador durante el bienio 2007-2008. Añade que este mejoramiento en las condiciones de crédito para las empresas obedecería a mejores resultados y utilidades, así como a perspectivas más positivas desde el punto de vista empresarial. Por el lado de las personas, en cambio, hace notar que las condiciones siguen siendo restrictivas, pero en un grado bastante menor que el exhibido durante todo el año 2008."
RPM-2011-02-17:3814:1,RPM-2011-02-17,2011-02-17,2011,Consejo del Banco Central de Chile,Consejo,consejo_entidad,acuerdo_comunicado,apertura_cierre,15,False,,El Consejo aprueba el texto del Comunicado. Se levanta la Sesión a las 17:20 horas.
RPM-2011-03-17:3828:1,RPM-2011-03-17,2011-03-17,2011,Luis Óscar Herrera Barriga,Gerente de División Estudios,staff_tecnico,escenario_internacional,escenario_internacional,32,False,,"El Gerente de División Estudios señor Luis Óscar Herrera destaca que Arabia Saudita es el único país productor de petróleo que hoy presenta holgura, mientras que los restantes tienen muy poca capacidad."
RPM-2011-03-17:3841:1,RPM-2011-03-17,2011-03-17,2011,Enrique Marshall Rivera,Consejero,consejo_votante,escenario_internacional,escenario_internacional,110,False,,"El Consejero señor Enrique Marshall señala que el hecho que los países desarrollados estén fuera de target sugiere muy claramente que ello se debe al alza del precio del petróleo y no al de los commodities restantes. Al respecto, alude a lo expresado por la Reserva Federal, esto es, que mientras se tenga un nivel de desempleo como el actual, solo se registrarán cambios en los precios relativos. Indica que lo último demuestra que todos los bancos centrales que tienen metas de inflación no pueden hacer frente a shocks de la naturaleza como el que ha generado el petróleo en las últimas semanas, ya que la exceden de todas maneras."
RPM-2011-03-17:3858:1,RPM-2011-03-17,2011-03-17,2011,Sebastián Claro Edwards,Consejero,consejo_votante,inflacion,inflacion,34,False,,El Consejero señor Sebastián Claro comenta que le extrañó que la prensa informara el día anterior que la aplicación del Sipco generaría una caída de $20 en la tarifa del Transantiago la próxima semana.
RPM-2011-05-12:3973:1,RPM-2011-05-12,2011-05-12,2011,Sergio Lehmann Beresi,Gerente de Análisis Internacional,staff_tecnico,acuerdo_comunicado,acuerdo_comunicado,663,False,,"El señor Sergio Lehmann inicia su intervención, refiriéndose a los principales desarrollos desde la última Reunión de Política Monetaria (RPM). Con respecto a la economía internacional, indica que las señales del último mes dan cuenta de que la recuperación de la actividad en las economías desarrolladas estaría perdiendo fuerza, debido, entre otros factores, a los efectos de los mayores precios del petróleo y la interrupción en cadena del suministro por el terremoto en Japón. Agrega que ello se ha reflejado en menor dinamismo del consumo y en encuestas menos favorables de PMI. En segundo lugar, señala que, como consecuencia de este escenario menos favorable, los precios de los commodities han caído de forma significativa y las tasas largas han retrocedido también de manera importante. Destaca, además, que frente a este escenario, las autoridades monetarias de Estados Unidos y Europa han adoptado un discurso más moderado en materia de política monetaria. Finalmente, a título de último hecho relevante, menciona que la tensión ha aumentado en los países de la periferia europea y que se ha acabado el espacio de maniobra para Grecia, debiendo optar por recibir un nuevo paquete de ayuda o por reestructurar su deuda. En materia de actividad, el señor Lehmann exhibe una tabla que resume los principales indicadores y donde predominan las cifras rojas, que corresponden a los datos efectivos que han resultado ser menores que lo esperado. Entre estos, destaca particularmente el ISM no manufacturero de Estados Unidos, así como el consumo real en esa economía, que también comienza a mostrar algún debilitamiento. De hecho, comenta que a primera hora de la jornada se tuvo información de las ventas minoristas, que fueron inferiores a lo esperado. En relación con la Zona Euro, hace presente que las noticias también son negativas y que se concentran particularmente en Alemania, que había sido el principal motor del dinamismo europeo. Con respecto a Japón, en tanto, indica que como consecuencia del terremoto, las cifras son aún más negativas que lo anticipado. En cuanto a la evolución del PMI manufacturero en los últimos dos años, señala que el de las economías desarrolladas presenta retrocesos en el margen, con mayor fuerza en el Reino Unido y Japón — a raíz del terremoto en este último—, y que más significativa aún ha sido la caída de los PMI servicios, particularmente en el caso de Estados Unidos. Con respecto al mercado laboral en Estados Unidos, informa que la encuesta de empleo arrojó que continúa débil, aunque con algunas mejoras marginales. De hecho, especifica que los desempleados de largo plazo, esto es, por un período superior a seis meses, siguen en niveles elevados, representando casi la mitad de los desempleados totales; y que durante el último mes, la creación de empleo superó el promedio de los períodos de expansión y el empleo total exhibió una ligera recuperación. Respecto del mercado inmobiliario en Estados Unidos, subraya que su debilidad se ha transformado en cuasi crónica, ya que los precios de las casas siguen bastante planos y con caídas en el margen; la ejecución de hipotecas ha aumentado; y las ventas de viviendas nuevas, que pondrían imprimirle cierto dinamismo a este sector, continúan también bastante planas. En materia de producción industrial, el señor Sergio Lehmann exhibe un heat map, en que aquellas economías que crecen sobre la tendencia se identifican con el color rojo; en naranjo, las que no registran cambio de tendencia; en amarillo, aquellas que se encuentran decreciendo con respecto a la tendencia; en verde, las que están en tendencia; y en celeste, azul y azul oscuro, las que están creciendo bajo la tendencia, sin cambios bajo la tendencia y decreciendo bajo la tendencia, respectivamente. De acuerdo con los resultados observados, plantea que las economías, en general, están creciendo por debajo de sus niveles de tendencia, en espacial las desarrolladas y latinoamericanas, mientras que en el caso de algunas economías de Asia, particularmente China y República de Corea, la situación es positiva, es decir, de crecimiento sobre la tendencia."
RPM-2011-05-12:3978:1,RPM-2011-05-12,2011-05-12,2011,José De Gregorio Rebeco,Presidente del Banco Central,consejo_votante,actividad_interna,actividad_interna,20,False,,"El Presidente señor José De Gregorio acota que Chile es celeste en industria, pero no lo es en actividad económica."
RPM-2011-05-12:3989:1,RPM-2011-05-12,2011-05-12,2011,José De Gregorio Rebeco,Presidente del Banco Central,consejo_votante,debate,debate,30,False,,El Presidente señor José De Gregorio y el Consejero señor Enrique Marshall coinciden con el Consejero señor Sebastián Claro en cuanto a que ha aumentado la tolerancia a la apreciación.
RPM-2011-05-12:4015:1,RPM-2011-05-12,2011-05-12,2011,Manuel Marfán Lewis,Vicepresidente del Banco Central,consejo_votante,debate,debate,12,False,,El Vicepresidente señor Manuel Marfán consulta por la evolución de los inventarios.
RPM-2011-05-12:4024:1,RPM-2011-05-12,2011-05-12,2011,Claudio Soto Gamboa,Gerente de Análisis Macroeconómico,staff_tecnico,mercados_financieros,mercados_financieros,165,False,,"El Gerente de Análisis Macroeconómico señor Claudio Soto prosigue con su exposición, señalando que el tipo de cambio se ha apreciado desde la última RPM, fundamentalmente por los movimientos que ha registrado el dólar. Hace notar que si se lo observa en términos multilaterales, la apreciación ha sido bastante más tenue. Menciona, asimismo, que en lo más reciente se advierte una depreciación del peso, asociada al comportamiento del precio del cobre, que ha caído de manera significativa en los últimos días. Respecto del IPC, en tanto, indica que la variación fue de 0,3% en abril, algo inferior a lo proyectado y que, con ello, su variación anual se mantiene ligeramente por sobre 3%. En cuanto a la proyección efectuada internamente, señala que las sorpresas se concentraron en transporte, fundamentalmente, y algo menos en frutas y verduras. Asimismo, destaca que hubo una sorpresa al alza en el componente de alimentos X1, haciendo el alcance que no incluye el alza del pan, porque se reflejará este mes."
RPM-2011-05-12:4047:1,RPM-2011-05-12,2011-05-12,2011,Felipe Larraín Bascuñán,Ministro de Hacienda,ministro_hacienda,acuerdo_comunicado,acuerdo_comunicado,1296,False,,"El Ministro de Hacienda señor Felipe Larraín inicia su exposición, destacando que la actividad económica interna continúa exhibiendo un renovado dinamismo. Al respecto, hace presente que el Imacec de marzo registró un crecimiento de 15,2% interanual, influido por la débil base de comparación producto del terremoto del 27 de febrero pasado, cuyos efectos se hicieron sentir con mayor fuerza en el mes de marzo de 2010, como también por el elevado dinamismo de la economía chilena; y que a ello se suma un importante repunte del sector industrial y la recuperación de los sectores agrícola y pesquero. Con estas cifras, precisa que en el primer trimestre de 2011 se registra un crecimiento interanual de 9,8%. Por el lado de la demanda, indica que los últimos datos muestran que las ventas de bienes de consumo y, en particular, las de bienes durables, exhiben sólidas tasas de crecimiento, lo que revela la fortaleza del consumo privado. Expresa que ello va en línea con el dinamismo del mercado laboral que, de acuerdo con las últimas cifras, registra una creación de 486.930 empleos en un año. Destaca, además, que pese al aumento de la inflación, los salarios reales exhiben tasas de crecimiento superiores a los observados en promedio en el 2010, ya que en el mes de marzo, las remuneraciones reales crecieron 2,8% en doce meses. En el caso de la inversión, comenta que los indicadores muestran signos de moderación, por cuanto en el mes de abril, las importaciones de bienes de capital crecieron solo 7,8% en doce meses, tras exhibir tasas de crecimiento de 39,3% en febrero y 48,5% en marzo. El señor Felipe Larraín menciona, a continuación, que en la economía internacional persisten elementos de riesgo. Al respecto, especifica que en Europa se mantienen las tensiones financieras en algunas economías y que en los últimos días, los temores sobre la situación fiscal griega han vuelto a surgir, ante la incertidumbre respecto de las medidas que tomarán las autoridades del país y la posibilidad de ayuda por parte de las instituciones internacionales. Por otra parte, señala que tras haber aumentado la TPM en 25 puntos base en abril, el Banco Central Europeo decidió mantener la tasa rectora en su Reunión de mayo. Agrega que en Japón, algunos indicadores sectoriales muestran importantes caídas en marzo, y que si bien el impacto sobre la economía del país se apreciará con las cifras de crecimiento del primer trimestre a publicarse la próxima semana, a la fecha, los efectos de la catástrofe sobre la actividad en el resto del mundo parecen acotados. Respecto de Estados Unidos, destaca la mejora en el mercado laboral, informando que la cifra de empleo del mes de abril arrojó una creación mensual de 444.000 puestos de trabajo, superior a lo estimado por el mercado. Sin embargo, hace notar que, de acuerdo con el avance, el crecimiento del primer trimestre se ubicó en 1,8%, lo que implica una importante desaceleración respecto del trimestre anterior, cuando creció 3,1%. Advierte, en consecuencia, que los indicadores aún muestran señales mixtas, poniendo en duda la velocidad de la recuperación en ese país; y subraya que, en este escenario, los países emergentes siguen liderando de lejos el crecimiento económico mundial. En cuanto al ámbito interno, señala que las presiones inflacionarias se moderaron en abril. Añade que en dicho mes se registró una cifra de inflación de 0,3% mensual y de 3,2% en doce meses, menor que lo esperado por el mercado; que el IPCX anotó un aumento mensual de 0,3%, mientras que el IPCX1 se incrementó en 0,1%, con lo que las mediciones en doce meses se ubican en 2,4 y 0,7%, respectivamente. Por su parte, menciona que las expectativas de inflación para el año 2011 se han ajustado a la baja. En efecto, precisa que, de acuerdo con la Encuesta de Expectativas Económicas de mayo del Banco Central, la inflación esperada para el año 2011 se ubica en 4,3%, inferior al 4,4% de las encuestas de abril y marzo; y que para el año 2012, las expectativas ubican la cifra en 3,4%, inferior al 3,5% de los meses previos. De igual forma, indica que las expectativas de inflación medidas a través de las compensaciones inflacionarias muestran importantes reducciones desde la última RPM, ya que las tasas de mercado de los BCP y BCU a dos años arrojan un valor de 3,91%, lo que significa una caída de 43 puntos base desde esa fecha. El Ministro de Hacienda señor Felipe Larraín plantea que en esta caída han influido varios factores. En primer lugar, alude a la señal dada por el Banco Central al elevar la tasa en 50 puntos base en la Reunión de abril. En segundo lugar, menciona que el escenario de los precios internacionales de diversos commodities ha cambiado desde la última Reunión, precisando que desde esa fecha, el trigo ha caído 3,1%; el maíz, 10,2%; y el petróleo, 9%, contribuyendo así a la reducción de las expectativas inflacionarias. En tercer lugar, hace presente que desde la plena operación del Sipco, se ha cumplido el objetivo de suavizar los precios internos de la gasolina. Al respecto, especifica que, de acuerdo con los datos de la encuesta semanal del Sernac del 9 de mayo, la gasolina de 93 octanos solo ha subido 6,6 pesos desde el 14 de marzo, lo que representa un aumento de solo 0,9% desde esa fecha, ayudando, sin duda, a moderar las expectativas de inflación al evitar alzas bruscas en los precios de los combustibles. Finalmente, destaca que está la contribución que se está realizando a través de la política fiscal anticíclica, con un crecimiento del gasto fiscal inferior al del PIB, compromiso que fue reafirmado con el anuncio de ajuste fiscal en 2011, por 750 millones de dólares. Expresa que con la aplicación de esta medida, esa Secretaría de Estado espera que la razón gasto público a PIB disminuya en cerca de 10 puntos en 2011, reduciendo así la presión del gasto del sector público sobre la economía y, por ende, permitiendo un ajuste a la baja de las expectativas inflacionarias. Además, reitera el compromiso de normalización de la política fiscal, tal como está delineado en el Informe de Finanzas Públicas de octubre de 2010. En este contexto, señala que esa cartera cree razonable continuar con el proceso paulatino de normalización de la política fiscal y monetaria, y que las opciones de política son aumentar la tasa rectora en 25 o 50 puntos base. Sostiene que el primer camino valida las expectativas obtenidas de la Encuesta de Expectativas del Banco Central, e implica una moderación de la trayectoria del aumento de tasas respecto de la Reunión pasada, en línea con los mensajes de aumento más pausados dados por las autoridades monetarias en los países desarrollados; y que el segundo camino tiene como ventaja reforzar la señal dada en la Reunión anterior, que se utilizarán las herramientas necesarias para controlar el alza de la inflación, moderando aún más las expectativas de inflación. Con todo, manifiesta que la situación actual sugiere que en caso de seguirse esta opción, los aumentos futuros debiesen ser de menor intensidad, moderando el ritmo de normalización de la política monetaria. En este escenario, en que se observan menores presiones inflacionarias junto a menores expectativas de inflación comparado con la Reunión pasada, informa que el Ministerio de Hacienda cree que se debe actuar aumentando la TPM solo en 25 puntos base, evitando un desalineamiento respecto de las trayectorias de política monetaria seguidas en el resto del mundo, una mayor presión sobre el tipo de cambio y una potencial desaceleración futura de la economía; y que en caso de aumentarse en 50 puntos base, se estima importante dejar claro en el Comunicado que ha comenzado una nueva fase con ajustes más graduales de la tasa de instancia."
RPM-2011-06-14:4062:1,RPM-2011-06-14,2011-06-14,2011,Sergio Lehmann Beresi,Gerente de Análisis Internacional,staff_tecnico,debate,debate,99,False,,"El señor Sergio Lehmann explica que el segundo trimestre 2011 de China incluye una desaceleración importante, que es coherente con el escenario de crecimiento contemplado en el Informe de Política Monetaria (IPoM). Añade que, dada esa desaceleración, y considerando que hay un cierto rango de tolerancia para efectos de definir si está o no en tendencia, China vuelve a niveles de tendencia. En cuanto a Australia, que tuvo un crecimiento negativo el primer trimestre de este año, hace notar que está en celeste, lo que significa que está bajo su nivel de tendencia, pero creciendo y acercándose a él."
RPM-2011-06-14:4106:1,RPM-2011-06-14,2011-06-14,2011,Luis Óscar Herrera Barriga,Gerente de División Estudios,staff_tecnico,acuerdo_comunicado,acuerdo_comunicado,1444,False,,"El señor Luis Óscar Herrera comienza su intervención, refiriéndose a los principales antecedentes acumulados desde la última RPM. En relación con la economía internacional, indica que ha caído el ritmo de crecimiento de las economías desarrolladas y que sus proyecciones, en contraste con las expectativas para las economías emergentes, aún se mantienen estables y positivas. Hace presente, además, que se ha reducido el apetito por riesgo en los mercados financieros internacionales y que ha aumentado la incertidumbre respecto de la forma en que se resolverán los problemas financieros en Europa, lo que se refleja también en las primas por riesgo de bancos soberanos en esa región. Agrega que los mercados de materias primas han presentado movimientos mixtos, destacando la caída en los derivados del petróleo y las alzas en los precios de algunos cereales. Manifiesta, asimismo, que las compensaciones inflacionarias han registrado un descenso en las economías avanzadas y que se han aplazado las expectativas de normalización de la política monetaria en este grupo de países, mientras que en las economías emergentes, las tasas de política monetaria han continuado al alza. Por último, menciona que el dólar ha experimentado una leve depreciación en los mercados internacionales. En Chile, destaca que los antecedentes de actividad económica y gasto interno continúan mostrando un dinamismo elevado, por encima de lo proyectado en el IPoM de marzo, y que los antecedentes del mercado laboral, esto es, el empleo, la desocupación y los salarios, reflejan un estrechamiento de las holguras en este mercado. Comenta, asimismo, que la inflación ha evolucionado según lo esperado, y que si bien las expectativas inflacionarias muestran un nuevo descenso, varias de ellas se mantienen sobre la meta de inflación. Añade que el peso se ha mantenido relativamente estable respecto del dólar, mientras que el tipo de cambio real ha experimentado una leve depreciación. Por último, menciona que las expectativas para la TPM se mantienen estables desde la RPM pasada, anticipando alzas adicionales de dicha tasa en los próximos meses hasta niveles que van entre 5,75% y 6,0%, y que para esta Reunión, los contratos financieros y las encuestas anticipan mayoritariamente un alza de 25 puntos base en la tasa rectora. El Gerente de División Estudios señor Luis Óscar Herrera indica que estos antecedentes llevan a proponer como opciones relevantes un alza de 25 puntos base de la TPM, hasta 5,25%, o mantenerla en 5,00%, y que la recomendación, en esta oportunidad, es por la primera opción, por las razones siguientes. En primer término, plantea que en el IPoM de marzo, el Banco señaló que los riesgos para la inflación y el crecimiento económico estaban inclinados al alza. En segundo lugar, hace presente que en los últimos meses, algunos de los riesgos inflacionarios se han atenuado, como se refleja en el descenso generalizado de las medidas de expectativas de inflación, y que el aumento de la TPM en Chile, la disminución en los precios internacionales de las materias primas y algunas sorpresas negativas en los precios internos han contribuido en este sentido. Sin embargo, expresa que los riesgos relacionados con shocks adversos de oferta y su propagación al resto de los precios aún son relevantes. En su opinión, los precios internacionales de materias primas se mantienen volátiles, los precios internos aún muestran traspasos de las alzas previas en el mercado internacional y varias de las mediciones de expectativas inflacionarias aún se mantienen sobre la meta. Por otra parte, menciona que los riesgos relacionados con el ritmo de crecimiento de la economía chilena y la intensidad de uso de los factores internos también se mantienen vigentes. Por último, destaca que los antecedentes disponibles han llevado a corregir al alza las proyecciones internas de crecimiento del PIB para el presente año. Hace presente que como hipótesis de trabajo, se estima que las brechas de capacidad en la economía chilena están cerradas, es decir, no contribuyen a reducir la inflación m tampoco a acelerarla; y enfatiza que esta es una evaluación que necesariamente continuará revisándose con los antecedentes de crecimiento, productividad y desempleo, y también de las presiones que se observen sobre la inflación y los salarios. El señor Luis Óscar Herrera sostiene que la consecuencia es que la economía nacional debería mostrar en los trimestres venideros un ritmo de crecimiento alineado con su potencial, e indica que, al respecto, la expectativa de la Gerencia División de Estudios es que para lograr esta trayectoria se requerirá mantener la política monetaria en un nivel neutral, sin agregar ni restar impulso a la demanda agregada respecto de su tendencia, pero enfatiza que esta es una conjetura que también deberá revisarse a la luz de los datos. En particular, menciona que durante los últimos meses, el ritmo de expansión de la demanda agregada ha evolucionado algo más rápido que las estimaciones de la tendencia. Al respecto, plantea que el diagnóstico de la Gerencia División Estudios supone que una parte de este dinamismo refleja un componente transitorio, producto del ajuste de stocks de bienes durables de consumo e inversión y, por otra parte, que la demanda aún no refleja el pleno impacto de la normalización de las políticas macroeconómicas y, en particular, de la política monetaria que se ha implementado durante el último año. En este sentido, añade que algunos indicadores de ventas de bienes durables muestran una moderación en el margen, pero aún demasiado incipiente para concluir sobre un cambio en la velocidad del consumo interno. Asimismo, comenta que no se puede descartar la hipótesis alternativa de un mayor dinamismo de la demanda que perdurará por un tiempo mayor, impulsado por la tracción del mercado laboral y, posiblemente, también del crédito interno o externo. Plantea que si este fuera el caso, no se puede descartar que más adelante se requiera un ajuste más pronunciado de la política monetaria. Por otra parte, señala que la evidencia de un debilitamiento en el crecimiento de las economías desarrolladas apunta en la dirección opuesta, e indica que los alcances de esta situación sobre las proyecciones de la economía mundial aún son difíciles de precisar, por lo que no se puede descartar que solo se trate de un bache transitorio. Menciona que existen factores puntuales que han incidido negativamente en el crecimiento mundial, pero que se revertirán en el corto plazo, como los efectos del terremoto y maremoto de Japón sobre la cadena mundial de producción, y que existen otros factores que han afectado transitoriamente el crecimiento de las ventas, como el impacto del alza del petróleo sobre el consumo global. Dicho lo anterior, destaca que también existen factores más permanentes, cuyos efectos sobre el crecimiento son más duraderos, pero difíciles de estimar. Manifiesta que estos factores son bien conocidos, y se relacionan con la debilidad de las hojas de balance de los consumidores, gobiernos y bancos de las economías desarrolladas. Hace presente que otra fuente de incertidumbre es la intensidad de la desaceleración de China, en respuesta a las mayores presiones inflacionarias que se observan en esa economía. El señor Luis Óscar Herrera plantea que, por el momento, los efectos observados sobre la economía chilena de este mayor pesimismo externo son acotados, tanto en lo que respecta a la evolución de los términos de intercambio, proyección del crecimiento de socios comerciales y disponibilidad de financiamiento internacional. No obstante, esta es una situación que deberá continuar observándose con cuidado. En este contexto, indica que el balance de riesgos para la inflación aconseja continuar retirando estímulo monetario para alinearse con los rangos que históricamente han sido considerados como neutrales, actuando en forma preventiva para atenuar el dinamismo de la demanda interna y contener la propagación de shocks adversos de oferta. Expresa que la recomendación de elevar la TPM en 25 puntos base es consecuente con esta estrategia. En lo que respecta a los próximos pasos para la política monetaria, señala que es probable que se requieran alzas adicionales de la TPM, pero que, al mismo tiempo, que también será necesario dar tiempo a que operen sobre la economía los ajustes ya realizados a la política monetaria. A su juicio, los próximos pasos deberán calibrarse según la respuesta de la economía y sus proyecciones, así como la evolución del escenario internacional. Con respecto a las consideraciones tácticas, el Gerente de División Estudios señor Luis Óscar Herrera hace presente que la opción recomendada en esta oportunidad coincide con la expectativa mayoritaria en el mercado, por lo que no debería producir una revisión de la trayectoria esperada para la tasa de interés u otros precios financieros. Por último, recomienda modificar la última frase del Comunicado, que se refiere al sesgo de la política monetaria, reflejando las incógnitas enunciadas anteriormente y dejando abierta la posibilidad de efectuar pausas en próximas Reuniones."
RPM-2011-07-14:4134:1,RPM-2011-07-14,2011-07-14,2011,Manuel Marfán Lewis,Vicepresidente del Banco Central,consejo_votante,debate,debate,17,False,,"El Vicepresidente señor Manuel Marfán sugiere que se utilice la mediana, a fin de eliminar esa distorsión."
RPM-2011-07-14:4182:2,RPM-2011-07-14,2011-07-14,2011,Claudio Soto Gamboa,Gerente de Análisis Macroeconómico,staff_tecnico,actividad_interna,actividad_interna,31,False,,"lo cual es confirmado por el señor Claudio Soto, quien acota que las condiciones de oferta están cercanas a cero, lo que significa que no hay cambios respecto del trimestre anterior."
RPM-2011-08-18:4224:2,RPM-2011-08-18,2011-08-18,2011,Sergio Lehmann Beresi,Gerente de Análisis Internacional,staff_tecnico,escenario_internacional,escenario_internacional,154,False,,"Al proseguir con su presentación, el señor Sergio Lehmann indica que los CDS de las economías europeas registraron aumentos importantes, particularmente los CDS de los bonos soberanos hasta el momento en que se tomó la decisión de rescatar a Grecia. Agrega que los CDS de Italia y España también alcanzaron niveles en torno a 400 puntos base, pero que disminuyeron una vez que el Banco Central Europeo decidió comprar bonos de ambas economías. Hace notar, además, que los CDS de bancos también registraron un aumento importante y una caída posterior. Informa que, probablemente, se estén produciendo movimientos al alza durante la presente jornada, producto de las turbulencias más recientes y las preocupaciones acerca de los problemas que siguen latentes en el caso de los bancos europeos. A título ejemplar, comenta que los CDS del banco Société Générale, respecto del cual hay hoy día algún grado de cuestionamiento, se mantuvieron en un nivel levemente elevado."
RPM-2011-08-18:4263:1,RPM-2011-08-18,2011-08-18,2011,Sebastián Claro Edwards,Consejero,consejo_votante,actividad_interna,actividad_interna,24,False,,"El Consejero señor Sebastián Claro consulta por las cifras de velocidad de la demanda interna y del PIB, informadas en el IPoM de junio."
RPM-2011-08-18:4272:1,RPM-2011-08-18,2011-08-18,2011,Felipe Larraín Bascuñán,Ministro de Hacienda,ministro_hacienda,decision_tpm,decision_tpm,1352,False,,"El señor Felipe Larraín plantea que el escenario económico se ha vuelto menos benigno desde la Reunión de Política Monetaria de julio pasado. Respecto del escenario internacional, especifica que Estados Unidos ha generado fuertes turbulencias en el mercado, producto de la debilidad de su economía y de la rebaja de la clasificación crediticia desde AAA a AA+ por parte de Standard & Poor’s, y porque a pesar de que se elevó el techo de la deuda, existen serias dudas respecto de la intensidad y plazos de ejecución del ajuste fiscal anunciado por dicho país. En este contexto, destaca que la Reserva Federal ha optado por una mayor agresividad, afirmando en la última reunión que la tasa de política monetaria se mantendría en sus niveles actuales al menos hasta mediados de 2013. Con respecto a Europa, indica que las tensiones financieras en algunas economías altamente endeudadas siguen presentes y han generado algún grado de contagio sobre otras economías que hasta ahora no presentaban problemas, debido a la elevada conexión interregional del sistema financiero. De esta forma, comenta que se ha pasado de un escenario en que el problema fiscal se circunscribía a economías de la periferia europea a otro en que las economías del centro de Europa empiezan a mostrar signos de alto riesgo. Hace presente que esto se ha traducido en que los CDS a 5 años han subido fuertemente en Francia y Alemania, pasando de niveles promedio de 41 y 79 puntos base en junio, respectivamente, a 79 y 153 puntos base en la actualidad. El Ministro de Hacienda subraya que debido a la fragilidad de la situación, el Banco Central Europeo decidió comprar bonos soberanos a Italia y España, mediante intervenciones en el mercado secundario. Por último, menciona que en China, la cifra de inflación de julio en doce meses se ubicó en 6,5%, su mayor nivel desde junio de 2008, pero que las caídas observadas en los precios de los commodities han alejado por el momento el riesgo de nuevas alzas en la tasa rectora. Por otra parte, resalta que el crecimiento económico se mantiene sólido, alcanzando un 9,6% en el primer semestre. En consecuencia, el señor Ministro de Hacienda estima que este es un escenario en que se han intensificado las turbulencias en la economía internacional y emergen mayores riesgos de una desaceleración mundial, y donde el elemento de mayor riesgo es la Zona Euro y, en menor medida, Estados Unidos. Sostiene que este escenario, en el corto plazo, se ha traducido en una notoria disminución de los precios de los commodities, en especial del petróleo. Por otro lado, plantea que el escenario interno muestra que la actividad económica exhibe aún un elevado dinamismo. De hecho, precisa que el crecimiento de 8,4% en el primer semestre revela un mayor dinamismo que lo delineado por los analistas y el mercado en general. Sin perjuicio de ello, advierte que los datos de demanda agregada muestran desaceleraciones importantes, tanto en el consumo como en la inversión. Al respecto, indica que las cuentas nacionales publicadas durante la presente jornada muestran que el consumo privado se desacelera desde una tasa de variación anual de más de 13% en el primer trimestre de este año a un 9,6% en este segundo trimestre, esperándose que esta tendencia se mantenga para ir convergiendo cerca del crecimiento de tendencia de la economía a fines de año. Hace presente, además, que algo similar se observa en el caso de las importaciones de bienes y servicios, que se desaceleran en un ritmo de 21,2% en el primer trimestre a cerca del 15% en el segundo. Asimismo, comenta que los índices de expectativas, que entregan cierta información acerca del comportamiento futuro del consumo privado, muestran también moderación. De hecho, precisa que el IPEC ha disminuido durante 2011, ubicándose en 36,6 puntos en julio, lo que implica una importante disminución desde los 44,7 puntos de enero, en tanto que el subíndice de expectativas de consumo de artículos para el hogar se ubicó en 55,1 puntos en julio, lo que contrasta con los 62,8 puntos de enero. El señor Felipe Larraín manifiesta que todo ello se ha traducido en que las presiones inflacionarias siguen bajo control y, más aún, que las expectativas de inflación se han ido moderando significativamente, acercándose rápidamente al centro del rango meta del Banco Central. Sobre el particular, especifica que en julio se registró una cifra de inflación de 0,1% mensual y de 2,9% en doce meses, lo que implica una importante moderación desde la cifra de 3,4% de julio. Añade que el IPCX registró un aumento mensual de 0,2%, mientras que el IPCX1 mostró un 0,1%, con lo que las mediciones de doce meses se ubican en 1,9 y 1,4%, respectivamente. Por otra parte, menciona que las expectativas de inflación para el año 2011 se han ajustado a la baja. Informa que, de acuerdo con la Encuesta de Expectativas Económicas de agosto, la inflación esperada para 2011 se ubica en 3,6%, inferior al 4% de la encuesta de julio, y que para el año 2012, las expectativas ubican la cifra en 3%, inferior al 3,3% del mes previo. De igual forma, comenta que las expectativas de inflación medidas a través de las compensaciones inflacionarias muestran importantes reducciones. En efecto, precisa que las tasas de mercado de los BCP y BCU a 2 años arrojan en la actualidad un valor de 2,66%, siendo inferior al 3,1% promedio de julio, y bastante menor a los niveles de 4,6% de comienzos de marzo. Como elemento adicional en el análisis, el señor Ministro de Hacienda reitera el compromiso de su Ministerio de normalizar la política fiscal y, de esta forma, contribuir a frenar las presiones inflacionarias. Expresa que, recientemente, ha reafirmado el compromiso de esa Secretaría de Estado de converger a un déficit estructural de 1% del PIB en el año 2014, pero además ha indicado que una de las metas es que el crecimiento del gasto público sea menor al del PIB. Enfatiza que estos criterios forman una carta de navegación que lleva a la normalización de la política fiscal. Agrega que tal como se indicó en la Reunión anterior, las proyecciones del Ministerio tienen como escenario central que el gasto fiscal crezca 4,6% en el año 2011, inferior al 5,5% proyectado en el Informe de Finanzas Públicas de octubre del año 2010. Además, recuerda que la relación gasto público a PIB, medida a precios corrientes, que se ubicó en 24,8% en el año 2009, pasó a 23,5% en el año 2010, proyectándose, por el momento, que disminuya a 22,5% en el presente año. Puntualiza que durante el primer trimestre de 2011, dicha razón se ubicó en solo 19,8% y que en el segundo pasó a 20,6%. De esta forma, expresa que el Ministerio de Hacienda no solo ha indicado su intención de normalizar la política fiscal, sino que está exhibiendo claramente en los datos que esto se está cumpliendo. El señor Felipe Larraín señala que a juicio de esa cartera, la tasa rectora debiera mantenerse en el nivel actual, manteniendo una pausa en el proceso de normalización de la política monetaria y validando, de esta manera, las expectativas del mercado. Sostiene que en un contexto de moderación del panorama inflacionario externo y fuerte disminución de las expectativas inflacionarias internas, se evita una potencial desaceleración futura de la economía. Más aún, hace presente que el escenario internacional sugiere hoy una desaceleración en el crecimiento mundial, consistente con que las tasas de política monetaria en los países desarrollados se mantengan bajas por un período prolongado, lo que entrega un nuevo argumento para mantener la tasa rectora en Chile, evitando así un desalineamiento respecto al resto del mundo y, por ende, una mayor presión sobre el tipo de cambio. Además, señala que el Ministerio de Hacienda estima que es necesario quitar el sesgo restrictivo a la política monetaria de los Comunicados anteriores, en la medida que el escenario internacional se ha vuelto altamente volátil y con riesgos de una desaceleración importante, de forma de permitir mayor flexibilidad en el uso del instrumental monetario en caso de ser necesario en el corto plazo."
RPM-2011-10-13:4376:1,RPM-2011-10-13,2011-10-13,2011,Claudio Soto Gamboa,Gerente de Análisis Macroeconómico,staff_tecnico,mercados_financieros,mercados_financieros,562,False,,"El señor Claudio Soto responde que hay dos componentes, uno transitorio y otro de carácter más persistente. Precisa que ambos están afectando el tercer trimestre, mientras que solo el componente persistente está incidiendo en el cuarto. En segundo lugar, comenta que si bien en el tercer trimestre hay elementos puntuales que inciden en algunos sectores, ellos impactan a otros sectores, dado los ordenamientos que hay en la matriz productiva. A modo de ejemplo, menciona que el sector transporte se ve directamente afectado por minería y que la parte de servicios se vincula, de alguna manera, con el comercio. Indica que a ello se suma también una desaceleración marginal, que puede llegar a ser más persistente. Por último, destaca que la proyección interna para el presente año y el próximo constituye la primera corrección a la baja desde el año 2009 y que es coherente, además, con lo que refleja la Encuesta de Expectativas Económicas. El señor Claudio Soto prosigue con su presentación, refiriéndose a la inflación. Al respecto, señala que el dato de IPC de septiembre fue de 0,5%, en línea con lo proyectado internamente y con lo anticipado por el mercado. Agrega que en términos de la composición del IPC, destaca la menor contribución de los alimentos X1, que anteriormente habían tenido una incidencia relevante en el IPC. De hecho, precisa que aquellos que suben de precio caen en porcentaje, mientras que los que presentan reducciones aumentan de manera importante, lo que es bastante coherente con lo observado en los precios internacionales de alimentos y de granos y cereales. Resalta que lo anterior indicaría eventuales menores presiones inflacionarias en adelante de parte de este componente subyacente. El señor Claudio Soto plantea que las sorpresas negativas provenientes de la parte de alimentos se compensaron con las sorpresas en los alimentos perecibles, específicamente frutas y verduras, así como con la trayectoria de los combustibles durante el mes, influida, a su vez, por la depreciación del peso. Hace presente que la parte combustible tiene un impacto transitorio en la proyección del IPC, mientras que la de perecibles tendría un efecto más persistente, dado que los niveles de precios están más altos. Agrega que se ha supuesto que los perfiles de precios se mantendrán, pero con niveles más altos; por lo tanto, habría una mayor incidencia en la parte de perecibles en adelante. En cuanto a la nueva proyección que expondrá a continuación, hace el alcance que supone un tipo de cambio de $520, que es el supuesto metodológico utilizado habitualmente, y que corresponde al promedio de los diez días anteriores al momento del cierre de las proyecciones. Destaca que, en esta oportunidad, este valor está claramente desfasado con el tipo de cambio spot, por lo que tiende a sesgar la proyección e incide principalmente en la variación de un mes. Con ello, entonces, indica que el perfil de la nueva proyección, comparada con lo proyectado en la RPM pasada, muestra algo más de inflación en los próximos dos meses, pero hacia comienzos del próximo año vuelve a tener las tasas de variación anticipadas en la Reunión anterior, lo que confirmaría que el impacto del mayor precio de los combustibles por tipo de cambio sería más bien transitorio. Añade que hay una corrección a la baja en los componentes Resto, que se explica por menores presiones inflacionarias derivadas fundamentalmente de la parte X1 de alimentos."
RPM-2011-10-13:4392:1,RPM-2011-10-13,2011-10-13,2011,Sebastián Claro Edwards,Consejero,consejo_votante,decision_tpm,decision_tpm,925,False,,"El Consejero señor Sebastián Claro plantea que las últimas semanas han sido de gran volatilidad en los mercados internacionales. En su opinión, destacan tres temas. En primer término, la ya larga inquietud sobre la recuperación de Estados Unidos y la velocidad que ello va a tener en los próximos trimestres; en segundo término, las tensiones en los mercados de deuda en Europa y su impacto sobre el sistema bancario; y, por último, la inquietud sobre la situación financiera de los bancos en China y sus implicancias sobre su capacidad de mantener altas tasas de crecimiento en un contexto de debilidad sostenida de los países desarrollados. Destaca que lo anterior ha contribuido con fuerza a la corrección de las expectativas de crecimiento para el próximo año en el mundo, a una corrección de los precios de los commodities y, en general, a cambios importantes de precios de activos. Hace notar que esto ha sido especialmente claro desde la última RPM, donde la volatilidad de las monedas, de las bolsas y del precio del cobre ha sido especialmente aguda. A juicio del Consejero señor Sebastián Claro, existen fundadas razones para suponer que más allá de la volatilidad de corto plazo, en las últimas semanas se ha ido confirmando un panorama donde la debilidad de los países desarrollados será prolongada. Al respecto, indica que en el corto plazo, la discusión ha estado centrada en la capacidad de Europa para superar la crisis financiera, lo que podría tener repercusiones importantes sobre el crecimiento en el mundo en los próximos trimestres. No obstante, expresa que más allá de cómo se solucione este asunto —tema que por cierto constituye hoy el principal foco de riesgo para la trayectoria macroeconómica de la economía chilena—, los antecedentes apuntan a una sostenida debilidad de los países desarrollados, lo que abre una inquietud acerca de la capacidad de las economías en desarrollo para mantener un desacople más permanente de esta situación. En su opinión, esto incluye, por cierto, a Chile, y determina a grandes rasgos las perspectivas para la política monetaria en los próximos trimestres. Al continuar, el Consejero señor Sebastián Claro hace presente que en el plano interno, la volatilidad y la incertidumbre externa se ha reflejado especialmente en los precios de algunos activos, con una corrección a la baja en las expectativas de crecimiento hacia el próximo año. En este sentido, comenta que la inflación se ha mantenido en un rango esperado en torno a 3% y que, más allá de los vaivenes en precios específicos, se espera que esto continúe por los próximos trimestres. Añade que otros indicadores dan señales mixtas, ya que el mercado laboral todavía da cuenta de un alto dinamismo y las importaciones continúan dinámicas. Por otro lado, menciona que si bien el crédito también continúa dinámico, también es posible observar una mayor estrechez en el otorgamiento de crédito bancario y en el acceso al financiamiento por parte de algunas compañías en el mercado de capitales. A su juicio, la trayectoria de las tasas largas, como se discutió en el curso de la mañana, da cuenta eventualmente de muchos fenómenos que podrían estar explicando la fuerte caída en las tasas de los BCP y BCU a 5 y 10 años, pero también dan cuenta de una preferencia marcada por papeles libres de riesgo que refleja en parte esta tensión que está viviendo el sistema financiero. Califica, obviamente, ese statement sin mayor gravedad. El Consejero señor Sebastián Claro sostiene que, en general, estos antecedentes muestran que a pesar que las señales de deterioro externo son claras, aunque con vaivenes, todavía no se han traducido en un cambio notorio en las condiciones internas. No obstante ello, expresa que los últimos registros de actividad han sido algo menores que lo esperado, lo que da cuenta de la natural normalización de las condiciones internas, así como de las menores perspectivas externas que han llegado de las noticias del exterior, lo que va condicionando un panorama de algo menor dinamismo de la economía chilena. Manifiesta que ello reafirma la opción de hoy de mantener la tasa de política monetaria en 5,25%. A su juicio, innovar y bajar la tasa podría parecer prematuro, toda vez que los eventos más críticos en el exterior están en desarrollo y las condiciones internas no dan cuenta de un marcado deterioro. Cree, sin embargo, que los antecedentes que se han acumulado en los últimos meses permiten descartar con alta probabilidad un alza futura de las tasas de interés y que más bien van configurando un panorama donde resulta más claro pensar que el próximo movimiento debiera ser a la baja, aunque no resulta claro visualizar el momento preciso de este movimiento, ni tampoco su profundidad. Es por ello que concuerda con la visión de la Gerencia de División Estudios en cuanto a que no es deseable establecer un claro sesgo a la baja que anticipe una reducción de la TPM en la próxima Reunión. Sin embargo, expresa concordar también con lo manifestado en la Minuta de Opciones de manera no oblicua —esas son palabras suyas— de mencionar explícitamente que “los riesgos negativos para el escenario externo se han identificado y que la mantención o profundización de las tendencias podrían llevar a revisar la evolución de la política monetaria”. En otras palabras, señala que no se puede descartar que un mayor deterioro externo o interno pueda llevar a una modificación de la política monetaria aún en el corto plazo. En mérito de lo expuesto, el Consejero señor Sebastián Claro manifiesta que su voto es por mantener la TPM en 5,25%."
RPM-2011-11-15:4413:2,RPM-2011-11-15,2011-11-15,2011,Luis Óscar Herrera Barriga,Gerente de División Estudios,staff_tecnico,riesgos,debate,36,False,,El Gerente de División Estudios acota que la OCDE ha estimado que no llegar a acuerdo significará un ajuste fiscal de 2 puntos del PIB en el año 2012 y de 3 puntos en el 2013.
RPM-2011-11-15:4419:1,RPM-2011-11-15,2011-11-15,2011,José De Gregorio Rebeco,Presidente del Banco Central,consejo_votante,riesgos,debate,20,False,,El Presidente señor José De Gregorio manifiesta su extrañeza respecto del comportamiento del precio del petróleo y de la gasolina.
RPM-2011-11-15:4428:1,RPM-2011-11-15,2011-11-15,2011,José De Gregorio Rebeco,Presidente del Banco Central,consejo_votante,riesgos,debate,194,False,,"El Presidente señor José De Gregorio señala que Europa tiene dos escenarios. Indica que el primero considera que esa región explota y afecta a todo el mundo, e incluye el default de Grecia y que Italia no logra financiarse. Señala que en el segundo contempla que durante los próximos dos años se declarará que la situación de Europa es muy delicada. En su opinión, si bien Europa atraviesa por una situación muy compleja, no explotará, porque con el plan anunciado, todo va ir detrás de la curva. Sostiene que los problemas comenzarán a solucionarse una vez que el Banco Central Europeo adquiera la deuda de los países más comprometidos, lo cual ocurrirá cuando Alemania determine que se alcanzó una situación límite. Destaca que el mundo no será inmune a un escenario en que Europa se encuentre hundida por un período de dos años. De hecho, precisa que Asia ya está sintiendo los efectos de los problemas europeos, más que Latinoamérica, y que hay bastante mayor preocupación por el impacto que está teniendo en el comercio. Hace presente que los próximos dos años serán de bajo crecimiento, de muchas amenazas y mucho riesgo de cola."
RPM-2011-11-15:4433:2,RPM-2011-11-15,2011-11-15,2011,Sergio Lehmann Beresi,Gerente de Análisis Internacional,staff_tecnico,inflacion,otros,116,False,,"El Gerente de Análisis Internacional prosigue con su presentación, indicando que el mercado laboral continúa bastante estrecho. Al respecto, informa que la creación mensual de empleo ha alcanzado, en promedio, a alrededor de 20.000 puestos de trabajo en los últimos meses, lo cual está bastante en línea con lo que es una expansión de tendencia del mercado laboral. Destaca que ello ha mantenido una presión en los salarios, que se han incrementado en torno a 3% real en el margen, y constituye uno de los factores que da cuenta del dinamismo actual del consumo, que si bien exhibe una atenuación en sus tasas de crecimiento interanuales, siguen siendo bastante elevadas, alcanzando niveles en torno a 8%."
RPM-2011-11-15:4434:1,RPM-2011-11-15,2011-11-15,2011,Manuel Marfán Lewis,Vicepresidente del Banco Central,consejo_votante,riesgos,debate,34,False,,"El Vicepresidente señor Manuel Marfán repara en la revisión de las proyecciones del sector agrícola, que no crecería 6,7% en el tercer trimestre como estaba previsto, sino que solo lo haría en un 3,2%."
RPM-2011-11-15:4444:3,RPM-2011-11-15,2011-11-15,2011,Rodrigo Vergara Montes,Consejero,consejo_votante,riesgos,debate,10,False,,El Consejero señor Rodrigo Vergara consulta también por el Transantiago.
RPM-2011-11-15:4456:2,RPM-2011-11-15,2011-11-15,2011,José De Gregorio Rebeco,Presidente del Banco Central,consejo_votante,decision_tpm,decision_tpm,21,False,,"El Presidente agradece la presentación del Consejero señor Enrique Marshall y, a continuación, concede la palabra al Vicepresidente señor Manuel Marfán."
RPM-2011-12-13:4461:1,RPM-2011-12-13,2011-12-13,2011,Rodrigo Vergara Montes,Presidente del Banco Central,consejo_votante,apertura_cierre,apertura_cierre,89,False,,"El Presidente señor Rodrigo Vergara da inicio a la Reunión de Política Monetaria N° 179, indicando que, de conformidad con el Reglamento que rige estas Sesiones, fija la Reunión de Política Monetaria correspondiente al mes de junio de 2012 para el día 14 de ese mes. El Presidente señor Rodrigo Vergara informa que el señor Ministro de Hacienda señor Felipe Larraín no asistirá a la presente Sesión y, a continuación, da paso a la presentación del escenario externo, a cargo del Gerente de Análisis Internacional señor Sergio Lehmann. i"
RPM-2011-12-13:4466:1,RPM-2011-12-13,2011-12-13,2011,Sergio Lehmann Beresi,Gerente de Análisis Internacional,staff_tecnico,escenario_internacional,escenario_internacional,529,False,,"El señor Sergio Lehmann continúa con su presentación, señalando que en materia de tasas de interés destaca la estabilidad de aquellas a 2 años, particularmente en Estados Unidos, donde no hay suficiente espacio para la política monetaria. Añade que la tasa a 10 años se ha movido con ciertos vaivenes y que hoy supera ligeramente el nivel registrado al cierre de la RPM anterior. Con respecto a la política monetaria, comenta que varias economías reanudaron sus procesos de reducción de tasas. Al respecto, destaca las rebajas de 50 y 40 puntos base acordadas por Brasil y Dinamarca, respectivamente, así como la de 25 puntos base establecida por el Banco Central Europeo, Australia, Tailandia e Israel. Por el contrario, menciona que Hungría aumentó su tasa en 50 puntos base, y que Colombia lo hizo en 25 puntos base, preocupada por las presiones inflacionarias. En cuanto a las trayectorias de tasas rectoras, especifica que en América Latina y Asia se observa una política con algún grado de mayor impulso monetario, mientras que en Europa emergente no se registran mayores cambios. Agrega que en las economías desarrolladas, los cambios son bastante marginales, salvo en el Reino Unido, respecto del cual se esperó un alza hacia el año 2013, pero hoy se proyecta que mantendrá su tasa de instancia en 0,5% durante todo el período 2012 - 2013. En relación con las paridades, resalta la apreciación del dólar, de 1,3%, en un contexto en que se registraron movimientos de fondos hacia esa moneda, como refugio frente al escenario de mayor incertidumbre. Resalta también la depreciación del euro, que alcanzó a 3%, en línea con la percepción de una incertidumbre persistente y con una política monetaria que da cuenta de una mayor expansividad. Acota que otras monedas emergentes también se han depreciado, como es el caso del rand, el real y el rublo. Respecto de los indicadores económicos, hace presente que Estados Unidos exhibe registros ligeramente mejores que lo anticipado, particularmente los referidos a producción industrial e ISM. No obstante, manifiesta que habría percepciones algo más negativas en cuanto a consumo personal, precios de viviendas y creación de empleo, debido a que sus registros fueron inferiores a lo esperado. Informa que la Eurozona presenta una situación mixta. Precisa que en Alemania, si bien la cifra de clima empresarial sorprendió positivamente al resultar algo mejor que lo percibido, se mantiene en niveles relativamente bajos en términos históricos. Agrega que en Japón y China los datos también son mixtos. Indica, además, que la confianza del consumidor ha tendido a deteriorarse de manera más sistemática, en especial en las economías emergentes. Con respecto a la producción industrial, destaca que la de economías emergentes registra una desaceleración importante. Hace notar que Tailandia constituye un caso excepcional, por cuanto su producción industrial se ha contraído de manera significativa producto de las grandes inundaciones que han afectado a ese país. Agrega que el dato marginal para Malasia es particularmente negativo, golpeado también por este fenómeno climático, y que a ello se suman las caídas en India, Taiwán y República de Corea. En cuanto a América Latina, precisa que Brasil exhibe caídas, mientras que Argentina y México figuran sin mayores cambios."
RPM-2011-12-13:4502:3,RPM-2011-12-13,2011-12-13,2011,Consejo del Banco Central de Chile,Consejo,consejo_entidad,inflacion,otros,13,False,,"Siendo las 16:00 horas, se reanuda la Reunión de Política Monetaria N° 179."
RPM-2012-01-12:4528:1,RPM-2012-01-12,2012-01-12,2012,Manuel Marfán Lewis,Vicepresidente del Banco Central,consejo_votante,riesgos,debate,15,False,,El Vicepresidente señor Manuel Marfán pregunta si estos indicadores constituyen una especie de indicadores líder.
RPM-2012-01-12:4537:2,RPM-2012-01-12,2012-01-12,2012,Sergio Lehmann Beresi,Gerente de Análisis Internacional,staff_tecnico,riesgos,debate,535,False,,"El señor Lehmann señala que el alza de los precios de granos y cereales, fundamentalmente en las últimas dos o tres semanas, explica principalmente el aumento de los precios de alimentos y del índice agregado de granos y cereales de Goldman Sachs. No obstante, destaca que también se observan caídas en el precio de otros alimentos en los mercados internacionales, como es el caso del azúcar y la leche, que atenúan el resultado del indicador agregado FAO de alimentos. Con respecto al precio de los metales, precisa que el promedio de los últimos tres días da cuenta de un cierto predominio de caídas, excepto en el caso del níquel y aluminio. Reitera que el índice FAO registra un aumento en lo más reciente, donde predomina el comportamiento de granos y cereales. De todas maneras, hace el alcance que el índice para el mes de diciembre publicado en la presente jornada, corresponde al promedio de diciembre versus el de noviembre y, por lo tanto, no captura los movimientos más recientes que se han observado. En relación con los futuros, menciona que el precio del petróleo Brent tiene un perfil algo más alto que el considerado en el IPoM de diciembre, mientras que la trayectoria futura del precio del cobre registra un ligero movimiento a la baja. A continuación, el señor Sergio Lehmann se refiere especialmente al petróleo, habida consideración de las tensiones crecientes entre Irán y Occidente. Por esta razón, exhibe los gráficos que se contienen en la lámina N° 36 de la presentación, que tratan de recoger la lectura que los mercados pudiesen tener al respecto. En primer término, comenta el gráfico relativo a la volatilidad de las opciones del petróleo WTI que se transan a seis meses —que constituye una suerte de VIX del precio del petróleo—, y que da cuenta de un aumento importante a mediados del año 2011, asociado básicamente a las tensiones en Europa. Hace notar que las amenazas, que fueron tal vez algo más marcadas y que fueron leídas como creíbles por los mercados financieros un par de semanas atrás, se reflejan en un aumento de esta volatilidad, pero de una manera menos pronunciada que la observada en los períodos de alta tensión en dichos mercados. Agrega que en lo más reciente, se advierte una cierta caída en la volatilidad implícita de estos instrumentos, reflejando una baja credibilidad sobre la posibilidad de que Irán cierre el Estrecho de Ormuz. Sin perjuicio de ello, destaca que la incertidumbre respecto del precio del petróleo en los meses venideros es bastante significativa. En segundo lugar, y para finalizar, se refiere a los gráficos de la derecha, que consideran el precio spot del petróleo y una función de distribución construida sobre la base de la volatilidad implícita de las opciones a 3 meses, todo ello tomado de un ejercicio que realiza el Deutsche Bank. De acuerdo con ello, indica que si bien el precio a tres meses se concentra en un valor de US$ 100, la dispersión es bastante importante y aumenta de manera muy significativa al observar las proyecciones a doce meses, anticipando que la probabilidad de que el precio del petróleo llegue a alrededor de US$130 o US$ 150 es bastante alta."
RPM-2012-01-12:4559:1,RPM-2012-01-12,2012-01-12,2012,Enrique Marshall Rivera,Consejero,consejo_votante,riesgos,debate,196,False,,"El Consejero señor Enrique Marshall se refiere a los episodios de tensión de diciembre último. Sobre el particular, destaca que una evaluación más en perspectiva de lo acontecido en el sistema bancario, lo lleva a concluir que el sistema está funcionando con bastante normalidad y que, además, se observa un grado mayor de cautela y de prudencia, como lo refleja la encuesta de condiciones crediticias. Enfatiza que, a su juicio, ello es razonable y sano. El segundo lugar, se refiere a los spreads, a los márgenes y primas por riesgo en Chile y el mundo. Al respecto, expresa que, en el pasado, las primas prácticamente desaparecieron en el mundo entero, lo cual significó, de alguna manera, un fracaso del mercado, porque si en algún momento Grecia pagó lo mismo que Alemania, eso significa que el mercado no percibió la información o esta fue ocultada. Señala que en respuesta a ello, necesariamente habrá más regulaciones. Expresa que su sugerencia apunta a ser cautelosos a la hora de extraer conclusiones muy definitivas respecto de los movimientos que se puedan estar apreciando en los mercados y también al momento de evaluar los riesgos y de comparase con referentes inadecuados."
RPM-2012-02-14:4615:1,RPM-2012-02-14,2012-02-14,2012,Joaquín Vial Ruiz-Tagle,Consejero,consejo_votante,actividad_interna,actividad_interna,39,False,,"El Consejero señor Joaquín Vial consulta si la caída que exhiben los inventarios como porcentaje del PIB, desde el último trimestre del año pasado, obedece a una razón de oferta o demanda y si ella es de carácter transitorio."
RPM-2012-02-14:4640:1,RPM-2012-02-14,2012-02-14,2012,Felipe Larraín Bascuñán,Ministro de Hacienda,ministro_hacienda,escenario_internacional,actividad_interna,34,False,,El Ministro de Hacienda señor Felipe Larraín expresa sus felicitaciones al Vicepresidente señor Manuel Marfán y al nuevo Consejero señor Joaquín Vial y les desea el mayor éxito en el ejercicio de dichos cargos.
RPM-2012-03-15:4713:1,RPM-2012-03-15,2012-03-15,2012,Luis Óscar Herrera Barriga,Gerente de División Estudios,staff_tecnico,actividad_interna,actividad_interna,36,False,,"El señor Luis Óscar Herrera acota que lo mismo es válido para el período anterior, donde la mayor parte del repunte de la demanda se concentró también en las compras de durables e importaciones de capital."
RPM-2012-03-15:4719:6,RPM-2012-03-15,2012-03-15,2012,Claudio Soto Gamboa,Gerente de Análisis Macroeconómico,staff_tecnico,acuerdo_comunicado,acuerdo_comunicado,838,False,,"El señor Claudio Soto destaca que más allá de los antecedentes del mercado laboral, la velocidad de la inflación subyacente ha tendido a aumentar en los últimos meses, explicando, en parte, la corrección al alza en la proyección de inflación. Al respecto, comenta que en esta proyección al alza también hay componentes de alimentos y energía. Precisa que en el caso de alimentos, el cambio fundamental obedece a los perecibles, respecto de los cuales se ha supuesto que permanecerán elevados durante esta temporada. Indica que en el caso de la energía ha habido algunas sorpresas marginales a la baja, que obedecen mayormente a lo acontecido con componentes como el gas licuado. No obstante, anticipa que el alza reciente del precio del petróleo afectará los precios de la gasolina y de otros combustibles, razón por la cual se registrarían variaciones en el precio de la energía en un par de meses más, superiores a lo previsto. Añade que también se ha corregido al alza la dinámica del componente subyacente de la inflación, previéndose que llegará a crecer en torno a 4% a mediados de año. De acuerdo con lo anterior, informa que la variación del IPC se mantendría en niveles algo superiores a 4% hasta fines del horizonte de corto plazo, esto es, durante los próximos seis meses. De hecho, precisa que en el mes de agosto alcanzaría a un 4,2% en doce meses y que los seguros de inflación, que están en tormo a 4,4 o 4,5% en el mismo horizonte, dan cuenta también de una corrección al alza en esta parte del año. Hace notar que esta proyección es coherente además con los registros mes a mes, que van a estar oscilando entre 0,2 y 0,4% después del dato de marzo, el que, por estacionalidad, debiera ser algo mayor. El señor Claudio Soto hace presente también que las expectativas de inflación a mediano y largo plazo han aumentado y que se ha asumido, además, que la sorpresa inflacionaria persistirá. En este sentido, indica que las expectativas a un año que se derivan de las compensaciones spot, se han movido de manera importante al alza, así como también las compensaciones 1 en 1, que son las relevantes para el horizonte de política, alcanzando hoy a 3,5%. Asimismo, comenta que los resultados de la Encuesta de Expectativas Económicas también apuntan a una mayor inflación para este año, de 3,5% aproximadamente, mientras que a dos años se mantiene en 3%. Además, destaca que ha aumentado la dispersión respecto a la proyección en el horizonte, por cuanto el primer decil se mantiene en 3%, pero el decil 9 se ha movido al alza, superando ya el 3%. Explica que la mayor dispersión de las respuestas es coherente con una suerte de ¿¡-movilidad que empieza a aparecer en los datos, lo que significa que algunos analistas estiman que la inflación superará el 3%, en tanto que otros confían en que llegará a 3%. Respecto del mercado financiero, menciona que los premios de los bonos corporativos se han mantenido por sobre lo observado hacia fines del año pasado, dando cuenta de una grado mayor de estrechez financiera. Añade que las tasas de los créditos de consumo han tendido a aumentar; que los datos relativos a las colocaciones comerciales presentan bastante volatilidad; y que las colocaciones de más corto plazo, que son relevantes para el capital de trabajo de las empresas, exhiben estabilidad en la punta. Con respecto al tipo de cambio, indica que, aunque con fluctuaciones, se mantiene en niveles similares a los observados un par de semanas atrás, pero que ha tendido a apreciarse en los últimos días. Hace presente que ello no es coherente con sus fundamentales, por cuanto no explican la apreciación antedicha, estimándose entonces que obedecería a un fenómeno de riesgo y de movimientos hacia el peso que sería de carácter más bien transitorio. En relación con la bolsa, el señor Claudio Soto informa que continúa una tendencia al alza, pero que los últimos registros dan cuenta de aumentos menos significativos. En materia de tasas de interés, destaca la reversión de la caída registrada por las tasas reales desde fines del año pasado. Al respecto, especifica que estas experimentaron un aumento importante desde la última RPM, una reversión posterior, y que los últimos datos dan cuenta de un alza importante, particularmente en las tasas de 5 y 10 años. Agrega que las tasas nominales, en tanto, muestran una clara trayectoria al alza desde hace ya un par de Plantea que lo anterior explica que la curva forward se haya movido en paralelo hacia arriba. Manifiesta que tanto esta curva, así como el resultado de las encuestas, refleja que el mercado tiende a descartar bajas en las tasas de interés. De hecho, comenta que solo una fracción ínfima de los encuestados respondió que la TPM podría bajar. Al finalizar su presentación, el señor Claudio Soto informa que para esta Reunión, las distintas encuestas reflejan que la opinión unánime de los consultados apunta a la mantención de la TPM en 5%."
RPM-2012-05-17:4812:1,RPM-2012-05-17,2012-05-17,2012,Sebastián Claro Edwards,Consejero,consejo_votante,acuerdo_comunicado,acuerdo_comunicado,34,False,,"El Consejero señor Sebastián Claro indica que de acuerdo con ciertos reportes recientes, el Board de la Reserva Federal estaría mayormente inclinado a diseñar algún mecanismo para continuar con la tasa de interés inalterada."
RPM-2012-05-17:4825:1,RPM-2012-05-17,2012-05-17,2012,Claudio Soto Gamboa,Gerente de Análisis Macroeconómico,staff_tecnico,actividad_interna,actividad_interna,342,False,,"El señor Claudio Soto explica que el alto dinamismo del sector EGA, que registró una tasa de crecimiento superior a 20%, que corresponde al doble de lo estimado internamente, se debió, fundamentalmente, a un cambio en la composición en la generación de energía, que corresponde a la mayor utilización de carbón y menor con diesel, lo que implica un cambio en el valor agregado. Subraya que este cambio es de carácter más permanente, porque implica la entrada en funcionamiento de nuevas centrales a carbón que desplazan a aquellas que utilizan diesel y que son menos eficientes. En cuanto a la minería, resalta la reaceleración de su producción a fines del año 2011, luego de haber sido afectada por temas climáticos y huelgas a mediados del año pasado, así como también la registrada en el ejercicio actual, sin perjuicio de hacer notar que esta última no fue suficiente para alcanzar los niveles observados a fines del año 2011. Añade que una extrapolación para el primer mes del segundo trimestre, efectuada sobre la base del SING, muestra que la producción minera podría caer nuevamente en dicho mes. En relación con el consumo, comenta que la parte correspondiente a servicios mantiene su dinamismo, al registrar tasas de crecimiento en torno al 6% anual en el primer trimestre, mientras que el consumo de no durables exhibe una importante moderación, al anotar tasas cercanas al 2% anual. En cuanto al consumo de bienes durables, el señor Claudio Soto subraya que la sorpresa al alza con respecto a lo estimado en el IPoM obedece al mayor dinamismo de los productos electrónicos, el equipamiento para el hogar y tecnología, así como a las ventas de automóviles, que aún presentan tasas de crecimiento positivas. En lo relativo a la caída del consumo de Gobierno mencionado precedentemente, indica que se explica por la disminución del componente total de bienes y servicios, específicamente en la parte extrapresupuestaria, cuya disminución alcanzó alrededor del 60%. De esta forma, precisa que el crecimiento del consumo público fue de 0,5%, en vez del 4% proyectado internamente."
RPM-2012-06-14:4862:1,RPM-2012-06-14,2012-06-14,2012,Sergio Lehmann Beresi,Gerente de Análisis Internacional,staff_tecnico,escenario_internacional,escenario_internacional,403,False,,"El señor Sergio Lehmann manifiesta que lo expuesto ha dado espacio para aplicar políticas monetarias más expansivas. Al respecto, resalta la reducción de la TPM en Australia, de 25 puntos base, que se suma al recorte de 50 puntos base acordado el mes anterior; la rebaja de 25 puntos base determinada por el Banco Popular de China y la aplicación adicional de un recorte de 25 puntos base en la tasa de depósitos; y la rebaja de 50 puntos base en Brasil, economía que inició un proceso de mayor impulso monetario hace unos meses. En cuanto a los perfiles de tasas de política monetaria hacia adelante, manifiesta que el relajamiento monetario continuaría en el resto del año en curso, particularmente en América Latina, Asia, y en un grado algo menor en Europa emergente. A continuación, el señor Sergio Lehmann destaca la caída generalizada de los precios de los commodities, salvo el oro, que constituye refugio de valor. Hace notar que algunos productos agrícolas han experimentado gran variabilidad, como es el caso del trigo y del maíz, que registran caídas de 1% y 3%, respectivamente, desde la Reunión anterior, pero que llegaron a anotar alzas cercanas a 12% y 3%, respectivamente, en algún instante del mes. Asimismo, destaca la caída del precio del petróleo WTI, del petróleo Brent, de la gasolina y del cobre, de 12%, 11%, 7% y 5%, respectivamente. Además, menciona que durante la última semana se conoció el dato del indicador FAO de alimentos al cierre de mayo, que da cuenta de una caída de 4%, que había sido anticipada en cierto grado por los precios de los futuros. Añade que estos igualmente anticipan que los precios de los distintos alimentos que considera este indicador, esto es, carnes, lácteos, cereales, aceites y azúcar, se estabilizarían hacia el segundo semestre del presente año y también en el año venidero. Al concluir su presentación, el señor Sergio Lehmann informa que la trayectoria del precio del petróleo Brent se ha ajustado a la baja respecto de la RPM anterior, en línea con la caída del precio spot y muy por debajo de la observada en el Informe de Política Monetaria, IPoM, de marzo. Agrega que la trayectoria del precio del petróleo WTI es muy similar a la del petróleo Brent y que los precios de la gasolina y del cobre también muestran trayectorias por debajo de lo observado con ocasión de la RPM pasada."
RPM-2012-06-14:4885:3,RPM-2012-06-14,2012-06-14,2012,Consejo del Banco Central de Chile,Consejo,consejo_entidad,opciones_tpm,opciones_tpm,33,False,,"Siendo las 15:30 horas, se reanuda la Reunión de Política Monetaria N° 186, incorporándose a esta Sesión el Ministro de Hacienda señor Felipe Larraín y el Asesor de ese Ministerio señor Rodrigo Cerda."
RPM-2012-07-12:4934:1,RPM-2012-07-12,2012-07-12,2012,Rodrigo Vergara Montes,Presidente del Banco Central,consejo_votante,debate,debate,31,False,,"El Presidente señor Rodrigo Vergara alude al sector construcción, cuya proyección de crecimiento para el segundo y tercer trimestre disminuye respecto de lo contemplado en IPoM del mes de junio pasado."
RPM-2012-07-12:4942:1,RPM-2012-07-12,2012-07-12,2012,Claudio Soto Gamboa,Gerente de Análisis Macroeconómico,staff_tecnico,inflacion,inflacion,47,False,,"El señor Claudio Soto manifiesta que en razón de lo expuesto precedentemente, la proyección de inflación en doce meses se ha corregido hasta un 2,1%, desde el 2,7% informado en el último IPoM de junio, fundamentalmente por los componentes transables y, en menor medida, por los combustibles."
RPM-2012-08-16:4989:1,RPM-2012-08-16,2012-08-16,2012,Luis Óscar Herrera Barriga,Gerente de División Estudios,staff_tecnico,escenario_internacional,escenario_internacional,350,False,,"El Gerente de División Estudios señor Luis Óscar Herrera comparte el diagnóstico expresado, en orden a que la calma financiera sería de carácter transitorio, porque persisten las dificultades en la Eurozona a pesar de algunos avances logrados en términos más estructurales como es el caso de la Unión Bancaria. Al respecto, hace notar que estos avances aún no se han materializado y que deberán enfrentar dificultades políticas que generarían nuevos episodios de volatilidad. Hace presente que la principal novedad en materia de actividad es la desaceleración de las economías emergentes, especialmente la de China. En relación con los índices de costo de carga del Mar Báltico, aludidos por el Consejero señor Joaquín Vial, indica que ha disminuido el Baltic Freight Index, que está muy relacionado con el transporte de hierro entre China y Australia, reflejando que a diferencia de lo ocurrido con el cobre, las importaciones de insumos como el hierro han caído muy rápidamente y que su precio asimismo se ha ajustado. Añade que las importaciones de cobre también han disminuido, generando un grado de preocupación porque varios reportes dan cuenta de inventarios muy bajos en bolsa y, a su vez, de inventarios físicos elevados en el sector real chileno. Sobre la economía de Brasil, hace referencia al anuncio de un programa de mediano plazo que busca resolver problemas de oferta que arrastra esa economía en temas de infraestructura, que son relevantes en términos de restricción de crecimiento y que requieren de un impulso acelerado de orden monetario o fiscal. Advierte que frente a las restricciones de oferta que enfrenta esa economía, ello puede traducirse en el corto plazo en un repunte inflacionario adicional o en mayor déficit de cuenta corriente. Por último, y en relación con los precios de los commodities, plantea que la Gerencia de División a su cargo mantiene una posición más escéptica en cuanto a una rápida reversión de los mismos, razón por la cual ha incluido y traspasado parte de esos efectos a las proyecciones de inflación y estima que los componentes más volátiles de la canasta se verán afectados por estos desarrollos externos."
RPM-2012-08-16:5008:1,RPM-2012-08-16,2012-08-16,2012,Manuel Marfán Lewis,Vicepresidente del Banco Central,consejo_votante,debate,debate,151,False,,"El Vicepresidente señor Manuel Marfán consulta la opinión del staff acerca de las razones que explicarían la apreciación del peso de una manera que ni siquiera los fundamentales de largo plazo como los modelos de alta frecuencia a corto plazo pueden hacerlo. Asimismo, solicita al señor Gerente de División Operaciones Financieras que se refiera a las hipótesis del mercado en este sentido, agregando que es necesario monitorear lo que está sucediendo para fines de contar con un diagnóstico preciso sobre este tema. En lo concerniente al crecimiento esperado para el resto del presente año, señala que le sorprende que se anticipe un grado de desaceleración del sector construcción hacia el cuarto trimestre, considerando que la gran mayoría de los proyectos actualmente vigentes se encuentran en etapa de construcción, por lo que no estarán terminados antes de fin de año. Por lo expuesto, solicita que se aclaren los fundamentos de esta proyección."
RPM-2012-09-13:5044:1,RPM-2012-09-13,2012-09-13,2012,Rodrigo Vergara Montes,Presidente del Banco Central,consejo_votante,debate,debate,37,False,,El Presidente señor Rodrigo Vergara se refiere al programa de rescate anunciado por el Banco Central Europeo y solicita que se precise si los recursos entregados en oportunidades anteriores retornaron a ese Organismo en calidad de depósitos.
RPM-2012-09-13:5084:2,RPM-2012-09-13,2012-09-13,2012,Julio Dittborn Cordua,Subsecretario de Hacienda,staff_tecnico,acuerdo_comunicado,acuerdo_comunicado,1276,False,,"El señor Julio Dittborn inicia su exposición señalando que, a juicio del Ministerio de Hacienda, el escenario económico sigue reflejando la fortaleza de la actividad económica local y una inflación bajo control, y que en lo concerniente al escenario externo se observa un mayor optimismo en los mercados financieros, aunque persisten los problemas fundamentales, básicamente de Europa. Destaca en este sentido, el anuncio del Banco Central Europeo de un nuevo programa de compra de bonos soberanos para reducir los costos de endeudamiento de los países de la Zona Euro que se encuentran en problemas financieros y que los mercados han mostrado señales de optimismo ante las muestras de disposición de las autoridades económicas de esa Zona en orden a tomar las medidas necesarias para preservar la estabilidad económica de la región. Hace presente que ello se demuestra en los CDS a 5 años de España, que se sitúan 139 puntos por debajo del nivel que alcanzaban en la última Reunión de Política Monetaria, y los de Italia, que han disminuido 113 puntos desde esa fecha. En todo caso, indica que si bien estas medidas alivian la presión sobre aquellos países críticos de financiamiento, los problemas fundamentales de la región europea persisten y la recesión sigue su curso. En este sentido, precisa que la producción industrial en el mes de julio decreció 2,3% en doce meses, tras el 2,1% de descenso del mes anterior, así como la caída anual de 7,3% registrada en Italia, de 5,4% en España, de 3,3% en Francia y de 1,7% en Alemania. Por su parte, comenta que las ventas minoristas de la Zona Euro decrecieron 1,7% en el mes de julio pasado, tras otra disminución de 0,9% experimentada el mes anterior. El señor Julio Dittborn expresa que, por su parte, Estados Unidos de América muestra algunos síntomas de desaceleración. Sobre este aspecto, consigna que de acuerdo con el informe preliminar de la Oficina de Análisis Económico, el PIB del segundo trimestre de 2012 creció 1,7% trimestral anualizado y desestacionalizado, desacelerándose respecto al 2% del trimestre anterior; que en el mes de agosto, ese país creó 96 mil empleos en comparación con el mes anterior, pero no obstante, inferior a los 141 mil nuevos puestos de trabajo del mes inmediatamente anterior; que en lo referente al sector industrial, el PMI manufacturero se ubicó en 49,6 puntos en el mes de agosto último, inferior a los 49,8 del mes anterior y cercano a la zona de condición neutral; y que las ventas minoristas crecieron 4,1% en el mes de julio de 2012, tras un crecimiento anual de 3,5% registrado el mes previo. Asimismo, previene que en el último tiempo han surgido nuevos riesgos que apuntan a una desaceleración de los mercados emergentes más rápida que lo previsto. En este sentido, destaca que, recientemente, China anunció medidas de apoyo al consumo de ciertos productos que fomentan el ahorro de energía para estimular la demanda interna, y que la semana anterior se anunció un plan de estímulo a la inversión, con proyectos de infraestructura valorados en US$150.000 millones, todo lo cual busca amortiguar la desaceleración que está experimentando esa economía. Agrega que la producción industrial creció un 8,9% en doce meses durante el mes de agosto, tras un 9,2% de crecimiento en julio, y que las exportaciones siguen incrementándose a tasas muy bajas, de solo 2,7% en agosto, 1% en julio, frente al 11,3% registrado en junio. Por otro lado, señala que en el mes de agosto, la inflación se ubicó en 2% en doce meses, tras el 1,8% del mes previo, influida por el aumento en el precio de los alimentos, y que, con todo, la inflación se ubica en niveles que le otorgan a la autoridad un rango de maniobra para utilizar la política monetaria, que ya se ha rebajado en 56 puntos base desde el mes de junio pasado. De esta manera, acota que las cifras muestran una economía que se va desacelerando a un ritmo mayor que en trimestres previos. De hecho, consigna que de acuerdo con el último Consensus Forecasts, la proyección de crecimiento para China en el año 2012 es de 7,9%, inferior al crecimiento experimentado en 2011, que fue de 9,2%. En definitiva, plantea que el escenario económico internacional actual está siendo influido por los efectos de la crisis existente en la Zona Euro, que afectan a otras economías del mundo, en particular a las emergentes. En lo concerniente al ámbito interno, el señor Subsecretario de Hacienda destaca que la actividad económica sigue mostrando dinamismo, alcanzando un crecimiento de 5,3% en el mes de julio, similar a los pronósticos de mercado. Asimismo, resalta que de acuerdo con la Encuesta de Expectativas Económicas del Banco Central de Chile del mes de septiembre, las expectativas de crecimiento para este año han registrado un leve aumento, esperándose un crecimiento de 5% para el año 2012, superior al 4,9% de la Encuesta de agosto y el 4,8% del mes de julio. Añade que el consumo sigue mostrándose robusto, precisando al respecto que en el mes de julio, las ventas minoristas crecieron 7,9%. Hace presente que aunque el mercado laboral muestra una importante desaceleración en la creación de puestos de trabajo, con un crecimiento del empleo de solo 1,4% en el trimestre mayo-julio, los salarios reales aumentaron 3,7% anual en el mes de julio, cifra superior al 3,3% del mes anterior. Hace notar que ello ha atenuado en parte el efecto de la menor creación de empleos sobre la masa salarial, permitiendo sostener el nivel de consumo interno. Sin embargo, advierte que el sector externo chileno sigue siendo afectado por la situación internacional. Sobre el particular, precisa que el valor de las exportaciones de bienes a Europa en el mes de julio disminuyó 12,4% en doce meses, siendo la octava caída consecutiva, y que las exportaciones a China también se han reducido, con una caída de 11,9% interanual en julio, tras el descenso de 9,7% del mes anterior. En este contexto, señala que la inflación registró un incremento de 0,2% en el mes de agosto, llegando a un nivel de 2,6% en doce meses. Especifica que el aumento mensual se debió fundamentalmente a un incremento en los precios de las hortalizas, carnes, gas licuado y por red domiciliaria, y también de los combustibles. Destaca que recientemente el Congreso Nacional aprobó el proyecto que modifica el denominado SIPCO para fortalecerlo, lo que permitirá mitigar las alzas en los precios de los combustibles a partir de esta semana. Destaca que la rápida desaceleración de la inflación ha llevado a una drástica caída de las expectativas. En este sentido, consigna que de acuerdo con la última Encuesta de Expectativas Económicas del Banco Central de Chile, la inflación a fines del año 2012 se ubicaría en 2,1% anual, cerca del piso del rango de tolerancia, y que para fines de 2013, las expectativas se mantienen ancladas en 3% anual. Por su parte, acota que las compensaciones inflacionarias a dos años se ubican en niveles de 2,92% anual. El Subsecretario de Hacienda señor Julio Dittborn concluye su intervención señalando que en este escenario, el Ministerio de Hacienda sugiere mantener la tasa de política monetaria en su nivel actual y validar así las expectativas del mercado. Agrega que en opinión de ese Ministerio, si bien la economía chilena sigue mostrando dinamismo, lentamente ha comenzado a sentir los efectos de la recesión europea y la desaceleración de los mercados emergentes, los cuales debieran manifestarse con mayor intensidad durante el tercer trimestre de este año. En este contexto, estima que parece necesario mantener la pausa para continuar acumulando información acerca de la evolución económica internacional y su impacto en la economía nacional."
RPM-2012-10-18:5131:1,RPM-2012-10-18,2012-10-18,2012,Sebastián Claro Edwards,Consejero,consejo_votante,mercado_laboral,mercado_laboral,71,False,,"El Consejero señor Sebastián Claro señala que en los IPoM se menciona habitualmente que los salarios tendrán reajustes acordes con la productividad y la meta de inflación. Al respecto, consulta si se proyecta un crecimiento de los salarios nominales en torno al 6%, porque de ser así, considerando una inflación proyectada para el presente año del orden del 2,1%, sería complejo justificar un crecimiento de la productividad en torno a 4%."
RPM-2012-10-18:5137:1,RPM-2012-10-18,2012-10-18,2012,Claudio Soto Gamboa,Gerente de Análisis Macroeconómico,staff_tecnico,inflacion,inflacion,505,False,,"El señor Claudio Soto responde que atendida la nueva canasta de bienes y servicios y el cambio de metodología que utiliza el Instituto Nacional de Estadísticas se ha introducido un factor de mayor volatilidad, haciendo más difícil la proyección. En lo referente a la inflación anual, señala que ella se explica por las alzas en los precios de los alimentos y servicios, que en términos interanuales han crecido en torno a 8% y 5%, respectivamente. En todo caso, resalta en este aspecto las significativas caídas de las tarifas eléctricas y del precio del gas en los últimos meses, así como la atenuación reciente de las variaciones interanuales del precio de la gasolina que obedecieron a las importantes alzas registradas durante el año 2011. Enfatiza que las variaciones interanuales antedichas aún son positivas, pero que se encuentran más acotadas que en meses previos, y que ello contrasta con las variaciones interanuales negativas de la inflación de bienes. En síntesis, plantea que los niveles de precios han caído en forma sucesiva desde el año 2010 hasta esta fecha. En cuanto a la proyección de la inflación subyacente, informa que se ha incorporado en dicha proyección la rebaja del impuesto de timbres y estampillas en el dato correspondiente al mes de enero próximo y que no se observan mayores modificaciones en las perspectivas inflacionarias. Además, deja constancia de la disminución de los precios de combustibles y de una tendencia al alza en el precio del gas licuado. Agrega que en el día de ayer se anunció un cambio en el Sistema SIPCO, que implica una rebaja marginal de los impuestos y, con ello, la caída del precio de la gasolina de $5 que comenzó a regir en el día de hoy. En relación con las tarifas eléctricas, indica que aportarán bastante volatilidad a los registros de IPC de los próximos meses, debido a que diversos contratos sobre cambios de tarifas no entrarán a regir inmediatamente una vez decretados los cambios tarifarios, sino que en la oportunidad en que la Contraloría General de la República tome razón de tales decretos y las empresas apliquen consiguientemente los cambios de precios. Explica que estos rezagos inducen a que deban efectuarse reliquidaciones, que constituyen bajas de precios muy significativas, de carácter transitorio, que se revierten posteriormente. Acota que estas bajas y posteriores reversiones de precios alcanzan magnitudes del orden de 10% y que tienen incidencia del orden de un par de décimas en las variaciones mensuales del IPC. En cuanto a la proyección, señala que el IPC alcanzaría a 2,1% al término del presente año y que en los meses siguientes se observarían registros inflacionarios anuales en torno a esa cifra. Hace notar que en el último IPoM del mes de septiembre se proyectó una inflación anual de 2,5% y que la diferencia respecto al 2,1% antedicho obedece en parte a la caída en los precios de los seguros asociados a los créditos hipotecarios que se licitaron recientemente, lo cual es considerado por el INE como una reducción de los gastos financieros."
RPM-2012-10-18:5149:1,RPM-2012-10-18,2012-10-18,2012,Felipe Larraín Bascuñán,Ministro de Hacienda,ministro_hacienda,escenario_internacional,escenario_internacional,96,False,,"El señor Felipe Larraín expresa que en este escenario, se sugiere mantener la tasa de política monetaria en su nivel actual y validar así las expectativas del mercado. Manifiesta que en opinión del Ministerio de Hacienda, la economía chilena ha mostrado signos de resiliencia, pero que no se puede soslayar el efecto de la recesión europea y la desaceleración de los mercados emergentes, así como la incertidumbre que aún persiste. En este contexto, se estima necesario mantener la pausa para continuar acumulando información acerca de la evolución económica internacional y su impacto sobre la economía nacional."
RPM-2012-10-18:5159:3,RPM-2012-10-18,2012-10-18,2012,Consejo del Banco Central de Chile,Consejo,consejo_entidad,acuerdo_comunicado,acuerdo_comunicado,333,False,,"Conforme a la votación unánime efectuada por los señores Consejeros, el Consejo adoptó el siguiente Acuerdo: 191-01-121018 - Tasa de Política Monetaria En su reunión mensual de política monetaria, el Consejo del Banco Central de Chile acordó mantener la Tasa de Interés de Política Monetaria en 5% anual. Al concluir la Reunión, se procede a dar lectura al texto del Comunicado, que es del siguiente tenor: Comunicado “En su reunión mensual de política monetaria, el Consejo del Banco Central de Chile acordó mantener la tasa de interés de política monetaria en 5% anual. En el ámbito externo, las condiciones financieras globales han mejorado y las tensiones financieras en la Eurozona, si bien se mantienen elevadas, han bajado en respuesta a los anuncios que han hecho sus autoridades. Sin embargo, continúa la incertidumbre sobre la implementación de esas medidas, y no se puede descartar que vuelvan a recrudecer las tensiones en los próximos meses. La información reciente está en línea con la proyección de lento crecimiento en las economías desarrolladas y con la desaceleración en las principales economías emergentes señalada en el último IPoM. Frente a ello, algunos bancos centrales han tomado medidas adicionales de estímulo monetario. En Estados Unidos se inició la implementación del denominado QE3. El dólar se ha depreciado en los mercados internacionales y los precios de combustibles y alimentos han disminuido. En el plano local, los indicadores de actividad han evolucionado en torno a tasas de tendencia y se observa un mayor dinamismo del consumo privado. El mercado del trabajo sigue ajustado y tanto la inflación anual del IPC como las medidas de inflación subyacente se mantienen bajo 3%. Las expectativas inflacionarias en el horizonte de política permanecen en torno a la meta. El Consejo reafirma su compromiso de conducir la política monetaria con flexibilidad, de manera que la inflación proyectada se ubique en 3% en el horizonte de política. Cambios futuros en la TPM dependerán de las implicancias de las condiciones macroeconómicas internas y externas sobre las perspectivas inflacionarias.”"
RPM-2012-11-13:5166:1,RPM-2012-11-13,2012-11-13,2012,Manuel Marfán Lewis,Vicepresidente del Banco Central,consejo_votante,mercado_laboral,mercado_laboral,86,False,,"El Vicepresidente señor Manuel Marfán solicita incluir a Chile en este análisis comparativo de economías latinoamericanas, lo que se incorporará a contar de la próxima Reunión. Al concluir su análisis comparativo de las principales economías latinoamericanas, manifiesta que las colocaciones se desaceleran en Brasil, Colombia, México y Perú, mientras que Chile exhibe un patrón similar en este ámbito. Añade que la confianza de los consumidores se ubica en el área optimista y que las tasas de desempleo dan cuenta de mercados laborales relativamente estrechos. A continuación,"
RPM-2012-11-13:5168:1,RPM-2012-11-13,2012-11-13,2012,Manuel Marfán Lewis,Vicepresidente del Banco Central,consejo_votante,debate,debate,33,False,,"El Vicepresidente observa que Chile pasa del rango amarillo a naranjo en el cuarto trimestre del año en curso, por lo que conforme a ese gráfico comenzará a crecer por sobre su tendencia."
RPM-2012-11-13:5175:1,RPM-2012-11-13,2012-11-13,2012,Sebastián Claro Edwards,Consejero,consejo_votante,escenario_internacional,escenario_internacional,133,False,,"El Consejero señor Sebastián Claro se refiere en primer lugar a la situación por la que atraviesa Europa, advirtiendo la probabilidad de un resurgimiento de las tensiones en esa región, atendido que las últimas cifras de Alemania darían cuenta de una incipiente recesión en esa economía. En segundo término, solicita que se profundice acerca del mensaje de fondo en cuanto a China y el precio de los commodities, atendido que las últimas cifras dan cuenta de un grado de recuperación de esa economía como resultado de las políticas expansivas implantadas por sus autoridades, lo que contrasta con el retroceso que exhiben dichos precios. Por último, hace referencia a la contradicción que se observa hoy entre los niveles de inflación que exhiben los países desarrollados y la magnitud de sus brechas, cercanas a 10%."
RPM-2012-11-13:5217:1,RPM-2012-11-13,2012-11-13,2012,Enrique Marshall Rivera,Consejero,consejo_votante,acuerdo_comunicado,acuerdo_comunicado,650,False,,"El Consejero señor Enrique Marshall inicia su intervención agradeciendo al staff por el apoyo proporcionado en esta Reunión de Política Monetaria y manifiesta que aun cuando las noticias acumuladas en el último mes no han estado exentas de novedades, no cambian sustancialmente el panorama. Hace presente que la preocupación que ronda en los mercados financieros ha adquirido mayor intensidad en el último tiempo, debido, entre otros factores, al riesgo de un ajuste fiscal severo en Estados Unidos de América si no se producen los acuerdos políticos necesarios para evitarlo, como asimismo, a la continua dilación en la búsqueda de soluciones más permanentes a la crisis financiera de Europa. En materia de actividad, expresa que se mantiene la visión sobre un lento crecimiento en los países desarrollados, pero que ello se ve matizado por indicaciones acerca de que la desaceleración en China se habría detenido. Con todo, evaluado en su conjunto, el escenario externo sigue presentando riesgos significativos y que es por ello que no sorprende que los precios de las materias primas hayan tendido a bajar en el último mes. En lo concerniente al frente interno, destaca que la actividad continúa mostrando un crecimiento por sobre su ritmo de tendencia, y que la demanda mantiene también un elevado dinamismo y sigue observando un crecimiento por sobre el del PIB, con el consiguiente efecto sobre la posición de la cuenta corriente de la balanza de pagos. A su juicio, el comportamiento de la demanda encuentra apoyo en la evolución del empleo, las remuneraciones y las expectativas de consumidores y empresarios, los que siguen exhibiendo bastante fortaleza. Sostiene que todo ello ha llevado a que las proyecciones de crecimiento de los analistas privados se ajusten al alza para este año. Hace notar que donde sí se observa moderación es en el comportamiento de los agregados de crédito, lo que parece responder a la aplicación de estándares y políticas algo más restrictivas por parte de los bancos. Asimismo, resalta que la inflación de corto plazo sigue observando bastante variabilidad. En este sentido, comenta que si bien la cifra del último mes resultó sorpresivamente alta, los registros anuales permanecen dentro de rangos acotados. Agrega que llama la atención que un cuadro de brechas tan cerradas no se haya traducido hasta ahora en presiones inflacionarias. Asimismo, indica que el elevado dinamismo de la demanda ha encontrado canalización por el lado de las importaciones, sin comprometer la trayectoria inflacionaria. Con todo, manifiesta que las cifras más recientes llevan a pensar que se ha reducido la probabilidad de observar registros anuales muy bajos por tiempo prolongado. Sin perjuicio de lo anterior, estima que el panorama inflacionario sigue presentando riesgos relevantes en el mediano plazo, teniendo presente que la economía ha seguido exhibiendo un crecimiento por sobre su ritmo de tendencia. Señala que el mercado reconoce lo anterior y mantiene expectativas alrededor de la meta para el mediano plazo, y que para la Tasa de Política Monetaria sigue proyectando una trayectoria bastante plana por tiempo prolongado. El Consejero señor Enrique Marshall manifiesta que con estos antecedentes, la opción que vuelve a predominar ampliamente es la de mantener la tasa rectora y que, en tal sentido, coincide con lo planteado en la minuta de la Gerencia de División Estudios. En su opinión, como la Tasa de Política Monetaria se ubica en una posición que se debe considerar como neutral y el balance de riesgos se mantiene equilibrado, resulta difícil plantear una opción distinta de la ya mencionada. Destaca que un antecedente importante que refuerza la opción indicada es el comportamiento del sistema bancario, que si bien ha seguido brindando apoyo al crecimiento de la economía, parece haber introducido elementos de prudencia en sus decisiones de crédito. En virtud de lo expuesto, expresa que su voto es por mantener la Tasa de Política Monetaria en su actual nivel de 5% anual y no introducir cambios en el tenor del Comunicado."
RPM-2012-12-13:5237:1,RPM-2012-12-13,2012-12-13,2012,Sebastián Claro Edwards,Consejero,consejo_votante,mercados_financieros,mercados_financieros,187,False,,"El Consejero señor Sebastián Claro considera que el anuncio de la Reserva Federal del día de ayer reafirma los temores que se han venido expresando en las últimas Reuniones de Política Monetaria sobre las dificultades que enfrenta la recuperación de la economía norteamericana, que conforme a lo proyectado tardaría algunos años y cuyas medidas conducirán inevitablemente a una depreciación del dólar estadounidense. A su juicio, ello nos sitúa en la disyuntiva en términos de cuál es la evolución del tipo de cambio nominal que sea coherente con el objetivo de inflación que se ha impuesto el Consejo. En segundo término, expresa que en la medida que las dificultades que enfrenta la recuperación de la economía de Estados Unidos de América y de Europa coincidan con precios elevados de los commodities, se observará una presión significativa sobre el tipo de cambio real con la consiguiente ampliación del déficit de cuenta corriente. En opinión del Consejero señor Sebastián Claro, ambos temas ameritan ser destacados frente al anuncio de la Reserva Federal del día de ayer, porque imponen un desafío al Banco y a las políticas públicas en distintas dimensiones."
RPM-2013-01-17:5306:1,RPM-2013-01-17,2013-01-17,2013,Rodrigo Vergara Montes,Presidente del Banco Central,consejo_votante,inflacion,inflacion,117,False,,"El Presidente señor Rodrigo Vergara manifiesta también su preocupación por el tema inflacionario. Sobre el particular, menciona especialmente el hecho que la proyección de la inflación subyacente, sin alimentos y energía, haya disminuido desde 1,5% a 1% y que permanezca en ese nivel por lo menos hasta el mes de julio del año en curso. En su opinión, este tema requiere particular atención del Banco. Por otra parte, destaca el crecimiento significativo que ha exhibido la inversión, si bien esta se moderaría levemente durante la primera parte del año 2013 por las postergaciones de algunos proyectos por concepto de costos y temas regulatorios. Al efecto, consulta si la referida proyección considera también la desaceleración del sector construcción."
RPM-2013-02-14:5336:1,RPM-2013-02-14,2013-02-14,2013,Luis Óscar Herrera Barriga,Gerente de División Estudios,staff_tecnico,debate,debate,19,False,,El Gerente de División Estudios señor Luís Óscar Herrera informa que alcanza una cifra cercana a los US$1.500 millones.
RPM-2013-02-14:5349:1,RPM-2013-02-14,2013-02-14,2013,Sergio Lehmann Beresi,Gerente de Análisis Internacional,staff_tecnico,acuerdo_comunicado,acuerdo_comunicado,93,False,,"El señor Sergio Lehmann retoma su exposición indicando que en materia de inflación, los movimientos han sido mixtos. Destaca particularmente el aumento de la inflación en Brasil, que registra una trayectoria al alza desde mediados del año 2012, explicada en parte por el alza cercana a 10% de los alimentos en lo más reciente. Plantea que ello ha sido un tema de especial preocupación de sus autoridades, quienes han aplicado algunas medidas para contenerla, tales como la rebaja de impuestos a los alimentos y una mayor tolerancia a la apreciación de su moneda."
RPM-2013-02-14:5385:1,RPM-2013-02-14,2013-02-14,2013,Luis Óscar Herrera Barriga,Gerente de División Estudios,staff_tecnico,debate,debate,34,False,,"El Gerente de División Estudios señor Luis Óscar Herrera concluye su exposición manifestando que conforme a las consideraciones expuestas, esa Gerencia propone al Consejo mantener la Tasa de Política Monetaria en su nivel actual."
RPM-2013-03-14:5443:1,RPM-2013-03-14,2013-03-14,2013,Felipe Larraín Bascuñán,Ministro de Hacienda,ministro_hacienda,escenario_internacional,escenario_internacional,88,False,,"El Ministro de Hacienda señor Felipe Larraín manifiesta que en este escenario parece prudente mantener la tasa de política monetaria en su nivel actual, validando las expectativas del mercado. Señala que si bien Chile ha mostrado robustez frente a los eventos de la economía, no es inmune a ellos y que además persisten aún varios elementos de incertidumbre tanto en las economías desarrolladas como emergentes, por lo que en su opinión, es necesario seguir observando detalladamente la evolución económica internacional y sus posibles consecuencias para la economía chilena."
RPM-2013-04-11:5465:1,RPM-2013-04-11,2013-04-11,2013,Manuel Marfán Lewis,Vicepresidente del Banco Central,consejo_votante,escenario_internacional,escenario_internacional,193,False,,"El Vicepresidente señor Manuel Marfán se refiere a las medidas adoptadas por la Reserva Federal y Banco Central Europeo desde que se inició la crisis, que no solo han consistido en recortes de la TPM, sino que también en medidas de carácter cuantitativo para efectos de reactivar la economía. Indica que ahora se ha sumado Japón, que pretende duplicar su base monetaria en un plazo de dos años. Señala que el efecto macroeconómico de estas medidas, que califica de audaces, no se desprende de este gráfico. En su opinión, se debería poder determinar claramente cuál es el impulso que generan desde un punto de vista macroeconómico, en una forma cuantitativamente correcta. A título ejemplar, plantea que en el caso de Estados Unidos de América, sería conveniente contar con un gráfico que dé cuenta de los distintos efectos cuantitativos de las políticas que ha adoptado, lo mismo que en el caso de Europa. Por último, plantea la conveniencia de contar con un gráfico que exhiba algún agregado monetario y las proyecciones correspondientes, en razón de que la política monetaria que se está implementando y su mecanismo de transmisión buscan influir en los agregados monetarios."
RPM-2013-04-11:5494:1,RPM-2013-04-11,2013-04-11,2013,Rodrigo Vergara Montes,Presidente del Banco Central,consejo_votante,debate,debate,30,False,,El Presidente señor Rodrigo Vergara pregunta sobre los motivos que han llevado a las AFP a vender más de US$1.000 millones en el mercado spot en los últimos cuatro días.
RPM-2013-05-16:5525:1,RPM-2013-05-16,2013-05-16,2013,Sebastián Claro Edwards,Consejero,consejo_votante,mercados_financieros,mercados_financieros,31,False,,"El Consejero señor Sebastián Claro consulta por las expectativas de tasas de interés en Estados Unidos de América, ya que el precio de los bonos estaría sugiriendo un aumento de ellas."
RPM-2013-05-16:5548:2,RPM-2013-05-16,2013-05-16,2013,Rodrigo Vergara Montes,Presidente del Banco Central,consejo_votante,opciones_tpm,opciones_tpm,36,False,,"Al no formularse otros comentarios, siendo la 13:25 horas, el Presidente señor Rodrigo Vergara suspende la presente Reunión y deja constancia que ella se reiniciará a las 15:30 horas para tratar las opciones de política monetaria."
RPM-2013-05-16:5556:1,RPM-2013-05-16,2013-05-16,2013,Felipe Larraín Bascuñán,Ministro de Hacienda,ministro_hacienda,acuerdo_comunicado,acuerdo_comunicado,1034,False,,"El señor Felipe Larraín inicia su exposición señalando que el escenario económico internacional no presenta grandes cambios en los países desarrollados, pero se ha observado una desaceleración en las economías emergentes, lo que ha llevado a una corrección de precios de los commodities, con las consiguientes repercusiones que podría tener, en particular, en las economías exportadoras de estos productos. En lo concerniente a la Zona Euro, hace notar que reportó la sexta caída trimestral consecutiva del producto, en un contexto de elevado desempleo, en especial, en las economías con mayores dificultades fiscales. Destaca que Estados Unidos de América ha mostrado indicadores que dan indicios de mejora, pese a la debilidad de la situación económica; que Japón ya comenzó a ejecutar su programa que busca duplicar la base monetaria hacia fines del año 2014 con el fin de estimular la actividad económica; y que en China, los datos sectoriales del mes de abril dan cuenta de que se mantendrá un ritmo de crecimiento similar al del primer trimestre, y que la inflación permanece bajo control. Hace presente que en este escenario, el Fondo Monetario Internacional rebajó en el mes de abril su proyección de crecimiento en el año 2013 para el mundo a 3,3%, desde el 3,5% de enero; y que, de igual forma, disminuyó la proyección de crecimiento para los mercados emergentes desde 5,5% a 5,3%. Acota que los precios de commodities han registrado descensos desde sus niveles del trimestre anterior en vista de las menores perspectivas de demanda. En este contexto, resalta que no solo el Banco Central Europeo y otros países fuertemente afectados por la crisis en Europa, como el Reino Unido, República Checa, Hungría y Polonia, han rebajado recientemente sus tasas de política monetaria, sino que también lo han hecho países como México, Colombia, Turquía, Australia, Corea e India. En lo atinente al ámbito interno, el Ministro de Hacienda menciona que la actividad económica se desaceleró significativamente en el mes de marzo, alcanzando una expansión de solo 3,1%, inferior a las expectativas del mercado y al 3,8% del mes anterior. Al respecto, hace el alcance que en el mes de marzo hubo dos días hábiles menos, lo que era conocido y, por lo tanto, no se puede atribuir a ello la diferencia frente al 4,5% esperado por el mercado. Plantea que, preliminarmente, lo expresado implicaría un crecimiento de 4,4% en el primer trimestre de este año y una importante desaceleración desde el 5,7% del trimestre anterior. Agrega que el segundo trimestre se iniciará con una cifra del mes de abril influida por los eventos asociados al paro portuario, donde también incidirán los dos días hábiles más de dicho mes. Asimismo, plantea que el consumo sigue creciendo, sostenido por la creación de empleo y el aumento de los salarios reales, y que en el mes de marzo, las ventas del comercio minorista subieron 10,2% en doce meses. Con todo, expresa que desde mediados del año 2012 se observa una tendencia a la desaceleración de las colocaciones bancarias, fundamentalmente por una moderación de los créditos comerciales y de consumo y, en menor medida, por los créditos hipotecarios. En cambio, se aprecian con mayor claridad síntomas de una desaceleración de la inversión. En este sentido, indica que de acuerdo con el último Catastro de la Corporación de Bienes de Capital, la inversión proyectada en el año 2013 pasa a US$20.361 millones, desde los US$22.609 millones del catastro anterior, y que las importaciones de bienes de capital crecieron 20,4% durante el primer trimestre, tras el 33,1% del cuarto trimestre de 2012. En su opinión, estos antecedentes son concordantes con una moderación del ritmo de crecimiento de la demanda interna durante el primer trimestre de este año. El señor Felipe Larraín manifiesta que el sector externo chileno sigue afectado por la situación internacional. Sobre este aspecto, señala que durante el primer trimestre, el valor de las exportaciones de bienes a la Unión Europea decreció 4,7% anual, cifra muy similar a la caída de 4,8% registrada en el cuarto trimestre de 2012; y que, además, las exportaciones a China disminuyeron 0,7% en el primer trimestre, tras un aumento de 1% en el trimestre anterior. En materia de inflación, se registró una variación mensual de -0,5% en abril, llegando a 1% en doce meses, y que en el resultado del mes destacó la disminución de los precios de la electricidad y de la gasolina. Señala que la inflación subyacente también se mantiene acotada, ya que el IPCX y el IPCX1 se encuentran en niveles de 1,2% y 1,6%, respectivamente, lo que refleja que ello no se debe solo a factores puntuales transitorios, sino que a una moderación generalizada de precios. Añade que las expectativas de inflación apuntan a que este indicador se ubicaría en 2,5% a fines del presente año y anclado en 3% hacia fines de 2014, de acuerdo a la última Encuesta de Expectativas Económicas del Banco Central de Chile. A su juicio, los datos muestran que se configura un escenario en donde la fortaleza de la demanda interna, que anteriormente contrarrestaba la debilidad de la demanda externa, se desacelera, en un contexto en que no se vislumbra un mejoramiento de la situación internacional, lo que debiera mantener la debilidad del sector exportador. El Ministro de Hacienda señor Felipe Larraín acota que de acuerdo con la Tabla 4 que se contiene en los antecedentes proporcionados para la presente Reunión de Política Monetaria, al mes de octubre de este año se proyecta una inflación en doce meses de 1,9%, inferior al rango del Banco Central de Chile, lo que se suma a una moderación significativa de la demanda interna desde las proyecciones del primer trimestre hacia las proyecciones de los meses siguientes. En su opinión, en este escenario se configuran claramente las condiciones para comenzar un nuevo ciclo de reducción de la Tasa de Política Monetaria, atendido que los riesgos que apuntan a un menor dinamismo se han intensificado pese a la resiliencia que ha mostrado la economía chilena. Además, la inflación se encuentra bajo el rango de política monetaria y con ello se contribuiría a frenar las presiones a la apreciación cambiaria, incentivando al sector exportador y permitiendo contrarrestar los efectos de una menor demanda agregada."
RPM-2013-06-13:5612:1,RPM-2013-06-13,2013-06-13,2013,Matías Bernier Bórquez,Gerente de Mercados Nacionales,staff_tecnico,inflacion,inflacion,85,False,,"El Gerente de Mercados Nacionales señor Matías Bernier hace notar la divergencia entre las proyecciones del mercado y del Banco en materia de inflación y crecimiento. En efecto, precisa que el mercado espera un registro de inflación anual menor que el proyectado por el Banco y un crecimiento de la economía superior a las estimaciones internas. Por lo expuesto, advierte sobre la posibilidad de que el Banco tenga un escenario algo distinto del mercado, como ha ocurrido en otras oportunidades en cuanto a diferentes variables."
RPM-2013-06-13:5620:1,RPM-2013-06-13,2013-06-13,2013,Rodrigo Vergara Montes,Presidente del Banco Central,consejo_votante,debate,debate,25,False,,"El Presidente señor Rodrigo Vergara agradece la exposición del Gerente de División Estudios señor Luis Óscar Herrera y, a continuación, ofrece la palabra para comentarios."
RPM-2013-06-13:5630:1,RPM-2013-06-13,2013-06-13,2013,Enrique Marshall Rivera,Consejero,consejo_votante,acuerdo_comunicado,acuerdo_comunicado,802,False,,"El Consejero señor Enrique Marshall inicia su intervención agradeciendo al staff por el apoyo proporcionado para esta Reunión de Política Monetaria. Expresa que el escenario externo presenta señales mixtas. En efecto, las condiciones financieras muestran un deterioro, lo que se relaciona en parte con la inquietud que genera el inicio del retiro del estímulo monetario aplicado en Estados Unidos de América. En materia de crecimiento, se reafirman las mejores perspectivas para Estados Unidos de América y Japón, sin embargo, Europa sigue en recesión y las economías emergentes, con variantes, continúan entregando señales de desaceleración. Además, los precios de las materias primas permanecen afectados por presiones más bien bajistas, y las monedas de las economías emergentes se han consolidado en niveles más depreciados que los observados meses atrás. Con todo, estima que los movimientos que se han observado deben ser interpretados como avances en la dirección de un crecimiento más equilibrado entre las distintas regiones del mundo y de mercados financieros con precios más normales, lo que tiene una connotación en general positiva. En lo atinente al frente interno, se extienden las señales de moderación o normalización del crecimiento. Al respecto, consigna que el último IMACEC resultó relativamente bajo, con lo cual se han acumulado varios registros con ese mismo sello en los últimos meses. Además, destaca que este comportamiento de la actividad ha afectado tanto a sectores relacionados con recursos naturales como al resto de los sectores. Hace notar que por el lado de la demanda también se observan señales de moderación, aunque estas son más claras en el componente inversión que en el de consumo. Este último se mantiene todavía bastante robusto, respondiendo a las buenas condiciones del mercado laboral y al alto nivel en el que permanecen las expectativas de los consumidores, a lo que se agrega que el nivel de endeudamiento de las personas no constituye actualmente un factor restrictivo para efectos del gasto de los hogares. El Consejero señor Enrique Marshall manifiesta que las condiciones financieras internas permanecen bastante estables y que la evolución del crédito sigue marcada por un comportamiento prudente de oferentes y demandantes, con tasas de variación que se ajustan a la baja. Añade que la inflación continúa mostrando registros anuales bastante reducidos y perspectivas de una gradual normalización. Con todo, las expectativas de inflación permanecen en torno al 3% en el horizonte de política monetaria. Plantea, además, que las expectativas para la TPM han comenzado a incorporar rebajas de tasa en el curso de los próximos meses, lo que ha encontrado sustento no solo en los datos que se han conocido, sino también en las señales entregadas por el Banco Central de Chile. El Consejero señor Enrique Marshall expresa que conforme a los antecedentes descritos, las opciones que surgen con mayor nitidez son las de mantener o bajar la TPM en 25 puntos base, y que en tal sentido, coincide con la minuta de la Gerencia de División Estudios. A su juicio, la TPM se mantiene en niveles relativamente altos comparados con los prevalecientes en economías desarrolladas y, además, se presentan diferenciales de crecimiento y de tasas largas que comienzan a reducirse, por lo que parece razonable evaluar la posibilidad de introducir un ajuste en la TPM, como el sugerido por las expectativas del mercado. Plantea que la pregunta relevante es cuándo se debe iniciar este proceso y que en esa perspectiva se sitúan las dos opciones de política que se plantean en esta oportunidad. En su opinión, la opción de mantener la tasa rectora permite acumular más antecedentes, de manera que de confirmarse las tendencias que se están observando, se procedería sobre bases más firmes y además presenta la ventaja de darle al mercado un mayor tiempo para que asimile e internalice los cambios sugeridos. Si se opta por recortar la TPM en esta Reunión, existe algún riesgo de que el mercado no procese adecuadamente esta decisión, considerando que todavía espera mayoritariamente que se mantenga dicha Tasa. Agrega que en pocas semanas se divulgará el próximo IPoM de junio, lo que servirá para entregar una visión más completa sobre la evolución de la economía y la orientación de la política monetaria y, por lo tanto, lo más recomendable en este contexto es esperar hasta la presentación de ese Informe. En todo caso, estima que en el Comunicado del día de hoy debería aludirse a este tema con motivo de una decisión que parece cada vez más cercana. Antes de concluir su intervención, expresa que un recorte en la TPM facilitará el necesario ajuste que requiere la economía, siempre que no sea seguido por acciones de estímulo adicionales en otros frentes de la política macroeconómica. En virtud de lo expuesto, el Consejero señor Enrique Marshall manifiesta que su voto es por mantener la Tasa de Política Monetaria en su actual nivel de 5% anual."
RPM-2013-06-13:5631:1,RPM-2013-06-13,2013-06-13,2013,Rodrigo Vergara Montes,Presidente del Banco Central,consejo_votante,debate,debate,25,False,,"El Presidente señor Rodrigo Vergara agradece lo expresado por el Consejero señor Enrique Marshall y, a continuación, concede la palabra al Vicepresidente señor Manuel Marfán."
RPM-2013-06-13:5635:1,RPM-2013-06-13,2013-06-13,2013,Consejo del Banco Central de Chile,Consejo,consejo_entidad,acuerdo_comunicado,apertura_cierre,15,False,,El Consejo aprueba el texto del Comunicado. Se levanta la Sesión a las 17:05 horas.
RPM-2013-07-11:5670:1,RPM-2013-07-11,2013-07-11,2013,Manuel Marfán Lewis,Vicepresidente del Banco Central,consejo_votante,actividad_interna,actividad_interna,32,False,,"El Vicepresidente señor Manuel Marfán observa que para el segundo trimestre del presente año, algunos componentes del PIB Resto se mantienen o aumentan, pero que a su vez, el promedio se reduce."
RPM-2013-07-11:5699:3,RPM-2013-07-11,2013-07-11,2013,Consejo del Banco Central de Chile,Consejo,consejo_entidad,acuerdo_comunicado,acuerdo_comunicado,365,False,,"Conforme a la votación unánime efectuada por los señores Consejeros, el Consejo adoptó el siguiente Acuerdo: N° 200-01-130711 - Tasa de Política Monetaria En su reunión mensual de política monetaria, el Consejo del Banco Central de Chile acordó mantener la Tasa de Interés de Política Monetaria en 5% anual. Al concluir la Reunión, se procede a dar lectura al texto del Comunicado, que es del siguiente tenor: Comunicado “En su reunión mensual de política monetaria, el Consejo del Banco Central de Chile acordó mantener la tasa de interés de política monetaria en 5% anual. En el ámbito externo, las condiciones financieras globales se tornaron más restrictivas, en especial para las economías emergentes, principalmente ante señales de un retiro más temprano del estímulo monetario en Estados Unidos. Los antecedentes recientes para esta economía son positivos y anticipan su recuperación gradual. Se mantiene la recesión de la Eurozona, mientras que las perspectivas de crecimiento para China siguen ajustándose a la baja, al igual que en otras economías emergentes. Los precios de alimentos y metales, incluido el cobre, retrocedieron en las últimas semanas, en tanto que los de los combustibles aumentaron. El dólar se apreció en forma generalizada en los mercados internacionales. En el plano local, los antecedentes recientes muestran que continúa la desaceleración gradual de la actividad y de la demanda interna, especialmente de la inversión. El mercado del trabajo sigue ajustado. El consumo se mantiene dinámico, pero la evolución de las condiciones crediticias y las encuestas de confianza anticipan un menor impulso de esta variable. La inflación total se acercó al rango de tolerancia, de acuerdo a lo previsto, mientras que las medidas subyacentes continúan en valores cercanos a 1% anual. Las expectativas inflacionarias permanecen en torno a la meta en el horizonte de política. La consolidación de las tendencias delineadas en el último IPoM podría requerir de ajustes en la Tasa de Política Monetaria en los próximos meses. El Consejo reafirma su compromiso de conducir la política monetaria con flexibilidad, de manera que la inflación proyectada se ubique en 3% en el horizonte de política. Cambios futuros en la TPM dependerán de las implicancias de las condiciones macroeconómicas internas y externas sobre las perspectivas inflacionarias.”"
RPM-2013-08-13:5703:1,RPM-2013-08-13,2013-08-13,2013,Sergio Lehmann Beresi,Gerente de Análisis Internacional,staff_tecnico,mercados_financieros,mercados_financieros,1186,True,NOMBRE_PROPIO_POR_COTEJAR,"El señor Sergio Lehmann inicia su intervención refiriéndose a las principales noticias que han tenido efectos en el plano económico desde la Reunión de Política Monetaria, RPM, precedente. En primer término, indica que en Estados Unidos de América, el señor Lawrence Summers y la señora Janet Yellen figuran como los postulantes favoritos para asumir la presidencia de la Reserva Federal, FED; y que entre ellos, la señora Yellen contaría con el apoyo de varios congresistas, fundamentalmente demócratas, mientras que al señor Summers lo respaldaría el Presidente señor Barack Obama. Agrega que las primeras propuestas en materia fiscal en dicho país se enfocan en una discusión compleja prevista para el mes de septiembre en lo concerniente al techo de la deuda y al presupuesto público; y que, por otra parte, la ciudad de Detroit se declaró en bancarrota y busca reestructurar una deuda ascendente a US$20 billones. En lo atinente a la Zona Euro, destaca la disminución de la tensión política en Portugal y España; que el Fondo Monetario Internacional, FMI, y el Fondo de Estabilización Europeo, EFSF, aprobaron el desembolso del tercer tramo de ayuda a Grecia; que el FMI ha planteado que el Banco Central Europeo podría verse en la necesidad de recortar las tasas de interés y proporcionar ayuda financiera para alentar el crecimiento del bloque monetario; y, por último, que la Canciller alemana señora Angela Merkel ha desestimado la posibilidad de un alza de impuestos en caso de ser reelegida en el mes de septiembre próximo. En cuanto a Japón, señala que la coalición de gobierno se impuso en las elecciones parlamentarias de la Cámara Alta y que con ello, el Primer Ministro señor Shinzo Abe podrá continuar con el programa de estímulo económico de ese país. Hace presente que en China, las autoridades han dado señales que apuntan a un crecimiento no inferior a 7% para este año, generando reacciones positivas en el mercado. Añade que en Italia, la Corte Suprema ratificó la condena penal impuesta al ex Primer Ministro señor Silvio Berlusconi por fraude fiscal, lo que podría debilitar a la coalición de gobierno y generar tensiones. A título de última noticia relevante en esta materia, comenta que en México, el Presidente señor Enrique Peña Nieto anunció reformas estructurales en los sectores petróleo, gas y electricidad, que permitirían la participación de privados. A continuación, el señor Sergio Lehmann menciona los hechos destacados en materia de mercados financieros. En primer término, indica que las condiciones financieras internacionales mostraron leves mejoras, ya que los índices de las bolsas de valores han aumentado y los premios por riesgo han caído levemente. Asimismo, consigna que las tasas de interés de largo plazo en Estados Unidos de América han mostrado relativa estabilidad, anticipando una próxima disminución en el ritmo de compra de activos por parte de la FED, que se iniciaría en el próximo mes de septiembre. Además, el dólar estadounidense se depreció levemente frente a las monedas de otras economías desarrolladas. Por otra parte, señala que el Banco Popular de China inyectó liquidez al sistema financiero a través de operaciones repos, que constituyen las primeras de este tipo desde el mes de febrero último, reflejando cierta preocupación por evitar una disrupción y reestimular la economía de ese país. / - Además, menciona que se ha moderado la salida de capitales desde economías emergentes, mientras que en las desarrolladas continúan los ingresos de ellos. Indica que esta información presenta un rezago de diez días aproximadamente, pero que sobre la base de lo reflejado en las bolsas de valores en los últimos días, particularmente en las economías emergentes, es posible confirmar que se ha registrado un retorno de los flujos de capitales. En materia de política monetaria, destaca el predominio de las decisiones de mantener las tasas rectoras, lideradas por la FED, el Banco Central Europeo, el Banco de Inglaterra y el Banco de Canadá, mientras que el Banco de la Reserva de Australia la redujo en 25 puntos base. Por último, consigna que Perú, Brasil y Turquía volvieron a aplicar medidas tendientes a contener la depreciación de sus monedas. A continuación, el señor Sergio Lehmann exhibe el heat map financiero que se contiene en la lámina N° 5 de la presentación, que permite visualizar el comportamiento de los mercados financieros en materia bursátil; volatilidad; spreads corporativos; spreads soberanos; CDS spreads y condiciones financieras respecto del promedio correspondiente al período comprendido entre el mes de abril de 2004 y el mes de agosto del año en curso. Sobre el particular, resalta un ligero avance en las condiciones financieras, particularmente en Estados Unidos de América; la caída que exhiben los CDS en las economías desarrollas, de Europa periférica y Brasil; como asimismo, la estabilidad de los premios por riesgo en Australia y Nueva Zelanda. En materia de volatilidades, destaca su disminución en las bolsas de valores, particularmente, en las economías emergentes; caídas más moderadas en las bolsas estadounidenses, pero manteniéndose en niveles relativamente bajos en términos históricos. Hace notar, además, la reducción de los spreads corporativos en Estados Unidos de América, así como el incremento de los premios soberanos en América Latina y la relativa estabilidad en las economías emergentes. Menciona, asimismo, el alza experimentada por la mayoría de los centros bursátiles, en especial, en Perú, Colombia y Brasil, en cambio, la bolsa de valores chilena, si bien registró un aumento en el mes de julio último, fue menor que en el resto de los países latinoamericanos. Por su parte, las bolsas de valores estadounidenses tuvieron un rendimiento acotado en el mes pasado, pero acumulan un alza significativa en el transcurso del año. A continuación, el señor Sergio Lehmann hace referencia a la moderación del estímulo monetario por parte de la FED, cuyo inicio se espera para el mes de septiembre próximo, y para tal efecto exhibe los gráficos que se contienen en la lámina N° 9 de la presentación, que dan cuenta de la proyección del stock de activos de la FED como porcentaje del PIB, como también, los activos y exceso de reservas de las empresas bancarias. En primer término, señala que sobre la base de las cifras de los últimos meses y bajo el supuesto que la FED mantendría la compra de activos por montos similares a los actuales hasta el mes de septiembre de este año, los activos de ese Organismo alcanzarían al 23% del PIB en esa fecha. A partir de entonces y en el supuesto que tales compras se reducen a US$43 billones mensuales, el tamaño de sus activos continuaría incrementándose hasta alcanzar al 25% del PIB, alrededor de un año más. Posteriormente, a partir del último trimestre del próximo año, la FED suspendería la compra de activos, pero dado el crecimiento del PIB, se observaría una reducción gradual y lenta de ellos en términos de proporción del Producto Interno Bruto. / Por otra parte, indica que el gráfico de la lámina 9 titulado “FED: Activos y exceso de reservas”, da cuenta de que junto con la compra de activos por parte de la FED, se ha producido también un aumento en el exceso de reservas que mantienen las empresas bancarias estadounidenses."
RPM-2013-08-13:5714:1,RPM-2013-08-13,2013-08-13,2013,Enrique Marshall Rivera,Consejero,consejo_votante,escenario_internacional,escenario_internacional,240,False,,"El Consejero señor Enrique Marshall señala que basado en el buen análisis presentado por el Gerente de Análisis Internacional, se puede concluir que la economía mundial evoluciona positivamente y en este contexto, destaca la estabilización de los mercados financieros y un crecimiento más equilibrado. En su opinión, es preciso profundizar sobre las implicancias que se generan con motivo de la consolidación de la recuperación de la economía de Estados Unidos de América sobre las otras economías, ya que si bien algunas de ellas se verán beneficiadas, tales como México, Europa y particularmente Alemania, las exportadoras de materias primas podrían ser afectadas negativamente. Agrega que en Chile, los sectores ligados a commodities o a minería podrían sufrir ajustes, pero a su vez los sectores exportadores frutícolas y madereros podrían verse favorecidos. A su juicio, este escenario en que la economía de Estados Unidos de América se recupera y la de China, si bien crece a tasas menores que antaño, lo hace al 7,5%, constituye una situación razonable. Asimismo, destaca que la inflación no constituye un tema que genere preocupación en las distintas regiones y que por otra parte, persiste el predominio de las decisiones de mantener las tasas de política monetaria e incluso de reducirlas en algunos países. Por último, agrega que si bien las tasas de interés de largo plazo en las economías desarrolladas han subido, ellas no distan significativamente de los niveles observados en las épocas de mayor crecimiento."
RPM-2013-09-12:5758:1,RPM-2013-09-12,2013-09-12,2013,Sergio Lehmann Beresi,Gerente de Análisis Internacional,staff_tecnico,debate,debate,8,False,,El señor Sergio Lehmann responde en términos afirmativos.
RPM-2013-11-19:5864:1,RPM-2013-11-19,2013-11-19,2013,Joaquín Vial Ruiz-Tagle,Consejero,consejo_votante,escenario_internacional,escenario_internacional,364,False,,"El Consejero señor Joaquín Vial resalta la inexistencia de grandes novedades desde la última Reunión, sin perjuicio de lo cual destaca la moderación de la inflación, motivada por la caída de los precios de la energía y de los commodities. En China, en cambio, si bien no exhibe registros elevados, es notable el alza que han experimentado los precios de las viviendas. En materia de tasas de interés, indica que su lectura de las tasas largas en Estados Unidos de América es que alcanzaron un punto relativamente alto, que generó algún grado de preocupación, luego bajaron en tanto se advirtió que el tapering se alejaba; y, actualmente, se ubican muy cerca de ese punto más elevado, a pesar del discurso de la señora Janet Yellen. En su opinión, lo sorprendente es que, a pesar de los mensajes de moderación, las tasas de interés no hayan experimentado una disminución mayor y, por lo tanto, estarían marcando el inicio de la normalización de las tasas largas en dicho país, más allá de la decisión de la propia Reserva Federal. En lo concerniente a China, plantea la conveniencia de efectuar un seguimiento de las reformas anunciadas recientemente. En el corto plazo, en tanto, estima que la fuente de mayor preocupación radica en el alza que exhiben los precios de las viviendas y el riesgo de que pueda traducirse en una restricción crediticia en algún plazo no muy lejano, en especial, atendidas las proyecciones de crecimiento de esa economía para el próximo año. Por otra parte, destaca que los CDS de España hayan caído por debajo de los de Italia, lo que a su juicio, daría cuenta de una situación del sector real que puede ser de interés. Por último, plantea la conveniencia de analizar los escenarios de largo plazo cada cierto tiempo. En su opinión, el panorama económico se ha tornado algo menos auspicioso, lo cual es bienvenido, atendido que la economía mundial estaba creciendo a un ritmo que no era sostenible, reflejándose en alzas de precios de commodities muy significativas, y porque la convergencia no podía continuar materializándose a la velocidad que lo estaba haciendo, especialmente si el mundo desarrollado continuaba creciendo cerca de su potencial."
RPM-2013-11-19:5873:1,RPM-2013-11-19,2013-11-19,2013,Claudio Soto Gamboa,Gerente de Análisis Macroeconómico,staff_tecnico,acuerdo_comunicado,acuerdo_comunicado,538,False,,"El señor Claudio Soto prosigue con su presentación señalando que las velocidades de crecimiento de los sectores Resto durante este año han sido, en promedio, más bajas que las observadas el año pasado y que una situación similar exhiben las velocidades de la demanda final. De hecho, manifiesta que la economía se aceleró hacia el término del año pasado, pero experimentó una corrección importante desde comienzos del presente ejercicio. Añade que las tasas de crecimiento promedio del consumo han estado en torno a 6%, algo menores que las registradas el año 2012, pero sus velocidades son claramente más bajas, lo cual sugiere que en los meses venideros se observarán tasas de crecimiento que podrían ser algo inferiores a 5%. Asimismo, plantea que en el mes de septiembre, la actividad mostró una significativa contracción en el margen, sorprendiendo no solo al mercado sino que también a la proyección interna. En todo caso, hace la salvedad que la lectura del dato de dicho mes podría estar distorsionada por la influencia del factor desestacionalización y los ajustes de días hábiles, atendida la incorporación de los feriados irrenunciables en el último tiempo. En materia de expectativas, menciona que las correspondientes a las empresas se mantienen en terreno neutral, pero claramente por debajo de lo observado a comienzos de año; que el principal ajuste lo presenta el sector construcción y en menor grado el sector industria; y que el comercio tuvo un ajuste importante hace cuatro meses, pero en los últimos tres registros exhibe una cierta tendencia al alza. Por su parte, las expectativas de los consumidores se mantienen en niveles optimistas. Añade que la masa salarial todavía presenta tasas de crecimiento relativamente estables, pero en el margen se advierte un grado de desaceleración del empleo. Sobre este aspecto, plantea que el empleo asalariado exhibe signos de desaceleración en los últimos meses, mientras que el empleo por cuenta propia se estabiliza luego de haber experimentado un alza sostenida, lo cual sugiere que las tasas de crecimiento del empleo deberían tender a moderarse en los próximos meses. Los salarios, por su parte, presentan ciertas reducciones en sus tasas de crecimiento. En lo relativo a la inversión, señala que de acuerdo con el último catastro de la Corporación de Bienes de Capital, que corresponde al del mes de septiembre, la inversión en construcción y obras de ingeniería se revisó a la baja para este año y al alza por el período 2014-2015 con motivo de la postergación de algunos proyectos. Agrega que en el margen, los despachos de hormigón y cemento registraron una notoria desaceleración en el mes de octubre, luego de haber presentado un cierto rebote en los meses previos. El señor Claudio Soto manifiesta que las importaciones sorprendieron a la baja en el mes de octubre, debido a la significativa actualización de las cifras de LAN Airlines en materia de aviones y menores importaciones de maquinarias y equipos orientados a la minería y construcción. Puntualiza que algunos indicadores, tales como las ventas mayoristas ligadas a la inversión y la producción local orientada a la inversión, muestran una tendencia a la baja, mientras que las importaciones de maquinarias y equipos exhiben cierta estabilidad, lo cual anticipa bajas tasas de crecimiento en los próximos meses."
RPM-2013-12-12:5936:1,RPM-2013-12-12,2013-12-12,2013,Joaquín Vial Ruiz-Tagle,Consejero,consejo_votante,mercados_financieros,mercados_financieros,133,False,,"El Consejero señor Joaquín Vial manifiesta que el panorama interno se ajusta a lo esperado. En su opinión, si parte de la depreciación del peso se explica por un aumento de las salidas de inversionistas en NDF, ello debería reflejarse en mayores tasas de rendimiento de los bonos que se colocan en el exterior, por lo que plantea la conveniencia de efectuar un seguimiento más sistemático a estas variables. En lo atinente a los salarios de la construcción, hace notar que los trabajadores que intervienen en la etapa final del ciclo de edificación perciben remuneraciones mayores que aquellos que participan en sus etapas iniciales. En consecuencia, no sería adecuado sobredimensionar el repunte que exhiben los salarios en este sector, en el sentido que signifiquen presiones de demanda o generen otro tipo de efectos."
RPM-2013-12-12:5946:1,RPM-2013-12-12,2013-12-12,2013,Rodrigo Vergara Montes,Presidente del Banco Central,consejo_votante,debate,debate,25,False,,"El Presidente señor Rodrigo Vergara agradece la exposición del Gerente de División Estudios señor Luis Óscar Herrera y, a continuación, ofrece la palabra para comentarios."
RPM-2013-12-12:5963:1,RPM-2013-12-12,2013-12-12,2013,Consejo del Banco Central de Chile,Consejo,consejo_entidad,acuerdo_comunicado,apertura_cierre,15,False,,El Consejo aprueba el texto del Comunicado. Se levanta la Sesión a las 17:10 horas.
RPM-2014-01-16:5977:1,RPM-2014-01-16,2014-01-16,2014,Claudio Soto Gamboa,Gerente de Análisis Macroeconómico,staff_tecnico,mercados_financieros,mercados_financieros,1382,False,,"El Gerente de Análisis Macroeconómico señor Claudio Soto inicia su presentación refiriéndose a los hechos destacados del escenario interno. Hace presente que la actividad continúa exhibiendo signos de desaceleración, principalmente en los sectores Resto, y que la demanda interna no registra crecimiento, con incidencias negativas de la inversión. Precisa que la contracción de la inversión ha sido más significativa en la parte maquinarias, que corresponde a su componente más volátil; y que se modera la inversión en construcción, pero el dinamismo de las ventas de viviendas podría imprimir mayor vigor a este sector. Destaca que el consumo aún mantiene un notorio dinamismo; las expectativas de hogares siguen siendo optimistas; y la masa salarial continúa creciendo a tasas relativamente elevadas, aunque presenta una leve moderación en el margen. Agrega que las condiciones de financiamiento son algo más contractivas, pero la demanda se percibe más dinámica en algunos segmentos. Hace notar que las proyecciones internas para la actividad y la demanda se han corregido a la baja, de manera más relevante tratándose de los sectores Resto. En este sentido, destaca que los Imacec de los próximos dos meses se situarían en torno al 3%. Los salarios nominales exhiben una gradual moderación en su ritmo de expansión anual; y el tipo de cambio, que mostró una fuerte depreciación hace algunos meses, se ha estabilizado y no presenta grandes cambios en relación a la última Reunión. Por otra parte, consigna que la inflación del año 2013 cerró en 3% y con sorpresas al alza en ítems influidos por la depreciación del tipo de cambio, llevando, de hecho, a corregir levemente al alza la proyección de inflación por los efectos rezagados de dicho fenómeno. Añade que los cambios en la canasta y la nueva base del IPC que se observarán a partir del registro de inflación correspondiente al mes de enero, no tendrían mayor incidencia en las proyecciones mensuales de inflación, pero podría producir algún sesgo a la baja en su medición interanual. Indica, además, que la curva forward se movió levemente a la baja desde la última RPM y se ha alineado con las distintas encuestas. A título de último hecho destacado del mes, expresa que para esta Reunión, el mercado espera que se mantenga la Tasa de Política Monetaria. En materia de actividad, manifiesta que el Imacec del mes de noviembre pasado confirmó la tendencia a la desaceleración de la actividad; que la variación mes a mes fue positiva luego de registrar caídas importantes en los dos meses previos; y que para el cuarto trimestre del año 2013 se espera una contracción del PIB. En términos sectoriales, la desaceleración se concentra en los sectores Resto y de manera generalizada entre sus componentes. A título ejemplar, señala que el último dato de servicios financieros da cuenta de una caída; el comercio, si bien se ubica en niveles altos, también exhibe una disminución; y la industria se desaceleró significativamente meses atrás, entre otras razones, porque algunas ramas debieron cerrar líneas de producción asociadas a pérdida de competitividad frente a China. La demanda presenta un crecimiento interanual nulo debido a una significativa contracción de la inversión, explicada a su vez por las existencias y también por la inversión en capital fijo. Sobre este aspecto, plantea que se ha acentuado la caída en los niveles de la inversión en maquinarias y equipos, en lo que ha incidido en parte las compras de aeronaves. En la actualidad, sus tasas de crecimiento son cercanas a -30%. Hace notar que la inversión en construcción también ha moderado su crecimiento, en un contexto en que las expectativas del sector representadas por el IMCE, también se han contraído y se ubican en terreno pesimista. La encuesta de la Cámara Chilena de la Construcción, en cambio, refleja que las empresas del sector se mantienen optimistas, pero en menor grado que hace un año. En materia de percepciones, indica que no solo han caído las referidas a la demanda actual, sino que también las expectativas futuras, en especial, aquellas que se vinculan con el empleo esperado. El señor Claudio Soto señala que se identificaron algunas empresas ligadas mayormente a obras de ingeniería y otras enfocadas a la edificación de viviendas para efectos de establecer algún grado de diferenciación en materia de expectativas. Informa que Socovesa, empresa especializada en la construcción de viviendas, mantiene bastante optimismo, mientras que Besalco, asociada mayormente a obras de ingeniería, aparece más pesimista. En su opinión, ello podría indicar que el sector ligado a obras de ingeniería estaría contribuyendo al menor dinamismo del sector construcción, mientras que las orientadas a la construcción de viviendas seguirían imprimiendo algún grado de vigor a este sector. Entre los indicadores utilizados para su seguimiento, plantea que el indicador sintético exhibe una caída en el margen, pero algunos de sus componentes todavía dan cuenta de un grado de dinamismo. A modo de ejemplo, menciona que el empleo y las ventas de proveedores presentan tasas de crecimiento significativas, mientras que los permisos de edificación y los datos de cemento han estado incidiendo negativamente en el indicador antedicho. En lo concerniente a las ventas de viviendas, expresa que cifras provisorias de la Cámara Chilena de la Construcción, correspondientes al cuarto trimestre del año 2013, muestran niveles de ventas bastante elevados y, de hecho, un rebote importante luego de exhibir tasas de crecimiento interanuales negativas por algunos efectos base. Añade que el IPEC, que consulta por las condiciones actuales para comprar una vivienda, no ha registrado movimientos importantes a la baja. Por lo tanto, el mercado inmobiliario aún podría dar algún impulso al sector construcción. Por su parte, las colocaciones para la vivienda exhiben una leve tendencia al alza, en un contexto en que las tasas de los créditos hipotecarios han caído respecto de lo observado a fines del año 2012. Las condiciones de oferta de crédito para las empresas constructoras e inmobiliarias presentan un fuerte deterioro a partir del año 2012, particularmente a comienzos del año pasado. Por el contrario, los bancos perciben que la demanda de crédito de las empresas constructoras ha aumentado, mientras que la de las inmobiliarias retrocede de manera importante. En lo referente a la inversión pública, informa que el avance de la ejecución fiscal ha sido algo mayor que lo observado en el año 2012, pero se sitúa en el rango medio - bajo en términos históricos; que en los últimos meses se advierten tasas de crecimiento anuales negativas en el componente público de la inversión; y que la inversión en vivienda y en obras públicas presenta un notorio retroceso, que se relacionaría con el término de los programas de reconstrucción. El señor Claudio Soto hace notar que en la industria también se advierte un retroceso en la percepción de las empresas, no así en el sector comercio, que se mantiene en terreno optimista, aunque en un nivel menor que a fines del año 2012. Resalta que las expectativas de los consumidores también se han mantenido relativamente optimistas y en niveles elevados desde una perspectiva histórica. La masa salarial, por su parte, si bien continúa creciendo a tasas relativamente elevadas, exhibe un grado de moderación en el margen, asociado fundamentalmente a la desaceleración de los salarios reales, explicada a su vez por una leve caída de los salarios nominales y el aumento de la inflación. Consigna, además, que los indicadores de comercio sugieren que el consumo de bienes no durables se mantiene dinámico. El consumo de durables, en cambio, que había sorprendido al alza por algunos meses, exhibe cierta moderación en el margen. En relación con la venta de automóviles, los datos de la Asociación Nacional Automotriz de Chile, ANAC, dan cuenta que la caída y posterior recuperación que exhibieron recientemente se asocia a la paralización del Servicio de Registro Civil e Identificación, que imposibilitó la inscripción de automóviles, lo que posteriormente se restableció. En cuanto a las importaciones de automóviles, destaca su notoria caída en términos de unidades, no así en términos de valores nominales, por el ingreso de automóviles de mayor valor; y que las automotoras han disminuido sus stocks, previendo un posible retroceso de las ventas en adelante. El señor Claudio Soto prosigue con su presentación señalando que las colocaciones de consumo han aumentado en el margen, a pesar de condiciones de otorgamiento de crédito algo más restrictivas para los hogares."
RPM-2014-01-16:5987:1,RPM-2014-01-16,2014-01-16,2014,Beltrán de Ramón Acevedo,Gerente de División Operaciones Financieras,staff_tecnico,inflacion,inflacion,179,False,,"El Gerente de División Operaciones Financieras señor Beltrán de Ramón se refiere a la lámina N° 70, cuyo encabezado indica “Expectativas de inflación se han tendido a incrementar moderadamente y se ubican en torno a la meta en el horizonte de política.” Sobre el particular, hace notar que luego de conocerse el último dato de inflación se ha advertido gran volatilidad y que los seguros de inflación a doce meses aumentaron a 3,8% o 3,9%, nivel más pesimista que las proyecciones internas, pero luego retornan a 2,59% en el mes de diciembre de 2014. Agrega que la proyección de inflación a dos años, que llegó a 3% hace algunos días, ha caído 25 o 30 puntos base en la última semana, a lo que se suma que el mercado aprecia caídas importantes en la tasa swap. Por lo expuesto, los analistas, luego de internalizar los nuevos datos, anticipan un escenario más negativo, de mayor desaceleración y menor inflación, coherente con las proyecciones internas. En su opinión, es relevante el cambio de visión acerca del escenario futuro en ese periodo."
RPM-2014-01-16:5991:2,RPM-2014-01-16,2014-01-16,2014,Rodrigo Vergara Montes,Presidente del Banco Central,consejo_votante,opciones_tpm,opciones_tpm,39,False,,"Al no formularse otros comentarios, siendo las 13:15 horas, el Presidente señor Rodrigo Vergara suspende la presente Reunión y deja constancia que ella se reiniciará a las 15:30 horas para tratar lo referente a las opciones de política monetaria."
RPM-2014-01-16:6006:3,RPM-2014-01-16,2014-01-16,2014,Consejo del Banco Central de Chile,Consejo,consejo_entidad,acuerdo_comunicado,acuerdo_comunicado,411,False,,"Conforme a la votación unánime efectuada por los señores Consejeros, el Consejo adoptó el siguiente Acuerdo: N° 206-01-140116 - Tasa de Política Monetaria En su reunión mensual de política monetaria, el Consejo del Banco Central de Chile acordó mantener la tasa de Interés de política monetaria en 4,5% anual. Al concluir la Reunión, se procede a dar lectura al texto del Comunicado, que es del siguiente tenor: Comunicado “En su reunión mensual de política monetaria, el Consejo del Banco Central de Chile acordó mantener la tasa de interés de política monetaria en 4,5% anual. En el ámbito externo, las cifras recientes son coherentes con el escenario descrito en el IPoM. Se proyecta una recuperación del crecimiento de nuestros socios comerciales en los trimestres venideros, sustentada por el repunte de las economías desarrolladas, especialmente Estados Unidos, y la estabilización del crecimiento en las emergentes. La Reserva Federal redujo el monto de sus compras mensuales de activos, lo que no tuvo mayores consecuencias en las tasas internacionales de largo plazo. La inflación de las economías avanzadas sigue baja, por lo que se anticipa una lenta normalización de la política monetaria en estas economías. Las condiciones financieras para las economías emergentes más vulnerables se mantienen restrictivas, mientras que han mejorado para las economías en la periferia de la Eurozona. Durante el último mes, el precio del cobre aumentó, en contraste con disminuciones en los del petróleo y de los alimentos. El dólar se apreció en los mercados internacionales. La economía chilena ha continuado moderando su dinamismo. La actividad y la demanda interna han crecido algo por debajo de lo anticipado en el IPoM, particularmente en aquellos sectores relacionados con la inversión. Los registros de IPC observados en los últimos dos meses han llevado la inflación total hasta 3% anual y reflejan el impacto de algunos factores relacionados con sus componentes más volátiles —alimentos y energía—, así como la incidencia de corto plazo de la depreciación del peso. Por su parte, las expectativas de inflación se mantienen en torno a la meta en el horizonte de proyección, y el ritmo de aumento de los salarios nominales muestra una moderación en meses recientes. El Consejo estima que en los próximos meses podría ser necesario agregar un mayor estímulo monetario para asegurar que la inflación proyectada se ubique en 3% en el horizonte de política. Con todo, cambios futuros en la TPM dependerán de las implicancias de las condiciones macroeconómicas internas y externas sobre las perspectivas inflacionarias.”"
RPM-2014-02-18:6017:1,RPM-2014-02-18,2014-02-18,2014,Kevin Cowan Logan,Gerente de División Política Financiera,staff_tecnico,debate,debate,94,False,,"El Gerente de División Política Financiera señor Kevin Cowan comenta que en la Eurozona se ha considerado la posibilidad de aplicar una política más agresiva, tipo QE. No obstante, ello podría dificultarse debido a que el Tribunal Constitucional alemán cuestionó el programa de compra de activos OMT del Banco Central Europeo ante el Tribunal Superior de Justicia de la Unión Europea. En esas circunstancias, el panorama se torna más complejo para el Banco Central Europeo, no solamente en cuanto a qué medidas adoptar, sino que a los instrumentos que eventualmente podría utilizar para implementarlas."
RPM-2014-02-18:6026:2,RPM-2014-02-18,2014-02-18,2014,Rodrigo Vergara Montes,Presidente del Banco Central,consejo_votante,escenario_internacional,escenario_internacional,35,False,,"No habiendo más consultas ni comentarios en lo concerniente al escenario internacional, el Presidente señor Rodrigo Vergara da paso a la exposición del escenario interno, a cargo del Gerente de Análisis Macroeconómico señor Claudio Soto."
RPM-2014-02-18:6027:1,RPM-2014-02-18,2014-02-18,2014,Claudio Soto Gamboa,Gerente de Análisis Macroeconómico,staff_tecnico,mercados_financieros,mercados_financieros,1317,False,,"El Gerente de Análisis Macroeconómico señor Claudio Soto inicia su presentación refiriéndose a los hechos destacados del escenario interno. Hace presente que los datos recientes de actividad siguen mostrando un bajo dinamismo, debido fundamentalmente a la desaceleración de la inversión, y respecto del último IPoM, la proyección de crecimiento de los sectores resto para la primera parte del año se ha corregido en más de un punto a la baja. En segundo término, indica que a pesar de la contracción de la formación bruta en capital fijo, los datos recientes dan cuenta de un aumento en el crecimiento de la demanda interna por concepto de una acumulación de inventarios. Con todo, su proyección se ha corregido a la baja frente a lo contemplado en la última Reunión. Agrega que el consumo privado se ha moderado levemente, pero mantiene tasas de crecimiento relativamente altas; y que el crecimiento del gasto público se corrigió fuertemente a la baja hacia fines del año pasado, lo que habría incidido en la cifra de inversión de ese período. Destaca además, la significativa depreciación del tipo de cambio, y que los salarios reales mantienen una trayectoria descendente en su ritmo de expansión, en un contexto donde algunos indicadores laborales sugieren que se podrían generar holguras en dicho mercado. En materia de inflación, señala que el registro del mes de enero sorprendió levemente a la baja, en particular por los precios de bienes, lo cual sugiere que en dicho mes los efectos de la depreciación cambiaria fueron algo menores que lo anticipado. Añade que las proyecciones han sido revisadas marginalmente al alza por el aumento del precio de los combustibles. A título de último hecho destacado del mes, expresa que para esta Reunión, el mercado espera mayoritariamente una reducción de la Tasa de Política Monetaria. En materia de actividad, manifiesta que los últimos datos de IMACEC dan cuenta de un repunte de la variación mes a mes, pero en términos de la variación interanual han mantenido una trayectoria decreciente. Añade que, a diferencia de meses anteriores, en enero pasado, los sectores de recursos naturales no contribuyeron mayormente al crecimiento, debido a efectos base de importancia derivados del alto crecimiento de la minería hacia fines del año 2012. En lo concerniente a los sectores resto, hace notar un grado de estabilización, luego de exhibir caídas bastante generalizadas en los niveles. En este sentido, precisa que los sectores de servicios financieros y servicios empresariales muestran algún repunte; mientras el comercio, que había liderado el crecimiento durante varios trimestres, muestra una trayectoria más bien decreciente en términos de niveles en los últimos meses. En relación con la demanda, señala que la demanda final se ha desacelerado, mientras que la demanda interna presenta tasas de crecimiento algo más elevadas que en los meses previos, debido a un grado de recuperación de los inventarios. Sin embargo, hace notar que la inversión en capital fijo ha caído con fuerza, lo que explica que la demanda final registre actualmente un crecimiento menor que la actividad, algo que no ocurría desde el año 2009, aproximadamente. Además, menciona que los datos en el margen muestran un grado de estabilización de la inversión en maquinaria y equipos, y que su desaceleración estaría perdiendo fuerza. En lo relativo a la inversión en construcción, consigna que los datos del Catastro de Bienes de Capital del mes de diciembre se corrigieron a la baja para el cuarto trimestre de 2013 y también para el primer trimestre de 2014, lo que incidirá en la medición que efectúa Cuentas Nacionales de dicho sector. Hacia mediados del presente año, en cambio, se observaría un cierto rebote, dado que los proyectos han tendido a postergarse en el tiempo. En lo atinente a las viviendas, el señor Claudio Soto plantea que los indicadores del mercado inmobiliario dan cuenta de un grado de estrechez. De hecho, comenta que los meses para agotar stock se encuentran en niveles bastante bajos en una perspectiva histórica, y que se sigue observando que gran parte de las ventas se efectúan cuando los proyectos están en proceso de construcción e incluso cuando aún no se han iniciado, por lo que se registraría un impulso adicional en el sector en los meses venideros. Por otra parte, señala que las colocaciones para la vivienda han tenido cierto repunte en el margen, en un contexto en que las tasas de créditos hipotecarios han disminuido. En materia de percepciones de las empresas, no se advierten grandes cambios desde la última Reunión, manteniéndose en terreno neutral. Resalta el grado de disparidad entre sectores, por cuanto el sector construcción aparece más pesimista en los últimos meses y el comercio se mantiene en niveles optimistas, aunque más bajos que a mediados del año pasado. Agrega que las colocaciones comerciales no muestran grandes cambios, en un contexto donde el costo de dichos créditos ha retrocedido desde tasas superiores a 9,5% a otras que superan levemente el 8%. Por su parte, las tasas de interés de los créditos de comercio exterior han aumentado, incididas por lo que acontece en los mercados internacionales. En lo atinente a las condiciones de acceso a financiamiento, expresa que las empresas han continuado emitiendo bonos en el extranjero, destacando las emisiones efectuadas por parte de Metro, VTR y ENAP en los últimos meses. El señor Claudio Soto comenta que las expectativas de los consumidores se mantienen en terreno optimista, pero exhiben un retroceso significativo en términos desestacionalizados. Añade que la masa salarial también ha disminuido, principalmente por la desaceleración que han registrado los salarios reales. Hace presente que el consumo de bienes no durables tuvo una pequeña corrección a la baja, pero mantiene un crecimiento relativamente dinámico; y que el consumo de durables también continúa con bastante fuerza. Sobre este aspecto, destaca la notoria caída de las importaciones de automóviles y la consiguiente desacumulación de inventarios, y que los volúmenes de importación de vehículos son similares a los observados tres años atrás. El señor Claudio Soto se refiere a continuación a los efectos del reciente paro portuario y en este ámbito indica que tuvo una incidencia mayor en las exportaciones, en particular, en las exportaciones mineras y de productos industriales, generando de paso una reacumulación de inventarios, que sería de carácter transitorio. Informa que con ocasión de otros paros, las exportaciones cayeron significativamente, pero luego se observaron recuperaciones relevantes. Agrega que la caída de las importaciones fue menor, atendido que ingresaron en su mayor parte por el puerto de Valparaíso, que no dejó de operar. Consigna que el gasto público registró una tasa de crecimiento de 4%, con una contribución negativa de los ítems extrapresupuestaríos y de inversión. En materia de actividad, señala que las expectativas de crecimiento para el presente año se han seguido corrigiendo a la baja; de hecho, para este año, el mercado espera un crecimiento de 3,8%. Para el primer trimestre del presente ejercicio, en tanto, la Encuesta de Expectativas Económicas y los bancos de inversión han revisado el crecimiento a la baja, desde 3.5% y 3,8%, aproximadamente, a una cifra en torno a 3,2%. En lo concerniente a la proyección interna, plantea que el crecimiento se ha corregido para la primera parte del año desde 3,5% a 3,0%, en particular, por algunas faenas mineras que han postergado su entrada en operación, problemas con algunas plantas de celulosa y con la producción de tabaco, que van a incidir de manera más significativa en este primer trimestre del año. Hace notar que la corrección de los sectores resto es algo menor, atendido que la revisión más importante se realizó con ocasión de la Reunión del mes anterior. Agrega que la revisión relevante afecta a la minería, la que es cercana a un punto para el primer trimestre del año en curso, como también al sector construcción. De esta forma, precisa que para este trimestre se espera un crecimiento en torno a 3%, y de 3,3% para el segundo trimestre."
RPM-2014-02-18:6051:1,RPM-2014-02-18,2014-02-18,2014,Sebastián Claro Edwards,Consejero,consejo_votante,acuerdo_comunicado,acuerdo_comunicado,756,False,,"El Consejero señor Sebastián Claro inicia su intervención manifestando que los antecedentes acumulados en el último mes están, en lo grueso, en línea con lo delineado en el último IPoM y justifican bajar la TPM en esta oportunidad. En lo concerniente al ámbito externo, destaca uno de los varios elementos que se mencionan en la Minuta de Opciones, a saber, la volatilidad mostrada por los mercados financieros y la valorización de las monedas. En su opinión, ello parece responder a fluctuaciones en el apetito por riesgo de diferentes tipos de activos, lo que estaría relacionado con la vulnerabilidad que muestran distintas economías y con su capacidad para realizar ajustes cambiarios como elemento estabilizador. Hace notar que en muchos países emergentes, la fuerte volatilidad cambiaria se observa junto con alzas en tasas a distintos plazos, y que en Chile, la desvalorización del peso ha estado acompañada de estabilidad y caída, en algunos casos, tanto de tasas largas como de tasas en los mercados monetarios a distintos plazos. Con todo, persiste la idea de una sostenida, aunque lenta, recuperación en Estados Unidos de América; un leve crecimiento en Europa, que en su opinión se mantiene sujeto a importantes riesgos; y, la heterogeneidad en la situación de varios países en desarrollo. Pero, a su juicio, lo fundamental es que el escenario externo para Chile no es distinto del que se ha delineado en el IPoM. En cuanto al ámbito interno, señala que se ha consolidado un proceso de desaceleración en la actividad, que las cifras del cuarto trimestre dan cuenta de un ajuste algo mayor a lo anticipado, y que similar evidencia se observa en la demanda, especialmente en el componente de inversión. El consumo, en tanto, mantiene una trayectoria de dinamismo que se soporta en una masa salarial que continúa creciendo de manera relevante por sobre 5%. Por su parte, el ajuste de la inversión ha sido mayor que el anticipado, y existen diferencias en las perspectivas del sector construcción entre un aparente menor dinamismo en la inversión en obras y una situación algo más dinámica y con más momentum en el sector de edificación. Sumando y restando, consigna que las cifras y las proyecciones de actividad y demanda muestran que las perspectivas para el año 2014 son algo menores que las anticipadas algunos meses atrás, aunque todavía, en su opinión, no hay elementos que den cuenta de una desviación significativa. En tal sentido, considera que este constituye el elemento central a seguir monitoreando y que probablemente justificaría en el futuro cambios relevantes respecto de lo que se ha venido comunicando al mercado. El Consejero señor Sebastián Claro menciona que el registro de inflación en el último mes estuvo en línea con lo anticipado y que se sigue esperando un aumento de la inflación en los próximos meses a niveles en torno a 3,5%, pero de manera transitoria. Expresa que los efectos de la depreciación del tipo de cambio hasta ahora parecen ser acotados y muy directos, y en la medida que la economía continúe a un ritmo relativamente lento y las expectativas de inflación se mantengan bien comportadas, no debería haber mayor sorpresa en este aspecto. Asimismo, considera también que los riesgos de una inflación muy baja de manera persistente, que se mencionaron por varios meses, parecen haber desaparecido. Finalmente, señala que el mercado financiero se mantiene bien comportado y que los agregados de crédito muestran una evolución similar a la registrada en los últimos trimestres, lo que sigue dando soporte a la idea de una desaceleración gradual de la economía. Con todo, plantea que hay algunos precios financieros, tales como la bolsa y las tasas largas, que podrían estar En su opinión, los antecedentes antedichos confirman o reafirman lo discutido en las últimas Reuniones acerca de la necesidad de efectuar algún ajuste adicional en la política monetaria. Estima que la economía admite actualmente una política monetaria algo más expansiva, especialmente cuando se toman en cuenta no solo los antecedentes mencionados anteriormente, sino que la fortaleza que muestran las expectativas de inflación en un contexto de fuerte ajuste cambiario. El Consejero señor Sebastián Claro expresa que lo planteado precedentemente justifica una rebaja de la TPM en 25 puntos base y agrega que con la información disponible hasta esta fecha, algún ajuste adicional podría requerirse, lo que justifica mantener el sesgo explícito de la política monetaria. En síntesís, el Consejero señor Sebastián Claro manifiesta que su voto es por bajar la Tasa de Política Monetaria a 4,25% y por mantener el sesgo del Comunicado de la Reunión anterior."
RPM-2014-03-13:6057:1,RPM-2014-03-13,2014-03-13,2014,Consejo del Banco Central de Chile,Consejo,consejo_entidad,apertura_cierre,apertura_cierre,227,False,,"ACTA DE LA SESIÓN DE POLÍTICA MONETARIA N° 208 celebrada el día jueves 13 de marzo de 2014 En Santiago de Chile, a 13 de marzo de 2014, siendo las 11:30 horas, se reúne el Consejo del Banco Central de Chile bajo la presidencia del titular don Rodrigo Vergara Montes y con la asistencia del Vicepresidente señor Enrique Marshall Rivera y de los Consejeros don Sebastián Claro Edwards, don Joaquín Vial Ruiz-Tagle y don Pablo García Silva. Asiste a esta Sesión el Ministro de Hacienda, señor Alberto Arenas de Mesa. Asisten también: Gerente General, don Alejandro Zurbuchen Silva; Fiscal y Ministro de Fe Subrogante, don Pablo Mattar Oyarzún; Gerente de División Estudios, don Luis Óscar Herrera Barriga; Gerente de División Operaciones Financieras, don Beltrán de Ramón Acevedo; Gerente de División Política Financiera, don Kevin Cowan Logan; Gerente de División Estadísticas e, don Ricardo Vicuña Poblete; Gerente de Análisis Macroeconómico Interino, don Miguel Fuentes Díaz; Gerente de Análisis Internacional, don Sergio Lehmann Beresi; Gerente de Investigación Económica, don Claudio Raddatz Kiefer; Gerente de Mercados Nacionales, don Matías Bernier Bórquez; Gerente de Comunicaciones, don Luis Alvarez Vallejos; Asesor del Ministro de Hacienda, don Claudio Soto Gamboa; Secretario Ejecutivo del Gabinete de la Presidencia, doña Erika Arraño González; Economista Senior, doña ivonne Vera Reichert; Asesora de ia Presidencia, doña Natalia Gallardo Schnettler; y la Secretario General, doña Marlys Pabst Cortés."
RPM-2014-03-13:6075:1,RPM-2014-03-13,2014-03-13,2014,Rodrigo Vergara Montes,Presidente del Banco Central,consejo_votante,escenario_internacional,escenario_internacional,26,False,,"El Presidente señor Rodrigo Vergara agradece la presentación del Gerente de Análisis Internacional señor Sergio Lehmann y, a continuación, concede la palabra para consultas y comentarios."
RPM-2014-03-13:6103:2,RPM-2014-03-13,2014-03-13,2014,Alberto Arenas de Mesa,Ministro de Hacienda,ministro_hacienda,debate,debate,82,False,,"El Ministro de Hacienda señor Alberto Arenas inicia su exposición expresando su saludo al Presidente del Banco, señor Rodrigo Vergara; al Vicepresidente, señor Enrique Marshall; a los Consejeros señores Sebastián Claro, Joaquín Vial y Pablo García; y al staff de la Institución. En segundo término, manifiesta su interés en participar en las Sesiones de antecedentes de la RPM, y comenta que ello no fue posible en el día de hoy, porque debió asistir al Parlamento a tramitar un importante proyecto de ley."
RPM-2014-04-17:6151:1,RPM-2014-04-17,2014-04-17,2014,Rodrigo Vergara Montes,Presidente del Banco Central,consejo_votante,mercados_financieros,mercados_financieros,109,False,,"El Presidente señor Rodrigo Vergara agradece la exposición del Gerente de Análisis Macroeconómico señor Miguel Fuentes. Hace notar que la balanza comercial en los primeros tres meses del año muestra cifras bastante altas y muy superiores a lo estimado para el presente año. Asimismo, consulta acerca de si la depreciación que exhibe el tipo de cambio en los últimos días, en torno a $25, constituiría un fenómeno generalizado o si ha sido mayor en Chile. Además, solicita al Gerente de Estrategia y Comunicación de Política Monetaria señor Enrique Orellana que proporcione su visión sobre el panorama observado en las regiones que visitó recientemente, en particular en materia de empleo."
RPM-2014-05-15:6181:1,RPM-2014-05-15,2014-05-15,2014,Consejo del Banco Central de Chile,Consejo,consejo_entidad,apertura_cierre,apertura_cierre,237,False,,"ACTA DE LA SESIÓN DE POLÍTICA MONETARIA N° 210 celebrada el día jueves 15 de mayo de 2014 En Santiago de Chile, a 15 de mayo de 2014, siendo las 11:30 horas, se reúne el Consejo del Banco Central de Chile bajo la presidencia del titular don Rodrigo Vergara Montes y con la asistencia del Vicepresidente señor Enrique Marshall Rivera y de los Consejeros don Sebastián Claro Edwards, don Joaquín Vial Ruiz-Tagle y don Pablo García Silva. Asiste a esta Sesión el Subsecretario de Hacienda, señor Alejandro Micco Aguayo. Asisten también: Gerente General, don Alejandro Zurbuchen Silva; Fiscal y Ministro de Fe, don Miguel Ángel Nacrur Gazali; Gerente de División Estudios, don Luis Óscar Herrera Barriga; Gerente de División Operaciones Financieras, don Beltrán de Ramón Acevedo; Gerente de División Política Financiera, don Claudio Raddatz Kiefer; Gerente de División Estadísticas, don Ricardo Vicuña Poblete; Gerente de Análisis Macroeconómico, don Miguel Fuentes Díaz; Gerente de Análisis Internacional, don Sergio Lehmann Beresi; Gerente de Mercados Nacionales, don Matías Bernier Bórquez; Gerente de Estabilidad Financiera Interino, don Rodrigo Alfaro Arancibia; Gerente de Comunicaciones, don Luis Álvarez Vallejos; Gerente de Estrategia y Comunicación de Política Monetaria, don Enrique Orellana Cifuentes; Asesor del Ministro de Hacienda, don Claudio Soto Gamboa; Secretario Ejecutivo del Gabinete de la Presidencia, doña Erika Arraño González; Economista Senior, doña Ivonne Vera Reichert; Asesora de la Presidencia, doña Natalia Gallardo Schnettler; y la Secretario General, doña Marlys Pabst Cortés."
RPM-2014-06-12:6244:1,RPM-2014-06-12,2014-06-12,2014,Sergio Lehmann Beresi,Gerente de Análisis Internacional,staff_tecnico,mercados_financieros,mercados_financieros,24,False,,El señor Sergio Lehmann manifiesta que emite bonos de corto plazo que permiten retirar la liquidez asociada a la compra de la deuda pública.
RPM-2014-06-12:6245:2,RPM-2014-06-12,2014-06-12,2014,Beltrán de Ramón Acevedo,Gerente de División Operaciones Financieras,staff_tecnico,mercados_financieros,mercados_financieros,28,False,,"Por su parte, el Gerente de División Operaciones Financieras señor Beltrán de Ramón señala que el Banco Central Europeo emite PDBC y los vende a los bancos europeos."
RPM-2014-06-12:6263:1,RPM-2014-06-12,2014-06-12,2014,Sebastián Claro Edwards,Consejero,consejo_votante,debate,debate,53,False,,"El Consejero señor Sebastián Claro observa que a pesar de la fuerte caída que exhiben los inventarios, las encuestas reflejan que siguen siendo elevados. Sobre el particular, consulta si las industrias y empresas de retail se acercarán a niveles de inventarios cercanos a los deseados hacia el segundo o tercer trimestre del año."
RPM-2014-06-12:6277:3,RPM-2014-06-12,2014-06-12,2014,Rodrigo Vergara Montes,Presidente del Banco Central,consejo_votante,opciones_tpm,opciones_tpm,62,False,,"A continuación, el Presidente señor Rodrigo Vergara deja constancia que la Reunión de Política Monetaria de diciembre de 2014 se efectuará el día jueves 12 de ese mes y, a continuación, concede la palabra al Gerente de División Estudios señor Luis Óscar Herrera a fin de que presente al Consejo las Opciones de Política Monetaria que se han considerado en esta oportunidad."
RPM-2014-06-12:6284:1,RPM-2014-06-12,2014-06-12,2014,Alberto Arenas de Mesa,Ministro de Hacienda,ministro_hacienda,mercados_financieros,mercados_financieros,693,False,,"El señor Alberto Arenas expresa que los antecedentes disponibles para esta Reunión vuelven a confirmar que la economía se ha desacelerado de manera significativa. En efecto, el último IMACEC estuvo por debajo de lo esperado, y a ello se suman claros signos de desaceleración del consumo, reflejados, por ejemplo, en la evolución del comercio minorista, que crece a tasas muy bajas, y la nula creación de empleo asalariado. Hace presente que esta nula creación de empleo asalariado se ha visto parcialmente compensada por un mayor empleo por cuenta propia y no se ha traducido en incrementos del desempleo por el bajo crecimiento que registra la fuerza del trabajo; y que, dada su inercia habitual, es probable que tanto el empleo como el consumo continúen moderando su crecimiento en los próximos meses. Además las condiciones de acceso al crédito se han vuelto más restrictivas, lo que refuerza la tendencia a la baja en estas variables. Indica que el menor crecimiento de la demanda interna no ha sido compensado por la demanda externa, y si bien es cierto que hay algunos elementos, como la depreciación real, que apuntan a que esta cobrará mayor relevancia en los próximos trimestres, el crecimiento de los socios comerciales se ha tendido a corregir a la baja, lo que es particularmente notorio en el caso de economías de la región hacia las cuales exportamos volúmenes relevantes de productos no minerales. Por lo mismo, estima que el sector externo no aportará mayormente a darle dinamismo a la economía. Por otra parte, los salarios han tenido un repunte en términos nominales, con alzas importantes en sectores específicos, aunque en términos reales se han moderado de manera sustantiva, en línea con la dinámica del empleo asalariado. Agrega que el tipo de cambio se ha mantenido en niveles nominales relativamente estable ya por varias semanas. En materia de inflación, señala que el registro del último mes fue acotado y estuvo en línea con lo anticipado, dando cuenta de que el traspaso de la depreciación reciente del peso a los precios ya podría haberse materializado. En este contexto, destaca que las expectativas inflacionarias se han mantenido alineadas en torno al 3% anual en el horizonte de política. Hace presente que la evolución de la actividad hasta ahora y su trayectoria más probable en los próximos trimestres ampliarán las holguras de capacidad, con las consiguientes presiones deflacionarias. Añade que en el corto plazo es posible que aún se observen registros inflacionarios algo elevados, pero a mediano plazo, ninguno de los antecedentes disponibles sugiere que pueda existir un riesgo relevante para la inflación. Por el contrario, la pérdida de dinamismo en el mercado laboral atenuará las presiones salariales, la menor demanda interna incidirá sobre los precios de bienes y servicios, y el tipo de cambio no debiese exhibir movimientos al alza significativos, toda vez que el nivel que ha alcanzado el tipo de cambio real lo ubica en niveles históricos elevados. Si bien la política monetaria ha reaccionado al ciclo actual con una rebaja en la tasa de interés, considera que la magnitud de dicha baja no se condice con la velocidad con la que se ha desacelerado la economía, con lo cual se están ampliando las brechas de capacidad. En su opinión, es relevante seguir aumentando el estímulo monetario de la economía y, de esa manera, evitar costos cíclicos innecesarios. De hecho, el mercado aún sigue esperando que se produzcan bajas adicionales en la TPM, mayores que las que se anticipaban en la Reunión previa, según se desprende de las encuestas de expectativas y de la curva forward. Al concluir su intervención, el Ministro de Hacienda señor Alberto Arenas manifiesta que en la coyuntura actual es de particular relevancia para la decisión de política considerar que la política monetaria actúa con rezagos importantes. En este sentido, demorarse en responder a las señales de desaceleración que se están observando puede implicar que la política monetaria llegue tarde en el cumplimiento de su objetivo e induzca costos innecesarios en términos de menor actividad y empleo. A su juicio, la política monetaria no puede dejar de cumplir el rol fundamental que le cabe en la estabilización del ciclo económico."
RPM-2014-08-14:6389:3,RPM-2014-08-14,2014-08-14,2014,Rodrigo Vergara Montes,Presidente del Banco Central,consejo_votante,acuerdo_comunicado,acuerdo_comunicado,31,False,,"En consecuencia, el Presidente señor Rodrigo Vergara deja constancia que se acuerda por unanimidad de los señores Consejeros reducir la tasa de política monetaria en 25 puntos base, a 3,5% anual."
RPM-2014-10-16:6466:2,RPM-2014-10-16,2014-10-16,2014,Rodrigo Vergara Montes,Presidente del Banco Central,consejo_votante,opciones_tpm,opciones_tpm,39,False,,"Al no formularse otros comentarios, siendo las 13:30 horas, el Presidente señor Rodrigo Vergara suspende la presente Reunión y deja constancia que ella se reiniciará a las 16:00 horas para tratar lo referente a las opciones de política monetaria."
RPM-2014-10-16:6473:1,RPM-2014-10-16,2014-10-16,2014,Rodrigo Vergara Montes,Presidente del Banco Central,consejo_votante,debate,debate,37,False,,"El Presidente señor Rodrigo Vergara agradece la opinión del Gerente de División Operaciones Financieras señor Beltrán de Ramón, y no habiendo comentarios adicionales por parte del staff, ofrece la palabra al Ministro de Hacienda señor Alberto Arenas."
RPM-2014-11-18:6490:2,RPM-2014-11-18,2014-11-18,2014,Alfredo Pistelli,Economista Senior,staff_tecnico,escenario_internacional,escenario_internacional,143,False,,"El señor Alfredo Pistelli comparte la percepción de los señores Consejeros respecto del precio del petróleo y del cobre, en el sentido que la baja del primero sería de carácter más estructural, en tanto que en el caso del precio del cobre habría elementos que impiden su caída. Hace presente el World Energy Outlook ha enfatizando últimamente sus dudas respecto del aumento en la producción futura. En efecto, advierte un mercado fuerte, bien abastecido en el corto plazo por una mayor producción en Estados Unidos de América, lo que soporta precios bajos, pero reconoce cierta incertidumbre en cuanto a la mantención de este grado de abastecimiento, en particular, cuando el mercado del petróleo comience a depender mayormente de aumentos de producción en el Medio Oriente. Por último, indica que se profundizará el análisis sobre la fortaleza del dólar con miras al próximo IPoM."
RPM-2014-11-18:6512:1,RPM-2014-11-18,2014-11-18,2014,Rodrigo Vergara Montes,Presidente del Banco Central,consejo_votante,debate,debate,24,False,,"El Presidente señor Rodrigo Vergara agradece la presentación del Consejero señor Joaquín Vial y, a continuación, concede la palabra al Consejero señor Sebastián Claro."
RPM-2014-12-11:6533:2,RPM-2014-12-11,2014-12-11,2014,Pablo García Silva,Consejero,consejo_votante,escenario_internacional,escenario_internacional,62,False,,"El Consejero señor Pablo García concuerda con lo expresado por el Vicepresidente señor Enrique Marshall. Agrega que el mercado no tiene certeza si la inflación convergerá a 3% desde los niveles actuales o si ella disminuirá primeramente hasta alcanzar niveles inferiores a 3% para luego converger a la meta. Expresa que esta diferencia incide, obviamente, en las decisiones de la política monetaria."
RPM-2015-01-15:6562:1,RPM-2015-01-15,2015-01-15,2015,Miguel Fuentes Díaz,Gerente de Análisis Macroeconómico,staff_tecnico,debate,debate,146,False,,"el señor Miguel Fuentes se refiere a las medidas adoptadas en la Eurozona tras la crisis griega del año 2012, las que no solo explican las razones por las cuales el riesgo de esta región parece ser menor, sino que contribuyen a mitigar un contagio algo mayor. En primer término, alude a la creación del Mecanismo de Estabilidad Financiera, que es el mecanismo permanente de resolución de crisis para los países del bloque. Asimismo, menciona los avances en la Unión Bancaria; la disposición del Banco Central Europeo a adoptar medidas para rescatar países; y también el Quantiative Easing, cuyo propósito es la compra de activos soberanos y que, en este caso particular, podría darle algún alivio adicional a Grecia. Enfatiza que estos elementos se conjugan para explicar la menor percepción de riesgo financiero en torno a Grecia que la observada en el episodio 2011 - 2012."
RPM-2015-01-15:6584:1,RPM-2015-01-15,2015-01-15,2015,Rodrigo Vergara Montes,Presidente del Banco Central,consejo_votante,opciones_tpm,opciones_tpm,59,False,,"El Presidente señor Rodrigo Vergara deja constancia que la Reunión de Política Monetaria de julio de 2015 se efectuará el día martes 14 de ese mes y, a continuación, concede la palabra al Gerente de División Estudios señor Alberto Naudon a fin de que presente al Consejo las Opciones de Política Monetaria que se han considerado en esta oportunidad."
RPM-2015-01-15:6586:3,RPM-2015-01-15,2015-01-15,2015,Rodrigo Vergara Montes,Presidente del Banco Central,consejo_votante,acuerdo_comunicado,acuerdo_comunicado,49,False,,"El Presidente señor Rodrigo Vergara agradece la opinión del Ministro de Hacienda señor Alberto Arenas y al no haber comentarios del staff, da paso al proceso de votación de la opción planteada por la Gerencia de División Estudios, ofreciendo, en primer término, la palabra al Consejero señor Pablo García."
RPM-2015-03-19:6680:1,RPM-2015-03-19,2015-03-19,2015,Rodrigo Vergara Montes,Presidente del Banco Central,consejo_votante,politica_fiscal,politica_fiscal,34,False,,"El Presidente señor Rodrigo Vergara agradece la exposición del Gerente de División Estudios señor Alberto Naudon y no habiendo comentarios por parte del staff, ofrece la palabra al Ministro de Hacienda señor Alberto Arenas."
RPM-2015-03-19:6681:1,RPM-2015-03-19,2015-03-19,2015,Alberto Arenas de Mesa,Ministro de Hacienda,ministro_hacienda,politica_fiscal,politica_fiscal,741,False,,"El señor Alberto Arenas inicia su exposición expresando sus saludos al Presidente señor Rodrigo Vergara; al Vicepresidente señor Enrique Marshall; a los Consejeros señores Sebastián Claro, Joaquín Vial y Pablo García; y al staff de la Institución. Hace presente que los antecedentes para el cierre del año 2014, conocidos esta semana, ratifican que la economía se encuentra en un proceso de gradual recuperación en su ritmo de crecimiento, después del ajuste producido como consecuencia del cambio en el escenario externo. En efecto, el producto creció 1,8% en el último trimestre del año, muy por encima del 1% del trimestre previo, y cerró el año en 1,9%, algo más de lo que se estimaba. Por su parte, el Imacec del mes de enero se ubicó en 3%, con una revisión al alza respecto del número informado a comienzos de marzo. Añade que la inversión presenta una recuperación incipiente, con un crecimiento positivo en el último trimestre de 2014, tras varios trimestres de fuertes caídas interanuales; y que el consumo continúa débil, ya que creció apenas 1% en dicho trimestre. Resalta que el sector externo de la economía ha comenzado a impulsar la actividad gracias al importante crecimiento de las exportaciones industriales y agrícolas. Anticipa que en los próximos meses se verán vaivenes en la actividad por efectos base o factores puntuales que podrían afectar algunas ramas; sin perjuicio de ello, debiese mostrar una paulatina tendencia al alza. Plantea que el dato de inflación de febrero sorprendió al alza al mercado, incidiendo en dicho resultado el efecto de alzas puntuales en ítems específicos, en particular de las tarifas eléctricas, así como también el efecto del traspaso de la depreciación acumulada del peso. Destaca que si bien las expectativas de inflación para plazos más cortos se movieron al alza tras la publicación de este dato, se han mantenido bien ancladas en 3% en el horizonte de política; y que el consenso de mercado espera que la inflación descienda hasta ubicarse en torno al 3% a lo largo del año 2015. Indica que en el ámbito externo se ha observado bastante volatilidad en los precios de los commodities y en el valor del dólar a nivel global, lo que se explica fundamentalmente por los anuncios que se esperaba hiciera la Reserva Federal en su reunión de esta semana. Si bien ese Organismo no descartó iniciar sus alzas en la tasa de política a partir del mes de junio, señaló de manera clara que el ritmo de alzas de tasas sería más pausado que lo esperado anteriormente. Expresa que ello, sin duda, tendrá un impacto relevante sobre el mercado cambiario, abriendo el espacio para que el dólar se deprecie a nivel global, con el consecuente efecto sobre el precio de nuestra moneda. Consigna que, hasta ahora, la inflación en Chile ha estado muy incidida por la depreciación del tipo de cambio y algunos factores puntuales; que la economía crece bajo su potencial; y que si bien la tasa de desempleo se ha mantenido baja, es indudable que se han generado holguras de capacidad que están lejos de cerrarse. Señala que, probablemente, se registrará una recuperación en el ritmo de crecimiento en los próximos trimestres, pero gradual y que no permitirá que las holguras se compriman. Por su parte, existe un riesgo de que el desempleo aumente una vez que el empleo de la temporada estival se acabe. En opinión del Ministro de Hacienda, la prevalencia de la indexación en nuestra economía incide, sin duda, en la dinámica salarial, así como posibles movimientos al alza en el tipo de cambio plantean una necesidad de un monitoreo constante sobre la inflación. Agrega que después de los anuncios de la Reserva Federal de esta semana, los movimientos del tipo de cambio debiesen ser a la baja; además, las holguras de capacidad seguirán presentes, lo cual contribuirá a contener presiones al alza en los precios. En este contexto, señala que el mercado espera que la tasa de política se mantenga en los niveles actuales por varios meses. Al finalizar su intervención, expresa que la política monetaria ha contribuido de manera importante a moderar los costos del ajuste que ha vivido la economía producto de la caída de nuestros términos de intercambio y las nuevas condiciones financieras mundiales; que el proceso de recuperación de nuestro crecimiento está en marcha, pero aún es frágil; y que no habiendo riesgos inflacionarios relevantes, es fundamental que la política monetaria continúe contribuyendo a esta recuperación."
RPM-2015-04-16:6699:1,RPM-2015-04-16,2015-04-16,2015,Alberto Arenas de Mesa,Ministro de Hacienda,ministro_hacienda,debate,debate,29,False,,"El Ministro de Hacienda señor Alberto Arenas observa que el WEO considera para Chile una tasa de crecimiento de 1,8% en el 2014, en circunstancias que alcanzó a 1,9%."
RPM-2015-05-14:6763:1,RPM-2015-05-14,2015-05-14,2015,Enrique Marshall Rivera,Vicepresidente del Banco Central,consejo_votante,debate,debate,55,False,,"El Vicepresidente señor Enrique Marshall señala que el análisis presentado es bastante claro y reafirma la visión de que en la Zona Euro se restablece el equilibrio. En efecto, tanto las economías del centro como de su periferia crecen a tasas bastante similares, a excepción de Grecia, lo que configura un panorama de cierta tranquilidad."
RPM-2015-05-14:6768:1,RPM-2015-05-14,2015-05-14,2015,Joaquín Vial Ruiz-Tagle,Consejero,consejo_votante,mercado_laboral,mercado_laboral,89,False,,"El Consejero señor Joaquín Vial observa que el gráfico que se contiene al lado derecho de la lámina N° 32 de la presentación da cuenta de un panorama más negativo. No obstante, a partir del año 2014 es más positivo si se excluyen los datos de producción de cemento. Asimismo, llama la atención sobre el alza importante que exhiben las ventas de proveedores y también sobre el empleo en el sector, que si bien no aumenta, está relativamente estable a pesar de la caída general que registra en infraestructura."
RPM-2015-06-11:6810:1,RPM-2015-06-11,2015-06-11,2015,Consejo del Banco Central de Chile,Consejo,consejo_entidad,apertura_cierre,apertura_cierre,234,False,,"ACTA DE LA SESIÓN DE POLÍTICA MONETARIA N° 223 celebrada el día jueves 11 de junio de 2015 En Santiago de Chile, a 11 de junio de 2015, siendo las 11:30 horas, se reúne el Consejo del Banco Central de Chile bajo la presidencia del titular don Rodrigo Vergara Montes y con la asistencia del Vicepresidente don Enrique Marshall Rivera y de los Consejeros don Sebastián Claro Edwards, don Joaquín Vial Ruiz-Tagle y don Pablo García Silva. Asisten el Ministro de Hacienda, don Rodrigo Valdés Pulido, y en su representación, durante la segunda parte de la Reunión, concurre el Subsecretario de Hacienda, don Alejandro Micco Aguayo. Asisten también: Gerente General, don Alejandro Zurbuchen Silva; Fiscal y Ministro de Fe, don Juan Pablo Araya Marco; Gerente de División Estudios, don Alberto Naudon Dell’Oro; Gerente de División Operaciones Financieras, don Beltrán de Ramón Acevedo; Gerente de División Política Financiera, don Claudio Raddatz Kiefer; Gerente de División Estadísticas, doña Gloria Peña Tapia; Gerente de Análisis Macroeconómico, don Miguel Fuentes Díaz; Gerente de Investigación Económica, don Diego Saravia Tamayo; Gerente de Estrategia y Comunicación de Política Monetaria, don Enrique Orellana Cifuentes; Gerente de Estabilidad Financiera, don Rodrigo Alfaro Arancibia; Gerente de Comunicaciones, don Luis Álvarez Vallejos; Jefe del Departamento Análisis Internacional, don Diego Gianelli Gómez; Asesor del Ministerio de Hacienda, don Claudio Soto Gamboa; Economista Senior, doña Tatiana Vargas Manzo; y la Secretario General, doña Marlys Pabst Cortés."
RPM-2015-06-11:6857:2,RPM-2015-06-11,2015-06-11,2015,Joaquín Vial Ruiz-Tagle,Consejero,consejo_votante,decision_tpm,decision_tpm,377,False,,"El Consejero señor Joaquín Vial agradece a la Gerencia de División Estudios el análisis presentado, y manifiesta su concordancia con lo planteado en la Minuta de Antecedentes y en la Minuta de Opciones. Plantea que a pocos días de presentar el IPoM y con muy pocos datos nuevos, ninguno de los cuales cambia significativamente la visión del Consejo, le parece bastante claro que la única opción relevante es la que plantea la Gerencia de División Estudios en el sentido de mantener la tasa y el sesgo. Sin embargo, formula algunos breves comentarios sobre temas a seguir, que pueden tener impacto significativo en los meses venideros. En primer lugar, señala que los aumentos de tasas de interés en los mercados internacionales, aparejados a la apreciación del dólar, serían un anticipo de lo que viene en el futuro, a raíz del proceso gradual, pero complejo, de retiro de los estímulos monetarios extraordinarios de los últimos años. En su opinión, a medida que ello vaya ocurriendo, irá aumentando la carga financiera de gobiernos, empresas e incluso hogares, lo que influirá en una moderación del dinamismo y una prolongación de este proceso. Indica que un segundo aspecto dice relación con la persistente debilidad de los datos de crecimiento en China. En este contexto, si bien cree que las medidas de alivio financiero están más bien rebajando una carga financiera insoportable de gobiernos locales y empresas, parece difícil que quienes tienen ya elevadas deudas estén en condiciones de incurrir en nuevas para financiar aumentos en la inversión. Añade que tasas de interés al alza, un dólar más débil y una economía china que no repunta no constituyen un ambiente favorable para los mercados de materias primas y son factores que seguramente se van a seguir reflejando en el precio del cobre. En el plano local, considera que lo más destacado es la fortaleza que exhibe el mercado de trabajo, que pareciera estar ampliándose gradualmente a más sectores de actividad. A su juicio, dentro de un cuadro bastante general de debilidad de expectativas, este podría ser el factor endógeno con mayor probabilidad de sostener la recuperación de la demanda interna en 2015. En mérito de lo expuesto, el Consejero señor Joaquín Vial señala que su voto es por mantener la TPM en 3%."
RPM-2015-07-14:6878:1,RPM-2015-07-14,2015-07-14,2015,Diego Gianelli Gómez,Jefe del Departamento Análisis Internacional,staff_tecnico,inflacion,inflacion,367,False,,"El señor Diego Gianelli precisa que con la información entregada solo deja de manifiesto el nivel de discrepancia existente entre la percepción de los analistas y lo que sugieren los precios de mercado en relación con el inicio del alza de tasas. A continuación, el señor Diego Gianelli se refiere a la actividad global, representada en el heatmap de PMI manufacturero, que da cuenta de expectativas mixtas que validarían que la visión del último Informe de Política Monetaria, IPoM, es consistente con cierta rotación del crecimiento desde las economías emergentes hacia las avanzadas. En efecto, Estados Unidos de América y la Zona Euro — impulsada por Alemania y Francia—, consolidan los buenos niveles de expectativas en términos de crecimiento, mientras que Australia sorprende con una caída importante en este indicador. Asimismo, advierte que las expectativas industriales en América Latina comienzan a consolidarse en niveles bajo el pivote de expansión, y que en Asia empeoraron frente al mes previo, situándose también bajo 50. En cuanto al índice de sorpresas, se observan mejoras en todas las economías, a excepción de la Zona Euro, donde se encuentran estabilizadas en torno al pivote de 100 puntos. En materia de indicadores de actividad en América Latina, señala que las cifras se han estabilizado en niveles bajos, resaltando el caso de Perú, que sorprendió con un alza en el margen que no se condice con las expectativas que Consensus Forecast tiene para esta economía para este y el próximo año. Hace notar la importante correlación observada entre la desaceleración de la actividad y la evolución de las exportaciones en las economías latinoamericanas, donde el crecimiento de estas últimas se encuentra en terreno negativo, en parte por la depreciación de sus respectivas monedas. Al concluir su presentación, el señor Diego Gianelli señala que la inflación global en dólares permanece en niveles históricamente bajos, aunque exhibe un leve repunte frente a la Reunión previa debido a su estabilización en niveles altos en países de América Latina. Acota que en las economías avanzadas se mantiene en niveles históricamente bajos, medida en sus propias monedas, no así en Brasil y Perú, donde los altos registros de inflación en moneda local responderían al traspaso de la depreciación cambiaria."
RPM-2015-08-13:6955:1,RPM-2015-08-13,2015-08-13,2015,Beltrán de Ramón Acevedo,Gerente de División Operaciones Financieras,staff_tecnico,inflacion,inflacion,270,False,,"El Gerente de División Operaciones Financieras señor Beltrán de Ramón también expresa su preocupación respecto de la conclusión relativa al desanclaje de expectativas, atendido que, en su visión, este se manifiesta cuando el mercado no le cree al Banco Central. Plantea que al revisar los episodios anteriores, ello se podría resumir en una secuencia de tres actos. En el primero, la forward 1 en 1 se eleva hasta niveles cercanos a 6% en el episodio del año 2008 y a niveles del orden de 4,5 o 4,6% en marzo de 2011. A continuación, se produce un desanclaje de la EOF, específicamente en el dato de 3 a 24 meses. Y, por último, el dato de la EEE, en el año 2008 se elevó a 3,3%, retornó a 3% y terminó en 3,9%, y en el año 2011, se elevó levemente, pero previamente comenzó a aumentar su desviación respecto de la EOF. Hoy, en cambio, la EEE a dos años exhibe una desviación mínima, la menor en términos históricos; y los swaps, que es la medida que enciende las primeras alertas, se ubica en 2,97%, también en un nivel menor que su promedio histórico. Luego, hablar públicamente de un riesgo para el anclaje de las expectativas de inflación sería equivalente a decirle al mercado que no le crea al Banco en cuanto a que la inflación se mantendrá elevada por un año y que luego descenderá a niveles de 3 o 2,97%, porque el Banco piensa que las expectativas se pueden desanclar. Atendido lo expresado, llama a tener especial cuidado con los mensajes que se entreguen al mercado sobre esta materia."
RPM-2015-08-13:6962:1,RPM-2015-08-13,2015-08-13,2015,Rodrigo Vergara Montes,Presidente del Banco Central,consejo_votante,opciones_tpm,opciones_tpm,59,False,,"El Presidente señor Rodrigo Vergara deja constancia que la Reunión de Política Monetaria de febrero de 2016 se efectuará el día jueves 11 de ese mes y, a continuación, concede la palabra al Gerente de División Estudios señor Alberto Naudon a fin de que presente al Consejo las Opciones de Política Monetaria que se han considerado en esta oportunidad."
RPM-2015-08-13:6969:1,RPM-2015-08-13,2015-08-13,2015,Pablo García Silva,Consejero,consejo_votante,decision_tpm,decision_tpm,745,False,,"El Consejero señor Pablo García inicia su intervención agradeciendo los antecedentes proporcionados por la Gerencia de División Estudios para esta Reunión, así como también las opiniones expresadas en el día de hoy, que motivan una valiosa discusión ad portas de la elaboración del informe de Política Monetaria del mes de septiembre. Indica que su voto es por mantener la TPM en 3%, compartiendo, con ello, la recomendación de la Gerencia de División Estudios, no así la otra opción de política, pues dado que las expectativas privadas consideran como muy distante un cambio en dicha tasa, el mercado podría leer que con la inclusión de esta segunda opción el Banco Central está preparando el terreno para subir la tasa. En su opinión, ello constituiría un diagnóstico errado, y motiva su primera razón de discrepancia. Expresa que el que la inflación se ubique por encima de 4% por un tiempo tan prolongado es, evidentemente, motivo de preocupación, como lo ha señalado el Consejo públicamente. Es por ello que plantea la necesidad de evaluar cuidadosamente el conjunto de indicadores disponibles que pueden dar luces en cuanto a si esta situación es un riesgo inminente para la credibilidad de la meta de inflación. Indica que los antecedentes presentados en esta Reunión, que fueron más abundantes que en otras ocasiones, llevan a la Gerencia de División Estudios a concluir que dicho riesgo es acotado, lo que manifiesta compartir. Expresa que esta es una segunda razón, poderosa, por la cual estima que no corresponde considerar la opción de subir la TPM en esta oportunidad. Hace presente que, a diferencia de principios de los años 2008 y 2011, cuando se generaron, o incluso materializaron, riesgos bastante mayores de desanclaje de expectativas, en la actual coyuntura las holguras de capacidad van al alza, el precio de los commodities a la baja, y el tipo de cambio se ha depreciado. Además, las revisiones de los antecedentes coyunturales confirman que es esperable una revisión a la baja de las perspectivas de crecimiento para este año, con una expansión moderada en el próximo. Precisa que estos antecedentes dicen relación con la evolución del empleo, los salarios reales, los determinantes del consumo, la dinámica de la inversión y los indicadores de expectativas, así como también con el escenario externo y el desempeño de nuestros principales socios comerciales, en particular China. Agrega que a partir de las reuniones preparatorias para el IPoM, la brecha de capacidad está generando presiones desinflacionarias, las que aumentarán en trimestres venideros en el escenario de proyección que se ha presentado. Deja constancia que esta es una tercera razón por la cual considera que no corresponde considerar la opción de subir la TPM. Hace presente que existe un consenso bastante amplio respecto de que es justamente la depreciación del peso la que ha estado detrás de la inflación por encima del rango meta por más de un año y que motiva perspectivas de mayor inflación también de aquí a fines de año. De hecho, el tipo de cambio nominal ha mostrado incrementos interanuales por veinticuatro meses seguidos. A su juicio, ello motiva una cuarta razón por la cual es cuestionable que se considere la opción de aumentar la TPM. Ella proviene del hecho de que a pesar de que tenemos una intranquilidad evidente por el nivel que ha alcanzado la inflación y un consenso bastante amplio respecto de que esta mayor inflación es por el mayor valor del dólar en Chile, no hemos manifestado intranquilidad alguna respecto de esta depreciación del peso. Por ello, el contemplar la opción de subir la TPM en esta coyuntura puede señalizar que el único mecanismo preventivo para evitar un desanclaje de expectativas es una ampliación aún mayor de las holguras de capacidad. En términos de escenarios de riesgo, plantea que una depreciación del peso de una magnitud tal que el aumento subsiguiente de la inflación cuestione el compromiso del Banco Central con la meta, forzando un alza de la TPM aun en una situación débil del ciclo, constituye en su opinión una circunstancia excepcional que amerita considerar la intervención cambiaria esterilizada, preservando así la autonomía de la política monetaria. De lo contrario, se puede validar en las expectativas privadas una reacción procíclica de política monetaria, aspecto que no es coherente con nuestro esquema de metas de inflación. En razón de lo expresado precedentemente, el Consejero señor Pablo García manifiesta su concordancia con la recomendación de la Gerencia de División Estudios en orden a mantener la TPM en 3%."
RPM-2015-09-15:6980:1,RPM-2015-09-15,2015-09-15,2015,Consejo del Banco Central de Chile,Consejo,consejo_entidad,apertura_cierre,apertura_cierre,213,False,,"ACTA DE LA SESIÓN DE POLÍTICA MONETARIA N° 226 celebrada el día martes 15 de septiembre de 2015 En Santiago de Chile, a 15 de septiembre de 2015, siendo las 11:30 horas, se reúne el Consejo del Banco Central de Chile bajo la presidencia del titular don Rodrigo Vergara Montes y con la asistencia del Vicepresidente don Sebastián Claro Edwards y de los Consejeros don Joaquín Vial Ruiz-Tagle y don Pablo García Silva. Asiste el Subsecretario de Hacienda, don Alejandro Micco Aguayo. Asisten también: Gerente General, don Alejandro Zurbuchen Silva; Fiscal y Ministro de Fe, don Juan Pablo Araya Marco; Gerente de División Estudios, don Alberto Naudon Dell’Oro; Gerente de División Operaciones Financieras, don Beltrán de Ramón Acevedo; Gerente de División Política Financiera Subrogante, don Rodrigo Alfaro Arancibia; Gerente de División Estadísticas, doña Gloria Peña Tapia; Gerente de Análisis Macroeconómico, don Miguel Fuentes Díaz; Gerente de Modelación y Análisis Económico, don Elias Albagli Iruretagoyena; Gerente de Estrategia y Comunicación de Política Monetaria, don Enrique Orellana Cifuentes; Gerente de Mercados Nacionales, don Matías Bernier Bórquez; Gerente de Comunicaciones, don Luis Alvarez Vallejos; Jefe del Departamento Análisis Internacional, don Diego Gianelli Gómez; Asesor del Ministerio de Hacienda, don Claudio Soto Gamboa; Economista Senior, doña Natalia Gallardo Schnettler; y la Secretario General, doña Marlys Pabst Cortés."
RPM-2015-09-15:7045:1,RPM-2015-09-15,2015-09-15,2015,Consejo del Banco Central de Chile,Consejo,consejo_entidad,acuerdo_comunicado,acuerdo_comunicado,314,False,,"Conforme a la votación efectuada por los señores Consejeros, el Consejo adoptó el siguiente Acuerdo: N° 226-01-150915 - Tasa de Política Monetaria En su reunión mensual de política monetaria, el Consejo del Banco Central de Chile acordó mantener la tasa de interés de política monetaria en 3% anual. Al concluir la Reunión, se procede a dar lectura al texto del Comunicado, que es del siguiente tenor: Comunicado “En su reunión mensual de política monetaria, el Consejo del Banco Central de Chile acordó mantener la tasa de interés de política monetaria en 3% anual. En el ámbito externo, los mercados financieros siguen mostrando una alta volatilidad. Destacan los riesgos relacionados con los desarrollos de la economía china, la incertidumbre acerca de la próxima decisión de la Reserva Federal y el deterioro del escenario para América Latina, en particular Brasil. La volatilidad se ha manifestado también en los precios de las materias primas, especialmente del petróleo y, en menor medida, del cobre. En lo interno, el IPC de agosto sorprendió al alza, mayormente por sus componentes más volátiles. Con ello, la inflación anual alcanzó a 5%. La inflación subyacente — IPCSAE— no tuvo mayores sorpresas respecto de lo previsto. Las expectativas de inflación aumentaron en algunos plazos. Su evolución se seguirá monitoreando con especial atención. Por su parte, la actividad y la demanda siguen débiles, y los indicadores de confianza se volvieron más pesimistas. La creación de empleo privado y el crecimiento anual de los salarios no muestran mayores cambios respecto del mes previo. En línea con el IPoM de septiembre, el Consejo considera que la convergencia de la inflación a 3% en el horizonte de política requerirá reducir el elevado estímulo monetario actual. Dados los antecedentes recientes, se prevé que este proceso comenzará en el corto plazo. El Consejo reafirma su compromiso de conducir la política monetaria con flexibilidad, acorde con la meta de inflación.”"
RPM-2015-10-15:7075:1,RPM-2015-10-15,2015-10-15,2015,Alberto Naudon Dell'Oro,Gerente de División Estudios,staff_tecnico,escenario_internacional,escenario_internacional,76,False,,"El señor Alberto Naudon añade que los futuros se han corregido al alza e indican en el margen que la visión de mediano plazo de los commodities alimenticios difiere de la de aquellos no alimenticios, porque, a diferencia de la demanda por metales u otros bienes, la demanda por alimentos no se vería afectada por la evolución de la economía china. Ello apoya la visión del mercado en cuanto a que su caída no se profundizará."
RPM-2015-10-15:7093:1,RPM-2015-10-15,2015-10-15,2015,Rodrigo Vergara Montes,Presidente del Banco Central,consejo_votante,debate,debate,20,False,,"El Presidente señor Rodrigo Vergara agradece la presentación del señor Miguel Fuentes y, a continuación, ofrece la palabra para comentarios."
RPM-2015-10-15:7107:1,RPM-2015-10-15,2015-10-15,2015,Rodrigo Vergara Montes,Presidente del Banco Central,consejo_votante,debate,debate,24,False,,"El Presidente señor Rodrigo Vergara agradece la presentación del Consejero señor Joaquín Vial y, a continuación, concede la palabra al Vicepresidente señor Sebastián Claro."
RPM-2015-11-12:7124:2,RPM-2015-11-12,2015-11-12,2015,Alberto Naudon Dell'Oro,Gerente de División Estudios,staff_tecnico,escenario_internacional,escenario_internacional,224,False,,"El señor Alberto Naudon complementa lo expresado por el Presidente señor Rodrigo Vergara, haciendo notar diferencias en el comportamiento de la inflación de bienes no transables. En efecto, en Estados Unidos se habría acelerado, en parte, por la evolución del mercado del trabajo y salarios, no así en la Zona Euro en que continúa baja. Además, comparte las preocupaciones formuladas sobre el efecto de la divergencia de política monetaria en el precio de los commodities, como canal fundamental a través del cual se vería impactada la economía chilena. Hace referencia a las tensiones identificadas en la presentación, en especial, a la incertidumbre respecto a la velocidad y nivel de llegada de la tasa. Cree que la FED tiene espacio para un alza más gradual que la que indican los puntos dots y que se iría acercando a la posición del mercado. Sin embargo, ello implicaría que durante parte importante de 2017 las tasas reales en Estados Unidos sean negativas, lo que no se condice con una economía que a esa fecha tendrá mayor crecimiento e inflación y un mercado del trabajo más estrecho. Estima que la FED tratará de suavizar dicha tensión, pero tiene dudas si existe espacio suficiente para mantener tasas demasiado bajas por mucho tiempo, lo que podría generar una reversión de los premios por plazo e impactar en los mercados financieros."
RPM-2015-11-12:7129:1,RPM-2015-11-12,2015-11-12,2015,Alberto Naudon Dell'Oro,Gerente de División Estudios,staff_tecnico,debate,debate,30,False,,"El Gerente de División Estudios señor Alberto Naudon señala que, internamente, se ha optado por la utilización de un rango, que en este caso se ha desplazado levemente hacia arriba."
RPM-2015-11-12:7148:3,RPM-2015-11-12,2015-11-12,2015,Rodrigo Vergara Montes,Presidente del Banco Central,consejo_votante,acuerdo_comunicado,acuerdo_comunicado,49,False,,"El Presidente señor Rodrigo Vergara agradece la opinión del Subsecretario de Hacienda señor Alejandro Micco y, conforme al orden de esta Sesión, da paso al proceso de votación de las opciones planteadas por la Gerencia de División Estudios, ofreciendo, en primer término, la palabra al Consejero señor Mario Marcel."
RPM-2015-12-17:7207:1,RPM-2015-12-17,2015-12-17,2015,Alberto Naudon Dell'Oro,Gerente de División Estudios,staff_tecnico,opciones_tpm,opciones_tpm,329,False,,"El señor Alberto Naudon plantea que dicha diferencia se sustenta en dos elementos. En primer término, menciona que la diferencia estaría concentrada en la primera parte del año por razones que son difíciles de conocer, y que la proyección interna se reafirma en los siguientes elementos. Primeramente, si se descuenta el efecto del impuesto de timbres y estampillas durante los primeros seis meses del 2016, la inflación resultaría similar a la del año 2015, debido a que la depreciación del peso y holguras de capacidad serían parecidas en ambos ejercicios. Agrega que la diferencia respecto del año 2015 podría explicarse por las cláusulas de indexación y una depreciación adicional del peso que presiona la inflación al alza, pero que serían compensadas por la caída del precio del petróleo. Enfatiza que si bien los elementos que podrían explicar esta diferencia no se advierten con nitidez, manifiesta su plena convicción en cuanto a que la proyección interna es la mejor aproximación disponible. En segundo término, reconoce que no es la primera vez que nuestras proyecciones difieren y son mayores que las del mercado. En su opinión, el escenario de riesgo local, que contempla ajustes que podrían llevar a la economía a crecer algo por debajo de 2%, podría explicar nuestros errores de proyección, ya que en dicho contexto podríamos tener inflaciones efectivas 3 o 4 décimas menores que las previstas, en línea con las esperadas por el mercado. Plantea que incluso en ese escenario parece razonable llevar la tasa de política a 3,5%, tal como se recomienda en la minuta de opciones. Sin perjuicio de ello, en estos meses se irá evaluando si el escenario efectivo es más cercano al escenario base o al escenario de riesgo y, en ese momento, se irán acercando posiciones en una u otra dirección. Por último, acota que algunos analistas de mercado esperan que el tipo de cambio caiga en torno a los $660 a fines de año, con la consiguiente incidencia en la inflación."
RPM-2015-12-17:7210:1,RPM-2015-12-17,2015-12-17,2015,Alberto Naudon Dell'Oro,Gerente de División Estudios,staff_tecnico,acuerdo_comunicado,acuerdo_comunicado,1006,False,,"El señor Alberto Naudon inicia su intervención refiriéndose a los principales desarrollos acontecidos desde la última Reunión de Política Monetaria. Señala que las noticias conocidas desde la última Reunión y el análisis del IPoM del mes de diciembre dan cuenta de que el escenario planteado en el Informe anterior, con mayores presiones inflacionarias de corto plazo, pero menores en el mediano, se ha intensificado. Expresa que en el corto plazo, la inflación subyacente ha sido algo mayor que lo presupuestado, en un contexto donde el peso se ha depreciado, las holguras de capacidad siguen acotadas —como lo sugiere la evolución del mercado laboral— y los patrones históricos de indexación siguen actuando. Así, resalta que la inflación SAE servicios, típicamente más asociada a la de los no transables, continúa alta, sin indicios de que vaya a sufrir una corrección rápida. Por su parte, el aumento que la inflación SAE bienes ha tenido en los últimos trimestres —muy asociado a la evolución del tipo de cambio— sigue explicando la mayor parte del incremento de la inflación. Por otra parte, informa que el escenario de crecimiento para el año 2016 se ha corregido a la baja desde el IPoM del mes de septiembre, en gran medida como consecuencia del deterioro del escenario externo, donde el crecimiento de nuestros socios comerciales se ha corregido algo a la baja y las condiciones financieras globales que enfrentan las economías emergentes se han vuelto a deteriorar, todo ello en un ambiente de claro deterioro de nuestros términos de intercambio. De esta forma, consigna que la proyección de inflación subyacente se ha corregido fundamentalmente por una mayor inflación prevista durante los primeros meses del año, mientras que hacia fines del 2016 e inicios del 2017 se esperan velocidades de inflación algo menores. Agrega que la reciente baja del precio de los combustibles y la menor incidencia de los alimentos también han contribuido a la contención de la inflación. Con todo, manifiesta que de acuerdo con nuestra proyección, la inflación bajará de 4% solo a fines de 2016, con registros todavía altos en los primeros meses del año. Hace presente que en este contexto de debilidad del crecimiento, la Gerencia de División Estudios cree que, a pesar de la alta inflación actual, la política monetaria debe continuar contribuyendo a la recuperación de la economía, manteniéndose en terreno expansivo. Sin embargo, en línea con una inflación que ha resultado ser mayor y más persistente que lo previsto, estima que los grados de expansividad deben acotarse respecto de los niveles actuales para asegurar la convergencia de la inflación a la meta dentro del horizonte de proyección. En razón de ello, se inclina por recomendar un aumento de 25 puntos base en esta Reunión, para llevar la tasa de política a 3,5%. Indica que, en lo grueso, este análisis no difiere mucho de lo consignado en el Informe del mes de septiembre, salvo que la mayor inflación subyacente prevista y observada en el corto plazo ha hecho aconsejable adelantar parcialmente la reducción del estímulo monetario. Hace notar, además, que medida en términos reales, la TPM sigue siendo baja, aun después de considerar los ajustes que se han hecho y que se proponen para esta Reunión. Además, de seguir una trayectoria similar al supuesto de trabajo del IPoM, la tasa real estará claramente por debajo de los niveles que se consideran neutrales durante todo el horizonte de proyección, coherente con un escenario de crecimiento débil como el planteado en el escenario base. Manifiesta que el análisis interno también sugiere que los riesgos para la actividad están principalmente a la baja, ya que, por una parte, el escenario externo se ha tornado más complejo, especialmente para las economías emergentes, con precios de commodities, incluyendo el del cobre, que se espera sigan bajos por un tiempo mayor, y condiciones financieras menos favorables. Por otra parte, los indicadores de confianza permanecen bajos y no dan signos de repuntar, a pesar de que el crecimiento de la economía parece estabilizarse, aunque en niveles bajos, y que el mercado laboral continúa mostrando un grado de resiliencia importante. Además, no es descartable que se observe una corrección más rápida del mercado laboral, con su consecuente efecto negativo en la inflación y el consumo. En este contexto, plantea que la opción de mantener parece ser relevante de incorporar en esta Reunión. Sin embargo, varias razones llevan a preferir la opción de subir. En primer lugar, un aumento a 3,5% es lo más coherente con el escenario base del IPoM que se dará conocer el lunes próximo. En segundo término, las simulaciones que se han realizado de escenarios donde, por distintos motivos, la actividad crece del orden de 0,5 puntos porcentuales menos, sugieren que una tasa que se mantiene en torno a 3,5% por un tiempo prolongado sigue siendo adecuada. En tercer lugar, aunque esta vez el mercado se muestra más dividido respecto de la decisión que se adoptará en la presente Reunión, un aumento no lo sorprendería. Por último, se espera un aumento de la inflación anual durante los primeros meses del año, que la ubicarán por sobre las expectativas de mercado, lo que hace menos aconsejable retrasar una alza que tiene una probabilidad alta de ser ejecutada. Respecto del sesgo, indica que la decisión es menos obvia. Por una parte, de seguir una trayectoria similar a la del supuesto del trabajo del IPoM, la próxima alza después del mes de diciembre sería en el segundo trimestre, algo más espaciado que lo que se ha hecho en los últimos meses. Ello aconsejaría un sesgo neutral. Por otra parte, un sesgo neutro puede dar la sensación de que no estamos validando la curva de tasas actual, la que es muy similar a la usada en las proyecciones del IPoM que se presentará el próximo lunes 21 de diciembre. En este contexto, manifiesta que la sugerencia de la Gerencia de División Estudios es la de mantener el sesgo al alza, pero que considere alguna referencia a que el espacio de tiempo antes de la próxima alza será mayor."
RPM-2015-12-17:7211:1,RPM-2015-12-17,2015-12-17,2015,Rodrigo Vergara Montes,Presidente del Banco Central,consejo_votante,acuerdo_comunicado,acuerdo_comunicado,35,False,,"El Presidente señor Rodrigo Vergara agradece la exposición del Gerente de División Estudios señor Alberto Naudon y no habiendo comentarios por parte del staff, ofrece la palabra al Ministro de Hacienda subrogante señor Alejandro Micco."
