intervencion_id,meeting_id,fold,etiqueta_v2,pred_a,pred_tfidf,pred_beto,pred_b_tfidf,pred_b_beto,prob_b_hawkish,prob_b_dovish,prob_b_neutral,error_tfidf,error_beto,ambiguo_hd_conocido,n_segmentos_declarados
RPM-2005-01-11:10:1,RPM-2005-01-11,3,neutral,1,neutral,neutral,neutral,neutral,0.001154273864813149,0.003813187126070261,0.995032548904419,correcto,correcto,0,1
RPM-2005-01-11:11:1,RPM-2005-01-11,3,neutral,1,neutral,neutral,neutral,neutral,0.0009860993595793843,0.00237523065879941,0.9966386556625366,correcto,correcto,0,1
RPM-2005-01-11:12:1,RPM-2005-01-11,3,neutral,1,neutral,neutral,neutral,neutral,0.0009510429226793349,0.0021039939019829035,0.9969449639320374,correcto,correcto,0,1
RPM-2005-01-11:13:1,RPM-2005-01-11,3,neutral,1,neutral,neutral,neutral,neutral,0.0010769274085760117,0.002647176617756486,0.9962759017944336,correcto,correcto,0,1
RPM-2005-01-11:14:1,RPM-2005-01-11,3,neutral,1,neutral,neutral,neutral,neutral,0.0008726374362595379,0.002398089971393347,0.9967292547225952,correcto,correcto,0,1
RPM-2005-01-11:15:1,RPM-2005-01-11,3,neutral,1,neutral,neutral,neutral,neutral,0.000999033683910966,0.0028445657808333635,0.9961563944816589,correcto,correcto,0,1
RPM-2005-01-11:16:1,RPM-2005-01-11,3,neutral,1,neutral,neutral,neutral,neutral,0.00088520284043625,0.0021278164349496365,0.9969870448112488,correcto,correcto,0,1
RPM-2005-01-11:17:1,RPM-2005-01-11,3,neutral,1,neutral,neutral,neutral,neutral,0.0010625328868627548,0.0028222103137522936,0.9961152076721191,correcto,correcto,0,1
RPM-2005-01-11:18:1,RPM-2005-01-11,3,neutral,1,neutral,neutral,neutral,neutral,0.0008749014814384282,0.0021373836789280176,0.9969877600669861,correcto,correcto,0,1
RPM-2005-01-11:19:1,RPM-2005-01-11,3,neutral,1,neutral,neutral,neutral,neutral,0.0008976205717772245,0.0020776360761374235,0.9970248341560364,correcto,correcto,0,1
RPM-2005-01-11:1:1,RPM-2005-01-11,3,neutral,0,neutral,neutral,neutral,neutral,0.14608517289161682,0.12081683427095413,0.7330979704856873,correcto,correcto,0,1
RPM-2005-01-11:20:1,RPM-2005-01-11,3,neutral,1,neutral,neutral,neutral,neutral,0.0008897671359591186,0.002335506957024336,0.9967747330665588,correcto,correcto,0,1
RPM-2005-01-11:21:1,RPM-2005-01-11,3,neutral,1,neutral,neutral,neutral,neutral,0.0009769091848284006,0.002261098474264145,0.9967619180679321,correcto,correcto,0,1
RPM-2005-01-11:22:1,RPM-2005-01-11,3,neutral,1,neutral,neutral,neutral,neutral,0.0009935073321685195,0.002133541274815798,0.9968729615211487,correcto,correcto,0,1
RPM-2005-01-11:23:1,RPM-2005-01-11,3,neutral,1,neutral,neutral,neutral,neutral,0.0009020878351293504,0.0021547561045736074,0.9969431757926941,correcto,correcto,0,1
RPM-2005-01-11:24:1,RPM-2005-01-11,3,neutral,1,neutral,neutral,neutral,neutral,0.0009527566144242883,0.0029506986029446125,0.9960965514183044,correcto,correcto,0,1
RPM-2005-01-11:25:1,RPM-2005-01-11,3,neutral,1,neutral,neutral,neutral,neutral,0.0008851976017467678,0.0021823060233145952,0.9969325065612793,correcto,correcto,0,1
RPM-2005-01-11:26:1,RPM-2005-01-11,3,neutral,1,neutral,neutral,neutral,neutral,0.0012518672738224268,0.003882618388161063,0.9948654770851135,correcto,correcto,0,1
RPM-2005-01-11:27:1,RPM-2005-01-11,3,neutral,1,neutral,neutral,neutral,neutral,0.0008793365559540689,0.002236535307019949,0.9968841671943665,correcto,correcto,0,1
RPM-2005-01-11:28:1,RPM-2005-01-11,3,neutral,0,neutral,neutral,neutral,neutral,0.01811189390718937,0.02914884127676487,0.9527392387390137,correcto,correcto,0,1
RPM-2005-01-11:28:2,RPM-2005-01-11,3,neutral,0,neutral,neutral,neutral,neutral,0.059418756514787674,0.06847293674945831,0.8721083402633667,correcto,correcto,0,1
RPM-2005-01-11:29:1,RPM-2005-01-11,3,neutral,1,neutral,neutral,neutral,neutral,0.0017440414521843195,0.012059729546308517,0.9861962795257568,correcto,correcto,0,1
RPM-2005-01-11:2:1,RPM-2005-01-11,3,neutral,0,neutral,neutral,neutral,neutral,0.02670944482088089,0.07454381138086319,0.8987467885017395,correcto,correcto,0,1
RPM-2005-01-11:30:1,RPM-2005-01-11,3,neutral,1,neutral,dovish,neutral,dovish,0.16024619340896606,0.7552440166473389,0.08450976759195328,correcto,n_a_hd,0,1
RPM-2005-01-11:31:1,RPM-2005-01-11,3,neutral,1,neutral,neutral,neutral,neutral,0.0011766947573050857,0.0046311235055327415,0.9941921830177307,correcto,correcto,0,1
RPM-2005-01-11:32:1,RPM-2005-01-11,3,neutral,1,neutral,neutral,neutral,neutral,0.004385100211948156,0.03236590698361397,0.9632489681243896,correcto,correcto,0,1
RPM-2005-01-11:33:1,RPM-2005-01-11,3,neutral,1,neutral,neutral,neutral,neutral,0.0025815798435360193,0.018664678558707237,0.9787538051605225,correcto,correcto,0,1
RPM-2005-01-11:34:1,RPM-2005-01-11,3,neutral,1,neutral,neutral,neutral,neutral,0.004202448762953281,0.04250779375433922,0.953289806842804,correcto,correcto,0,1
RPM-2005-01-11:35:1,RPM-2005-01-11,3,neutral,1,neutral,neutral,neutral,neutral,0.0024783925618976355,0.01626349426805973,0.9812581539154053,correcto,correcto,0,1
RPM-2005-01-11:36:1,RPM-2005-01-11,3,neutral,1,neutral,neutral,neutral,neutral,0.003068494377657771,0.028964458033442497,0.9679670929908752,correcto,correcto,0,1
RPM-2005-01-11:37:1,RPM-2005-01-11,3,neutral,0,neutral,neutral,neutral,neutral,0.002386267762631178,0.009257803671061993,0.9883559942245483,correcto,correcto,0,1
RPM-2005-01-11:38:1,RPM-2005-01-11,3,hawkish,1,hawkish,hawkish,hawkish,hawkish,0.8402796983718872,0.12804275751113892,0.031677622348070145,correcto,correcto,0,3
RPM-2005-01-11:39:1,RPM-2005-01-11,3,hawkish,1,hawkish,hawkish,hawkish,hawkish,0.8161137700080872,0.15354450047016144,0.030341770499944687,correcto,correcto,0,1
RPM-2005-01-11:3:1,RPM-2005-01-11,3,neutral,1,neutral,neutral,neutral,neutral,0.037703726440668106,0.11067216843366623,0.851624071598053,correcto,correcto,0,4
RPM-2005-01-11:40:1,RPM-2005-01-11,3,neutral,0,neutral,neutral,neutral,neutral,0.0047578527592122555,0.015476302243769169,0.9797658324241638,correcto,correcto,0,1
RPM-2005-01-11:41:1,RPM-2005-01-11,3,hawkish,1,hawkish,hawkish,hawkish,hawkish,0.9858783483505249,0.010666978545486927,0.0034546840470284224,correcto,correcto,0,1
RPM-2005-01-11:42:1,RPM-2005-01-11,3,neutral,1,dovish,neutral,dovish,neutral,0.0025479693431407213,0.017219457775354385,0.9802325963973999,n_a_hd,correcto,0,1
RPM-2005-01-11:43:1,RPM-2005-01-11,3,neutral,1,neutral,neutral,neutral,neutral,0.0010063486406579614,0.0038961886893957853,0.9950974583625793,correcto,correcto,0,1
RPM-2005-01-11:44:1,RPM-2005-01-11,3,neutral,1,neutral,neutral,neutral,neutral,0.004018622916191816,0.04324037581682205,0.9527409672737122,correcto,correcto,0,1
RPM-2005-01-11:45:1,RPM-2005-01-11,3,neutral,1,neutral,neutral,neutral,neutral,0.0009285227861255407,0.0023887394927442074,0.9966827034950256,correcto,correcto,0,1
RPM-2005-01-11:46:1,RPM-2005-01-11,3,hawkish,1,neutral,neutral,neutral,neutral,0.0008971127099357545,0.002968417713418603,0.9961344003677368,hd_a_n,hd_a_n,0,1
RPM-2005-01-11:47:1,RPM-2005-01-11,3,neutral,0,neutral,neutral,neutral,neutral,0.0016647469019517303,0.006235063076019287,0.992100179195404,correcto,correcto,0,1
RPM-2005-01-11:48:1,RPM-2005-01-11,3,neutral,1,neutral,neutral,neutral,neutral,0.0015727074351161718,0.0074364785104990005,0.9909907579421997,correcto,correcto,0,1
RPM-2005-01-11:49:1,RPM-2005-01-11,3,neutral,0,neutral,neutral,neutral,neutral,0.011713293381035328,0.022727571427822113,0.965559184551239,correcto,correcto,0,1
RPM-2005-01-11:4:1,RPM-2005-01-11,3,neutral,1,neutral,neutral,neutral,neutral,0.03351778909564018,0.1091870665550232,0.8572951555252075,correcto,correcto,0,2
RPM-2005-01-11:50:1,RPM-2005-01-11,3,hawkish,1,hawkish,hawkish,hawkish,hawkish,0.9877089262008667,0.009214351885020733,0.0030767919961363077,correcto,correcto,0,1
RPM-2005-01-11:51:1,RPM-2005-01-11,3,hawkish,1,hawkish,hawkish,hawkish,hawkish,0.9804866909980774,0.016326840966939926,0.0031864908523857594,correcto,correcto,0,2
RPM-2005-01-11:52:1,RPM-2005-01-11,3,hawkish,1,hawkish,hawkish,hawkish,hawkish,0.9522075057029724,0.04473138600587845,0.003061045426875353,correcto,correcto,0,1
RPM-2005-01-11:53:1,RPM-2005-01-11,3,hawkish,1,hawkish,hawkish,hawkish,hawkish,0.5799367427825928,0.36979058384895325,0.05027268826961517,correcto,correcto,0,1
RPM-2005-01-11:54:1,RPM-2005-01-11,3,hawkish,1,hawkish,hawkish,hawkish,hawkish,0.9844299554824829,0.011207975447177887,0.004362128209322691,correcto,correcto,0,1
RPM-2005-01-11:55:1,RPM-2005-01-11,3,neutral,1,neutral,neutral,neutral,neutral,0.09787309169769287,0.13612577319145203,0.7660011649131775,correcto,correcto,0,1
RPM-2005-01-11:56:1,RPM-2005-01-11,3,hawkish,1,neutral,neutral,neutral,neutral,0.05262883007526398,0.17952598631381989,0.7678451538085938,hd_a_n,hd_a_n,0,1
RPM-2005-01-11:57:1,RPM-2005-01-11,3,hawkish,1,hawkish,hawkish,hawkish,hawkish,0.9856802225112915,0.009540461003780365,0.00477926479652524,correcto,correcto,0,1
RPM-2005-01-11:5:1,RPM-2005-01-11,3,hawkish,1,hawkish,dovish,hawkish,dovish,0.2615901231765747,0.5890840888023376,0.14932580292224884,correcto,inversion_hd,0,2
RPM-2005-01-11:6:1,RPM-2005-01-11,3,neutral,0,neutral,neutral,neutral,neutral,0.0009295997442677617,0.0026590891648083925,0.9964113831520081,correcto,correcto,0,1
RPM-2005-01-11:7:1,RPM-2005-01-11,3,neutral,1,neutral,neutral,neutral,neutral,0.0008430907619185746,0.0026527410373091698,0.9965041875839233,correcto,correcto,0,1
RPM-2005-01-11:8:1,RPM-2005-01-11,3,neutral,1,neutral,neutral,neutral,neutral,0.0009052579989656806,0.0022471933625638485,0.9968475699424744,correcto,correcto,0,1
RPM-2005-01-11:9:1,RPM-2005-01-11,3,neutral,1,neutral,neutral,neutral,neutral,0.0008635318372398615,0.0019708052277565002,0.9971657395362854,correcto,correcto,0,1
RPM-2005-03-10:140:1,RPM-2005-03-10,1,neutral,0,neutral,neutral,neutral,neutral,0.013213162310421467,0.07311716675758362,0.9136697053909302,correcto,correcto,0,1
RPM-2005-03-10:141:1,RPM-2005-03-10,1,neutral,0,neutral,neutral,neutral,hawkish,0.4462432861328125,0.3834550082683563,0.17030176520347595,correcto,correcto,0,1
RPM-2005-03-10:142:1,RPM-2005-03-10,1,neutral,1,neutral,neutral,neutral,neutral,0.0012394918594509363,0.005986130330711603,0.9927743673324585,correcto,correcto,0,1
RPM-2005-03-10:143:1,RPM-2005-03-10,1,neutral,1,neutral,neutral,neutral,neutral,0.007029346190392971,0.08623230457305908,0.9067384004592896,correcto,correcto,0,2
RPM-2005-03-10:144:1,RPM-2005-03-10,1,neutral,1,neutral,neutral,neutral,neutral,0.004162718541920185,0.026988442987203598,0.9688488245010376,correcto,correcto,0,2
RPM-2005-03-10:145:1,RPM-2005-03-10,1,neutral,1,neutral,neutral,neutral,neutral,0.029841143637895584,0.27992236614227295,0.690236508846283,correcto,correcto,0,2
RPM-2005-03-10:146:1,RPM-2005-03-10,1,neutral,1,neutral,neutral,neutral,neutral,0.013790602795779705,0.09830134361982346,0.8879080414772034,correcto,correcto,0,2
RPM-2005-03-10:147:1,RPM-2005-03-10,1,neutral,1,neutral,neutral,neutral,neutral,0.0022525442764163017,0.014684084802865982,0.9830633997917175,correcto,correcto,0,2
RPM-2005-03-10:148:1,RPM-2005-03-10,1,neutral,1,neutral,neutral,neutral,neutral,0.0023519759997725487,0.013424494303762913,0.9842235445976257,correcto,correcto,0,2
RPM-2005-03-10:149:1,RPM-2005-03-10,1,neutral,1,neutral,neutral,neutral,neutral,0.002390211680904031,0.011531169526278973,0.9860785603523254,correcto,correcto,0,2
RPM-2005-03-10:150:1,RPM-2005-03-10,1,neutral,1,neutral,neutral,neutral,neutral,0.0025125371757894754,0.011946085840463638,0.9855414032936096,correcto,correcto,0,2
RPM-2005-03-10:151:1,RPM-2005-03-10,1,neutral,1,neutral,neutral,neutral,neutral,0.0032256185077130795,0.01774587109684944,0.9790285229682922,correcto,correcto,0,2
RPM-2005-03-10:152:1,RPM-2005-03-10,1,neutral,1,neutral,neutral,neutral,neutral,0.003959852270781994,0.028212320059537888,0.9678277969360352,correcto,correcto,0,2
RPM-2005-03-10:153:1,RPM-2005-03-10,1,neutral,0,neutral,neutral,neutral,neutral,0.0022410829551517963,0.011593873612582684,0.9861650466918945,correcto,correcto,0,1
RPM-2005-03-10:154:1,RPM-2005-03-10,1,neutral,1,neutral,neutral,neutral,neutral,0.0010450574336573482,0.004630961921066046,0.9943239688873291,correcto,correcto,0,1
RPM-2005-03-10:155:1,RPM-2005-03-10,1,neutral,1,neutral,neutral,neutral,neutral,0.0009702942334115505,0.0030662857461720705,0.995963454246521,correcto,correcto,0,1
RPM-2005-03-10:156:1,RPM-2005-03-10,1,neutral,1,neutral,neutral,neutral,neutral,0.0011093283537775278,0.005551409907639027,0.9933392405509949,correcto,correcto,0,1
RPM-2005-03-10:157:1,RPM-2005-03-10,1,neutral,1,neutral,neutral,neutral,neutral,0.001035223132930696,0.003024286823347211,0.9959405660629272,correcto,correcto,0,1
RPM-2005-03-10:158:1,RPM-2005-03-10,1,neutral,1,neutral,neutral,neutral,neutral,0.0009930288651958108,0.0033493144437670708,0.9956576824188232,correcto,correcto,0,1
RPM-2005-03-10:159:1,RPM-2005-03-10,1,neutral,1,neutral,neutral,neutral,neutral,0.000908982299733907,0.0030895420350134373,0.9960014224052429,correcto,correcto,0,1
RPM-2005-03-10:160:1,RPM-2005-03-10,1,neutral,1,neutral,neutral,neutral,neutral,0.0009527535876259208,0.0033585382625460625,0.9956887364387512,correcto,correcto,0,1
RPM-2005-03-10:161:1,RPM-2005-03-10,1,neutral,1,neutral,neutral,neutral,neutral,0.007608512882143259,0.13311834633350372,0.8592730760574341,correcto,correcto,0,1
RPM-2005-03-10:162:1,RPM-2005-03-10,1,neutral,1,neutral,neutral,neutral,neutral,0.0012489577056840062,0.004742778837680817,0.9940083026885986,correcto,correcto,0,1
RPM-2005-03-10:163:1,RPM-2005-03-10,1,neutral,1,neutral,neutral,neutral,neutral,0.0009205574751831591,0.0027198849711567163,0.996359646320343,correcto,correcto,0,1
RPM-2005-03-10:164:1,RPM-2005-03-10,1,neutral,1,neutral,neutral,neutral,neutral,0.0012505376944318414,0.008991120383143425,0.9897583723068237,correcto,correcto,0,1
RPM-2005-03-10:165:1,RPM-2005-03-10,1,neutral,1,neutral,neutral,neutral,neutral,0.0010639845859259367,0.0063638933934271336,0.9925721287727356,correcto,correcto,0,1
RPM-2005-03-10:166:1,RPM-2005-03-10,1,neutral,1,neutral,neutral,neutral,neutral,0.0010007580276578665,0.004022924695163965,0.9949764013290405,correcto,correcto,0,1
RPM-2005-03-10:167:1,RPM-2005-03-10,1,neutral,1,neutral,neutral,neutral,neutral,0.0009193297591991723,0.003700562287122011,0.9953800439834595,correcto,correcto,0,1
RPM-2005-03-10:168:1,RPM-2005-03-10,1,neutral,1,neutral,neutral,neutral,neutral,0.001181144849397242,0.0073048146441578865,0.9915140271186829,correcto,correcto,0,1
RPM-2005-03-10:169:1,RPM-2005-03-10,1,neutral,1,neutral,neutral,neutral,neutral,0.0010999335208907723,0.004496853798627853,0.9944031238555908,correcto,correcto,0,1
RPM-2005-03-10:170:1,RPM-2005-03-10,1,neutral,1,neutral,neutral,neutral,neutral,0.0008957203826867044,0.004329069051891565,0.9947751760482788,correcto,correcto,0,1
RPM-2005-03-10:171:1,RPM-2005-03-10,1,neutral,1,neutral,neutral,neutral,neutral,0.000875652942340821,0.0029156936798244715,0.996208667755127,correcto,correcto,0,1
RPM-2005-03-10:172:1,RPM-2005-03-10,1,neutral,1,neutral,neutral,neutral,neutral,0.0010291249491274357,0.0032474659383296967,0.9957233667373657,correcto,correcto,0,1
RPM-2005-03-10:173:1,RPM-2005-03-10,1,neutral,1,neutral,neutral,neutral,neutral,0.0010912383440881968,0.0037378675770014524,0.9951708912849426,correcto,correcto,0,1
RPM-2005-03-10:174:1,RPM-2005-03-10,1,neutral,1,neutral,neutral,neutral,neutral,0.0010430330876260996,0.004377005156129599,0.9945800304412842,correcto,correcto,0,1
RPM-2005-03-10:175:1,RPM-2005-03-10,1,neutral,0,neutral,neutral,neutral,neutral,0.05011925473809242,0.10435494035482407,0.8455258011817932,correcto,correcto,0,1
RPM-2005-03-10:176:1,RPM-2005-03-10,1,neutral,0,neutral,neutral,neutral,neutral,0.19438953697681427,0.25950518250465393,0.5461053252220154,correcto,correcto,0,1
RPM-2005-03-10:177:1,RPM-2005-03-10,1,neutral,0,neutral,neutral,neutral,neutral,0.005694000981748104,0.03294141963124275,0.9613646268844604,correcto,correcto,0,1
RPM-2005-03-10:178:1,RPM-2005-03-10,1,hawkish,1,hawkish,hawkish,hawkish,hawkish,0.9802890419960022,0.016994407400488853,0.0027165431529283524,correcto,correcto,0,3
RPM-2005-03-10:178:2,RPM-2005-03-10,1,neutral,0,neutral,neutral,neutral,neutral,0.006817112676799297,0.030667182058095932,0.962515652179718,correcto,correcto,0,1
RPM-2005-03-10:179:1,RPM-2005-03-10,1,neutral,1,neutral,neutral,neutral,neutral,0.03192007541656494,0.3547873795032501,0.6132925748825073,correcto,correcto,0,1
RPM-2005-03-10:180:1,RPM-2005-03-10,1,neutral,1,neutral,neutral,neutral,neutral,0.001161845400929451,0.005048212595283985,0.9937899708747864,correcto,correcto,0,1
RPM-2005-03-10:181:1,RPM-2005-03-10,1,neutral,1,neutral,neutral,neutral,neutral,0.0009471018565818667,0.005905722267925739,0.993147075176239,correcto,correcto,0,1
RPM-2005-03-10:182:1,RPM-2005-03-10,1,neutral,1,neutral,neutral,neutral,neutral,0.0010388661175966263,0.00430689612403512,0.9946542978286743,correcto,correcto,0,1
RPM-2005-03-10:183:1,RPM-2005-03-10,1,neutral,1,neutral,neutral,neutral,neutral,0.007885947823524475,0.14507584273815155,0.8470382690429688,correcto,correcto,0,1
RPM-2005-03-10:184:1,RPM-2005-03-10,1,neutral,1,neutral,neutral,neutral,neutral,0.006574008148163557,0.21882249414920807,0.7746034264564514,correcto,correcto,0,1
RPM-2005-03-10:185:1,RPM-2005-03-10,1,dovish,1,dovish,dovish,dovish,dovish,0.02836378663778305,0.6193161606788635,0.35232001543045044,correcto,correcto,0,3
RPM-2005-03-10:186:1,RPM-2005-03-10,1,neutral,1,neutral,neutral,neutral,neutral,0.004031274933367968,0.09381969273090363,0.902148962020874,correcto,correcto,0,1
RPM-2005-03-10:187:1,RPM-2005-03-10,1,neutral,1,neutral,neutral,neutral,neutral,0.001041510608047247,0.004780356306582689,0.9941781759262085,correcto,correcto,0,1
RPM-2005-03-10:188:1,RPM-2005-03-10,1,neutral,1,neutral,neutral,neutral,neutral,0.001021327916532755,0.00402854336425662,0.9949501752853394,correcto,correcto,0,1
RPM-2005-03-10:189:1,RPM-2005-03-10,1,neutral,1,neutral,neutral,neutral,neutral,0.015721186995506287,0.42769697308540344,0.5565818548202515,correcto,correcto,0,1
RPM-2005-03-10:190:1,RPM-2005-03-10,1,hawkish,1,neutral,neutral,neutral,neutral,0.01958111859858036,0.4591844975948334,0.521234393119812,hd_a_n,hd_a_n,0,1
RPM-2005-03-10:191:1,RPM-2005-03-10,1,neutral,1,neutral,neutral,neutral,neutral,0.014077777042984962,0.29049164056777954,0.6954305768013,correcto,correcto,0,2
RPM-2005-03-10:192:1,RPM-2005-03-10,1,hawkish,1,hawkish,dovish,hawkish,dovish,0.03513140231370926,0.8153784871101379,0.14949016273021698,correcto,inversion_hd,0,1
RPM-2005-03-10:193:1,RPM-2005-03-10,1,neutral,1,neutral,neutral,neutral,neutral,0.1681247353553772,0.3674880266189575,0.4643871784210205,correcto,correcto,0,2
RPM-2005-03-10:194:1,RPM-2005-03-10,1,neutral,0,neutral,neutral,neutral,dovish,0.11744289100170135,0.6069019436836243,0.2756551504135132,correcto,correcto,0,1
RPM-2005-03-10:195:1,RPM-2005-03-10,1,neutral,0,neutral,neutral,neutral,neutral,0.0037316177040338516,0.016321195289492607,0.9799470901489258,correcto,correcto,0,1
RPM-2005-03-10:196:1,RPM-2005-03-10,1,neutral,1,neutral,dovish,neutral,dovish,0.03549725189805031,0.5697336196899414,0.3947691321372986,correcto,n_a_hd,0,1
RPM-2005-03-10:197:1,RPM-2005-03-10,1,neutral,1,neutral,hawkish,neutral,hawkish,0.6683932542800903,0.3051389753818512,0.026467816904187202,correcto,n_a_hd,0,1
RPM-2005-03-10:198:1,RPM-2005-03-10,1,hawkish,1,hawkish,dovish,hawkish,dovish,0.096199631690979,0.8693896532058716,0.03441068157553673,correcto,inversion_hd,0,1
RPM-2005-03-10:199:1,RPM-2005-03-10,1,neutral,0,neutral,neutral,hawkish,hawkish,0.9331996440887451,0.058802612125873566,0.007997668348252773,correcto,correcto,0,1
RPM-2005-03-10:200:1,RPM-2005-03-10,1,hawkish,1,hawkish,hawkish,hawkish,hawkish,0.9786108136177063,0.01629052311182022,0.005098605994135141,correcto,correcto,0,1
RPM-2005-04-07:201:1,RPM-2005-04-07,2,neutral,0,neutral,neutral,neutral,neutral,0.027239087969064713,0.05622194707393646,0.9165390133857727,correcto,correcto,0,1
RPM-2005-04-07:202:2,RPM-2005-04-07,2,neutral,1,neutral,neutral,neutral,neutral,0.03367425128817558,0.16539445519447327,0.8009312748908997,correcto,correcto,0,5
RPM-2005-04-07:202:3,RPM-2005-04-07,2,neutral,0,neutral,neutral,neutral,neutral,0.006124910432845354,0.01637466624379158,0.9775004982948303,correcto,correcto,0,1
RPM-2005-04-07:203:1,RPM-2005-04-07,2,neutral,1,neutral,neutral,neutral,neutral,0.0022197202779352665,0.008841389790177345,0.9889388084411621,correcto,correcto,0,1
RPM-2005-04-07:203:2,RPM-2005-04-07,2,neutral,1,neutral,neutral,neutral,neutral,0.0011894586496055126,0.002397674834355712,0.9964128136634827,correcto,correcto,0,1
RPM-2005-04-07:203:3,RPM-2005-04-07,2,neutral,1,neutral,neutral,neutral,neutral,0.0013571688905358315,0.003289698390290141,0.995353102684021,correcto,correcto,0,1
RPM-2005-04-07:203:4,RPM-2005-04-07,2,neutral,1,neutral,neutral,neutral,neutral,0.0014335577143356204,0.004685000982135534,0.993881344795227,correcto,correcto,0,1
RPM-2005-04-07:204:1,RPM-2005-04-07,2,neutral,0,neutral,neutral,neutral,neutral,0.0020085482392460108,0.004799024201929569,0.9931924939155579,correcto,correcto,0,1
RPM-2005-04-07:204:2,RPM-2005-04-07,2,neutral,1,neutral,neutral,neutral,neutral,0.0013779354048892856,0.00290942401625216,0.9957126379013062,correcto,correcto,0,1
RPM-2005-04-07:204:3,RPM-2005-04-07,2,neutral,1,neutral,neutral,neutral,neutral,0.0016327369958162308,0.006853979546576738,0.9915133118629456,correcto,correcto,0,1
RPM-2005-04-07:205:1,RPM-2005-04-07,2,neutral,1,neutral,neutral,neutral,neutral,0.0011439583031460643,0.0024342278484255075,0.9964218139648438,correcto,correcto,0,1
RPM-2005-04-07:205:3,RPM-2005-04-07,2,neutral,1,neutral,neutral,neutral,neutral,0.0013477171305567026,0.00320148142054677,0.9954507946968079,correcto,correcto,0,1
RPM-2005-04-07:205:4,RPM-2005-04-07,2,neutral,1,neutral,neutral,neutral,neutral,0.002360396785661578,0.011570457369089127,0.9860692024230957,correcto,correcto,0,1
RPM-2005-04-07:205:5,RPM-2005-04-07,2,neutral,1,neutral,neutral,neutral,neutral,0.0015891598304733634,0.0035581407137215137,0.9948527216911316,correcto,correcto,0,1
RPM-2005-04-07:206:1,RPM-2005-04-07,2,neutral,1,neutral,neutral,neutral,neutral,0.0014498456148430705,0.0032752673141658306,0.9952749013900757,correcto,correcto,0,1
RPM-2005-04-07:206:2,RPM-2005-04-07,2,neutral,1,neutral,neutral,neutral,neutral,0.0034261250402778387,0.006485600024461746,0.9900882840156555,correcto,correcto,0,1
RPM-2005-04-07:206:3,RPM-2005-04-07,2,neutral,1,neutral,neutral,neutral,neutral,0.017539145424962044,0.053474053740501404,0.9289868474006653,correcto,correcto,0,6
RPM-2005-04-07:206:4,RPM-2005-04-07,2,neutral,0,neutral,neutral,neutral,neutral,0.0021719392389059067,0.004360653925687075,0.9934675097465515,correcto,correcto,0,1
RPM-2005-04-07:206:5,RPM-2005-04-07,2,neutral,1,neutral,neutral,neutral,neutral,0.0317603275179863,0.13411249220371246,0.8341271281242371,correcto,correcto,0,1
RPM-2005-04-07:207:1,RPM-2005-04-07,2,neutral,1,neutral,neutral,neutral,neutral,0.001736409729346633,0.0026442930102348328,0.9956192374229431,correcto,correcto,0,1
RPM-2005-04-07:207:10,RPM-2005-04-07,2,neutral,0,neutral,neutral,neutral,neutral,0.0035343982744961977,0.00789682287722826,0.9885687828063965,correcto,correcto,0,1
RPM-2005-04-07:207:11,RPM-2005-04-07,2,neutral,1,neutral,neutral,neutral,neutral,0.0020236484706401825,0.005487727001309395,0.9924886226654053,correcto,correcto,0,1
RPM-2005-04-07:207:12,RPM-2005-04-07,2,neutral,1,neutral,neutral,neutral,neutral,0.001943637733347714,0.004310282412916422,0.9937460422515869,correcto,correcto,0,1
RPM-2005-04-07:207:2,RPM-2005-04-07,2,neutral,1,neutral,neutral,neutral,neutral,0.0013919135089963675,0.002572708297520876,0.9960353970527649,correcto,correcto,0,1
RPM-2005-04-07:207:3,RPM-2005-04-07,2,neutral,1,neutral,neutral,neutral,neutral,0.0013031786074861884,0.002275963546708226,0.9964208602905273,correcto,correcto,0,1
RPM-2005-04-07:207:4,RPM-2005-04-07,2,neutral,1,neutral,neutral,neutral,neutral,0.0012342282570898533,0.002302291104570031,0.9964634776115417,correcto,correcto,0,1
RPM-2005-04-07:207:5,RPM-2005-04-07,2,neutral,1,neutral,neutral,neutral,neutral,0.0013131365412846208,0.002153927693143487,0.9965329170227051,correcto,correcto,0,1
RPM-2005-04-07:207:6,RPM-2005-04-07,2,neutral,1,neutral,neutral,neutral,neutral,0.0022530010901391506,0.0043268222361803055,0.9934201836585999,correcto,correcto,0,1
RPM-2005-04-07:207:7,RPM-2005-04-07,2,neutral,1,neutral,neutral,neutral,neutral,0.00126907869707793,0.0022134233731776476,0.996517539024353,correcto,correcto,0,1
RPM-2005-04-07:207:8,RPM-2005-04-07,2,neutral,1,neutral,neutral,neutral,neutral,0.0014425362460315228,0.0022862600162625313,0.9962712526321411,correcto,correcto,0,1
RPM-2005-04-07:207:9,RPM-2005-04-07,2,neutral,1,neutral,neutral,neutral,neutral,0.004102074075490236,0.011134866625070572,0.9847630858421326,correcto,correcto,0,2
RPM-2005-04-07:208:1,RPM-2005-04-07,2,neutral,1,neutral,neutral,neutral,neutral,0.0013160683447495103,0.002337818965315819,0.9963461756706238,correcto,correcto,0,1
RPM-2005-04-07:209:1,RPM-2005-04-07,2,neutral,1,neutral,neutral,neutral,neutral,0.0014654331607744098,0.002631749492138624,0.9959027171134949,correcto,correcto,0,1
RPM-2005-04-07:210:1,RPM-2005-04-07,2,neutral,1,neutral,neutral,neutral,neutral,0.001859321491792798,0.002640721620991826,0.9954999089241028,correcto,correcto,0,1
RPM-2005-04-07:210:2,RPM-2005-04-07,2,neutral,1,neutral,neutral,neutral,neutral,0.02083766646683216,0.14841215312480927,0.8307501673698425,correcto,correcto,0,1
RPM-2005-04-07:210:3,RPM-2005-04-07,2,neutral,1,neutral,neutral,neutral,neutral,0.0014201542362570763,0.002741653937846422,0.9958381652832031,correcto,correcto,0,1
RPM-2005-04-07:211:1,RPM-2005-04-07,2,neutral,1,neutral,neutral,neutral,neutral,0.006016128696501255,0.017001228407025337,0.976982593536377,correcto,correcto,0,3
RPM-2005-04-07:212:1,RPM-2005-04-07,2,neutral,0,neutral,neutral,neutral,neutral,0.0032450694125145674,0.006662918720394373,0.9900919795036316,correcto,correcto,0,1
RPM-2005-04-07:212:2,RPM-2005-04-07,2,neutral,1,neutral,neutral,neutral,neutral,0.0014040565583854914,0.0036392020992934704,0.9949566721916199,correcto,correcto,0,1
RPM-2005-04-07:212:3,RPM-2005-04-07,2,neutral,1,neutral,neutral,neutral,neutral,0.0022392054088413715,0.010740925557911396,0.9870198965072632,correcto,correcto,0,1
RPM-2005-04-07:212:4,RPM-2005-04-07,2,neutral,1,neutral,neutral,neutral,neutral,0.0021360504906624556,0.00943769421428442,0.9884263277053833,correcto,correcto,0,1
RPM-2005-04-07:212:5,RPM-2005-04-07,2,neutral,1,neutral,neutral,neutral,neutral,0.0033387590665370226,0.0162891186773777,0.9803721308708191,correcto,correcto,0,1
RPM-2005-04-07:213:1,RPM-2005-04-07,2,neutral,1,neutral,neutral,neutral,neutral,0.0021919074933975935,0.0077394237741827965,0.9900687336921692,correcto,correcto,0,1
RPM-2005-04-07:213:2,RPM-2005-04-07,2,neutral,1,neutral,neutral,neutral,neutral,0.013388724997639656,0.07797478884458542,0.9086364507675171,correcto,correcto,0,1
RPM-2005-04-07:213:3,RPM-2005-04-07,2,neutral,1,neutral,neutral,neutral,neutral,0.004340210929512978,0.01612839475274086,0.9795314073562622,correcto,correcto,0,1
RPM-2005-04-07:214:1,RPM-2005-04-07,2,neutral,0,neutral,neutral,neutral,neutral,0.0045851776376366615,0.012498764321208,0.982915997505188,correcto,correcto,0,1
RPM-2005-04-07:214:2,RPM-2005-04-07,2,neutral,0,neutral,neutral,neutral,neutral,0.007259188685566187,0.0222475565969944,0.9704932570457458,correcto,correcto,0,1
RPM-2005-04-07:214:3,RPM-2005-04-07,2,neutral,0,neutral,neutral,neutral,neutral,0.002349902642890811,0.00961134023964405,0.9880387187004089,correcto,correcto,0,1
RPM-2005-04-07:214:4,RPM-2005-04-07,2,hawkish,1,hawkish,hawkish,hawkish,hawkish,0.9685088992118835,0.028577197343111038,0.0029138943646103144,correcto,correcto,0,3
RPM-2005-04-07:214:5,RPM-2005-04-07,2,neutral,0,neutral,neutral,neutral,neutral,0.010790931060910225,0.028395691886544228,0.9608134031295776,correcto,correcto,0,1
RPM-2005-04-07:215:1,RPM-2005-04-07,2,dovish,1,hawkish,hawkish,hawkish,hawkish,0.9189333319664001,0.07501765340566635,0.006048962008208036,inversion_hd,inversion_hd,1,2
RPM-2005-04-07:216:1,RPM-2005-04-07,2,hawkish,1,hawkish,hawkish,hawkish,hawkish,0.9829229116439819,0.010676752775907516,0.006400405894964933,correcto,correcto,0,1
RPM-2005-04-07:217:1,RPM-2005-04-07,2,hawkish,1,hawkish,hawkish,hawkish,hawkish,0.9839006662368774,0.010901297442615032,0.005198117345571518,correcto,correcto,0,1
RPM-2005-04-07:217:2,RPM-2005-04-07,2,hawkish,1,hawkish,hawkish,hawkish,hawkish,0.9756264686584473,0.02132605016231537,0.0030474939849227667,correcto,correcto,0,1
RPM-2005-04-07:218:1,RPM-2005-04-07,2,hawkish,1,hawkish,hawkish,hawkish,hawkish,0.9827461242675781,0.013386445119976997,0.003867446444928646,correcto,correcto,0,1
RPM-2005-04-07:219:1,RPM-2005-04-07,2,hawkish,1,hawkish,hawkish,hawkish,hawkish,0.9819246530532837,0.011076564900577068,0.006998838856816292,correcto,correcto,0,1
RPM-2005-04-07:219:2,RPM-2005-04-07,2,hawkish,1,hawkish,hawkish,hawkish,hawkish,0.9809796214103699,0.015740035101771355,0.00328032486140728,correcto,correcto,0,1
RPM-2005-04-07:220:1,RPM-2005-04-07,2,neutral,0,neutral,neutral,neutral,neutral,0.3773689866065979,0.13958922028541565,0.4830418527126312,correcto,correcto,0,1
RPM-2005-07-12:296:1,RPM-2005-07-12,4,neutral,0,neutral,neutral,neutral,neutral,0.12645147740840912,0.1890307366847992,0.6845178008079529,correcto,correcto,0,1
RPM-2005-07-12:297:1,RPM-2005-07-12,4,neutral,0,neutral,neutral,neutral,neutral,0.06433339416980743,0.10976514220237732,0.8259013891220093,correcto,correcto,0,1
RPM-2005-07-12:308:1,RPM-2005-07-12,4,hawkish,1,hawkish,hawkish,hawkish,hawkish,0.7759490013122559,0.2156257927417755,0.008425204083323479,correcto,correcto,0,1
RPM-2005-09-08:390:1,RPM-2005-09-08,2,hawkish,1,hawkish,hawkish,hawkish,hawkish,0.8331201076507568,0.13199320435523987,0.03488669544458389,correcto,correcto,0,4
RPM-2005-09-08:391:1,RPM-2005-09-08,2,neutral,0,neutral,neutral,neutral,neutral,0.0277104489505291,0.045865170657634735,0.9264243841171265,correcto,correcto,0,1
RPM-2005-10-11:405:1,RPM-2005-10-11,3,neutral,0,neutral,neutral,neutral,neutral,0.01949283294379711,0.05141439661383629,0.9290928244590759,correcto,correcto,0,1
RPM-2005-10-11:436:1,RPM-2005-10-11,3,neutral,0,neutral,neutral,neutral,neutral,0.018746843561530113,0.02998141385614872,0.9512718319892883,correcto,correcto,0,1
RPM-2005-10-11:437:1,RPM-2005-10-11,3,neutral,0,neutral,neutral,neutral,neutral,0.09730216860771179,0.1490972340106964,0.753600537776947,correcto,correcto,0,1
RPM-2005-11-10:474:1,RPM-2005-11-10,4,neutral,1,neutral,neutral,neutral,neutral,0.002142667304724455,0.008355635218322277,0.9895016551017761,correcto,correcto,0,1
RPM-2005-11-10:479:1,RPM-2005-11-10,4,neutral,1,neutral,neutral,neutral,neutral,0.001741142594255507,0.0028554503805935383,0.9954034090042114,correcto,correcto,0,1
RPM-2005-11-10:482:1,RPM-2005-11-10,4,neutral,1,neutral,neutral,neutral,neutral,0.0014423334505409002,0.0032131043262779713,0.9953444600105286,correcto,correcto,0,1
RPM-2005-11-10:491:1,RPM-2005-11-10,4,neutral,0,neutral,neutral,neutral,neutral,0.015443258918821812,0.051992252469062805,0.9325644969940186,correcto,correcto,0,1
RPM-2005-11-10:492:1,RPM-2005-11-10,4,hawkish,1,hawkish,hawkish,hawkish,hawkish,0.9049949049949646,0.0753677487373352,0.0196373388171196,correcto,correcto,0,4
RPM-2005-11-10:499:1,RPM-2005-11-10,4,hawkish,1,hawkish,hawkish,hawkish,hawkish,0.49214404821395874,0.46249449253082275,0.045361507683992386,correcto,correcto,0,2
RPM-2005-11-10:500:1,RPM-2005-11-10,4,hawkish,1,hawkish,hawkish,hawkish,hawkish,0.9497923851013184,0.0432908870279789,0.006916748825460672,correcto,correcto,0,2
RPM-2005-11-10:503:1,RPM-2005-11-10,4,hawkish,1,hawkish,hawkish,hawkish,hawkish,0.9855350255966187,0.00942949578166008,0.005035471171140671,correcto,correcto,0,1
RPM-2005-11-10:503:2,RPM-2005-11-10,4,neutral,0,neutral,neutral,hawkish,neutral,0.05880286917090416,0.25607287883758545,0.6851242184638977,correcto,correcto,0,1
RPM-2006-01-12:527:1,RPM-2006-01-12,2,neutral,0,neutral,neutral,neutral,neutral,0.039374250918626785,0.06528523564338684,0.8953405618667603,correcto,correcto,0,1
RPM-2006-01-12:533:1,RPM-2006-01-12,2,neutral,1,hawkish,neutral,hawkish,neutral,0.06890678405761719,0.30369195342063904,0.6274013519287109,n_a_hd,correcto,0,6
RPM-2006-01-12:553:1,RPM-2006-01-12,2,neutral,1,neutral,neutral,neutral,neutral,0.0016627426957711577,0.004738344345241785,0.9935989379882812,correcto,correcto,0,1
RPM-2006-01-12:564:1,RPM-2006-01-12,2,neutral,1,neutral,neutral,neutral,neutral,0.002784388605505228,0.010362078435719013,0.9868535995483398,correcto,correcto,0,1
RPM-2006-01-12:567:1,RPM-2006-01-12,2,neutral,1,neutral,neutral,neutral,neutral,0.0013102222001180053,0.0039665587246418,0.9947233200073242,correcto,correcto,0,1
RPM-2006-01-12:571:1,RPM-2006-01-12,2,hawkish,1,hawkish,hawkish,hawkish,hawkish,0.9789308309555054,0.017318567261099815,0.0037507161032408476,correcto,correcto,0,2
RPM-2006-02-09:581:2,RPM-2006-02-09,5,neutral,1,neutral,neutral,neutral,neutral,0.0019956273026764393,0.0029677296988666058,0.9950366616249084,correcto,correcto,0,1
RPM-2006-02-09:582:1,RPM-2006-02-09,5,neutral,1,neutral,neutral,neutral,neutral,0.0017786679090932012,0.003391650738194585,0.9948297142982483,correcto,correcto,0,1
RPM-2006-02-09:583:1,RPM-2006-02-09,5,neutral,1,neutral,neutral,neutral,neutral,0.002006515394896269,0.002917984966188669,0.995075523853302,correcto,correcto,0,1
RPM-2006-02-09:587:10,RPM-2006-02-09,5,neutral,0,neutral,neutral,neutral,neutral,0.0037786634638905525,0.011497696861624718,0.984723687171936,correcto,correcto,0,1
RPM-2006-02-09:587:9,RPM-2006-02-09,5,neutral,0,neutral,neutral,neutral,neutral,0.11804579198360443,0.1762213110923767,0.7057328820228577,correcto,correcto,0,1
RPM-2006-02-09:595:1,RPM-2006-02-09,5,neutral,0,neutral,neutral,neutral,neutral,0.38669225573539734,0.20428816974163055,0.4090195298194885,correcto,correcto,0,1
RPM-2006-03-16:601:2,RPM-2006-03-16,4,neutral,1,neutral,neutral,neutral,neutral,0.004379406105726957,0.0116532938554883,0.9839672446250916,correcto,correcto,0,2
RPM-2006-03-16:614:1,RPM-2006-03-16,4,neutral,0,neutral,neutral,neutral,neutral,0.014971096068620682,0.051522087305784225,0.9335067868232727,correcto,correcto,0,1
RPM-2006-03-16:614:3,RPM-2006-03-16,4,neutral,0,neutral,neutral,neutral,neutral,0.0039450619369745255,0.013903725892305374,0.9821511507034302,correcto,correcto,0,1
RPM-2006-03-16:619:1,RPM-2006-03-16,4,neutral,0,neutral,neutral,neutral,neutral,0.03399450331926346,0.06416892260313034,0.9018365740776062,correcto,correcto,0,1
RPM-2006-03-16:621:1,RPM-2006-03-16,4,dovish,1,hawkish,hawkish,hawkish,hawkish,0.9471929669380188,0.04825097694993019,0.00455605098977685,inversion_hd,inversion_hd,1,2
RPM-2006-03-16:625:1,RPM-2006-03-16,4,hawkish,1,hawkish,hawkish,hawkish,hawkish,0.9810593724250793,0.013239887543022633,0.0057007563300430775,correcto,correcto,0,1
RPM-2006-05-11:657:2,RPM-2006-05-11,1,neutral,1,neutral,neutral,neutral,neutral,0.009301562793552876,0.1549501121044159,0.8357483148574829,correcto,correcto,0,2
RPM-2006-05-11:661:1,RPM-2006-05-11,1,neutral,1,neutral,neutral,neutral,neutral,0.0013967769918963313,0.004578695632517338,0.9940245747566223,correcto,correcto,0,1
RPM-2006-05-11:671:1,RPM-2006-05-11,1,dovish,1,hawkish,neutral,hawkish,neutral,0.014027557335793972,0.36226963996887207,0.6237028241157532,inversion_hd,hd_a_n,1,1
RPM-2006-05-11:672:1,RPM-2006-05-11,1,dovish,1,dovish,hawkish,dovish,hawkish,0.6404262185096741,0.3433528244495392,0.01622096449136734,correcto,inversion_hd,0,2
RPM-2006-05-11:673:1,RPM-2006-05-11,1,dovish,1,dovish,dovish,dovish,dovish,0.1468992978334427,0.8313924670219421,0.021708209067583084,correcto,correcto,0,1
RPM-2006-05-11:674:1,RPM-2006-05-11,1,hawkish,1,hawkish,dovish,hawkish,dovish,0.381072074174881,0.599170982837677,0.01975690945982933,correcto,inversion_hd,0,2
RPM-2006-07-13:745:4,RPM-2006-07-13,5,neutral,1,neutral,neutral,neutral,neutral,0.006597169209271669,0.019097747281193733,0.9743050932884216,correcto,correcto,0,2
RPM-2006-07-13:745:6,RPM-2006-07-13,5,neutral,1,neutral,neutral,neutral,neutral,0.0018171152332797647,0.003248936729505658,0.9949339032173157,correcto,correcto,0,1
RPM-2006-07-13:752:1,RPM-2006-07-13,5,neutral,1,neutral,neutral,neutral,neutral,0.0025592229794710875,0.004273016005754471,0.9931678175926208,correcto,correcto,0,1
RPM-2006-07-13:758:1,RPM-2006-07-13,5,neutral,1,neutral,neutral,neutral,neutral,0.00232736486941576,0.008042954839766026,0.9896296858787537,correcto,correcto,0,1
RPM-2006-07-13:761:1,RPM-2006-07-13,5,neutral,1,neutral,neutral,neutral,neutral,0.0018515107221901417,0.00406718859449029,0.9940813183784485,correcto,correcto,0,1
RPM-2006-07-13:762:2,RPM-2006-07-13,5,neutral,1,neutral,neutral,neutral,neutral,0.0035860156640410423,0.017209937795996666,0.9792040586471558,correcto,correcto,0,1
RPM-2006-07-13:769:2,RPM-2006-07-13,5,neutral,1,neutral,neutral,neutral,neutral,0.005182694178074598,0.020520729944109917,0.974296510219574,correcto,correcto,0,1
RPM-2006-07-13:770:1,RPM-2006-07-13,5,neutral,0,neutral,neutral,neutral,neutral,0.012203474529087543,0.03543051332235336,0.952366054058075,correcto,correcto,0,1
RPM-2006-07-13:770:3,RPM-2006-07-13,5,neutral,0,neutral,neutral,neutral,neutral,0.0027585371863096952,0.008566340431571007,0.9886751174926758,correcto,correcto,0,1
RPM-2006-07-13:772:1,RPM-2006-07-13,5,hawkish,1,hawkish,hawkish,hawkish,hawkish,0.7482784986495972,0.23847027122974396,0.01325129996985197,correcto,correcto,0,1
RPM-2006-07-13:774:1,RPM-2006-07-13,5,neutral,1,hawkish,hawkish,hawkish,hawkish,0.5292383432388306,0.4481549561023712,0.022606706246733665,n_a_hd,n_a_hd,0,2
RPM-2006-07-13:775:1,RPM-2006-07-13,5,dovish,1,dovish,dovish,dovish,dovish,0.217302143573761,0.6999662518501282,0.08273157477378845,correcto,correcto,0,2
RPM-2006-07-13:779:1,RPM-2006-07-13,5,hawkish,1,hawkish,hawkish,hawkish,hawkish,0.9797954559326172,0.015726208686828613,0.004478358663618565,correcto,correcto,0,2
RPM-2006-07-13:780:3,RPM-2006-07-13,5,hawkish,1,hawkish,hawkish,hawkish,hawkish,0.9774639010429382,0.018183505162596703,0.004352536518126726,correcto,correcto,0,1
RPM-2006-07-13:780:4,RPM-2006-07-13,5,hawkish,1,hawkish,hawkish,hawkish,hawkish,0.6300586462020874,0.34600016474723816,0.023941200226545334,correcto,correcto,0,1
RPM-2006-08-10:789:1,RPM-2006-08-10,1,neutral,1,neutral,neutral,neutral,neutral,0.0008157858974300325,0.0025393583346158266,0.996644914150238,correcto,correcto,0,1
RPM-2006-08-10:806:1,RPM-2006-08-10,1,neutral,1,neutral,neutral,neutral,neutral,0.0012180461781099439,0.00892575178295374,0.9898562431335449,correcto,correcto,0,1
RPM-2006-08-10:807:1,RPM-2006-08-10,1,neutral,0,neutral,neutral,neutral,neutral,0.0013149504084140062,0.004326227121055126,0.9943588376045227,correcto,correcto,0,1
RPM-2006-08-10:808:1,RPM-2006-08-10,1,neutral,1,neutral,neutral,neutral,neutral,0.005670050159096718,0.044527020305395126,0.9498029351234436,correcto,correcto,0,6
RPM-2006-08-10:816:1,RPM-2006-08-10,1,neutral,0,neutral,neutral,neutral,neutral,0.007636222057044506,0.04504677653312683,0.9473169445991516,correcto,correcto,0,1
RPM-2006-08-10:818:1,RPM-2006-08-10,1,neutral,0,neutral,neutral,neutral,neutral,0.002986524486914277,0.011216334067285061,0.985797107219696,correcto,correcto,0,1
RPM-2006-08-10:820:1,RPM-2006-08-10,1,neutral,1,neutral,neutral,neutral,neutral,0.0033315839245915413,0.04292386397719383,0.9537445902824402,correcto,correcto,0,1
RPM-2006-08-10:826:1,RPM-2006-08-10,1,hawkish,1,hawkish,hawkish,hawkish,hawkish,0.549829363822937,0.3899836540222168,0.06018699333071709,correcto,correcto,0,2
RPM-2006-09-07:835:1,RPM-2006-09-07,3,neutral,1,neutral,neutral,neutral,neutral,0.0008324375376105309,0.002053151372820139,0.9971144199371338,correcto,correcto,0,1
RPM-2006-09-07:838:1,RPM-2006-09-07,3,neutral,1,neutral,neutral,neutral,neutral,0.0009245332912541926,0.0024155331775546074,0.9966598749160767,correcto,correcto,0,1
RPM-2006-09-07:857:1,RPM-2006-09-07,3,neutral,1,neutral,neutral,neutral,neutral,0.0010105823166668415,0.002168953651562333,0.9968204498291016,correcto,correcto,0,1
RPM-2006-09-07:866:1,RPM-2006-09-07,3,neutral,0,neutral,neutral,neutral,neutral,0.002774708904325962,0.011956857517361641,0.9852684140205383,correcto,correcto,0,1
RPM-2006-09-07:867:1,RPM-2006-09-07,3,dovish,1,hawkish,dovish,hawkish,dovish,0.14996337890625,0.42552950978279114,0.42450711131095886,inversion_hd,correcto,1,4
RPM-2006-09-07:873:1,RPM-2006-09-07,3,dovish,1,dovish,dovish,dovish,dovish,0.37655290961265564,0.5228201150894165,0.10062700510025024,correcto,correcto,0,3
RPM-2006-10-12:897:1,RPM-2006-10-12,2,neutral,0,neutral,neutral,neutral,neutral,0.006261707749217749,0.014962738379836082,0.9787756204605103,correcto,correcto,0,1
RPM-2006-10-12:906:1,RPM-2006-10-12,2,neutral,1,neutral,neutral,neutral,neutral,0.00113763811532408,0.002722062636166811,0.9961403012275696,correcto,correcto,0,1
RPM-2006-10-12:919:1,RPM-2006-10-12,2,neutral,1,neutral,neutral,neutral,neutral,0.0012686896370723844,0.0025685857981443405,0.9961626529693604,correcto,correcto,0,1
RPM-2006-10-12:922:1,RPM-2006-10-12,2,neutral,1,neutral,neutral,neutral,neutral,0.0012577796587720513,0.0033807316794991493,0.9953615069389343,correcto,correcto,0,1
RPM-2006-10-12:936:1,RPM-2006-10-12,2,dovish,1,dovish,neutral,dovish,neutral,0.042570509016513824,0.37838420271873474,0.579045295715332,correcto,hd_a_n,0,2
RPM-2006-10-12:941:1,RPM-2006-10-12,2,neutral,1,dovish,hawkish,dovish,hawkish,0.9805037975311279,0.01615317538380623,0.0033430010080337524,n_a_hd,n_a_hd,0,1
RPM-2006-12-14:1001:1,RPM-2006-12-14,3,neutral,1,neutral,neutral,neutral,neutral,0.0011783583322539926,0.00235810037702322,0.9964635968208313,correcto,correcto,0,1
RPM-2006-12-14:1003:4,RPM-2006-12-14,3,neutral,1,neutral,neutral,neutral,neutral,0.0008952576317824423,0.0021373096387833357,0.9969673752784729,correcto,correcto,0,1
RPM-2006-12-14:1010:5,RPM-2006-12-14,3,neutral,1,neutral,neutral,neutral,neutral,0.0009096427820622921,0.0024569996166974306,0.9966334700584412,correcto,correcto,0,1
RPM-2006-12-14:1014:3,RPM-2006-12-14,3,neutral,1,neutral,neutral,neutral,neutral,0.0010373558616265655,0.00444576982408762,0.994516909122467,correcto,correcto,0,1
RPM-2006-12-14:1017:1,RPM-2006-12-14,3,neutral,1,dovish,dovish,dovish,dovish,0.3035101890563965,0.5831407904624939,0.11334900557994843,n_a_hd,n_a_hd,0,3
RPM-2006-12-14:1019:1,RPM-2006-12-14,3,hawkish,1,dovish,hawkish,dovish,hawkish,0.5407564640045166,0.43070051074028015,0.028543010354042053,inversion_hd,correcto,1,2
RPM-2006-12-14:1021:1,RPM-2006-12-14,3,neutral,0,neutral,neutral,neutral,hawkish,0.832240879535675,0.056850675493478775,0.1109084039926529,correcto,correcto,0,1
RPM-2006-12-14:989:1,RPM-2006-12-14,3,neutral,0,neutral,neutral,neutral,neutral,0.026487169787287712,0.10274626314640045,0.8707665801048279,correcto,correcto,0,1
RPM-2007-01-11:1023:1,RPM-2007-01-11,3,neutral,0,neutral,neutral,neutral,neutral,0.026178423315286636,0.10215995460748672,0.8716616034507751,correcto,correcto,0,1
RPM-2007-01-11:1030:1,RPM-2007-01-11,3,neutral,1,neutral,neutral,neutral,neutral,0.0010168780572712421,0.00197715125977993,0.9970059990882874,correcto,correcto,0,1
RPM-2007-01-11:1043:1,RPM-2007-01-11,3,neutral,1,neutral,neutral,neutral,neutral,0.01229635626077652,0.06419321149587631,0.9235104322433472,correcto,correcto,0,1
RPM-2007-01-11:1045:1,RPM-2007-01-11,3,neutral,1,neutral,neutral,neutral,neutral,0.0009149699471890926,0.003486294997856021,0.9955987930297852,correcto,correcto,0,1
RPM-2007-01-11:1047:3,RPM-2007-01-11,3,neutral,0,neutral,neutral,neutral,neutral,0.002774708904325962,0.011956857517361641,0.9852684140205383,correcto,correcto,0,1
RPM-2007-01-11:1047:5,RPM-2007-01-11,3,neutral,0,neutral,neutral,neutral,neutral,0.0023411496076732874,0.006922583095729351,0.990736186504364,correcto,correcto,0,1
RPM-2007-01-11:1049:3,RPM-2007-01-11,3,dovish,1,neutral,dovish,neutral,dovish,0.23035213351249695,0.6660792231559753,0.10356860607862473,hd_a_n,correcto,0,2
RPM-2007-01-11:1050:1,RPM-2007-01-11,3,dovish,1,dovish,hawkish,dovish,hawkish,0.7139144539833069,0.2608474791049957,0.02523810602724552,correcto,inversion_hd,0,2
RPM-2007-01-11:1054:1,RPM-2007-01-11,3,hawkish,1,hawkish,hawkish,hawkish,hawkish,0.8493609428405762,0.13910843431949615,0.011530665680766106,correcto,correcto,0,2
RPM-2007-01-11:1057:1,RPM-2007-01-11,3,dovish,1,hawkish,hawkish,hawkish,hawkish,0.6711718440055847,0.3150487542152405,0.013779355213046074,inversion_hd,inversion_hd,0,1
RPM-2007-01-11:1058:1,RPM-2007-01-11,3,neutral,0,neutral,neutral,neutral,hawkish,0.8304478526115417,0.05548015236854553,0.11407197266817093,correcto,correcto,0,1
RPM-2007-02-08:1066:1,RPM-2007-02-08,5,neutral,1,neutral,neutral,neutral,neutral,0.001986693125218153,0.005266271065920591,0.9927471280097961,correcto,correcto,0,1
RPM-2007-02-08:1074:1,RPM-2007-02-08,5,neutral,1,neutral,neutral,neutral,neutral,0.0020880980882793665,0.005404873751103878,0.9925070405006409,correcto,correcto,0,1
RPM-2007-02-08:1083:1,RPM-2007-02-08,5,neutral,1,neutral,neutral,neutral,neutral,0.002802046947181225,0.012409504503011703,0.9847885370254517,correcto,correcto,0,1
RPM-2007-02-08:1087:1,RPM-2007-02-08,5,neutral,1,neutral,dovish,neutral,dovish,0.06790681928396225,0.6050527095794678,0.3270404636859894,correcto,n_a_hd,0,1
RPM-2007-02-08:1090:4,RPM-2007-02-08,5,neutral,1,hawkish,hawkish,hawkish,hawkish,0.7966402173042297,0.1701223999261856,0.03323739767074585,n_a_hd,n_a_hd,0,4
RPM-2007-02-08:1102:1,RPM-2007-02-08,5,hawkish,1,neutral,hawkish,neutral,hawkish,0.9613721966743469,0.03294910490512848,0.005678639281541109,hd_a_n,correcto,0,1
RPM-2007-02-08:1103:1,RPM-2007-02-08,5,neutral,0,neutral,neutral,neutral,neutral,0.38558152318000793,0.2023317664861679,0.41208675503730774,correcto,correcto,0,1
RPM-2007-03-15:1105:1,RPM-2007-03-15,5,neutral,0,neutral,neutral,neutral,neutral,0.0030863340944051743,0.012089947238564491,0.9848237037658691,correcto,correcto,0,1
RPM-2007-03-15:1117:1,RPM-2007-03-15,5,neutral,1,neutral,neutral,neutral,neutral,0.002064748900011182,0.004194374196231365,0.9937408566474915,correcto,correcto,0,1
RPM-2007-03-15:1123:1,RPM-2007-03-15,5,neutral,1,neutral,neutral,neutral,neutral,0.015494067221879959,0.06869710981845856,0.915808916091919,correcto,correcto,0,2
RPM-2007-03-15:1133:1,RPM-2007-03-15,5,neutral,1,neutral,neutral,neutral,neutral,0.0018262702506035566,0.002858064603060484,0.995315670967102,correcto,correcto,0,1
RPM-2007-03-15:1134:1,RPM-2007-03-15,5,neutral,1,neutral,neutral,neutral,neutral,0.0018513071117922664,0.005127561278641224,0.9930211901664734,correcto,correcto,0,1
RPM-2007-03-15:1149:1,RPM-2007-03-15,5,dovish,1,neutral,dovish,neutral,dovish,0.1185682937502861,0.5439686179161072,0.3374630808830261,hd_a_n,correcto,0,1
RPM-2007-03-15:1156:1,RPM-2007-03-15,5,neutral,0,neutral,neutral,neutral,neutral,0.004393600858747959,0.012172777205705643,0.9834336042404175,correcto,correcto,0,1
RPM-2007-03-15:1161:1,RPM-2007-03-15,5,dovish,1,dovish,hawkish,dovish,hawkish,0.6352691054344177,0.33065637946128845,0.03407451510429382,correcto,inversion_hd,0,3
RPM-2007-03-15:1165:1,RPM-2007-03-15,5,hawkish,1,hawkish,hawkish,hawkish,hawkish,0.9489550590515137,0.04479211941361427,0.006252837833017111,correcto,correcto,0,2
RPM-2007-03-15:1167:1,RPM-2007-03-15,5,hawkish,1,neutral,hawkish,neutral,hawkish,0.5066481232643127,0.11401626467704773,0.3793356418609619,hd_a_n,correcto,0,2
RPM-2007-05-10:1223:1,RPM-2007-05-10,4,neutral,0,neutral,neutral,neutral,neutral,0.0062768468633294106,0.02726634219288826,0.9664568901062012,correcto,correcto,0,1
RPM-2007-05-10:1226:1,RPM-2007-05-10,4,neutral,1,neutral,neutral,neutral,neutral,0.002315619494765997,0.0049874745309352875,0.9926968216896057,correcto,correcto,0,1
RPM-2007-05-10:1227:1,RPM-2007-05-10,4,neutral,1,neutral,neutral,neutral,neutral,0.0018719231011345983,0.00390734663233161,0.9942207336425781,correcto,correcto,0,1
RPM-2007-05-10:1227:2,RPM-2007-05-10,4,neutral,1,neutral,neutral,neutral,neutral,0.0016465899534523487,0.002931854221969843,0.9954215884208679,correcto,correcto,0,1
RPM-2007-05-10:1233:2,RPM-2007-05-10,4,neutral,1,neutral,neutral,neutral,neutral,0.0014514060458168387,0.003120966022834182,0.9954276084899902,correcto,correcto,0,1
RPM-2007-05-10:1241:1,RPM-2007-05-10,4,neutral,1,neutral,neutral,neutral,neutral,0.0020057191140949726,0.005236591678112745,0.9927576780319214,correcto,correcto,0,1
RPM-2007-05-10:1246:1,RPM-2007-05-10,4,neutral,1,neutral,neutral,neutral,neutral,0.0016396273858845234,0.004644492175430059,0.9937159419059753,correcto,correcto,0,1
RPM-2007-05-10:1251:2,RPM-2007-05-10,4,neutral,0,neutral,neutral,neutral,neutral,0.014261777512729168,0.034465961158275604,0.9512722492218018,correcto,correcto,0,1
RPM-2007-05-10:1251:3,RPM-2007-05-10,4,neutral,0,neutral,neutral,neutral,neutral,0.004613207653164864,0.019645661115646362,0.9757410883903503,correcto,correcto,0,1
RPM-2007-05-10:1251:5,RPM-2007-05-10,4,neutral,0,neutral,neutral,neutral,neutral,0.006891022901982069,0.020449211820960045,0.9726597666740417,correcto,correcto,0,1
RPM-2007-05-10:1254:1,RPM-2007-05-10,4,hawkish,1,hawkish,dovish,hawkish,dovish,0.4427364766597748,0.5349181890487671,0.02234541065990925,correcto,inversion_hd,0,2
RPM-2007-05-10:1260:1,RPM-2007-05-10,4,neutral,1,hawkish,dovish,hawkish,dovish,0.1724172979593277,0.7975346446037292,0.030048048123717308,n_a_hd,n_a_hd,0,2
RPM-2007-05-10:1261:1,RPM-2007-05-10,4,hawkish,1,hawkish,dovish,hawkish,dovish,0.21322448551654816,0.7571242451667786,0.02965124323964119,correcto,inversion_hd,0,2
RPM-2007-05-10:1261:2,RPM-2007-05-10,4,neutral,1,hawkish,hawkish,hawkish,hawkish,0.9705603122711182,0.022323327139019966,0.007116294465959072,n_a_hd,n_a_hd,0,1
RPM-2007-06-14:1278:1,RPM-2007-06-14,1,neutral,1,neutral,neutral,neutral,neutral,0.001076422748155892,0.005011159460991621,0.9939124584197998,correcto,correcto,0,1
RPM-2007-06-14:1296:3,RPM-2007-06-14,1,neutral,1,neutral,neutral,neutral,neutral,0.0009449797216802835,0.003306260099634528,0.9957488179206848,correcto,correcto,0,1
RPM-2007-06-14:1305:1,RPM-2007-06-14,1,hawkish,1,hawkish,dovish,hawkish,dovish,0.44179388880729675,0.5405790209770203,0.01762707345187664,correcto,inversion_hd,0,2
RPM-2007-07-12:1314:2,RPM-2007-07-12,1,neutral,1,neutral,neutral,neutral,neutral,0.0009775239741429687,0.0028073047287762165,0.9962151646614075,correcto,correcto,0,1
RPM-2007-07-12:1324:1,RPM-2007-07-12,1,neutral,1,neutral,neutral,neutral,neutral,0.014103315770626068,0.09354197978973389,0.8923547267913818,correcto,correcto,0,3
RPM-2007-07-12:1325:1,RPM-2007-07-12,1,neutral,0,neutral,neutral,neutral,neutral,0.005769090261310339,0.024335520341992378,0.9698954224586487,correcto,correcto,0,1
RPM-2007-07-12:1325:3,RPM-2007-07-12,1,neutral,1,neutral,neutral,neutral,neutral,0.0009352141642011702,0.002730907639488578,0.9963338375091553,correcto,correcto,0,1
RPM-2007-07-12:1329:1,RPM-2007-07-12,1,neutral,1,neutral,neutral,neutral,neutral,0.0010484196245670319,0.0029965525027364492,0.9959549903869629,correcto,correcto,0,1
RPM-2007-07-12:1332:1,RPM-2007-07-12,1,neutral,1,neutral,neutral,neutral,neutral,0.0011071140179410577,0.00311064044944942,0.9957823753356934,correcto,correcto,0,1
RPM-2007-07-12:1335:2,RPM-2007-07-12,1,neutral,1,neutral,neutral,neutral,neutral,0.0010082513326779008,0.002972338115796447,0.9960194230079651,correcto,correcto,0,1
RPM-2007-10-11:1497:1,RPM-2007-10-11,2,neutral,1,neutral,neutral,neutral,neutral,0.0015605920925736427,0.0030067332554608583,0.9954327344894409,correcto,correcto,0,1
RPM-2007-10-11:1502:1,RPM-2007-10-11,2,neutral,1,neutral,neutral,neutral,neutral,0.0013114592293277383,0.0034574088640511036,0.9952310919761658,correcto,correcto,0,1
RPM-2007-10-11:1503:3,RPM-2007-10-11,2,neutral,1,neutral,neutral,neutral,neutral,0.001591472770087421,0.0034893781412392855,0.9949191212654114,correcto,correcto,0,1
RPM-2007-10-11:1504:2,RPM-2007-10-11,2,neutral,1,neutral,neutral,neutral,neutral,0.0018773070769384503,0.005342531483620405,0.9927801489830017,correcto,correcto,0,1
RPM-2007-10-11:1505:1,RPM-2007-10-11,2,neutral,1,neutral,neutral,neutral,neutral,0.001244066283106804,0.0026801053900271654,0.9960758090019226,correcto,correcto,0,1
RPM-2007-10-11:1507:1,RPM-2007-10-11,2,neutral,1,neutral,neutral,neutral,neutral,0.001355923363007605,0.0023784355726093054,0.9962655901908875,correcto,correcto,0,1
RPM-2007-10-11:1508:3,RPM-2007-10-11,2,neutral,0,neutral,neutral,neutral,neutral,0.003808892797678709,0.015732314437627792,0.9804587364196777,correcto,correcto,0,1
RPM-2007-10-11:1519:1,RPM-2007-10-11,2,neutral,1,hawkish,hawkish,hawkish,hawkish,0.563646674156189,0.40203776955604553,0.03431558609008789,n_a_hd,n_a_hd,0,3
RPM-2007-12-13:1577:1,RPM-2007-12-13,5,neutral,1,neutral,neutral,neutral,neutral,0.001991108525544405,0.0033631164114922285,0.9946457147598267,correcto,correcto,0,1
RPM-2007-12-13:1582:2,RPM-2007-12-13,5,neutral,1,neutral,neutral,neutral,neutral,0.0019286646274849772,0.0030441973358392715,0.9950271248817444,correcto,correcto,0,1
RPM-2007-12-13:1587:2,RPM-2007-12-13,5,neutral,1,neutral,neutral,neutral,neutral,0.020433377474546432,0.0525134801864624,0.9270531535148621,correcto,correcto,0,7
RPM-2007-12-13:1590:1,RPM-2007-12-13,5,neutral,1,neutral,neutral,neutral,neutral,0.002228091238066554,0.005739185959100723,0.9920327663421631,correcto,correcto,0,1
RPM-2007-12-13:1594:2,RPM-2007-12-13,5,neutral,1,neutral,neutral,neutral,neutral,0.001934449770487845,0.0030673157889395952,0.9949982166290283,correcto,correcto,0,1
RPM-2007-12-13:1596:1,RPM-2007-12-13,5,neutral,1,neutral,neutral,neutral,neutral,0.0020020368974655867,0.002953411778435111,0.9950445890426636,correcto,correcto,0,1
RPM-2007-12-13:1596:2,RPM-2007-12-13,5,neutral,1,neutral,neutral,neutral,neutral,0.002471325220540166,0.005553905386477709,0.9919747710227966,correcto,correcto,0,1
RPM-2007-12-13:1602:1,RPM-2007-12-13,5,neutral,1,hawkish,hawkish,hawkish,hawkish,0.833538830280304,0.11976765841245651,0.046693578362464905,n_a_hd,n_a_hd,0,6
RPM-2007-12-13:1607:2,RPM-2007-12-13,5,dovish,1,dovish,dovish,dovish,dovish,0.11544826626777649,0.7412503957748413,0.1433013677597046,correcto,correcto,0,1
RPM-2007-12-13:1608:3,RPM-2007-12-13,5,neutral,0,neutral,neutral,neutral,neutral,0.008943598717451096,0.02441638521850109,0.9666399955749512,correcto,correcto,0,1
RPM-2007-12-13:1611:1,RPM-2007-12-13,5,hawkish,1,hawkish,hawkish,hawkish,hawkish,0.43159401416778564,0.29852551221847534,0.26988041400909424,correcto,correcto,0,3
RPM-2007-12-13:1613:1,RPM-2007-12-13,5,hawkish,1,hawkish,hawkish,hawkish,hawkish,0.943284809589386,0.04974193498492241,0.006973204668611288,correcto,correcto,0,2
RPM-2007-12-13:1614:1,RPM-2007-12-13,5,hawkish,1,hawkish,hawkish,hawkish,hawkish,0.6735515594482422,0.3016185462474823,0.024829939007759094,correcto,correcto,0,1
RPM-2008-01-10:1618:1,RPM-2008-01-10,3,neutral,1,neutral,neutral,neutral,neutral,0.005163172725588083,0.015840213745832443,0.9789966344833374,correcto,correcto,0,5
RPM-2008-01-10:1619:2,RPM-2008-01-10,3,neutral,1,neutral,neutral,neutral,neutral,0.0010079750791192055,0.002595670521259308,0.9963963627815247,correcto,correcto,0,1
RPM-2008-01-10:1628:1,RPM-2008-01-10,3,neutral,0,neutral,neutral,neutral,neutral,0.04559258371591568,0.03457474336028099,0.9198326468467712,correcto,correcto,0,1
RPM-2008-01-10:1628:2,RPM-2008-01-10,3,neutral,0,neutral,neutral,neutral,neutral,0.16570471227169037,0.16711074113845825,0.667184591293335,correcto,correcto,0,1
RPM-2008-01-10:1629:1,RPM-2008-01-10,3,hawkish,1,hawkish,hawkish,hawkish,hawkish,0.6803185343742371,0.2289116531610489,0.09076981991529465,correcto,correcto,0,4
RPM-2008-01-10:1636:1,RPM-2008-01-10,3,hawkish,1,hawkish,hawkish,hawkish,hawkish,0.8118256330490112,0.17803671956062317,0.010137731209397316,correcto,correcto,0,2
RPM-2008-01-10:1637:1,RPM-2008-01-10,3,hawkish,1,hawkish,hawkish,hawkish,hawkish,0.8738465309143066,0.10595157742500305,0.02020196057856083,correcto,correcto,0,3
RPM-2008-02-07:1644:1,RPM-2008-02-07,4,neutral,0,neutral,neutral,neutral,neutral,0.0035522442776709795,0.009675487875938416,0.9867722392082214,correcto,correcto,0,1
RPM-2008-02-07:1648:1,RPM-2008-02-07,4,neutral,1,neutral,neutral,neutral,neutral,0.0015774487983435392,0.002539396518841386,0.9958832263946533,correcto,correcto,0,1
RPM-2008-02-07:1648:2,RPM-2008-02-07,4,neutral,1,neutral,neutral,neutral,neutral,0.0019111325964331627,0.0028608490247279406,0.9952279329299927,correcto,correcto,0,1
RPM-2008-02-07:1649:2,RPM-2008-02-07,4,neutral,1,neutral,neutral,neutral,neutral,0.002531598322093487,0.00341030303388834,0.9940580129623413,correcto,correcto,0,1
RPM-2008-02-07:1652:4,RPM-2008-02-07,4,neutral,1,neutral,neutral,neutral,neutral,0.0013932536821812391,0.003151434473693371,0.995455265045166,correcto,correcto,0,1
RPM-2008-02-07:1672:1,RPM-2008-02-07,4,dovish,1,hawkish,hawkish,hawkish,hawkish,0.560600996017456,0.4299936890602112,0.009405273012816906,inversion_hd,inversion_hd,0,2
RPM-2008-02-07:1674:1,RPM-2008-02-07,4,neutral,1,neutral,neutral,neutral,neutral,0.0017838220810517669,0.005417380947619677,0.9927988052368164,correcto,correcto,0,1
RPM-2008-02-07:1684:1,RPM-2008-02-07,4,hawkish,1,hawkish,hawkish,hawkish,hawkish,0.6085587739944458,0.3825271725654602,0.008914070203900337,correcto,correcto,0,3
RPM-2008-03-13:1694:1,RPM-2008-03-13,4,neutral,1,neutral,neutral,neutral,neutral,0.0016782911261543632,0.004845228511840105,0.9934764504432678,correcto,correcto,0,1
RPM-2008-03-13:1703:1,RPM-2008-03-13,4,neutral,1,neutral,neutral,neutral,neutral,0.007602428086102009,0.025440068915486336,0.9669575095176697,correcto,correcto,0,1
RPM-2008-03-13:1709:1,RPM-2008-03-13,4,neutral,1,neutral,neutral,neutral,neutral,0.0016841227188706398,0.003131367266178131,0.9951844811439514,correcto,correcto,0,1
RPM-2008-03-13:1711:1,RPM-2008-03-13,4,neutral,1,neutral,neutral,neutral,neutral,0.001823976170271635,0.004403509199619293,0.9937724471092224,correcto,correcto,0,1
RPM-2008-03-13:1716:1,RPM-2008-03-13,4,neutral,1,neutral,neutral,neutral,neutral,0.0017163780285045505,0.0037137996405363083,0.994569718837738,correcto,correcto,0,1
RPM-2008-03-13:1718:12,RPM-2008-03-13,4,neutral,1,neutral,neutral,neutral,neutral,0.0017216113628819585,0.003505864180624485,0.9947724938392639,correcto,correcto,0,1
RPM-2008-03-13:1719:1,RPM-2008-03-13,4,neutral,1,neutral,neutral,neutral,neutral,0.0018805548315867782,0.0038413910660892725,0.994278073310852,correcto,correcto,0,1
RPM-2008-03-13:1721:1,RPM-2008-03-13,4,neutral,1,hawkish,dovish,hawkish,dovish,0.33856716752052307,0.5884974002838135,0.07293546199798584,n_a_hd,n_a_hd,0,5
RPM-2008-03-13:1724:1,RPM-2008-03-13,4,neutral,0,neutral,neutral,neutral,neutral,0.008898704312741756,0.027435608208179474,0.9636657238006592,correcto,correcto,0,1
RPM-2008-03-13:1731:1,RPM-2008-03-13,4,dovish,1,dovish,dovish,dovish,dovish,0.23809784650802612,0.5870479941368103,0.17485415935516357,correcto,correcto,0,4
RPM-2008-03-13:1731:2,RPM-2008-03-13,4,hawkish,1,dovish,hawkish,dovish,hawkish,0.6543165445327759,0.3383559584617615,0.007327514700591564,inversion_hd,correcto,0,2
RPM-2008-03-13:1737:2,RPM-2008-03-13,4,hawkish,1,neutral,neutral,neutral,neutral,0.021057583391666412,0.2941981256008148,0.6847442984580994,hd_a_n,hd_a_n,0,1
RPM-2008-03-13:1739:1,RPM-2008-03-13,4,neutral,1,neutral,dovish,neutral,dovish,0.15195518732070923,0.781094491481781,0.06695029139518738,correcto,n_a_hd,0,1
RPM-2008-05-08:1786:1,RPM-2008-05-08,5,neutral,0,neutral,neutral,neutral,neutral,0.021926194429397583,0.062391988933086395,0.9156818389892578,correcto,correcto,0,1
RPM-2008-05-08:1789:1,RPM-2008-05-08,5,neutral,1,neutral,neutral,neutral,neutral,0.0021523027680814266,0.00346586131490767,0.994381844997406,correcto,correcto,0,1
RPM-2008-05-08:1808:1,RPM-2008-05-08,5,neutral,1,neutral,neutral,neutral,neutral,0.0019666466396301985,0.0033375222701579332,0.9946959614753723,correcto,correcto,0,1
RPM-2008-05-08:1818:4,RPM-2008-05-08,5,neutral,1,neutral,neutral,neutral,neutral,0.002088393084704876,0.006535730790346861,0.9913758635520935,correcto,correcto,0,1
RPM-2008-05-08:1828:2,RPM-2008-05-08,5,neutral,1,neutral,neutral,neutral,neutral,0.0021864089649170637,0.0032556061632931232,0.9945580959320068,correcto,correcto,0,1
RPM-2008-05-08:1837:1,RPM-2008-05-08,5,neutral,1,neutral,neutral,neutral,neutral,0.005883536301553249,0.034435540437698364,0.95968097448349,correcto,correcto,0,1
RPM-2008-05-08:1841:1,RPM-2008-05-08,5,neutral,0,neutral,neutral,neutral,neutral,0.007383780553936958,0.020166853442788124,0.9724493622779846,correcto,correcto,0,1
RPM-2008-05-08:1848:1,RPM-2008-05-08,5,dovish,1,dovish,hawkish,dovish,hawkish,0.8232550024986267,0.16574226319789886,0.011002729646861553,correcto,inversion_hd,0,2
RPM-2008-06-10:1854:1,RPM-2008-06-10,1,neutral,1,neutral,neutral,neutral,neutral,0.0009841056307777762,0.0028164691757410765,0.9961994290351868,correcto,correcto,0,1
RPM-2008-06-10:1869:7,RPM-2008-06-10,1,neutral,1,neutral,neutral,neutral,neutral,0.0009805121226236224,0.0028950634878128767,0.9961244463920593,correcto,correcto,0,1
RPM-2008-06-10:1870:3,RPM-2008-06-10,1,neutral,1,neutral,neutral,neutral,neutral,0.000924009655136615,0.0029511305037885904,0.9961249232292175,correcto,correcto,0,1
RPM-2008-06-10:1873:4,RPM-2008-06-10,1,neutral,1,neutral,neutral,neutral,neutral,0.0009276634664274752,0.0025558972265571356,0.9965164661407471,correcto,correcto,0,1
RPM-2008-06-10:1874:1,RPM-2008-06-10,1,neutral,1,neutral,neutral,neutral,neutral,0.0011480055982246995,0.007857710123062134,0.9909942746162415,correcto,correcto,0,1
RPM-2008-06-10:1878:1,RPM-2008-06-10,1,neutral,1,neutral,neutral,neutral,neutral,0.0009521132451482117,0.0035285388585180044,0.9955192804336548,correcto,correcto,0,1
RPM-2008-06-10:1879:1,RPM-2008-06-10,1,neutral,1,neutral,neutral,neutral,neutral,0.0011157500557601452,0.002982506761327386,0.9959017634391785,correcto,correcto,0,1
RPM-2008-06-10:1889:3,RPM-2008-06-10,1,neutral,1,neutral,neutral,neutral,neutral,0.001065137330442667,0.003084142692387104,0.9958508014678955,correcto,correcto,0,1
RPM-2008-06-10:1902:1,RPM-2008-06-10,1,hawkish,1,hawkish,hawkish,hawkish,hawkish,0.6070201396942139,0.36975425481796265,0.023225611075758934,correcto,correcto,0,4
RPM-2008-06-10:1904:1,RPM-2008-06-10,1,hawkish,1,hawkish,hawkish,hawkish,hawkish,0.9856072664260864,0.011595883406698704,0.0027968087233603,correcto,correcto,0,2
RPM-2008-07-10:1916:2,RPM-2008-07-10,1,neutral,1,neutral,neutral,neutral,neutral,0.004639564082026482,0.04960397630929947,0.9457564353942871,correcto,correcto,0,3
RPM-2008-07-10:1917:3,RPM-2008-07-10,1,neutral,1,neutral,neutral,neutral,neutral,0.0009163516806438565,0.0033715772442519665,0.9957120418548584,correcto,correcto,0,1
RPM-2008-07-10:1923:7,RPM-2008-07-10,1,neutral,1,neutral,neutral,neutral,neutral,0.0011457407381385565,0.006952082738280296,0.9919021725654602,correcto,correcto,0,1
RPM-2008-07-10:1923:8,RPM-2008-07-10,1,neutral,1,neutral,neutral,neutral,neutral,0.004693306982517242,0.045624155551195145,0.9496825933456421,correcto,correcto,0,3
RPM-2008-07-10:1945:1,RPM-2008-07-10,1,neutral,1,neutral,neutral,neutral,neutral,0.0011788256233558059,0.0048691388219594955,0.9939519762992859,correcto,correcto,0,1
RPM-2008-07-10:1948:2,RPM-2008-07-10,1,neutral,1,neutral,neutral,neutral,neutral,0.005516884848475456,0.11918550729751587,0.8752976059913635,correcto,correcto,0,1
RPM-2008-07-10:1953:1,RPM-2008-07-10,1,neutral,1,neutral,neutral,neutral,neutral,0.0012387208407744765,0.00471546221524477,0.9940458536148071,correcto,correcto,0,1
RPM-2008-07-10:1959:1,RPM-2008-07-10,1,neutral,1,neutral,neutral,neutral,neutral,0.0011164241004735231,0.005059563089162111,0.9938241243362427,correcto,correcto,0,1
RPM-2008-07-10:1975:1,RPM-2008-07-10,1,neutral,1,neutral,hawkish,neutral,hawkish,0.5119481086730957,0.45108941197395325,0.03696249797940254,correcto,n_a_hd,0,1
RPM-2008-08-14:1980:1,RPM-2008-08-14,4,neutral,0,neutral,neutral,neutral,neutral,0.0025605519767850637,0.010091869160532951,0.9873474836349487,correcto,correcto,0,1
RPM-2008-08-14:1994:1,RPM-2008-08-14,4,neutral,1,neutral,neutral,neutral,neutral,0.0021798445377498865,0.007221225183457136,0.9905989766120911,correcto,correcto,0,1
RPM-2008-08-14:1994:4,RPM-2008-08-14,4,neutral,1,neutral,neutral,neutral,neutral,0.009909134358167648,0.11517119407653809,0.8749197125434875,correcto,correcto,0,1
RPM-2008-08-14:2011:1,RPM-2008-08-14,4,neutral,1,neutral,neutral,neutral,neutral,0.0035393196158111095,0.012738519348204136,0.9837221503257751,correcto,correcto,0,1
RPM-2008-08-14:2016:2,RPM-2008-08-14,4,neutral,1,neutral,neutral,neutral,neutral,0.0015447363257408142,0.0030655015725642443,0.9953898191452026,correcto,correcto,0,1
RPM-2008-08-14:2017:1,RPM-2008-08-14,4,neutral,1,neutral,neutral,neutral,neutral,0.0018081825692206621,0.0025440133176743984,0.9956478476524353,correcto,correcto,0,1
RPM-2008-08-14:2026:1,RPM-2008-08-14,4,neutral,1,neutral,neutral,neutral,neutral,0.0017449402948841453,0.005069358740001917,0.9931856393814087,correcto,correcto,0,1
RPM-2008-08-14:2027:1,RPM-2008-08-14,4,neutral,1,neutral,neutral,neutral,neutral,0.00156839017290622,0.0039585852064192295,0.9944729208946228,correcto,correcto,0,1
RPM-2008-08-14:2041:1,RPM-2008-08-14,4,hawkish,1,hawkish,hawkish,hawkish,hawkish,0.850913405418396,0.0992840901017189,0.0498025119304657,correcto,correcto,0,3
RPM-2008-08-14:2042:1,RPM-2008-08-14,4,hawkish,1,hawkish,hawkish,hawkish,hawkish,0.5524445176124573,0.4103461503982544,0.03720930218696594,correcto,correcto,0,2
RPM-2008-08-14:2044:1,RPM-2008-08-14,4,hawkish,1,hawkish,hawkish,hawkish,hawkish,0.8621435165405273,0.12885022163391113,0.009006298147141933,correcto,correcto,0,2
RPM-2008-08-14:2045:1,RPM-2008-08-14,4,hawkish,1,hawkish,hawkish,hawkish,hawkish,0.9633839726448059,0.03214830160140991,0.004467756487429142,correcto,correcto,0,1
RPM-2008-09-04:2048:1,RPM-2008-09-04,2,neutral,0,neutral,neutral,neutral,neutral,0.02170129306614399,0.05422608554363251,0.9240726828575134,correcto,correcto,0,1
RPM-2008-09-04:2050:3,RPM-2008-09-04,2,neutral,1,neutral,neutral,neutral,neutral,0.0012551182880997658,0.002566692652180791,0.996178150177002,correcto,correcto,0,1
RPM-2008-09-04:2067:1,RPM-2008-09-04,2,neutral,1,neutral,neutral,neutral,neutral,0.0013727359473705292,0.0020556242670863867,0.9965716600418091,correcto,correcto,0,1
RPM-2008-09-04:2073:1,RPM-2008-09-04,2,neutral,1,neutral,neutral,neutral,neutral,0.0012762389378622174,0.003799095517024398,0.9949246644973755,correcto,correcto,0,1
RPM-2008-09-04:2083:1,RPM-2008-09-04,2,neutral,1,neutral,neutral,neutral,neutral,0.0013571596937254071,0.0028838845901191235,0.9957589507102966,correcto,correcto,0,1
RPM-2008-09-04:2086:1,RPM-2008-09-04,2,hawkish,1,hawkish,hawkish,hawkish,hawkish,0.6148120760917664,0.3420993983745575,0.04308854788541794,correcto,correcto,0,5
RPM-2008-09-04:2088:1,RPM-2008-09-04,2,hawkish,1,hawkish,hawkish,hawkish,hawkish,0.9272948503494263,0.06750251352787018,0.005202603060752153,correcto,correcto,0,2
RPM-2008-09-04:2094:1,RPM-2008-09-04,2,hawkish,1,hawkish,hawkish,hawkish,hawkish,0.9416441917419434,0.05492206662893295,0.003433736739680171,correcto,correcto,0,2
RPM-2008-09-04:2095:1,RPM-2008-09-04,2,hawkish,1,hawkish,hawkish,hawkish,hawkish,0.975860059261322,0.02116244100034237,0.0029775474686175585,correcto,correcto,0,2
RPM-2008-09-04:2099:1,RPM-2008-09-04,2,hawkish,1,hawkish,hawkish,hawkish,hawkish,0.956718385219574,0.04012563079595566,0.003155975602567196,correcto,correcto,0,1
RPM-2008-09-04:2100:1,RPM-2008-09-04,2,neutral,0,neutral,neutral,neutral,neutral,0.3591352701187134,0.1425127238035202,0.4983520209789276,correcto,correcto,0,1
RPM-2008-12-11:2176:1,RPM-2008-12-11,1,neutral,0,neutral,neutral,neutral,neutral,0.008788674138486385,0.0565723218023777,0.934639036655426,correcto,correcto,0,1
RPM-2008-12-11:2177:2,RPM-2008-12-11,1,neutral,1,neutral,neutral,neutral,neutral,0.0011729646939784288,0.003158154431730509,0.995668888092041,correcto,correcto,0,1
RPM-2008-12-11:2187:1,RPM-2008-12-11,1,neutral,1,neutral,neutral,neutral,neutral,0.0010561923263594508,0.0026814101729542017,0.9962623715400696,correcto,correcto,0,1
RPM-2008-12-11:2206:3,RPM-2008-12-11,1,neutral,1,neutral,neutral,neutral,neutral,0.0011270317481830716,0.0029766482766717672,0.9958963394165039,correcto,correcto,0,1
RPM-2008-12-11:2217:1,RPM-2008-12-11,1,neutral,1,neutral,neutral,neutral,neutral,0.0010037528118118644,0.0029582707211375237,0.9960379600524902,correcto,correcto,0,1
RPM-2008-12-11:2221:2,RPM-2008-12-11,1,neutral,1,neutral,neutral,neutral,neutral,0.0010852681007236242,0.003512739669531584,0.9954019784927368,correcto,correcto,0,1
RPM-2008-12-11:2229:1,RPM-2008-12-11,1,neutral,1,neutral,neutral,neutral,neutral,0.000903857871890068,0.0029290190432220697,0.9961671233177185,correcto,correcto,0,1
RPM-2008-12-11:2232:1,RPM-2008-12-11,1,neutral,1,neutral,neutral,neutral,neutral,0.0017122330609709024,0.012157232500612736,0.9861305356025696,correcto,correcto,0,1
RPM-2008-12-11:2237:4,RPM-2008-12-11,1,neutral,0,neutral,neutral,neutral,neutral,0.022879427298903465,0.12934629619121552,0.8477742075920105,correcto,correcto,0,1
RPM-2008-12-11:2238:1,RPM-2008-12-11,1,dovish,1,dovish,dovish,dovish,dovish,0.2719985842704773,0.6664809584617615,0.06152048707008362,correcto,correcto,0,5
RPM-2008-12-11:2249:1,RPM-2008-12-11,1,neutral,1,dovish,dovish,dovish,dovish,0.04454609006643295,0.707062840461731,0.2483910322189331,n_a_hd,n_a_hd,0,3
RPM-2008-12-11:2251:1,RPM-2008-12-11,1,dovish,1,dovish,dovish,dovish,dovish,0.3358106017112732,0.6457956433296204,0.01839367300271988,correcto,correcto,0,3
RPM-2009-05-07:2505:1,RPM-2009-05-07,4,neutral,0,neutral,neutral,neutral,neutral,0.003114781342446804,0.010900817811489105,0.9859843850135803,correcto,correcto,0,1
RPM-2009-05-07:2517:1,RPM-2009-05-07,4,neutral,1,neutral,neutral,neutral,neutral,0.0018259852658957243,0.006457204464823008,0.9917169213294983,correcto,correcto,0,1
RPM-2009-05-07:2519:1,RPM-2009-05-07,4,neutral,1,neutral,neutral,neutral,neutral,0.0017137400573119521,0.00481612840667367,0.9934701919555664,correcto,correcto,0,1
RPM-2009-05-07:2525:1,RPM-2009-05-07,4,neutral,1,neutral,neutral,neutral,neutral,0.00242318632081151,0.005904909688979387,0.9916718602180481,correcto,correcto,0,1
RPM-2009-05-07:2528:2,RPM-2009-05-07,4,neutral,1,neutral,neutral,neutral,neutral,0.0015507276402786374,0.0031803573947399855,0.9952688813209534,correcto,correcto,0,1
RPM-2009-05-07:2529:2,RPM-2009-05-07,4,neutral,1,neutral,neutral,neutral,neutral,0.0017763793002814054,0.0033801356330513954,0.9948433637619019,correcto,correcto,0,1
RPM-2009-05-07:2530:1,RPM-2009-05-07,4,neutral,1,neutral,neutral,neutral,neutral,0.002211332553997636,0.006501777097582817,0.9912869334220886,correcto,correcto,0,1
RPM-2009-05-07:2532:1,RPM-2009-05-07,4,neutral,1,neutral,neutral,neutral,neutral,0.0016028947429731488,0.0030805575661361217,0.9953166246414185,correcto,correcto,0,1
RPM-2009-05-07:2532:2,RPM-2009-05-07,4,neutral,1,neutral,neutral,neutral,neutral,0.0016834283014759421,0.0026933697517961264,0.9956231713294983,correcto,correcto,0,1
RPM-2009-05-07:2532:5,RPM-2009-05-07,4,neutral,1,neutral,neutral,neutral,neutral,0.0016330293146893382,0.004532611928880215,0.993834376335144,correcto,correcto,0,1
RPM-2009-05-07:2534:1,RPM-2009-05-07,4,neutral,1,neutral,neutral,neutral,neutral,0.0026564409490674734,0.007930168882012367,0.9894133806228638,correcto,correcto,0,1
RPM-2009-05-07:2535:2,RPM-2009-05-07,4,neutral,1,neutral,neutral,neutral,neutral,0.0017559074331074953,0.005184068810194731,0.9930599927902222,correcto,correcto,0,1
RPM-2009-05-07:2537:8,RPM-2009-05-07,4,neutral,1,neutral,neutral,neutral,neutral,0.002121642464771867,0.003584414254873991,0.9942938685417175,correcto,correcto,0,1
RPM-2009-05-07:2538:1,RPM-2009-05-07,4,neutral,1,neutral,neutral,neutral,neutral,0.0013689015759155154,0.002893920289352536,0.9957371950149536,correcto,correcto,0,1
RPM-2009-05-07:2541:2,RPM-2009-05-07,4,neutral,0,neutral,neutral,neutral,neutral,0.023205984383821487,0.04996420815587044,0.9268298149108887,correcto,correcto,0,1
RPM-2009-05-07:2550:1,RPM-2009-05-07,4,dovish,1,dovish,hawkish,dovish,hawkish,0.9659817814826965,0.030441511422395706,0.003576655639335513,correcto,inversion_hd,0,1
RPM-2009-07-09:2608:4,RPM-2009-07-09,2,neutral,1,neutral,neutral,neutral,neutral,0.0029515372589230537,0.007547886576503515,0.9895005822181702,correcto,correcto,0,1
RPM-2009-07-09:2629:3,RPM-2009-07-09,2,neutral,1,neutral,neutral,neutral,neutral,0.002162895631045103,0.007423604838550091,0.9904136061668396,correcto,correcto,0,1
RPM-2009-07-09:2637:2,RPM-2009-07-09,2,neutral,1,neutral,neutral,neutral,neutral,0.0023960238322615623,0.013746709562838078,0.983857274055481,correcto,correcto,0,1
RPM-2009-07-09:2644:2,RPM-2009-07-09,2,dovish,1,dovish,dovish,dovish,dovish,0.23228871822357178,0.6156244874000549,0.1520867794752121,correcto,correcto,0,2
RPM-2009-08-13:2656:1,RPM-2009-08-13,3,neutral,0,neutral,neutral,neutral,neutral,0.014074660837650299,0.02835545875132084,0.9575698971748352,correcto,correcto,0,1
RPM-2009-08-13:2659:1,RPM-2009-08-13,3,neutral,1,neutral,neutral,neutral,neutral,0.001052828854881227,0.0025483286008238792,0.9963988065719604,correcto,correcto,0,1
RPM-2009-08-13:2660:1,RPM-2009-08-13,3,neutral,1,neutral,neutral,neutral,neutral,0.00212961807847023,0.007999754510819912,0.9898706078529358,correcto,correcto,0,2
RPM-2009-08-13:2665:1,RPM-2009-08-13,3,neutral,1,neutral,neutral,neutral,neutral,0.0009101087925955653,0.002194922184571624,0.9968949556350708,correcto,correcto,0,1
RPM-2009-08-13:2668:1,RPM-2009-08-13,3,neutral,1,neutral,neutral,neutral,neutral,0.0009712158353067935,0.0024092879611998796,0.996619462966919,correcto,correcto,0,1
RPM-2009-08-13:2674:3,RPM-2009-08-13,3,neutral,1,neutral,neutral,neutral,neutral,0.0010504762176424265,0.002974705072119832,0.9959748387336731,correcto,correcto,0,1
RPM-2009-08-13:2674:5,RPM-2009-08-13,3,neutral,1,neutral,neutral,neutral,neutral,0.000927965622395277,0.0023478749208152294,0.9967241883277893,correcto,correcto,0,1
RPM-2009-08-13:2677:1,RPM-2009-08-13,3,neutral,1,neutral,neutral,neutral,neutral,0.0008681647595949471,0.0024508642964065075,0.9966809153556824,correcto,correcto,0,1
RPM-2009-08-13:2679:1,RPM-2009-08-13,3,neutral,1,neutral,neutral,neutral,neutral,0.0009726687567308545,0.0024064749013632536,0.9966208934783936,correcto,correcto,0,1
RPM-2009-08-13:2680:3,RPM-2009-08-13,3,neutral,0,neutral,neutral,neutral,neutral,0.007031214889138937,0.04129954054951668,0.9516692161560059,correcto,correcto,0,1
RPM-2009-08-13:2681:1,RPM-2009-08-13,3,dovish,1,dovish,dovish,dovish,dovish,0.16042496263980865,0.6321855783462524,0.20738951861858368,correcto,correcto,0,5
RPM-2009-08-13:2688:1,RPM-2009-08-13,3,dovish,1,dovish,hawkish,dovish,hawkish,0.7184350490570068,0.2670760154724121,0.014488967135548592,correcto,inversion_hd,0,1
RPM-2009-09-08:2689:1,RPM-2009-09-08,1,neutral,0,neutral,neutral,neutral,neutral,0.026424938812851906,0.09106425940990448,0.8825108408927917,correcto,correcto,0,1
RPM-2009-09-08:2699:4,RPM-2009-09-08,1,neutral,1,neutral,neutral,neutral,neutral,0.0014387457631528378,0.006646671798080206,0.9919146299362183,correcto,correcto,0,1
RPM-2009-09-08:2705:7,RPM-2009-09-08,1,neutral,0,neutral,neutral,neutral,neutral,0.05750572308897972,0.1497824639081955,0.7927117943763733,correcto,correcto,0,1
RPM-2009-09-08:2706:1,RPM-2009-09-08,1,neutral,0,neutral,neutral,neutral,neutral,0.015622464939951897,0.09192673116922379,0.892450749874115,correcto,correcto,0,1
RPM-2009-09-08:2711:2,RPM-2009-09-08,1,dovish,1,dovish,dovish,dovish,dovish,0.24797460436820984,0.7344209551811218,0.017604494467377663,correcto,correcto,0,1
RPM-2009-10-13:2714:1,RPM-2009-10-13,2,neutral,0,neutral,neutral,neutral,neutral,0.04038303717970848,0.13912363350391388,0.8204934000968933,correcto,correcto,0,1
RPM-2009-10-13:2715:1,RPM-2009-10-13,2,neutral,0,neutral,neutral,neutral,neutral,0.0016635399078950286,0.00454408023506403,0.9937923550605774,correcto,correcto,0,1
RPM-2009-10-13:2718:1,RPM-2009-10-13,2,neutral,1,neutral,neutral,neutral,neutral,0.001325111137703061,0.002302807755768299,0.9963721036911011,correcto,correcto,0,1
RPM-2009-10-13:2725:5,RPM-2009-10-13,2,neutral,1,neutral,neutral,neutral,neutral,0.0012859535636380315,0.00294563383795321,0.9957684278488159,correcto,correcto,0,1
RPM-2009-10-13:2726:2,RPM-2009-10-13,2,neutral,1,neutral,neutral,neutral,neutral,0.0021882690489292145,0.007106726057827473,0.9907049536705017,correcto,correcto,0,1
RPM-2009-10-13:2728:1,RPM-2009-10-13,2,neutral,0,neutral,neutral,neutral,neutral,0.003368769772350788,0.009320633485913277,0.9873106479644775,correcto,correcto,0,1
RPM-2009-10-13:2729:1,RPM-2009-10-13,2,neutral,1,neutral,neutral,neutral,neutral,0.0013371125096455216,0.0036410598549991846,0.9950218200683594,correcto,correcto,0,1
RPM-2009-10-13:2734:2,RPM-2009-10-13,2,neutral,1,neutral,neutral,neutral,neutral,0.0012329727178439498,0.002303740242496133,0.9964632391929626,correcto,correcto,0,1
RPM-2009-10-13:2742:1,RPM-2009-10-13,2,neutral,1,neutral,neutral,neutral,neutral,0.0012773772468790412,0.002384762279689312,0.996337890625,correcto,correcto,0,1
RPM-2009-10-13:2747:1,RPM-2009-10-13,2,neutral,0,neutral,neutral,neutral,neutral,0.006973917596042156,0.030132437124848366,0.9628936052322388,correcto,correcto,0,1
RPM-2009-10-13:2757:2,RPM-2009-10-13,2,dovish,1,dovish,dovish,dovish,dovish,0.1977907419204712,0.7628795504570007,0.03932978957891464,correcto,correcto,0,1
RPM-2009-10-13:2758:1,RPM-2009-10-13,2,dovish,1,hawkish,dovish,hawkish,dovish,0.40022626519203186,0.589796245098114,0.009977483190596104,inversion_hd,correcto,0,1
RPM-2009-12-15:2809:1,RPM-2009-12-15,2,neutral,1,neutral,neutral,neutral,neutral,0.0013598176883533597,0.002683155005797744,0.99595707654953,correcto,correcto,0,1
RPM-2009-12-15:2821:1,RPM-2009-12-15,2,neutral,1,neutral,neutral,neutral,neutral,0.0014872181927785277,0.0030257608741521835,0.9954870343208313,correcto,correcto,0,1
RPM-2009-12-15:2823:2,RPM-2009-12-15,2,neutral,1,neutral,neutral,neutral,neutral,0.001493929885327816,0.004025822971016169,0.9944802522659302,correcto,correcto,0,1
RPM-2009-12-15:2828:1,RPM-2009-12-15,2,neutral,1,neutral,neutral,neutral,neutral,0.006085856817662716,0.03076108545064926,0.9631530046463013,correcto,correcto,0,1
RPM-2009-12-15:2829:1,RPM-2009-12-15,2,neutral,1,neutral,neutral,neutral,neutral,0.01305752620100975,0.026867669075727463,0.9600747227668762,correcto,correcto,0,1
RPM-2010-02-11:2897:1,RPM-2010-02-11,5,neutral,1,neutral,neutral,neutral,neutral,0.002497599460184574,0.005028273910284042,0.9924741387367249,correcto,correcto,0,1
RPM-2010-02-11:2911:2,RPM-2010-02-11,5,neutral,1,neutral,neutral,neutral,neutral,0.00389575632289052,0.009363798424601555,0.9867404103279114,correcto,correcto,0,1
RPM-2010-02-11:2915:1,RPM-2010-02-11,5,neutral,1,neutral,neutral,neutral,neutral,0.001979800872504711,0.003408994758501649,0.9946111440658569,correcto,correcto,0,1
RPM-2010-02-11:2915:4,RPM-2010-02-11,5,neutral,1,neutral,neutral,neutral,neutral,0.0028474684804677963,0.008202957920730114,0.9889496564865112,correcto,correcto,0,1
RPM-2010-02-11:2918:2,RPM-2010-02-11,5,neutral,1,neutral,neutral,neutral,neutral,0.0020582410506904125,0.0037081774789839983,0.9942335486412048,correcto,correcto,0,1
RPM-2010-02-11:2931:3,RPM-2010-02-11,5,neutral,1,neutral,neutral,neutral,neutral,0.001848431071266532,0.0033149723894894123,0.994836688041687,correcto,correcto,0,1
RPM-2010-02-11:2932:1,RPM-2010-02-11,5,neutral,1,neutral,neutral,neutral,neutral,0.0031616869382560253,0.00897024292498827,0.987868070602417,correcto,correcto,0,1
RPM-2010-02-11:2933:1,RPM-2010-02-11,5,neutral,1,neutral,neutral,neutral,neutral,0.005634377710521221,0.01807837374508381,0.9762871861457825,correcto,correcto,0,2
RPM-2010-02-11:2943:1,RPM-2010-02-11,5,neutral,1,neutral,neutral,neutral,neutral,0.0019647651351988316,0.003247577929869294,0.9947876930236816,correcto,correcto,0,1
RPM-2010-02-11:2947:4,RPM-2010-02-11,5,neutral,1,neutral,neutral,neutral,neutral,0.0020131878554821014,0.003578056814149022,0.9944086670875549,correcto,correcto,0,1
RPM-2010-02-11:2957:3,RPM-2010-02-11,5,neutral,0,neutral,neutral,neutral,neutral,0.007926522754132748,0.032614607363939285,0.9594588279724121,correcto,correcto,0,1
RPM-2010-02-11:2958:2,RPM-2010-02-11,5,neutral,0,neutral,neutral,neutral,neutral,0.01079763937741518,0.03984338045120239,0.9493589401245117,correcto,correcto,0,1
RPM-2010-02-11:2962:2,RPM-2010-02-11,5,neutral,0,neutral,neutral,neutral,neutral,0.006395556498318911,0.020711008459329605,0.9728934168815613,correcto,correcto,0,1
RPM-2010-04-15:3042:1,RPM-2010-04-15,5,neutral,1,neutral,neutral,neutral,neutral,0.0017481702379882336,0.0031538130715489388,0.9950980544090271,correcto,correcto,0,1
RPM-2010-04-15:3044:3,RPM-2010-04-15,5,neutral,1,neutral,neutral,neutral,neutral,0.0021197893656790257,0.0033036607783287764,0.9945765733718872,correcto,correcto,0,1
RPM-2010-04-15:3051:4,RPM-2010-04-15,5,neutral,1,neutral,neutral,neutral,neutral,0.0027784735430032015,0.006590069271624088,0.9906314611434937,correcto,correcto,0,1
RPM-2010-04-15:3063:2,RPM-2010-04-15,5,neutral,1,neutral,neutral,neutral,neutral,0.004855089355260134,0.013714386150240898,0.9814305901527405,correcto,correcto,0,2
RPM-2010-04-15:3065:1,RPM-2010-04-15,5,neutral,1,neutral,neutral,neutral,neutral,0.0017283293418586254,0.004461357835680246,0.99381023645401,correcto,correcto,0,1
RPM-2010-04-15:3076:1,RPM-2010-04-15,5,hawkish,1,hawkish,hawkish,hawkish,hawkish,0.6957948803901672,0.2820706069469452,0.022134477272629738,correcto,correcto,0,2
RPM-2010-06-15:3132:2,RPM-2010-06-15,3,neutral,1,neutral,neutral,neutral,neutral,0.0009830871131271124,0.0026320405304431915,0.996384859085083,correcto,correcto,0,1
RPM-2010-06-15:3134:1,RPM-2010-06-15,3,neutral,1,neutral,neutral,neutral,neutral,0.0008523321594111621,0.002345727989450097,0.9968018531799316,correcto,correcto,0,1
RPM-2010-06-15:3135:1,RPM-2010-06-15,3,neutral,1,neutral,neutral,neutral,neutral,0.0011809583520516753,0.003097206586971879,0.9957218170166016,correcto,correcto,0,1
RPM-2010-06-15:3137:1,RPM-2010-06-15,3,neutral,1,neutral,neutral,neutral,neutral,0.0008239331073127687,0.0026758951134979725,0.9965001344680786,correcto,correcto,0,1
RPM-2010-06-15:3147:1,RPM-2010-06-15,3,neutral,1,neutral,neutral,neutral,neutral,0.0011051858309656382,0.003683715593069792,0.9952110648155212,correcto,correcto,0,1
RPM-2010-06-15:3151:1,RPM-2010-06-15,3,neutral,1,neutral,neutral,neutral,neutral,0.0009255624609068036,0.0025688980240374804,0.996505618095398,correcto,correcto,0,1
RPM-2010-06-15:3166:1,RPM-2010-06-15,3,neutral,1,neutral,neutral,neutral,neutral,0.0009812272619456053,0.0022418496664613485,0.9967768788337708,correcto,correcto,0,1
RPM-2010-06-15:3188:1,RPM-2010-06-15,3,neutral,1,neutral,neutral,neutral,neutral,0.0009107818477787077,0.0023900007363408804,0.9966992735862732,correcto,correcto,0,1
RPM-2010-06-15:3192:1,RPM-2010-06-15,3,neutral,1,neutral,neutral,neutral,neutral,0.0009914330439642072,0.002949135610833764,0.9960594177246094,correcto,correcto,0,1
RPM-2010-06-15:3199:1,RPM-2010-06-15,3,hawkish,1,hawkish,hawkish,hawkish,hawkish,0.72269207239151,0.23296985030174255,0.04433802515268326,correcto,correcto,0,3
RPM-2010-08-12:3281:1,RPM-2010-08-12,1,neutral,1,neutral,neutral,neutral,neutral,0.0012069534277543426,0.005688462406396866,0.9931045174598694,correcto,correcto,0,1
RPM-2010-08-12:3286:3,RPM-2010-08-12,1,neutral,1,neutral,neutral,neutral,neutral,0.0015457008266821504,0.012054582126438618,0.98639976978302,correcto,correcto,0,1
RPM-2010-08-12:3302:1,RPM-2010-08-12,1,neutral,1,neutral,neutral,neutral,neutral,0.0011412163730710745,0.0030263718217611313,0.9958325028419495,correcto,correcto,0,1
RPM-2010-08-12:3303:3,RPM-2010-08-12,1,neutral,1,neutral,neutral,neutral,neutral,0.0011418884387239814,0.003601980395615101,0.9952560067176819,correcto,correcto,0,1
RPM-2010-08-12:3306:1,RPM-2010-08-12,1,neutral,1,neutral,neutral,neutral,neutral,0.0014118388062343001,0.004027377348393202,0.9945607781410217,correcto,correcto,0,1
RPM-2010-08-12:3308:2,RPM-2010-08-12,1,neutral,1,neutral,neutral,neutral,neutral,0.0011435203487053514,0.0027730034198611975,0.9960834980010986,correcto,correcto,0,1
RPM-2010-08-12:3310:4,RPM-2010-08-12,1,neutral,1,neutral,neutral,neutral,neutral,0.000869686424266547,0.0029437921475619078,0.9961865544319153,correcto,correcto,0,1
RPM-2010-08-12:3337:1,RPM-2010-08-12,1,hawkish,1,neutral,neutral,neutral,neutral,0.01768425665795803,0.41732028126716614,0.564995527267456,hd_a_n,hd_a_n,0,3
RPM-2010-09-16:3345:1,RPM-2010-09-16,2,neutral,0,neutral,neutral,neutral,neutral,0.038105309009552,0.07274934649467468,0.8891453742980957,correcto,correcto,0,1
RPM-2010-09-16:3346:1,RPM-2010-09-16,2,neutral,0,neutral,neutral,neutral,neutral,0.008580666966736317,0.03402247279882431,0.9573968648910522,correcto,correcto,0,1
RPM-2010-09-16:3354:3,RPM-2010-09-16,2,neutral,1,neutral,neutral,neutral,neutral,0.0014186358312144876,0.0025559100322425365,0.9960254430770874,correcto,correcto,0,1
RPM-2010-09-16:3372:1,RPM-2010-09-16,2,neutral,1,neutral,neutral,neutral,neutral,0.001477606245316565,0.003249768167734146,0.9952725768089294,correcto,correcto,0,1
RPM-2010-09-16:3374:1,RPM-2010-09-16,2,neutral,1,neutral,neutral,neutral,neutral,0.0014740804908797145,0.0029752166010439396,0.9955507516860962,correcto,correcto,0,1
RPM-2010-09-16:3388:2,RPM-2010-09-16,2,neutral,1,neutral,neutral,neutral,neutral,0.001982893329113722,0.004026074428111315,0.9939910769462585,correcto,correcto,0,1
RPM-2010-09-16:3389:1,RPM-2010-09-16,2,neutral,1,neutral,neutral,neutral,neutral,0.0012301112292334437,0.0031998837366700172,0.9955700039863586,correcto,correcto,0,1
RPM-2010-09-16:3395:4,RPM-2010-09-16,2,neutral,1,neutral,neutral,neutral,neutral,0.001261190278455615,0.002524477895349264,0.9962143301963806,correcto,correcto,0,1
RPM-2010-09-16:3409:2,RPM-2010-09-16,2,neutral,1,neutral,neutral,neutral,neutral,0.001310124876908958,0.002481249626725912,0.996208667755127,correcto,correcto,0,1
RPM-2010-09-16:3422:1,RPM-2010-09-16,2,neutral,0,neutral,neutral,neutral,neutral,0.0064057232812047005,0.021434839814901352,0.9721593856811523,correcto,correcto,0,1
RPM-2010-10-14:3434:3,RPM-2010-10-14,5,neutral,1,neutral,neutral,neutral,neutral,0.0017113799694925547,0.0025362689048051834,0.9957523345947266,correcto,correcto,0,1
RPM-2010-10-14:3435:1,RPM-2010-10-14,5,neutral,1,neutral,neutral,neutral,neutral,0.0016470993869006634,0.0032081063836812973,0.995144784450531,correcto,correcto,0,1
RPM-2010-10-14:3439:3,RPM-2010-10-14,5,neutral,1,neutral,neutral,neutral,neutral,0.0033249787520617247,0.012876313179731369,0.9837987422943115,correcto,correcto,0,1
RPM-2010-10-14:3449:4,RPM-2010-10-14,5,neutral,1,neutral,neutral,neutral,neutral,0.003426499664783478,0.010533281601965427,0.9860403537750244,correcto,correcto,0,1
RPM-2010-10-14:3467:1,RPM-2010-10-14,5,neutral,1,neutral,neutral,neutral,neutral,0.0018623393261805177,0.003167936811223626,0.9949697852134705,correcto,correcto,0,1
RPM-2010-10-14:3476:2,RPM-2010-10-14,5,neutral,1,neutral,neutral,neutral,neutral,0.002329271286725998,0.006373186595737934,0.9912974834442139,correcto,correcto,0,1
RPM-2010-10-14:3476:3,RPM-2010-10-14,5,neutral,1,neutral,neutral,neutral,neutral,0.33694103360176086,0.10926222801208496,0.5537967085838318,correcto,correcto,0,2
RPM-2010-10-14:3476:5,RPM-2010-10-14,5,neutral,0,neutral,neutral,neutral,neutral,0.18656805157661438,0.23756097257137299,0.575870931148529,correcto,correcto,0,1
RPM-2010-10-14:3491:1,RPM-2010-10-14,5,hawkish,1,dovish,hawkish,dovish,hawkish,0.7819017767906189,0.16489119827747345,0.053207024931907654,inversion_hd,correcto,0,2
RPM-2010-10-14:3492:1,RPM-2010-10-14,5,hawkish,1,hawkish,hawkish,hawkish,hawkish,0.732257068157196,0.25478655099868774,0.012956395745277405,correcto,correcto,0,1
RPM-2010-10-14:3493:1,RPM-2010-10-14,5,neutral,0,neutral,neutral,neutral,neutral,0.38488534092903137,0.20340348780155182,0.41171109676361084,correcto,correcto,0,1
RPM-2011-01-13:3651:1,RPM-2011-01-13,2,neutral,1,neutral,neutral,neutral,neutral,0.0016165559645742178,0.00529309269040823,0.9930903315544128,correcto,correcto,0,1
RPM-2011-01-13:3656:3,RPM-2011-01-13,2,neutral,1,neutral,neutral,neutral,neutral,0.0014516555238515139,0.002740129828453064,0.9958081245422363,correcto,correcto,0,1
RPM-2011-01-13:3659:1,RPM-2011-01-13,2,neutral,0,neutral,neutral,neutral,neutral,0.0016451789997518063,0.0029017983470112085,0.9954530000686646,correcto,correcto,0,1
RPM-2011-01-13:3672:1,RPM-2011-01-13,2,neutral,1,neutral,neutral,neutral,neutral,0.0014912700280547142,0.00280381110496819,0.9957048296928406,correcto,correcto,0,1
RPM-2011-01-13:3695:1,RPM-2011-01-13,2,neutral,1,neutral,neutral,neutral,neutral,0.003072701394557953,0.006017047446221113,0.9909102320671082,correcto,correcto,0,1
RPM-2011-01-13:3698:1,RPM-2011-01-13,2,neutral,1,neutral,neutral,neutral,neutral,0.0015501797897741199,0.004053320270031691,0.9943965673446655,correcto,correcto,0,1
RPM-2011-01-13:3717:1,RPM-2011-01-13,2,neutral,0,neutral,neutral,neutral,neutral,0.3578788936138153,0.14394240081310272,0.4981786906719208,correcto,correcto,0,1
RPM-2011-08-18:4216:1,RPM-2011-08-18,3,neutral,0,neutral,neutral,neutral,neutral,0.00627569854259491,0.02278863824903965,0.9709357023239136,correcto,correcto,0,1
RPM-2011-08-18:4224:2,RPM-2011-08-18,3,neutral,1,neutral,neutral,neutral,neutral,0.0010649641044437885,0.0028297672979533672,0.9961052536964417,correcto,correcto,0,1
RPM-2011-08-18:4234:2,RPM-2011-08-18,3,neutral,1,neutral,neutral,neutral,neutral,0.0009236192563548684,0.002360603306442499,0.9967159032821655,correcto,correcto,0,1
RPM-2011-08-18:4252:2,RPM-2011-08-18,3,neutral,1,neutral,neutral,neutral,neutral,0.0009313670452684164,0.0026675667613744736,0.9964010715484619,correcto,correcto,0,1
RPM-2011-08-18:4263:1,RPM-2011-08-18,3,neutral,1,neutral,neutral,neutral,neutral,0.0008531316416338086,0.0019535995088517666,0.9971932768821716,correcto,correcto,0,1
RPM-2011-08-18:4267:2,RPM-2011-08-18,3,neutral,0,neutral,neutral,neutral,neutral,0.0619867667555809,0.11295352876186371,0.825059711933136,correcto,correcto,0,1
RPM-2011-08-18:4267:3,RPM-2011-08-18,3,neutral,0,neutral,neutral,neutral,neutral,0.006908877287060022,0.03928409516811371,0.9538070559501648,correcto,correcto,0,1
RPM-2011-08-18:4272:1,RPM-2011-08-18,3,dovish,1,hawkish,neutral,hawkish,neutral,0.08419366180896759,0.3913986086845398,0.524407684803009,inversion_hd,hd_a_n,0,4
RPM-2011-08-18:4280:1,RPM-2011-08-18,3,neutral,1,hawkish,hawkish,hawkish,hawkish,0.490161269903183,0.452958345413208,0.05688037723302841,n_a_hd,n_a_hd,0,1
RPM-2011-09-15:4314:2,RPM-2011-09-15,5,neutral,1,neutral,neutral,neutral,neutral,0.0021677003242075443,0.004246045835316181,0.9935863614082336,correcto,correcto,0,1
RPM-2011-09-15:4319:1,RPM-2011-09-15,5,neutral,1,neutral,neutral,neutral,neutral,0.0024496109690517187,0.009393462911248207,0.9881569743156433,correcto,correcto,0,1
RPM-2011-09-15:4329:1,RPM-2011-09-15,5,dovish,1,dovish,dovish,dovish,dovish,0.431586891412735,0.5310593247413635,0.0373537540435791,correcto,correcto,0,2
RPM-2011-09-15:4332:1,RPM-2011-09-15,5,dovish,1,dovish,hawkish,dovish,hawkish,0.6476390361785889,0.3299507796764374,0.022410189732909203,correcto,inversion_hd,0,2
RPM-2011-09-15:4333:1,RPM-2011-09-15,5,dovish,1,neutral,dovish,neutral,dovish,0.054451365023851395,0.4936036169528961,0.45194506645202637,hd_a_n,correcto,0,1
RPM-2011-11-15:4410:1,RPM-2011-11-15,5,neutral,1,neutral,neutral,neutral,neutral,0.001937459222972393,0.0036452957428991795,0.9944171905517578,correcto,correcto,0,1
RPM-2011-11-15:4413:2,RPM-2011-11-15,5,neutral,1,neutral,neutral,neutral,neutral,0.0020175911486148834,0.005273614544421434,0.9927088022232056,correcto,correcto,0,1
RPM-2011-11-15:4419:1,RPM-2011-11-15,5,neutral,1,neutral,neutral,neutral,neutral,0.002208360005170107,0.0035583777353167534,0.9942331910133362,correcto,correcto,0,1
RPM-2011-11-15:4420:1,RPM-2011-11-15,5,neutral,1,neutral,neutral,neutral,neutral,0.001960025168955326,0.003670264733955264,0.9943696856498718,correcto,correcto,0,1
RPM-2011-11-15:4428:1,RPM-2011-11-15,5,neutral,1,neutral,neutral,neutral,neutral,0.0033307091798633337,0.014158288948237896,0.9825111031532288,correcto,correcto,0,1
RPM-2011-11-15:4433:2,RPM-2011-11-15,5,neutral,1,neutral,neutral,neutral,neutral,0.0019625111017376184,0.003148982534185052,0.9948886036872864,correcto,correcto,0,1
RPM-2011-11-15:4433:3,RPM-2011-11-15,5,neutral,1,neutral,neutral,neutral,neutral,0.0021799353417009115,0.007261584512889385,0.9905585050582886,correcto,correcto,0,1
RPM-2011-11-15:4434:1,RPM-2011-11-15,5,neutral,1,neutral,neutral,neutral,neutral,0.0017102650599554181,0.003069276688620448,0.9952203631401062,correcto,correcto,0,1
RPM-2011-11-15:4437:3,RPM-2011-11-15,5,neutral,1,neutral,neutral,neutral,neutral,0.0018672810401767492,0.003153660101816058,0.9949790835380554,correcto,correcto,0,1
RPM-2011-11-15:4438:1,RPM-2011-11-15,5,neutral,0,neutral,neutral,neutral,neutral,0.003023929428309202,0.007770346477627754,0.9892057180404663,correcto,correcto,0,1
RPM-2011-11-15:4444:3,RPM-2011-11-15,5,neutral,0,neutral,neutral,neutral,neutral,0.0024393319617956877,0.0034733687061816454,0.9940873384475708,correcto,correcto,0,1
RPM-2011-11-15:4456:2,RPM-2011-11-15,5,neutral,0,neutral,neutral,neutral,neutral,0.007509819697588682,0.022155437618494034,0.9703347682952881,correcto,correcto,0,1
RPM-2012-01-12:4520:1,RPM-2012-01-12,4,neutral,0,neutral,neutral,neutral,neutral,0.001720502390526235,0.003988960292190313,0.9942905902862549,correcto,correcto,0,1
RPM-2012-01-12:4525:1,RPM-2012-01-12,4,neutral,1,neutral,neutral,neutral,neutral,0.010153419338166714,0.0529073029756546,0.9369392395019531,correcto,correcto,0,1
RPM-2012-01-12:4528:1,RPM-2012-01-12,4,neutral,1,neutral,neutral,neutral,neutral,0.0018836362287402153,0.0037328556645661592,0.9943835735321045,correcto,correcto,0,1
RPM-2012-01-12:4531:2,RPM-2012-01-12,4,neutral,1,neutral,neutral,neutral,neutral,0.001536886440590024,0.004299078602343798,0.9941640496253967,correcto,correcto,0,1
RPM-2012-01-12:4537:2,RPM-2012-01-12,4,neutral,1,neutral,neutral,neutral,neutral,0.0045475345104932785,0.013926593586802483,0.9815258979797363,correcto,correcto,0,2
RPM-2012-01-12:4555:3,RPM-2012-01-12,4,neutral,1,neutral,neutral,neutral,neutral,0.0016341875307261944,0.0029280611779540777,0.9954378008842468,correcto,correcto,0,1
RPM-2012-01-12:4559:1,RPM-2012-01-12,4,neutral,1,neutral,neutral,neutral,neutral,0.004306895658373833,0.022036157548427582,0.9736570119857788,correcto,correcto,0,1
RPM-2012-02-14:4577:1,RPM-2012-02-14,4,neutral,1,neutral,neutral,neutral,neutral,0.0046890173107385635,0.016677888110280037,0.9786331057548523,correcto,correcto,0,3
RPM-2012-02-14:4584:1,RPM-2012-02-14,4,neutral,1,neutral,neutral,neutral,neutral,0.004163270816206932,0.01580611802637577,0.9800305962562561,correcto,correcto,0,2
RPM-2012-02-14:4586:1,RPM-2012-02-14,4,neutral,1,neutral,neutral,neutral,neutral,0.0017597404075786471,0.004809997975826263,0.9934303164482117,correcto,correcto,0,1
RPM-2012-02-14:4611:1,RPM-2012-02-14,4,neutral,1,neutral,neutral,neutral,neutral,0.0017083848360925913,0.008319574408233166,0.9899719953536987,correcto,correcto,0,1
RPM-2012-02-14:4615:1,RPM-2012-02-14,4,neutral,1,neutral,neutral,neutral,neutral,0.0014459965750575066,0.003209789516404271,0.9953441023826599,correcto,correcto,0,1
RPM-2012-02-14:4620:1,RPM-2012-02-14,4,neutral,1,neutral,neutral,neutral,neutral,0.0018707129638642073,0.003288326784968376,0.9948409199714661,correcto,correcto,0,1
RPM-2012-02-14:4628:1,RPM-2012-02-14,4,neutral,1,neutral,neutral,neutral,neutral,0.0018250964349135756,0.0030340412631630898,0.995140790939331,correcto,correcto,0,1
RPM-2012-02-14:4633:1,RPM-2012-02-14,4,neutral,1,neutral,neutral,neutral,neutral,0.0016351469093933702,0.0031791420187801123,0.9951856732368469,correcto,correcto,0,1
RPM-2012-02-14:4640:1,RPM-2012-02-14,4,neutral,0,neutral,neutral,neutral,neutral,0.005825224798172712,0.025702238082885742,0.9684725403785706,correcto,correcto,0,1
RPM-2012-02-14:4648:1,RPM-2012-02-14,4,neutral,1,neutral,dovish,neutral,dovish,0.060477372258901596,0.7214933633804321,0.2180292308330536,correcto,n_a_hd,0,3
RPM-2012-03-15:4681:1,RPM-2012-03-15,2,neutral,1,neutral,neutral,neutral,neutral,0.0015758108347654343,0.005260974634438753,0.9931632280349731,correcto,correcto,0,1
RPM-2012-03-15:4689:2,RPM-2012-03-15,2,neutral,1,neutral,neutral,neutral,neutral,0.004594462923705578,0.021304382011294365,0.9741011261940002,correcto,correcto,0,1
RPM-2012-03-15:4697:1,RPM-2012-03-15,2,neutral,1,neutral,neutral,neutral,neutral,0.0015860492130741477,0.0038879544008523226,0.9945259690284729,correcto,correcto,0,1
RPM-2012-03-15:4701:1,RPM-2012-03-15,2,neutral,1,neutral,neutral,neutral,neutral,0.001567091909237206,0.0026074061170220375,0.9958255290985107,correcto,correcto,0,1
RPM-2012-03-15:4706:2,RPM-2012-03-15,2,neutral,1,neutral,neutral,neutral,neutral,0.00164376653265208,0.0029712554533034563,0.9953849911689758,correcto,correcto,0,1
RPM-2012-03-15:4713:1,RPM-2012-03-15,2,neutral,1,neutral,neutral,neutral,neutral,0.0013219801476225257,0.0021373131312429905,0.9965407252311707,correcto,correcto,0,1
RPM-2012-03-15:4719:6,RPM-2012-03-15,2,neutral,1,neutral,neutral,neutral,neutral,0.04059609770774841,0.18839775025844574,0.7710061073303223,correcto,correcto,0,3
RPM-2012-03-15:4720:1,RPM-2012-03-15,2,neutral,0,neutral,neutral,neutral,neutral,0.0030668785329908133,0.009809005074203014,0.9871242046356201,correcto,correcto,0,1
RPM-2012-03-15:4721:1,RPM-2012-03-15,2,neutral,1,hawkish,dovish,hawkish,dovish,0.16202446818351746,0.5040782690048218,0.3338972330093384,n_a_hd,n_a_hd,0,4
RPM-2012-04-17:4743:1,RPM-2012-04-17,3,neutral,1,neutral,neutral,neutral,neutral,0.0008624318870715797,0.002284648362547159,0.9968529343605042,correcto,correcto,0,1
RPM-2012-04-17:4749:1,RPM-2012-04-17,3,neutral,1,neutral,neutral,neutral,neutral,0.0009342231205664575,0.0022606831043958664,0.9968050718307495,correcto,correcto,0,1
RPM-2012-04-17:4770:1,RPM-2012-04-17,3,neutral,1,neutral,neutral,neutral,neutral,0.0009821720886975527,0.002282619010657072,0.996735155582428,correcto,correcto,0,1
RPM-2012-04-17:4771:1,RPM-2012-04-17,3,neutral,1,neutral,neutral,neutral,neutral,0.0010269765043631196,0.0023241464514285326,0.9966488480567932,correcto,correcto,0,1
RPM-2012-04-17:4778:3,RPM-2012-04-17,3,neutral,0,neutral,neutral,neutral,neutral,0.09708896279335022,0.15291252732276917,0.7499985098838806,correcto,correcto,0,1
RPM-2012-04-17:4779:1,RPM-2012-04-17,3,neutral,0,neutral,neutral,neutral,neutral,0.004727913998067379,0.027339637279510498,0.9679323434829712,correcto,correcto,0,1
RPM-2012-04-17:4788:2,RPM-2012-04-17,3,neutral,1,neutral,neutral,neutral,neutral,0.0015885430620983243,0.009493534453213215,0.9889179468154907,correcto,correcto,0,1
RPM-2012-04-17:4790:2,RPM-2012-04-17,3,neutral,1,dovish,dovish,dovish,dovish,0.4216996431350708,0.5033047795295715,0.07499559968709946,n_a_hd,n_a_hd,0,1
RPM-2012-05-17:4793:1,RPM-2012-05-17,5,neutral,0,neutral,neutral,neutral,neutral,0.009146658703684807,0.03809984400868416,0.9527534246444702,correcto,correcto,0,1
RPM-2012-05-17:4812:1,RPM-2012-05-17,5,neutral,1,neutral,neutral,neutral,neutral,0.0017003258690238,0.00373831856995821,0.9945613741874695,correcto,correcto,0,1
RPM-2012-05-17:4822:1,RPM-2012-05-17,5,neutral,1,neutral,neutral,neutral,neutral,0.002470698207616806,0.0036309086717665195,0.9938983917236328,correcto,correcto,0,1
RPM-2012-05-17:4825:1,RPM-2012-05-17,5,neutral,1,neutral,neutral,neutral,neutral,0.0022534478921443224,0.0054763564839959145,0.9922701120376587,correcto,correcto,0,1
RPM-2012-06-14:4862:1,RPM-2012-06-14,4,neutral,1,neutral,neutral,neutral,neutral,0.013553891330957413,0.04862993210554123,0.9378161430358887,correcto,correcto,0,1
RPM-2012-06-14:4863:1,RPM-2012-06-14,4,neutral,0,neutral,neutral,neutral,neutral,0.002785868477076292,0.007831631228327751,0.9893825054168701,correcto,correcto,0,1
RPM-2012-06-14:4885:3,RPM-2012-06-14,4,neutral,0,neutral,neutral,neutral,neutral,0.019813209772109985,0.06594022363424301,0.9142465591430664,correcto,correcto,0,1
RPM-2012-06-14:4890:1,RPM-2012-06-14,4,neutral,0,neutral,neutral,neutral,neutral,0.00859189685434103,0.028837334364652634,0.9625707864761353,correcto,correcto,0,1
RPM-2012-06-14:4897:1,RPM-2012-06-14,4,neutral,1,neutral,dovish,neutral,dovish,0.042683281004428864,0.5189136266708374,0.43840306997299194,correcto,n_a_hd,0,2
RPM-2012-08-16:4976:1,RPM-2012-08-16,4,neutral,1,neutral,neutral,neutral,neutral,0.015372165478765965,0.06492716819047928,0.9197006225585938,correcto,correcto,0,4
RPM-2012-08-16:4989:1,RPM-2012-08-16,4,neutral,1,neutral,neutral,neutral,neutral,0.0021296388003975153,0.0054943980649113655,0.9923760294914246,correcto,correcto,0,1
RPM-2012-08-16:5008:1,RPM-2012-08-16,4,neutral,1,neutral,neutral,neutral,neutral,0.002352941082790494,0.006922501605004072,0.990724503993988,correcto,correcto,0,1
RPM-2012-08-16:5012:1,RPM-2012-08-16,4,neutral,1,neutral,neutral,neutral,neutral,0.002770712599158287,0.003315569134429097,0.9939137101173401,correcto,correcto,0,1
RPM-2012-08-16:5030:1,RPM-2012-08-16,4,neutral,0,neutral,neutral,neutral,neutral,0.008613928221166134,0.03014777973294258,0.9612382650375366,correcto,correcto,0,1
RPM-2012-08-16:5039:2,RPM-2012-08-16,4,neutral,0,neutral,neutral,dovish,dovish,0.027992455288767815,0.5029550194740295,0.4690525233745575,correcto,correcto,0,1
RPM-2012-09-13:5044:1,RPM-2012-09-13,5,neutral,1,neutral,neutral,neutral,neutral,0.0017778584733605385,0.003635498695075512,0.9945865869522095,correcto,correcto,0,1
RPM-2012-09-13:5060:1,RPM-2012-09-13,5,neutral,1,neutral,neutral,neutral,neutral,0.0019858984742313623,0.0033864211291074753,0.9946276545524597,correcto,correcto,0,1
RPM-2012-09-13:5068:1,RPM-2012-09-13,5,neutral,1,neutral,neutral,neutral,neutral,0.001917509245686233,0.0030592321418225765,0.995023250579834,correcto,correcto,0,1
RPM-2012-09-13:5075:1,RPM-2012-09-13,5,neutral,1,neutral,neutral,neutral,neutral,0.003622480435296893,0.020577281713485718,0.9758002161979675,correcto,correcto,0,1
RPM-2012-09-13:5084:2,RPM-2012-09-13,5,neutral,1,neutral,neutral,neutral,neutral,0.030811777338385582,0.1615183800458908,0.8076698184013367,correcto,correcto,0,4
RPM-2012-09-13:5086:1,RPM-2012-09-13,5,neutral,0,neutral,neutral,neutral,neutral,0.004688596818596125,0.01714918203651905,0.9781622290611267,correcto,correcto,0,1
RPM-2012-09-13:5089:1,RPM-2012-09-13,5,neutral,1,dovish,dovish,dovish,dovish,0.4596022665500641,0.4867788255214691,0.0536188967525959,n_a_hd,n_a_hd,0,2
RPM-2012-11-13:5166:1,RPM-2012-11-13,1,neutral,1,neutral,neutral,neutral,neutral,0.001353786326944828,0.003848288208246231,0.9947978258132935,correcto,correcto,0,1
RPM-2012-11-13:5168:1,RPM-2012-11-13,1,neutral,1,neutral,neutral,neutral,neutral,0.0010642458219081163,0.0029325434006750584,0.9960032105445862,correcto,correcto,0,1
RPM-2012-11-13:5175:1,RPM-2012-11-13,1,neutral,1,neutral,neutral,neutral,neutral,0.001027650316245854,0.003829063381999731,0.9951432943344116,correcto,correcto,0,1
RPM-2012-11-13:5207:3,RPM-2012-11-13,1,neutral,0,neutral,neutral,neutral,neutral,0.24529452621936798,0.24546341598033905,0.5092419981956482,correcto,correcto,0,1
RPM-2012-11-13:5215:1,RPM-2012-11-13,1,neutral,1,dovish,neutral,dovish,neutral,0.014488894492387772,0.4878624975681305,0.49764856696128845,n_a_hd,correcto,0,2
RPM-2012-11-13:5217:1,RPM-2012-11-13,1,neutral,1,dovish,dovish,dovish,dovish,0.03829428181052208,0.8439999222755432,0.1177058070898056,n_a_hd,n_a_hd,0,2
RPM-2013-01-17:5279:2,RPM-2013-01-17,3,neutral,1,neutral,neutral,neutral,neutral,0.0010166632710024714,0.002497970126569271,0.9964854717254639,correcto,correcto,0,1
RPM-2013-01-17:5283:1,RPM-2013-01-17,3,neutral,1,neutral,neutral,neutral,neutral,0.0012937946012243629,0.006798350252211094,0.9919078350067139,correcto,correcto,0,1
RPM-2013-01-17:5302:1,RPM-2013-01-17,3,neutral,1,neutral,dovish,neutral,dovish,0.08127982914447784,0.6395625472068787,0.2791576087474823,correcto,n_a_hd,0,1
RPM-2013-01-17:5306:1,RPM-2013-01-17,3,neutral,1,neutral,neutral,neutral,neutral,0.0009299644734710455,0.0023856000043451786,0.9966844916343689,correcto,correcto,0,1
RPM-2013-01-17:5322:1,RPM-2013-01-17,3,neutral,1,neutral,neutral,neutral,neutral,0.04486279934644699,0.40190672874450684,0.5532305240631104,correcto,correcto,0,1
RPM-2013-03-14:5412:2,RPM-2013-03-14,4,neutral,1,neutral,neutral,neutral,neutral,0.001842678990215063,0.00419372646138072,0.9939636588096619,correcto,correcto,0,1
RPM-2013-03-14:5421:1,RPM-2013-03-14,4,neutral,1,neutral,neutral,neutral,neutral,0.001393541693687439,0.004176659509539604,0.9944297671318054,correcto,correcto,0,1
RPM-2013-03-14:5430:1,RPM-2013-03-14,4,neutral,1,neutral,neutral,neutral,neutral,0.01617163047194481,0.21031510829925537,0.7735133171081543,correcto,correcto,0,1
RPM-2013-03-14:5443:1,RPM-2013-03-14,4,neutral,1,dovish,neutral,dovish,neutral,0.007128494326025248,0.04917093738913536,0.9437005519866943,n_a_hd,correcto,0,1
RPM-2013-06-13:5578:2,RPM-2013-06-13,4,neutral,1,neutral,neutral,neutral,neutral,0.001526635605841875,0.0029252872336655855,0.9955480098724365,correcto,correcto,0,1
RPM-2013-06-13:5599:1,RPM-2013-06-13,4,neutral,1,neutral,neutral,neutral,neutral,0.0017297883750870824,0.00333444494754076,0.9949357509613037,correcto,correcto,0,1
RPM-2013-06-13:5612:1,RPM-2013-06-13,4,neutral,1,neutral,neutral,neutral,neutral,0.001733411569148302,0.0032165164593607187,0.9950501322746277,correcto,correcto,0,1
RPM-2013-06-13:5620:1,RPM-2013-06-13,4,neutral,0,neutral,neutral,neutral,neutral,0.003972309175878763,0.012906837277114391,0.9831209182739258,correcto,correcto,0,1
RPM-2013-06-13:5626:1,RPM-2013-06-13,4,neutral,1,neutral,neutral,neutral,neutral,0.04837917909026146,0.22370260953903198,0.7279182076454163,correcto,correcto,0,2
RPM-2013-06-13:5630:1,RPM-2013-06-13,4,dovish,1,dovish,hawkish,dovish,hawkish,0.5486751794815063,0.43834859132766724,0.012976228259503841,correcto,inversion_hd,0,2
RPM-2013-06-13:5631:1,RPM-2013-06-13,4,neutral,0,neutral,neutral,neutral,neutral,0.006576817482709885,0.022278478369116783,0.9711446762084961,correcto,correcto,0,1
RPM-2013-06-13:5632:1,RPM-2013-06-13,4,dovish,1,dovish,dovish,dovish,dovish,0.32843658328056335,0.5269063711166382,0.14465706050395966,correcto,correcto,0,3
RPM-2013-06-13:5635:1,RPM-2013-06-13,4,neutral,0,neutral,neutral,neutral,hawkish,0.6686675548553467,0.11823589354753494,0.2130965143442154,correcto,correcto,0,1
RPM-2013-08-13:5703:1,RPM-2013-08-13,1,neutral,1,neutral,neutral,neutral,neutral,0.006631322205066681,0.09147359430789948,0.9018950462341309,correcto,correcto,0,4
RPM-2013-08-13:5714:1,RPM-2013-08-13,1,neutral,1,neutral,neutral,neutral,neutral,0.0033675709273666143,0.05544036999344826,0.941192090511322,correcto,correcto,0,1
RPM-2013-08-13:5718:1,RPM-2013-08-13,1,neutral,0,neutral,neutral,neutral,neutral,0.001272179069928825,0.005083252210170031,0.9936445951461792,correcto,correcto,0,1
RPM-2013-08-13:5727:2,RPM-2013-08-13,1,neutral,1,neutral,neutral,neutral,neutral,0.0009709643200039864,0.0028477669693529606,0.9961813688278198,correcto,correcto,0,1
RPM-2013-08-13:5738:2,RPM-2013-08-13,1,neutral,0,neutral,neutral,neutral,neutral,0.18586504459381104,0.4013192355632782,0.41281571984291077,correcto,correcto,0,1
RPM-2013-08-13:5748:1,RPM-2013-08-13,1,neutral,1,dovish,neutral,dovish,neutral,0.020023362711071968,0.36747556924819946,0.6125010848045349,n_a_hd,correcto,0,1
RPM-2013-08-13:5752:2,RPM-2013-08-13,1,neutral,0,neutral,neutral,dovish,neutral,0.02249370701611042,0.45605170726776123,0.5214546322822571,correcto,correcto,0,1
RPM-2013-11-19:5861:1,RPM-2013-11-19,2,neutral,1,neutral,neutral,neutral,neutral,0.012823914177715778,0.07504674047231674,0.9121293425559998,correcto,correcto,0,10
RPM-2013-11-19:5864:1,RPM-2013-11-19,2,neutral,1,neutral,neutral,neutral,neutral,0.002877817489206791,0.01539231464266777,0.9817298650741577,correcto,correcto,0,1
RPM-2013-11-19:5866:1,RPM-2013-11-19,2,neutral,1,neutral,neutral,neutral,neutral,0.001557681243866682,0.003897035727277398,0.9945453405380249,correcto,correcto,0,1
RPM-2013-11-19:5872:1,RPM-2013-11-19,2,neutral,0,neutral,neutral,neutral,neutral,0.002465383615344763,0.005983231123536825,0.991551399230957,correcto,correcto,0,1
RPM-2013-11-19:5873:1,RPM-2013-11-19,2,neutral,1,neutral,neutral,neutral,neutral,0.002593293087556958,0.009218613617122173,0.9881880879402161,correcto,correcto,0,2
RPM-2013-11-19:5884:3,RPM-2013-11-19,2,neutral,0,neutral,neutral,neutral,neutral,0.19530493021011353,0.18728183209896088,0.6174132227897644,correcto,correcto,0,1
RPM-2013-11-19:5900:1,RPM-2013-11-19,2,dovish,1,dovish,neutral,dovish,neutral,0.02389361523091793,0.2057407945394516,0.7703655958175659,correcto,hd_a_n,0,2
RPM-2013-11-19:5901:1,RPM-2013-11-19,2,dovish,1,dovish,hawkish,dovish,hawkish,0.9536254405975342,0.04313668608665466,0.003237811615690589,correcto,inversion_hd,0,1
RPM-2014-01-16:5968:1,RPM-2014-01-16,5,neutral,1,neutral,neutral,neutral,neutral,0.03015661984682083,0.0674205794930458,0.9024228453636169,correcto,correcto,0,7
RPM-2014-01-16:5971:1,RPM-2014-01-16,5,neutral,0,neutral,neutral,neutral,neutral,0.0026141267735511065,0.007818271405994892,0.9895675778388977,correcto,correcto,0,1
RPM-2014-01-16:5972:1,RPM-2014-01-16,5,neutral,1,neutral,neutral,neutral,neutral,0.005181030835956335,0.035102441906929016,0.9597165584564209,correcto,correcto,0,1
RPM-2014-01-16:5975:1,RPM-2014-01-16,5,neutral,1,neutral,neutral,neutral,neutral,0.0027761689852923155,0.011683688499033451,0.9855400919914246,correcto,correcto,0,1
RPM-2014-01-16:5977:1,RPM-2014-01-16,5,neutral,1,neutral,neutral,neutral,neutral,0.010110003873705864,0.038010645657777786,0.9518793225288391,correcto,correcto,0,4
RPM-2014-01-16:5987:1,RPM-2014-01-16,5,neutral,1,neutral,neutral,neutral,neutral,0.02748364396393299,0.08039889484643936,0.892117440700531,correcto,correcto,0,1
RPM-2014-01-16:5990:1,RPM-2014-01-16,5,neutral,1,neutral,neutral,neutral,neutral,0.006724973674863577,0.03937394544482231,0.9539010524749756,correcto,correcto,0,1
RPM-2014-01-16:5991:2,RPM-2014-01-16,5,neutral,0,neutral,neutral,neutral,neutral,0.04081515222787857,0.1815192550420761,0.7776656150817871,correcto,correcto,0,1
RPM-2014-01-16:5999:1,RPM-2014-01-16,5,neutral,0,neutral,neutral,neutral,neutral,0.0019820956513285637,0.004729398060590029,0.9932885766029358,correcto,correcto,0,1
RPM-2014-01-16:6006:3,RPM-2014-01-16,5,dovish,1,dovish,dovish,dovish,dovish,0.2218451201915741,0.6781347393989563,0.10002020001411438,correcto,correcto,0,1
RPM-2014-03-13:6057:1,RPM-2014-03-13,3,neutral,0,neutral,neutral,neutral,neutral,0.01660444587469101,0.03501361981034279,0.9483819603919983,correcto,correcto,0,1
RPM-2014-03-13:6063:1,RPM-2014-03-13,3,neutral,1,neutral,neutral,neutral,neutral,0.0008945047156885266,0.002230569487437606,0.9968749284744263,correcto,correcto,0,1
RPM-2014-03-13:6075:1,RPM-2014-03-13,3,neutral,0,neutral,neutral,neutral,neutral,0.00119389733299613,0.0038175282534211874,0.9949885010719299,correcto,correcto,0,1
RPM-2014-03-13:6087:1,RPM-2014-03-13,3,neutral,1,neutral,neutral,neutral,neutral,0.003022568766027689,0.011934557929635048,0.985042929649353,correcto,correcto,0,3
RPM-2014-03-13:6093:2,RPM-2014-03-13,3,neutral,0,neutral,neutral,neutral,neutral,0.00895476434379816,0.047723475843667984,0.9433218240737915,correcto,correcto,0,1
RPM-2014-03-13:6103:2,RPM-2014-03-13,3,neutral,1,neutral,neutral,neutral,neutral,0.001087660319171846,0.004930982831865549,0.9939813017845154,correcto,correcto,0,1
RPM-2014-03-13:6112:1,RPM-2014-03-13,3,neutral,1,neutral,neutral,neutral,neutral,0.0008949207840487361,0.002782655181363225,0.9963223934173584,correcto,correcto,0,1
RPM-2014-05-15:6181:1,RPM-2014-05-15,5,neutral,0,neutral,neutral,neutral,neutral,0.025686180219054222,0.06968766450881958,0.9046262502670288,correcto,correcto,0,1
RPM-2014-05-15:6189:1,RPM-2014-05-15,5,neutral,1,neutral,neutral,neutral,neutral,0.002161020180210471,0.006458250805735588,0.9913806319236755,correcto,correcto,0,1
RPM-2014-05-15:6193:1,RPM-2014-05-15,5,neutral,1,neutral,neutral,neutral,neutral,0.011217738501727581,0.04463888704776764,0.9441433548927307,correcto,correcto,0,2
RPM-2014-05-15:6195:3,RPM-2014-05-15,5,neutral,1,neutral,neutral,neutral,neutral,0.0017858061473816633,0.0029704866465181112,0.9952437281608582,correcto,correcto,0,1
RPM-2014-05-15:6202:1,RPM-2014-05-15,5,neutral,1,neutral,neutral,neutral,neutral,0.001980889355763793,0.0031803869642317295,0.9948387742042542,correcto,correcto,0,1
RPM-2014-05-15:6207:1,RPM-2014-05-15,5,neutral,1,neutral,neutral,neutral,neutral,0.001994483871385455,0.003437162609770894,0.9945684671401978,correcto,correcto,0,1
RPM-2014-05-15:6212:1,RPM-2014-05-15,5,neutral,1,neutral,neutral,neutral,neutral,0.006644963286817074,0.019253313541412354,0.9741017818450928,correcto,correcto,0,2
RPM-2014-05-15:6214:1,RPM-2014-05-15,5,neutral,1,neutral,neutral,neutral,neutral,0.0028231327887624502,0.00891970843076706,0.988257110118866,correcto,correcto,0,1
RPM-2014-05-15:6218:1,RPM-2014-05-15,5,neutral,1,neutral,neutral,neutral,neutral,0.002040416933596134,0.00722860312089324,0.9907310605049133,correcto,correcto,0,1
RPM-2014-05-15:6220:1,RPM-2014-05-15,5,neutral,1,neutral,neutral,neutral,neutral,0.0018009273335337639,0.002826291136443615,0.9953727126121521,correcto,correcto,0,1
RPM-2014-05-15:6221:1,RPM-2014-05-15,5,neutral,0,neutral,neutral,neutral,neutral,0.0044296965934336185,0.025922082364559174,0.9696481823921204,correcto,correcto,0,1
RPM-2014-05-15:6229:1,RPM-2014-05-15,5,neutral,0,neutral,neutral,neutral,neutral,0.004688596818596125,0.01714918203651905,0.9781622290611267,correcto,correcto,0,1
RPM-2014-05-15:6233:1,RPM-2014-05-15,5,neutral,1,neutral,neutral,neutral,neutral,0.003830993315204978,0.025686416774988174,0.970482587814331,correcto,correcto,0,1
RPM-2014-05-15:6234:1,RPM-2014-05-15,5,dovish,1,dovish,hawkish,dovish,hawkish,0.5888705253601074,0.3865002393722534,0.024629276245832443,correcto,inversion_hd,0,2
RPM-2014-07-15:6319:3,RPM-2014-07-15,3,neutral,1,neutral,neutral,neutral,neutral,0.001129938755184412,0.004171472508460283,0.9946986436843872,correcto,correcto,0,1
RPM-2014-07-15:6325:1,RPM-2014-07-15,3,dovish,1,neutral,neutral,neutral,neutral,0.0008733146241866052,0.003224195446819067,0.9959024786949158,hd_a_n,hd_a_n,0,1
RPM-2014-07-15:6337:1,RPM-2014-07-15,3,neutral,0,neutral,neutral,neutral,neutral,0.0018584936624392867,0.006841379217803478,0.9913001656532288,correcto,correcto,0,1
RPM-2014-07-15:6340:1,RPM-2014-07-15,3,dovish,1,dovish,hawkish,dovish,hawkish,0.9681867361068726,0.027962511405348778,0.0038507876452058554,correcto,inversion_hd,0,1
RPM-2014-07-15:6340:3,RPM-2014-07-15,3,dovish,1,dovish,hawkish,dovish,hawkish,0.9708549380302429,0.024876365438103676,0.004268648102879524,correcto,inversion_hd,0,1
RPM-2014-07-15:6341:1,RPM-2014-07-15,3,neutral,0,neutral,neutral,neutral,hawkish,0.8261950612068176,0.05571078136563301,0.11809414625167847,correcto,correcto,0,1
RPM-2014-08-14:6368:3,RPM-2014-08-14,3,neutral,1,neutral,neutral,neutral,neutral,0.0009446500334888697,0.0020022059325128794,0.9970531463623047,correcto,correcto,0,1
RPM-2014-08-14:6369:1,RPM-2014-08-14,3,neutral,1,neutral,neutral,neutral,neutral,0.0009298881632275879,0.002072940580546856,0.9969972372055054,correcto,correcto,0,1
RPM-2014-08-14:6386:1,RPM-2014-08-14,3,dovish,1,dovish,hawkish,dovish,hawkish,0.4923526644706726,0.42279332876205444,0.08485399186611176,correcto,inversion_hd,0,3
RPM-2014-08-14:6389:3,RPM-2014-08-14,3,dovish,1,dovish,neutral,dovish,neutral,0.12677980959415436,0.3741803467273712,0.49903982877731323,correcto,hd_a_n,0,1
RPM-2014-09-11:6397:1,RPM-2014-09-11,2,neutral,1,neutral,neutral,neutral,neutral,0.0048384638503193855,0.022490467876195908,0.9726710319519043,correcto,correcto,0,2
RPM-2014-09-11:6405:1,RPM-2014-09-11,2,neutral,1,neutral,neutral,neutral,neutral,0.007680736947804689,0.054342787712812424,0.9379764795303345,correcto,correcto,0,2
RPM-2014-09-11:6406:1,RPM-2014-09-11,2,neutral,1,neutral,neutral,neutral,neutral,0.0012989238603040576,0.0022894705180078745,0.9964116215705872,correcto,correcto,0,1
RPM-2014-09-11:6414:1,RPM-2014-09-11,2,neutral,1,neutral,neutral,neutral,neutral,0.0014015925116837025,0.004247830715030432,0.9943506121635437,correcto,correcto,0,1
RPM-2014-09-11:6415:3,RPM-2014-09-11,2,neutral,1,neutral,neutral,neutral,neutral,0.003795262426137924,0.01232174877077341,0.9838830828666687,correcto,correcto,0,1
RPM-2014-09-11:6423:1,RPM-2014-09-11,2,neutral,0,neutral,neutral,neutral,neutral,0.007611575070768595,0.047868452966213226,0.9445199966430664,correcto,correcto,0,1
RPM-2014-09-11:6437:1,RPM-2014-09-11,2,dovish,1,dovish,dovish,dovish,dovish,0.3977614939212799,0.5835443735122681,0.018694164231419563,correcto,correcto,0,2
RPM-2014-10-16:6451:2,RPM-2014-10-16,1,neutral,1,neutral,neutral,neutral,neutral,0.0009288537548854947,0.0038638345431536436,0.9952073693275452,correcto,correcto,0,1
RPM-2014-10-16:6452:1,RPM-2014-10-16,1,neutral,1,neutral,neutral,neutral,neutral,0.0010387413203716278,0.004739371128380299,0.9942218661308289,correcto,correcto,0,1
RPM-2014-10-16:6466:2,RPM-2014-10-16,1,neutral,0,neutral,neutral,neutral,neutral,0.17478707432746887,0.39512836933135986,0.4300845265388489,correcto,correcto,0,1
RPM-2014-10-16:6473:1,RPM-2014-10-16,1,neutral,0,neutral,neutral,neutral,neutral,0.0019677605014294386,0.00950109027326107,0.9885311126708984,correcto,correcto,0,1
RPM-2014-10-16:6484:1,RPM-2014-10-16,1,dovish,1,dovish,dovish,dovish,dovish,0.112575463950634,0.839451789855957,0.047972749918699265,correcto,correcto,0,1
RPM-2015-01-15:6550:1,RPM-2015-01-15,2,neutral,0,neutral,neutral,neutral,neutral,0.006208579521626234,0.028755532577633858,0.9650359749794006,correcto,correcto,0,1
RPM-2015-01-15:6562:1,RPM-2015-01-15,2,neutral,1,neutral,neutral,neutral,neutral,0.0017126741586253047,0.0040790182538330555,0.9942082166671753,correcto,correcto,0,1
RPM-2015-01-15:6584:1,RPM-2015-01-15,2,neutral,0,neutral,neutral,neutral,neutral,0.007483879569917917,0.04664447903633118,0.9458715915679932,correcto,correcto,0,1
RPM-2015-01-15:6585:1,RPM-2015-01-15,2,neutral,1,dovish,dovish,dovish,dovish,0.12355956435203552,0.5168425440788269,0.3595978617668152,n_a_hd,n_a_hd,0,4
RPM-2015-01-15:6586:3,RPM-2015-01-15,2,neutral,0,neutral,neutral,neutral,neutral,0.0019658266101032495,0.007816920056939125,0.9902172684669495,correcto,correcto,0,1
RPM-2015-01-15:6592:1,RPM-2015-01-15,2,neutral,0,neutral,neutral,neutral,neutral,0.00377859128639102,0.012662956491112709,0.9835584759712219,correcto,correcto,0,1
RPM-2015-02-12:6620:1,RPM-2015-02-12,5,neutral,1,neutral,neutral,neutral,neutral,0.0022212276235222816,0.005703529343008995,0.9920752048492432,correcto,correcto,0,1
RPM-2015-02-12:6624:1,RPM-2015-02-12,5,neutral,1,neutral,neutral,neutral,neutral,0.0031987561378628016,0.013120466843247414,0.9836808443069458,correcto,correcto,0,1
RPM-2015-03-19:6664:1,RPM-2015-03-19,3,neutral,1,neutral,neutral,neutral,neutral,0.004337269347161055,0.023952912539243698,0.9717098474502563,correcto,correcto,0,1
RPM-2015-03-19:6671:1,RPM-2015-03-19,3,neutral,1,neutral,neutral,neutral,neutral,0.0007952179294079542,0.0023279746528714895,0.9968767166137695,correcto,correcto,0,1
RPM-2015-03-19:6680:1,RPM-2015-03-19,3,neutral,0,neutral,neutral,neutral,neutral,0.0015486017800867558,0.0059401970356702805,0.9925111532211304,correcto,correcto,0,1
RPM-2015-03-19:6681:1,RPM-2015-03-19,3,dovish,1,dovish,dovish,dovish,dovish,0.4107738435268402,0.5475112199783325,0.0417148694396019,correcto,correcto,0,2
RPM-2015-03-19:6682:1,RPM-2015-03-19,3,neutral,0,neutral,neutral,neutral,neutral,0.002185169607400894,0.00873205903917551,0.9890828132629395,correcto,correcto,0,1
RPM-2015-04-16:6696:1,RPM-2015-04-16,4,neutral,1,neutral,neutral,neutral,neutral,0.0017819564091041684,0.002775330562144518,0.9954426288604736,correcto,correcto,0,1
RPM-2015-04-16:6698:1,RPM-2015-04-16,4,neutral,1,neutral,neutral,neutral,neutral,0.0023981297854334116,0.008030151017010212,0.9895716905593872,correcto,correcto,0,1
RPM-2015-04-16:6699:1,RPM-2015-04-16,4,neutral,1,neutral,neutral,neutral,neutral,0.0016508435364812613,0.0036656628362834454,0.994683563709259,correcto,correcto,0,1
RPM-2015-04-16:6706:1,RPM-2015-04-16,4,neutral,1,neutral,neutral,neutral,neutral,0.0014281145995482802,0.0031181322410702705,0.9954537153244019,correcto,correcto,0,1
RPM-2015-04-16:6737:1,RPM-2015-04-16,4,neutral,1,neutral,neutral,neutral,neutral,0.0017502091359347105,0.003283316968008876,0.994966447353363,correcto,correcto,0,1
RPM-2015-04-16:6741:3,RPM-2015-04-16,4,neutral,0,neutral,neutral,neutral,neutral,0.006074987351894379,0.018843095749616623,0.9750818610191345,correcto,correcto,0,1
RPM-2015-04-16:6744:2,RPM-2015-04-16,4,dovish,1,dovish,dovish,dovish,dovish,0.046943482011556625,0.6495038866996765,0.30355262756347656,correcto,correcto,0,2
RPM-2015-05-14:6760:1,RPM-2015-05-14,1,neutral,1,neutral,neutral,neutral,neutral,0.0014792158035561442,0.005701038986444473,0.9928197264671326,correcto,correcto,0,1
RPM-2015-05-14:6762:1,RPM-2015-05-14,1,neutral,0,neutral,neutral,neutral,neutral,0.0030860796105116606,0.013448362238705158,0.9834655523300171,correcto,correcto,0,1
RPM-2015-05-14:6763:1,RPM-2015-05-14,1,neutral,1,neutral,neutral,neutral,neutral,0.0009593476424925029,0.0034911376424133778,0.9955494403839111,correcto,correcto,0,1
RPM-2015-05-14:6768:1,RPM-2015-05-14,1,neutral,1,neutral,neutral,neutral,neutral,0.000984752201475203,0.002609756775200367,0.9964054822921753,correcto,correcto,0,1
RPM-2015-05-14:6769:2,RPM-2015-05-14,1,neutral,1,neutral,neutral,neutral,neutral,0.0013864330248907208,0.0041259885765612125,0.9944875836372375,correcto,correcto,0,1
RPM-2015-05-14:6772:1,RPM-2015-05-14,1,neutral,1,neutral,neutral,neutral,neutral,0.001095374464057386,0.003543044673278928,0.9953616261482239,correcto,correcto,0,1
RPM-2015-05-14:6773:1,RPM-2015-05-14,1,neutral,1,neutral,neutral,neutral,neutral,0.0009148778044618666,0.0027583700139075518,0.996326744556427,correcto,correcto,0,1
RPM-2015-05-14:6774:1,RPM-2015-05-14,1,neutral,1,neutral,neutral,neutral,neutral,0.0009087931830435991,0.003060862421989441,0.9960302710533142,correcto,correcto,0,1
RPM-2015-05-14:6800:1,RPM-2015-05-14,1,neutral,0,neutral,neutral,neutral,neutral,0.005644947290420532,0.02364092506468296,0.9707141518592834,correcto,correcto,0,1
RPM-2015-05-14:6804:1,RPM-2015-05-14,1,neutral,1,dovish,dovish,dovish,dovish,0.03890112787485123,0.5829005241394043,0.3781983256340027,n_a_hd,n_a_hd,0,2
RPM-2015-06-11:6810:1,RPM-2015-06-11,4,neutral,0,neutral,neutral,neutral,neutral,0.0321899838745594,0.09476199001073837,0.873047947883606,correcto,correcto,0,1
RPM-2015-06-11:6824:1,RPM-2015-06-11,4,neutral,0,neutral,neutral,neutral,neutral,0.005578824784606695,0.016410768032073975,0.978010356426239,correcto,correcto,0,1
RPM-2015-06-11:6839:2,RPM-2015-06-11,4,neutral,1,neutral,neutral,neutral,neutral,0.0016746616456657648,0.0030865862499922514,0.9952387809753418,correcto,correcto,0,1
RPM-2015-06-11:6854:1,RPM-2015-06-11,4,dovish,1,dovish,neutral,dovish,neutral,0.055399090051651,0.3548986613750458,0.5897022485733032,correcto,hd_a_n,0,3
RPM-2015-06-11:6856:1,RPM-2015-06-11,4,neutral,1,dovish,neutral,dovish,neutral,0.027979332953691483,0.2555748522281647,0.716445803642273,n_a_hd,correcto,0,2
RPM-2015-06-11:6857:2,RPM-2015-06-11,4,neutral,1,dovish,neutral,dovish,neutral,0.021418768912553787,0.13238801062107086,0.8461931347846985,n_a_hd,correcto,0,1
RPM-2015-08-13:6921:1,RPM-2015-08-13,5,neutral,0,neutral,neutral,neutral,neutral,0.0032714270055294037,0.010367168113589287,0.9863613843917847,correcto,correcto,0,1
RPM-2015-08-13:6925:1,RPM-2015-08-13,5,neutral,1,neutral,neutral,neutral,neutral,0.00404771463945508,0.019232116639614105,0.9767201542854309,correcto,correcto,0,1
RPM-2015-08-13:6937:1,RPM-2015-08-13,5,neutral,1,neutral,neutral,neutral,neutral,0.007116375491023064,0.030168408527970314,0.9627152681350708,correcto,correcto,0,1
RPM-2015-08-13:6955:1,RPM-2015-08-13,5,neutral,1,neutral,neutral,neutral,neutral,0.0956929549574852,0.4501594305038452,0.4541476368904114,correcto,correcto,0,1
RPM-2015-08-13:6962:1,RPM-2015-08-13,5,neutral,0,neutral,neutral,neutral,neutral,0.004384881351143122,0.02508145570755005,0.9705336689949036,correcto,correcto,0,1
RPM-2015-08-13:6965:1,RPM-2015-08-13,5,dovish,1,hawkish,neutral,hawkish,neutral,0.27595895528793335,0.31902217864990234,0.4050188660621643,inversion_hd,hd_a_n,0,2
RPM-2015-08-13:6969:1,RPM-2015-08-13,5,dovish,1,dovish,dovish,dovish,dovish,0.37973907589912415,0.5694499015808105,0.05081101879477501,correcto,correcto,0,2
RPM-2015-09-15:6980:1,RPM-2015-09-15,5,neutral,0,neutral,neutral,neutral,neutral,0.02179519087076187,0.05642879009246826,0.9217760562896729,correcto,correcto,0,1
RPM-2015-09-15:6990:1,RPM-2015-09-15,5,neutral,1,neutral,neutral,neutral,neutral,0.0019643979612737894,0.0028716011438518763,0.9951639175415039,correcto,correcto,0,1
RPM-2015-09-15:6996:1,RPM-2015-09-15,5,neutral,1,neutral,neutral,neutral,neutral,0.0021676181349903345,0.0030539643485099077,0.9947783946990967,correcto,correcto,0,1
RPM-2015-09-15:7003:2,RPM-2015-09-15,5,neutral,0,neutral,neutral,neutral,neutral,0.0028588352724909782,0.007649133447557688,0.9894920587539673,correcto,correcto,0,1
RPM-2015-09-15:7011:1,RPM-2015-09-15,5,neutral,1,neutral,neutral,neutral,neutral,0.002875385107472539,0.00965722557157278,0.987467348575592,correcto,correcto,0,1
RPM-2015-09-15:7015:1,RPM-2015-09-15,5,neutral,1,neutral,neutral,neutral,neutral,0.0018623608630150557,0.003155898302793503,0.9949818253517151,correcto,correcto,0,1
RPM-2015-09-15:7021:1,RPM-2015-09-15,5,neutral,1,neutral,neutral,neutral,neutral,0.0019262979039922357,0.0028991077560931444,0.9951747059822083,correcto,correcto,0,1
RPM-2015-09-15:7045:1,RPM-2015-09-15,5,hawkish,1,dovish,hawkish,dovish,hawkish,0.5284988284111023,0.4540029764175415,0.017498137429356575,inversion_hd,correcto,0,1
RPM-2015-10-15:7058:5,RPM-2015-10-15,4,neutral,1,neutral,neutral,neutral,neutral,0.0017944970168173313,0.0033487610053271055,0.9948567152023315,correcto,correcto,0,1
RPM-2015-10-15:7063:2,RPM-2015-10-15,4,neutral,1,neutral,neutral,neutral,neutral,0.0014929331373423338,0.004052342381328344,0.9944548010826111,correcto,correcto,0,1
RPM-2015-10-15:7068:1,RPM-2015-10-15,4,neutral,1,neutral,neutral,neutral,neutral,0.002985689789056778,0.01768519915640354,0.9793291091918945,correcto,correcto,0,1
RPM-2015-10-15:7075:1,RPM-2015-10-15,4,neutral,1,neutral,neutral,neutral,neutral,0.0017381359357386827,0.0023890300653874874,0.9958727955818176,correcto,correcto,0,1
RPM-2015-10-15:7080:1,RPM-2015-10-15,4,neutral,1,neutral,neutral,neutral,neutral,0.0020361403003335,0.0046135964803397655,0.9933502078056335,correcto,correcto,0,1
RPM-2015-10-15:7093:1,RPM-2015-10-15,4,neutral,0,neutral,neutral,neutral,neutral,0.005105776246637106,0.014645484276115894,0.980248749256134,correcto,correcto,0,1
RPM-2015-10-15:7097:1,RPM-2015-10-15,4,neutral,1,neutral,hawkish,neutral,hawkish,0.8980801105499268,0.09066594392061234,0.011253935284912586,correcto,n_a_hd,0,1
RPM-2015-10-15:7097:2,RPM-2015-10-15,4,neutral,0,neutral,neutral,neutral,neutral,0.01440346334129572,0.04591580852866173,0.9396807551383972,correcto,correcto,0,1
RPM-2015-10-15:7097:3,RPM-2015-10-15,4,neutral,0,neutral,neutral,neutral,neutral,0.004050092771649361,0.023201921954751015,0.9727479815483093,correcto,correcto,0,1
RPM-2015-10-15:7103:1,RPM-2015-10-15,4,neutral,0,neutral,neutral,neutral,neutral,0.006462499499320984,0.030071718618273735,0.9634658098220825,correcto,correcto,0,1
RPM-2015-10-15:7107:1,RPM-2015-10-15,4,neutral,0,neutral,neutral,neutral,neutral,0.008239583112299442,0.029397521167993546,0.9623628258705139,correcto,correcto,0,1
RPM-2015-10-15:7110:1,RPM-2015-10-15,4,hawkish,1,hawkish,hawkish,hawkish,hawkish,0.899560809135437,0.09508573263883591,0.005353429354727268,correcto,correcto,0,1
RPM-2015-12-17:7162:1,RPM-2015-12-17,4,neutral,1,neutral,neutral,neutral,neutral,0.0018001525895670056,0.00382450339384377,0.9943753480911255,correcto,correcto,0,1
RPM-2015-12-17:7163:1,RPM-2015-12-17,4,neutral,1,neutral,neutral,neutral,neutral,0.13007037341594696,0.2760058045387268,0.593923807144165,correcto,correcto,0,3
RPM-2015-12-17:7169:1,RPM-2015-12-17,4,neutral,1,neutral,neutral,neutral,neutral,0.0014555423986166716,0.0034257513470947742,0.9951187372207642,correcto,correcto,0,1
RPM-2015-12-17:7175:1,RPM-2015-12-17,4,neutral,1,neutral,neutral,neutral,neutral,0.0017586415633559227,0.003245643572881818,0.9949957132339478,correcto,correcto,0,1
RPM-2015-12-17:7191:1,RPM-2015-12-17,4,neutral,1,neutral,neutral,neutral,neutral,0.0016692107310518622,0.002728578168898821,0.9956022500991821,correcto,correcto,0,1
RPM-2015-12-17:7192:1,RPM-2015-12-17,4,neutral,1,neutral,neutral,neutral,neutral,0.0016997724305838346,0.003488814225420356,0.9948114156723022,correcto,correcto,0,1
RPM-2015-12-17:7194:2,RPM-2015-12-17,4,neutral,1,neutral,neutral,neutral,neutral,0.0014979899860918522,0.003127097385004163,0.9953749775886536,correcto,correcto,0,1
RPM-2015-12-17:7207:1,RPM-2015-12-17,4,hawkish,1,neutral,neutral,neutral,neutral,0.0030926107428967953,0.016314323991537094,0.9805930852890015,hd_a_n,hd_a_n,0,1
RPM-2015-12-17:7210:1,RPM-2015-12-17,4,hawkish,1,dovish,dovish,dovish,dovish,0.4359421133995056,0.4876401424407959,0.07641772925853729,inversion_hd,inversion_hd,0,3
RPM-2015-12-17:7211:1,RPM-2015-12-17,4,neutral,0,neutral,neutral,neutral,neutral,0.00372217851690948,0.016309864819049835,0.9799679517745972,correcto,correcto,0,1
RPM-2015-12-17:7211:2,RPM-2015-12-17,4,dovish,1,dovish,dovish,dovish,dovish,0.077269546687603,0.6704056262969971,0.25232481956481934,correcto,correcto,0,2
RPM-2015-12-17:7212:1,RPM-2015-12-17,4,hawkish,1,dovish,hawkish,dovish,hawkish,0.7732440233230591,0.221265509724617,0.005490441340953112,inversion_hd,correcto,0,2
