intervencion_id,meeting_id,etiqueta,fold,pred_a,pred_b,pred,condicion,prob_b_dovish,prob_b_hawkish,prob_b_neutral
RPM-2005-03-10:165:1,RPM-2005-03-10,neutral,1,1,neutral,neutral,control,,,
RPM-2005-03-10:180:1,RPM-2005-03-10,neutral,1,1,neutral,neutral,control,,,
RPM-2006-08-10:806:1,RPM-2006-08-10,neutral,1,1,neutral,neutral,control,,,
RPM-2006-08-10:808:1,RPM-2006-08-10,neutral,1,1,neutral,neutral,control,,,
RPM-2007-06-14:1296:3,RPM-2007-06-14,neutral,1,1,neutral,neutral,control,,,
RPM-2007-07-12:1325:1,RPM-2007-07-12,neutral,1,0,neutral,neutral,control,,,
RPM-2008-06-10:1854:1,RPM-2008-06-10,neutral,1,1,neutral,neutral,control,,,
RPM-2008-06-10:1870:3,RPM-2008-06-10,neutral,1,1,neutral,neutral,control,,,
RPM-2008-06-10:1878:1,RPM-2008-06-10,neutral,1,1,neutral,neutral,control,,,
RPM-2008-06-10:1904:1,RPM-2008-06-10,hawkish,1,1,hawkish,hawkish,control,,,
RPM-2008-07-10:1923:8,RPM-2008-07-10,neutral,1,1,neutral,neutral,control,,,
RPM-2008-07-10:1959:1,RPM-2008-07-10,neutral,1,1,neutral,neutral,control,,,
RPM-2008-12-11:2176:1,RPM-2008-12-11,neutral,1,0,neutral,neutral,control,,,
RPM-2008-12-11:2187:1,RPM-2008-12-11,neutral,1,1,neutral,neutral,control,,,
RPM-2009-09-08:2689:1,RPM-2009-09-08,neutral,1,0,neutral,neutral,control,,,
RPM-2009-09-08:2699:4,RPM-2009-09-08,neutral,1,1,neutral,neutral,control,,,
RPM-2009-09-08:2711:2,RPM-2009-09-08,dovish,1,1,dovish,dovish,control,,,
RPM-2010-08-12:3281:1,RPM-2010-08-12,neutral,1,1,neutral,neutral,control,,,
RPM-2010-08-12:3306:1,RPM-2010-08-12,neutral,1,1,neutral,neutral,control,,,
RPM-2012-11-13:5166:1,RPM-2012-11-13,neutral,1,1,neutral,neutral,control,,,
RPM-2012-11-13:5168:1,RPM-2012-11-13,neutral,1,1,neutral,neutral,control,,,
RPM-2012-11-13:5175:1,RPM-2012-11-13,neutral,1,1,neutral,neutral,control,,,
RPM-2012-11-13:5217:1,RPM-2012-11-13,neutral,1,1,dovish,dovish,control,,,
RPM-2013-08-13:5703:1,RPM-2013-08-13,neutral,1,1,neutral,neutral,control,,,
RPM-2013-08-13:5714:1,RPM-2013-08-13,neutral,1,1,neutral,neutral,control,,,
RPM-2014-10-16:6466:2,RPM-2014-10-16,neutral,1,0,neutral,neutral,control,,,
RPM-2014-10-16:6473:1,RPM-2014-10-16,neutral,1,0,neutral,neutral,control,,,
RPM-2015-05-14:6763:1,RPM-2015-05-14,neutral,1,1,neutral,neutral,control,,,
RPM-2015-05-14:6768:1,RPM-2015-05-14,neutral,1,1,neutral,neutral,control,,,
RPM-2005-03-10:140:1,RPM-2005-03-10,neutral,1,0,neutral,neutral,control,,,
RPM-2005-03-10:141:1,RPM-2005-03-10,neutral,1,0,neutral,neutral,control,,,
RPM-2005-03-10:142:1,RPM-2005-03-10,neutral,1,1,neutral,neutral,control,,,
RPM-2005-03-10:143:1,RPM-2005-03-10,neutral,1,1,neutral,neutral,control,,,
RPM-2005-03-10:144:1,RPM-2005-03-10,neutral,1,1,neutral,neutral,control,,,
RPM-2005-03-10:145:1,RPM-2005-03-10,neutral,1,1,neutral,neutral,control,,,
RPM-2005-03-10:146:1,RPM-2005-03-10,neutral,1,1,neutral,neutral,control,,,
RPM-2005-03-10:147:1,RPM-2005-03-10,neutral,1,1,neutral,neutral,control,,,
RPM-2005-03-10:148:1,RPM-2005-03-10,neutral,1,1,neutral,neutral,control,,,
RPM-2005-03-10:149:1,RPM-2005-03-10,neutral,1,1,neutral,neutral,control,,,
RPM-2005-03-10:150:1,RPM-2005-03-10,neutral,1,1,neutral,neutral,control,,,
RPM-2005-03-10:151:1,RPM-2005-03-10,neutral,1,1,neutral,neutral,control,,,
RPM-2005-03-10:152:1,RPM-2005-03-10,neutral,1,1,neutral,neutral,control,,,
RPM-2005-03-10:153:1,RPM-2005-03-10,neutral,1,0,neutral,neutral,control,,,
RPM-2005-03-10:154:1,RPM-2005-03-10,neutral,1,1,neutral,neutral,control,,,
RPM-2005-03-10:155:1,RPM-2005-03-10,neutral,1,1,neutral,neutral,control,,,
RPM-2005-03-10:156:1,RPM-2005-03-10,neutral,1,1,neutral,neutral,control,,,
RPM-2005-03-10:157:1,RPM-2005-03-10,neutral,1,1,neutral,neutral,control,,,
RPM-2005-03-10:158:1,RPM-2005-03-10,neutral,1,1,neutral,neutral,control,,,
RPM-2005-03-10:159:1,RPM-2005-03-10,neutral,1,1,neutral,neutral,control,,,
RPM-2005-03-10:160:1,RPM-2005-03-10,neutral,1,1,neutral,neutral,control,,,
RPM-2005-03-10:161:1,RPM-2005-03-10,neutral,1,1,neutral,neutral,control,,,
RPM-2005-03-10:162:1,RPM-2005-03-10,neutral,1,1,neutral,neutral,control,,,
RPM-2005-03-10:163:1,RPM-2005-03-10,neutral,1,1,neutral,neutral,control,,,
RPM-2005-03-10:164:1,RPM-2005-03-10,neutral,1,1,neutral,neutral,control,,,
RPM-2005-03-10:166:1,RPM-2005-03-10,neutral,1,1,neutral,neutral,control,,,
RPM-2005-03-10:167:1,RPM-2005-03-10,neutral,1,1,neutral,neutral,control,,,
RPM-2005-03-10:168:1,RPM-2005-03-10,neutral,1,1,neutral,neutral,control,,,
RPM-2005-03-10:169:1,RPM-2005-03-10,neutral,1,1,neutral,neutral,control,,,
RPM-2005-03-10:170:1,RPM-2005-03-10,neutral,1,1,neutral,neutral,control,,,
RPM-2005-03-10:171:1,RPM-2005-03-10,neutral,1,1,neutral,neutral,control,,,
RPM-2005-03-10:172:1,RPM-2005-03-10,neutral,1,1,neutral,neutral,control,,,
RPM-2005-03-10:173:1,RPM-2005-03-10,neutral,1,1,neutral,neutral,control,,,
RPM-2005-03-10:174:1,RPM-2005-03-10,neutral,1,1,neutral,neutral,control,,,
RPM-2005-03-10:175:1,RPM-2005-03-10,neutral,1,0,neutral,neutral,control,,,
RPM-2005-03-10:176:1,RPM-2005-03-10,neutral,1,0,neutral,neutral,control,,,
RPM-2005-03-10:177:1,RPM-2005-03-10,neutral,1,0,neutral,neutral,control,,,
RPM-2005-03-10:178:1,RPM-2005-03-10,hawkish,1,1,hawkish,hawkish,control,,,
RPM-2005-03-10:178:2,RPM-2005-03-10,neutral,1,0,neutral,neutral,control,,,
RPM-2005-03-10:179:1,RPM-2005-03-10,neutral,1,1,neutral,neutral,control,,,
RPM-2005-03-10:181:1,RPM-2005-03-10,neutral,1,1,neutral,neutral,control,,,
RPM-2005-03-10:182:1,RPM-2005-03-10,neutral,1,1,neutral,neutral,control,,,
RPM-2005-03-10:183:1,RPM-2005-03-10,neutral,1,1,neutral,neutral,control,,,
RPM-2005-03-10:184:1,RPM-2005-03-10,neutral,1,1,neutral,neutral,control,,,
RPM-2005-03-10:185:1,RPM-2005-03-10,dovish,1,1,dovish,dovish,control,,,
RPM-2005-03-10:186:1,RPM-2005-03-10,neutral,1,1,neutral,neutral,control,,,
RPM-2005-03-10:187:1,RPM-2005-03-10,neutral,1,1,neutral,neutral,control,,,
RPM-2005-03-10:188:1,RPM-2005-03-10,neutral,1,1,neutral,neutral,control,,,
RPM-2005-03-10:189:1,RPM-2005-03-10,neutral,1,1,neutral,neutral,control,,,
RPM-2005-03-10:190:1,RPM-2005-03-10,hawkish,1,1,neutral,neutral,control,,,
RPM-2005-03-10:191:1,RPM-2005-03-10,neutral,1,1,neutral,neutral,control,,,
RPM-2005-03-10:192:1,RPM-2005-03-10,hawkish,1,1,hawkish,hawkish,control,,,
RPM-2005-03-10:193:1,RPM-2005-03-10,neutral,1,1,neutral,neutral,control,,,
RPM-2005-03-10:194:1,RPM-2005-03-10,neutral,1,0,neutral,neutral,control,,,
RPM-2005-03-10:195:1,RPM-2005-03-10,neutral,1,0,neutral,neutral,control,,,
RPM-2005-03-10:196:1,RPM-2005-03-10,neutral,1,1,neutral,neutral,control,,,
RPM-2005-03-10:197:1,RPM-2005-03-10,neutral,1,1,neutral,neutral,control,,,
RPM-2005-03-10:198:1,RPM-2005-03-10,hawkish,1,1,hawkish,hawkish,control,,,
RPM-2005-03-10:199:1,RPM-2005-03-10,neutral,1,0,hawkish,neutral,control,,,
RPM-2005-03-10:200:1,RPM-2005-03-10,hawkish,1,1,hawkish,hawkish,control,,,
RPM-2006-05-11:657:2,RPM-2006-05-11,neutral,1,1,neutral,neutral,control,,,
RPM-2006-05-11:661:1,RPM-2006-05-11,neutral,1,1,neutral,neutral,control,,,
RPM-2006-05-11:671:1,RPM-2006-05-11,dovish,1,1,hawkish,hawkish,control,,,
RPM-2006-05-11:672:1,RPM-2006-05-11,dovish,1,1,dovish,dovish,control,,,
RPM-2006-05-11:673:1,RPM-2006-05-11,dovish,1,1,dovish,dovish,control,,,
RPM-2006-05-11:674:1,RPM-2006-05-11,hawkish,1,1,hawkish,hawkish,control,,,
RPM-2006-08-10:789:1,RPM-2006-08-10,neutral,1,1,neutral,neutral,control,,,
RPM-2006-08-10:807:1,RPM-2006-08-10,neutral,1,0,neutral,neutral,control,,,
RPM-2006-08-10:816:1,RPM-2006-08-10,neutral,1,0,neutral,neutral,control,,,
RPM-2006-08-10:818:1,RPM-2006-08-10,neutral,1,0,neutral,neutral,control,,,
RPM-2006-08-10:820:1,RPM-2006-08-10,neutral,1,1,neutral,neutral,control,,,
RPM-2006-08-10:826:1,RPM-2006-08-10,hawkish,1,1,hawkish,hawkish,control,,,
RPM-2007-06-14:1278:1,RPM-2007-06-14,neutral,1,1,neutral,neutral,control,,,
RPM-2007-06-14:1305:1,RPM-2007-06-14,hawkish,1,1,hawkish,hawkish,control,,,
RPM-2007-07-12:1314:2,RPM-2007-07-12,neutral,1,1,neutral,neutral,control,,,
RPM-2007-07-12:1324:1,RPM-2007-07-12,neutral,1,1,neutral,neutral,control,,,
RPM-2007-07-12:1325:3,RPM-2007-07-12,neutral,1,1,neutral,neutral,control,,,
RPM-2007-07-12:1329:1,RPM-2007-07-12,neutral,1,1,neutral,neutral,control,,,
RPM-2007-07-12:1332:1,RPM-2007-07-12,neutral,1,1,neutral,neutral,control,,,
RPM-2007-07-12:1335:2,RPM-2007-07-12,neutral,1,1,neutral,neutral,control,,,
RPM-2008-06-10:1869:7,RPM-2008-06-10,neutral,1,1,neutral,neutral,control,,,
RPM-2008-06-10:1873:4,RPM-2008-06-10,neutral,1,1,neutral,neutral,control,,,
RPM-2008-06-10:1874:1,RPM-2008-06-10,neutral,1,1,neutral,neutral,control,,,
RPM-2008-06-10:1879:1,RPM-2008-06-10,neutral,1,1,neutral,neutral,control,,,
RPM-2008-06-10:1889:3,RPM-2008-06-10,neutral,1,1,neutral,neutral,control,,,
RPM-2008-06-10:1902:1,RPM-2008-06-10,hawkish,1,1,hawkish,hawkish,control,,,
RPM-2008-07-10:1916:2,RPM-2008-07-10,neutral,1,1,neutral,neutral,control,,,
RPM-2008-07-10:1917:3,RPM-2008-07-10,neutral,1,1,neutral,neutral,control,,,
RPM-2008-07-10:1923:7,RPM-2008-07-10,neutral,1,1,neutral,neutral,control,,,
RPM-2008-07-10:1945:1,RPM-2008-07-10,neutral,1,1,neutral,neutral,control,,,
RPM-2008-07-10:1948:2,RPM-2008-07-10,neutral,1,1,neutral,neutral,control,,,
RPM-2008-07-10:1953:1,RPM-2008-07-10,neutral,1,1,neutral,neutral,control,,,
RPM-2008-07-10:1975:1,RPM-2008-07-10,neutral,1,1,neutral,neutral,control,,,
RPM-2008-12-11:2177:2,RPM-2008-12-11,neutral,1,1,neutral,neutral,control,,,
RPM-2008-12-11:2206:3,RPM-2008-12-11,neutral,1,1,neutral,neutral,control,,,
RPM-2008-12-11:2217:1,RPM-2008-12-11,neutral,1,1,neutral,neutral,control,,,
RPM-2008-12-11:2221:2,RPM-2008-12-11,neutral,1,1,neutral,neutral,control,,,
RPM-2008-12-11:2229:1,RPM-2008-12-11,neutral,1,1,neutral,neutral,control,,,
RPM-2008-12-11:2232:1,RPM-2008-12-11,neutral,1,1,neutral,neutral,control,,,
RPM-2008-12-11:2237:4,RPM-2008-12-11,neutral,1,0,neutral,neutral,control,,,
RPM-2008-12-11:2238:1,RPM-2008-12-11,dovish,1,1,dovish,dovish,control,,,
RPM-2008-12-11:2249:1,RPM-2008-12-11,neutral,1,1,dovish,dovish,control,,,
RPM-2008-12-11:2251:1,RPM-2008-12-11,dovish,1,1,dovish,dovish,control,,,
RPM-2009-09-08:2705:7,RPM-2009-09-08,neutral,1,0,neutral,neutral,control,,,
RPM-2009-09-08:2706:1,RPM-2009-09-08,neutral,1,0,neutral,neutral,control,,,
RPM-2010-08-12:3286:3,RPM-2010-08-12,neutral,1,1,neutral,neutral,control,,,
RPM-2010-08-12:3302:1,RPM-2010-08-12,neutral,1,1,neutral,neutral,control,,,
RPM-2010-08-12:3303:3,RPM-2010-08-12,neutral,1,1,neutral,neutral,control,,,
RPM-2010-08-12:3308:2,RPM-2010-08-12,neutral,1,1,neutral,neutral,control,,,
RPM-2010-08-12:3310:4,RPM-2010-08-12,neutral,1,1,neutral,neutral,control,,,
RPM-2010-08-12:3337:1,RPM-2010-08-12,hawkish,1,1,neutral,neutral,control,,,
RPM-2012-11-13:5207:3,RPM-2012-11-13,neutral,1,0,neutral,neutral,control,,,
RPM-2012-11-13:5215:1,RPM-2012-11-13,neutral,1,1,dovish,dovish,control,,,
RPM-2013-08-13:5718:1,RPM-2013-08-13,neutral,1,0,neutral,neutral,control,,,
RPM-2013-08-13:5727:2,RPM-2013-08-13,neutral,1,1,neutral,neutral,control,,,
RPM-2013-08-13:5738:2,RPM-2013-08-13,neutral,1,0,neutral,neutral,control,,,
RPM-2013-08-13:5748:1,RPM-2013-08-13,neutral,1,1,dovish,dovish,control,,,
RPM-2013-08-13:5752:2,RPM-2013-08-13,neutral,1,0,dovish,neutral,control,,,
RPM-2014-10-16:6451:2,RPM-2014-10-16,neutral,1,1,neutral,neutral,control,,,
RPM-2014-10-16:6452:1,RPM-2014-10-16,neutral,1,1,neutral,neutral,control,,,
RPM-2014-10-16:6484:1,RPM-2014-10-16,dovish,1,1,dovish,dovish,control,,,
RPM-2015-05-14:6760:1,RPM-2015-05-14,neutral,1,1,neutral,neutral,control,,,
RPM-2015-05-14:6762:1,RPM-2015-05-14,neutral,1,0,neutral,neutral,control,,,
RPM-2015-05-14:6769:2,RPM-2015-05-14,neutral,1,1,neutral,neutral,control,,,
RPM-2015-05-14:6772:1,RPM-2015-05-14,neutral,1,1,neutral,neutral,control,,,
RPM-2015-05-14:6773:1,RPM-2015-05-14,neutral,1,1,neutral,neutral,control,,,
RPM-2015-05-14:6774:1,RPM-2015-05-14,neutral,1,1,neutral,neutral,control,,,
RPM-2015-05-14:6800:1,RPM-2015-05-14,neutral,1,0,neutral,neutral,control,,,
RPM-2015-05-14:6804:1,RPM-2015-05-14,neutral,1,1,dovish,dovish,control,,,
RPM-2005-03-10:165:1,RPM-2005-03-10,neutral,1,1,neutral,neutral,ampliado_59,0.06858737933157397,0.031477078828423155,0.8999355418400029
RPM-2005-03-10:180:1,RPM-2005-03-10,neutral,1,1,neutral,neutral,ampliado_59,0.07601500528476789,0.07541598855372696,0.8485690061615051
RPM-2006-08-10:806:1,RPM-2006-08-10,neutral,1,1,neutral,neutral,ampliado_59,0.19591021711672948,0.1403397593259612,0.6637500235573093
RPM-2006-08-10:808:1,RPM-2006-08-10,neutral,1,1,neutral,neutral,ampliado_59,0.1622978472983493,0.19156231915619146,0.6461398335454592
RPM-2007-06-14:1296:3,RPM-2007-06-14,neutral,1,1,neutral,neutral,ampliado_59,0.04286439365029703,0.0447054111182995,0.9124301952314035
RPM-2007-07-12:1325:1,RPM-2007-07-12,neutral,1,0,neutral,neutral,ampliado_59,0.07853477356321086,0.06656300183730911,0.8549022245994801
RPM-2008-06-10:1854:1,RPM-2008-06-10,neutral,1,1,neutral,neutral,ampliado_59,0.051570978774859104,0.038208078521901646,0.9102209427032392
RPM-2008-06-10:1870:3,RPM-2008-06-10,neutral,1,1,neutral,neutral,ampliado_59,0.08065777518752808,0.056309340512992925,0.863032884299479
RPM-2008-06-10:1878:1,RPM-2008-06-10,neutral,1,1,neutral,neutral,ampliado_59,0.07039379511559331,0.03523371231648358,0.8943724925679232
RPM-2008-06-10:1904:1,RPM-2008-06-10,hawkish,1,1,hawkish,hawkish,ampliado_59,0.20134872307476778,0.7093117287897004,0.08933954813553187
RPM-2008-07-10:1923:8,RPM-2008-07-10,neutral,1,1,neutral,neutral,ampliado_59,0.12608869650609772,0.10022690695377957,0.7736843965401228
RPM-2008-07-10:1959:1,RPM-2008-07-10,neutral,1,1,neutral,neutral,ampliado_59,0.08717225857592742,0.07896645004667135,0.8338612913774013
RPM-2008-12-11:2176:1,RPM-2008-12-11,neutral,1,0,neutral,neutral,ampliado_59,0.1312887684393415,0.130912927367261,0.7377983041933974
RPM-2008-12-11:2187:1,RPM-2008-12-11,neutral,1,1,neutral,neutral,ampliado_59,0.03635565757889569,0.017685964106602094,0.9459583783145022
RPM-2009-09-08:2689:1,RPM-2009-09-08,neutral,1,0,neutral,neutral,ampliado_59,0.13751888193882142,0.05724617633961166,0.8052349417215668
RPM-2009-09-08:2699:4,RPM-2009-09-08,neutral,1,1,neutral,neutral,ampliado_59,0.04585425734955633,0.05115814416011649,0.9029875984903272
RPM-2009-09-08:2711:2,RPM-2009-09-08,dovish,1,1,dovish,dovish,ampliado_59,0.4501056875224341,0.21558482213256663,0.3343094903449993
RPM-2010-08-12:3281:1,RPM-2010-08-12,neutral,1,1,neutral,neutral,ampliado_59,0.09919113052812724,0.09132953523010924,0.8094793342417635
RPM-2010-08-12:3306:1,RPM-2010-08-12,neutral,1,1,neutral,neutral,ampliado_59,0.03828910859791342,0.02435938601420486,0.9373515053878818
RPM-2012-11-13:5166:1,RPM-2012-11-13,neutral,1,1,neutral,neutral,ampliado_59,0.0628206792296906,0.028817213943962198,0.9083621068263472
RPM-2012-11-13:5168:1,RPM-2012-11-13,neutral,1,1,neutral,neutral,ampliado_59,0.04226646804440326,0.04076783813282799,0.9169656938227687
RPM-2012-11-13:5175:1,RPM-2012-11-13,neutral,1,1,neutral,neutral,ampliado_59,0.06950965829361962,0.060535892033776795,0.8699544496726036
RPM-2012-11-13:5217:1,RPM-2012-11-13,neutral,1,1,dovish,dovish,ampliado_59,0.5126485590799692,0.23857629468556915,0.24877514623446173
RPM-2013-08-13:5703:1,RPM-2013-08-13,neutral,1,1,neutral,neutral,ampliado_59,0.11334537184394754,0.06489383824020853,0.8217607899158439
RPM-2013-08-13:5714:1,RPM-2013-08-13,neutral,1,1,neutral,neutral,ampliado_59,0.21960623188963824,0.07638357933857762,0.7040101887717841
RPM-2014-10-16:6466:2,RPM-2014-10-16,neutral,1,0,neutral,neutral,ampliado_59,0.13980828541672577,0.0690269804743481,0.7911647341089261
RPM-2014-10-16:6473:1,RPM-2014-10-16,neutral,1,0,neutral,neutral,ampliado_59,0.14093165405478447,0.03190403543863966,0.8271643105065758
RPM-2015-05-14:6763:1,RPM-2015-05-14,neutral,1,1,neutral,neutral,ampliado_59,0.08339466270824136,0.03261274810001965,0.883992589191739
RPM-2015-05-14:6768:1,RPM-2015-05-14,neutral,1,1,neutral,neutral,ampliado_59,0.03619015894352513,0.03276794077218745,0.9310419002842875
RPM-2005-03-10:140:1,RPM-2005-03-10,neutral,1,0,neutral,neutral,ampliado_59,0.09629833401345766,0.07337353307214876,0.8303281329143934
RPM-2005-03-10:141:1,RPM-2005-03-10,neutral,1,0,neutral,neutral,ampliado_59,0.11445699029544074,0.0961549383488439,0.7893880713557153
RPM-2005-03-10:142:1,RPM-2005-03-10,neutral,1,1,neutral,neutral,ampliado_59,0.07329318528218355,0.11380730864558916,0.8128995060722273
RPM-2005-03-10:143:1,RPM-2005-03-10,neutral,1,1,neutral,neutral,ampliado_59,0.170514343177932,0.1645254270992045,0.6649602297228635
RPM-2005-03-10:144:1,RPM-2005-03-10,neutral,1,1,neutral,neutral,ampliado_59,0.19420413202518635,0.2599827505254766,0.545813117449337
RPM-2005-03-10:145:1,RPM-2005-03-10,neutral,1,1,neutral,neutral,ampliado_59,0.19173769302700375,0.27538829129104564,0.5328740156819507
RPM-2005-03-10:146:1,RPM-2005-03-10,neutral,1,1,neutral,neutral,ampliado_59,0.14446304470653806,0.27858461020561553,0.5769523450878464
RPM-2005-03-10:147:1,RPM-2005-03-10,neutral,1,1,neutral,neutral,ampliado_59,0.06554674072685213,0.055275336496003635,0.8791779227771443
RPM-2005-03-10:148:1,RPM-2005-03-10,neutral,1,1,neutral,neutral,ampliado_59,0.05046267842341135,0.0520068777410407,0.8975304438355478
RPM-2005-03-10:149:1,RPM-2005-03-10,neutral,1,1,neutral,neutral,ampliado_59,0.06390171100828299,0.06963762053133823,0.8664606684603787
RPM-2005-03-10:150:1,RPM-2005-03-10,neutral,1,1,neutral,neutral,ampliado_59,0.06704617936389826,0.06442988197664072,0.868523938659461
RPM-2005-03-10:151:1,RPM-2005-03-10,neutral,1,1,neutral,neutral,ampliado_59,0.0626524489411764,0.06006691164270212,0.8772806394161214
RPM-2005-03-10:152:1,RPM-2005-03-10,neutral,1,1,neutral,neutral,ampliado_59,0.06202171496072886,0.11024693366388921,0.8277313513753818
RPM-2005-03-10:153:1,RPM-2005-03-10,neutral,1,0,neutral,neutral,ampliado_59,0.058141792817852145,0.05416874211085462,0.8876894650712932
RPM-2005-03-10:154:1,RPM-2005-03-10,neutral,1,1,neutral,neutral,ampliado_59,0.08131841838194243,0.04511633690917569,0.8735652447088819
RPM-2005-03-10:155:1,RPM-2005-03-10,neutral,1,1,neutral,neutral,ampliado_59,0.05226456157852378,0.03343935368906729,0.914296084732409
RPM-2005-03-10:156:1,RPM-2005-03-10,neutral,1,1,neutral,neutral,ampliado_59,0.09422891992231776,0.03757951246209465,0.8681915676155876
RPM-2005-03-10:157:1,RPM-2005-03-10,neutral,1,1,neutral,neutral,ampliado_59,0.04693108947046426,0.03968811663243874,0.9133807938970969
RPM-2005-03-10:158:1,RPM-2005-03-10,neutral,1,1,neutral,neutral,ampliado_59,0.09082392173215319,0.053676140182006386,0.8554999380858404
RPM-2005-03-10:159:1,RPM-2005-03-10,neutral,1,1,neutral,neutral,ampliado_59,0.05137965700686575,0.03736402803430024,0.9112563149588341
RPM-2005-03-10:160:1,RPM-2005-03-10,neutral,1,1,neutral,neutral,ampliado_59,0.0937514934481878,0.047252561505775205,0.858995945046037
RPM-2005-03-10:161:1,RPM-2005-03-10,neutral,1,1,neutral,neutral,ampliado_59,0.16870148775128446,0.11432478712088127,0.7169737251278343
RPM-2005-03-10:162:1,RPM-2005-03-10,neutral,1,1,neutral,neutral,ampliado_59,0.02946698560436151,0.02052377901566248,0.9500092353799761
RPM-2005-03-10:163:1,RPM-2005-03-10,neutral,1,1,neutral,neutral,ampliado_59,0.05789770417384789,0.039004047101078514,0.9030982487250735
RPM-2005-03-10:164:1,RPM-2005-03-10,neutral,1,1,neutral,neutral,ampliado_59,0.16570781061229142,0.06929395025823361,0.7649982391294751
RPM-2005-03-10:166:1,RPM-2005-03-10,neutral,1,1,neutral,neutral,ampliado_59,0.07143941331682845,0.05019067744767157,0.8783699092355
RPM-2005-03-10:167:1,RPM-2005-03-10,neutral,1,1,neutral,neutral,ampliado_59,0.17549424758824542,0.10611888923087738,0.7183868631808773
RPM-2005-03-10:168:1,RPM-2005-03-10,neutral,1,1,neutral,neutral,ampliado_59,0.1343992936722674,0.05568447533430654,0.809916230993426
RPM-2005-03-10:169:1,RPM-2005-03-10,neutral,1,1,neutral,neutral,ampliado_59,0.13801991460446497,0.05529921795802038,0.8066808674375147
RPM-2005-03-10:170:1,RPM-2005-03-10,neutral,1,1,neutral,neutral,ampliado_59,0.11926776254992492,0.051617425694649964,0.8291148117554252
RPM-2005-03-10:171:1,RPM-2005-03-10,neutral,1,1,neutral,neutral,ampliado_59,0.08964593373631216,0.055236689712255066,0.8551173765514327
RPM-2005-03-10:172:1,RPM-2005-03-10,neutral,1,1,neutral,neutral,ampliado_59,0.05673285823722262,0.05798309586195292,0.8852840459008244
RPM-2005-03-10:173:1,RPM-2005-03-10,neutral,1,1,neutral,neutral,ampliado_59,0.06562057060458595,0.0369133229064509,0.8974661064889631
RPM-2005-03-10:174:1,RPM-2005-03-10,neutral,1,1,neutral,neutral,ampliado_59,0.06920359776005103,0.05374306850640058,0.8770533337335484
RPM-2005-03-10:175:1,RPM-2005-03-10,neutral,1,0,neutral,neutral,ampliado_59,0.0410235090400737,0.05436915372965147,0.9046073372302748
RPM-2005-03-10:176:1,RPM-2005-03-10,neutral,1,0,neutral,neutral,ampliado_59,0.09325327440186389,0.10603043577539734,0.8007162898227388
RPM-2005-03-10:177:1,RPM-2005-03-10,neutral,1,0,neutral,neutral,ampliado_59,0.07759040172251373,0.07556791160365608,0.8468416866738302
RPM-2005-03-10:178:1,RPM-2005-03-10,hawkish,1,1,hawkish,hawkish,ampliado_59,0.08982559211800872,0.8782545548776979,0.031919853004293494
RPM-2005-03-10:178:2,RPM-2005-03-10,neutral,1,0,neutral,neutral,ampliado_59,0.0509356901034696,0.04538683352084789,0.9036774763756824
RPM-2005-03-10:179:1,RPM-2005-03-10,neutral,1,1,neutral,neutral,ampliado_59,0.2247421624901806,0.24698653520463407,0.5282713023051854
RPM-2005-03-10:181:1,RPM-2005-03-10,neutral,1,1,neutral,neutral,ampliado_59,0.10657164495117599,0.09259028240862856,0.8008380726401955
RPM-2005-03-10:182:1,RPM-2005-03-10,neutral,1,1,neutral,neutral,ampliado_59,0.06786965112006957,0.04065523370114658,0.8914751151787839
RPM-2005-03-10:183:1,RPM-2005-03-10,neutral,1,1,neutral,neutral,ampliado_59,0.16187577093822048,0.2578172492846902,0.5803069797770893
RPM-2005-03-10:184:1,RPM-2005-03-10,neutral,1,1,neutral,neutral,ampliado_59,0.35524795528809117,0.10863253489502966,0.5361195098168792
RPM-2005-03-10:185:1,RPM-2005-03-10,dovish,1,1,dovish,dovish,ampliado_59,0.4205048767014713,0.19339836156258605,0.38609676173594265
RPM-2005-03-10:186:1,RPM-2005-03-10,neutral,1,1,neutral,neutral,ampliado_59,0.2090645925190532,0.15470562812753308,0.6362297793534137
RPM-2005-03-10:187:1,RPM-2005-03-10,neutral,1,1,neutral,neutral,ampliado_59,0.09735050561920337,0.04721277534540898,0.8554367190353876
RPM-2005-03-10:188:1,RPM-2005-03-10,neutral,1,1,neutral,neutral,ampliado_59,0.09202951115510208,0.0597302766994973,0.8482402121454006
RPM-2005-03-10:189:1,RPM-2005-03-10,neutral,1,1,neutral,neutral,ampliado_59,0.21120771829592894,0.246847597251174,0.541944684452897
RPM-2005-03-10:190:1,RPM-2005-03-10,hawkish,1,1,neutral,neutral,ampliado_59,0.2953368436157227,0.21511039432391305,0.4895527620603641
RPM-2005-03-10:191:1,RPM-2005-03-10,neutral,1,1,neutral,neutral,ampliado_59,0.269332183789483,0.16408403016297377,0.5665837860475432
RPM-2005-03-10:192:1,RPM-2005-03-10,hawkish,1,1,neutral,neutral,ampliado_59,0.23846367712088418,0.37861360174566266,0.38292272113345316
RPM-2005-03-10:193:1,RPM-2005-03-10,neutral,1,1,neutral,neutral,ampliado_59,0.32988154189878577,0.26094661335653324,0.40917184474468093
RPM-2005-03-10:194:1,RPM-2005-03-10,neutral,1,0,neutral,neutral,ampliado_59,0.31713049664141313,0.24778046935838874,0.4350890340001981
RPM-2005-03-10:195:1,RPM-2005-03-10,neutral,1,0,neutral,neutral,ampliado_59,0.07756310924946465,0.0675600349707174,0.854876855779818
RPM-2005-03-10:196:1,RPM-2005-03-10,neutral,1,1,neutral,neutral,ampliado_59,0.20818744111118972,0.2945727114191067,0.49723984746970357
RPM-2005-03-10:197:1,RPM-2005-03-10,neutral,1,1,hawkish,hawkish,ampliado_59,0.17979196886849227,0.43700694842024285,0.38320108271126496
RPM-2005-03-10:198:1,RPM-2005-03-10,hawkish,1,1,hawkish,hawkish,ampliado_59,0.20345999156538022,0.5870690834685754,0.20947092496604433
RPM-2005-03-10:199:1,RPM-2005-03-10,neutral,1,0,hawkish,neutral,ampliado_59,0.15961026369334497,0.5789224674352668,0.26146726887138827
RPM-2005-03-10:200:1,RPM-2005-03-10,hawkish,1,1,hawkish,hawkish,ampliado_59,0.12028201398281954,0.775776448408115,0.10394153760906552
RPM-2006-05-11:657:2,RPM-2006-05-11,neutral,1,1,neutral,neutral,ampliado_59,0.14820298249310387,0.09021245125396585,0.7615845662529303
RPM-2006-05-11:661:1,RPM-2006-05-11,neutral,1,1,neutral,neutral,ampliado_59,0.08692566351597673,0.021405561464175715,0.8916687750198474
RPM-2006-05-11:671:1,RPM-2006-05-11,dovish,1,1,hawkish,hawkish,ampliado_59,0.2932672310337192,0.39898747435646775,0.3077452946098131
RPM-2006-05-11:672:1,RPM-2006-05-11,dovish,1,1,hawkish,hawkish,ampliado_59,0.3711189196726201,0.5204723383933719,0.10840874193400796
RPM-2006-05-11:673:1,RPM-2006-05-11,dovish,1,1,dovish,dovish,ampliado_59,0.36398982813022845,0.3634886091660324,0.2725215627037392
RPM-2006-05-11:674:1,RPM-2006-05-11,hawkish,1,1,hawkish,hawkish,ampliado_59,0.29180147903217923,0.5066501207901948,0.201548400177626
RPM-2006-08-10:789:1,RPM-2006-08-10,neutral,1,1,neutral,neutral,ampliado_59,0.03045164975064075,0.028692129819725302,0.9408562204296339
RPM-2006-08-10:807:1,RPM-2006-08-10,neutral,1,0,neutral,neutral,ampliado_59,0.028088583834398422,0.02166124464429002,0.9502501715213115
RPM-2006-08-10:816:1,RPM-2006-08-10,neutral,1,0,neutral,neutral,ampliado_59,0.07759040172251373,0.07556791160365608,0.8468416866738302
RPM-2006-08-10:818:1,RPM-2006-08-10,neutral,1,0,neutral,neutral,ampliado_59,0.048797841418703566,0.057571503463349424,0.893630655117947
RPM-2006-08-10:820:1,RPM-2006-08-10,neutral,1,1,neutral,neutral,ampliado_59,0.2594824971209151,0.13515037280961686,0.6053671300694681
RPM-2006-08-10:826:1,RPM-2006-08-10,hawkish,1,1,hawkish,hawkish,ampliado_59,0.22149547512277926,0.6870371573728672,0.09146736750435357
RPM-2007-06-14:1278:1,RPM-2007-06-14,neutral,1,1,neutral,neutral,ampliado_59,0.11110163337841283,0.04967154229465626,0.839226824326931
RPM-2007-06-14:1305:1,RPM-2007-06-14,hawkish,1,1,hawkish,hawkish,ampliado_59,0.3781737258807747,0.5292436965941025,0.09258257752512276
RPM-2007-07-12:1314:2,RPM-2007-07-12,neutral,1,1,neutral,neutral,ampliado_59,0.026480811251217297,0.025698439122381893,0.9478207496264007
RPM-2007-07-12:1324:1,RPM-2007-07-12,neutral,1,1,neutral,neutral,ampliado_59,0.08588483040025466,0.143587382398841,0.7705277872009043
RPM-2007-07-12:1325:3,RPM-2007-07-12,neutral,1,1,neutral,neutral,ampliado_59,0.02594235261865463,0.01723234880096439,0.956825298580381
RPM-2007-07-12:1329:1,RPM-2007-07-12,neutral,1,1,neutral,neutral,ampliado_59,0.037479307662279665,0.026827224896224508,0.9356934674414958
RPM-2007-07-12:1332:1,RPM-2007-07-12,neutral,1,1,neutral,neutral,ampliado_59,0.03760859231631747,0.027448303933448007,0.9349431037502345
RPM-2007-07-12:1335:2,RPM-2007-07-12,neutral,1,1,neutral,neutral,ampliado_59,0.11117246802745076,0.04770719967109147,0.8411203323014579
RPM-2008-06-10:1869:7,RPM-2008-06-10,neutral,1,1,neutral,neutral,ampliado_59,0.04473606106374828,0.05086537235116009,0.9043985665850917
RPM-2008-06-10:1873:4,RPM-2008-06-10,neutral,1,1,neutral,neutral,ampliado_59,0.051411564137959886,0.03268460137468041,0.9159038344873597
RPM-2008-06-10:1874:1,RPM-2008-06-10,neutral,1,1,neutral,neutral,ampliado_59,0.11806492083760999,0.06278272352774766,0.8191523556346424
RPM-2008-06-10:1879:1,RPM-2008-06-10,neutral,1,1,neutral,neutral,ampliado_59,0.051470551422644964,0.0462384744615473,0.9022909741158077
RPM-2008-06-10:1889:3,RPM-2008-06-10,neutral,1,1,neutral,neutral,ampliado_59,0.05881180472004161,0.08048906793528654,0.8606991273446719
RPM-2008-06-10:1902:1,RPM-2008-06-10,hawkish,1,1,hawkish,hawkish,ampliado_59,0.20824407844733112,0.6856727960611615,0.10608312549150735
RPM-2008-07-10:1916:2,RPM-2008-07-10,neutral,1,1,neutral,neutral,ampliado_59,0.1835845931267299,0.11111409243072397,0.7053013144425462
RPM-2008-07-10:1917:3,RPM-2008-07-10,neutral,1,1,neutral,neutral,ampliado_59,0.06034650564317998,0.04734075433528158,0.8923127400215385
RPM-2008-07-10:1923:7,RPM-2008-07-10,neutral,1,1,neutral,neutral,ampliado_59,0.179937776461953,0.0968970231629215,0.7231652003751254
RPM-2008-07-10:1945:1,RPM-2008-07-10,neutral,1,1,neutral,neutral,ampliado_59,0.05192906663078379,0.08452206634202508,0.8635488670271911
RPM-2008-07-10:1948:2,RPM-2008-07-10,neutral,1,1,neutral,neutral,ampliado_59,0.16510895098455847,0.11091493315059135,0.7239761158648502
RPM-2008-07-10:1953:1,RPM-2008-07-10,neutral,1,1,neutral,neutral,ampliado_59,0.10370985708324053,0.054789815173957764,0.8415003277428017
RPM-2008-07-10:1975:1,RPM-2008-07-10,neutral,1,1,hawkish,hawkish,ampliado_59,0.142939273852138,0.6326234545477063,0.22443727160015564
RPM-2008-12-11:2177:2,RPM-2008-12-11,neutral,1,1,neutral,neutral,ampliado_59,0.024804978199933297,0.021078829005809048,0.9541161927942577
RPM-2008-12-11:2206:3,RPM-2008-12-11,neutral,1,1,neutral,neutral,ampliado_59,0.02552745567797437,0.02128722100777106,0.9531853233142545
RPM-2008-12-11:2217:1,RPM-2008-12-11,neutral,1,1,neutral,neutral,ampliado_59,0.049329720579090054,0.03380287744225087,0.9168674019786591
RPM-2008-12-11:2221:2,RPM-2008-12-11,neutral,1,1,neutral,neutral,ampliado_59,0.05459345170710506,0.0776881048679821,0.8677184434249129
RPM-2008-12-11:2229:1,RPM-2008-12-11,neutral,1,1,neutral,neutral,ampliado_59,0.07048851170288578,0.029977388898714555,0.8995340993983997
RPM-2008-12-11:2232:1,RPM-2008-12-11,neutral,1,1,neutral,neutral,ampliado_59,0.07183153981825534,0.07615324286548415,0.8520152173162605
RPM-2008-12-11:2237:4,RPM-2008-12-11,neutral,1,0,neutral,neutral,ampliado_59,0.11821342407311894,0.10079951123616512,0.780987064690716
RPM-2008-12-11:2238:1,RPM-2008-12-11,dovish,1,1,dovish,dovish,ampliado_59,0.522923645499937,0.33721905167104,0.1398573028290231
RPM-2008-12-11:2249:1,RPM-2008-12-11,neutral,1,1,dovish,dovish,ampliado_59,0.5363144293091511,0.13663575353068083,0.3270498171601682
RPM-2008-12-11:2251:1,RPM-2008-12-11,dovish,1,1,dovish,dovish,ampliado_59,0.5222017996274817,0.3282435535937228,0.1495546467787955
RPM-2009-09-08:2705:7,RPM-2009-09-08,neutral,1,0,neutral,neutral,ampliado_59,0.12446540148021346,0.08443061467993994,0.7911039838398466
RPM-2009-09-08:2706:1,RPM-2009-09-08,neutral,1,0,neutral,neutral,ampliado_59,0.12145279388057242,0.10524241096787675,0.7733047951515509
RPM-2010-08-12:3286:3,RPM-2010-08-12,neutral,1,1,neutral,neutral,ampliado_59,0.13550129828900087,0.08231394288143311,0.7821847588295661
RPM-2010-08-12:3302:1,RPM-2010-08-12,neutral,1,1,neutral,neutral,ampliado_59,0.03923960822811575,0.037056851791680785,0.9237035399802035
RPM-2010-08-12:3303:3,RPM-2010-08-12,neutral,1,1,neutral,neutral,ampliado_59,0.062247253341722694,0.03649090614214749,0.9012618405161299
RPM-2010-08-12:3308:2,RPM-2010-08-12,neutral,1,1,neutral,neutral,ampliado_59,0.0398219056606214,0.028023634550886065,0.9321544597884925
RPM-2010-08-12:3310:4,RPM-2010-08-12,neutral,1,1,neutral,neutral,ampliado_59,0.04759557277355971,0.046298718396492536,0.9061057088299477
RPM-2010-08-12:3337:1,RPM-2010-08-12,hawkish,1,1,neutral,neutral,ampliado_59,0.35227149809941233,0.2402819721811511,0.40744652971943657
RPM-2012-11-13:5207:3,RPM-2012-11-13,neutral,1,0,neutral,neutral,ampliado_59,0.13639099279180875,0.2985321144931757,0.5650768927150156
RPM-2012-11-13:5215:1,RPM-2012-11-13,neutral,1,1,dovish,dovish,ampliado_59,0.5337653013590499,0.18522704934234674,0.2810076492986033
RPM-2013-08-13:5718:1,RPM-2013-08-13,neutral,1,0,neutral,neutral,ampliado_59,0.04386140987727576,0.017945424296468417,0.9381931658262558
RPM-2013-08-13:5727:2,RPM-2013-08-13,neutral,1,1,neutral,neutral,ampliado_59,0.07703588106276602,0.04114589495939795,0.881818223977836
RPM-2013-08-13:5738:2,RPM-2013-08-13,neutral,1,0,neutral,neutral,ampliado_59,0.15481285869698955,0.07680085745796368,0.7683862838450468
RPM-2013-08-13:5748:1,RPM-2013-08-13,neutral,1,1,neutral,neutral,ampliado_59,0.3865414418381336,0.22227598219234151,0.39118257596952494
RPM-2013-08-13:5752:2,RPM-2013-08-13,neutral,1,0,dovish,neutral,ampliado_59,0.750035513974965,0.03215490586248593,0.21780958016254912
RPM-2014-10-16:6451:2,RPM-2014-10-16,neutral,1,1,neutral,neutral,ampliado_59,0.08392543245959004,0.06237499006685743,0.8536995774735525
RPM-2014-10-16:6452:1,RPM-2014-10-16,neutral,1,1,neutral,neutral,ampliado_59,0.10012385480638178,0.04161979691969619,0.858256348273922
RPM-2014-10-16:6484:1,RPM-2014-10-16,dovish,1,1,dovish,dovish,ampliado_59,0.6944661407491879,0.15539895516446584,0.15013490408634628
RPM-2015-05-14:6760:1,RPM-2015-05-14,neutral,1,1,neutral,neutral,ampliado_59,0.07231871370117711,0.02698150879638479,0.9006997775024381
RPM-2015-05-14:6762:1,RPM-2015-05-14,neutral,1,0,neutral,neutral,ampliado_59,0.04580857246516567,0.025661005948384476,0.9285304215864499
RPM-2015-05-14:6769:2,RPM-2015-05-14,neutral,1,1,neutral,neutral,ampliado_59,0.05835161243342683,0.040334740295261844,0.9013136472713114
RPM-2015-05-14:6772:1,RPM-2015-05-14,neutral,1,1,neutral,neutral,ampliado_59,0.08735887222863084,0.03789112855729592,0.8747499992140734
RPM-2015-05-14:6773:1,RPM-2015-05-14,neutral,1,1,neutral,neutral,ampliado_59,0.06170513817153556,0.03234067900527819,0.9059541828231863
RPM-2015-05-14:6774:1,RPM-2015-05-14,neutral,1,1,neutral,neutral,ampliado_59,0.05720562346724204,0.03217351597427436,0.9106208605584837
RPM-2015-05-14:6800:1,RPM-2015-05-14,neutral,1,0,neutral,neutral,ampliado_59,0.026212494012203845,0.02939580183144979,0.9443917041563464
RPM-2015-05-14:6804:1,RPM-2015-05-14,neutral,1,1,dovish,dovish,ampliado_59,0.6007538558051809,0.15645052564627313,0.242795618548546
RPM-2005-04-07:207:10,RPM-2005-04-07,neutral,2,0,neutral,neutral,control,,,
RPM-2006-01-12:527:1,RPM-2006-01-12,neutral,2,0,neutral,neutral,control,,,
RPM-2006-01-12:571:1,RPM-2006-01-12,hawkish,2,1,hawkish,hawkish,control,,,
RPM-2006-10-12:941:1,RPM-2006-10-12,neutral,2,1,dovish,dovish,control,,,
RPM-2007-10-11:1505:1,RPM-2007-10-11,neutral,2,1,neutral,neutral,control,,,
RPM-2008-09-04:2048:1,RPM-2008-09-04,neutral,2,0,neutral,neutral,control,,,
RPM-2008-09-04:2083:1,RPM-2008-09-04,neutral,2,1,neutral,neutral,control,,,
RPM-2008-09-04:2088:1,RPM-2008-09-04,hawkish,2,1,hawkish,hawkish,control,,,
RPM-2009-07-09:2608:4,RPM-2009-07-09,neutral,2,1,neutral,neutral,control,,,
RPM-2009-07-09:2644:2,RPM-2009-07-09,dovish,2,1,dovish,dovish,control,,,
RPM-2009-10-13:2714:1,RPM-2009-10-13,neutral,2,0,neutral,neutral,control,,,
RPM-2009-10-13:2725:5,RPM-2009-10-13,neutral,2,1,neutral,neutral,control,,,
RPM-2009-10-13:2742:1,RPM-2009-10-13,neutral,2,1,neutral,neutral,control,,,
RPM-2009-12-15:2809:1,RPM-2009-12-15,neutral,2,1,neutral,neutral,control,,,
RPM-2009-12-15:2821:1,RPM-2009-12-15,neutral,2,1,neutral,neutral,control,,,
RPM-2009-12-15:2823:2,RPM-2009-12-15,neutral,2,1,neutral,neutral,control,,,
RPM-2009-12-15:2829:1,RPM-2009-12-15,neutral,2,1,neutral,neutral,control,,,
RPM-2010-09-16:3372:1,RPM-2010-09-16,neutral,2,1,neutral,neutral,control,,,
RPM-2010-09-16:3388:2,RPM-2010-09-16,neutral,2,1,neutral,neutral,control,,,
RPM-2010-09-16:3422:1,RPM-2010-09-16,neutral,2,0,neutral,neutral,control,,,
RPM-2011-01-13:3695:1,RPM-2011-01-13,neutral,2,1,neutral,neutral,control,,,
RPM-2012-03-15:4713:1,RPM-2012-03-15,neutral,2,1,neutral,neutral,control,,,
RPM-2012-03-15:4719:6,RPM-2012-03-15,neutral,2,1,neutral,neutral,control,,,
RPM-2013-11-19:5864:1,RPM-2013-11-19,neutral,2,1,neutral,neutral,control,,,
RPM-2013-11-19:5873:1,RPM-2013-11-19,neutral,2,1,neutral,neutral,control,,,
RPM-2015-01-15:6562:1,RPM-2015-01-15,neutral,2,1,neutral,neutral,control,,,
RPM-2015-01-15:6584:1,RPM-2015-01-15,neutral,2,0,neutral,neutral,control,,,
RPM-2015-01-15:6586:3,RPM-2015-01-15,neutral,2,0,neutral,neutral,control,,,
RPM-2005-04-07:201:1,RPM-2005-04-07,neutral,2,0,neutral,neutral,control,,,
RPM-2005-04-07:202:2,RPM-2005-04-07,neutral,2,1,neutral,neutral,control,,,
RPM-2005-04-07:202:3,RPM-2005-04-07,neutral,2,0,neutral,neutral,control,,,
RPM-2005-04-07:203:1,RPM-2005-04-07,neutral,2,1,neutral,neutral,control,,,
RPM-2005-04-07:203:2,RPM-2005-04-07,neutral,2,1,neutral,neutral,control,,,
RPM-2005-04-07:203:3,RPM-2005-04-07,neutral,2,1,neutral,neutral,control,,,
RPM-2005-04-07:203:4,RPM-2005-04-07,neutral,2,1,neutral,neutral,control,,,
RPM-2005-04-07:204:1,RPM-2005-04-07,neutral,2,0,neutral,neutral,control,,,
RPM-2005-04-07:204:2,RPM-2005-04-07,neutral,2,1,neutral,neutral,control,,,
RPM-2005-04-07:204:3,RPM-2005-04-07,neutral,2,1,neutral,neutral,control,,,
RPM-2005-04-07:205:1,RPM-2005-04-07,neutral,2,1,neutral,neutral,control,,,
RPM-2005-04-07:205:3,RPM-2005-04-07,neutral,2,1,neutral,neutral,control,,,
RPM-2005-04-07:205:4,RPM-2005-04-07,neutral,2,1,neutral,neutral,control,,,
RPM-2005-04-07:205:5,RPM-2005-04-07,neutral,2,1,neutral,neutral,control,,,
RPM-2005-04-07:206:1,RPM-2005-04-07,neutral,2,1,neutral,neutral,control,,,
RPM-2005-04-07:206:2,RPM-2005-04-07,neutral,2,1,neutral,neutral,control,,,
RPM-2005-04-07:206:3,RPM-2005-04-07,neutral,2,1,neutral,neutral,control,,,
RPM-2005-04-07:206:4,RPM-2005-04-07,neutral,2,0,neutral,neutral,control,,,
RPM-2005-04-07:206:5,RPM-2005-04-07,neutral,2,1,neutral,neutral,control,,,
RPM-2005-04-07:207:1,RPM-2005-04-07,neutral,2,1,neutral,neutral,control,,,
RPM-2005-04-07:207:11,RPM-2005-04-07,neutral,2,1,neutral,neutral,control,,,
RPM-2005-04-07:207:12,RPM-2005-04-07,neutral,2,1,neutral,neutral,control,,,
RPM-2005-04-07:207:2,RPM-2005-04-07,neutral,2,1,neutral,neutral,control,,,
RPM-2005-04-07:207:3,RPM-2005-04-07,neutral,2,1,neutral,neutral,control,,,
RPM-2005-04-07:207:4,RPM-2005-04-07,neutral,2,1,neutral,neutral,control,,,
RPM-2005-04-07:207:5,RPM-2005-04-07,neutral,2,1,neutral,neutral,control,,,
RPM-2005-04-07:207:6,RPM-2005-04-07,neutral,2,1,neutral,neutral,control,,,
RPM-2005-04-07:207:7,RPM-2005-04-07,neutral,2,1,neutral,neutral,control,,,
RPM-2005-04-07:207:8,RPM-2005-04-07,neutral,2,1,neutral,neutral,control,,,
RPM-2005-04-07:207:9,RPM-2005-04-07,neutral,2,1,neutral,neutral,control,,,
RPM-2005-04-07:208:1,RPM-2005-04-07,neutral,2,1,neutral,neutral,control,,,
RPM-2005-04-07:209:1,RPM-2005-04-07,neutral,2,1,neutral,neutral,control,,,
RPM-2005-04-07:210:1,RPM-2005-04-07,neutral,2,1,neutral,neutral,control,,,
RPM-2005-04-07:210:2,RPM-2005-04-07,neutral,2,1,neutral,neutral,control,,,
RPM-2005-04-07:210:3,RPM-2005-04-07,neutral,2,1,neutral,neutral,control,,,
RPM-2005-04-07:211:1,RPM-2005-04-07,neutral,2,1,neutral,neutral,control,,,
RPM-2005-04-07:212:1,RPM-2005-04-07,neutral,2,0,neutral,neutral,control,,,
RPM-2005-04-07:212:2,RPM-2005-04-07,neutral,2,1,neutral,neutral,control,,,
RPM-2005-04-07:212:3,RPM-2005-04-07,neutral,2,1,neutral,neutral,control,,,
RPM-2005-04-07:212:4,RPM-2005-04-07,neutral,2,1,neutral,neutral,control,,,
RPM-2005-04-07:212:5,RPM-2005-04-07,neutral,2,1,neutral,neutral,control,,,
RPM-2005-04-07:213:1,RPM-2005-04-07,neutral,2,1,neutral,neutral,control,,,
RPM-2005-04-07:213:2,RPM-2005-04-07,neutral,2,1,neutral,neutral,control,,,
RPM-2005-04-07:213:3,RPM-2005-04-07,neutral,2,1,neutral,neutral,control,,,
RPM-2005-04-07:214:1,RPM-2005-04-07,neutral,2,0,neutral,neutral,control,,,
RPM-2005-04-07:214:2,RPM-2005-04-07,neutral,2,0,neutral,neutral,control,,,
RPM-2005-04-07:214:3,RPM-2005-04-07,neutral,2,0,neutral,neutral,control,,,
RPM-2005-04-07:214:4,RPM-2005-04-07,hawkish,2,1,hawkish,hawkish,control,,,
RPM-2005-04-07:214:5,RPM-2005-04-07,neutral,2,0,neutral,neutral,control,,,
RPM-2005-04-07:215:1,RPM-2005-04-07,dovish,2,1,hawkish,hawkish,control,,,
RPM-2005-04-07:216:1,RPM-2005-04-07,hawkish,2,1,hawkish,hawkish,control,,,
RPM-2005-04-07:217:1,RPM-2005-04-07,hawkish,2,1,hawkish,hawkish,control,,,
RPM-2005-04-07:217:2,RPM-2005-04-07,hawkish,2,1,hawkish,hawkish,control,,,
RPM-2005-04-07:218:1,RPM-2005-04-07,hawkish,2,1,hawkish,hawkish,control,,,
RPM-2005-04-07:219:1,RPM-2005-04-07,hawkish,2,1,hawkish,hawkish,control,,,
RPM-2005-04-07:219:2,RPM-2005-04-07,hawkish,2,1,hawkish,hawkish,control,,,
RPM-2005-04-07:220:1,RPM-2005-04-07,neutral,2,0,neutral,neutral,control,,,
RPM-2005-09-08:390:1,RPM-2005-09-08,hawkish,2,1,hawkish,hawkish,control,,,
RPM-2005-09-08:391:1,RPM-2005-09-08,neutral,2,0,neutral,neutral,control,,,
RPM-2006-01-12:533:1,RPM-2006-01-12,neutral,2,1,hawkish,hawkish,control,,,
RPM-2006-01-12:553:1,RPM-2006-01-12,neutral,2,1,neutral,neutral,control,,,
RPM-2006-01-12:564:1,RPM-2006-01-12,neutral,2,1,neutral,neutral,control,,,
RPM-2006-01-12:567:1,RPM-2006-01-12,neutral,2,1,neutral,neutral,control,,,
RPM-2006-10-12:897:1,RPM-2006-10-12,neutral,2,0,neutral,neutral,control,,,
RPM-2006-10-12:906:1,RPM-2006-10-12,neutral,2,1,neutral,neutral,control,,,
RPM-2006-10-12:919:1,RPM-2006-10-12,neutral,2,1,neutral,neutral,control,,,
RPM-2006-10-12:922:1,RPM-2006-10-12,neutral,2,1,neutral,neutral,control,,,
RPM-2006-10-12:936:1,RPM-2006-10-12,dovish,2,1,dovish,dovish,control,,,
RPM-2007-10-11:1497:1,RPM-2007-10-11,neutral,2,1,neutral,neutral,control,,,
RPM-2007-10-11:1502:1,RPM-2007-10-11,neutral,2,1,neutral,neutral,control,,,
RPM-2007-10-11:1503:3,RPM-2007-10-11,neutral,2,1,neutral,neutral,control,,,
RPM-2007-10-11:1504:2,RPM-2007-10-11,neutral,2,1,neutral,neutral,control,,,
RPM-2007-10-11:1507:1,RPM-2007-10-11,neutral,2,1,neutral,neutral,control,,,
RPM-2007-10-11:1508:3,RPM-2007-10-11,neutral,2,0,neutral,neutral,control,,,
RPM-2007-10-11:1519:1,RPM-2007-10-11,neutral,2,1,hawkish,hawkish,control,,,
RPM-2008-09-04:2050:3,RPM-2008-09-04,neutral,2,1,neutral,neutral,control,,,
RPM-2008-09-04:2067:1,RPM-2008-09-04,neutral,2,1,neutral,neutral,control,,,
RPM-2008-09-04:2073:1,RPM-2008-09-04,neutral,2,1,neutral,neutral,control,,,
RPM-2008-09-04:2086:1,RPM-2008-09-04,hawkish,2,1,hawkish,hawkish,control,,,
RPM-2008-09-04:2094:1,RPM-2008-09-04,hawkish,2,1,hawkish,hawkish,control,,,
RPM-2008-09-04:2095:1,RPM-2008-09-04,hawkish,2,1,hawkish,hawkish,control,,,
RPM-2008-09-04:2099:1,RPM-2008-09-04,hawkish,2,1,hawkish,hawkish,control,,,
RPM-2008-09-04:2100:1,RPM-2008-09-04,neutral,2,0,neutral,neutral,control,,,
RPM-2009-07-09:2629:3,RPM-2009-07-09,neutral,2,1,neutral,neutral,control,,,
RPM-2009-07-09:2637:2,RPM-2009-07-09,neutral,2,1,neutral,neutral,control,,,
RPM-2009-10-13:2715:1,RPM-2009-10-13,neutral,2,0,neutral,neutral,control,,,
RPM-2009-10-13:2718:1,RPM-2009-10-13,neutral,2,1,neutral,neutral,control,,,
RPM-2009-10-13:2726:2,RPM-2009-10-13,neutral,2,1,neutral,neutral,control,,,
RPM-2009-10-13:2728:1,RPM-2009-10-13,neutral,2,0,neutral,neutral,control,,,
RPM-2009-10-13:2729:1,RPM-2009-10-13,neutral,2,1,neutral,neutral,control,,,
RPM-2009-10-13:2734:2,RPM-2009-10-13,neutral,2,1,neutral,neutral,control,,,
RPM-2009-10-13:2747:1,RPM-2009-10-13,neutral,2,0,neutral,neutral,control,,,
RPM-2009-10-13:2757:2,RPM-2009-10-13,dovish,2,1,dovish,dovish,control,,,
RPM-2009-10-13:2758:1,RPM-2009-10-13,dovish,2,1,hawkish,hawkish,control,,,
RPM-2009-12-15:2828:1,RPM-2009-12-15,neutral,2,1,neutral,neutral,control,,,
RPM-2010-09-16:3345:1,RPM-2010-09-16,neutral,2,0,neutral,neutral,control,,,
RPM-2010-09-16:3346:1,RPM-2010-09-16,neutral,2,0,neutral,neutral,control,,,
RPM-2010-09-16:3354:3,RPM-2010-09-16,neutral,2,1,neutral,neutral,control,,,
RPM-2010-09-16:3374:1,RPM-2010-09-16,neutral,2,1,neutral,neutral,control,,,
RPM-2010-09-16:3389:1,RPM-2010-09-16,neutral,2,1,neutral,neutral,control,,,
RPM-2010-09-16:3395:4,RPM-2010-09-16,neutral,2,1,neutral,neutral,control,,,
RPM-2010-09-16:3409:2,RPM-2010-09-16,neutral,2,1,neutral,neutral,control,,,
RPM-2011-01-13:3651:1,RPM-2011-01-13,neutral,2,1,neutral,neutral,control,,,
RPM-2011-01-13:3656:3,RPM-2011-01-13,neutral,2,1,neutral,neutral,control,,,
RPM-2011-01-13:3659:1,RPM-2011-01-13,neutral,2,0,neutral,neutral,control,,,
RPM-2011-01-13:3672:1,RPM-2011-01-13,neutral,2,1,neutral,neutral,control,,,
RPM-2011-01-13:3698:1,RPM-2011-01-13,neutral,2,1,neutral,neutral,control,,,
RPM-2011-01-13:3717:1,RPM-2011-01-13,neutral,2,0,neutral,neutral,control,,,
RPM-2012-03-15:4681:1,RPM-2012-03-15,neutral,2,1,neutral,neutral,control,,,
RPM-2012-03-15:4689:2,RPM-2012-03-15,neutral,2,1,neutral,neutral,control,,,
RPM-2012-03-15:4697:1,RPM-2012-03-15,neutral,2,1,neutral,neutral,control,,,
RPM-2012-03-15:4701:1,RPM-2012-03-15,neutral,2,1,neutral,neutral,control,,,
RPM-2012-03-15:4706:2,RPM-2012-03-15,neutral,2,1,neutral,neutral,control,,,
RPM-2012-03-15:4720:1,RPM-2012-03-15,neutral,2,0,neutral,neutral,control,,,
RPM-2012-03-15:4721:1,RPM-2012-03-15,neutral,2,1,hawkish,hawkish,control,,,
RPM-2013-11-19:5861:1,RPM-2013-11-19,neutral,2,1,neutral,neutral,control,,,
RPM-2013-11-19:5866:1,RPM-2013-11-19,neutral,2,1,neutral,neutral,control,,,
RPM-2013-11-19:5872:1,RPM-2013-11-19,neutral,2,0,neutral,neutral,control,,,
RPM-2013-11-19:5884:3,RPM-2013-11-19,neutral,2,0,neutral,neutral,control,,,
RPM-2013-11-19:5900:1,RPM-2013-11-19,dovish,2,1,dovish,dovish,control,,,
RPM-2013-11-19:5901:1,RPM-2013-11-19,dovish,2,1,dovish,dovish,control,,,
RPM-2014-09-11:6397:1,RPM-2014-09-11,neutral,2,1,neutral,neutral,control,,,
RPM-2014-09-11:6405:1,RPM-2014-09-11,neutral,2,1,neutral,neutral,control,,,
RPM-2014-09-11:6406:1,RPM-2014-09-11,neutral,2,1,neutral,neutral,control,,,
RPM-2014-09-11:6414:1,RPM-2014-09-11,neutral,2,1,neutral,neutral,control,,,
RPM-2014-09-11:6415:3,RPM-2014-09-11,neutral,2,1,neutral,neutral,control,,,
RPM-2014-09-11:6423:1,RPM-2014-09-11,neutral,2,0,neutral,neutral,control,,,
RPM-2014-09-11:6437:1,RPM-2014-09-11,dovish,2,1,dovish,dovish,control,,,
RPM-2015-01-15:6550:1,RPM-2015-01-15,neutral,2,0,neutral,neutral,control,,,
RPM-2015-01-15:6585:1,RPM-2015-01-15,neutral,2,1,dovish,dovish,control,,,
RPM-2015-01-15:6592:1,RPM-2015-01-15,neutral,2,0,neutral,neutral,control,,,
RPM-2005-04-07:207:10,RPM-2005-04-07,neutral,2,0,neutral,neutral,ampliado_59,0.029010677985201353,0.03610533762962532,0.9348839843851734
RPM-2006-01-12:527:1,RPM-2006-01-12,neutral,2,0,neutral,neutral,ampliado_59,0.15558507059260623,0.062457741717451706,0.781957187689942
RPM-2006-01-12:571:1,RPM-2006-01-12,hawkish,2,1,hawkish,hawkish,ampliado_59,0.2591243711512594,0.7113279386531108,0.02954769019562979
RPM-2006-10-12:941:1,RPM-2006-10-12,neutral,2,1,dovish,dovish,ampliado_59,0.5368867020089633,0.29663030277304236,0.16648299521799445
RPM-2007-10-11:1505:1,RPM-2007-10-11,neutral,2,1,neutral,neutral,ampliado_59,0.044497308161643864,0.02135937321731117,0.934143318621045
RPM-2008-09-04:2048:1,RPM-2008-09-04,neutral,2,0,neutral,neutral,ampliado_59,0.10448186060647421,0.10677652720887315,0.7887416121846526
RPM-2008-09-04:2083:1,RPM-2008-09-04,neutral,2,1,neutral,neutral,ampliado_59,0.08348893793686916,0.05060093744159541,0.8659101246215354
RPM-2008-09-04:2088:1,RPM-2008-09-04,hawkish,2,1,dovish,dovish,ampliado_59,0.431955911949071,0.41537185605872134,0.15267223199220747
RPM-2009-07-09:2608:4,RPM-2009-07-09,neutral,2,1,neutral,neutral,ampliado_59,0.057314177803788766,0.057646916176352724,0.8850389060198585
RPM-2009-07-09:2644:2,RPM-2009-07-09,dovish,2,1,dovish,dovish,ampliado_59,0.6097195131660443,0.2035353667373067,0.18674512009664898
RPM-2009-10-13:2714:1,RPM-2009-10-13,neutral,2,0,neutral,neutral,ampliado_59,0.17861906883842657,0.17646359785217472,0.6449173333093987
RPM-2009-10-13:2725:5,RPM-2009-10-13,neutral,2,1,neutral,neutral,ampliado_59,0.055600872615743195,0.029865105227445534,0.9145340221568112
RPM-2009-10-13:2742:1,RPM-2009-10-13,neutral,2,1,neutral,neutral,ampliado_59,0.08601218638227892,0.04553679934094947,0.8684510142767716
RPM-2009-12-15:2809:1,RPM-2009-12-15,neutral,2,1,neutral,neutral,ampliado_59,0.05196385240918924,0.049848991043148154,0.8981871565476627
RPM-2009-12-15:2821:1,RPM-2009-12-15,neutral,2,1,neutral,neutral,ampliado_59,0.0962774009108201,0.059556958314980896,0.844165640774199
RPM-2009-12-15:2823:2,RPM-2009-12-15,neutral,2,1,neutral,neutral,ampliado_59,0.06817298364449002,0.033630147477336336,0.8981968688781735
RPM-2009-12-15:2829:1,RPM-2009-12-15,neutral,2,1,neutral,neutral,ampliado_59,0.0986257729740096,0.07352240301051505,0.8278518240154754
RPM-2010-09-16:3372:1,RPM-2010-09-16,neutral,2,1,neutral,neutral,ampliado_59,0.12409433869420457,0.09635744113819715,0.7795482201675984
RPM-2010-09-16:3388:2,RPM-2010-09-16,neutral,2,1,neutral,neutral,ampliado_59,0.03366684275235691,0.026119596324459895,0.9402135609231832
RPM-2010-09-16:3422:1,RPM-2010-09-16,neutral,2,0,neutral,neutral,ampliado_59,0.04417451602527184,0.028439567660255134,0.927385916314473
RPM-2011-01-13:3695:1,RPM-2011-01-13,neutral,2,1,neutral,neutral,ampliado_59,0.038378224126220564,0.04117899047461511,0.9204427853991644
RPM-2012-03-15:4713:1,RPM-2012-03-15,neutral,2,1,neutral,neutral,ampliado_59,0.060468731254231814,0.059238444818283595,0.8802928239274845
RPM-2012-03-15:4719:6,RPM-2012-03-15,neutral,2,1,neutral,neutral,ampliado_59,0.12873098783958137,0.10292568290614283,0.7683433292542758
RPM-2013-11-19:5864:1,RPM-2013-11-19,neutral,2,1,neutral,neutral,ampliado_59,0.21662917323059133,0.11161695495855972,0.671753871810849
RPM-2013-11-19:5873:1,RPM-2013-11-19,neutral,2,1,neutral,neutral,ampliado_59,0.13839466029075936,0.038658914681707436,0.8229464250275332
RPM-2015-01-15:6562:1,RPM-2015-01-15,neutral,2,1,neutral,neutral,ampliado_59,0.08761738930427249,0.061029748268730054,0.8513528624269974
RPM-2015-01-15:6584:1,RPM-2015-01-15,neutral,2,0,neutral,neutral,ampliado_59,0.21431764961943367,0.10990889756301674,0.6757734528175496
RPM-2015-01-15:6586:3,RPM-2015-01-15,neutral,2,0,neutral,neutral,ampliado_59,0.15899646005514845,0.05601124355334847,0.7849922963915031
RPM-2005-04-07:201:1,RPM-2005-04-07,neutral,2,0,neutral,neutral,ampliado_59,0.08732606867511056,0.050309399628980664,0.8623645316959089
RPM-2005-04-07:202:2,RPM-2005-04-07,neutral,2,1,neutral,neutral,ampliado_59,0.22642676637081316,0.27582547828472914,0.49774775534445775
RPM-2005-04-07:202:3,RPM-2005-04-07,neutral,2,0,neutral,neutral,ampliado_59,0.0530819034587528,0.07560912991094088,0.8713089666303063
RPM-2005-04-07:203:1,RPM-2005-04-07,neutral,2,1,neutral,neutral,ampliado_59,0.09398213739308532,0.07155908596595269,0.834458776640962
RPM-2005-04-07:203:2,RPM-2005-04-07,neutral,2,1,neutral,neutral,ampliado_59,0.0567547345004717,0.060945710852448806,0.8822995546470794
RPM-2005-04-07:203:3,RPM-2005-04-07,neutral,2,1,neutral,neutral,ampliado_59,0.04513621458310961,0.031224876498977504,0.9236389089179128
RPM-2005-04-07:203:4,RPM-2005-04-07,neutral,2,1,neutral,neutral,ampliado_59,0.11086556328307916,0.09949183463278677,0.7896426020841341
RPM-2005-04-07:204:1,RPM-2005-04-07,neutral,2,0,neutral,neutral,ampliado_59,0.03837659845916058,0.04628454938395425,0.9153388521568852
RPM-2005-04-07:204:2,RPM-2005-04-07,neutral,2,1,neutral,neutral,ampliado_59,0.07216160565043281,0.058324608859314,0.8695137854902532
RPM-2005-04-07:204:3,RPM-2005-04-07,neutral,2,1,neutral,neutral,ampliado_59,0.066971296553012,0.047834429868969575,0.8851942735780184
RPM-2005-04-07:205:1,RPM-2005-04-07,neutral,2,1,neutral,neutral,ampliado_59,0.06437492321620533,0.0566287590608196,0.8789963177229752
RPM-2005-04-07:205:3,RPM-2005-04-07,neutral,2,1,neutral,neutral,ampliado_59,0.026410670587935746,0.03281513582453635,0.9407741935875279
RPM-2005-04-07:205:4,RPM-2005-04-07,neutral,2,1,neutral,neutral,ampliado_59,0.1699615604802193,0.06639296938733498,0.7636454701324459
RPM-2005-04-07:205:5,RPM-2005-04-07,neutral,2,1,neutral,neutral,ampliado_59,0.04738216986001695,0.02953443496346599,0.923083395176517
RPM-2005-04-07:206:1,RPM-2005-04-07,neutral,2,1,neutral,neutral,ampliado_59,0.04798734643590954,0.048195827756659745,0.9038168258074306
RPM-2005-04-07:206:2,RPM-2005-04-07,neutral,2,1,neutral,neutral,ampliado_59,0.07213034253870121,0.0631109733102976,0.8647586841510012
RPM-2005-04-07:206:3,RPM-2005-04-07,neutral,2,1,neutral,neutral,ampliado_59,0.08132753835542779,0.10349822805998522,0.8151742335845871
RPM-2005-04-07:206:4,RPM-2005-04-07,neutral,2,0,neutral,neutral,ampliado_59,0.03228448639510887,0.03683161347534185,0.9308839001295492
RPM-2005-04-07:206:5,RPM-2005-04-07,neutral,2,1,neutral,neutral,ampliado_59,0.20498100579247705,0.17286921679107742,0.6221497774164455
RPM-2005-04-07:207:1,RPM-2005-04-07,neutral,2,1,neutral,neutral,ampliado_59,0.0531977786363614,0.02494454436446981,0.9218576769991689
RPM-2005-04-07:207:11,RPM-2005-04-07,neutral,2,1,neutral,neutral,ampliado_59,0.13255616736445328,0.07701853556652138,0.7904252970690253
RPM-2005-04-07:207:12,RPM-2005-04-07,neutral,2,1,neutral,neutral,ampliado_59,0.10796173891509243,0.06506306441836528,0.8269751966665424
RPM-2005-04-07:207:2,RPM-2005-04-07,neutral,2,1,neutral,neutral,ampliado_59,0.03418500239319749,0.03508949936561263,0.9307254982411899
RPM-2005-04-07:207:3,RPM-2005-04-07,neutral,2,1,neutral,neutral,ampliado_59,0.044367925419216206,0.03630206404585422,0.9193300105349297
RPM-2005-04-07:207:4,RPM-2005-04-07,neutral,2,1,neutral,neutral,ampliado_59,0.06545952932276428,0.058031075793280415,0.8765093948839553
RPM-2005-04-07:207:5,RPM-2005-04-07,neutral,2,1,neutral,neutral,ampliado_59,0.03647689646469024,0.03491059610925787,0.928612507426052
RPM-2005-04-07:207:6,RPM-2005-04-07,neutral,2,1,neutral,neutral,ampliado_59,0.024612817795741548,0.024882413985927283,0.9505047682183313
RPM-2005-04-07:207:7,RPM-2005-04-07,neutral,2,1,neutral,neutral,ampliado_59,0.0419292464704793,0.0233107033434081,0.9347600501861126
RPM-2005-04-07:207:8,RPM-2005-04-07,neutral,2,1,neutral,neutral,ampliado_59,0.05013814212047817,0.03734172163907237,0.9125201362404495
RPM-2005-04-07:207:9,RPM-2005-04-07,neutral,2,1,neutral,neutral,ampliado_59,0.06623009613221043,0.0719856496643765,0.8617842542034131
RPM-2005-04-07:208:1,RPM-2005-04-07,neutral,2,1,neutral,neutral,ampliado_59,0.067917722779579,0.03397999236600363,0.8981022848544173
RPM-2005-04-07:209:1,RPM-2005-04-07,neutral,2,1,neutral,neutral,ampliado_59,0.07375174290224194,0.05727602117086812,0.8689722359268899
RPM-2005-04-07:210:1,RPM-2005-04-07,neutral,2,1,neutral,neutral,ampliado_59,0.04348274916602835,0.04348204295022784,0.9130352078837438
RPM-2005-04-07:210:2,RPM-2005-04-07,neutral,2,1,neutral,neutral,ampliado_59,0.169370683236569,0.16997565962973468,0.6606536571336964
RPM-2005-04-07:210:3,RPM-2005-04-07,neutral,2,1,neutral,neutral,ampliado_59,0.09034549634267153,0.06110616245049984,0.8485483412068286
RPM-2005-04-07:211:1,RPM-2005-04-07,neutral,2,1,neutral,neutral,ampliado_59,0.05840170600304834,0.0855270138315087,0.856071280165443
RPM-2005-04-07:212:1,RPM-2005-04-07,neutral,2,0,neutral,neutral,ampliado_59,0.02304321101343777,0.03749781297884456,0.9394589760077177
RPM-2005-04-07:212:2,RPM-2005-04-07,neutral,2,1,neutral,neutral,ampliado_59,0.02584492839884011,0.01728409946320106,0.9568709721379588
RPM-2005-04-07:212:3,RPM-2005-04-07,neutral,2,1,neutral,neutral,ampliado_59,0.1843633162207593,0.12484211730545743,0.6907945664737833
RPM-2005-04-07:212:4,RPM-2005-04-07,neutral,2,1,neutral,neutral,ampliado_59,0.08905681281725372,0.07925065799313338,0.8316925291896128
RPM-2005-04-07:212:5,RPM-2005-04-07,neutral,2,1,neutral,neutral,ampliado_59,0.10800367758821483,0.06582932958306824,0.8261669928287169
RPM-2005-04-07:213:1,RPM-2005-04-07,neutral,2,1,neutral,neutral,ampliado_59,0.060420428362311894,0.05170469382768684,0.8878748778100013
RPM-2005-04-07:213:2,RPM-2005-04-07,neutral,2,1,neutral,neutral,ampliado_59,0.13562733911084282,0.10846002915182484,0.7559126317373324
RPM-2005-04-07:213:3,RPM-2005-04-07,neutral,2,1,neutral,neutral,ampliado_59,0.0576086796003929,0.10959886863248577,0.8327924517671215
RPM-2005-04-07:214:1,RPM-2005-04-07,neutral,2,0,neutral,neutral,ampliado_59,0.04480049297427186,0.06997078751966916,0.8852287195060589
RPM-2005-04-07:214:2,RPM-2005-04-07,neutral,2,0,neutral,neutral,ampliado_59,0.08403683498541714,0.07001562665613309,0.8459475383584498
RPM-2005-04-07:214:3,RPM-2005-04-07,neutral,2,0,neutral,neutral,ampliado_59,0.08038230556574455,0.06616537205070158,0.8534523223835538
RPM-2005-04-07:214:4,RPM-2005-04-07,hawkish,2,1,hawkish,hawkish,ampliado_59,0.060852941897192606,0.9018680975928766,0.03727896050993082
RPM-2005-04-07:214:5,RPM-2005-04-07,neutral,2,0,neutral,neutral,ampliado_59,0.040827755946083844,0.04449849857831285,0.9146737454756032
RPM-2005-04-07:215:1,RPM-2005-04-07,dovish,2,1,hawkish,hawkish,ampliado_59,0.22209701257063008,0.4550768329859655,0.32282615444340446
RPM-2005-04-07:216:1,RPM-2005-04-07,hawkish,2,1,hawkish,hawkish,ampliado_59,0.08188304800347755,0.8875371042512679,0.030579847745254598
RPM-2005-04-07:217:1,RPM-2005-04-07,hawkish,2,1,hawkish,hawkish,ampliado_59,0.26034600724326806,0.6201802098266147,0.1194737829301172
RPM-2005-04-07:217:2,RPM-2005-04-07,hawkish,2,1,hawkish,hawkish,ampliado_59,0.18386181640101568,0.7026209339486922,0.11351724965029222
RPM-2005-04-07:218:1,RPM-2005-04-07,hawkish,2,1,hawkish,hawkish,ampliado_59,0.25801522285988954,0.6454501073715843,0.09653466976852626
RPM-2005-04-07:219:1,RPM-2005-04-07,hawkish,2,1,hawkish,hawkish,ampliado_59,0.0874217255496537,0.8396986979691291,0.07287957648121733
RPM-2005-04-07:219:2,RPM-2005-04-07,hawkish,2,1,hawkish,hawkish,ampliado_59,0.027810854170447524,0.9611445139225698,0.011044631906982509
RPM-2005-04-07:220:1,RPM-2005-04-07,neutral,2,0,neutral,neutral,ampliado_59,0.06024557891517796,0.08076808377286963,0.8589863373119525
RPM-2005-09-08:390:1,RPM-2005-09-08,hawkish,2,1,hawkish,hawkish,ampliado_59,0.08141307505620189,0.8848834290896934,0.03370349585410453
RPM-2005-09-08:391:1,RPM-2005-09-08,neutral,2,0,neutral,neutral,ampliado_59,0.04031293412344992,0.03791072739264013,0.9217763384839099
RPM-2006-01-12:533:1,RPM-2006-01-12,neutral,2,1,hawkish,hawkish,ampliado_59,0.26006212498846587,0.37719677145890695,0.36274110355262723
RPM-2006-01-12:553:1,RPM-2006-01-12,neutral,2,1,neutral,neutral,ampliado_59,0.07037004927808654,0.06734935953708822,0.8622805911848251
RPM-2006-01-12:564:1,RPM-2006-01-12,neutral,2,1,neutral,neutral,ampliado_59,0.14788235032290573,0.0515525964948235,0.8005650531822708
RPM-2006-01-12:567:1,RPM-2006-01-12,neutral,2,1,neutral,neutral,ampliado_59,0.108298894823227,0.09770504907731643,0.7939960560994566
RPM-2006-10-12:897:1,RPM-2006-10-12,neutral,2,0,neutral,neutral,ampliado_59,0.0398433961080295,0.057560734727649936,0.9025958691643206
RPM-2006-10-12:906:1,RPM-2006-10-12,neutral,2,1,neutral,neutral,ampliado_59,0.043551833930590825,0.022760174123061232,0.933687991946348
RPM-2006-10-12:919:1,RPM-2006-10-12,neutral,2,1,neutral,neutral,ampliado_59,0.05935157986731906,0.07724302227348048,0.8634053978592005
RPM-2006-10-12:922:1,RPM-2006-10-12,neutral,2,1,neutral,neutral,ampliado_59,0.12328745735636827,0.114579582984275,0.7621329596593568
RPM-2006-10-12:936:1,RPM-2006-10-12,dovish,2,1,dovish,dovish,ampliado_59,0.44175954378969795,0.12332740546176683,0.43491305074853537
RPM-2007-10-11:1497:1,RPM-2007-10-11,neutral,2,1,neutral,neutral,ampliado_59,0.06073149673892373,0.07086169785629703,0.8684068054047792
RPM-2007-10-11:1502:1,RPM-2007-10-11,neutral,2,1,neutral,neutral,ampliado_59,0.0702142559583892,0.08509285480343921,0.8446928892381715
RPM-2007-10-11:1503:3,RPM-2007-10-11,neutral,2,1,neutral,neutral,ampliado_59,0.050335965496053736,0.09599990770281372,0.8536641268011326
RPM-2007-10-11:1504:2,RPM-2007-10-11,neutral,2,1,neutral,neutral,ampliado_59,0.14934135015559552,0.1552793289835342,0.6953793208608703
RPM-2007-10-11:1507:1,RPM-2007-10-11,neutral,2,1,neutral,neutral,ampliado_59,0.037916254521750445,0.02855511475171654,0.9335286307265331
RPM-2007-10-11:1508:3,RPM-2007-10-11,neutral,2,0,neutral,neutral,ampliado_59,0.12347708526961744,0.08871467546279962,0.787808239267583
RPM-2007-10-11:1519:1,RPM-2007-10-11,neutral,2,1,hawkish,hawkish,ampliado_59,0.24876169058036798,0.6797600311964197,0.07147827822321232
RPM-2008-09-04:2050:3,RPM-2008-09-04,neutral,2,1,neutral,neutral,ampliado_59,0.05504353612869945,0.03116532168457009,0.9137911421867304
RPM-2008-09-04:2067:1,RPM-2008-09-04,neutral,2,1,neutral,neutral,ampliado_59,0.03594342055645158,0.04046508159635782,0.9235914978471906
RPM-2008-09-04:2073:1,RPM-2008-09-04,neutral,2,1,neutral,neutral,ampliado_59,0.0770529272275439,0.04270444304295131,0.8802426297295047
RPM-2008-09-04:2086:1,RPM-2008-09-04,hawkish,2,1,hawkish,hawkish,ampliado_59,0.29026302393489883,0.6400614932079347,0.06967548285716652
RPM-2008-09-04:2094:1,RPM-2008-09-04,hawkish,2,1,hawkish,hawkish,ampliado_59,0.36141643500643267,0.5523291174751166,0.08625444751845075
RPM-2008-09-04:2095:1,RPM-2008-09-04,hawkish,2,1,hawkish,hawkish,ampliado_59,0.24614074751571557,0.7107034538870223,0.043155798597262256
RPM-2008-09-04:2099:1,RPM-2008-09-04,hawkish,2,1,hawkish,hawkish,ampliado_59,0.13727549008907833,0.8263489926240893,0.036375517286832276
RPM-2008-09-04:2100:1,RPM-2008-09-04,neutral,2,0,neutral,neutral,ampliado_59,0.05875492668631227,0.07856548051821068,0.862679592795477
RPM-2009-07-09:2629:3,RPM-2009-07-09,neutral,2,1,neutral,neutral,ampliado_59,0.3098199863484926,0.07953778100662831,0.610642232644879
RPM-2009-07-09:2637:2,RPM-2009-07-09,neutral,2,1,neutral,neutral,ampliado_59,0.24864003042065438,0.35526508776294663,0.396094881816399
RPM-2009-10-13:2715:1,RPM-2009-10-13,neutral,2,0,neutral,neutral,ampliado_59,0.03280723817105489,0.032707706510777146,0.934485055318168
RPM-2009-10-13:2718:1,RPM-2009-10-13,neutral,2,1,neutral,neutral,ampliado_59,0.05961465939322373,0.027391957612119846,0.9129933829946564
RPM-2009-10-13:2726:2,RPM-2009-10-13,neutral,2,1,neutral,neutral,ampliado_59,0.1374580882332194,0.07676263653630655,0.7857792752304741
RPM-2009-10-13:2728:1,RPM-2009-10-13,neutral,2,0,neutral,neutral,ampliado_59,0.032484195111944676,0.031837231124166115,0.9356785737638892
RPM-2009-10-13:2729:1,RPM-2009-10-13,neutral,2,1,neutral,neutral,ampliado_59,0.06599914872661881,0.05648914359741741,0.8775117076759638
RPM-2009-10-13:2734:2,RPM-2009-10-13,neutral,2,1,neutral,neutral,ampliado_59,0.05649527258735595,0.031553491737554014,0.91195123567509
RPM-2009-10-13:2747:1,RPM-2009-10-13,neutral,2,0,neutral,neutral,ampliado_59,0.1519571950481365,0.08363196172330169,0.7644108432285618
RPM-2009-10-13:2757:2,RPM-2009-10-13,dovish,2,1,dovish,dovish,ampliado_59,0.3972844232124501,0.3707881115645434,0.23192746522300653
RPM-2009-10-13:2758:1,RPM-2009-10-13,dovish,2,1,hawkish,hawkish,ampliado_59,0.3357267808388252,0.397294157870424,0.26697906129075083
RPM-2009-12-15:2828:1,RPM-2009-12-15,neutral,2,1,neutral,neutral,ampliado_59,0.1889160713707515,0.12086005353174509,0.6902238750975034
RPM-2010-09-16:3345:1,RPM-2010-09-16,neutral,2,0,neutral,neutral,ampliado_59,0.12047625868691887,0.0513514654409664,0.8281722758721147
RPM-2010-09-16:3346:1,RPM-2010-09-16,neutral,2,0,neutral,neutral,ampliado_59,0.10138088175299251,0.08034235019333659,0.8182767680536709
RPM-2010-09-16:3354:3,RPM-2010-09-16,neutral,2,1,neutral,neutral,ampliado_59,0.04774168780919819,0.035464250389703085,0.9167940618010986
RPM-2010-09-16:3374:1,RPM-2010-09-16,neutral,2,1,neutral,neutral,ampliado_59,0.09601422524887926,0.04958577260052009,0.8544000021506006
RPM-2010-09-16:3389:1,RPM-2010-09-16,neutral,2,1,neutral,neutral,ampliado_59,0.04721341665351357,0.05122794494190483,0.9015586384045816
RPM-2010-09-16:3395:4,RPM-2010-09-16,neutral,2,1,neutral,neutral,ampliado_59,0.04483036476309582,0.03883499579484808,0.9163346394420562
RPM-2010-09-16:3409:2,RPM-2010-09-16,neutral,2,1,neutral,neutral,ampliado_59,0.05427209089366517,0.030245977284437564,0.9154819318218973
RPM-2011-01-13:3651:1,RPM-2011-01-13,neutral,2,1,neutral,neutral,ampliado_59,0.07077291194923482,0.034132211724986886,0.8950948763257783
RPM-2011-01-13:3656:3,RPM-2011-01-13,neutral,2,1,neutral,neutral,ampliado_59,0.04953004335014367,0.048796359605946915,0.9016735970439094
RPM-2011-01-13:3659:1,RPM-2011-01-13,neutral,2,0,neutral,neutral,ampliado_59,0.07030769940625213,0.031123654716012084,0.8985686458777359
RPM-2011-01-13:3672:1,RPM-2011-01-13,neutral,2,1,neutral,neutral,ampliado_59,0.06389718317592825,0.04245331288244026,0.8936495039416315
RPM-2011-01-13:3698:1,RPM-2011-01-13,neutral,2,1,neutral,neutral,ampliado_59,0.06530126417866197,0.0656604206238975,0.8690383151974405
RPM-2011-01-13:3717:1,RPM-2011-01-13,neutral,2,0,neutral,neutral,ampliado_59,0.05853091690073203,0.08019594129388781,0.8612731418053803
RPM-2012-03-15:4681:1,RPM-2012-03-15,neutral,2,1,neutral,neutral,ampliado_59,0.15345668121141354,0.07629185614313258,0.7702514626454539
RPM-2012-03-15:4689:2,RPM-2012-03-15,neutral,2,1,neutral,neutral,ampliado_59,0.1396563333332229,0.14655030450739356,0.7137933621593835
RPM-2012-03-15:4697:1,RPM-2012-03-15,neutral,2,1,neutral,neutral,ampliado_59,0.06174863384611166,0.05626981881310074,0.8819815473407875
RPM-2012-03-15:4701:1,RPM-2012-03-15,neutral,2,1,neutral,neutral,ampliado_59,0.05502456086867207,0.03749553764237483,0.9074799014889532
RPM-2012-03-15:4706:2,RPM-2012-03-15,neutral,2,1,neutral,neutral,ampliado_59,0.07260359807559183,0.04771877289921857,0.8796776290251896
RPM-2012-03-15:4720:1,RPM-2012-03-15,neutral,2,0,neutral,neutral,ampliado_59,0.030054867881784676,0.018486114049756537,0.9514590180684588
RPM-2012-03-15:4721:1,RPM-2012-03-15,neutral,2,1,dovish,dovish,ampliado_59,0.446233524141041,0.3181925679494362,0.23557390790952293
RPM-2013-11-19:5861:1,RPM-2013-11-19,neutral,2,1,neutral,neutral,ampliado_59,0.21199893629981648,0.0944497884189684,0.6935512752812151
RPM-2013-11-19:5866:1,RPM-2013-11-19,neutral,2,1,neutral,neutral,ampliado_59,0.14068549613437378,0.08377732309795441,0.7755371807676719
RPM-2013-11-19:5872:1,RPM-2013-11-19,neutral,2,0,neutral,neutral,ampliado_59,0.031327017052862755,0.02269999987491302,0.9459729830722242
RPM-2013-11-19:5884:3,RPM-2013-11-19,neutral,2,0,neutral,neutral,ampliado_59,0.16282154005032867,0.32482855868573524,0.5123499012639361
RPM-2013-11-19:5900:1,RPM-2013-11-19,dovish,2,1,dovish,dovish,ampliado_59,0.5733863067987679,0.12975697848860082,0.2968567147126313
RPM-2013-11-19:5901:1,RPM-2013-11-19,dovish,2,1,dovish,dovish,ampliado_59,0.7633203656449512,0.15501659766736717,0.08166303668768156
RPM-2014-09-11:6397:1,RPM-2014-09-11,neutral,2,1,neutral,neutral,ampliado_59,0.0918407626213476,0.05148692185934868,0.8566723155193037
RPM-2014-09-11:6405:1,RPM-2014-09-11,neutral,2,1,neutral,neutral,ampliado_59,0.2239852023700387,0.1194457415733137,0.6565690560566476
RPM-2014-09-11:6406:1,RPM-2014-09-11,neutral,2,1,neutral,neutral,ampliado_59,0.05693522498423017,0.025784117208765275,0.9172806578070045
RPM-2014-09-11:6414:1,RPM-2014-09-11,neutral,2,1,neutral,neutral,ampliado_59,0.0929481077270085,0.08823961685121537,0.8188122754217761
RPM-2014-09-11:6415:3,RPM-2014-09-11,neutral,2,1,neutral,neutral,ampliado_59,0.13611568580308686,0.1987688807855288,0.6651154334113843
RPM-2014-09-11:6423:1,RPM-2014-09-11,neutral,2,0,neutral,neutral,ampliado_59,0.21103900050266536,0.10367986553204626,0.6852811339652883
RPM-2014-09-11:6437:1,RPM-2014-09-11,dovish,2,1,dovish,dovish,ampliado_59,0.5416890564009721,0.16369841929781134,0.2946125243012164
RPM-2015-01-15:6550:1,RPM-2015-01-15,neutral,2,0,neutral,neutral,ampliado_59,0.12520398225674037,0.07612102059472056,0.7986749971485391
RPM-2015-01-15:6585:1,RPM-2015-01-15,neutral,2,1,dovish,dovish,ampliado_59,0.5673213240123124,0.2456756339799385,0.18700304200774917
RPM-2015-01-15:6592:1,RPM-2015-01-15,neutral,2,0,neutral,neutral,ampliado_59,0.047669670639573336,0.018871307913959856,0.9334590214464669
RPM-2005-01-11:24:1,RPM-2005-01-11,neutral,3,1,neutral,neutral,control,,,
RPM-2005-01-11:45:1,RPM-2005-01-11,neutral,3,1,neutral,neutral,control,,,
RPM-2005-01-11:48:1,RPM-2005-01-11,neutral,3,1,neutral,neutral,control,,,
RPM-2005-10-11:405:1,RPM-2005-10-11,neutral,3,0,neutral,neutral,control,,,
RPM-2005-10-11:436:1,RPM-2005-10-11,neutral,3,0,neutral,neutral,control,,,
RPM-2006-09-07:835:1,RPM-2006-09-07,neutral,3,1,neutral,neutral,control,,,
RPM-2006-09-07:857:1,RPM-2006-09-07,neutral,3,1,neutral,neutral,control,,,
RPM-2006-09-07:873:1,RPM-2006-09-07,dovish,3,1,dovish,dovish,control,,,
RPM-2006-12-14:1017:1,RPM-2006-12-14,neutral,3,1,dovish,dovish,control,,,
RPM-2007-01-11:1030:1,RPM-2007-01-11,neutral,3,1,neutral,neutral,control,,,
RPM-2007-01-11:1047:5,RPM-2007-01-11,neutral,3,0,neutral,neutral,control,,,
RPM-2007-01-11:1049:3,RPM-2007-01-11,dovish,3,1,neutral,neutral,control,,,
RPM-2008-01-10:1619:2,RPM-2008-01-10,neutral,3,1,neutral,neutral,control,,,
RPM-2008-01-10:1628:2,RPM-2008-01-10,neutral,3,0,neutral,neutral,control,,,
RPM-2009-08-13:2659:1,RPM-2009-08-13,neutral,3,1,neutral,neutral,control,,,
RPM-2010-06-15:3137:1,RPM-2010-06-15,neutral,3,1,neutral,neutral,control,,,
RPM-2010-06-15:3166:1,RPM-2010-06-15,neutral,3,1,neutral,neutral,control,,,
RPM-2010-06-15:3199:1,RPM-2010-06-15,hawkish,3,1,hawkish,hawkish,control,,,
RPM-2011-08-18:4224:2,RPM-2011-08-18,neutral,3,1,neutral,neutral,control,,,
RPM-2011-08-18:4263:1,RPM-2011-08-18,neutral,3,1,neutral,neutral,control,,,
RPM-2011-08-18:4272:1,RPM-2011-08-18,dovish,3,1,hawkish,hawkish,control,,,
RPM-2013-01-17:5306:1,RPM-2013-01-17,neutral,3,1,neutral,neutral,control,,,
RPM-2014-03-13:6057:1,RPM-2014-03-13,neutral,3,0,neutral,neutral,control,,,
RPM-2014-03-13:6075:1,RPM-2014-03-13,neutral,3,0,neutral,neutral,control,,,
RPM-2014-03-13:6103:2,RPM-2014-03-13,neutral,3,1,neutral,neutral,control,,,
RPM-2014-08-14:6389:3,RPM-2014-08-14,dovish,3,1,dovish,dovish,control,,,
RPM-2015-03-19:6680:1,RPM-2015-03-19,neutral,3,0,neutral,neutral,control,,,
RPM-2015-03-19:6681:1,RPM-2015-03-19,dovish,3,1,dovish,dovish,control,,,
RPM-2005-01-11:10:1,RPM-2005-01-11,neutral,3,1,neutral,neutral,control,,,
RPM-2005-01-11:11:1,RPM-2005-01-11,neutral,3,1,neutral,neutral,control,,,
RPM-2005-01-11:12:1,RPM-2005-01-11,neutral,3,1,neutral,neutral,control,,,
RPM-2005-01-11:13:1,RPM-2005-01-11,neutral,3,1,neutral,neutral,control,,,
RPM-2005-01-11:14:1,RPM-2005-01-11,neutral,3,1,neutral,neutral,control,,,
RPM-2005-01-11:15:1,RPM-2005-01-11,neutral,3,1,neutral,neutral,control,,,
RPM-2005-01-11:16:1,RPM-2005-01-11,neutral,3,1,neutral,neutral,control,,,
RPM-2005-01-11:17:1,RPM-2005-01-11,neutral,3,1,neutral,neutral,control,,,
RPM-2005-01-11:18:1,RPM-2005-01-11,neutral,3,1,neutral,neutral,control,,,
RPM-2005-01-11:19:1,RPM-2005-01-11,neutral,3,1,neutral,neutral,control,,,
RPM-2005-01-11:1:1,RPM-2005-01-11,neutral,3,0,neutral,neutral,control,,,
RPM-2005-01-11:20:1,RPM-2005-01-11,neutral,3,1,neutral,neutral,control,,,
RPM-2005-01-11:21:1,RPM-2005-01-11,neutral,3,1,neutral,neutral,control,,,
RPM-2005-01-11:22:1,RPM-2005-01-11,neutral,3,1,neutral,neutral,control,,,
RPM-2005-01-11:23:1,RPM-2005-01-11,neutral,3,1,neutral,neutral,control,,,
RPM-2005-01-11:25:1,RPM-2005-01-11,neutral,3,1,neutral,neutral,control,,,
RPM-2005-01-11:26:1,RPM-2005-01-11,neutral,3,1,neutral,neutral,control,,,
RPM-2005-01-11:27:1,RPM-2005-01-11,neutral,3,1,neutral,neutral,control,,,
RPM-2005-01-11:28:1,RPM-2005-01-11,neutral,3,0,neutral,neutral,control,,,
RPM-2005-01-11:28:2,RPM-2005-01-11,neutral,3,0,neutral,neutral,control,,,
RPM-2005-01-11:29:1,RPM-2005-01-11,neutral,3,1,neutral,neutral,control,,,
RPM-2005-01-11:2:1,RPM-2005-01-11,neutral,3,0,neutral,neutral,control,,,
RPM-2005-01-11:30:1,RPM-2005-01-11,neutral,3,1,neutral,neutral,control,,,
RPM-2005-01-11:31:1,RPM-2005-01-11,neutral,3,1,neutral,neutral,control,,,
RPM-2005-01-11:32:1,RPM-2005-01-11,neutral,3,1,neutral,neutral,control,,,
RPM-2005-01-11:33:1,RPM-2005-01-11,neutral,3,1,neutral,neutral,control,,,
RPM-2005-01-11:34:1,RPM-2005-01-11,neutral,3,1,neutral,neutral,control,,,
RPM-2005-01-11:35:1,RPM-2005-01-11,neutral,3,1,neutral,neutral,control,,,
RPM-2005-01-11:36:1,RPM-2005-01-11,neutral,3,1,neutral,neutral,control,,,
RPM-2005-01-11:37:1,RPM-2005-01-11,neutral,3,0,neutral,neutral,control,,,
RPM-2005-01-11:38:1,RPM-2005-01-11,hawkish,3,1,hawkish,hawkish,control,,,
RPM-2005-01-11:39:1,RPM-2005-01-11,hawkish,3,1,hawkish,hawkish,control,,,
RPM-2005-01-11:3:1,RPM-2005-01-11,neutral,3,1,neutral,neutral,control,,,
RPM-2005-01-11:40:1,RPM-2005-01-11,neutral,3,0,neutral,neutral,control,,,
RPM-2005-01-11:41:1,RPM-2005-01-11,hawkish,3,1,hawkish,hawkish,control,,,
RPM-2005-01-11:42:1,RPM-2005-01-11,neutral,3,1,dovish,dovish,control,,,
RPM-2005-01-11:43:1,RPM-2005-01-11,neutral,3,1,neutral,neutral,control,,,
RPM-2005-01-11:44:1,RPM-2005-01-11,neutral,3,1,neutral,neutral,control,,,
RPM-2005-01-11:46:1,RPM-2005-01-11,hawkish,3,1,neutral,neutral,control,,,
RPM-2005-01-11:47:1,RPM-2005-01-11,neutral,3,0,neutral,neutral,control,,,
RPM-2005-01-11:49:1,RPM-2005-01-11,neutral,3,0,neutral,neutral,control,,,
RPM-2005-01-11:4:1,RPM-2005-01-11,neutral,3,1,neutral,neutral,control,,,
RPM-2005-01-11:50:1,RPM-2005-01-11,hawkish,3,1,hawkish,hawkish,control,,,
RPM-2005-01-11:51:1,RPM-2005-01-11,hawkish,3,1,hawkish,hawkish,control,,,
RPM-2005-01-11:52:1,RPM-2005-01-11,hawkish,3,1,hawkish,hawkish,control,,,
RPM-2005-01-11:53:1,RPM-2005-01-11,hawkish,3,1,hawkish,hawkish,control,,,
RPM-2005-01-11:54:1,RPM-2005-01-11,hawkish,3,1,hawkish,hawkish,control,,,
RPM-2005-01-11:55:1,RPM-2005-01-11,neutral,3,1,neutral,neutral,control,,,
RPM-2005-01-11:56:1,RPM-2005-01-11,hawkish,3,1,neutral,neutral,control,,,
RPM-2005-01-11:57:1,RPM-2005-01-11,hawkish,3,1,hawkish,hawkish,control,,,
RPM-2005-01-11:5:1,RPM-2005-01-11,hawkish,3,1,hawkish,hawkish,control,,,
RPM-2005-01-11:6:1,RPM-2005-01-11,neutral,3,0,neutral,neutral,control,,,
RPM-2005-01-11:7:1,RPM-2005-01-11,neutral,3,1,neutral,neutral,control,,,
RPM-2005-01-11:8:1,RPM-2005-01-11,neutral,3,1,neutral,neutral,control,,,
RPM-2005-01-11:9:1,RPM-2005-01-11,neutral,3,1,neutral,neutral,control,,,
RPM-2005-10-11:437:1,RPM-2005-10-11,neutral,3,0,neutral,neutral,control,,,
RPM-2006-09-07:838:1,RPM-2006-09-07,neutral,3,1,neutral,neutral,control,,,
RPM-2006-09-07:866:1,RPM-2006-09-07,neutral,3,0,neutral,neutral,control,,,
RPM-2006-09-07:867:1,RPM-2006-09-07,dovish,3,1,hawkish,hawkish,control,,,
RPM-2006-12-14:1001:1,RPM-2006-12-14,neutral,3,1,neutral,neutral,control,,,
RPM-2006-12-14:1003:4,RPM-2006-12-14,neutral,3,1,neutral,neutral,control,,,
RPM-2006-12-14:1010:5,RPM-2006-12-14,neutral,3,1,neutral,neutral,control,,,
RPM-2006-12-14:1014:3,RPM-2006-12-14,neutral,3,1,neutral,neutral,control,,,
RPM-2006-12-14:1019:1,RPM-2006-12-14,hawkish,3,1,dovish,dovish,control,,,
RPM-2006-12-14:1021:1,RPM-2006-12-14,neutral,3,0,neutral,neutral,control,,,
RPM-2006-12-14:989:1,RPM-2006-12-14,neutral,3,0,neutral,neutral,control,,,
RPM-2007-01-11:1023:1,RPM-2007-01-11,neutral,3,0,neutral,neutral,control,,,
RPM-2007-01-11:1043:1,RPM-2007-01-11,neutral,3,1,neutral,neutral,control,,,
RPM-2007-01-11:1045:1,RPM-2007-01-11,neutral,3,1,neutral,neutral,control,,,
RPM-2007-01-11:1047:3,RPM-2007-01-11,neutral,3,0,neutral,neutral,control,,,
RPM-2007-01-11:1050:1,RPM-2007-01-11,dovish,3,1,dovish,dovish,control,,,
RPM-2007-01-11:1054:1,RPM-2007-01-11,hawkish,3,1,hawkish,hawkish,control,,,
RPM-2007-01-11:1057:1,RPM-2007-01-11,dovish,3,1,hawkish,hawkish,control,,,
RPM-2007-01-11:1058:1,RPM-2007-01-11,neutral,3,0,neutral,neutral,control,,,
RPM-2008-01-10:1618:1,RPM-2008-01-10,neutral,3,1,neutral,neutral,control,,,
RPM-2008-01-10:1628:1,RPM-2008-01-10,neutral,3,0,neutral,neutral,control,,,
RPM-2008-01-10:1629:1,RPM-2008-01-10,hawkish,3,1,hawkish,hawkish,control,,,
RPM-2008-01-10:1636:1,RPM-2008-01-10,hawkish,3,1,hawkish,hawkish,control,,,
RPM-2008-01-10:1637:1,RPM-2008-01-10,hawkish,3,1,hawkish,hawkish,control,,,
RPM-2009-08-13:2656:1,RPM-2009-08-13,neutral,3,0,neutral,neutral,control,,,
RPM-2009-08-13:2660:1,RPM-2009-08-13,neutral,3,1,neutral,neutral,control,,,
RPM-2009-08-13:2665:1,RPM-2009-08-13,neutral,3,1,neutral,neutral,control,,,
RPM-2009-08-13:2668:1,RPM-2009-08-13,neutral,3,1,neutral,neutral,control,,,
RPM-2009-08-13:2674:3,RPM-2009-08-13,neutral,3,1,neutral,neutral,control,,,
RPM-2009-08-13:2674:5,RPM-2009-08-13,neutral,3,1,neutral,neutral,control,,,
RPM-2009-08-13:2677:1,RPM-2009-08-13,neutral,3,1,neutral,neutral,control,,,
RPM-2009-08-13:2679:1,RPM-2009-08-13,neutral,3,1,neutral,neutral,control,,,
RPM-2009-08-13:2680:3,RPM-2009-08-13,neutral,3,0,neutral,neutral,control,,,
RPM-2009-08-13:2681:1,RPM-2009-08-13,dovish,3,1,dovish,dovish,control,,,
RPM-2009-08-13:2688:1,RPM-2009-08-13,dovish,3,1,dovish,dovish,control,,,
RPM-2010-06-15:3132:2,RPM-2010-06-15,neutral,3,1,neutral,neutral,control,,,
RPM-2010-06-15:3134:1,RPM-2010-06-15,neutral,3,1,neutral,neutral,control,,,
RPM-2010-06-15:3135:1,RPM-2010-06-15,neutral,3,1,neutral,neutral,control,,,
RPM-2010-06-15:3147:1,RPM-2010-06-15,neutral,3,1,neutral,neutral,control,,,
RPM-2010-06-15:3151:1,RPM-2010-06-15,neutral,3,1,neutral,neutral,control,,,
RPM-2010-06-15:3188:1,RPM-2010-06-15,neutral,3,1,neutral,neutral,control,,,
RPM-2010-06-15:3192:1,RPM-2010-06-15,neutral,3,1,neutral,neutral,control,,,
RPM-2011-08-18:4216:1,RPM-2011-08-18,neutral,3,0,neutral,neutral,control,,,
RPM-2011-08-18:4234:2,RPM-2011-08-18,neutral,3,1,neutral,neutral,control,,,
RPM-2011-08-18:4252:2,RPM-2011-08-18,neutral,3,1,neutral,neutral,control,,,
RPM-2011-08-18:4267:2,RPM-2011-08-18,neutral,3,0,neutral,neutral,control,,,
RPM-2011-08-18:4267:3,RPM-2011-08-18,neutral,3,0,neutral,neutral,control,,,
RPM-2011-08-18:4280:1,RPM-2011-08-18,neutral,3,1,hawkish,hawkish,control,,,
RPM-2012-04-17:4743:1,RPM-2012-04-17,neutral,3,1,neutral,neutral,control,,,
RPM-2012-04-17:4749:1,RPM-2012-04-17,neutral,3,1,neutral,neutral,control,,,
RPM-2012-04-17:4770:1,RPM-2012-04-17,neutral,3,1,neutral,neutral,control,,,
RPM-2012-04-17:4771:1,RPM-2012-04-17,neutral,3,1,neutral,neutral,control,,,
RPM-2012-04-17:4778:3,RPM-2012-04-17,neutral,3,0,neutral,neutral,control,,,
RPM-2012-04-17:4779:1,RPM-2012-04-17,neutral,3,0,neutral,neutral,control,,,
RPM-2012-04-17:4788:2,RPM-2012-04-17,neutral,3,1,neutral,neutral,control,,,
RPM-2012-04-17:4790:2,RPM-2012-04-17,neutral,3,1,dovish,dovish,control,,,
RPM-2013-01-17:5279:2,RPM-2013-01-17,neutral,3,1,neutral,neutral,control,,,
RPM-2013-01-17:5283:1,RPM-2013-01-17,neutral,3,1,neutral,neutral,control,,,
RPM-2013-01-17:5302:1,RPM-2013-01-17,neutral,3,1,neutral,neutral,control,,,
RPM-2013-01-17:5322:1,RPM-2013-01-17,neutral,3,1,neutral,neutral,control,,,
RPM-2014-03-13:6063:1,RPM-2014-03-13,neutral,3,1,neutral,neutral,control,,,
RPM-2014-03-13:6087:1,RPM-2014-03-13,neutral,3,1,neutral,neutral,control,,,
RPM-2014-03-13:6093:2,RPM-2014-03-13,neutral,3,0,neutral,neutral,control,,,
RPM-2014-03-13:6112:1,RPM-2014-03-13,neutral,3,1,neutral,neutral,control,,,
RPM-2014-07-15:6319:3,RPM-2014-07-15,neutral,3,1,neutral,neutral,control,,,
RPM-2014-07-15:6325:1,RPM-2014-07-15,dovish,3,1,neutral,neutral,control,,,
RPM-2014-07-15:6337:1,RPM-2014-07-15,neutral,3,0,neutral,neutral,control,,,
RPM-2014-07-15:6340:1,RPM-2014-07-15,dovish,3,1,dovish,dovish,control,,,
RPM-2014-07-15:6340:3,RPM-2014-07-15,dovish,3,1,dovish,dovish,control,,,
RPM-2014-07-15:6341:1,RPM-2014-07-15,neutral,3,0,neutral,neutral,control,,,
RPM-2014-08-14:6368:3,RPM-2014-08-14,neutral,3,1,neutral,neutral,control,,,
RPM-2014-08-14:6369:1,RPM-2014-08-14,neutral,3,1,neutral,neutral,control,,,
RPM-2014-08-14:6386:1,RPM-2014-08-14,dovish,3,1,dovish,dovish,control,,,
RPM-2015-03-19:6664:1,RPM-2015-03-19,neutral,3,1,neutral,neutral,control,,,
RPM-2015-03-19:6671:1,RPM-2015-03-19,neutral,3,1,neutral,neutral,control,,,
RPM-2015-03-19:6682:1,RPM-2015-03-19,neutral,3,0,neutral,neutral,control,,,
RPM-2005-01-11:24:1,RPM-2005-01-11,neutral,3,1,neutral,neutral,ampliado_59,0.040960907436430945,0.04692931862187652,0.9121097739416926
RPM-2005-01-11:45:1,RPM-2005-01-11,neutral,3,1,neutral,neutral,ampliado_59,0.08515679514793255,0.09763995795696642,0.8172032468951009
RPM-2005-01-11:48:1,RPM-2005-01-11,neutral,3,1,neutral,neutral,ampliado_59,0.16007728015213366,0.18556793812632974,0.6543547817215366
RPM-2005-10-11:405:1,RPM-2005-10-11,neutral,3,0,neutral,neutral,ampliado_59,0.047558625247807705,0.03171178804031881,0.9207295867118734
RPM-2005-10-11:436:1,RPM-2005-10-11,neutral,3,0,neutral,neutral,ampliado_59,0.0363352286541171,0.04768954674186228,0.9159752246040206
RPM-2006-09-07:835:1,RPM-2006-09-07,neutral,3,1,neutral,neutral,ampliado_59,0.051319196896749734,0.03204104752941596,0.9166397555738344
RPM-2006-09-07:857:1,RPM-2006-09-07,neutral,3,1,neutral,neutral,ampliado_59,0.05175992767103825,0.0357828872650941,0.9124571850638676
RPM-2006-09-07:873:1,RPM-2006-09-07,dovish,3,1,dovish,dovish,ampliado_59,0.47065916548326286,0.30921399041308417,0.22012684410365282
RPM-2006-12-14:1017:1,RPM-2006-12-14,neutral,3,1,dovish,dovish,ampliado_59,0.5028330015026686,0.32645115522038215,0.17071584327694928
RPM-2007-01-11:1030:1,RPM-2007-01-11,neutral,3,1,neutral,neutral,ampliado_59,0.05042507064079312,0.02129539108598275,0.9282795382732242
RPM-2007-01-11:1047:5,RPM-2007-01-11,neutral,3,0,neutral,neutral,ampliado_59,0.03154541817480647,0.04849574424036852,0.919958837584825
RPM-2007-01-11:1049:3,RPM-2007-01-11,dovish,3,1,dovish,dovish,ampliado_59,0.4494913947759916,0.25051343823375916,0.2999951669902492
RPM-2008-01-10:1619:2,RPM-2008-01-10,neutral,3,1,neutral,neutral,ampliado_59,0.026262265407821728,0.020247246807505906,0.9534904877846724
RPM-2008-01-10:1628:2,RPM-2008-01-10,neutral,3,0,neutral,neutral,ampliado_59,0.1239123292009789,0.13315621780585793,0.7429314529931632
RPM-2009-08-13:2659:1,RPM-2009-08-13,neutral,3,1,neutral,neutral,ampliado_59,0.06633028863965755,0.030298442214981344,0.9033712691453611
RPM-2010-06-15:3137:1,RPM-2010-06-15,neutral,3,1,neutral,neutral,ampliado_59,0.19974601947807008,0.06609544016520558,0.7341585403567243
RPM-2010-06-15:3166:1,RPM-2010-06-15,neutral,3,1,neutral,neutral,ampliado_59,0.03960718350563524,0.0536979106487955,0.9066949058455693
RPM-2010-06-15:3199:1,RPM-2010-06-15,hawkish,3,1,hawkish,hawkish,ampliado_59,0.3672541832665894,0.491304205687674,0.14144161104573666
RPM-2011-08-18:4224:2,RPM-2011-08-18,neutral,3,1,neutral,neutral,ampliado_59,0.05700566378779058,0.06021064785571014,0.8827836883564993
RPM-2011-08-18:4263:1,RPM-2011-08-18,neutral,3,1,neutral,neutral,ampliado_59,0.04683121837882978,0.0492481224328849,0.9039206591882853
RPM-2011-08-18:4272:1,RPM-2011-08-18,dovish,3,1,hawkish,hawkish,ampliado_59,0.3910904190912843,0.3938865711783502,0.21502300973036556
RPM-2013-01-17:5306:1,RPM-2013-01-17,neutral,3,1,neutral,neutral,ampliado_59,0.087177780849933,0.05955399566349463,0.8532682234865724
RPM-2014-03-13:6057:1,RPM-2014-03-13,neutral,3,0,neutral,neutral,ampliado_59,0.1136282990337029,0.03359869340628394,0.8527730075600132
RPM-2014-03-13:6075:1,RPM-2014-03-13,neutral,3,0,neutral,neutral,ampliado_59,0.024692850841890122,0.012678029845094382,0.9626291193130154
RPM-2014-03-13:6103:2,RPM-2014-03-13,neutral,3,1,neutral,neutral,ampliado_59,0.15407795880965197,0.039637648018723146,0.8062843931716248
RPM-2014-08-14:6389:3,RPM-2014-08-14,dovish,3,1,dovish,dovish,ampliado_59,0.6622496726238216,0.09359307477450242,0.2441572526016758
RPM-2015-03-19:6680:1,RPM-2015-03-19,neutral,3,0,neutral,neutral,ampliado_59,0.08862623071622824,0.020101725799368666,0.8912720434844031
RPM-2015-03-19:6681:1,RPM-2015-03-19,dovish,3,1,dovish,dovish,ampliado_59,0.49298777581838493,0.22064706840242515,0.28636515577919003
RPM-2005-01-11:10:1,RPM-2005-01-11,neutral,3,1,neutral,neutral,ampliado_59,0.09249919591832712,0.05272679183420692,0.8547740122474659
RPM-2005-01-11:11:1,RPM-2005-01-11,neutral,3,1,neutral,neutral,ampliado_59,0.07745055635164279,0.05483161259998443,0.8677178310483729
RPM-2005-01-11:12:1,RPM-2005-01-11,neutral,3,1,neutral,neutral,ampliado_59,0.05427456571663197,0.04732348809537857,0.8984019461879894
RPM-2005-01-11:13:1,RPM-2005-01-11,neutral,3,1,neutral,neutral,ampliado_59,0.06853729705505154,0.04388298137334954,0.887579721571599
RPM-2005-01-11:14:1,RPM-2005-01-11,neutral,3,1,neutral,neutral,ampliado_59,0.07999329938805345,0.04473745643910015,0.8752692441728464
RPM-2005-01-11:15:1,RPM-2005-01-11,neutral,3,1,neutral,neutral,ampliado_59,0.07878187601525982,0.04749419131631629,0.873723932668424
RPM-2005-01-11:16:1,RPM-2005-01-11,neutral,3,1,neutral,neutral,ampliado_59,0.028002009539749337,0.021476653752929915,0.9505213367073206
RPM-2005-01-11:17:1,RPM-2005-01-11,neutral,3,1,neutral,neutral,ampliado_59,0.05003084887663341,0.03897306915010207,0.9109960819732645
RPM-2005-01-11:18:1,RPM-2005-01-11,neutral,3,1,neutral,neutral,ampliado_59,0.08759840896253461,0.04084744973492573,0.8715541413025395
RPM-2005-01-11:19:1,RPM-2005-01-11,neutral,3,1,neutral,neutral,ampliado_59,0.05595629653450781,0.050659118205077076,0.8933845852604152
RPM-2005-01-11:1:1,RPM-2005-01-11,neutral,3,0,neutral,neutral,ampliado_59,0.08220174310686147,0.048880121007115154,0.8689181358860233
RPM-2005-01-11:20:1,RPM-2005-01-11,neutral,3,1,neutral,neutral,ampliado_59,0.06220231961215128,0.027492668266429193,0.9103050121214196
RPM-2005-01-11:21:1,RPM-2005-01-11,neutral,3,1,neutral,neutral,ampliado_59,0.0754375537803533,0.053561651596189565,0.871000794623457
RPM-2005-01-11:22:1,RPM-2005-01-11,neutral,3,1,neutral,neutral,ampliado_59,0.05911438371327091,0.052303934591551096,0.888581681695178
RPM-2005-01-11:23:1,RPM-2005-01-11,neutral,3,1,neutral,neutral,ampliado_59,0.07572077751504809,0.06229172029740248,0.8619875021875494
RPM-2005-01-11:25:1,RPM-2005-01-11,neutral,3,1,neutral,neutral,ampliado_59,0.07313306377078692,0.04448218037513446,0.8823847558540786
RPM-2005-01-11:26:1,RPM-2005-01-11,neutral,3,1,neutral,neutral,ampliado_59,0.0721609192479803,0.04949823352402679,0.878340847227993
RPM-2005-01-11:27:1,RPM-2005-01-11,neutral,3,1,neutral,neutral,ampliado_59,0.05011107669959719,0.03965488732073792,0.9102340359796648
RPM-2005-01-11:28:1,RPM-2005-01-11,neutral,3,0,neutral,neutral,ampliado_59,0.035336870049510596,0.046918837592781995,0.9177442923577074
RPM-2005-01-11:28:2,RPM-2005-01-11,neutral,3,0,neutral,neutral,ampliado_59,0.1997580126557858,0.09645211089810315,0.703789876446111
RPM-2005-01-11:29:1,RPM-2005-01-11,neutral,3,1,neutral,neutral,ampliado_59,0.251972264147183,0.10361801855045691,0.6444097173023601
RPM-2005-01-11:2:1,RPM-2005-01-11,neutral,3,0,neutral,neutral,ampliado_59,0.10392309849282276,0.06602547442189478,0.8300514270852825
RPM-2005-01-11:30:1,RPM-2005-01-11,neutral,3,1,neutral,neutral,ampliado_59,0.26924142906262594,0.22639644404691972,0.5043621268904543
RPM-2005-01-11:31:1,RPM-2005-01-11,neutral,3,1,neutral,neutral,ampliado_59,0.10861598316054545,0.057570987745557786,0.8338130290938968
RPM-2005-01-11:32:1,RPM-2005-01-11,neutral,3,1,neutral,neutral,ampliado_59,0.20419695903629279,0.12550388425343947,0.6702991567102677
RPM-2005-01-11:33:1,RPM-2005-01-11,neutral,3,1,neutral,neutral,ampliado_59,0.20747517067558624,0.1290537744573878,0.663471054867026
RPM-2005-01-11:34:1,RPM-2005-01-11,neutral,3,1,neutral,neutral,ampliado_59,0.15955846027329915,0.1269814831025569,0.713460056624144
RPM-2005-01-11:35:1,RPM-2005-01-11,neutral,3,1,neutral,neutral,ampliado_59,0.20854255567990013,0.12310922646104584,0.6683482178590541
RPM-2005-01-11:36:1,RPM-2005-01-11,neutral,3,1,neutral,neutral,ampliado_59,0.22049676926863696,0.11218119063369313,0.6673220400976699
RPM-2005-01-11:37:1,RPM-2005-01-11,neutral,3,0,neutral,neutral,ampliado_59,0.10983072522675702,0.16949233686701334,0.7206769379062297
RPM-2005-01-11:38:1,RPM-2005-01-11,hawkish,3,1,hawkish,hawkish,ampliado_59,0.10110205679389911,0.8520396973745498,0.046858245831551175
RPM-2005-01-11:39:1,RPM-2005-01-11,hawkish,3,1,hawkish,hawkish,ampliado_59,0.13248754901488238,0.5788567273197386,0.288655723665379
RPM-2005-01-11:3:1,RPM-2005-01-11,neutral,3,1,neutral,neutral,ampliado_59,0.21952602130206,0.29171472943788407,0.48875924926005604
RPM-2005-01-11:40:1,RPM-2005-01-11,neutral,3,0,neutral,neutral,ampliado_59,0.038333759916927945,0.037809417310227425,0.9238568227728446
RPM-2005-01-11:41:1,RPM-2005-01-11,hawkish,3,1,hawkish,hawkish,ampliado_59,0.08989425960127612,0.8571347925095127,0.052970947889210966
RPM-2005-01-11:42:1,RPM-2005-01-11,neutral,3,1,dovish,dovish,ampliado_59,0.4344416934838822,0.157805287457907,0.4077530190582108
RPM-2005-01-11:43:1,RPM-2005-01-11,neutral,3,1,neutral,neutral,ampliado_59,0.17319508761136335,0.14851529751654458,0.678289614872092
RPM-2005-01-11:44:1,RPM-2005-01-11,neutral,3,1,neutral,neutral,ampliado_59,0.19588915370930493,0.18000773974605142,0.6241031065446436
RPM-2005-01-11:46:1,RPM-2005-01-11,hawkish,3,1,neutral,neutral,ampliado_59,0.11893030375583019,0.07210738598717888,0.808962310256991
RPM-2005-01-11:47:1,RPM-2005-01-11,neutral,3,0,neutral,neutral,ampliado_59,0.03095053707951005,0.03277157151766734,0.9362778914028227
RPM-2005-01-11:49:1,RPM-2005-01-11,neutral,3,0,neutral,neutral,ampliado_59,0.06817516932477843,0.05832770035152292,0.8734971303236987
RPM-2005-01-11:4:1,RPM-2005-01-11,neutral,3,1,neutral,neutral,ampliado_59,0.1339552567023667,0.21990151342415043,0.6461432298734828
RPM-2005-01-11:50:1,RPM-2005-01-11,hawkish,3,1,hawkish,hawkish,ampliado_59,0.13574906773447828,0.8418690095907212,0.02238192267480052
RPM-2005-01-11:51:1,RPM-2005-01-11,hawkish,3,1,hawkish,hawkish,ampliado_59,0.15338885987429285,0.8084668075945508,0.038144332531156386
RPM-2005-01-11:52:1,RPM-2005-01-11,hawkish,3,1,hawkish,hawkish,ampliado_59,0.21288076977977266,0.7242392273667502,0.06288000285347728
RPM-2005-01-11:53:1,RPM-2005-01-11,hawkish,3,1,hawkish,hawkish,ampliado_59,0.18388762555758933,0.5361642324353562,0.27994814200705453
RPM-2005-01-11:54:1,RPM-2005-01-11,hawkish,3,1,hawkish,hawkish,ampliado_59,0.2502608477923136,0.7127813109140415,0.0369578412936449
RPM-2005-01-11:55:1,RPM-2005-01-11,neutral,3,1,neutral,neutral,ampliado_59,0.07243210765152429,0.34094251910879697,0.5866253732396787
RPM-2005-01-11:56:1,RPM-2005-01-11,hawkish,3,1,neutral,neutral,ampliado_59,0.14201760944466807,0.40592095817366364,0.4520614323816683
RPM-2005-01-11:57:1,RPM-2005-01-11,hawkish,3,1,hawkish,hawkish,ampliado_59,0.10016116775709183,0.7759799964605588,0.12385883578234923
RPM-2005-01-11:5:1,RPM-2005-01-11,hawkish,3,1,hawkish,hawkish,ampliado_59,0.1958848314876568,0.5073315068758708,0.29678366163647246
RPM-2005-01-11:6:1,RPM-2005-01-11,neutral,3,0,neutral,neutral,ampliado_59,0.017831723949266413,0.01468451373900539,0.9674837623117281
RPM-2005-01-11:7:1,RPM-2005-01-11,neutral,3,1,neutral,neutral,ampliado_59,0.06683909460847202,0.03108624271199894,0.9020746626795291
RPM-2005-01-11:8:1,RPM-2005-01-11,neutral,3,1,neutral,neutral,ampliado_59,0.03173510065031401,0.022803430572974674,0.9454614687767113
RPM-2005-01-11:9:1,RPM-2005-01-11,neutral,3,1,neutral,neutral,ampliado_59,0.04205689220185961,0.025232625297047662,0.9327104825010928
RPM-2005-10-11:437:1,RPM-2005-10-11,neutral,3,0,neutral,neutral,ampliado_59,0.1239123292009789,0.13315621780585793,0.7429314529931632
RPM-2006-09-07:838:1,RPM-2006-09-07,neutral,3,1,neutral,neutral,ampliado_59,0.10942424898500212,0.12705482320541214,0.7635209278095858
RPM-2006-09-07:866:1,RPM-2006-09-07,neutral,3,0,neutral,neutral,ampliado_59,0.06337582736136758,0.06796700171954319,0.8686571709190892
RPM-2006-09-07:867:1,RPM-2006-09-07,dovish,3,1,hawkish,hawkish,ampliado_59,0.19379442978903103,0.6272140173993317,0.17899155281163723
RPM-2006-12-14:1001:1,RPM-2006-12-14,neutral,3,1,neutral,neutral,ampliado_59,0.07047768917987138,0.024761434133774803,0.9047608766863539
RPM-2006-12-14:1003:4,RPM-2006-12-14,neutral,3,1,neutral,neutral,ampliado_59,0.05560060560367252,0.030100931265623344,0.9142984631307041
RPM-2006-12-14:1010:5,RPM-2006-12-14,neutral,3,1,neutral,neutral,ampliado_59,0.0772887125907026,0.07664749558280479,0.8460637918264926
RPM-2006-12-14:1014:3,RPM-2006-12-14,neutral,3,1,neutral,neutral,ampliado_59,0.1344319933714373,0.04233353469500981,0.8232344719335528
RPM-2006-12-14:1019:1,RPM-2006-12-14,hawkish,3,1,dovish,dovish,ampliado_59,0.6069330429784824,0.3063795365852568,0.08668742043626088
RPM-2006-12-14:1021:1,RPM-2006-12-14,neutral,3,0,neutral,neutral,ampliado_59,0.06627475461335502,0.05860905409446246,0.8751161912921825
RPM-2006-12-14:989:1,RPM-2006-12-14,neutral,3,0,neutral,neutral,ampliado_59,0.10508510414280792,0.07676297495352159,0.8181519209036705
RPM-2007-01-11:1023:1,RPM-2007-01-11,neutral,3,0,neutral,neutral,ampliado_59,0.10638876163354566,0.07916028345727714,0.8144509549091772
RPM-2007-01-11:1043:1,RPM-2007-01-11,neutral,3,1,neutral,neutral,ampliado_59,0.14698973993161835,0.08846189850675713,0.7645483615616246
RPM-2007-01-11:1045:1,RPM-2007-01-11,neutral,3,1,neutral,neutral,ampliado_59,0.08824250290032565,0.08480272373475806,0.8269547733649163
RPM-2007-01-11:1047:3,RPM-2007-01-11,neutral,3,0,neutral,neutral,ampliado_59,0.06337582736136758,0.06796700171954319,0.8686571709190892
RPM-2007-01-11:1050:1,RPM-2007-01-11,dovish,3,1,dovish,dovish,ampliado_59,0.4191353621112602,0.38918874698236444,0.19167589090637532
RPM-2007-01-11:1054:1,RPM-2007-01-11,hawkish,3,1,hawkish,hawkish,ampliado_59,0.3282245321004994,0.5598501930810262,0.11192527481847436
RPM-2007-01-11:1057:1,RPM-2007-01-11,dovish,3,1,hawkish,hawkish,ampliado_59,0.3557507622174163,0.5194636300591293,0.12478560772345433
RPM-2007-01-11:1058:1,RPM-2007-01-11,neutral,3,0,neutral,neutral,ampliado_59,0.06593151552983524,0.0586862246730745,0.8753822597970903
RPM-2008-01-10:1618:1,RPM-2008-01-10,neutral,3,1,neutral,neutral,ampliado_59,0.10711413469563134,0.10717316633198036,0.7857126989723884
RPM-2008-01-10:1628:1,RPM-2008-01-10,neutral,3,0,neutral,neutral,ampliado_59,0.057707763619689115,0.03166636119655063,0.9106258751837601
RPM-2008-01-10:1629:1,RPM-2008-01-10,hawkish,3,1,hawkish,hawkish,ampliado_59,0.1388417319370204,0.7901003863884694,0.0710578816745102
RPM-2008-01-10:1636:1,RPM-2008-01-10,hawkish,3,1,hawkish,hawkish,ampliado_59,0.23222134794736934,0.6919059376068608,0.07587271444576993
RPM-2008-01-10:1637:1,RPM-2008-01-10,hawkish,3,1,hawkish,hawkish,ampliado_59,0.2247050645938376,0.700548564578485,0.07474637082767749
RPM-2009-08-13:2656:1,RPM-2009-08-13,neutral,3,0,neutral,neutral,ampliado_59,0.11342595192045439,0.05186417726707556,0.83470987081247
RPM-2009-08-13:2660:1,RPM-2009-08-13,neutral,3,1,neutral,neutral,ampliado_59,0.06836400758361019,0.05361636746525077,0.878019624951139
RPM-2009-08-13:2665:1,RPM-2009-08-13,neutral,3,1,neutral,neutral,ampliado_59,0.05984298305414816,0.036595928890048694,0.903561088055803
RPM-2009-08-13:2668:1,RPM-2009-08-13,neutral,3,1,neutral,neutral,ampliado_59,0.07257484113060725,0.05178100260124864,0.8756441562681441
RPM-2009-08-13:2674:3,RPM-2009-08-13,neutral,3,1,neutral,neutral,ampliado_59,0.07414237296649306,0.028579162583983568,0.8972784644495234
RPM-2009-08-13:2674:5,RPM-2009-08-13,neutral,3,1,neutral,neutral,ampliado_59,0.06033994229267407,0.031695334366087013,0.9079647233412389
RPM-2009-08-13:2677:1,RPM-2009-08-13,neutral,3,1,neutral,neutral,ampliado_59,0.17292132288109813,0.07241406816261389,0.7546646089562881
RPM-2009-08-13:2679:1,RPM-2009-08-13,neutral,3,1,neutral,neutral,ampliado_59,0.0820487179567072,0.07585101384655174,0.8421002681967411
RPM-2009-08-13:2680:3,RPM-2009-08-13,neutral,3,0,neutral,neutral,ampliado_59,0.11712745213416628,0.10670843866205856,0.7761641092037752
RPM-2009-08-13:2681:1,RPM-2009-08-13,dovish,3,1,dovish,dovish,ampliado_59,0.5107705137632773,0.3061439003447927,0.18308558589193016
RPM-2009-08-13:2688:1,RPM-2009-08-13,dovish,3,1,dovish,dovish,ampliado_59,0.6857040544600823,0.2493324594494754,0.06496348609044228
RPM-2010-06-15:3132:2,RPM-2010-06-15,neutral,3,1,neutral,neutral,ampliado_59,0.03995380197343025,0.02908153450405795,0.9309646635225117
RPM-2010-06-15:3134:1,RPM-2010-06-15,neutral,3,1,neutral,neutral,ampliado_59,0.04000944555614066,0.02553303611079532,0.934457518333064
RPM-2010-06-15:3135:1,RPM-2010-06-15,neutral,3,1,neutral,neutral,ampliado_59,0.12654422167316337,0.04466202586077581,0.8287937524660609
RPM-2010-06-15:3147:1,RPM-2010-06-15,neutral,3,1,neutral,neutral,ampliado_59,0.04888303126505961,0.02880560536182565,0.9223113633731147
RPM-2010-06-15:3151:1,RPM-2010-06-15,neutral,3,1,neutral,neutral,ampliado_59,0.05383441599710907,0.0486775935769734,0.8974879904259175
RPM-2010-06-15:3188:1,RPM-2010-06-15,neutral,3,1,neutral,neutral,ampliado_59,0.1483966451404706,0.08301688633125263,0.7685864685282767
RPM-2010-06-15:3192:1,RPM-2010-06-15,neutral,3,1,neutral,neutral,ampliado_59,0.07939754270788567,0.1873544470572988,0.7332480102348155
RPM-2011-08-18:4216:1,RPM-2011-08-18,neutral,3,0,neutral,neutral,ampliado_59,0.11798688628158398,0.06948400092231576,0.8125291127961004
RPM-2011-08-18:4234:2,RPM-2011-08-18,neutral,3,1,neutral,neutral,ampliado_59,0.029828576355426836,0.024449884192475138,0.945721539452098
RPM-2011-08-18:4252:2,RPM-2011-08-18,neutral,3,1,neutral,neutral,ampliado_59,0.04441281396015502,0.0315228190739829,0.924064366965862
RPM-2011-08-18:4267:2,RPM-2011-08-18,neutral,3,0,neutral,neutral,ampliado_59,0.13963661604788022,0.11955563638488811,0.7408077475672317
RPM-2011-08-18:4267:3,RPM-2011-08-18,neutral,3,0,neutral,neutral,ampliado_59,0.17158999211856182,0.0759991314280213,0.7524108764534169
RPM-2011-08-18:4280:1,RPM-2011-08-18,neutral,3,1,hawkish,hawkish,ampliado_59,0.4189742195957461,0.48467409805164935,0.09635168235260443
RPM-2012-04-17:4743:1,RPM-2012-04-17,neutral,3,1,neutral,neutral,ampliado_59,0.03979215082098662,0.03422015905438345,0.9259876901246299
RPM-2012-04-17:4749:1,RPM-2012-04-17,neutral,3,1,neutral,neutral,ampliado_59,0.0381883706705118,0.024185711227821566,0.9376259181016667
RPM-2012-04-17:4770:1,RPM-2012-04-17,neutral,3,1,neutral,neutral,ampliado_59,0.03403060900443903,0.04573187597026958,0.9202375150252915
RPM-2012-04-17:4771:1,RPM-2012-04-17,neutral,3,1,neutral,neutral,ampliado_59,0.08431983801346196,0.054800166844173014,0.860879995142365
RPM-2012-04-17:4778:3,RPM-2012-04-17,neutral,3,0,neutral,neutral,ampliado_59,0.14863864096583132,0.25449056698572636,0.5968707920484423
RPM-2012-04-17:4779:1,RPM-2012-04-17,neutral,3,0,neutral,neutral,ampliado_59,0.16598259773167381,0.0707162088069735,0.7633011934613526
RPM-2012-04-17:4788:2,RPM-2012-04-17,neutral,3,1,neutral,neutral,ampliado_59,0.3332814963097879,0.018271034750842904,0.6484474689393693
RPM-2012-04-17:4790:2,RPM-2012-04-17,neutral,3,1,dovish,dovish,ampliado_59,0.6326744128836482,0.21821618264770515,0.14910940446864648
RPM-2013-01-17:5279:2,RPM-2013-01-17,neutral,3,1,neutral,neutral,ampliado_59,0.05286084173499913,0.034517816421166594,0.9126213418438344
RPM-2013-01-17:5283:1,RPM-2013-01-17,neutral,3,1,neutral,neutral,ampliado_59,0.1809850900553656,0.08488439613841946,0.734130513806215
RPM-2013-01-17:5302:1,RPM-2013-01-17,neutral,3,1,neutral,neutral,ampliado_59,0.19198608071010032,0.10228267078412628,0.7057312485057735
RPM-2013-01-17:5322:1,RPM-2013-01-17,neutral,3,1,neutral,neutral,ampliado_59,0.3063603178578798,0.12196740232829863,0.5716722798138215
RPM-2014-03-13:6063:1,RPM-2014-03-13,neutral,3,1,neutral,neutral,ampliado_59,0.06260417315460094,0.02661779568752743,0.9107780311578716
RPM-2014-03-13:6087:1,RPM-2014-03-13,neutral,3,1,neutral,neutral,ampliado_59,0.1371271775827821,0.10595372484079917,0.7569190975764187
RPM-2014-03-13:6093:2,RPM-2014-03-13,neutral,3,0,neutral,neutral,ampliado_59,0.11329020881464248,0.06318935976825985,0.8235204314170976
RPM-2014-03-13:6112:1,RPM-2014-03-13,neutral,3,1,neutral,neutral,ampliado_59,0.11076919870621844,0.039624416575497874,0.8496063847182838
RPM-2014-07-15:6319:3,RPM-2014-07-15,neutral,3,1,neutral,neutral,ampliado_59,0.14496440050326498,0.16593331601574468,0.6891022834809902
RPM-2014-07-15:6325:1,RPM-2014-07-15,dovish,3,1,neutral,neutral,ampliado_59,0.2811486831050939,0.15266885843354255,0.5661824584613635
RPM-2014-07-15:6337:1,RPM-2014-07-15,neutral,3,0,neutral,neutral,ampliado_59,0.04914198518912182,0.0187734584219961,0.9320845563888821
RPM-2014-07-15:6340:1,RPM-2014-07-15,dovish,3,1,dovish,dovish,ampliado_59,0.5365596124904253,0.2640175039781022,0.19942288353147256
RPM-2014-07-15:6340:3,RPM-2014-07-15,dovish,3,1,dovish,dovish,ampliado_59,0.7248266373053822,0.2219157009788502,0.053257661715767686
RPM-2014-07-15:6341:1,RPM-2014-07-15,neutral,3,0,neutral,neutral,ampliado_59,0.06444932772663149,0.06474567283843731,0.8708049994349313
RPM-2014-08-14:6368:3,RPM-2014-08-14,neutral,3,1,neutral,neutral,ampliado_59,0.04896921142788346,0.03534345930302799,0.9156873292690886
RPM-2014-08-14:6369:1,RPM-2014-08-14,neutral,3,1,neutral,neutral,ampliado_59,0.05860262862287087,0.05423174962002206,0.887165621757107
RPM-2014-08-14:6386:1,RPM-2014-08-14,dovish,3,1,dovish,dovish,ampliado_59,0.5068408215232667,0.30098939491304383,0.1921697835636895
RPM-2015-03-19:6664:1,RPM-2015-03-19,neutral,3,1,neutral,neutral,ampliado_59,0.20892162845504575,0.15131783380023744,0.6397605377447168
RPM-2015-03-19:6671:1,RPM-2015-03-19,neutral,3,1,neutral,neutral,ampliado_59,0.06042300393980444,0.027917452817309788,0.9116595432428859
RPM-2015-03-19:6682:1,RPM-2015-03-19,neutral,3,0,neutral,neutral,ampliado_59,0.15233800422979987,0.05499348059974431,0.7926685151704558
RPM-2005-11-10:479:1,RPM-2005-11-10,neutral,4,1,neutral,neutral,control,,,
RPM-2005-11-10:500:1,RPM-2005-11-10,hawkish,4,1,hawkish,hawkish,control,,,
RPM-2005-11-10:503:2,RPM-2005-11-10,neutral,4,0,hawkish,neutral,control,,,
RPM-2006-03-16:601:2,RPM-2006-03-16,neutral,4,1,neutral,neutral,control,,,
RPM-2007-05-10:1233:2,RPM-2007-05-10,neutral,4,1,neutral,neutral,control,,,
RPM-2007-05-10:1241:1,RPM-2007-05-10,neutral,4,1,neutral,neutral,control,,,
RPM-2007-05-10:1261:2,RPM-2007-05-10,neutral,4,1,hawkish,hawkish,control,,,
RPM-2008-02-07:1649:2,RPM-2008-02-07,neutral,4,1,neutral,neutral,control,,,
RPM-2008-02-07:1672:1,RPM-2008-02-07,dovish,4,1,hawkish,hawkish,control,,,
RPM-2008-03-13:1716:1,RPM-2008-03-13,neutral,4,1,neutral,neutral,control,,,
RPM-2008-03-13:1718:12,RPM-2008-03-13,neutral,4,1,neutral,neutral,control,,,
RPM-2008-03-13:1724:1,RPM-2008-03-13,neutral,4,0,neutral,neutral,control,,,
RPM-2008-08-14:2011:1,RPM-2008-08-14,neutral,4,1,neutral,neutral,control,,,
RPM-2008-08-14:2017:1,RPM-2008-08-14,neutral,4,1,neutral,neutral,control,,,
RPM-2008-08-14:2045:1,RPM-2008-08-14,hawkish,4,1,hawkish,hawkish,control,,,
RPM-2009-05-07:2517:1,RPM-2009-05-07,neutral,4,1,neutral,neutral,control,,,
RPM-2009-05-07:2519:1,RPM-2009-05-07,neutral,4,1,neutral,neutral,control,,,
RPM-2009-05-07:2528:2,RPM-2009-05-07,neutral,4,1,neutral,neutral,control,,,
RPM-2009-05-07:2532:2,RPM-2009-05-07,neutral,4,1,neutral,neutral,control,,,
RPM-2012-01-12:4528:1,RPM-2012-01-12,neutral,4,1,neutral,neutral,control,,,
RPM-2012-01-12:4537:2,RPM-2012-01-12,neutral,4,1,neutral,neutral,control,,,
RPM-2012-01-12:4559:1,RPM-2012-01-12,neutral,4,1,neutral,neutral,control,,,
RPM-2012-02-14:4615:1,RPM-2012-02-14,neutral,4,1,neutral,neutral,control,,,
RPM-2012-02-14:4640:1,RPM-2012-02-14,neutral,4,0,neutral,neutral,control,,,
RPM-2012-06-14:4862:1,RPM-2012-06-14,neutral,4,1,neutral,neutral,control,,,
RPM-2012-06-14:4885:3,RPM-2012-06-14,neutral,4,0,neutral,neutral,control,,,
RPM-2012-08-16:4989:1,RPM-2012-08-16,neutral,4,1,neutral,neutral,control,,,
RPM-2012-08-16:5008:1,RPM-2012-08-16,neutral,4,1,neutral,neutral,control,,,
RPM-2013-03-14:5443:1,RPM-2013-03-14,neutral,4,1,dovish,dovish,control,,,
RPM-2013-06-13:5612:1,RPM-2013-06-13,neutral,4,1,neutral,neutral,control,,,
RPM-2013-06-13:5620:1,RPM-2013-06-13,neutral,4,0,neutral,neutral,control,,,
RPM-2013-06-13:5630:1,RPM-2013-06-13,dovish,4,1,dovish,dovish,control,,,
RPM-2013-06-13:5631:1,RPM-2013-06-13,neutral,4,0,neutral,neutral,control,,,
RPM-2013-06-13:5635:1,RPM-2013-06-13,neutral,4,0,neutral,neutral,control,,,
RPM-2015-04-16:6699:1,RPM-2015-04-16,neutral,4,1,neutral,neutral,control,,,
RPM-2015-06-11:6810:1,RPM-2015-06-11,neutral,4,0,neutral,neutral,control,,,
RPM-2015-06-11:6857:2,RPM-2015-06-11,neutral,4,1,dovish,dovish,control,,,
RPM-2015-10-15:7075:1,RPM-2015-10-15,neutral,4,1,neutral,neutral,control,,,
RPM-2015-10-15:7093:1,RPM-2015-10-15,neutral,4,0,neutral,neutral,control,,,
RPM-2015-10-15:7107:1,RPM-2015-10-15,neutral,4,0,neutral,neutral,control,,,
RPM-2015-12-17:7207:1,RPM-2015-12-17,hawkish,4,1,neutral,neutral,control,,,
RPM-2015-12-17:7210:1,RPM-2015-12-17,hawkish,4,1,dovish,dovish,control,,,
RPM-2015-12-17:7211:1,RPM-2015-12-17,neutral,4,0,neutral,neutral,control,,,
RPM-2005-07-12:296:1,RPM-2005-07-12,neutral,4,0,neutral,neutral,control,,,
RPM-2005-07-12:297:1,RPM-2005-07-12,neutral,4,0,neutral,neutral,control,,,
RPM-2005-07-12:308:1,RPM-2005-07-12,hawkish,4,1,hawkish,hawkish,control,,,
RPM-2005-11-10:474:1,RPM-2005-11-10,neutral,4,1,neutral,neutral,control,,,
RPM-2005-11-10:482:1,RPM-2005-11-10,neutral,4,1,neutral,neutral,control,,,
RPM-2005-11-10:491:1,RPM-2005-11-10,neutral,4,0,neutral,neutral,control,,,
RPM-2005-11-10:492:1,RPM-2005-11-10,hawkish,4,1,hawkish,hawkish,control,,,
RPM-2005-11-10:499:1,RPM-2005-11-10,hawkish,4,1,hawkish,hawkish,control,,,
RPM-2005-11-10:503:1,RPM-2005-11-10,hawkish,4,1,hawkish,hawkish,control,,,
RPM-2006-03-16:614:1,RPM-2006-03-16,neutral,4,0,neutral,neutral,control,,,
RPM-2006-03-16:614:3,RPM-2006-03-16,neutral,4,0,neutral,neutral,control,,,
RPM-2006-03-16:619:1,RPM-2006-03-16,neutral,4,0,neutral,neutral,control,,,
RPM-2006-03-16:621:1,RPM-2006-03-16,dovish,4,1,hawkish,hawkish,control,,,
RPM-2006-03-16:625:1,RPM-2006-03-16,hawkish,4,1,hawkish,hawkish,control,,,
RPM-2007-05-10:1223:1,RPM-2007-05-10,neutral,4,0,neutral,neutral,control,,,
RPM-2007-05-10:1226:1,RPM-2007-05-10,neutral,4,1,neutral,neutral,control,,,
RPM-2007-05-10:1227:1,RPM-2007-05-10,neutral,4,1,neutral,neutral,control,,,
RPM-2007-05-10:1227:2,RPM-2007-05-10,neutral,4,1,neutral,neutral,control,,,
RPM-2007-05-10:1246:1,RPM-2007-05-10,neutral,4,1,neutral,neutral,control,,,
RPM-2007-05-10:1251:2,RPM-2007-05-10,neutral,4,0,neutral,neutral,control,,,
RPM-2007-05-10:1251:3,RPM-2007-05-10,neutral,4,0,neutral,neutral,control,,,
RPM-2007-05-10:1251:5,RPM-2007-05-10,neutral,4,0,neutral,neutral,control,,,
RPM-2007-05-10:1254:1,RPM-2007-05-10,hawkish,4,1,hawkish,hawkish,control,,,
RPM-2007-05-10:1260:1,RPM-2007-05-10,neutral,4,1,hawkish,hawkish,control,,,
RPM-2007-05-10:1261:1,RPM-2007-05-10,hawkish,4,1,hawkish,hawkish,control,,,
RPM-2008-02-07:1644:1,RPM-2008-02-07,neutral,4,0,neutral,neutral,control,,,
RPM-2008-02-07:1648:1,RPM-2008-02-07,neutral,4,1,neutral,neutral,control,,,
RPM-2008-02-07:1648:2,RPM-2008-02-07,neutral,4,1,neutral,neutral,control,,,
RPM-2008-02-07:1652:4,RPM-2008-02-07,neutral,4,1,neutral,neutral,control,,,
RPM-2008-02-07:1674:1,RPM-2008-02-07,neutral,4,1,neutral,neutral,control,,,
RPM-2008-02-07:1684:1,RPM-2008-02-07,hawkish,4,1,hawkish,hawkish,control,,,
RPM-2008-03-13:1694:1,RPM-2008-03-13,neutral,4,1,neutral,neutral,control,,,
RPM-2008-03-13:1703:1,RPM-2008-03-13,neutral,4,1,neutral,neutral,control,,,
RPM-2008-03-13:1709:1,RPM-2008-03-13,neutral,4,1,neutral,neutral,control,,,
RPM-2008-03-13:1711:1,RPM-2008-03-13,neutral,4,1,neutral,neutral,control,,,
RPM-2008-03-13:1719:1,RPM-2008-03-13,neutral,4,1,neutral,neutral,control,,,
RPM-2008-03-13:1721:1,RPM-2008-03-13,neutral,4,1,hawkish,hawkish,control,,,
RPM-2008-03-13:1731:1,RPM-2008-03-13,dovish,4,1,dovish,dovish,control,,,
RPM-2008-03-13:1731:2,RPM-2008-03-13,hawkish,4,1,dovish,dovish,control,,,
RPM-2008-03-13:1737:2,RPM-2008-03-13,hawkish,4,1,neutral,neutral,control,,,
RPM-2008-03-13:1739:1,RPM-2008-03-13,neutral,4,1,neutral,neutral,control,,,
RPM-2008-08-14:1980:1,RPM-2008-08-14,neutral,4,0,neutral,neutral,control,,,
RPM-2008-08-14:1994:1,RPM-2008-08-14,neutral,4,1,neutral,neutral,control,,,
RPM-2008-08-14:1994:4,RPM-2008-08-14,neutral,4,1,neutral,neutral,control,,,
RPM-2008-08-14:2016:2,RPM-2008-08-14,neutral,4,1,neutral,neutral,control,,,
RPM-2008-08-14:2026:1,RPM-2008-08-14,neutral,4,1,neutral,neutral,control,,,
RPM-2008-08-14:2027:1,RPM-2008-08-14,neutral,4,1,neutral,neutral,control,,,
RPM-2008-08-14:2041:1,RPM-2008-08-14,hawkish,4,1,hawkish,hawkish,control,,,
RPM-2008-08-14:2042:1,RPM-2008-08-14,hawkish,4,1,hawkish,hawkish,control,,,
RPM-2008-08-14:2044:1,RPM-2008-08-14,hawkish,4,1,hawkish,hawkish,control,,,
RPM-2009-05-07:2505:1,RPM-2009-05-07,neutral,4,0,neutral,neutral,control,,,
RPM-2009-05-07:2525:1,RPM-2009-05-07,neutral,4,1,neutral,neutral,control,,,
RPM-2009-05-07:2529:2,RPM-2009-05-07,neutral,4,1,neutral,neutral,control,,,
RPM-2009-05-07:2530:1,RPM-2009-05-07,neutral,4,1,neutral,neutral,control,,,
RPM-2009-05-07:2532:1,RPM-2009-05-07,neutral,4,1,neutral,neutral,control,,,
RPM-2009-05-07:2532:5,RPM-2009-05-07,neutral,4,1,neutral,neutral,control,,,
RPM-2009-05-07:2534:1,RPM-2009-05-07,neutral,4,1,neutral,neutral,control,,,
RPM-2009-05-07:2535:2,RPM-2009-05-07,neutral,4,1,neutral,neutral,control,,,
RPM-2009-05-07:2537:8,RPM-2009-05-07,neutral,4,1,neutral,neutral,control,,,
RPM-2009-05-07:2538:1,RPM-2009-05-07,neutral,4,1,neutral,neutral,control,,,
RPM-2009-05-07:2541:2,RPM-2009-05-07,neutral,4,0,neutral,neutral,control,,,
RPM-2009-05-07:2550:1,RPM-2009-05-07,dovish,4,1,dovish,dovish,control,,,
RPM-2012-01-12:4520:1,RPM-2012-01-12,neutral,4,0,neutral,neutral,control,,,
RPM-2012-01-12:4525:1,RPM-2012-01-12,neutral,4,1,neutral,neutral,control,,,
RPM-2012-01-12:4531:2,RPM-2012-01-12,neutral,4,1,neutral,neutral,control,,,
RPM-2012-01-12:4555:3,RPM-2012-01-12,neutral,4,1,neutral,neutral,control,,,
RPM-2012-02-14:4577:1,RPM-2012-02-14,neutral,4,1,neutral,neutral,control,,,
RPM-2012-02-14:4584:1,RPM-2012-02-14,neutral,4,1,neutral,neutral,control,,,
RPM-2012-02-14:4586:1,RPM-2012-02-14,neutral,4,1,neutral,neutral,control,,,
RPM-2012-02-14:4611:1,RPM-2012-02-14,neutral,4,1,neutral,neutral,control,,,
RPM-2012-02-14:4620:1,RPM-2012-02-14,neutral,4,1,neutral,neutral,control,,,
RPM-2012-02-14:4628:1,RPM-2012-02-14,neutral,4,1,neutral,neutral,control,,,
RPM-2012-02-14:4633:1,RPM-2012-02-14,neutral,4,1,neutral,neutral,control,,,
RPM-2012-02-14:4648:1,RPM-2012-02-14,neutral,4,1,neutral,neutral,control,,,
RPM-2012-06-14:4863:1,RPM-2012-06-14,neutral,4,0,neutral,neutral,control,,,
RPM-2012-06-14:4890:1,RPM-2012-06-14,neutral,4,0,neutral,neutral,control,,,
RPM-2012-06-14:4897:1,RPM-2012-06-14,neutral,4,1,neutral,neutral,control,,,
RPM-2012-08-16:4976:1,RPM-2012-08-16,neutral,4,1,neutral,neutral,control,,,
RPM-2012-08-16:5012:1,RPM-2012-08-16,neutral,4,1,neutral,neutral,control,,,
RPM-2012-08-16:5030:1,RPM-2012-08-16,neutral,4,0,neutral,neutral,control,,,
RPM-2012-08-16:5039:2,RPM-2012-08-16,neutral,4,0,dovish,neutral,control,,,
RPM-2013-03-14:5412:2,RPM-2013-03-14,neutral,4,1,neutral,neutral,control,,,
RPM-2013-03-14:5421:1,RPM-2013-03-14,neutral,4,1,neutral,neutral,control,,,
RPM-2013-03-14:5430:1,RPM-2013-03-14,neutral,4,1,neutral,neutral,control,,,
RPM-2013-06-13:5578:2,RPM-2013-06-13,neutral,4,1,neutral,neutral,control,,,
RPM-2013-06-13:5599:1,RPM-2013-06-13,neutral,4,1,neutral,neutral,control,,,
RPM-2013-06-13:5626:1,RPM-2013-06-13,neutral,4,1,neutral,neutral,control,,,
RPM-2013-06-13:5632:1,RPM-2013-06-13,dovish,4,1,dovish,dovish,control,,,
RPM-2015-04-16:6696:1,RPM-2015-04-16,neutral,4,1,neutral,neutral,control,,,
RPM-2015-04-16:6698:1,RPM-2015-04-16,neutral,4,1,neutral,neutral,control,,,
RPM-2015-04-16:6706:1,RPM-2015-04-16,neutral,4,1,neutral,neutral,control,,,
RPM-2015-04-16:6737:1,RPM-2015-04-16,neutral,4,1,neutral,neutral,control,,,
RPM-2015-04-16:6741:3,RPM-2015-04-16,neutral,4,0,neutral,neutral,control,,,
RPM-2015-04-16:6744:2,RPM-2015-04-16,dovish,4,1,dovish,dovish,control,,,
RPM-2015-06-11:6824:1,RPM-2015-06-11,neutral,4,0,neutral,neutral,control,,,
RPM-2015-06-11:6839:2,RPM-2015-06-11,neutral,4,1,neutral,neutral,control,,,
RPM-2015-06-11:6854:1,RPM-2015-06-11,dovish,4,1,dovish,dovish,control,,,
RPM-2015-06-11:6856:1,RPM-2015-06-11,neutral,4,1,dovish,dovish,control,,,
RPM-2015-10-15:7058:5,RPM-2015-10-15,neutral,4,1,neutral,neutral,control,,,
RPM-2015-10-15:7063:2,RPM-2015-10-15,neutral,4,1,neutral,neutral,control,,,
RPM-2015-10-15:7068:1,RPM-2015-10-15,neutral,4,1,neutral,neutral,control,,,
RPM-2015-10-15:7080:1,RPM-2015-10-15,neutral,4,1,neutral,neutral,control,,,
RPM-2015-10-15:7097:1,RPM-2015-10-15,neutral,4,1,neutral,neutral,control,,,
RPM-2015-10-15:7097:2,RPM-2015-10-15,neutral,4,0,neutral,neutral,control,,,
RPM-2015-10-15:7097:3,RPM-2015-10-15,neutral,4,0,neutral,neutral,control,,,
RPM-2015-10-15:7103:1,RPM-2015-10-15,neutral,4,0,neutral,neutral,control,,,
RPM-2015-10-15:7110:1,RPM-2015-10-15,hawkish,4,1,hawkish,hawkish,control,,,
RPM-2015-12-17:7162:1,RPM-2015-12-17,neutral,4,1,neutral,neutral,control,,,
RPM-2015-12-17:7163:1,RPM-2015-12-17,neutral,4,1,neutral,neutral,control,,,
RPM-2015-12-17:7169:1,RPM-2015-12-17,neutral,4,1,neutral,neutral,control,,,
RPM-2015-12-17:7175:1,RPM-2015-12-17,neutral,4,1,neutral,neutral,control,,,
RPM-2015-12-17:7191:1,RPM-2015-12-17,neutral,4,1,neutral,neutral,control,,,
RPM-2015-12-17:7192:1,RPM-2015-12-17,neutral,4,1,neutral,neutral,control,,,
RPM-2015-12-17:7194:2,RPM-2015-12-17,neutral,4,1,neutral,neutral,control,,,
RPM-2015-12-17:7211:2,RPM-2015-12-17,dovish,4,1,dovish,dovish,control,,,
RPM-2015-12-17:7212:1,RPM-2015-12-17,hawkish,4,1,dovish,dovish,control,,,
RPM-2005-11-10:479:1,RPM-2005-11-10,neutral,4,1,neutral,neutral,ampliado_59,0.08395475669856975,0.05156171776621194,0.8644835255352183
RPM-2005-11-10:500:1,RPM-2005-11-10,hawkish,4,1,hawkish,hawkish,ampliado_59,0.16648809382744828,0.7959902517069904,0.037521654465561265
RPM-2005-11-10:503:2,RPM-2005-11-10,neutral,4,0,hawkish,neutral,ampliado_59,0.13255939524040336,0.47152226305489475,0.3959183417047019
RPM-2006-03-16:601:2,RPM-2006-03-16,neutral,4,1,neutral,neutral,ampliado_59,0.13690520375174414,0.11770590191698817,0.7453888943312676
RPM-2007-05-10:1233:2,RPM-2007-05-10,neutral,4,1,neutral,neutral,ampliado_59,0.041020482947611785,0.04897816103189158,0.9100013560204966
RPM-2007-05-10:1241:1,RPM-2007-05-10,neutral,4,1,neutral,neutral,ampliado_59,0.046207051060312664,0.04719100641796915,0.9066019425217182
RPM-2007-05-10:1261:2,RPM-2007-05-10,neutral,4,1,hawkish,hawkish,ampliado_59,0.22307213349001073,0.6504057767450472,0.12652208976494211
RPM-2008-02-07:1649:2,RPM-2008-02-07,neutral,4,1,neutral,neutral,ampliado_59,0.05788079725213689,0.036427021023713466,0.9056921817241496
RPM-2008-02-07:1672:1,RPM-2008-02-07,dovish,4,1,hawkish,hawkish,ampliado_59,0.23169871609644538,0.4866198373541289,0.2816814465494256
RPM-2008-03-13:1716:1,RPM-2008-03-13,neutral,4,1,neutral,neutral,ampliado_59,0.039853006719229915,0.03181377918888702,0.9283332140918831
RPM-2008-03-13:1718:12,RPM-2008-03-13,neutral,4,1,neutral,neutral,ampliado_59,0.0726530695114934,0.045771552984834235,0.8815753775036724
RPM-2008-03-13:1724:1,RPM-2008-03-13,neutral,4,0,neutral,neutral,ampliado_59,0.06156794447760237,0.039280372302945885,0.8991516832194518
RPM-2008-08-14:2011:1,RPM-2008-08-14,neutral,4,1,neutral,neutral,ampliado_59,0.0754136248444652,0.04481626394161032,0.8797701112139246
RPM-2008-08-14:2017:1,RPM-2008-08-14,neutral,4,1,neutral,neutral,ampliado_59,0.05575222207128246,0.0644805356202221,0.8797672423084955
RPM-2008-08-14:2045:1,RPM-2008-08-14,hawkish,4,1,hawkish,hawkish,ampliado_59,0.09505053599063501,0.8777545152579523,0.02719494875141274
RPM-2009-05-07:2517:1,RPM-2009-05-07,neutral,4,1,neutral,neutral,ampliado_59,0.08870861111363376,0.058299636516911384,0.8529917523694549
RPM-2009-05-07:2519:1,RPM-2009-05-07,neutral,4,1,neutral,neutral,ampliado_59,0.11360585768754086,0.06795198277471083,0.8184421595377483
RPM-2009-05-07:2528:2,RPM-2009-05-07,neutral,4,1,neutral,neutral,ampliado_59,0.06853862383195605,0.04044471949903251,0.8910166566690114
RPM-2009-05-07:2532:2,RPM-2009-05-07,neutral,4,1,neutral,neutral,ampliado_59,0.05023371750707361,0.024149516765385102,0.9256167657275411
RPM-2012-01-12:4528:1,RPM-2012-01-12,neutral,4,1,neutral,neutral,ampliado_59,0.036610626058804885,0.03402469945644404,0.9293646744847511
RPM-2012-01-12:4537:2,RPM-2012-01-12,neutral,4,1,neutral,neutral,ampliado_59,0.052090522248441955,0.08039411515307963,0.8675153625984785
RPM-2012-01-12:4559:1,RPM-2012-01-12,neutral,4,1,neutral,neutral,ampliado_59,0.12740858387923232,0.05993411470823933,0.8126573014125285
RPM-2012-02-14:4615:1,RPM-2012-02-14,neutral,4,1,neutral,neutral,ampliado_59,0.03458822112212623,0.019504294215687636,0.9459074846621861
RPM-2012-02-14:4640:1,RPM-2012-02-14,neutral,4,0,neutral,neutral,ampliado_59,0.07545228425853288,0.04488042163940649,0.8796672941020607
RPM-2012-06-14:4862:1,RPM-2012-06-14,neutral,4,1,neutral,neutral,ampliado_59,0.1632405338117164,0.19550681446993945,0.6412526517183442
RPM-2012-06-14:4885:3,RPM-2012-06-14,neutral,4,0,neutral,neutral,ampliado_59,0.1604580912027796,0.12753170697535937,0.712010201821861
RPM-2012-08-16:4989:1,RPM-2012-08-16,neutral,4,1,neutral,neutral,ampliado_59,0.10601880941582041,0.06536329033619862,0.8286179002479809
RPM-2012-08-16:5008:1,RPM-2012-08-16,neutral,4,1,neutral,neutral,ampliado_59,0.08741732362584738,0.044692202634225235,0.8678904737399273
RPM-2013-03-14:5443:1,RPM-2013-03-14,neutral,4,1,dovish,dovish,ampliado_59,0.4740550154840221,0.18661662727621217,0.33932835723976573
RPM-2013-06-13:5612:1,RPM-2013-06-13,neutral,4,1,neutral,neutral,ampliado_59,0.1393811801741273,0.09883622414383442,0.7617825956820383
RPM-2013-06-13:5620:1,RPM-2013-06-13,neutral,4,0,neutral,neutral,ampliado_59,0.0912946364728783,0.024390732064549336,0.8843146314625724
RPM-2013-06-13:5630:1,RPM-2013-06-13,dovish,4,1,dovish,dovish,ampliado_59,0.7335368277365063,0.17594706225380466,0.09051611000968922
RPM-2013-06-13:5631:1,RPM-2013-06-13,neutral,4,0,neutral,neutral,ampliado_59,0.05446999893024354,0.021351797219770593,0.9241782038499858
RPM-2013-06-13:5635:1,RPM-2013-06-13,neutral,4,0,neutral,neutral,ampliado_59,0.05340516186991402,0.10251806092183657,0.8440767772082494
RPM-2015-04-16:6699:1,RPM-2015-04-16,neutral,4,1,neutral,neutral,ampliado_59,0.1505132132290563,0.03604891572636286,0.8134378710445809
RPM-2015-06-11:6810:1,RPM-2015-06-11,neutral,4,0,neutral,neutral,ampliado_59,0.1643304498215363,0.0653749904038297,0.7702945597746339
RPM-2015-06-11:6857:2,RPM-2015-06-11,neutral,4,1,dovish,dovish,ampliado_59,0.480610190221965,0.15880244918100414,0.36058736059703084
RPM-2015-10-15:7075:1,RPM-2015-10-15,neutral,4,1,neutral,neutral,ampliado_59,0.0732965162363777,0.055021256738086624,0.8716822270255357
RPM-2015-10-15:7093:1,RPM-2015-10-15,neutral,4,0,neutral,neutral,ampliado_59,0.05094514082753425,0.023778652734802227,0.9252762064376636
RPM-2015-10-15:7107:1,RPM-2015-10-15,neutral,4,0,neutral,neutral,ampliado_59,0.04880585145713595,0.020442187804136414,0.9307519607387276
RPM-2015-12-17:7207:1,RPM-2015-12-17,hawkish,4,1,neutral,neutral,ampliado_59,0.2319658984103509,0.12030019433664457,0.6477339072530045
RPM-2015-12-17:7210:1,RPM-2015-12-17,hawkish,4,1,dovish,dovish,ampliado_59,0.5487471376615346,0.3219474505692684,0.12930541176919702
RPM-2015-12-17:7211:1,RPM-2015-12-17,neutral,4,0,neutral,neutral,ampliado_59,0.1019021417737666,0.02407442407804689,0.8740234341481865
RPM-2005-07-12:296:1,RPM-2005-07-12,neutral,4,0,neutral,neutral,ampliado_59,0.11361659573770158,0.06839691582608635,0.817986488436212
RPM-2005-07-12:297:1,RPM-2005-07-12,neutral,4,0,neutral,neutral,ampliado_59,0.11187871503141283,0.07470194300139442,0.8134193419671928
RPM-2005-07-12:308:1,RPM-2005-07-12,hawkish,4,1,hawkish,hawkish,ampliado_59,0.24074790881536878,0.5261709797664952,0.2330811114181361
RPM-2005-11-10:474:1,RPM-2005-11-10,neutral,4,1,neutral,neutral,ampliado_59,0.16183579570874657,0.08041949271895903,0.7577447115722944
RPM-2005-11-10:482:1,RPM-2005-11-10,neutral,4,1,neutral,neutral,ampliado_59,0.055274226054360706,0.028759214830874995,0.9159665591147643
RPM-2005-11-10:491:1,RPM-2005-11-10,neutral,4,0,neutral,neutral,ampliado_59,0.042777685639439726,0.0490452078639172,0.908177106496643
RPM-2005-11-10:492:1,RPM-2005-11-10,hawkish,4,1,hawkish,hawkish,ampliado_59,0.17555064842205093,0.760330275110331,0.06411907646761804
RPM-2005-11-10:499:1,RPM-2005-11-10,hawkish,4,1,hawkish,hawkish,ampliado_59,0.1860108134260869,0.734455356407726,0.0795338301661872
RPM-2005-11-10:503:1,RPM-2005-11-10,hawkish,4,1,hawkish,hawkish,ampliado_59,0.10609367171715557,0.8452811195485801,0.04862520873426439
RPM-2006-03-16:614:1,RPM-2006-03-16,neutral,4,0,neutral,neutral,ampliado_59,0.039170441509872755,0.04709175772058007,0.9137378007695471
RPM-2006-03-16:614:3,RPM-2006-03-16,neutral,4,0,neutral,neutral,ampliado_59,0.13935022901216879,0.05395718860364145,0.8066925823841898
RPM-2006-03-16:619:1,RPM-2006-03-16,neutral,4,0,neutral,neutral,ampliado_59,0.09273292149296927,0.07492711631045862,0.832339962196572
RPM-2006-03-16:621:1,RPM-2006-03-16,dovish,4,1,hawkish,hawkish,ampliado_59,0.24395265367727276,0.6674329173694958,0.08861442895323139
RPM-2006-03-16:625:1,RPM-2006-03-16,hawkish,4,1,hawkish,hawkish,ampliado_59,0.08121056075899404,0.88653580085123,0.032253638389776004
RPM-2007-05-10:1223:1,RPM-2007-05-10,neutral,4,0,neutral,neutral,ampliado_59,0.17435657100850252,0.09106314240540898,0.7345802865860885
RPM-2007-05-10:1226:1,RPM-2007-05-10,neutral,4,1,neutral,neutral,ampliado_59,0.02772444417935199,0.029505174821324653,0.9427703809993233
RPM-2007-05-10:1227:1,RPM-2007-05-10,neutral,4,1,neutral,neutral,ampliado_59,0.04403044318236974,0.025440011802785455,0.9305295450148449
RPM-2007-05-10:1227:2,RPM-2007-05-10,neutral,4,1,neutral,neutral,ampliado_59,0.049242389763848975,0.020179545592289745,0.9305780646438612
RPM-2007-05-10:1246:1,RPM-2007-05-10,neutral,4,1,neutral,neutral,ampliado_59,0.055352110218092304,0.04263822053386793,0.9020096692480397
RPM-2007-05-10:1251:2,RPM-2007-05-10,neutral,4,0,neutral,neutral,ampliado_59,0.17217487463421516,0.08812095949548363,0.7397041658703013
RPM-2007-05-10:1251:3,RPM-2007-05-10,neutral,4,0,neutral,neutral,ampliado_59,0.08123781367596829,0.07261865299688729,0.8461435333271445
RPM-2007-05-10:1251:5,RPM-2007-05-10,neutral,4,0,neutral,neutral,ampliado_59,0.04515274448846787,0.041842416595941116,0.9130048389155909
RPM-2007-05-10:1254:1,RPM-2007-05-10,hawkish,4,1,hawkish,hawkish,ampliado_59,0.34245841119903897,0.3661492171096393,0.2913923716913217
RPM-2007-05-10:1260:1,RPM-2007-05-10,neutral,4,1,dovish,dovish,ampliado_59,0.40859814435983927,0.38316571771487057,0.2082361379252902
RPM-2007-05-10:1261:1,RPM-2007-05-10,hawkish,4,1,hawkish,hawkish,ampliado_59,0.24539465814300934,0.5075668764522072,0.24703846540478339
RPM-2008-02-07:1644:1,RPM-2008-02-07,neutral,4,0,neutral,neutral,ampliado_59,0.09272055581712028,0.06351403389312253,0.8437654102897572
RPM-2008-02-07:1648:1,RPM-2008-02-07,neutral,4,1,neutral,neutral,ampliado_59,0.06301392169765058,0.028730339307113533,0.9082557389952358
RPM-2008-02-07:1648:2,RPM-2008-02-07,neutral,4,1,neutral,neutral,ampliado_59,0.0266281172121677,0.03717936688159472,0.9361925159062375
RPM-2008-02-07:1652:4,RPM-2008-02-07,neutral,4,1,neutral,neutral,ampliado_59,0.0987531976858809,0.07545463157027393,0.8257921707438451
RPM-2008-02-07:1674:1,RPM-2008-02-07,neutral,4,1,neutral,neutral,ampliado_59,0.03407346218212073,0.0421468216986416,0.9237797161192378
RPM-2008-02-07:1684:1,RPM-2008-02-07,hawkish,4,1,hawkish,hawkish,ampliado_59,0.44733621964064063,0.484366676922007,0.06829710343735246
RPM-2008-03-13:1694:1,RPM-2008-03-13,neutral,4,1,neutral,neutral,ampliado_59,0.20590623823692525,0.03766159295154127,0.7564321688115335
RPM-2008-03-13:1703:1,RPM-2008-03-13,neutral,4,1,neutral,neutral,ampliado_59,0.21077647053857373,0.0898545918274202,0.6993689376340061
RPM-2008-03-13:1709:1,RPM-2008-03-13,neutral,4,1,neutral,neutral,ampliado_59,0.09494501858546676,0.03710204286703458,0.8679529385474987
RPM-2008-03-13:1711:1,RPM-2008-03-13,neutral,4,1,neutral,neutral,ampliado_59,0.1079422964414582,0.10701362651233762,0.7850440770462042
RPM-2008-03-13:1719:1,RPM-2008-03-13,neutral,4,1,neutral,neutral,ampliado_59,0.02600651010934223,0.022370460285444756,0.951623029605213
RPM-2008-03-13:1721:1,RPM-2008-03-13,neutral,4,1,hawkish,hawkish,ampliado_59,0.24438707087854683,0.6443935975209443,0.11121933160050886
RPM-2008-03-13:1731:1,RPM-2008-03-13,dovish,4,1,dovish,dovish,ampliado_59,0.6429352684434033,0.2853242209186013,0.07174051063799543
RPM-2008-03-13:1731:2,RPM-2008-03-13,hawkish,4,1,dovish,dovish,ampliado_59,0.45312710511229115,0.3582009079944956,0.1886719868932132
RPM-2008-03-13:1737:2,RPM-2008-03-13,hawkish,4,1,neutral,neutral,ampliado_59,0.24922974573326726,0.27420961674456146,0.4765606375221713
RPM-2008-03-13:1739:1,RPM-2008-03-13,neutral,4,1,neutral,neutral,ampliado_59,0.2253672515245224,0.18410997797974538,0.5905227704957323
RPM-2008-08-14:1980:1,RPM-2008-08-14,neutral,4,0,neutral,neutral,ampliado_59,0.034655484439743874,0.02307483326702829,0.9422696822932278
RPM-2008-08-14:1994:1,RPM-2008-08-14,neutral,4,1,neutral,neutral,ampliado_59,0.06632786542220877,0.03331590134791967,0.9003562332298716
RPM-2008-08-14:1994:4,RPM-2008-08-14,neutral,4,1,neutral,neutral,ampliado_59,0.16754144397066503,0.10906311861617869,0.7233954374131562
RPM-2008-08-14:2016:2,RPM-2008-08-14,neutral,4,1,neutral,neutral,ampliado_59,0.05599935948400878,0.021681261419753965,0.9223193790962373
RPM-2008-08-14:2026:1,RPM-2008-08-14,neutral,4,1,neutral,neutral,ampliado_59,0.12200337212351421,0.04350964694974558,0.8344869809267402
RPM-2008-08-14:2027:1,RPM-2008-08-14,neutral,4,1,neutral,neutral,ampliado_59,0.0907290665653164,0.05243582818682198,0.8568351052478617
RPM-2008-08-14:2041:1,RPM-2008-08-14,hawkish,4,1,hawkish,hawkish,ampliado_59,0.4557222139613078,0.4638857102561336,0.08039207578255869
RPM-2008-08-14:2042:1,RPM-2008-08-14,hawkish,4,1,hawkish,hawkish,ampliado_59,0.3079299717394846,0.5630988525100443,0.12897117575047107
RPM-2008-08-14:2044:1,RPM-2008-08-14,hawkish,4,1,hawkish,hawkish,ampliado_59,0.40436533409842407,0.4723310880072218,0.12330357789435406
RPM-2009-05-07:2505:1,RPM-2009-05-07,neutral,4,0,neutral,neutral,ampliado_59,0.029758159795414147,0.024406930744822877,0.945834909459763
RPM-2009-05-07:2525:1,RPM-2009-05-07,neutral,4,1,neutral,neutral,ampliado_59,0.14512193124776554,0.04829986395138332,0.8065782048008512
RPM-2009-05-07:2529:2,RPM-2009-05-07,neutral,4,1,neutral,neutral,ampliado_59,0.09179299342766505,0.08860452235172592,0.819602484220609
RPM-2009-05-07:2530:1,RPM-2009-05-07,neutral,4,1,neutral,neutral,ampliado_59,0.11733582458614857,0.044703157762768335,0.837961017651083
RPM-2009-05-07:2532:1,RPM-2009-05-07,neutral,4,1,neutral,neutral,ampliado_59,0.03755137746099713,0.025187615628515084,0.9372610069104879
RPM-2009-05-07:2532:5,RPM-2009-05-07,neutral,4,1,neutral,neutral,ampliado_59,0.05812471272036372,0.046651199497995,0.8952240877816413
RPM-2009-05-07:2534:1,RPM-2009-05-07,neutral,4,1,neutral,neutral,ampliado_59,0.04196475626823039,0.03066037524468039,0.9273748684870892
RPM-2009-05-07:2535:2,RPM-2009-05-07,neutral,4,1,neutral,neutral,ampliado_59,0.11297075202221037,0.08643394893898404,0.8005952990388056
RPM-2009-05-07:2537:8,RPM-2009-05-07,neutral,4,1,neutral,neutral,ampliado_59,0.1063543769588719,0.04039751562496946,0.8532481074161586
RPM-2009-05-07:2538:1,RPM-2009-05-07,neutral,4,1,neutral,neutral,ampliado_59,0.10328110846995994,0.05404954854633197,0.8426693429837081
RPM-2009-05-07:2541:2,RPM-2009-05-07,neutral,4,0,neutral,neutral,ampliado_59,0.20681741820703975,0.12391650867276793,0.6692660731201924
RPM-2009-05-07:2550:1,RPM-2009-05-07,dovish,4,1,dovish,dovish,ampliado_59,0.7893599009833269,0.16555289321925895,0.04508720579741437
RPM-2012-01-12:4520:1,RPM-2012-01-12,neutral,4,0,neutral,neutral,ampliado_59,0.050486454167756024,0.021835009454746004,0.927678536377498
RPM-2012-01-12:4525:1,RPM-2012-01-12,neutral,4,1,neutral,neutral,ampliado_59,0.15484264275105272,0.10991662674551964,0.7352407305034278
RPM-2012-01-12:4531:2,RPM-2012-01-12,neutral,4,1,neutral,neutral,ampliado_59,0.06981160723249936,0.05353722130691598,0.8766511714605846
RPM-2012-01-12:4555:3,RPM-2012-01-12,neutral,4,1,neutral,neutral,ampliado_59,0.05377324802704881,0.024852629568046024,0.9213741224049052
RPM-2012-02-14:4577:1,RPM-2012-02-14,neutral,4,1,neutral,neutral,ampliado_59,0.15790732099794186,0.05836615766012863,0.7837265213419295
RPM-2012-02-14:4584:1,RPM-2012-02-14,neutral,4,1,neutral,neutral,ampliado_59,0.06479595356253348,0.07756593959851334,0.8576381068389531
RPM-2012-02-14:4586:1,RPM-2012-02-14,neutral,4,1,neutral,neutral,ampliado_59,0.06758773118205745,0.05694595006087584,0.8754663187570667
RPM-2012-02-14:4611:1,RPM-2012-02-14,neutral,4,1,neutral,neutral,ampliado_59,0.10197443767913743,0.09445202762778711,0.8035735346930755
RPM-2012-02-14:4620:1,RPM-2012-02-14,neutral,4,1,neutral,neutral,ampliado_59,0.0526995764471978,0.030130435837014528,0.9171699877157877
RPM-2012-02-14:4628:1,RPM-2012-02-14,neutral,4,1,neutral,neutral,ampliado_59,0.042786122797738364,0.04308949264682342,0.9141243845554382
RPM-2012-02-14:4633:1,RPM-2012-02-14,neutral,4,1,neutral,neutral,ampliado_59,0.15550128032984664,0.09511893533321394,0.7493797843369394
RPM-2012-02-14:4648:1,RPM-2012-02-14,neutral,4,1,dovish,dovish,ampliado_59,0.4083922800434006,0.22466707772225455,0.36694064223434475
RPM-2012-06-14:4863:1,RPM-2012-06-14,neutral,4,0,neutral,neutral,ampliado_59,0.03372637263146234,0.01689780267539942,0.9493758246931382
RPM-2012-06-14:4890:1,RPM-2012-06-14,neutral,4,0,neutral,neutral,ampliado_59,0.15205126621679466,0.04781612763854789,0.8001326061446574
RPM-2012-06-14:4897:1,RPM-2012-06-14,neutral,4,1,dovish,dovish,ampliado_59,0.4067977803523177,0.2571367929377808,0.33606542670990136
RPM-2012-08-16:4976:1,RPM-2012-08-16,neutral,4,1,neutral,neutral,ampliado_59,0.12141746262863846,0.05678822368970827,0.8217943136816532
RPM-2012-08-16:5012:1,RPM-2012-08-16,neutral,4,1,neutral,neutral,ampliado_59,0.08188063115406806,0.059263976472197374,0.8588553923737346
RPM-2012-08-16:5030:1,RPM-2012-08-16,neutral,4,0,neutral,neutral,ampliado_59,0.13456836880391013,0.04035044771230177,0.8250811834837881
RPM-2012-08-16:5039:2,RPM-2012-08-16,neutral,4,0,dovish,neutral,ampliado_59,0.742083324786417,0.036148512979015196,0.22176816223456775
RPM-2013-03-14:5412:2,RPM-2013-03-14,neutral,4,1,neutral,neutral,ampliado_59,0.09847789343431014,0.03402913730038244,0.8674929692653074
RPM-2013-03-14:5421:1,RPM-2013-03-14,neutral,4,1,neutral,neutral,ampliado_59,0.07172079028335701,0.03677042324303586,0.891508786473607
RPM-2013-03-14:5430:1,RPM-2013-03-14,neutral,4,1,neutral,neutral,ampliado_59,0.22377709504851442,0.10535895827489139,0.6708639466765942
RPM-2013-06-13:5578:2,RPM-2013-06-13,neutral,4,1,neutral,neutral,ampliado_59,0.02849081622101044,0.021270179276975602,0.9502390045020139
RPM-2013-06-13:5599:1,RPM-2013-06-13,neutral,4,1,neutral,neutral,ampliado_59,0.06551516247672216,0.02774041541546547,0.9067444221078124
RPM-2013-06-13:5626:1,RPM-2013-06-13,neutral,4,1,neutral,neutral,ampliado_59,0.37933261012438624,0.16315788629895686,0.4575095035766569
RPM-2013-06-13:5632:1,RPM-2013-06-13,dovish,4,1,dovish,dovish,ampliado_59,0.662908095181449,0.15411327947571338,0.1829786253428376
RPM-2015-04-16:6696:1,RPM-2015-04-16,neutral,4,1,neutral,neutral,ampliado_59,0.07009670677097549,0.04092020480553792,0.8889830884234866
RPM-2015-04-16:6698:1,RPM-2015-04-16,neutral,4,1,neutral,neutral,ampliado_59,0.078185699573714,0.06830994452765692,0.853504355898629
RPM-2015-04-16:6706:1,RPM-2015-04-16,neutral,4,1,neutral,neutral,ampliado_59,0.0669280910878428,0.023629862605963406,0.9094420463061937
RPM-2015-04-16:6737:1,RPM-2015-04-16,neutral,4,1,neutral,neutral,ampliado_59,0.06868524962123718,0.030440731339666318,0.9008740190390966
RPM-2015-04-16:6741:3,RPM-2015-04-16,neutral,4,0,neutral,neutral,ampliado_59,0.12992710711265276,0.1659608020549035,0.7041120908324436
RPM-2015-04-16:6744:2,RPM-2015-04-16,dovish,4,1,dovish,dovish,ampliado_59,0.5068480461637246,0.17698916500348627,0.3161627888327892
RPM-2015-06-11:6824:1,RPM-2015-06-11,neutral,4,0,neutral,neutral,ampliado_59,0.0625975954533608,0.027824029133210672,0.9095783754134286
RPM-2015-06-11:6839:2,RPM-2015-06-11,neutral,4,1,neutral,neutral,ampliado_59,0.03541455593097655,0.025055703744066286,0.9395297403249572
RPM-2015-06-11:6854:1,RPM-2015-06-11,dovish,4,1,dovish,dovish,ampliado_59,0.4984859753781247,0.29855892146782553,0.2029551031540497
RPM-2015-06-11:6856:1,RPM-2015-06-11,neutral,4,1,dovish,dovish,ampliado_59,0.4101280126069875,0.2575295727530761,0.33234241463993636
RPM-2015-10-15:7058:5,RPM-2015-10-15,neutral,4,1,neutral,neutral,ampliado_59,0.05411505784543285,0.04413462814037468,0.9017503140141925
RPM-2015-10-15:7063:2,RPM-2015-10-15,neutral,4,1,neutral,neutral,ampliado_59,0.07212775177478692,0.041953205800784106,0.8859190424244289
RPM-2015-10-15:7068:1,RPM-2015-10-15,neutral,4,1,neutral,neutral,ampliado_59,0.23994831381270806,0.10093903231422466,0.6591126538730673
RPM-2015-10-15:7080:1,RPM-2015-10-15,neutral,4,1,neutral,neutral,ampliado_59,0.1710626897586076,0.09262977226811317,0.7363075379732791
RPM-2015-10-15:7097:1,RPM-2015-10-15,neutral,4,1,neutral,neutral,ampliado_59,0.38242180387946634,0.17019528236723686,0.44738291375329675
RPM-2015-10-15:7097:2,RPM-2015-10-15,neutral,4,0,neutral,neutral,ampliado_59,0.18685296452993247,0.11708499880640517,0.6960620366636623
RPM-2015-10-15:7097:3,RPM-2015-10-15,neutral,4,0,neutral,neutral,ampliado_59,0.26663575939822004,0.14350720399721426,0.5898570366045657
RPM-2015-10-15:7103:1,RPM-2015-10-15,neutral,4,0,neutral,neutral,ampliado_59,0.167265457734758,0.056307183848632085,0.7764273584166099
RPM-2015-10-15:7110:1,RPM-2015-10-15,hawkish,4,1,hawkish,hawkish,ampliado_59,0.1540697231590751,0.7888689295417589,0.05706134729916589
RPM-2015-12-17:7162:1,RPM-2015-12-17,neutral,4,1,neutral,neutral,ampliado_59,0.07348238358995651,0.056286727912185676,0.8702308884978578
RPM-2015-12-17:7163:1,RPM-2015-12-17,neutral,4,1,neutral,neutral,ampliado_59,0.24481279149242924,0.14148255606395813,0.6137046524436126
RPM-2015-12-17:7169:1,RPM-2015-12-17,neutral,4,1,neutral,neutral,ampliado_59,0.039346218121997414,0.032252916971212284,0.9284008649067902
RPM-2015-12-17:7175:1,RPM-2015-12-17,neutral,4,1,neutral,neutral,ampliado_59,0.1054415460910054,0.04211028088160079,0.8524481730273938
RPM-2015-12-17:7191:1,RPM-2015-12-17,neutral,4,1,neutral,neutral,ampliado_59,0.04452671055738395,0.0287994867745935,0.9266738026680226
RPM-2015-12-17:7192:1,RPM-2015-12-17,neutral,4,1,neutral,neutral,ampliado_59,0.05596681685273354,0.03056231191151631,0.9134708712357502
RPM-2015-12-17:7194:2,RPM-2015-12-17,neutral,4,1,neutral,neutral,ampliado_59,0.09570508285543657,0.04692894257027689,0.8573659745742865
RPM-2015-12-17:7211:2,RPM-2015-12-17,dovish,4,1,dovish,dovish,ampliado_59,0.427445139139631,0.18511028193512696,0.38744457892524203
RPM-2015-12-17:7212:1,RPM-2015-12-17,hawkish,4,1,dovish,dovish,ampliado_59,0.4898537543081772,0.4385110440300179,0.07163520166180508
RPM-2006-02-09:587:9,RPM-2006-02-09,neutral,5,0,neutral,neutral,control,,,
RPM-2006-07-13:745:6,RPM-2006-07-13,neutral,5,1,neutral,neutral,control,,,
RPM-2006-07-13:761:1,RPM-2006-07-13,neutral,5,1,neutral,neutral,control,,,
RPM-2007-02-08:1087:1,RPM-2007-02-08,neutral,5,1,neutral,neutral,control,,,
RPM-2007-02-08:1103:1,RPM-2007-02-08,neutral,5,0,neutral,neutral,control,,,
RPM-2007-12-13:1577:1,RPM-2007-12-13,neutral,5,1,neutral,neutral,control,,,
RPM-2007-12-13:1582:2,RPM-2007-12-13,neutral,5,1,neutral,neutral,control,,,
RPM-2007-12-13:1587:2,RPM-2007-12-13,neutral,5,1,neutral,neutral,control,,,
RPM-2007-12-13:1590:1,RPM-2007-12-13,neutral,5,1,neutral,neutral,control,,,
RPM-2007-12-13:1594:2,RPM-2007-12-13,neutral,5,1,neutral,neutral,control,,,
RPM-2007-12-13:1596:1,RPM-2007-12-13,neutral,5,1,neutral,neutral,control,,,
RPM-2007-12-13:1608:3,RPM-2007-12-13,neutral,5,0,neutral,neutral,control,,,
RPM-2008-05-08:1808:1,RPM-2008-05-08,neutral,5,1,neutral,neutral,control,,,
RPM-2008-05-08:1841:1,RPM-2008-05-08,neutral,5,0,neutral,neutral,control,,,
RPM-2010-02-11:2911:2,RPM-2010-02-11,neutral,5,1,neutral,neutral,control,,,
RPM-2010-02-11:2918:2,RPM-2010-02-11,neutral,5,1,neutral,neutral,control,,,
RPM-2010-02-11:2933:1,RPM-2010-02-11,neutral,5,1,neutral,neutral,control,,,
RPM-2010-02-11:2947:4,RPM-2010-02-11,neutral,5,1,neutral,neutral,control,,,
RPM-2010-02-11:2957:3,RPM-2010-02-11,neutral,5,0,neutral,neutral,control,,,
RPM-2010-04-15:3042:1,RPM-2010-04-15,neutral,5,1,neutral,neutral,control,,,
RPM-2010-04-15:3044:3,RPM-2010-04-15,neutral,5,1,neutral,neutral,control,,,
RPM-2010-04-15:3051:4,RPM-2010-04-15,neutral,5,1,neutral,neutral,control,,,
RPM-2010-10-14:3439:3,RPM-2010-10-14,neutral,5,1,neutral,neutral,control,,,
RPM-2010-10-14:3467:1,RPM-2010-10-14,neutral,5,1,neutral,neutral,control,,,
RPM-2010-10-14:3476:2,RPM-2010-10-14,neutral,5,1,neutral,neutral,control,,,
RPM-2010-10-14:3476:3,RPM-2010-10-14,neutral,5,1,neutral,neutral,control,,,
RPM-2010-10-14:3493:1,RPM-2010-10-14,neutral,5,0,neutral,neutral,control,,,
RPM-2011-11-15:4413:2,RPM-2011-11-15,neutral,5,1,neutral,neutral,control,,,
RPM-2011-11-15:4419:1,RPM-2011-11-15,neutral,5,1,neutral,neutral,control,,,
RPM-2011-11-15:4428:1,RPM-2011-11-15,neutral,5,1,neutral,neutral,control,,,
RPM-2011-11-15:4433:2,RPM-2011-11-15,neutral,5,1,neutral,neutral,control,,,
RPM-2011-11-15:4434:1,RPM-2011-11-15,neutral,5,1,neutral,neutral,control,,,
RPM-2011-11-15:4444:3,RPM-2011-11-15,neutral,5,0,neutral,neutral,control,,,
RPM-2011-11-15:4456:2,RPM-2011-11-15,neutral,5,0,neutral,neutral,control,,,
RPM-2012-05-17:4812:1,RPM-2012-05-17,neutral,5,1,neutral,neutral,control,,,
RPM-2012-05-17:4825:1,RPM-2012-05-17,neutral,5,1,neutral,neutral,control,,,
RPM-2012-09-13:5044:1,RPM-2012-09-13,neutral,5,1,neutral,neutral,control,,,
RPM-2012-09-13:5084:2,RPM-2012-09-13,neutral,5,1,neutral,neutral,control,,,
RPM-2014-01-16:5977:1,RPM-2014-01-16,neutral,5,1,neutral,neutral,control,,,
RPM-2014-01-16:5987:1,RPM-2014-01-16,neutral,5,1,neutral,neutral,control,,,
RPM-2014-01-16:5991:2,RPM-2014-01-16,neutral,5,0,neutral,neutral,control,,,
RPM-2014-01-16:6006:3,RPM-2014-01-16,dovish,5,1,dovish,dovish,control,,,
RPM-2014-05-15:6181:1,RPM-2014-05-15,neutral,5,0,neutral,neutral,control,,,
RPM-2015-08-13:6955:1,RPM-2015-08-13,neutral,5,1,neutral,neutral,control,,,
RPM-2015-08-13:6962:1,RPM-2015-08-13,neutral,5,0,neutral,neutral,control,,,
RPM-2015-08-13:6969:1,RPM-2015-08-13,dovish,5,1,dovish,dovish,control,,,
RPM-2015-09-15:6980:1,RPM-2015-09-15,neutral,5,0,neutral,neutral,control,,,
RPM-2015-09-15:7045:1,RPM-2015-09-15,hawkish,5,1,dovish,dovish,control,,,
RPM-2006-02-09:581:2,RPM-2006-02-09,neutral,5,1,neutral,neutral,control,,,
RPM-2006-02-09:582:1,RPM-2006-02-09,neutral,5,1,neutral,neutral,control,,,
RPM-2006-02-09:583:1,RPM-2006-02-09,neutral,5,1,neutral,neutral,control,,,
RPM-2006-02-09:587:10,RPM-2006-02-09,neutral,5,0,neutral,neutral,control,,,
RPM-2006-02-09:595:1,RPM-2006-02-09,neutral,5,0,neutral,neutral,control,,,
RPM-2006-07-13:745:4,RPM-2006-07-13,neutral,5,1,neutral,neutral,control,,,
RPM-2006-07-13:752:1,RPM-2006-07-13,neutral,5,1,neutral,neutral,control,,,
RPM-2006-07-13:758:1,RPM-2006-07-13,neutral,5,1,neutral,neutral,control,,,
RPM-2006-07-13:762:2,RPM-2006-07-13,neutral,5,1,neutral,neutral,control,,,
RPM-2006-07-13:769:2,RPM-2006-07-13,neutral,5,1,neutral,neutral,control,,,
RPM-2006-07-13:770:1,RPM-2006-07-13,neutral,5,0,neutral,neutral,control,,,
RPM-2006-07-13:770:3,RPM-2006-07-13,neutral,5,0,neutral,neutral,control,,,
RPM-2006-07-13:772:1,RPM-2006-07-13,hawkish,5,1,hawkish,hawkish,control,,,
RPM-2006-07-13:774:1,RPM-2006-07-13,neutral,5,1,hawkish,hawkish,control,,,
RPM-2006-07-13:775:1,RPM-2006-07-13,dovish,5,1,dovish,dovish,control,,,
RPM-2006-07-13:779:1,RPM-2006-07-13,hawkish,5,1,hawkish,hawkish,control,,,
RPM-2006-07-13:780:3,RPM-2006-07-13,hawkish,5,1,hawkish,hawkish,control,,,
RPM-2006-07-13:780:4,RPM-2006-07-13,hawkish,5,1,hawkish,hawkish,control,,,
RPM-2007-02-08:1066:1,RPM-2007-02-08,neutral,5,1,neutral,neutral,control,,,
RPM-2007-02-08:1074:1,RPM-2007-02-08,neutral,5,1,neutral,neutral,control,,,
RPM-2007-02-08:1083:1,RPM-2007-02-08,neutral,5,1,neutral,neutral,control,,,
RPM-2007-02-08:1090:4,RPM-2007-02-08,neutral,5,1,hawkish,hawkish,control,,,
RPM-2007-02-08:1102:1,RPM-2007-02-08,hawkish,5,1,neutral,neutral,control,,,
RPM-2007-03-15:1105:1,RPM-2007-03-15,neutral,5,0,neutral,neutral,control,,,
RPM-2007-03-15:1117:1,RPM-2007-03-15,neutral,5,1,neutral,neutral,control,,,
RPM-2007-03-15:1123:1,RPM-2007-03-15,neutral,5,1,neutral,neutral,control,,,
RPM-2007-03-15:1133:1,RPM-2007-03-15,neutral,5,1,neutral,neutral,control,,,
RPM-2007-03-15:1134:1,RPM-2007-03-15,neutral,5,1,neutral,neutral,control,,,
RPM-2007-03-15:1149:1,RPM-2007-03-15,dovish,5,1,neutral,neutral,control,,,
RPM-2007-03-15:1156:1,RPM-2007-03-15,neutral,5,0,neutral,neutral,control,,,
RPM-2007-03-15:1161:1,RPM-2007-03-15,dovish,5,1,dovish,dovish,control,,,
RPM-2007-03-15:1165:1,RPM-2007-03-15,hawkish,5,1,hawkish,hawkish,control,,,
RPM-2007-03-15:1167:1,RPM-2007-03-15,hawkish,5,1,neutral,neutral,control,,,
RPM-2007-12-13:1596:2,RPM-2007-12-13,neutral,5,1,neutral,neutral,control,,,
RPM-2007-12-13:1602:1,RPM-2007-12-13,neutral,5,1,hawkish,hawkish,control,,,
RPM-2007-12-13:1607:2,RPM-2007-12-13,dovish,5,1,dovish,dovish,control,,,
RPM-2007-12-13:1611:1,RPM-2007-12-13,hawkish,5,1,hawkish,hawkish,control,,,
RPM-2007-12-13:1613:1,RPM-2007-12-13,hawkish,5,1,hawkish,hawkish,control,,,
RPM-2007-12-13:1614:1,RPM-2007-12-13,hawkish,5,1,hawkish,hawkish,control,,,
RPM-2008-05-08:1786:1,RPM-2008-05-08,neutral,5,0,neutral,neutral,control,,,
RPM-2008-05-08:1789:1,RPM-2008-05-08,neutral,5,1,neutral,neutral,control,,,
RPM-2008-05-08:1818:4,RPM-2008-05-08,neutral,5,1,neutral,neutral,control,,,
RPM-2008-05-08:1828:2,RPM-2008-05-08,neutral,5,1,neutral,neutral,control,,,
RPM-2008-05-08:1837:1,RPM-2008-05-08,neutral,5,1,neutral,neutral,control,,,
RPM-2008-05-08:1848:1,RPM-2008-05-08,dovish,5,1,dovish,dovish,control,,,
RPM-2010-02-11:2897:1,RPM-2010-02-11,neutral,5,1,neutral,neutral,control,,,
RPM-2010-02-11:2915:1,RPM-2010-02-11,neutral,5,1,neutral,neutral,control,,,
RPM-2010-02-11:2915:4,RPM-2010-02-11,neutral,5,1,neutral,neutral,control,,,
RPM-2010-02-11:2931:3,RPM-2010-02-11,neutral,5,1,neutral,neutral,control,,,
RPM-2010-02-11:2932:1,RPM-2010-02-11,neutral,5,1,neutral,neutral,control,,,
RPM-2010-02-11:2943:1,RPM-2010-02-11,neutral,5,1,neutral,neutral,control,,,
RPM-2010-02-11:2958:2,RPM-2010-02-11,neutral,5,0,neutral,neutral,control,,,
RPM-2010-02-11:2962:2,RPM-2010-02-11,neutral,5,0,neutral,neutral,control,,,
RPM-2010-04-15:3063:2,RPM-2010-04-15,neutral,5,1,neutral,neutral,control,,,
RPM-2010-04-15:3065:1,RPM-2010-04-15,neutral,5,1,neutral,neutral,control,,,
RPM-2010-04-15:3076:1,RPM-2010-04-15,hawkish,5,1,hawkish,hawkish,control,,,
RPM-2010-10-14:3434:3,RPM-2010-10-14,neutral,5,1,neutral,neutral,control,,,
RPM-2010-10-14:3435:1,RPM-2010-10-14,neutral,5,1,neutral,neutral,control,,,
RPM-2010-10-14:3449:4,RPM-2010-10-14,neutral,5,1,neutral,neutral,control,,,
RPM-2010-10-14:3476:5,RPM-2010-10-14,neutral,5,0,neutral,neutral,control,,,
RPM-2010-10-14:3491:1,RPM-2010-10-14,hawkish,5,1,dovish,dovish,control,,,
RPM-2010-10-14:3492:1,RPM-2010-10-14,hawkish,5,1,hawkish,hawkish,control,,,
RPM-2011-09-15:4314:2,RPM-2011-09-15,neutral,5,1,neutral,neutral,control,,,
RPM-2011-09-15:4319:1,RPM-2011-09-15,neutral,5,1,neutral,neutral,control,,,
RPM-2011-09-15:4329:1,RPM-2011-09-15,dovish,5,1,dovish,dovish,control,,,
RPM-2011-09-15:4332:1,RPM-2011-09-15,dovish,5,1,dovish,dovish,control,,,
RPM-2011-09-15:4333:1,RPM-2011-09-15,dovish,5,1,neutral,neutral,control,,,
RPM-2011-11-15:4410:1,RPM-2011-11-15,neutral,5,1,neutral,neutral,control,,,
RPM-2011-11-15:4420:1,RPM-2011-11-15,neutral,5,1,neutral,neutral,control,,,
RPM-2011-11-15:4433:3,RPM-2011-11-15,neutral,5,1,neutral,neutral,control,,,
RPM-2011-11-15:4437:3,RPM-2011-11-15,neutral,5,1,neutral,neutral,control,,,
RPM-2011-11-15:4438:1,RPM-2011-11-15,neutral,5,0,neutral,neutral,control,,,
RPM-2012-05-17:4793:1,RPM-2012-05-17,neutral,5,0,neutral,neutral,control,,,
RPM-2012-05-17:4822:1,RPM-2012-05-17,neutral,5,1,neutral,neutral,control,,,
RPM-2012-09-13:5060:1,RPM-2012-09-13,neutral,5,1,neutral,neutral,control,,,
RPM-2012-09-13:5068:1,RPM-2012-09-13,neutral,5,1,neutral,neutral,control,,,
RPM-2012-09-13:5075:1,RPM-2012-09-13,neutral,5,1,neutral,neutral,control,,,
RPM-2012-09-13:5086:1,RPM-2012-09-13,neutral,5,0,neutral,neutral,control,,,
RPM-2012-09-13:5089:1,RPM-2012-09-13,neutral,5,1,dovish,dovish,control,,,
RPM-2014-01-16:5968:1,RPM-2014-01-16,neutral,5,1,neutral,neutral,control,,,
RPM-2014-01-16:5971:1,RPM-2014-01-16,neutral,5,0,neutral,neutral,control,,,
RPM-2014-01-16:5972:1,RPM-2014-01-16,neutral,5,1,neutral,neutral,control,,,
RPM-2014-01-16:5975:1,RPM-2014-01-16,neutral,5,1,neutral,neutral,control,,,
RPM-2014-01-16:5990:1,RPM-2014-01-16,neutral,5,1,neutral,neutral,control,,,
RPM-2014-01-16:5999:1,RPM-2014-01-16,neutral,5,0,neutral,neutral,control,,,
RPM-2014-05-15:6189:1,RPM-2014-05-15,neutral,5,1,neutral,neutral,control,,,
RPM-2014-05-15:6193:1,RPM-2014-05-15,neutral,5,1,neutral,neutral,control,,,
RPM-2014-05-15:6195:3,RPM-2014-05-15,neutral,5,1,neutral,neutral,control,,,
RPM-2014-05-15:6202:1,RPM-2014-05-15,neutral,5,1,neutral,neutral,control,,,
RPM-2014-05-15:6207:1,RPM-2014-05-15,neutral,5,1,neutral,neutral,control,,,
RPM-2014-05-15:6212:1,RPM-2014-05-15,neutral,5,1,neutral,neutral,control,,,
RPM-2014-05-15:6214:1,RPM-2014-05-15,neutral,5,1,neutral,neutral,control,,,
RPM-2014-05-15:6218:1,RPM-2014-05-15,neutral,5,1,neutral,neutral,control,,,
RPM-2014-05-15:6220:1,RPM-2014-05-15,neutral,5,1,neutral,neutral,control,,,
RPM-2014-05-15:6221:1,RPM-2014-05-15,neutral,5,0,neutral,neutral,control,,,
RPM-2014-05-15:6229:1,RPM-2014-05-15,neutral,5,0,neutral,neutral,control,,,
RPM-2014-05-15:6233:1,RPM-2014-05-15,neutral,5,1,neutral,neutral,control,,,
RPM-2014-05-15:6234:1,RPM-2014-05-15,dovish,5,1,dovish,dovish,control,,,
RPM-2015-02-12:6620:1,RPM-2015-02-12,neutral,5,1,neutral,neutral,control,,,
RPM-2015-02-12:6624:1,RPM-2015-02-12,neutral,5,1,neutral,neutral,control,,,
RPM-2015-08-13:6921:1,RPM-2015-08-13,neutral,5,0,neutral,neutral,control,,,
RPM-2015-08-13:6925:1,RPM-2015-08-13,neutral,5,1,neutral,neutral,control,,,
RPM-2015-08-13:6937:1,RPM-2015-08-13,neutral,5,1,neutral,neutral,control,,,
RPM-2015-08-13:6965:1,RPM-2015-08-13,dovish,5,1,hawkish,hawkish,control,,,
RPM-2015-09-15:6990:1,RPM-2015-09-15,neutral,5,1,neutral,neutral,control,,,
RPM-2015-09-15:6996:1,RPM-2015-09-15,neutral,5,1,neutral,neutral,control,,,
RPM-2015-09-15:7003:2,RPM-2015-09-15,neutral,5,0,neutral,neutral,control,,,
RPM-2015-09-15:7011:1,RPM-2015-09-15,neutral,5,1,neutral,neutral,control,,,
RPM-2015-09-15:7015:1,RPM-2015-09-15,neutral,5,1,neutral,neutral,control,,,
RPM-2015-09-15:7021:1,RPM-2015-09-15,neutral,5,1,neutral,neutral,control,,,
RPM-2006-02-09:587:9,RPM-2006-02-09,neutral,5,0,neutral,neutral,ampliado_59,0.09982263970504665,0.16535409072650475,0.7348232695684486
RPM-2006-07-13:745:6,RPM-2006-07-13,neutral,5,1,neutral,neutral,ampliado_59,0.06625683063891226,0.053398883533837836,0.8803442858272499
RPM-2006-07-13:761:1,RPM-2006-07-13,neutral,5,1,neutral,neutral,ampliado_59,0.08332104487423242,0.04218475504630093,0.8744942000794667
RPM-2007-02-08:1087:1,RPM-2007-02-08,neutral,5,1,neutral,neutral,ampliado_59,0.18303077487553776,0.12472498261453946,0.6922442425099228
RPM-2007-02-08:1103:1,RPM-2007-02-08,neutral,5,0,neutral,neutral,ampliado_59,0.060121638037955914,0.07645102214717718,0.863427339814867
RPM-2007-12-13:1577:1,RPM-2007-12-13,neutral,5,1,neutral,neutral,ampliado_59,0.03251742491045141,0.03463475025549045,0.9328478248340583
RPM-2007-12-13:1582:2,RPM-2007-12-13,neutral,5,1,neutral,neutral,ampliado_59,0.042885101558167785,0.026327694100944665,0.9307872043408875
RPM-2007-12-13:1587:2,RPM-2007-12-13,neutral,5,1,neutral,neutral,ampliado_59,0.17829488502653473,0.2520197347074133,0.569685380266052
RPM-2007-12-13:1590:1,RPM-2007-12-13,neutral,5,1,neutral,neutral,ampliado_59,0.060933058846925334,0.028307912130945603,0.9107590290221291
RPM-2007-12-13:1594:2,RPM-2007-12-13,neutral,5,1,neutral,neutral,ampliado_59,0.07305329556461143,0.04078178333105673,0.886164921104332
RPM-2007-12-13:1596:1,RPM-2007-12-13,neutral,5,1,neutral,neutral,ampliado_59,0.07635694787210334,0.03421873534557979,0.8894243167823168
RPM-2007-12-13:1608:3,RPM-2007-12-13,neutral,5,0,neutral,neutral,ampliado_59,0.058977510462061546,0.03039136581823853,0.9106311237196999
RPM-2008-05-08:1808:1,RPM-2008-05-08,neutral,5,1,neutral,neutral,ampliado_59,0.054661209144711925,0.0602298107451505,0.8851089801101375
RPM-2008-05-08:1841:1,RPM-2008-05-08,neutral,5,0,neutral,neutral,ampliado_59,0.06884900976583909,0.03249099351880339,0.8986599967153576
RPM-2010-02-11:2911:2,RPM-2010-02-11,neutral,5,1,neutral,neutral,ampliado_59,0.0284070723482401,0.03204355527129383,0.9395493723804662
RPM-2010-02-11:2918:2,RPM-2010-02-11,neutral,5,1,neutral,neutral,ampliado_59,0.06594630688626456,0.043746712950737544,0.8903069801629979
RPM-2010-02-11:2933:1,RPM-2010-02-11,neutral,5,1,neutral,neutral,ampliado_59,0.0752065016121553,0.04692558247668532,0.8778679159111594
RPM-2010-02-11:2947:4,RPM-2010-02-11,neutral,5,1,neutral,neutral,ampliado_59,0.05484399052121625,0.044526247066257595,0.9006297624125262
RPM-2010-02-11:2957:3,RPM-2010-02-11,neutral,5,0,neutral,neutral,ampliado_59,0.07021861645636197,0.053213865258375875,0.8765675182852622
RPM-2010-04-15:3042:1,RPM-2010-04-15,neutral,5,1,neutral,neutral,ampliado_59,0.04219250008070202,0.018854552955400714,0.9389529469638972
RPM-2010-04-15:3044:3,RPM-2010-04-15,neutral,5,1,neutral,neutral,ampliado_59,0.07758529076607901,0.03242267313458898,0.8899920360993321
RPM-2010-04-15:3051:4,RPM-2010-04-15,neutral,5,1,neutral,neutral,ampliado_59,0.04708080817456484,0.05602279068522052,0.8968964011402146
RPM-2010-10-14:3439:3,RPM-2010-10-14,neutral,5,1,neutral,neutral,ampliado_59,0.17908852577425502,0.059080659174512114,0.7618308150512328
RPM-2010-10-14:3467:1,RPM-2010-10-14,neutral,5,1,neutral,neutral,ampliado_59,0.05421391253025122,0.024895231406380846,0.920890856063368
RPM-2010-10-14:3476:2,RPM-2010-10-14,neutral,5,1,neutral,neutral,ampliado_59,0.08121426539981996,0.05108001605390722,0.8677057185462728
RPM-2010-10-14:3476:3,RPM-2010-10-14,neutral,5,1,neutral,neutral,ampliado_59,0.1990813187179321,0.24137419370627403,0.5595444875757939
RPM-2010-10-14:3493:1,RPM-2010-10-14,neutral,5,0,neutral,neutral,ampliado_59,0.06038315264409037,0.07651846827189061,0.8630983790840191
RPM-2011-11-15:4413:2,RPM-2011-11-15,neutral,5,1,neutral,neutral,ampliado_59,0.07983787721059268,0.052656404516492686,0.8675057182729147
RPM-2011-11-15:4419:1,RPM-2011-11-15,neutral,5,1,neutral,neutral,ampliado_59,0.02982740077371034,0.04062463668227034,0.9295479625440193
RPM-2011-11-15:4428:1,RPM-2011-11-15,neutral,5,1,neutral,neutral,ampliado_59,0.140301960122444,0.07802618920669513,0.781671850670861
RPM-2011-11-15:4433:2,RPM-2011-11-15,neutral,5,1,neutral,neutral,ampliado_59,0.05476464420354138,0.04841095177633118,0.8968244040201275
RPM-2011-11-15:4434:1,RPM-2011-11-15,neutral,5,1,neutral,neutral,ampliado_59,0.06452830924993584,0.04475435443769337,0.8907173363123708
RPM-2011-11-15:4444:3,RPM-2011-11-15,neutral,5,0,neutral,neutral,ampliado_59,0.03518624156773916,0.03033847390832856,0.9344752845239324
RPM-2011-11-15:4456:2,RPM-2011-11-15,neutral,5,0,neutral,neutral,ampliado_59,0.04752771194034102,0.03449921696718409,0.917973071092475
RPM-2012-05-17:4812:1,RPM-2012-05-17,neutral,5,1,neutral,neutral,ampliado_59,0.07491399643808785,0.09417689575509397,0.8309091078068181
RPM-2012-05-17:4825:1,RPM-2012-05-17,neutral,5,1,neutral,neutral,ampliado_59,0.06557425951268867,0.042579695795258235,0.8918460446920531
RPM-2012-09-13:5044:1,RPM-2012-09-13,neutral,5,1,neutral,neutral,ampliado_59,0.057483766472964555,0.029530091870727974,0.9129861416563074
RPM-2012-09-13:5084:2,RPM-2012-09-13,neutral,5,1,dovish,dovish,ampliado_59,0.45149222954387214,0.1269361051124246,0.4215716653437032
RPM-2014-01-16:5977:1,RPM-2014-01-16,neutral,5,1,neutral,neutral,ampliado_59,0.17623951169309487,0.04836029688874746,0.7754001914181576
RPM-2014-01-16:5987:1,RPM-2014-01-16,neutral,5,1,neutral,neutral,ampliado_59,0.1824258531574678,0.19859384741841743,0.6189802994241148
RPM-2014-01-16:5991:2,RPM-2014-01-16,neutral,5,0,neutral,neutral,ampliado_59,0.13357276217108946,0.055460654122665314,0.8109665837062453
RPM-2014-01-16:6006:3,RPM-2014-01-16,dovish,5,1,dovish,dovish,ampliado_59,0.590606653938751,0.23079948155858118,0.17859386450266773
RPM-2014-05-15:6181:1,RPM-2014-05-15,neutral,5,0,neutral,neutral,ampliado_59,0.09746562517192323,0.04869703237324332,0.8538373424548334
RPM-2015-08-13:6955:1,RPM-2015-08-13,neutral,5,1,neutral,neutral,ampliado_59,0.1462006927817685,0.1194417133714108,0.7343575938468206
RPM-2015-08-13:6962:1,RPM-2015-08-13,neutral,5,0,neutral,neutral,ampliado_59,0.22416922731191904,0.11599405773932865,0.6598367149487523
RPM-2015-08-13:6969:1,RPM-2015-08-13,dovish,5,1,dovish,dovish,ampliado_59,0.4746242579763367,0.38658189255199615,0.13879384947166712
RPM-2015-09-15:6980:1,RPM-2015-09-15,neutral,5,0,neutral,neutral,ampliado_59,0.1070910318531975,0.065835533371882,0.8270734347749205
RPM-2015-09-15:7045:1,RPM-2015-09-15,hawkish,5,1,dovish,dovish,ampliado_59,0.46293814331392585,0.332664822283745,0.2043970344023292
RPM-2006-02-09:581:2,RPM-2006-02-09,neutral,5,1,neutral,neutral,ampliado_59,0.04885494061778191,0.06086997143838924,0.8902750879438289
RPM-2006-02-09:582:1,RPM-2006-02-09,neutral,5,1,neutral,neutral,ampliado_59,0.039727433785757736,0.036721846306474064,0.9235507199077682
RPM-2006-02-09:583:1,RPM-2006-02-09,neutral,5,1,neutral,neutral,ampliado_59,0.03618973506543548,0.04349356216547124,0.9203167027690933
RPM-2006-02-09:587:10,RPM-2006-02-09,neutral,5,0,neutral,neutral,ampliado_59,0.09606705340978114,0.05679173416893682,0.8471412124212819
RPM-2006-02-09:595:1,RPM-2006-02-09,neutral,5,0,neutral,neutral,ampliado_59,0.058873739060893174,0.0762774594041962,0.8648488015349106
RPM-2006-07-13:745:4,RPM-2006-07-13,neutral,5,1,neutral,neutral,ampliado_59,0.08427832348170625,0.0800851256556332,0.8356365508626605
RPM-2006-07-13:752:1,RPM-2006-07-13,neutral,5,1,neutral,neutral,ampliado_59,0.06849081644467431,0.04239586154207904,0.8891133220132467
RPM-2006-07-13:758:1,RPM-2006-07-13,neutral,5,1,neutral,neutral,ampliado_59,0.0877300584323347,0.08670028801580379,0.8255696535518614
RPM-2006-07-13:762:2,RPM-2006-07-13,neutral,5,1,neutral,neutral,ampliado_59,0.0789368085859308,0.07291674695965454,0.8481464444544147
RPM-2006-07-13:769:2,RPM-2006-07-13,neutral,5,1,neutral,neutral,ampliado_59,0.1352754559388711,0.12139830341385462,0.7433262406472742
RPM-2006-07-13:770:1,RPM-2006-07-13,neutral,5,0,neutral,neutral,ampliado_59,0.036206458699433536,0.042250707977809894,0.9215428333227565
RPM-2006-07-13:770:3,RPM-2006-07-13,neutral,5,0,neutral,neutral,ampliado_59,0.07269021050916788,0.06582881584910638,0.8614809736417256
RPM-2006-07-13:772:1,RPM-2006-07-13,hawkish,5,1,hawkish,hawkish,ampliado_59,0.2992355483759868,0.48522925796415367,0.21553519365985957
RPM-2006-07-13:774:1,RPM-2006-07-13,neutral,5,1,hawkish,hawkish,ampliado_59,0.2813265996230046,0.4896988113302667,0.2289745890467286
RPM-2006-07-13:775:1,RPM-2006-07-13,dovish,5,1,dovish,dovish,ampliado_59,0.42532976226204505,0.23305687100607309,0.3416133667318818
RPM-2006-07-13:779:1,RPM-2006-07-13,hawkish,5,1,hawkish,hawkish,ampliado_59,0.24556567125937998,0.7063756881457802,0.04805864059483976
RPM-2006-07-13:780:3,RPM-2006-07-13,hawkish,5,1,hawkish,hawkish,ampliado_59,0.18667405854835517,0.699657920980398,0.1136680204712467
RPM-2006-07-13:780:4,RPM-2006-07-13,hawkish,5,1,hawkish,hawkish,ampliado_59,0.04688213791888969,0.9320129356632375,0.02110492641787275
RPM-2007-02-08:1066:1,RPM-2007-02-08,neutral,5,1,neutral,neutral,ampliado_59,0.05562792365168505,0.05527005859245951,0.8891020177558554
RPM-2007-02-08:1074:1,RPM-2007-02-08,neutral,5,1,neutral,neutral,ampliado_59,0.08557009674380417,0.05265347747533429,0.8617764257808616
RPM-2007-02-08:1083:1,RPM-2007-02-08,neutral,5,1,neutral,neutral,ampliado_59,0.11893737312967967,0.08189753313083142,0.799165093739489
RPM-2007-02-08:1090:4,RPM-2007-02-08,neutral,5,1,dovish,dovish,ampliado_59,0.4783988546175,0.3563047922772264,0.16529635310527369
RPM-2007-02-08:1102:1,RPM-2007-02-08,hawkish,5,1,hawkish,hawkish,ampliado_59,0.21651361206797723,0.4029400422069764,0.3805463457250464
RPM-2007-03-15:1105:1,RPM-2007-03-15,neutral,5,0,neutral,neutral,ampliado_59,0.16430272429599427,0.20441890314475597,0.6312783725592498
RPM-2007-03-15:1117:1,RPM-2007-03-15,neutral,5,1,neutral,neutral,ampliado_59,0.061870831379325225,0.0654603597623329,0.872668808858342
RPM-2007-03-15:1123:1,RPM-2007-03-15,neutral,5,1,neutral,neutral,ampliado_59,0.19311019451255618,0.1732835218638967,0.6336062836235472
RPM-2007-03-15:1133:1,RPM-2007-03-15,neutral,5,1,neutral,neutral,ampliado_59,0.08334091454977145,0.0415369782280279,0.8751221072222006
RPM-2007-03-15:1134:1,RPM-2007-03-15,neutral,5,1,neutral,neutral,ampliado_59,0.11894555911177171,0.05497813635275792,0.8260763045354703
RPM-2007-03-15:1149:1,RPM-2007-03-15,dovish,5,1,neutral,neutral,ampliado_59,0.2491875341202389,0.25436539187868473,0.4964470740010764
RPM-2007-03-15:1156:1,RPM-2007-03-15,neutral,5,0,neutral,neutral,ampliado_59,0.03894238355094542,0.03905136638692606,0.9220062500621286
RPM-2007-03-15:1161:1,RPM-2007-03-15,dovish,5,1,dovish,dovish,ampliado_59,0.4950911039081141,0.30554409330220683,0.19936480278967908
RPM-2007-03-15:1165:1,RPM-2007-03-15,hawkish,5,1,hawkish,hawkish,ampliado_59,0.29300095924926933,0.641578148289376,0.06542089246135473
RPM-2007-03-15:1167:1,RPM-2007-03-15,hawkish,5,1,neutral,neutral,ampliado_59,0.18860243311697059,0.40534705017806244,0.40605051670496695
RPM-2007-12-13:1596:2,RPM-2007-12-13,neutral,5,1,neutral,neutral,ampliado_59,0.05839471591654663,0.05121412000656824,0.8903911640768851
RPM-2007-12-13:1602:1,RPM-2007-12-13,neutral,5,1,hawkish,hawkish,ampliado_59,0.19455657150577904,0.6937688121511661,0.11167461634305481
RPM-2007-12-13:1607:2,RPM-2007-12-13,dovish,5,1,hawkish,hawkish,ampliado_59,0.3684905199051477,0.37858834949203324,0.252921130602819
RPM-2007-12-13:1611:1,RPM-2007-12-13,hawkish,5,1,hawkish,hawkish,ampliado_59,0.2754312908273202,0.6086821262725375,0.11588658290014234
RPM-2007-12-13:1613:1,RPM-2007-12-13,hawkish,5,1,hawkish,hawkish,ampliado_59,0.32883082012583886,0.6269865018238064,0.044182678050354675
RPM-2007-12-13:1614:1,RPM-2007-12-13,hawkish,5,1,hawkish,hawkish,ampliado_59,0.09561583125508678,0.8772817516025738,0.027102417142339418
RPM-2008-05-08:1786:1,RPM-2008-05-08,neutral,5,0,neutral,neutral,ampliado_59,0.09409945162539632,0.055808679560159495,0.8500918688144441
RPM-2008-05-08:1789:1,RPM-2008-05-08,neutral,5,1,neutral,neutral,ampliado_59,0.08247871770981577,0.07326551276603796,0.8442557695241463
RPM-2008-05-08:1818:4,RPM-2008-05-08,neutral,5,1,neutral,neutral,ampliado_59,0.07340289787017615,0.05353358596968523,0.8730635161601387
RPM-2008-05-08:1828:2,RPM-2008-05-08,neutral,5,1,neutral,neutral,ampliado_59,0.10469066005851757,0.03862325485647242,0.8566860850850099
RPM-2008-05-08:1837:1,RPM-2008-05-08,neutral,5,1,neutral,neutral,ampliado_59,0.16113996971265648,0.10034605600820419,0.7385139742791393
RPM-2008-05-08:1848:1,RPM-2008-05-08,dovish,5,1,dovish,dovish,ampliado_59,0.4657971737322141,0.40409762744808525,0.1301051988197007
RPM-2010-02-11:2897:1,RPM-2010-02-11,neutral,5,1,neutral,neutral,ampliado_59,0.032331013894149024,0.0314865525956681,0.9361824335101829
RPM-2010-02-11:2915:1,RPM-2010-02-11,neutral,5,1,neutral,neutral,ampliado_59,0.06615996079006098,0.041665060793980344,0.8921749784159586
RPM-2010-02-11:2915:4,RPM-2010-02-11,neutral,5,1,neutral,neutral,ampliado_59,0.061345394691874194,0.07105180344864445,0.8676028018594814
RPM-2010-02-11:2931:3,RPM-2010-02-11,neutral,5,1,neutral,neutral,ampliado_59,0.03789704805995945,0.042677356024910684,0.9194255959151298
RPM-2010-02-11:2932:1,RPM-2010-02-11,neutral,5,1,neutral,neutral,ampliado_59,0.05363895767082753,0.0418807330728068,0.9044803092563657
RPM-2010-02-11:2943:1,RPM-2010-02-11,neutral,5,1,neutral,neutral,ampliado_59,0.058790780196645485,0.04357872486198396,0.8976304949413705
RPM-2010-02-11:2958:2,RPM-2010-02-11,neutral,5,0,neutral,neutral,ampliado_59,0.10311866593586666,0.10105446747602577,0.7958268665881076
RPM-2010-02-11:2962:2,RPM-2010-02-11,neutral,5,0,neutral,neutral,ampliado_59,0.04119271521607119,0.0339232951752466,0.9248839896086822
RPM-2010-04-15:3063:2,RPM-2010-04-15,neutral,5,1,neutral,neutral,ampliado_59,0.06659318094360184,0.06664836727857061,0.8667584517778276
RPM-2010-04-15:3065:1,RPM-2010-04-15,neutral,5,1,neutral,neutral,ampliado_59,0.04165234059963016,0.05009216693492036,0.9082554924654496
RPM-2010-04-15:3076:1,RPM-2010-04-15,hawkish,5,1,hawkish,hawkish,ampliado_59,0.3783366663987728,0.4831707210488317,0.13849261255239542
RPM-2010-10-14:3434:3,RPM-2010-10-14,neutral,5,1,neutral,neutral,ampliado_59,0.04209770937884397,0.05744585127048281,0.9004564393506733
RPM-2010-10-14:3435:1,RPM-2010-10-14,neutral,5,1,neutral,neutral,ampliado_59,0.06264641262275554,0.06168625179182627,0.8756673355854182
RPM-2010-10-14:3449:4,RPM-2010-10-14,neutral,5,1,neutral,neutral,ampliado_59,0.08578397184614432,0.08907660518579118,0.8251394229680645
RPM-2010-10-14:3476:5,RPM-2010-10-14,neutral,5,0,neutral,neutral,ampliado_59,0.09982263970504665,0.16535409072650475,0.7348232695684486
RPM-2010-10-14:3491:1,RPM-2010-10-14,hawkish,5,1,dovish,dovish,ampliado_59,0.4686396536334399,0.4587461184965819,0.07261422786997823
RPM-2010-10-14:3492:1,RPM-2010-10-14,hawkish,5,1,hawkish,hawkish,ampliado_59,0.13810828803628086,0.8264319666745621,0.03545974528915708
RPM-2011-09-15:4314:2,RPM-2011-09-15,neutral,5,1,neutral,neutral,ampliado_59,0.042545772628719454,0.03355690966987027,0.9238973177014103
RPM-2011-09-15:4319:1,RPM-2011-09-15,neutral,5,1,neutral,neutral,ampliado_59,0.24131184263793717,0.07112170964261368,0.6875664477194491
RPM-2011-09-15:4329:1,RPM-2011-09-15,dovish,5,1,dovish,dovish,ampliado_59,0.6027588670314751,0.17300210603940316,0.22423902692912182
RPM-2011-09-15:4332:1,RPM-2011-09-15,dovish,5,1,dovish,dovish,ampliado_59,0.5189944120424947,0.31785647783461185,0.1631491101228934
RPM-2011-09-15:4333:1,RPM-2011-09-15,dovish,5,1,neutral,neutral,ampliado_59,0.3421316599639798,0.2343798937079263,0.4234884463280939
RPM-2011-11-15:4410:1,RPM-2011-11-15,neutral,5,1,neutral,neutral,ampliado_59,0.055782640256565916,0.055149264451588735,0.8890680952918453
RPM-2011-11-15:4420:1,RPM-2011-11-15,neutral,5,1,neutral,neutral,ampliado_59,0.04229836942407915,0.02818693913524459,0.9295146914406763
RPM-2011-11-15:4433:3,RPM-2011-11-15,neutral,5,1,neutral,neutral,ampliado_59,0.06284502880690498,0.04065734231538316,0.8964976288777119
RPM-2011-11-15:4437:3,RPM-2011-11-15,neutral,5,1,neutral,neutral,ampliado_59,0.0338191580352036,0.030257617339568197,0.9359232246252283
RPM-2011-11-15:4438:1,RPM-2011-11-15,neutral,5,0,neutral,neutral,ampliado_59,0.028193117938844315,0.026675758123514966,0.9451311239376406
RPM-2012-05-17:4793:1,RPM-2012-05-17,neutral,5,0,neutral,neutral,ampliado_59,0.1607822095555888,0.06691168015677232,0.7723061102876388
RPM-2012-05-17:4822:1,RPM-2012-05-17,neutral,5,1,neutral,neutral,ampliado_59,0.03802268185860199,0.041646843182843625,0.9203304749585544
RPM-2012-09-13:5060:1,RPM-2012-09-13,neutral,5,1,neutral,neutral,ampliado_59,0.06520958322414516,0.03857618500022725,0.8962142317756276
RPM-2012-09-13:5068:1,RPM-2012-09-13,neutral,5,1,neutral,neutral,ampliado_59,0.050548386937909015,0.03615974294548547,0.9132918701166055
RPM-2012-09-13:5075:1,RPM-2012-09-13,neutral,5,1,neutral,neutral,ampliado_59,0.17333310545068437,0.05092928353920777,0.7757376110101079
RPM-2012-09-13:5086:1,RPM-2012-09-13,neutral,5,0,neutral,neutral,ampliado_59,0.03968658926432616,0.021447434703830263,0.9388659760318436
RPM-2012-09-13:5089:1,RPM-2012-09-13,neutral,5,1,dovish,dovish,ampliado_59,0.5883859032270111,0.21956964338478596,0.19204445338820283
RPM-2014-01-16:5968:1,RPM-2014-01-16,neutral,5,1,neutral,neutral,ampliado_59,0.1486064488913289,0.06998810996248098,0.78140544114619
RPM-2014-01-16:5971:1,RPM-2014-01-16,neutral,5,0,neutral,neutral,ampliado_59,0.029104910318401348,0.01360757813382606,0.9572875115477725
RPM-2014-01-16:5972:1,RPM-2014-01-16,neutral,5,1,neutral,neutral,ampliado_59,0.15160138228085035,0.12213732113208921,0.7262612965870604
RPM-2014-01-16:5975:1,RPM-2014-01-16,neutral,5,1,neutral,neutral,ampliado_59,0.14039514274681994,0.05438178996788567,0.8052230672852944
RPM-2014-01-16:5990:1,RPM-2014-01-16,neutral,5,1,neutral,neutral,ampliado_59,0.1864408467319129,0.08891591908984467,0.7246432341782425
RPM-2014-01-16:5999:1,RPM-2014-01-16,neutral,5,0,neutral,neutral,ampliado_59,0.06561373075381827,0.026806947260519888,0.9075793219856619
RPM-2014-05-15:6189:1,RPM-2014-05-15,neutral,5,1,neutral,neutral,ampliado_59,0.13318202818798802,0.0654861525526436,0.8013318192593685
RPM-2014-05-15:6193:1,RPM-2014-05-15,neutral,5,1,neutral,neutral,ampliado_59,0.19410608452965503,0.06283664441418123,0.7430572710561638
RPM-2014-05-15:6195:3,RPM-2014-05-15,neutral,5,1,neutral,neutral,ampliado_59,0.07608076145937884,0.03474622921181252,0.8891730093288086
RPM-2014-05-15:6202:1,RPM-2014-05-15,neutral,5,1,neutral,neutral,ampliado_59,0.04931800815100778,0.030926593946897143,0.919755397902095
RPM-2014-05-15:6207:1,RPM-2014-05-15,neutral,5,1,neutral,neutral,ampliado_59,0.046046476504698224,0.041599709540583875,0.9123538139547179
RPM-2014-05-15:6212:1,RPM-2014-05-15,neutral,5,1,neutral,neutral,ampliado_59,0.19215116263627338,0.06893874393410095,0.7389100934296257
RPM-2014-05-15:6214:1,RPM-2014-05-15,neutral,5,1,neutral,neutral,ampliado_59,0.11274717113603254,0.04522630832290504,0.8420265205410623
RPM-2014-05-15:6218:1,RPM-2014-05-15,neutral,5,1,neutral,neutral,ampliado_59,0.09710619474738347,0.05624821588919898,0.8466455893634175
RPM-2014-05-15:6220:1,RPM-2014-05-15,neutral,5,1,neutral,neutral,ampliado_59,0.09214457399898919,0.03797518507022306,0.8698802409307879
RPM-2014-05-15:6221:1,RPM-2014-05-15,neutral,5,0,neutral,neutral,ampliado_59,0.27646778628786683,0.12143028947149355,0.6021019242406397
RPM-2014-05-15:6229:1,RPM-2014-05-15,neutral,5,0,neutral,neutral,ampliado_59,0.03968658926432616,0.021447434703830263,0.9388659760318436
RPM-2014-05-15:6233:1,RPM-2014-05-15,neutral,5,1,neutral,neutral,ampliado_59,0.2098832167409141,0.0493737376153574,0.7407430456437285
RPM-2014-05-15:6234:1,RPM-2014-05-15,dovish,5,1,dovish,dovish,ampliado_59,0.7246262787553693,0.18600257845328416,0.08937114279134654
RPM-2015-02-12:6620:1,RPM-2015-02-12,neutral,5,1,neutral,neutral,ampliado_59,0.1764447006430954,0.07147305762118175,0.7520822417357228
RPM-2015-02-12:6624:1,RPM-2015-02-12,neutral,5,1,neutral,neutral,ampliado_59,0.21619413964090958,0.13484722890190257,0.6489586314571879
RPM-2015-08-13:6921:1,RPM-2015-08-13,neutral,5,0,neutral,neutral,ampliado_59,0.051900883132402834,0.022383026271436225,0.9257160905961609
RPM-2015-08-13:6925:1,RPM-2015-08-13,neutral,5,1,neutral,neutral,ampliado_59,0.18639308204013863,0.0892992991942817,0.7243076187655797
RPM-2015-08-13:6937:1,RPM-2015-08-13,neutral,5,1,neutral,neutral,ampliado_59,0.10325049374509881,0.060984403325039106,0.8357651029298621
RPM-2015-08-13:6965:1,RPM-2015-08-13,dovish,5,1,neutral,neutral,ampliado_59,0.33325704362942177,0.32546172207779533,0.3412812342927829
RPM-2015-09-15:6990:1,RPM-2015-09-15,neutral,5,1,neutral,neutral,ampliado_59,0.05206246061688973,0.028533118629806092,0.9194044207533042
RPM-2015-09-15:6996:1,RPM-2015-09-15,neutral,5,1,neutral,neutral,ampliado_59,0.05037312503444469,0.03324566754188422,0.9163812074236711
RPM-2015-09-15:7003:2,RPM-2015-09-15,neutral,5,0,neutral,neutral,ampliado_59,0.05315552762061828,0.02220208735897075,0.924642385020411
RPM-2015-09-15:7011:1,RPM-2015-09-15,neutral,5,1,neutral,neutral,ampliado_59,0.1642114455695617,0.08108513454259801,0.7547034198878404
RPM-2015-09-15:7015:1,RPM-2015-09-15,neutral,5,1,neutral,neutral,ampliado_59,0.05912709285786564,0.04345320875120531,0.897419698390929
RPM-2015-09-15:7021:1,RPM-2015-09-15,neutral,5,1,neutral,neutral,ampliado_59,0.07523668082505618,0.06281616245338721,0.8619471567215566
