intervencion_id,fold,etapa,contraste,b_activa,intercepto,suma_aportes,residuo_no_mostrado,margen
RPM-2005-03-10:165:1,1,A,relevante_vs_irrelevante,True,0.4332739707283074,1.7372160198754372,1.3466076107502587,2.1704899906037447
RPM-2005-03-10:165:1,1,B,neutral_vs_dovish,True,3.1519997282324375,-0.802349561564687,-0.5852151402066511,2.3496501666677503
RPM-2005-03-10:165:1,1,HD,hawkish_vs_dovish,True,-0.19353240451847775,-0.7277629700556422,-0.6360083803273372,-0.9212953745741199
RPM-2005-03-10:180:1,1,A,relevante_vs_irrelevante,True,0.4332739707283074,1.7685695934321302,1.4155739889126446,2.2018435641604377
RPM-2005-03-10:180:1,1,B,neutral_vs_hawkish,True,3.3455321327509155,-0.8178256705893245,-0.6982022422245431,2.527706462161591
RPM-2005-03-10:180:1,1,HD,hawkish_vs_dovish,True,-0.19353240451847775,0.2876571925573902,0.16398335887597779,0.09412478803891244
RPM-2006-08-10:806:1,1,A,relevante_vs_irrelevante,True,0.4332739707283074,2.3991590647118457,2.418365968793151,2.832433035440153
RPM-2006-08-10:806:1,1,B,neutral_vs_dovish,True,3.1519997282324375,-1.820265846366987,-1.681727197147473,1.3317338818654505
RPM-2006-08-10:806:1,1,HD,hawkish_vs_dovish,True,-0.19353240451847775,-0.36583922190767826,-0.32673358026911237,-0.559371626426156
RPM-2006-08-10:808:1,1,A,relevante_vs_irrelevante,True,0.4332739707283074,3.902344728202193,3.6943773887015574,4.3356186989305
RPM-2006-08-10:808:1,1,B,neutral_vs_dovish,True,3.1519997282324375,-1.7050652984430958,-1.5442273150584493,1.4469344297893416
RPM-2006-08-10:808:1,1,HD,hawkish_vs_dovish,True,-0.19353240451847775,0.16341526950732238,0.1754763147686666,-0.03011713501115537
RPM-2007-06-14:1296:3,1,A,relevante_vs_irrelevante,True,0.4332739707283074,2.774897912650502,1.9136563866668723,3.2081718833788093
RPM-2007-06-14:1296:3,1,B,neutral_vs_hawkish,True,3.3455321327509155,-0.2931002493435596,-0.2644680135793606,3.052431883407356
RPM-2007-06-14:1296:3,1,HD,hawkish_vs_dovish,True,-0.19353240451847775,0.20615555148593237,0.1552908299951044,0.012623146967454618
RPM-2007-07-12:1325:1,1,A,relevante_vs_irrelevante,False,0.4332739707283074,-4.3154706090714505,-0.001563631048129288,-3.882196638343143
RPM-2007-07-12:1325:1,1,B,neutral_vs_dovish,False,3.1519997282324375,-0.8185713341130263,-0.22464613731099603,2.3334283941194114
RPM-2007-07-12:1325:1,1,HD,hawkish_vs_dovish,False,-0.19353240451847775,-0.4119222891862591,-0.12904434147135901,-0.6054546937047369
RPM-2008-06-10:1854:1,1,A,relevante_vs_irrelevante,True,0.4332739707283074,1.4640831984379419,0.7513721718641609,1.8973571691662494
RPM-2008-06-10:1854:1,1,B,neutral_vs_dovish,True,3.1519997282324375,-0.2811887893041542,-0.017890635047344505,2.870810938928283
RPM-2008-06-10:1854:1,1,HD,hawkish_vs_dovish,True,-0.19353240451847775,-0.023824150215213113,-0.013446241308928582,-0.21735655473369087
RPM-2008-06-10:1870:3,1,A,relevante_vs_irrelevante,True,0.4332739707283074,1.5732573894617632,0.8972238346647782,2.0065313601900705
RPM-2008-06-10:1870:3,1,B,neutral_vs_dovish,True,3.1519997282324375,-1.0439378459928912,-0.6593905432636452,2.1080618822395465
RPM-2008-06-10:1870:3,1,HD,hawkish_vs_dovish,True,-0.19353240451847775,-0.5178584043259662,-0.21017157156564942,-0.711390808844444
RPM-2008-06-10:1878:1,1,A,relevante_vs_irrelevante,True,0.4332739707283074,2.4853552773618484,1.8912210620025944,2.9186292480901557
RPM-2008-06-10:1878:1,1,B,neutral_vs_dovish,True,3.1519997282324375,-0.3266102236666176,-0.2871519346089748,2.8253895045658197
RPM-2008-06-10:1878:1,1,HD,hawkish_vs_dovish,True,-0.19353240451847775,-0.3296807997345717,-0.244012175915202,-0.5232132042530495
RPM-2008-06-10:1904:1,1,A,relevante_vs_irrelevante,True,0.4332739707283074,3.585019236822848,3.2366150650749637,4.018293207551156
RPM-2008-06-10:1904:1,1,B,hawkish_vs_dovish,True,-0.19353240451847775,1.8795477326269383,1.710720305629511,1.6860153281084607
RPM-2008-06-10:1904:1,1,HD,hawkish_vs_dovish,True,-0.19353240451847775,1.8795477326269383,1.710720305629511,1.6860153281084607
RPM-2008-07-10:1923:8,1,A,relevante_vs_irrelevante,True,0.4332739707283074,4.134964251089842,3.96302320182393,4.56823822181815
RPM-2008-07-10:1923:8,1,B,neutral_vs_dovish,True,3.1519997282324375,-1.3669143662300254,-1.3079094800400906,1.785085362002412
RPM-2008-07-10:1923:8,1,HD,hawkish_vs_dovish,True,-0.19353240451847775,-0.09916557964106891,-0.1424143411012422,-0.2926979841595467
RPM-2008-07-10:1959:1,1,A,relevante_vs_irrelevante,True,0.4332739707283074,2.437358528958916,1.7766443061314638,2.8706324996872232
RPM-2008-07-10:1959:1,1,B,neutral_vs_hawkish,True,3.3455321327509155,-0.9344959533491911,-0.6250793810200186,2.4110361794017243
RPM-2008-07-10:1959:1,1,HD,hawkish_vs_dovish,True,-0.19353240451847775,0.2465493331599758,0.16160794099353643,0.05301692864149804
RPM-2008-12-11:2176:1,1,A,relevante_vs_irrelevante,False,0.4332739707283074,-2.4306625527457375,-1.3562175579448426,-1.9973885820174302
RPM-2008-12-11:2176:1,1,B,neutral_vs_dovish,False,3.1519997282324375,-1.3959422302045799,-0.9678962507716821,1.7560574980278576
RPM-2008-12-11:2176:1,1,HD,hawkish_vs_dovish,False,-0.19353240451847775,-0.154639973061109,-0.1695825997061441,-0.34817237757958674
RPM-2008-12-11:2187:1,1,A,relevante_vs_irrelevante,True,0.4332739707283074,0.7192465542095606,0.384255845036006,1.152520524937868
RPM-2008-12-11:2187:1,1,B,neutral_vs_dovish,True,3.1519997282324375,0.4582874432155674,0.2940080069388198,3.6102871714480047
RPM-2008-12-11:2187:1,1,HD,hawkish_vs_dovish,True,-0.19353240451847775,-0.4278062372874254,-0.31509229817432877,-0.6213386418059031
RPM-2009-09-08:2689:1,1,A,relevante_vs_irrelevante,False,0.4332739707283074,-3.473815466097575,-2.677045907776252,-3.0405414953692675
RPM-2009-09-08:2689:1,1,B,neutral_vs_dovish,False,3.1519997282324375,-1.0464095697201459,-0.9178313189653803,2.1055901585122916
RPM-2009-09-08:2689:1,1,HD,hawkish_vs_dovish,False,-0.19353240451847775,-0.3624301571342442,-0.18933969392464084,-0.555962561652722
RPM-2009-09-08:2699:4,1,A,relevante_vs_irrelevante,True,0.4332739707283074,2.8231306014559068,2.460063061639573,3.256404572184214
RPM-2009-09-08:2699:4,1,B,neutral_vs_dovish,True,3.1519997282324375,-0.2445516573424851,-0.14517627474139794,2.907448070889952
RPM-2009-09-08:2699:4,1,HD,hawkish_vs_dovish,True,-0.19353240451847775,0.18011288979146656,0.1702189170222104,-0.013419514727011195
RPM-2009-09-08:2711:2,1,A,relevante_vs_irrelevante,True,0.4332739707283074,3.126294679020484,2.978409973217869,3.5595686497487913
RPM-2009-09-08:2711:2,1,B,dovish_vs_neutral,True,-3.1519997282324375,3.2495798443459343,3.0321640022750227,0.09758011611349682
RPM-2009-09-08:2711:2,1,HD,hawkish_vs_dovish,True,-0.19353240451847775,-0.5697912918934659,-0.5301418981070634,-0.7633236964119436
RPM-2010-08-12:3281:1,1,A,relevante_vs_irrelevante,True,0.4332739707283074,2.925818582762292,2.355358693441993,3.359092553490599
RPM-2010-08-12:3281:1,1,B,neutral_vs_hawkish,True,3.3455321327509155,-1.1926368401281169,-1.0523336453824585,2.152895292622799
RPM-2010-08-12:3281:1,1,HD,hawkish_vs_dovish,True,-0.19353240451847775,0.30859035013098507,0.23296381359595345,0.11505794561250732
RPM-2010-08-12:3306:1,1,A,relevante_vs_irrelevante,True,0.4332739707283074,-0.3843497191630393,-0.012803865060757591,0.04892425156526814
RPM-2010-08-12:3306:1,1,B,neutral_vs_dovish,True,3.1519997282324375,-0.06866009481771726,-0.04147279278616865,3.0833396334147203
RPM-2010-08-12:3306:1,1,HD,hawkish_vs_dovish,True,-0.19353240451847775,-0.3331042071583934,-0.18496321965773932,-0.5266366116768711
RPM-2012-11-13:5166:1,1,A,relevante_vs_irrelevante,True,0.4332739707283074,1.0151126201452525,0.748256540030637,1.44838659087356
RPM-2012-11-13:5166:1,1,B,neutral_vs_dovish,True,3.1519997282324375,-0.19503975111071176,-0.10329769411562616,2.9569599771217256
RPM-2012-11-13:5166:1,1,HD,hawkish_vs_dovish,True,-0.19353240451847775,-0.4252874578955995,-0.42130892144467474,-0.6188198624140773
RPM-2012-11-13:5168:1,1,A,relevante_vs_irrelevante,True,0.4332739707283074,1.995217748266964,0.9993992649825203,2.4284917189952715
RPM-2012-11-13:5168:1,1,B,neutral_vs_dovish,True,3.1519997282324375,0.09589034668632945,0.20444404018393836,3.247890074918767
RPM-2012-11-13:5168:1,1,HD,hawkish_vs_dovish,True,-0.19353240451847775,0.1135067682686701,0.08065266025999593,-0.08002563624980766
RPM-2012-11-13:5175:1,1,A,relevante_vs_irrelevante,True,0.4332739707283074,1.9630262490877444,1.5417296125158004,2.3963002198160517
RPM-2012-11-13:5175:1,1,B,neutral_vs_hawkish,True,3.3455321327509155,-0.69297767665613,-0.5643712714339535,2.6525544560947854
RPM-2012-11-13:5175:1,1,HD,hawkish_vs_dovish,True,-0.19353240451847775,0.21662216522642266,0.21686642297706238,0.023089760707944912
RPM-2012-11-13:5217:1,1,A,relevante_vs_irrelevante,True,0.4332739707283074,3.6741276537555976,3.274311947980284,4.107401624483905
RPM-2012-11-13:5217:1,1,B,dovish_vs_neutral,True,-3.1519997282324375,3.8095099104391563,3.571313677659038,0.6575101822067189
RPM-2012-11-13:5217:1,1,HD,hawkish_vs_dovish,True,-0.19353240451847775,-0.5518774832833742,-0.47423815802641484,-0.7454098878018519
RPM-2013-08-13:5703:1,1,A,relevante_vs_irrelevante,True,0.4332739707283074,2.7812416131086506,2.7171511132154738,3.214515583836958
RPM-2013-08-13:5703:1,1,B,neutral_vs_dovish,True,3.1519997282324375,-0.9697824095756187,-0.8942723038215555,2.182217318656819
RPM-2013-08-13:5703:1,1,HD,hawkish_vs_dovish,True,-0.19353240451847775,-0.3835372937423245,-0.4057186904197142,-0.5770696982608022
RPM-2013-08-13:5714:1,1,A,relevante_vs_irrelevante,True,0.4332739707283074,2.4831771584369937,2.2068677049445973,2.916451129165301
RPM-2013-08-13:5714:1,1,B,neutral_vs_dovish,True,3.1519997282324375,-1.805198654611239,-1.6467937922519729,1.3468010736211984
RPM-2013-08-13:5714:1,1,HD,hawkish_vs_dovish,True,-0.19353240451847775,-0.7319817784770046,-0.6580447286995312,-0.9255141829954824
RPM-2014-10-16:6466:2,1,A,relevante_vs_irrelevante,False,0.4332739707283074,-4.027569878213935,-2.182828245348504,-3.5942959074856278
RPM-2014-10-16:6466:2,1,B,neutral_vs_dovish,False,3.1519997282324375,-1.079624225644128,-0.6363053802562911,2.0723755025883097
RPM-2014-10-16:6466:2,1,HD,hawkish_vs_dovish,False,-0.19353240451847775,-0.3886914965267518,-0.2673704160255289,-0.5822239010452295
RPM-2014-10-16:6473:1,1,A,relevante_vs_irrelevante,False,0.4332739707283074,-3.449446681928946,-1.5369648899718305,-3.016172711200639
RPM-2014-10-16:6473:1,1,B,neutral_vs_dovish,False,3.1519997282324375,-0.5971987871079258,-0.48494615985568346,2.554800941124512
RPM-2014-10-16:6473:1,1,HD,hawkish_vs_dovish,False,-0.19353240451847775,-0.5382306159676398,-0.3911647001563498,-0.7317630204861175
RPM-2015-05-14:6763:1,1,A,relevante_vs_irrelevante,True,0.4332739707283074,1.2921175257148338,0.913624500695593,1.7253914964431414
RPM-2015-05-14:6763:1,1,B,neutral_vs_dovish,True,3.1519997282324375,-0.6935484689413568,-0.5845433156294113,2.4584512592910808
RPM-2015-05-14:6763:1,1,HD,hawkish_vs_dovish,True,-0.19353240451847775,-0.6397407882422573,-0.5698986860649551,-0.8332731927607351
RPM-2015-05-14:6768:1,1,A,relevante_vs_irrelevante,True,0.4332739707283074,2.074450621271072,1.6882303654697826,2.5077245919993794
RPM-2015-05-14:6768:1,1,B,neutral_vs_dovish,True,3.1519997282324375,0.0906602366258851,0.1506396081467733,3.2426599648583228
RPM-2015-05-14:6768:1,1,HD,hawkish_vs_dovish,True,-0.19353240451847775,-0.15037447861491327,-0.11452692383808655,-0.343906883133391
RPM-2005-03-10:140:1,1,A,relevante_vs_irrelevante,False,0.4332739707283074,-3.400339200217039,-2.4771033467425068,-2.967065229488732
RPM-2005-03-10:140:1,1,B,neutral_vs_dovish,False,3.1519997282324375,-0.8507649352202098,-0.7293104000353046,2.3012347930122274
RPM-2005-03-10:140:1,1,HD,hawkish_vs_dovish,False,-0.19353240451847775,0.041130704541198805,0.17735563490028514,-0.15240169997727895
RPM-2005-03-10:141:1,1,A,relevante_vs_irrelevante,False,0.4332739707283074,-3.076186368088713,-0.6640893319123,-2.642912397360406
RPM-2005-03-10:141:1,1,B,neutral_vs_hawkish,False,3.3455321327509155,-1.134032507138573,-0.2686435727015245,2.2114996256123423
RPM-2005-03-10:141:1,1,HD,hawkish_vs_dovish,False,-0.19353240451847775,0.2217516036798012,0.1636808678434849,0.028219199161323455
RPM-2005-03-10:142:1,1,A,relevante_vs_irrelevante,True,0.4332739707283074,2.166629203726281,1.9581751956857467,2.5999031744545884
RPM-2005-03-10:142:1,1,B,neutral_vs_hawkish,True,3.3455321327509155,-1.4024255858621655,-1.034849831337655,1.94310654688875
RPM-2005-03-10:142:1,1,HD,hawkish_vs_dovish,True,-0.19353240451847775,0.5999891455845636,0.4450462649004998,0.40645674106608587
RPM-2005-03-10:143:1,1,A,relevante_vs_irrelevante,True,0.4332739707283074,4.071419253789127,3.8271346566453506,4.5046932245174345
RPM-2005-03-10:143:1,1,B,neutral_vs_dovish,True,3.1519997282324375,-1.8377736250944359,-1.6533253683075286,1.3142261031380016
RPM-2005-03-10:143:1,1,HD,hawkish_vs_dovish,True,-0.19353240451847775,-0.11787668217434938,-0.12456947438631501,-0.31140908669282713
RPM-2005-03-10:144:1,1,A,relevante_vs_irrelevante,True,0.4332739707283074,3.452760875999675,3.1356817658706015,3.8860348467279824
RPM-2005-03-10:144:1,1,B,neutral_vs_hawkish,True,3.3455321327509155,-2.308618428775927,-2.086930040218808,1.0369137039749887
RPM-2005-03-10:144:1,1,HD,hawkish_vs_dovish,True,-0.19353240451847775,0.31553155586438886,0.2638660460653965,0.1219991513459111
RPM-2005-03-10:145:1,1,A,relevante_vs_irrelevante,True,0.4332739707283074,3.4211757325873693,3.163257241169392,3.8544497033156766
RPM-2005-03-10:145:1,1,B,neutral_vs_hawkish,True,3.3455321327509155,-2.564250206109053,-2.2595123340104384,0.7812819266418627
RPM-2005-03-10:145:1,1,HD,hawkish_vs_dovish,True,-0.19353240451847775,0.6091467106339621,0.5435766398231502,0.41561430611548433
RPM-2005-03-10:146:1,1,A,relevante_vs_irrelevante,True,0.4332739707283074,3.160255569430304,2.7681375220581668,3.5935295401586114
RPM-2005-03-10:146:1,1,B,neutral_vs_hawkish,True,3.3455321327509155,-2.6215683099987617,-2.2458621952904094,0.7239638227521539
RPM-2005-03-10:146:1,1,HD,hawkish_vs_dovish,True,-0.19353240451847775,0.8875738887568627,0.787026616357891,0.694041484238385
RPM-2005-03-10:147:1,1,A,relevante_vs_irrelevante,True,0.4332739707283074,2.776376972534228,2.583816436836563,3.2096509432625355
RPM-2005-03-10:147:1,1,B,neutral_vs_dovish,True,3.1519997282324375,-0.7224931421331501,-0.6254811869781962,2.4295065860992873
RPM-2005-03-10:147:1,1,HD,hawkish_vs_dovish,True,-0.19353240451847775,-0.18527982956645994,-0.17908416413291708,-0.3788122340849377
RPM-2005-03-10:148:1,1,A,relevante_vs_irrelevante,True,0.4332739707283074,3.0249516819674387,2.7099756447559624,3.458225652695746
RPM-2005-03-10:148:1,1,B,neutral_vs_dovish,True,3.1519997282324375,-0.21219309732161806,-0.17373950065298222,2.9398066309108195
RPM-2005-03-10:148:1,1,HD,hawkish_vs_dovish,True,-0.19353240451847775,0.1595832145194942,0.16566857100871618,-0.03394918999898355
RPM-2005-03-10:149:1,1,A,relevante_vs_irrelevante,True,0.4332739707283074,2.602142714977619,2.5406524042730934,3.0354166857059264
RPM-2005-03-10:149:1,1,B,neutral_vs_dovish,True,3.1519997282324375,-0.5729386146540992,-0.4872466841597747,2.579061113578338
RPM-2005-03-10:149:1,1,HD,hawkish_vs_dovish,True,-0.19353240451847775,-0.037790142391343116,-0.010817642670928669,-0.23132254690982088
RPM-2005-03-10:150:1,1,A,relevante_vs_irrelevante,True,0.4332739707283074,2.8895722253009506,2.5308259579281422,3.322846196029258
RPM-2005-03-10:150:1,1,B,neutral_vs_hawkish,True,3.3455321327509155,-0.6527012147296556,-0.5697767093009692,2.6928309180212597
RPM-2005-03-10:150:1,1,HD,hawkish_vs_dovish,True,-0.19353240451847775,0.20045001884677577,0.23429856975711466,0.006917614328298016
RPM-2005-03-10:151:1,1,A,relevante_vs_irrelevante,True,0.4332739707283074,2.9615149961007896,2.7761627715918067,3.394788966829097
RPM-2005-03-10:151:1,1,B,neutral_vs_dovish,True,3.1519997282324375,-0.38977488958311823,-0.27741257490912286,2.762224838649319
RPM-2005-03-10:151:1,1,HD,hawkish_vs_dovish,True,-0.19353240451847775,0.07936900025232875,0.08135061799087717,-0.114163404266149
RPM-2005-03-10:152:1,1,A,relevante_vs_irrelevante,True,0.4332739707283074,3.4356172228906567,3.0837251374376318,3.868891193618964
RPM-2005-03-10:152:1,1,B,neutral_vs_hawkish,True,3.3455321327509155,-1.21177213137375,-0.9175649457851012,2.1337600013771656
RPM-2005-03-10:152:1,1,HD,hawkish_vs_dovish,True,-0.19353240451847775,0.5850377641512399,0.4882541775517183,0.3915053596327621
RPM-2005-03-10:153:1,1,A,relevante_vs_irrelevante,False,0.4332739707283074,-5.216516145187681,-1.245510802226467,-4.783242174459374
RPM-2005-03-10:153:1,1,B,neutral_vs_dovish,False,3.1519997282324375,-0.20510437662397699,-0.04446953875905829,2.9468953516084606
RPM-2005-03-10:153:1,1,HD,hawkish_vs_dovish,False,-0.19353240451847775,0.13443392394465029,0.008445767039429786,-0.05909848057382747
RPM-2005-03-10:154:1,1,A,relevante_vs_irrelevante,True,0.4332739707283074,0.7570928690583486,0.9392003200222998,1.190366839786656
RPM-2005-03-10:154:1,1,B,neutral_vs_dovish,True,3.1519997282324375,-0.7627657455667815,-0.504647973607069,2.389233982665656
RPM-2005-03-10:154:1,1,HD,hawkish_vs_dovish,True,-0.19353240451847775,-0.45087545880390834,-0.3217308239695712,-0.6444078633223861
RPM-2005-03-10:155:1,1,A,relevante_vs_irrelevante,True,0.4332739707283074,1.7144325758511958,1.3432890018032622,2.1477065465795033
RPM-2005-03-10:155:1,1,B,neutral_vs_dovish,True,3.1519997282324375,-0.0809325880553415,0.01989191178998996,3.071067140177096
RPM-2005-03-10:155:1,1,HD,hawkish_vs_dovish,True,-0.19353240451847775,-0.0852579132279125,-0.11360957401386727,-0.27879031774639024
RPM-2005-03-10:156:1,1,A,relevante_vs_irrelevante,True,0.4332739707283074,2.558353401808673,2.0242115136711556,2.99162737253698
RPM-2005-03-10:156:1,1,B,neutral_vs_dovish,True,3.1519997282324375,-0.7841568119712989,-0.701584474049961,2.3678429162611385
RPM-2005-03-10:156:1,1,HD,hawkish_vs_dovish,True,-0.19353240451847775,-0.5634371168036618,-0.4847346972776631,-0.7569695213221396
RPM-2005-03-10:157:1,1,A,relevante_vs_irrelevante,True,0.4332739707283074,1.8082580890516904,1.3869750354957882,2.2415320597799977
RPM-2005-03-10:157:1,1,B,neutral_vs_dovish,True,3.1519997282324375,-0.12424134587604699,-0.00399596474852848,3.0277583823563905
RPM-2005-03-10:157:1,1,HD,hawkish_vs_dovish,True,-0.19353240451847775,0.032757608585854844,0.005155922676604929,-0.1607747959326229
RPM-2005-03-10:158:1,1,A,relevante_vs_irrelevante,True,0.4332739707283074,2.365608323932595,1.9056039307692045,2.798882294660902
RPM-2005-03-10:158:1,1,B,neutral_vs_dovish,True,3.1519997282324375,-0.8698883862601859,-0.7912961786252897,2.2821113419722514
RPM-2005-03-10:158:1,1,HD,hawkish_vs_dovish,True,-0.19353240451847775,-0.29603184538192384,-0.25480441320643227,-0.4895642499004016
RPM-2005-03-10:159:1,1,A,relevante_vs_irrelevante,True,0.4332739707283074,1.8269591910259195,1.0224789222472137,2.260233161754227
RPM-2005-03-10:159:1,1,B,neutral_vs_dovish,True,3.1519997282324375,-0.1844381815462101,-0.12478770534316562,2.9675615466862273
RPM-2005-03-10:159:1,1,HD,hawkish_vs_dovish,True,-0.19353240451847775,-0.13097386960324026,-0.11635829463081225,-0.324506274121718
RPM-2005-03-10:160:1,1,A,relevante_vs_irrelevante,True,0.4332739707283074,2.6961943328599256,2.1132706924460742,3.129468303588233
RPM-2005-03-10:160:1,1,B,neutral_vs_dovish,True,3.1519997282324375,-0.771709142779964,-0.7026395712862756,2.3802905854524736
RPM-2005-03-10:160:1,1,HD,hawkish_vs_dovish,True,-0.19353240451847775,-0.22221217005100027,-0.24547534232028606,-0.415744574569478
RPM-2005-03-10:161:1,1,A,relevante_vs_irrelevante,True,0.4332739707283074,2.4403329510898417,2.065578405006395,2.873606921818149
RPM-2005-03-10:161:1,1,B,neutral_vs_dovish,True,3.1519997282324375,-1.5016889095471435,-1.3261403208231806,1.650310818685294
RPM-2005-03-10:161:1,1,HD,hawkish_vs_dovish,True,-0.19353240451847775,-0.0845727475963728,0.03368516032738118,-0.27810515211485054
RPM-2005-03-10:162:1,1,A,relevante_vs_irrelevante,True,0.4332739707283074,1.2274442953275393,0.6655378765279052,1.6607182660558468
RPM-2005-03-10:162:1,1,B,neutral_vs_dovish,True,3.1519997282324375,0.1514018421184457,0.16581272123430238,3.303401570350883
RPM-2005-03-10:162:1,1,HD,hawkish_vs_dovish,True,-0.19353240451847775,-0.38409035364787497,-0.21400824880240465,-0.5776227581663527
RPM-2005-03-10:163:1,1,A,relevante_vs_irrelevante,True,0.4332739707283074,1.959222418067438,1.3413062802540503,2.3924963887957453
RPM-2005-03-10:163:1,1,B,neutral_vs_dovish,True,3.1519997282324375,-0.2378308938254372,-0.1774486909597142,2.9141688344070005
RPM-2005-03-10:163:1,1,HD,hawkish_vs_dovish,True,-0.19353240451847775,0.027391441123946144,-0.055190120508658486,-0.1661409633945316
RPM-2005-03-10:164:1,1,A,relevante_vs_irrelevante,True,0.4332739707283074,2.9773894052271714,2.4211498948074426,3.4106633759554787
RPM-2005-03-10:164:1,1,B,neutral_vs_dovish,True,3.1519997282324375,-1.6110580890697763,-1.4257254234283703,1.5409416391626611
RPM-2005-03-10:164:1,1,HD,hawkish_vs_dovish,True,-0.19353240451847775,-0.7474965448425124,-0.6921132301461382,-0.9410289493609901
RPM-2005-03-10:166:1,1,A,relevante_vs_irrelevante,True,0.4332739707283074,2.540496661649745,2.0641282960531626,2.973770632378052
RPM-2005-03-10:166:1,1,B,neutral_vs_dovish,True,3.1519997282324375,-0.5604473649557116,-0.4734804037172352,2.591552363276726
RPM-2005-03-10:166:1,1,HD,hawkish_vs_dovish,True,-0.19353240451847775,-0.042258856991180094,-0.06583364202647798,-0.23579126150965785
RPM-2005-03-10:167:1,1,A,relevante_vs_irrelevante,True,0.4332739707283074,2.398912958064268,1.5865540437930732,2.8321869287925754
RPM-2005-03-10:167:1,1,B,neutral_vs_dovish,True,3.1519997282324375,-1.7861623034362224,-1.3595649237632976,1.365837424796215
RPM-2005-03-10:167:1,1,HD,hawkish_vs_dovish,True,-0.19353240451847775,-0.48387940038608557,-0.3746052675838132,-0.6774118049045633
RPM-2005-03-10:168:1,1,A,relevante_vs_irrelevante,True,0.4332739707283074,2.5983602521987823,1.871288195202807,3.0316342229270896
RPM-2005-03-10:168:1,1,B,neutral_vs_dovish,True,3.1519997282324375,-1.4531356352742406,-1.195005217302644,1.6988640929581968
RPM-2005-03-10:168:1,1,HD,hawkish_vs_dovish,True,-0.19353240451847775,-0.6993706265147366,-0.5874463172909441,-0.8929030310332143
RPM-2005-03-10:169:1,1,A,relevante_vs_irrelevante,True,0.4332739707283074,2.304969348724155,1.6560787176161387,2.7382433194524625
RPM-2005-03-10:169:1,1,B,neutral_vs_dovish,True,3.1519997282324375,-1.2754493616022113,-1.0610628111994784,1.8765503666302261
RPM-2005-03-10:169:1,1,HD,hawkish_vs_dovish,True,-0.19353240451847775,-0.6845144704606492,-0.6318215967518301,-0.8780468749791269
RPM-2005-03-10:170:1,1,A,relevante_vs_irrelevante,True,0.4332739707283074,2.3262325867575453,2.3091034040868026,2.7595065574858526
RPM-2005-03-10:170:1,1,B,neutral_vs_dovish,True,3.1519997282324375,-1.2341839934975802,-1.117239026525396,1.9178157347348572
RPM-2005-03-10:170:1,1,HD,hawkish_vs_dovish,True,-0.19353240451847775,-0.5919078763351733,-0.5675834800938836,-0.785440280853651
RPM-2005-03-10:171:1,1,A,relevante_vs_irrelevante,True,0.4332739707283074,3.05053491177687,2.2691835642872666,3.483808882505177
RPM-2005-03-10:171:1,1,B,neutral_vs_dovish,True,3.1519997282324375,-1.0395926349153557,-0.8224077528338498,2.1124070933170818
RPM-2005-03-10:171:1,1,HD,hawkish_vs_dovish,True,-0.19353240451847775,-0.46343761587835886,-0.36627062747869527,-0.6569700203968366
RPM-2005-03-10:172:1,1,A,relevante_vs_irrelevante,True,0.4332739707283074,1.7364342547957414,0.9001393978657124,2.1697082255240487
RPM-2005-03-10:172:1,1,B,neutral_vs_hawkish,True,3.3455321327509155,-0.700873159204303,-0.4197103581037217,2.6446589735466124
RPM-2005-03-10:172:1,1,HD,hawkish_vs_dovish,True,-0.19353240451847775,0.30797205939541383,0.2271284019227133,0.11443965487693608
RPM-2005-03-10:173:1,1,A,relevante_vs_irrelevante,True,0.4332739707283074,1.8082434511641698,1.366088345660632,2.2415174218924774
RPM-2005-03-10:173:1,1,B,neutral_vs_dovish,True,3.1519997282324375,-0.7052196879434661,-0.5152021192027596,2.4467800402889712
RPM-2005-03-10:173:1,1,HD,hawkish_vs_dovish,True,-0.19353240451847775,-0.7003853470932905,-0.5144495050861478,-0.8939177516117682
RPM-2005-03-10:174:1,1,A,relevante_vs_irrelevante,True,0.4332739707283074,1.9080826085335159,1.3803516653012844,2.341356579261823
RPM-2005-03-10:174:1,1,B,neutral_vs_dovish,True,3.1519997282324375,-0.7018051773286609,-0.5590552324962538,2.4501945509037766
RPM-2005-03-10:174:1,1,HD,hawkish_vs_dovish,True,-0.19353240451847775,-0.03713066144654836,-0.04540268939769062,-0.23066306596502612
RPM-2005-03-10:175:1,1,A,relevante_vs_irrelevante,False,0.4332739707283074,-4.3138850030232305,-1.430035858683953,-3.880611032294923
RPM-2005-03-10:175:1,1,B,neutral_vs_hawkish,False,3.3455321327509155,-0.3391161477799977,-0.2534367692528552,3.0064159849709178
RPM-2005-03-10:175:1,1,HD,hawkish_vs_dovish,False,-0.19353240451847775,0.5957340336592144,0.4335467346221975,0.40220162914073665
RPM-2005-03-10:176:1,1,A,relevante_vs_irrelevante,False,0.4332739707283074,-2.627918543853536,-0.6765742331944058,-2.194644573125229
RPM-2005-03-10:176:1,1,B,neutral_vs_hawkish,False,3.3455321327509155,-1.3252511834803844,-0.5457061998166371,2.020280949270531
RPM-2005-03-10:176:1,1,HD,hawkish_vs_dovish,False,-0.19353240451847775,0.4893697272645655,0.3011007810675872,0.29583732274608776
RPM-2005-03-10:177:1,1,A,relevante_vs_irrelevante,False,0.4332739707283074,-4.649126407809359,-1.6826762631716372,-4.215852437081051
RPM-2005-03-10:177:1,1,B,neutral_vs_dovish,False,3.1519997282324375,-0.6456791621884655,-0.2368170960335214,2.506320566043972
RPM-2005-03-10:177:1,1,HD,hawkish_vs_dovish,False,-0.19353240451847775,0.10803486422787867,0.05433548637493584,-0.08549754029059908
RPM-2005-03-10:178:1,1,A,relevante_vs_irrelevante,True,0.4332739707283074,4.045130312578291,3.7639307690864467,4.478404283306598
RPM-2005-03-10:178:1,1,B,hawkish_vs_dovish,True,-0.19353240451847775,2.3116100165914144,2.2038015356612406,2.1180776120729368
RPM-2005-03-10:178:1,1,HD,hawkish_vs_dovish,True,-0.19353240451847775,2.3116100165914144,2.2038015356612406,2.1180776120729368
RPM-2005-03-10:178:2,1,A,relevante_vs_irrelevante,False,0.4332739707283074,-6.280934126447726,-1.543089452015833,-5.847660155719419
RPM-2005-03-10:178:2,1,B,neutral_vs_dovish,False,3.1519997282324375,-0.11855421197456414,-0.004184481389350778,3.0334455162578733
RPM-2005-03-10:178:2,1,HD,hawkish_vs_dovish,False,-0.19353240451847775,0.04765365647134456,-0.008233210950861741,-0.1458787480471332
RPM-2005-03-10:179:1,1,A,relevante_vs_irrelevante,True,0.4332739707283074,0.922796409518569,1.0457712253159324,1.3560703802468765
RPM-2005-03-10:179:1,1,B,neutral_vs_hawkish,True,3.3455321327509155,-2.583604028461682,-2.0090684927704077,0.7619281042892334
RPM-2005-03-10:179:1,1,HD,hawkish_vs_dovish,True,-0.19353240451847775,0.5027068417404468,0.43815724879759504,0.309174437221969
RPM-2005-03-10:181:1,1,A,relevante_vs_irrelevante,True,0.4332739707283074,1.2001371676943862,1.2995255903779517,1.6334111384226935
RPM-2005-03-10:181:1,1,B,neutral_vs_dovish,True,3.1519997282324375,-1.1589013591820274,-1.0237134594986854,1.99309836905041
RPM-2005-03-10:181:1,1,HD,hawkish_vs_dovish,True,-0.19353240451847775,-0.03703060285300176,-0.03559570251355754,-0.2305630073714795
RPM-2005-03-10:182:1,1,A,relevante_vs_irrelevante,True,0.4332739707283074,0.7508585559303099,0.5590416110241923,1.1841325266586173
RPM-2005-03-10:182:1,1,B,neutral_vs_dovish,True,3.1519997282324375,-0.44984828054044146,-0.25772457581620434,2.702151447691996
RPM-2005-03-10:182:1,1,HD,hawkish_vs_dovish,True,-0.19353240451847775,-0.4672756552195222,-0.44770558386078524,-0.6608080597379999
RPM-2005-03-10:183:1,1,A,relevante_vs_irrelevante,True,0.4332739707283074,1.9486300175196944,1.3467659181563276,2.381903988248002
RPM-2005-03-10:183:1,1,B,neutral_vs_hawkish,True,3.3455321327509155,-2.3387395376716267,-1.9442485611358402,1.0067925950792889
RPM-2005-03-10:183:1,1,HD,hawkish_vs_dovish,True,-0.19353240451847775,0.21863892342014518,0.07664517512557992,0.02510651890166743
RPM-2005-03-10:184:1,1,A,relevante_vs_irrelevante,True,0.4332739707283074,3.2118858329824596,2.9393080134538687,3.645159803710767
RPM-2005-03-10:184:1,1,B,neutral_vs_dovish,True,3.1519997282324375,-2.884666872647385,-2.6841128827151963,0.26733285558505226
RPM-2005-03-10:184:1,1,HD,hawkish_vs_dovish,True,-0.19353240451847775,-1.1698303247589936,-1.0470183144935254,-1.3633627292774713
RPM-2005-03-10:185:1,1,A,relevante_vs_irrelevante,True,0.4332739707283074,4.233386670503199,3.88669533814289,4.666660641231506
RPM-2005-03-10:185:1,1,B,dovish_vs_neutral,True,-3.1519997282324375,3.1917163309580463,3.040255153791535,0.03971660272560884
RPM-2005-03-10:185:1,1,HD,hawkish_vs_dovish,True,-0.19353240451847775,-0.4257507324842553,-0.35343075632135235,-0.6192831370027331
RPM-2005-03-10:186:1,1,A,relevante_vs_irrelevante,True,0.4332739707283074,3.3900043978954972,2.8614285118469027,3.8232783686238045
RPM-2005-03-10:186:1,1,B,neutral_vs_dovish,True,3.1519997282324375,-1.9364923665104434,-1.7816938914123515,1.215507361721994
RPM-2005-03-10:186:1,1,HD,hawkish_vs_dovish,True,-0.19353240451847775,-0.0658877207592104,-0.07341406138983332,-0.25942012527768815
RPM-2005-03-10:187:1,1,A,relevante_vs_irrelevante,True,0.4332739707283074,1.931727343614922,1.3913625402461614,2.3650013143432296
RPM-2005-03-10:187:1,1,B,neutral_vs_dovish,True,3.1519997282324375,-0.6939173457060839,-0.5647892351919043,2.458082382526354
RPM-2005-03-10:187:1,1,HD,hawkish_vs_dovish,True,-0.19353240451847775,-0.287381322498802,-0.17682126688568256,-0.48091372701727975
RPM-2005-03-10:188:1,1,A,relevante_vs_irrelevante,True,0.4332739707283074,2.238768784630543,1.5047588944185093,2.6720427553588504
RPM-2005-03-10:188:1,1,B,neutral_vs_dovish,True,3.1519997282324375,-1.0299533013304603,-0.6277555428948758,2.122046426901977
RPM-2005-03-10:188:1,1,HD,hawkish_vs_dovish,True,-0.19353240451847775,-0.39811679151732354,-0.1915281767265093,-0.5916491960358012
RPM-2005-03-10:189:1,1,A,relevante_vs_irrelevante,True,0.4332739707283074,3.565388492285636,3.141654190241072,3.998662463013943
RPM-2005-03-10:189:1,1,B,neutral_vs_hawkish,True,3.3455321327509155,-2.6526921719068306,-2.1022047372708843,0.692839960844085
RPM-2005-03-10:189:1,1,HD,hawkish_vs_dovish,True,-0.19353240451847775,0.4259684818127869,0.12870052091820872,0.23243607729430915
RPM-2005-03-10:190:1,1,A,relevante_vs_irrelevante,True,0.4332739707283074,3.2741362813728783,2.6901517706941185,3.7074102521011856
RPM-2005-03-10:190:1,1,B,neutral_vs_dovish,True,3.1519997282324375,-2.5914626502402625,-2.26495683515989,0.560537077992175
RPM-2005-03-10:190:1,1,HD,hawkish_vs_dovish,True,-0.19353240451847775,-0.024004550283072995,-0.0408845586500248,-0.21753695480155075
RPM-2005-03-10:191:1,1,A,relevante_vs_irrelevante,True,0.4332739707283074,4.247325264985213,3.82542264604013,4.680599235713521
RPM-2005-03-10:191:1,1,B,neutral_vs_dovish,True,3.1519997282324375,-2.5671223351683574,-2.3751810957068367,0.58487739306408
RPM-2005-03-10:191:1,1,HD,hawkish_vs_dovish,True,-0.19353240451847775,-0.4833938803112069,-0.4290719252521441,-0.6769262848296846
RPM-2005-03-10:192:1,1,A,relevante_vs_irrelevante,True,0.4332739707283074,3.3290984586392773,2.872508809002849,3.7623724293675846
RPM-2005-03-10:192:1,1,B,hawkish_vs_neutral,True,-3.3455321327509155,3.485160769380002,3.1063295134433884,0.13962863662908642
RPM-2005-03-10:192:1,1,HD,hawkish_vs_dovish,True,-0.19353240451847775,0.8171201390239025,0.7282987312371474,0.6235877345054247
RPM-2005-03-10:193:1,1,A,relevante_vs_irrelevante,True,0.4332739707283074,3.1870539335230017,3.04569952196036,3.620327904251309
RPM-2005-03-10:193:1,1,B,neutral_vs_dovish,True,3.1519997282324375,-3.0347956107025515,-2.755982107893152,0.11720411752988591
RPM-2005-03-10:193:1,1,HD,hawkish_vs_dovish,True,-0.19353240451847775,-0.04822673074854561,0.0048634960098701135,-0.24175913526702336
RPM-2005-03-10:194:1,1,A,relevante_vs_irrelevante,False,0.4332739707283074,-1.1755299349235155,-0.2724621145220558,-0.7422559641952081
RPM-2005-03-10:194:1,1,B,neutral_vs_dovish,False,3.1519997282324375,-2.8570172217034737,-2.3585808055083546,0.29498250652896374
RPM-2005-03-10:194:1,1,HD,hawkish_vs_dovish,False,-0.19353240451847775,-0.4707970860075277,-0.2606492026086498,-0.6643294905260054
RPM-2005-03-10:195:1,1,A,relevante_vs_irrelevante,False,0.4332739707283074,-0.9765701300720289,-0.5040766634754569,-0.5432961593437214
RPM-2005-03-10:195:1,1,B,neutral_vs_dovish,False,3.1519997282324375,-0.7397437600778685,-0.5812168188981772,2.412255968154569
RPM-2005-03-10:195:1,1,HD,hawkish_vs_dovish,False,-0.19353240451847775,-0.3768883384804862,-0.24554622545823374,-0.570420742998964
RPM-2005-03-10:196:1,1,A,relevante_vs_irrelevante,True,0.4332739707283074,2.1325486193096874,2.088232549980334,2.5658225900379947
RPM-2005-03-10:196:1,1,B,neutral_vs_hawkish,True,3.3455321327509155,-2.5460350189949796,-2.2341053266051687,0.7994971137559359
RPM-2005-03-10:196:1,1,HD,hawkish_vs_dovish,True,-0.19353240451847775,0.2448133176132234,0.23256292488891678,0.05128091309474564
RPM-2005-03-10:197:1,1,A,relevante_vs_irrelevante,True,0.4332739707283074,2.120430894252353,1.6823593223962048,2.55370486498066
RPM-2005-03-10:197:1,1,B,neutral_vs_hawkish,True,3.3455321327509155,-3.2629768190045207,-2.7950742976116003,0.0825553137463948
RPM-2005-03-10:197:1,1,HD,hawkish_vs_dovish,True,-0.19353240451847775,0.7948549255941862,0.6412086438435355,0.6013225210757085
RPM-2005-03-10:198:1,1,A,relevante_vs_irrelevante,True,0.4332739707283074,2.321740622133147,2.0806510938914715,2.7550145928614542
RPM-2005-03-10:198:1,1,B,hawkish_vs_neutral,True,-3.3455321327509155,4.005061235753657,3.650441536825526,0.6595291030027415
RPM-2005-03-10:198:1,1,HD,hawkish_vs_dovish,True,-0.19353240451847775,1.0066100911738234,0.941374251834395,0.8130776866553456
RPM-2005-03-10:199:1,1,A,relevante_vs_irrelevante,False,0.4332739707283074,-0.6260127333954252,-0.6249841999163085,-0.19273876266711776
RPM-2005-03-10:199:1,1,B,hawkish_vs_neutral,False,-3.3455321327509155,4.296138972700541,3.8175465147115246,0.950606839949625
RPM-2005-03-10:199:1,1,HD,hawkish_vs_dovish,False,-0.19353240451847775,1.627545112911514,1.675377108635389,1.4340127083930363
RPM-2005-03-10:200:1,1,A,relevante_vs_irrelevante,True,0.4332739707283074,2.414255386225463,2.3908834037099753,2.8475293569537703
RPM-2005-03-10:200:1,1,B,hawkish_vs_neutral,True,-3.3455321327509155,5.233348415983523,4.774636523079937,1.887816283232607
RPM-2005-03-10:200:1,1,HD,hawkish_vs_dovish,True,-0.19353240451847775,2.1170371339851513,2.1262634170670243,1.9235047294666736
RPM-2006-05-11:657:2,1,A,relevante_vs_irrelevante,True,0.4332739707283074,4.005921422150799,3.601633046495614,4.439195392879106
RPM-2006-05-11:657:2,1,B,neutral_vs_dovish,True,3.1519997282324375,-1.610713963200788,-1.4548363806212041,1.5412857650316494
RPM-2006-05-11:657:2,1,HD,hawkish_vs_dovish,True,-0.19353240451847775,-0.5264970619801155,-0.5458090733260458,-0.7200294664985932
RPM-2006-05-11:661:1,1,A,relevante_vs_irrelevante,True,0.4332739707283074,0.3805589288001945,0.2643402599627406,0.8138328995285019
RPM-2006-05-11:661:1,1,B,neutral_vs_dovish,True,3.1519997282324375,-0.985754161597068,-0.658708918828307,2.1662455666353697
RPM-2006-05-11:661:1,1,HD,hawkish_vs_dovish,True,-0.19353240451847775,-1.5089555792949465,-1.0027574469319247,-1.7024879838134241
RPM-2006-05-11:671:1,1,A,relevante_vs_irrelevante,True,0.4332739707283074,2.387528617414044,1.9875750328956856,2.8208025881423513
RPM-2006-05-11:671:1,1,B,dovish_vs_hawkish,True,0.19353240451847775,-0.0954948808680317,-0.09132361801116179,0.09803752365044605
RPM-2006-05-11:671:1,1,HD,hawkish_vs_dovish,True,-0.19353240451847775,0.0954948808680317,0.09132361801116179,-0.09803752365044605
RPM-2006-05-11:672:1,1,A,relevante_vs_irrelevante,True,0.4332739707283074,3.7210914349251434,3.3422433080909517,4.154365405653451
RPM-2006-05-11:672:1,1,B,dovish_vs_hawkish,True,0.19353240451847775,0.007396548430383454,0.008479565283886551,0.2009289529488612
RPM-2006-05-11:672:1,1,HD,hawkish_vs_dovish,True,-0.19353240451847775,-0.007396548430383454,-0.008479565283886568,-0.2009289529488612
RPM-2006-05-11:673:1,1,A,relevante_vs_irrelevante,True,0.4332739707283074,3.1039532086358257,2.752357348855374,3.537227179364133
RPM-2006-05-11:673:1,1,B,dovish_vs_hawkish,True,0.19353240451847775,-0.12067641657363251,-0.09378290411820883,0.07285598794484524
RPM-2006-05-11:673:1,1,HD,hawkish_vs_dovish,True,-0.19353240451847775,0.12067641657363251,0.09378290411820882,-0.07285598794484524
RPM-2006-05-11:674:1,1,A,relevante_vs_irrelevante,True,0.4332739707283074,3.542033754404343,3.579982531900532,3.9753077251326503
RPM-2006-05-11:674:1,1,B,hawkish_vs_dovish,True,-0.19353240451847775,0.638664887985596,0.6534776192374692,0.4451324834671182
RPM-2006-05-11:674:1,1,HD,hawkish_vs_dovish,True,-0.19353240451847775,0.638664887985596,0.6534776192374692,0.4451324834671182
RPM-2006-08-10:789:1,1,A,relevante_vs_irrelevante,True,0.4332739707283074,1.5965918823767964,1.0319389049710401,2.029865853105104
RPM-2006-08-10:789:1,1,B,neutral_vs_dovish,True,3.1519997282324375,0.4086082445534828,0.3877981585376799,3.5606079727859203
RPM-2006-08-10:789:1,1,HD,hawkish_vs_dovish,True,-0.19353240451847775,0.13754648565219124,0.12457457228622658,-0.05598591886628651
RPM-2006-08-10:807:1,1,A,relevante_vs_irrelevante,False,0.4332739707283074,-4.014500904642544,-1.6469276597667348,-3.5812269339142366
RPM-2006-08-10:807:1,1,B,neutral_vs_dovish,False,3.1519997282324375,0.4264105638671048,0.35264046586718634,3.578410292099542
RPM-2006-08-10:807:1,1,HD,hawkish_vs_dovish,False,-0.19353240451847775,-0.0950933964281715,-0.19125986366821973,-0.28862580094664925
RPM-2006-08-10:816:1,1,A,relevante_vs_irrelevante,False,0.4332739707283074,-4.649126407809359,-1.6826762631716372,-4.215852437081051
RPM-2006-08-10:816:1,1,B,neutral_vs_dovish,False,3.1519997282324375,-0.6456791621884655,-0.2368170960335214,2.506320566043972
RPM-2006-08-10:816:1,1,HD,hawkish_vs_dovish,False,-0.19353240451847775,0.10803486422787867,0.05433548637493584,-0.08549754029059908
RPM-2006-08-10:818:1,1,A,relevante_vs_irrelevante,False,0.4332739707283074,-5.246393918002475,-1.2087407635042418,-4.813119947274168
RPM-2006-08-10:818:1,1,B,neutral_vs_hawkish,False,3.3455321327509155,-0.34908192848150427,-0.22079899773420467,2.9964502042694114
RPM-2006-08-10:818:1,1,HD,hawkish_vs_dovish,False,-0.19353240451847775,0.42462457996967806,0.2399726249151673,0.2310921754512003
RPM-2006-08-10:820:1,1,A,relevante_vs_irrelevante,True,0.4332739707283074,1.49117701093082,1.048509058985002,1.9244509816591275
RPM-2006-08-10:820:1,1,B,neutral_vs_dovish,True,3.1519997282324375,-1.9052184543365391,-1.5133123178941899,1.2467812738958983
RPM-2006-08-10:820:1,1,HD,hawkish_vs_dovish,True,-0.19353240451847775,0.021027869857993126,-0.00455660369324359,-0.17250453466048463
RPM-2006-08-10:826:1,1,A,relevante_vs_irrelevante,True,0.4332739707283074,3.257261196032228,3.268711067185177,3.6905351667605353
RPM-2006-08-10:826:1,1,B,hawkish_vs_dovish,True,-0.19353240451847775,0.9399708946687496,0.9315121946678245,0.7464384901502719
RPM-2006-08-10:826:1,1,HD,hawkish_vs_dovish,True,-0.19353240451847775,0.9399708946687496,0.9315121946678245,0.7464384901502719
RPM-2007-06-14:1278:1,1,A,relevante_vs_irrelevante,True,0.4332739707283074,3.106450208188078,2.5557418841271957,3.5397241789163854
RPM-2007-06-14:1278:1,1,B,neutral_vs_dovish,True,3.1519997282324375,-0.8200727713118421,-0.6889103078419618,2.3319269569205954
RPM-2007-06-14:1278:1,1,HD,hawkish_vs_dovish,True,-0.19353240451847775,-0.4407053015052359,-0.44398800626865637,-0.6342377060237137
RPM-2007-06-14:1305:1,1,A,relevante_vs_irrelevante,True,0.4332739707283074,3.765460320251602,3.370400106554893,4.1987342909799095
RPM-2007-06-14:1305:1,1,B,dovish_vs_hawkish,True,0.19353240451847775,-0.04225193486877157,-0.06782645447023992,0.15128046964970618
RPM-2007-06-14:1305:1,1,HD,hawkish_vs_dovish,True,-0.19353240451847775,0.04225193486877157,0.06782645447023988,-0.15128046964970618
RPM-2007-07-12:1314:2,1,A,relevante_vs_irrelevante,True,0.4332739707283074,1.1225373119244322,0.7753457959950127,1.5558112826527397
RPM-2007-07-12:1314:2,1,B,neutral_vs_dovish,True,3.1519997282324375,0.30542178102038064,0.31740512007765037,3.457421509252818
RPM-2007-07-12:1314:2,1,HD,hawkish_vs_dovish,True,-0.19353240451847775,-0.05337442055125033,-0.05701719711917384,-0.24690682506972808
RPM-2007-07-12:1324:1,1,A,relevante_vs_irrelevante,True,0.4332739707283074,3.92247103987712,3.5027178216768027,4.355745010605427
RPM-2007-07-12:1324:1,1,B,neutral_vs_hawkish,True,3.3455321327509155,-1.448034208123683,-1.2782989847890198,1.8974979246272325
RPM-2007-07-12:1324:1,1,HD,hawkish_vs_dovish,True,-0.19353240451847775,0.6597446411419341,0.6411363077133789,0.46621223662345634
RPM-2007-07-12:1325:3,1,A,relevante_vs_irrelevante,True,0.4332739707283074,1.269360009458589,0.6363598593102272,1.7026339801868966
RPM-2007-07-12:1325:3,1,B,neutral_vs_dovish,True,3.1519997282324375,0.5260290025864851,0.46904858294738117,3.6780287308189226
RPM-2007-07-12:1325:3,1,HD,hawkish_vs_dovish,True,-0.19353240451847775,-0.1715904886432933,-0.1326286299579707,-0.36512289316177104
RPM-2007-07-12:1329:1,1,A,relevante_vs_irrelevante,True,0.4332739707283074,0.8566111657106876,0.5116939943989147,1.2898851364389952
RPM-2007-07-12:1329:1,1,B,neutral_vs_dovish,True,3.1519997282324375,0.014616300298806256,0.0778528205066011,3.166616028531244
RPM-2007-07-12:1329:1,1,HD,hawkish_vs_dovish,True,-0.19353240451847775,-0.10138905007131857,-0.03820550045105381,-0.29492145458979635
RPM-2007-07-12:1332:1,1,A,relevante_vs_irrelevante,True,0.4332739707283074,1.0278432660730341,0.874498076670008,1.4611172368013414
RPM-2007-07-12:1332:1,1,B,neutral_vs_dovish,True,3.1519997282324375,0.007734635007318025,0.012632232131961497,3.1597343632397554
RPM-2007-07-12:1332:1,1,HD,hawkish_vs_dovish,True,-0.19353240451847775,-0.4259985138464302,-0.31659605835218063,-0.619530918364908
RPM-2007-07-12:1335:2,1,A,relevante_vs_irrelevante,True,0.4332739707283074,1.7069831311657984,1.2139526913404823,2.1402571018941057
RPM-2007-07-12:1335:2,1,B,neutral_vs_dovish,True,3.1519997282324375,-0.6150369455285276,-0.5006161530763349,2.5369627827039096
RPM-2007-07-12:1335:2,1,HD,hawkish_vs_dovish,True,-0.19353240451847775,-0.01600385824842773,-0.01740698467292444,-0.20953626276690548
RPM-2008-06-10:1869:7,1,A,relevante_vs_irrelevante,True,0.4332739707283074,1.0628274833163163,1.1352685366905968,1.4961014540446236
RPM-2008-06-10:1869:7,1,B,neutral_vs_dovish,True,3.1519997282324375,-0.22767347248968975,-0.19035965521603665,2.9243262557427476
RPM-2008-06-10:1869:7,1,HD,hawkish_vs_dovish,True,-0.19353240451847775,0.05241402508509604,0.017813531384148783,-0.1411183794333817
RPM-2008-06-10:1873:4,1,A,relevante_vs_irrelevante,True,0.4332739707283074,1.7900575804601702,1.2962945593311268,2.2233315511884775
RPM-2008-06-10:1873:4,1,B,neutral_vs_dovish,True,3.1519997282324375,-0.1295995202483879,-0.07639077033444192,3.0224002079840497
RPM-2008-06-10:1873:4,1,HD,hawkish_vs_dovish,True,-0.19353240451847775,-0.2461434240377991,-0.1852844663847681,-0.43967582855627685
RPM-2008-06-10:1874:1,1,A,relevante_vs_irrelevante,True,0.4332739707283074,2.697594184604384,2.0681772094608073,3.130868155332691
RPM-2008-06-10:1874:1,1,B,neutral_vs_dovish,True,3.1519997282324375,-1.2019526086644623,-0.9047008913814216,1.9500471195679752
RPM-2008-06-10:1874:1,1,HD,hawkish_vs_dovish,True,-0.19353240451847775,-0.6578656347148923,-0.5044383079710282,-0.8513980392333701
RPM-2008-06-10:1879:1,1,A,relevante_vs_irrelevante,True,0.4332739707283074,1.1454735180282842,0.6677934716734836,1.5787474887565915
RPM-2008-06-10:1879:1,1,B,neutral_vs_dovish,True,3.1519997282324375,-0.05867992865574338,0.062028441413364346,3.093319799576694
RPM-2008-06-10:1879:1,1,HD,hawkish_vs_dovish,True,-0.19353240451847775,0.013052123463938317,0.009231760515968662,-0.18048028105453945
RPM-2008-06-10:1889:3,1,A,relevante_vs_irrelevante,True,0.4332739707283074,0.68648189673526,0.5590190445060308,1.1197558674635675
RPM-2008-06-10:1889:3,1,B,neutral_vs_dovish,True,3.1519997282324375,-0.6318758607249904,-0.4527570017148237,2.520123867507447
RPM-2008-06-10:1889:3,1,HD,hawkish_vs_dovish,True,-0.19353240451847775,-0.03424668477350107,-0.17398380157877724,-0.22777908929197882
RPM-2008-06-10:1902:1,1,A,relevante_vs_irrelevante,True,0.4332739707283074,4.001263797722278,3.7190529359421416,4.434537768450586
RPM-2008-06-10:1902:1,1,B,hawkish_vs_dovish,True,-0.19353240451847775,1.2726572792230428,1.1440219176006852,1.079124874704565
RPM-2008-06-10:1902:1,1,HD,hawkish_vs_dovish,True,-0.19353240451847775,1.2726572792230428,1.1440219176006852,1.079124874704565
RPM-2008-07-10:1916:2,1,A,relevante_vs_irrelevante,True,0.4332739707283074,3.9142081667954067,3.6480276339933027,4.3474821375237145
RPM-2008-07-10:1916:2,1,B,neutral_vs_dovish,True,3.1519997282324375,-1.6170902607496984,-1.5599476370013192,1.534909467482739
RPM-2008-07-10:1916:2,1,HD,hawkish_vs_dovish,True,-0.19353240451847775,-0.21671650587824712,-0.21108690008293066,-0.41024891039672484
RPM-2008-07-10:1917:3,1,A,relevante_vs_irrelevante,True,0.4332739707283074,2.324158763001491,1.7577477458578057,2.7574327337297984
RPM-2008-07-10:1917:3,1,B,neutral_vs_dovish,True,3.1519997282324375,-0.35098357457762425,-0.2757934835370231,2.801016153654813
RPM-2008-07-10:1917:3,1,HD,hawkish_vs_dovish,True,-0.19353240451847775,-0.0037213440563160366,0.0008112798908967642,-0.19725374857479377
RPM-2008-07-10:1923:7,1,A,relevante_vs_irrelevante,True,0.4332739707283074,2.722311091370716,2.133970131093732,3.155585062099023
RPM-2008-07-10:1923:7,1,B,neutral_vs_dovish,True,3.1519997282324375,-1.7467843244624564,-1.4142878937510543,1.405215403769981
RPM-2008-07-10:1923:7,1,HD,hawkish_vs_dovish,True,-0.19353240451847775,-0.5124239462882103,-0.48512117756996587,-0.7059563508066881
RPM-2008-07-10:1945:1,1,A,relevante_vs_irrelevante,True,0.4332739707283074,1.2178051837184498,1.1646550495870704,1.6510791544467573
RPM-2008-07-10:1945:1,1,B,neutral_vs_hawkish,True,3.3455321327509155,-0.7240220573050077,-0.5369661112929497,2.621510075445908
RPM-2008-07-10:1945:1,1,HD,hawkish_vs_dovish,True,-0.19353240451847775,0.2834169867733536,0.20235805104118154,0.08988458225487583
RPM-2008-07-10:1948:2,1,A,relevante_vs_irrelevante,True,0.4332739707283074,2.371829841154776,1.8541849748229915,2.8051038118830833
RPM-2008-07-10:1948:2,1,B,neutral_vs_dovish,True,3.1519997282324375,-1.842278199928849,-1.6720422685483074,1.3097215283035886
RPM-2008-07-10:1948:2,1,HD,hawkish_vs_dovish,True,-0.19353240451847775,-0.28362536463407967,-0.20658336656018003,-0.4771577691525574
RPM-2008-07-10:1953:1,1,A,relevante_vs_irrelevante,True,0.4332739707283074,2.385180912911993,1.8781030596082608,2.8184548836403005
RPM-2008-07-10:1953:1,1,B,neutral_vs_dovish,True,3.1519997282324375,-0.9921465243039923,-0.7571951426209238,2.1598532039284453
RPM-2008-07-10:1953:1,1,HD,hawkish_vs_dovish,True,-0.19353240451847775,-0.43060301801125994,-0.37002636956119705,-0.6241354225297377
RPM-2008-07-10:1975:1,1,A,relevante_vs_irrelevante,True,0.4332739707283074,-0.05730542952078373,0.1217043116115852,0.3759685412075237
RPM-2008-07-10:1975:1,1,B,neutral_vs_hawkish,True,3.3455321327509155,-3.315216942049047,-2.693459762125035,0.03031519070186839
RPM-2008-07-10:1975:1,1,HD,hawkish_vs_dovish,True,-0.19353240451847775,0.34930459640959893,0.08511949523927426,0.15577219189112118
RPM-2008-12-11:2177:2,1,A,relevante_vs_irrelevante,True,0.4332739707283074,1.0374914805190825,0.6403333549122258,1.4707654512473898
RPM-2008-12-11:2177:2,1,B,neutral_vs_dovish,True,3.1519997282324375,0.6366442933921785,0.6202888606144522,3.788644021624616
RPM-2008-12-11:2177:2,1,HD,hawkish_vs_dovish,True,-0.19353240451847775,0.088197767973971,0.06588150768312608,-0.10533463654450675
RPM-2008-12-11:2206:3,1,A,relevante_vs_irrelevante,True,0.4332739707283074,0.4319345640870801,0.3532643670517306,0.8652085348153875
RPM-2008-12-11:2206:3,1,B,neutral_vs_dovish,True,3.1519997282324375,0.44762643336881164,0.34567058868958,3.599626161601249
RPM-2008-12-11:2206:3,1,HD,hawkish_vs_dovish,True,-0.19353240451847775,-0.07551210737759277,-0.03617815094215289,-0.26904451189607054
RPM-2008-12-11:2217:1,1,A,relevante_vs_irrelevante,True,0.4332739707283074,1.521459203526482,1.2881658996841174,1.9547331742547893
RPM-2008-12-11:2217:1,1,B,neutral_vs_dovish,True,3.1519997282324375,-0.11335142045175522,0.09542908008409728,3.038648307780682
RPM-2008-12-11:2217:1,1,HD,hawkish_vs_dovish,True,-0.19353240451847775,-0.022362937530461237,0.16630046773940385,-0.21589534204893898
RPM-2008-12-11:2221:2,1,A,relevante_vs_irrelevante,True,0.4332739707283074,0.7210144595010539,0.5454408879324844,1.1542884302293612
RPM-2008-12-11:2221:2,1,B,neutral_vs_hawkish,True,3.3455321327509155,-0.8855369219633469,-0.577602853882923,2.459995210787569
RPM-2008-12-11:2221:2,1,HD,hawkish_vs_dovish,True,-0.19353240451847775,0.26899988610718983,0.17820972270666763,0.07546748158871208
RPM-2008-12-11:2229:1,1,A,relevante_vs_irrelevante,True,0.4332739707283074,1.737866879194772,1.2038963112318415,2.1711408499230793
RPM-2008-12-11:2229:1,1,B,neutral_vs_dovish,True,3.1519997282324375,-0.49382299472890406,-0.4080934240665446,2.6581767335035336
RPM-2008-12-11:2229:1,1,HD,hawkish_vs_dovish,True,-0.19353240451847775,-0.5665572250866724,-0.4854833579877653,-0.7600896296051501
RPM-2008-12-11:2232:1,1,A,relevante_vs_irrelevante,True,0.4332739707283074,0.7752365243372883,0.7289634794668143,1.2085104950655956
RPM-2008-12-11:2232:1,1,B,neutral_vs_dovish,True,3.1519997282324375,-0.7078241763659161,-0.42284871381654543,2.4441755518665214
RPM-2008-12-11:2232:1,1,HD,hawkish_vs_dovish,True,-0.19353240451847775,0.008282878934630394,0.059545387036310925,-0.18524952558384736
RPM-2008-12-11:2237:4,1,A,relevante_vs_irrelevante,False,0.4332739707283074,-3.7740607976393505,-1.5418195702689799,-3.3407868269110432
RPM-2008-12-11:2237:4,1,B,neutral_vs_dovish,False,3.1519997282324375,-1.1289659389105526,-0.7724067695078172,2.023033789321885
RPM-2008-12-11:2237:4,1,HD,hawkish_vs_dovish,False,-0.19353240451847775,-0.3390952365417243,-0.3151264143291849,-0.532627641060202
RPM-2008-12-11:2238:1,1,A,relevante_vs_irrelevante,True,0.4332739707283074,3.8488697167014685,3.610545207631168,4.282143687429776
RPM-2008-12-11:2238:1,1,B,dovish_vs_hawkish,True,0.19353240451847775,-0.03667913016523326,-0.07929994507548545,0.15685327435324448
RPM-2008-12-11:2238:1,1,HD,hawkish_vs_dovish,True,-0.19353240451847775,0.03667913016523326,0.07929994507548542,-0.15685327435324448
RPM-2008-12-11:2249:1,1,A,relevante_vs_irrelevante,True,0.4332739707283074,4.049965192450701,3.735788534308918,4.483239163179008
RPM-2008-12-11:2249:1,1,B,dovish_vs_neutral,True,-3.1519997282324375,3.3125436259379324,3.19431509501732,0.16054389770549493
RPM-2008-12-11:2249:1,1,HD,hawkish_vs_dovish,True,-0.19353240451847775,-0.7355406404805811,-0.6533806690077087,-0.9290730449990589
RPM-2008-12-11:2251:1,1,A,relevante_vs_irrelevante,True,0.4332739707283074,3.4355159303558316,3.1284924556041247,3.868789901084139
RPM-2008-12-11:2251:1,1,B,dovish_vs_hawkish,True,0.19353240451847775,0.13717441823011686,0.14851064622861354,0.33070682274859464
RPM-2008-12-11:2251:1,1,HD,hawkish_vs_dovish,True,-0.19353240451847775,-0.13717441823011686,-0.14851064622861354,-0.33070682274859464
RPM-2009-09-08:2705:7,1,A,relevante_vs_irrelevante,False,0.4332739707283074,-3.3237897964488137,-1.4714126151005003,-2.8905158257205064
RPM-2009-09-08:2705:7,1,B,neutral_vs_dovish,False,3.1519997282324375,-1.4868315661768619,-0.8506627560872203,1.6651681620555756
RPM-2009-09-08:2705:7,1,HD,hawkish_vs_dovish,False,-0.19353240451847775,-0.2662735615868804,0.06492745176067788,-0.4598059661053582
RPM-2009-09-08:2706:1,1,A,relevante_vs_irrelevante,False,0.4332739707283074,-4.225301968225746,-1.6630993200608812,-3.7920279974974385
RPM-2009-09-08:2706:1,1,B,neutral_vs_dovish,False,3.1519997282324375,-1.049126477606875,-0.6649185487137931,2.1028732506255627
RPM-2009-09-08:2706:1,1,HD,hawkish_vs_dovish,False,-0.19353240451847775,-0.06631957110727325,-0.07365215584422805,-0.259851975625751
RPM-2010-08-12:3286:3,1,A,relevante_vs_irrelevante,True,0.4332739707283074,3.1340029652147154,2.5968893712623906,3.5672769359430228
RPM-2010-08-12:3286:3,1,B,neutral_vs_dovish,True,3.1519997282324375,-1.3255577190670444,-1.1629162557894577,1.826442009165393
RPM-2010-08-12:3286:3,1,HD,hawkish_vs_dovish,True,-0.19353240451847775,-0.2584436380814582,-0.33164742152691673,-0.45197604259993596
RPM-2010-08-12:3302:1,1,A,relevante_vs_irrelevante,True,0.4332739707283074,0.2191725316718387,0.22895689423905016,0.6524465024001461
RPM-2010-08-12:3302:1,1,B,neutral_vs_dovish,True,3.1519997282324375,-0.008127230470795603,0.04222559070849983,3.1438724977616417
RPM-2010-08-12:3302:1,1,HD,hawkish_vs_dovish,True,-0.19353240451847775,-0.05989382497708476,-0.018094390021628007,-0.2534262294955625
RPM-2010-08-12:3303:3,1,A,relevante_vs_irrelevante,True,0.4332739707283074,1.240985543013175,0.2816846819856389,1.6742595137414824
RPM-2010-08-12:3303:3,1,B,neutral_vs_dovish,True,3.1519997282324375,-0.36379645914906344,-0.17972290914685113,2.788203269083374
RPM-2010-08-12:3303:3,1,HD,hawkish_vs_dovish,True,-0.19353240451847775,-0.32614311608760616,-0.16220064009560298,-0.5196755206060839
RPM-2010-08-12:3308:2,1,A,relevante_vs_irrelevante,True,0.4332739707283074,0.8643842218321431,0.6241887785277043,1.2976581925604505
RPM-2010-08-12:3308:2,1,B,neutral_vs_dovish,True,3.1519997282324375,0.3163397626023993,0.31330107464723095,3.4683394908348366
RPM-2010-08-12:3308:2,1,HD,hawkish_vs_dovish,True,-0.19353240451847775,0.0940870822007915,0.0693252426509526,-0.09944532231768625
RPM-2010-08-12:3310:4,1,A,relevante_vs_irrelevante,True,0.4332739707283074,2.5128567063001914,1.948426029290955,2.9461306770284987
RPM-2010-08-12:3310:4,1,B,neutral_vs_hawkish,True,3.3455321327509155,-0.2885883655387108,-0.242864220451127,3.056943767212205
RPM-2010-08-12:3310:4,1,HD,hawkish_vs_dovish,True,-0.19353240451847775,0.29751613814603306,0.2857838756536889,0.10398373362755531
RPM-2010-08-12:3337:1,1,A,relevante_vs_irrelevante,True,0.4332739707283074,3.2970187248583294,3.1453362128553994,3.7302926955866367
RPM-2010-08-12:3337:1,1,B,neutral_vs_dovish,True,3.1519997282324375,-2.7926937166447,-2.6356242593939267,0.35930601158773756
RPM-2010-08-12:3337:1,1,HD,hawkish_vs_dovish,True,-0.19353240451847775,-0.05926312145413623,-0.05900685335019443,-0.252795525972614
RPM-2012-11-13:5207:3,1,A,relevante_vs_irrelevante,False,0.4332739707283074,-3.646486569931185,-0.6215582569243798,-3.2132125992028775
RPM-2012-11-13:5207:3,1,B,neutral_vs_hawkish,False,3.3455321327509155,-2.5196148427933074,-1.0985211271432171,0.8259172899576082
RPM-2012-11-13:5207:3,1,HD,hawkish_vs_dovish,False,-0.19353240451847775,0.9027513402382747,0.4669031006982101,0.709218935719797
RPM-2012-11-13:5215:1,1,A,relevante_vs_irrelevante,True,0.4332739707283074,3.699874247379796,3.477287182551529,4.133148218108103
RPM-2012-11-13:5215:1,1,B,dovish_vs_neutral,True,-3.1519997282324375,3.6560119353969833,3.5222473474257057,0.5040122071645459
RPM-2012-11-13:5215:1,1,HD,hawkish_vs_dovish,True,-0.19353240451847775,-0.7274121524504267,-0.6726078405096481,-0.9209445569689044
RPM-2013-08-13:5718:1,1,A,relevante_vs_irrelevante,False,0.4332739707283074,-1.3297277626639357,-0.006543132487195846,-0.8964537919356282
RPM-2013-08-13:5718:1,1,B,neutral_vs_dovish,False,3.1519997282324375,-0.09036027311875536,-0.07234517393646209,3.0616394551136823
RPM-2013-08-13:5718:1,1,HD,hawkish_vs_dovish,False,-0.19353240451847775,-0.8666589503602694,-0.4156662292604115,-1.0601913548787472
RPM-2013-08-13:5727:2,1,A,relevante_vs_irrelevante,True,0.4332739707283074,0.6174179536844191,0.40923696954769706,1.0506919244127264
RPM-2013-08-13:5727:2,1,B,neutral_vs_dovish,True,3.1519997282324375,-0.5720191697046528,-0.42448855245901934,2.579980558527785
RPM-2013-08-13:5727:2,1,HD,hawkish_vs_dovish,True,-0.19353240451847775,-0.424390747194911,-0.25203488981482813,-0.6179231517133887
RPM-2013-08-13:5738:2,1,A,relevante_vs_irrelevante,False,0.4332739707283074,-3.856773452834246,-2.0602944260544866,-3.423499482105939
RPM-2013-08-13:5738:2,1,B,neutral_vs_dovish,False,3.1519997282324375,-1.2048644870497154,-0.7413856113663726,1.947135241182722
RPM-2013-08-13:5738:2,1,HD,hawkish_vs_dovish,False,-0.19353240451847775,-0.3837798996856586,-0.300353986132847,-0.5773123042041364
RPM-2013-08-13:5748:1,1,A,relevante_vs_irrelevante,True,0.4332739707283074,1.5016948762564224,1.0375534733025638,1.93496884698473
RPM-2013-08-13:5748:1,1,B,dovish_vs_neutral,True,-3.1519997282324375,3.29608533539681,2.9114338004111118,0.14408560716437258
RPM-2013-08-13:5748:1,1,HD,hawkish_vs_dovish,True,-0.19353240451847775,-0.6990633265400178,-0.5642114757020092,-0.8925957310584955
RPM-2013-08-13:5752:2,1,A,relevante_vs_irrelevante,False,0.4332739707283074,-0.480746764965003,-0.32414435763900473,-0.04747279423669559
RPM-2013-08-13:5752:2,1,B,dovish_vs_neutral,False,-3.1519997282324375,3.2758221883255056,3.1387658293943455,0.12382246009306819
RPM-2013-08-13:5752:2,1,HD,hawkish_vs_dovish,False,-0.19353240451847775,-2.7016688355923466,-2.4176999504293506,-2.8952012401108242
RPM-2014-10-16:6451:2,1,A,relevante_vs_irrelevante,True,0.4332739707283074,1.6288140234959974,1.303496298237813,2.0620879942243047
RPM-2014-10-16:6451:2,1,B,neutral_vs_dovish,True,3.1519997282324375,-0.6737883800372737,-0.4959065078115215,2.4782113481951638
RPM-2014-10-16:6451:2,1,HD,hawkish_vs_dovish,True,-0.19353240451847775,-0.02757343553199477,-0.0251876032500836,-0.2211058400504725
RPM-2014-10-16:6452:1,1,A,relevante_vs_irrelevante,True,0.4332739707283074,3.0266430546442997,2.507529764887909,3.459917025372607
RPM-2014-10-16:6452:1,1,B,neutral_vs_dovish,True,3.1519997282324375,-1.032561866999346,-0.9385448690739411,2.1194378612330915
RPM-2014-10-16:6452:1,1,HD,hawkish_vs_dovish,True,-0.19353240451847775,-0.8584987049252532,-0.8044205545807801,-1.052031109443731
RPM-2014-10-16:6484:1,1,A,relevante_vs_irrelevante,True,0.4332739707283074,1.2751382684768366,1.150082805233697,1.7084122392051442
RPM-2014-10-16:6484:1,1,B,dovish_vs_hawkish,True,0.19353240451847775,0.8359400377607491,0.791473371039842,1.0294724422792267
RPM-2014-10-16:6484:1,1,HD,hawkish_vs_dovish,True,-0.19353240451847775,-0.8359400377607491,-0.7914733710398419,-1.0294724422792267
RPM-2015-05-14:6760:1,1,A,relevante_vs_irrelevante,True,0.4332739707283074,-0.2962824444930362,0.15424984091839444,0.13699152623527122
RPM-2015-05-14:6760:1,1,B,neutral_vs_dovish,True,3.1519997282324375,-0.5904810488852724,-0.43858386790619386,2.561518679347165
RPM-2015-05-14:6760:1,1,HD,hawkish_vs_dovish,True,-0.19353240451847775,-0.7650863956480582,-0.586522303293809,-0.958618800166536
RPM-2015-05-14:6762:1,1,A,relevante_vs_irrelevante,False,0.4332739707283074,-3.932821153358026,-1.4030642265493256,-3.4995471826297186
RPM-2015-05-14:6762:1,1,B,neutral_vs_dovish,False,3.1519997282324375,-0.09626105550273868,-0.007353926373187297,3.055738672729699
RPM-2015-05-14:6762:1,1,HD,hawkish_vs_dovish,False,-0.19353240451847775,-0.539893520099321,-0.2515953300743876,-0.7334259246177988
RPM-2015-05-14:6769:2,1,A,relevante_vs_irrelevante,True,0.4332739707283074,0.6756758783716751,0.4636282293978383,1.1089498490999825
RPM-2015-05-14:6769:2,1,B,neutral_vs_dovish,True,3.1519997282324375,-0.13467963457552157,-0.13394384888693034,3.017320093656916
RPM-2015-05-14:6769:2,1,HD,hawkish_vs_dovish,True,-0.19353240451847775,0.008024655156377614,-0.04224572924683255,-0.18550774936210013
RPM-2015-05-14:6772:1,1,A,relevante_vs_irrelevante,True,0.4332739707283074,1.8867358672218517,1.577663984809578,2.3200098379501592
RPM-2015-05-14:6772:1,1,B,neutral_vs_dovish,True,3.1519997282324375,-0.7815393789760166,-0.6689174605621155,2.3704603492564207
RPM-2015-05-14:6772:1,1,HD,hawkish_vs_dovish,True,-0.19353240451847775,-0.6471490221081972,-0.6196433576238569,-0.840681426626675
RPM-2015-05-14:6773:1,1,A,relevante_vs_irrelevante,True,0.4332739707283074,1.2816451316114426,0.7743715905280436,1.71491910233975
RPM-2015-05-14:6773:1,1,B,neutral_vs_dovish,True,3.1519997282324375,-0.14486237870883853,-0.031369660339226,3.007137349523599
RPM-2015-05-14:6773:1,1,HD,hawkish_vs_dovish,True,-0.19353240451847775,-0.27424807727130945,-0.265942069413399,-0.4677804817897872
RPM-2015-05-14:6774:1,1,A,relevante_vs_irrelevante,True,0.4332739707283074,2.1057084699987354,1.567946756438079,2.5389824407270427
RPM-2015-05-14:6774:1,1,B,neutral_vs_dovish,True,3.1519997282324375,-0.5022652786211315,-0.2778827615875031,2.649734449611306
RPM-2015-05-14:6774:1,1,HD,hawkish_vs_dovish,True,-0.19353240451847775,-0.6220757852967111,-0.5099828529045825,-0.8156081898151889
RPM-2015-05-14:6800:1,1,A,relevante_vs_irrelevante,False,0.4332739707283074,-4.069092866024984,-1.329173126897036,-3.6358188952966763
RPM-2015-05-14:6800:1,1,B,neutral_vs_dovish,False,3.1519997282324375,0.29068248891954573,0.30420823012181986,3.442682217151983
RPM-2015-05-14:6800:1,1,HD,hawkish_vs_dovish,False,-0.19353240451847775,-0.1792705053706863,-0.16114038136855235,-0.3728029098891641
RPM-2015-05-14:6804:1,1,A,relevante_vs_irrelevante,True,0.4332739707283074,2.859946348838525,2.4995395515720222,3.2932203195668324
RPM-2015-05-14:6804:1,1,B,dovish_vs_neutral,True,-3.1519997282324375,3.619378271878573,3.422735395080827,0.46737854364613574
RPM-2015-05-14:6804:1,1,HD,hawkish_vs_dovish,True,-0.19353240451847775,-0.8528943166371715,-0.8452168616662902,-1.0464267211556493
RPM-2005-04-07:207:10,2,A,relevante_vs_irrelevante,False,0.4961854394299526,-1.6683610650552245,-2.220446049250313e-16,-1.172175625625272
RPM-2005-04-07:207:10,2,B,neutral_vs_dovish,False,3.1736653068907232,0.25098993249486296,0.10043053543678435,3.424655239385586
RPM-2005-04-07:207:10,2,HD,hawkish_vs_dovish,False,-0.15066945745316795,0.08963749830256942,0.04045980297144337,-0.06103195915059853
RPM-2006-01-12:527:1,2,A,relevante_vs_irrelevante,False,0.4961854394299526,-3.729672713659943,-2.5982444029068223,-3.2334872742299905
RPM-2006-01-12:527:1,2,B,neutral_vs_dovish,False,3.1736653068907232,-1.2515914217413693,-1.0430726447765966,1.922073885149354
RPM-2006-01-12:527:1,2,HD,hawkish_vs_dovish,False,-0.15066945745316795,-0.2803212388335395,-0.2155685970028439,-0.43099069628670744
RPM-2006-01-12:571:1,2,A,relevante_vs_irrelevante,True,0.4961854394299526,3.9457475003517795,3.64090383842333,4.441932939781732
RPM-2006-01-12:571:1,2,B,hawkish_vs_dovish,True,-0.15066945745316795,1.242061994354803,1.0214438218239805,1.091392536901635
RPM-2006-01-12:571:1,2,HD,hawkish_vs_dovish,True,-0.15066945745316795,1.242061994354803,1.0214438218239805,1.091392536901635
RPM-2006-10-12:941:1,2,A,relevante_vs_irrelevante,True,0.4961854394299526,3.3058223573655248,2.884357151997795,3.8020077967954773
RPM-2006-10-12:941:1,2,B,dovish_vs_hawkish,True,0.15066945745316795,0.47472851529080456,0.3897872649229328,0.6253979727439725
RPM-2006-10-12:941:1,2,HD,hawkish_vs_dovish,True,-0.15066945745316795,-0.47472851529080456,-0.3897872649229327,-0.6253979727439725
RPM-2007-10-11:1505:1,2,A,relevante_vs_irrelevante,True,0.4961854394299526,0.3032184175465522,0.3107521273401221,0.7994038569765047
RPM-2007-10-11:1505:1,2,B,neutral_vs_dovish,True,3.1736653068907232,-0.13191515405857174,-0.10376323022077039,3.0417501528321513
RPM-2007-10-11:1505:1,2,HD,hawkish_vs_dovish,True,-0.15066945745316795,-0.6442099212483473,-0.5231866992912998,-0.7948793787015153
RPM-2008-09-04:2048:1,2,A,relevante_vs_irrelevante,False,0.4961854394299526,-1.9558624043816921,-0.8073464160611061,-1.4596769649517396
RPM-2008-09-04:2048:1,2,B,neutral_vs_dovish,False,3.1736653068907232,-1.0121576424157637,-0.5685674962677523,2.16150766447496
RPM-2008-09-04:2048:1,2,HD,hawkish_vs_dovish,False,-0.15066945745316795,0.05940128927231003,0.010464492230347677,-0.09126816818085792
RPM-2008-09-04:2083:1,2,A,relevante_vs_irrelevante,True,0.4961854394299526,0.8621249465203837,0.8812365799030021,1.3583103859503363
RPM-2008-09-04:2083:1,2,B,neutral_vs_dovish,True,3.1736653068907232,-0.9120562060027063,-0.5947935128888425,2.261609100888017
RPM-2008-09-04:2083:1,2,HD,hawkish_vs_dovish,True,-0.15066945745316795,-0.7804718307531234,-0.5921290824503449,-0.9311412882062914
RPM-2008-09-04:2088:1,2,A,relevante_vs_irrelevante,True,0.4961854394299526,2.9021800446188366,2.5936085227645673,3.398365484048789
RPM-2008-09-04:2088:1,2,B,hawkish_vs_dovish,True,-0.15066945745316795,0.8326000134450744,0.7351058981922313,0.6819305559919064
RPM-2008-09-04:2088:1,2,HD,hawkish_vs_dovish,True,-0.15066945745316795,0.8326000134450744,0.7351058981922313,0.6819305559919064
RPM-2009-07-09:2608:4,2,A,relevante_vs_irrelevante,True,0.4961854394299526,1.1107202963336982,0.4632137207466748,1.6069057357636507
RPM-2009-07-09:2608:4,2,B,neutral_vs_dovish,True,3.1736653068907232,-0.35809047376308767,-0.18212785124816294,2.8155748331276356
RPM-2009-07-09:2608:4,2,HD,hawkish_vs_dovish,True,-0.15066945745316795,0.10481855304722747,0.033431806605304884,-0.04585090440594049
RPM-2009-07-09:2644:2,2,A,relevante_vs_irrelevante,True,0.4961854394299526,2.8855436882230108,2.763033470996859,3.3817291276529633
RPM-2009-07-09:2644:2,2,B,dovish_vs_neutral,True,-3.1736653068907232,4.100629470822683,3.809160529843512,0.9269641639319595
RPM-2009-07-09:2644:2,2,HD,hawkish_vs_dovish,True,-0.15066945745316795,-0.8162191060337899,-0.7387646487898388,-0.9668885634869578
RPM-2009-10-13:2714:1,2,A,relevante_vs_irrelevante,False,0.4961854394299526,-1.9662985934295378,-1.3720840069500673,-1.4701131539995853
RPM-2009-10-13:2714:1,2,B,neutral_vs_dovish,False,3.1736653068907232,-1.7057262181593265,-0.9088083773482453,1.4679390887313968
RPM-2009-10-13:2714:1,2,HD,hawkish_vs_dovish,False,-0.15066945745316795,-0.019874644011610824,-0.10879191869354729,-0.17054410146477877
RPM-2009-10-13:2725:5,2,A,relevante_vs_irrelevante,True,0.4961854394299526,2.231649712077913,1.794726844381167,2.7278351515078656
RPM-2009-10-13:2725:5,2,B,neutral_vs_dovish,True,3.1736653068907232,-0.4496727452422332,-0.3481096366999208,2.72399256164849
RPM-2009-10-13:2725:5,2,HD,hawkish_vs_dovish,True,-0.15066945745316795,-0.6310778533466253,-0.5433533903016123,-0.7817473107997932
RPM-2009-10-13:2742:1,2,A,relevante_vs_irrelevante,True,0.4961854394299526,1.1192780766029036,0.631213100921145,1.615463516032856
RPM-2009-10-13:2742:1,2,B,neutral_vs_dovish,True,3.1736653068907232,-0.785145371026783,-0.4877613582407775,2.38851993586394
RPM-2009-10-13:2742:1,2,HD,hawkish_vs_dovish,True,-0.15066945745316795,-0.4531051967929268,-0.3584281588356334,-0.6037746542460948
RPM-2009-12-15:2809:1,2,A,relevante_vs_irrelevante,True,0.4961854394299526,1.5213231636303646,0.9654033392563792,2.017508603060317
RPM-2009-12-15:2809:1,2,B,neutral_vs_dovish,True,3.1736653068907232,-0.24726402143421053,-0.12296385175818911,2.926401285456513
RPM-2009-12-15:2809:1,2,HD,hawkish_vs_dovish,True,-0.15066945745316795,0.05159783366990094,0.0165616230321761,-0.099071623783267
RPM-2009-12-15:2821:1,2,A,relevante_vs_irrelevante,True,0.4961854394299526,2.6374764617888538,2.251760038187066,3.1336619012188063
RPM-2009-12-15:2821:1,2,B,neutral_vs_dovish,True,3.1736653068907232,-0.8100619742316467,-0.7317346078381097,2.3636033326590766
RPM-2009-12-15:2821:1,2,HD,hawkish_vs_dovish,True,-0.15066945745316795,-0.30707622939606255,-0.3029438860559266,-0.4577456868492305
RPM-2009-12-15:2823:2,2,A,relevante_vs_irrelevante,True,0.4961854394299526,3.065967808079063,2.573387038518564,3.5621532475090154
RPM-2009-12-15:2823:2,2,B,neutral_vs_dovish,True,3.1736653068907232,-0.6003987279981275,-0.49557346640855143,2.5732665788925955
RPM-2009-12-15:2823:2,2,HD,hawkish_vs_dovish,True,-0.15066945745316795,-0.5459167397073523,-0.4695864275291527,-0.6965861971605203
RPM-2009-12-15:2829:1,2,A,relevante_vs_irrelevante,True,0.4961854394299526,1.570761031029945,1.2045950575277917,2.0669464704598974
RPM-2009-12-15:2829:1,2,B,neutral_vs_dovish,True,3.1736653068907232,-0.9289955448318584,-0.5707182277296294,2.244669762058865
RPM-2009-12-15:2829:1,2,HD,hawkish_vs_dovish,True,-0.15066945745316795,0.015239735044664079,-0.034011758134698505,-0.13542972240850387
RPM-2010-09-16:3372:1,2,A,relevante_vs_irrelevante,True,0.4961854394299526,2.5982551113604946,1.8580604337171134,3.094440550790447
RPM-2010-09-16:3372:1,2,B,neutral_vs_dovish,True,3.1736653068907232,-1.4517200794714233,-1.1335119246189502,1.7219452274193
RPM-2010-09-16:3372:1,2,HD,hawkish_vs_dovish,True,-0.15066945745316795,-0.25245882844611134,-0.2105715710441611,-0.4031282858992793
RPM-2010-09-16:3388:2,2,A,relevante_vs_irrelevante,True,0.4961854394299526,0.22038463126908653,0.08363995993493192,0.7165700706990391
RPM-2010-09-16:3388:2,2,B,neutral_vs_dovish,True,3.1736653068907232,0.1109693942245465,0.06719432502550673,3.28463470111527
RPM-2010-09-16:3388:2,2,HD,hawkish_vs_dovish,True,-0.15066945745316795,-0.19349428694172743,-0.08027396745119153,-0.3441637443948954
RPM-2010-09-16:3422:1,2,A,relevante_vs_irrelevante,False,0.4961854394299526,-0.5442216067512591,-0.008201670215665535,-0.0480361673213065
RPM-2010-09-16:3422:1,2,B,neutral_vs_dovish,False,3.1736653068907232,-0.25022002338166105,-0.1822418094909982,2.923445283509062
RPM-2010-09-16:3422:1,2,HD,hawkish_vs_dovish,False,-0.15066945745316795,-0.4636495979682382,-0.22320181845786055,-0.6143190554214062
RPM-2011-01-13:3695:1,2,A,relevante_vs_irrelevante,True,0.4961854394299526,-0.21273448853101623,0.0934980494504532,0.28345095089893635
RPM-2011-01-13:3695:1,2,B,neutral_vs_dovish,True,3.1736653068907232,-0.026106657178130058,-0.015661081238278488,3.147558649712593
RPM-2011-01-13:3695:1,2,HD,hawkish_vs_dovish,True,-0.15066945745316795,-0.21856687760847085,-0.20490643216754,-0.3692363350616388
RPM-2012-03-15:4713:1,2,A,relevante_vs_irrelevante,True,0.4961854394299526,0.6572358902735445,0.5994371776092646,1.153421329703497
RPM-2012-03-15:4713:1,2,B,neutral_vs_hawkish,True,3.3243347643438907,-0.5325648916217163,-0.33836964068790615,2.7917698727221745
RPM-2012-03-15:4713:1,2,HD,hawkish_vs_dovish,True,-0.15066945745316795,0.6755829558270486,0.5182631309965907,0.5249134983738807
RPM-2012-03-15:4719:6,2,A,relevante_vs_irrelevante,True,0.4961854394299526,4.392016222343335,4.038517197790405,4.888201661773287
RPM-2012-03-15:4719:6,2,B,neutral_vs_dovish,True,3.1736653068907232,-1.3118321427224515,-1.2565324210746533,1.8618331641682717
RPM-2012-03-15:4719:6,2,HD,hawkish_vs_dovish,True,-0.15066945745316795,-0.024808450984766722,-0.05725237364531435,-0.17547790843793468
RPM-2013-11-19:5864:1,2,A,relevante_vs_irrelevante,True,0.4961854394299526,3.1424583002713513,2.7441892707569244,3.638643739701304
RPM-2013-11-19:5864:1,2,B,neutral_vs_dovish,True,3.1736653068907232,-1.8763260642141746,-1.7975573373728704,1.2973392426765487
RPM-2013-11-19:5864:1,2,HD,hawkish_vs_dovish,True,-0.15066945745316795,-0.500533655323149,-0.46580410517680154,-0.6512031127763169
RPM-2013-11-19:5873:1,2,A,relevante_vs_irrelevante,True,0.4961854394299526,3.5868542460140427,3.219616730774404,4.083039685443995
RPM-2013-11-19:5873:1,2,B,neutral_vs_dovish,True,3.1736653068907232,-1.2044752982647018,-1.1435818685892747,1.9691900086260214
RPM-2013-11-19:5873:1,2,HD,hawkish_vs_dovish,True,-0.15066945745316795,-1.0766138976337098,-1.0156491990851728,-1.2272833550868778
RPM-2015-01-15:6562:1,2,A,relevante_vs_irrelevante,True,0.4961854394299526,2.0383773294311585,1.592894837870313,2.534562768861111
RPM-2015-01-15:6562:1,2,B,neutral_vs_dovish,True,3.1736653068907232,-0.5240072789179415,-0.4159729659633923,2.649658027972782
RPM-2015-01-15:6562:1,2,HD,hawkish_vs_dovish,True,-0.15066945745316795,0.06603130371553968,0.03914309125346835,-0.08463815373762827
RPM-2015-01-15:6584:1,2,A,relevante_vs_irrelevante,False,0.4961854394299526,-3.5185160752867226,-2.5070269207469646,-3.02233063585677
RPM-2015-01-15:6584:1,2,B,neutral_vs_dovish,False,3.1736653068907232,-1.5852390782343067,-1.0373676471937405,1.5884262286564166
RPM-2015-01-15:6584:1,2,HD,hawkish_vs_dovish,False,-0.15066945745316795,-0.20816414959460017,-0.20007730193537396,-0.3588336070477681
RPM-2015-01-15:6586:3,2,A,relevante_vs_irrelevante,False,0.4961854394299526,-2.936263964245793,-1.5865839832308173,-2.4400785248158403
RPM-2015-01-15:6586:3,2,B,neutral_vs_dovish,False,3.1736653068907232,-1.570238516066935,-1.2512051553806982,1.6034267908237883
RPM-2015-01-15:6586:3,2,HD,hawkish_vs_dovish,False,-0.15066945745316795,-0.9473282844294423,-0.8233116688139739,-1.0979977418826103
RPM-2005-04-07:201:1,2,A,relevante_vs_irrelevante,False,0.4961854394299526,-3.533503965510514,-2.4559655976100316,-3.0373185260805613
RPM-2005-04-07:201:1,2,B,neutral_vs_dovish,False,3.1736653068907232,-0.8021488798924725,-0.7252151818963755,2.3715164269982507
RPM-2005-04-07:201:1,2,HD,hawkish_vs_dovish,False,-0.15066945745316795,-0.2928998277232734,-0.2253810089705617,-0.44356928517644134
RPM-2005-04-07:202:2,2,A,relevante_vs_irrelevante,True,0.4961854394299526,4.265291085243808,4.106414748863438,4.7614765246737605
RPM-2005-04-07:202:2,2,B,neutral_vs_dovish,True,3.1736653068907232,-2.4102929864558122,-2.2882188556518868,0.763372320434911
RPM-2005-04-07:202:2,2,HD,hawkish_vs_dovish,True,-0.15066945745316795,-0.052366240731101105,-0.05044119749168309,-0.20303569818426906
RPM-2005-04-07:202:3,2,A,relevante_vs_irrelevante,False,0.4961854394299526,-4.102887258771739,-0.08034520384843535,-3.6067018193417866
RPM-2005-04-07:202:3,2,B,neutral_vs_dovish,False,3.1736653068907232,-0.576123374952161,-0.1746259695948344,2.5975419319385624
RPM-2005-04-07:202:3,2,HD,hawkish_vs_dovish,False,-0.15066945745316795,-0.09551537680981784,-0.01502476780819205,-0.2461848342629858
RPM-2005-04-07:203:1,2,A,relevante_vs_irrelevante,True,0.4961854394299526,1.9108046697001277,1.4991659279523546,2.4069901091300805
RPM-2005-04-07:203:1,2,B,neutral_vs_dovish,True,3.1736653068907232,-1.0660455257531956,-0.836206560085726,2.1076197811375277
RPM-2005-04-07:203:1,2,HD,hawkish_vs_dovish,True,-0.15066945745316795,0.015271172380806816,-0.06117398789697563,-0.13539828507236112
RPM-2005-04-07:203:2,2,A,relevante_vs_irrelevante,True,0.4961854394299526,2.566373676139003,1.9133511217274608,3.0625591155689555
RPM-2005-04-07:203:2,2,B,neutral_vs_dovish,True,3.1736653068907232,-0.5077328045293995,-0.331577149105716,2.665932502361324
RPM-2005-04-07:203:2,2,HD,hawkish_vs_dovish,True,-0.15066945745316795,-0.0695894965464564,-0.06441939781811057,-0.22025895399962436
RPM-2005-04-07:203:3,2,A,relevante_vs_irrelevante,True,0.4961854394299526,0.5467961928186038,0.31738412571925667,1.0429816322485563
RPM-2005-04-07:203:3,2,B,neutral_vs_dovish,True,3.1736653068907232,-0.23298069915359926,-0.1401421315714259,2.940684607737124
RPM-2005-04-07:203:3,2,HD,hawkish_vs_dovish,True,-0.15066945745316795,-0.278860491088825,-0.19356533216574412,-0.42952994854199295
RPM-2005-04-07:203:4,2,A,relevante_vs_irrelevante,True,0.4961854394299526,1.7897733322273282,1.6503386372576268,2.2859587716572807
RPM-2005-04-07:203:4,2,B,neutral_vs_dovish,True,3.1736653068907232,-1.263549595049902,-1.0083694899583782,1.9101157118408212
RPM-2005-04-07:203:4,2,HD,hawkish_vs_dovish,True,-0.15066945745316795,-0.16578253707910803,-0.11729352189474362,-0.316451994532276
RPM-2005-04-07:204:1,2,A,relevante_vs_irrelevante,False,0.4961854394299526,-1.727753355672843,-0.034874469366127814,-1.2315679162428905
RPM-2005-04-07:204:1,2,B,neutral_vs_dovish,False,3.1736653068907232,-0.12351289503226914,-0.09301112953689733,3.050152411858454
RPM-2005-04-07:204:1,2,HD,hawkish_vs_dovish,False,-0.15066945745316795,0.04138889709503153,0.0308455239961372,-0.10928056035813642
RPM-2005-04-07:204:2,2,A,relevante_vs_irrelevante,True,0.4961854394299526,1.63566872532122,1.420251227676225,2.131854164751173
RPM-2005-04-07:204:2,2,B,neutral_vs_dovish,True,3.1736653068907232,-0.8436880293291744,-0.7302459286785956,2.329977277561549
RPM-2005-04-07:204:2,2,HD,hawkish_vs_dovish,True,-0.15066945745316795,-0.3211626810555721,-0.2930698989244036,-0.47183213850874006
RPM-2005-04-07:204:3,2,A,relevante_vs_irrelevante,True,0.4961854394299526,2.849055209598486,2.472659346434039,3.3452406490284385
RPM-2005-04-07:204:3,2,B,neutral_vs_dovish,True,3.1736653068907232,-0.5540066395532016,-0.443408496749366,2.6196586673375215
RPM-2005-04-07:204:3,2,HD,hawkish_vs_dovish,True,-0.15066945745316795,-0.17203805880488307,-0.17771232166077763,-0.32270751625805105
RPM-2005-04-07:205:1,2,A,relevante_vs_irrelevante,True,0.4961854394299526,2.5758470753539258,1.9977976028812243,3.0720325147838783
RPM-2005-04-07:205:1,2,B,neutral_vs_dovish,True,3.1736653068907232,-0.49808613373800387,-0.39985526114057074,2.675579173152719
RPM-2005-04-07:205:1,2,HD,hawkish_vs_dovish,True,-0.15066945745316795,0.07294944289400027,0.05540818834966117,-0.07772001455916769
RPM-2005-04-07:205:3,2,A,relevante_vs_irrelevante,True,0.4961854394299526,-0.1530601308850525,-0.10343388800375994,0.3431253085449001
RPM-2005-04-07:205:3,2,B,neutral_vs_hawkish,True,3.3243347643438907,0.13635243326567348,0.11731377653908079,3.4606871976095643
RPM-2005-04-07:205:3,2,HD,hawkish_vs_dovish,True,-0.15066945745316795,0.2032479863833787,0.1912407811037835,0.052578528930210755
RPM-2005-04-07:205:4,2,A,relevante_vs_irrelevante,True,0.4961854394299526,1.9457619839935962,1.6203831560888085,2.441947423423549
RPM-2005-04-07:205:4,2,B,neutral_vs_dovish,True,3.1736653068907232,-1.621028091882648,-1.4652062747452894,1.5526372150080752
RPM-2005-04-07:205:4,2,HD,hawkish_vs_dovish,True,-0.15066945745316795,-0.7049809409946568,-0.6815915813496352,-0.8556503984478248
RPM-2005-04-07:205:5,2,A,relevante_vs_irrelevante,True,0.4961854394299526,2.072650713531983,1.5581569307917884,2.5688361529619357
RPM-2005-04-07:205:5,2,B,neutral_vs_dovish,True,3.1736653068907232,-0.3429581122758837,-0.2643253878614922,2.8307071946148397
RPM-2005-04-07:205:5,2,HD,hawkish_vs_dovish,True,-0.15066945745316795,-0.5440221700127927,-0.4270854521070082,-0.6946916274659607
RPM-2005-04-07:206:1,2,A,relevante_vs_irrelevante,True,0.4961854394299526,1.7633122951990334,1.680460845715146,2.259497734628986
RPM-2005-04-07:206:1,2,B,neutral_vs_dovish,True,3.1736653068907232,-0.32544255071882816,-0.27455036578427705,2.848222756171895
RPM-2005-04-07:206:1,2,HD,hawkish_vs_dovish,True,-0.15066945745316795,0.0041549096882791126,-0.015383712568771246,-0.14651454776488884
RPM-2005-04-07:206:2,2,A,relevante_vs_irrelevante,True,0.4961854394299526,2.5664984986986075,2.1975493067248886,3.06268393812856
RPM-2005-04-07:206:2,2,B,neutral_vs_dovish,True,3.1736653068907232,-0.7737586246582554,-0.6573548428531235,2.399906682232468
RPM-2005-04-07:206:2,2,HD,hawkish_vs_dovish,True,-0.15066945745316795,-0.34228664555271937,-0.3406346400714163,-0.4929561030058873
RPM-2005-04-07:206:3,2,A,relevante_vs_irrelevante,True,0.4961854394299526,3.5082663685419306,3.4471659010776223,4.004451807971884
RPM-2005-04-07:206:3,2,B,neutral_vs_hawkish,True,3.3243347643438907,-1.2964817464866865,-1.1200916481160053,2.027853017857204
RPM-2005-04-07:206:3,2,HD,hawkish_vs_dovish,True,-0.15066945745316795,0.3712551658095034,0.33636546885375423,0.22058570835633545
RPM-2005-04-07:206:4,2,A,relevante_vs_irrelevante,False,0.4961854394299526,-1.1514681808835128,0.05955400615325135,-0.6552827414535602
RPM-2005-04-07:206:4,2,B,neutral_vs_dovish,False,3.1736653068907232,0.17120617655564965,0.07374011350411656,3.344871483446373
RPM-2005-04-07:206:4,2,HD,hawkish_vs_dovish,False,-0.15066945745316795,0.12137358161358175,0.07756461675923408,-0.029295875839586205
RPM-2005-04-07:206:5,2,A,relevante_vs_irrelevante,True,0.4961854394299526,1.9717923427500317,1.3503077903459875,2.467977782179984
RPM-2005-04-07:206:5,2,B,neutral_vs_dovish,True,3.1736653068907232,-2.1191274066930976,-1.5998079190121604,1.0545379001976256
RPM-2005-04-07:206:5,2,HD,hawkish_vs_dovish,True,-0.15066945745316795,-0.12510956694888478,-0.08805934771541286,-0.2757790244020527
RPM-2005-04-07:207:1,2,A,relevante_vs_irrelevante,True,0.4961854394299526,1.6327370181969698,1.052843389128003,2.1289224576269223
RPM-2005-04-07:207:1,2,B,neutral_vs_dovish,True,3.1736653068907232,-0.39142232516384673,-0.24657961709686627,2.7822429817268763
RPM-2005-04-07:207:1,2,HD,hawkish_vs_dovish,True,-0.15066945745316795,-0.591116319320403,-0.5037075162427651,-0.7417857767735709
RPM-2005-04-07:207:11,2,A,relevante_vs_irrelevante,True,0.4961854394299526,0.6696400323547788,0.9098722264584425,1.1658254717847314
RPM-2005-04-07:207:11,2,B,neutral_vs_dovish,True,3.1736653068907232,-1.166027903245848,-0.9821366116263546,2.007637403644875
RPM-2005-04-07:207:11,2,HD,hawkish_vs_dovish,True,-0.15066945745316795,-0.6700125030496271,-0.41697610921764133,-0.8206819605027951
RPM-2005-04-07:207:12,2,A,relevante_vs_irrelevante,True,0.4961854394299526,3.164512621553502,2.6833972065898206,3.6606980609834547
RPM-2005-04-07:207:12,2,B,neutral_vs_dovish,True,3.1736653068907232,-1.3589056794344505,-1.2818207644501156,1.8147596274562727
RPM-2005-04-07:207:12,2,HD,hawkish_vs_dovish,True,-0.15066945745316795,-0.6469737915718976,-0.6261327591747109,-0.7976432490250656
RPM-2005-04-07:207:2,2,A,relevante_vs_irrelevante,True,0.4961854394299526,1.5450692882091752,0.9044010793445953,2.041254727639128
RPM-2005-04-07:207:2,2,B,neutral_vs_dovish,True,3.1736653068907232,0.06317294172514687,0.0629160005412125,3.23683824861587
RPM-2005-04-07:207:2,2,HD,hawkish_vs_dovish,True,-0.15066945745316795,0.018251179895976903,0.02836909077844953,-0.13241827755719104
RPM-2005-04-07:207:3,2,A,relevante_vs_irrelevante,True,0.4961854394299526,1.4521821013856386,1.1212256798039988,1.9483675408155912
RPM-2005-04-07:207:3,2,B,neutral_vs_dovish,True,3.1736653068907232,-0.08065894256487245,-0.09053518339798625,3.0930063643258507
RPM-2005-04-07:207:3,2,HD,hawkish_vs_dovish,True,-0.15066945745316795,-0.13268541439629344,-0.09756880459330157,-0.2833548718494614
RPM-2005-04-07:207:4,2,A,relevante_vs_irrelevante,True,0.4961854394299526,1.8763828045356346,1.2148475340943712,2.372568243965587
RPM-2005-04-07:207:4,2,B,neutral_vs_dovish,True,3.1736653068907232,-0.6278555553365311,-0.45729750229218324,2.545809751554192
RPM-2005-04-07:207:4,2,HD,hawkish_vs_dovish,True,-0.15066945745316795,-0.16705220938243803,-0.14879046846929417,-0.317721666835606
RPM-2005-04-07:207:5,2,A,relevante_vs_irrelevante,True,0.4961854394299526,1.6681976600621966,1.3359371013582955,2.164383099492149
RPM-2005-04-07:207:5,2,B,neutral_vs_dovish,True,3.1736653068907232,-0.043353746991266,-0.03682331007149803,3.1303115598994573
RPM-2005-04-07:207:5,2,HD,hawkish_vs_dovish,True,-0.15066945745316795,-0.11560876523515436,-0.1402876088240366,-0.2662782226883223
RPM-2005-04-07:207:6,2,A,relevante_vs_irrelevante,True,0.4961854394299526,0.29124601609428236,0.022664443871968143,0.787431455524235
RPM-2005-04-07:207:6,2,B,neutral_vs_dovish,True,3.1736653068907232,0.3551054060855776,0.1816944525009304,3.528770712976301
RPM-2005-04-07:207:6,2,HD,hawkish_vs_dovish,True,-0.15066945745316795,-0.1236547640374893,-0.014156094220806534,-0.27432422149065727
RPM-2005-04-07:207:7,2,A,relevante_vs_irrelevante,True,0.4961854394299526,2.0813922986639466,1.6841632318071094,2.577577738093899
RPM-2005-04-07:207:7,2,B,neutral_vs_dovish,True,3.1736653068907232,-0.02243287059194618,-0.0136367256166667,3.151232436298777
RPM-2005-04-07:207:7,2,HD,hawkish_vs_dovish,True,-0.15066945745316795,-0.4183455902526452,-0.4011345876933926,-0.5690150477058131
RPM-2005-04-07:207:8,2,A,relevante_vs_irrelevante,True,0.4961854394299526,1.9201254643475505,1.1337425018571308,2.4163109037775032
RPM-2005-04-07:207:8,2,B,neutral_vs_dovish,True,3.1736653068907232,-0.3118614955308156,-0.10202491186626378,2.861803811359908
RPM-2005-04-07:207:8,2,HD,hawkish_vs_dovish,True,-0.15066945745316795,-0.2952821085228246,-0.16580604196935025,-0.44595156597599256
RPM-2005-04-07:207:9,2,A,relevante_vs_irrelevante,True,0.4961854394299526,3.0518662896282485,2.946078720876682,3.548051729058201
RPM-2005-04-07:207:9,2,B,neutral_vs_dovish,True,3.1736653068907232,-0.7046234720700466,-0.6159786870787975,2.4690418348206764
RPM-2005-04-07:207:9,2,HD,hawkish_vs_dovish,True,-0.15066945745316795,-0.05218766077442946,-0.057479579637402974,-0.20285711822759742
RPM-2005-04-07:208:1,2,A,relevante_vs_irrelevante,True,0.4961854394299526,1.0071501751505763,0.8874683334847284,1.5033356145805288
RPM-2005-04-07:208:1,2,B,neutral_vs_dovish,True,3.1736653068907232,-0.4663669840785659,-0.4245619493307932,2.707298322812157
RPM-2005-04-07:208:1,2,HD,hawkish_vs_dovish,True,-0.15066945745316795,-0.33006562821351054,-0.23471153261047273,-0.4807350856666785
RPM-2005-04-07:209:1,2,A,relevante_vs_irrelevante,True,0.4961854394299526,1.9384966959408834,1.470969940035292,2.434682135370836
RPM-2005-04-07:209:1,2,B,neutral_vs_dovish,True,3.1736653068907232,-0.6320810291118977,-0.4408646878305011,2.5415842777788256
RPM-2005-04-07:209:1,2,HD,hawkish_vs_dovish,True,-0.15066945745316795,-0.13536730712848194,-0.1858733407268417,-0.2860367645816499
RPM-2005-04-07:210:1,2,A,relevante_vs_irrelevante,True,0.4961854394299526,1.0388010673755412,1.1645531745925501,1.5349865068054938
RPM-2005-04-07:210:1,2,B,neutral_vs_dovish,True,3.1736653068907232,-0.11064381184232756,0.05410568407688472,3.0630214950483956
RPM-2005-04-07:210:1,2,HD,hawkish_vs_dovish,True,-0.15066945745316795,0.023242931701428327,0.04522420765818347,-0.12742652575173963
RPM-2005-04-07:210:2,2,A,relevante_vs_irrelevante,True,0.4961854394299526,2.8913486039930967,2.3855661449825747,3.387534043423049
RPM-2005-04-07:210:2,2,B,neutral_vs_dovish,True,3.1736653068907232,-1.7547518965556017,-1.5771034051798858,1.4189134103351215
RPM-2005-04-07:210:2,2,HD,hawkish_vs_dovish,True,-0.15066945745316795,0.005362047371793591,-0.051349101763796146,-0.14530741008137438
RPM-2005-04-07:210:3,2,A,relevante_vs_irrelevante,True,0.4961854394299526,2.2229378674985423,1.73908287759044,2.719123306928495
RPM-2005-04-07:210:3,2,B,neutral_vs_dovish,True,3.1736653068907232,-0.8604441071264486,-0.7781207787645359,2.313221199764275
RPM-2005-04-07:210:3,2,HD,hawkish_vs_dovish,True,-0.15066945745316795,-0.18042185224785393,-0.1514595713753827,-0.33109130970102185
RPM-2005-04-07:211:1,2,A,relevante_vs_irrelevante,True,0.4961854394299526,3.782639204064502,3.4707847235997136,4.278824643494454
RPM-2005-04-07:211:1,2,B,neutral_vs_hawkish,True,3.3243347643438907,-0.824944878298012,-0.70275925527717,2.4993898860458788
RPM-2005-04-07:211:1,2,HD,hawkish_vs_dovish,True,-0.15066945745316795,0.4371893316090558,0.40331888011994355,0.28651987415588787
RPM-2005-04-07:212:1,2,A,relevante_vs_irrelevante,False,0.4961854394299526,-1.672572003598878,-2.220446049250313e-16,-1.1763865641689255
RPM-2005-04-07:212:1,2,B,neutral_vs_hawkish,False,3.3243347643438907,0.11580373565846294,0.05024519283118714,3.440138500002354
RPM-2005-04-07:212:1,2,HD,hawkish_vs_dovish,False,-0.15066945745316795,0.36700094022035956,0.1466810153944698,0.2163314827671916
RPM-2005-04-07:212:2,2,A,relevante_vs_irrelevante,True,0.4961854394299526,0.6380177145748407,0.5598710774836154,1.1342031540047932
RPM-2005-04-07:212:2,2,B,neutral_vs_dovish,True,3.1736653068907232,0.5121833406177156,0.4858467840410294,3.685848647508439
RPM-2005-04-07:212:2,2,HD,hawkish_vs_dovish,True,-0.15066945745316795,-0.18738781385428444,-0.09776630746659504,-0.3380572713074524
RPM-2005-04-07:212:3,2,A,relevante_vs_irrelevante,True,0.4961854394299526,1.926047273656358,1.4303246240266347,2.4222327130863106
RPM-2005-04-07:212:3,2,B,neutral_vs_dovish,True,3.1736653068907232,-1.8930068988703777,-1.4654465349172376,1.2806584080203456
RPM-2005-04-07:212:3,2,HD,hawkish_vs_dovish,True,-0.15066945745316795,-0.3129788831936306,-0.15085864420622896,-0.46364834064679855
RPM-2005-04-07:212:4,2,A,relevante_vs_irrelevante,True,0.4961854394299526,1.3619355497306351,1.467942142468175,1.8581209891605877
RPM-2005-04-07:212:4,2,B,neutral_vs_hawkish,True,3.3243347643438907,-1.0592349248566595,-0.8612210605036479,2.265099839487231
RPM-2005-04-07:212:4,2,HD,hawkish_vs_dovish,True,-0.15066945745316795,0.3604242246621534,0.36462581464625504,0.20975476720898545
RPM-2005-04-07:212:5,2,A,relevante_vs_irrelevante,True,0.4961854394299526,2.557951518312656,2.1479503443321515,3.0541369577426085
RPM-2005-04-07:212:5,2,B,neutral_vs_dovish,True,3.1736653068907232,-1.2592987204008428,-1.1290693730744241,1.9143665864898805
RPM-2005-04-07:212:5,2,HD,hawkish_vs_dovish,True,-0.15066945745316795,-0.48969617038834584,-0.46568870378600924,-0.6403656278415137
RPM-2005-04-07:213:1,2,A,relevante_vs_irrelevante,True,0.4961854394299526,1.425063165971669,1.3153601342143766,1.9212486054016216
RPM-2005-04-07:213:1,2,B,neutral_vs_dovish,True,3.1736653068907232,-0.4154404672738025,-0.25729310602449706,2.7582248396169207
RPM-2005-04-07:213:1,2,HD,hawkish_vs_dovish,True,-0.15066945745316795,0.12477166347327426,0.12660278377931405,-0.025897793979893696
RPM-2005-04-07:213:2,2,A,relevante_vs_irrelevante,True,0.4961854394299526,2.6102505900991875,2.37724657773108,3.10643602952914
RPM-2005-04-07:213:2,2,B,neutral_vs_dovish,True,3.1736653068907232,-1.459528057415572,-1.2875982646798143,1.7141372494751512
RPM-2005-04-07:213:2,2,HD,hawkish_vs_dovish,True,-0.15066945745316795,0.029050385074447266,0.01650086490492312,-0.12161907237872069
RPM-2005-04-07:213:3,2,A,relevante_vs_irrelevante,True,0.4961854394299526,2.7598825875609414,2.5538128426234703,3.256068026990894
RPM-2005-04-07:213:3,2,B,neutral_vs_hawkish,True,3.3243347643438907,-1.2135348212166663,-0.8736971783356167,2.1107999431272244
RPM-2005-04-07:213:3,2,HD,hawkish_vs_dovish,True,-0.15066945745316795,0.7080236932568726,0.6136960181244244,0.5573542358037047
RPM-2005-04-07:214:1,2,A,relevante_vs_irrelevante,False,0.4961854394299526,-4.500847494818748,-1.396971267840641,-4.0046620553887955
RPM-2005-04-07:214:1,2,B,neutral_vs_hawkish,False,3.3243347643438907,-0.6607075649948391,-0.38287436725400853,2.663627199349052
RPM-2005-04-07:214:1,2,HD,hawkish_vs_dovish,False,-0.15066945745316795,0.7512607615432014,0.5596697985563158,0.6005913040900335
RPM-2005-04-07:214:2,2,A,relevante_vs_irrelevante,False,0.4961854394299526,-2.5964157024716337,-1.5208497589747236,-2.100230263041681
RPM-2005-04-07:214:2,2,B,neutral_vs_hawkish,False,3.3243347643438907,-0.8985241167950474,-0.4566185415501823,2.4258106475488432
RPM-2005-04-07:214:2,2,HD,hawkish_vs_dovish,False,-0.15066945745316795,0.34516650624269946,0.4008242418425879,0.1944970487895315
RPM-2005-04-07:214:3,2,A,relevante_vs_irrelevante,False,0.4961854394299526,-4.80700122938722,-1.6652061766862714,-4.310815789957267
RPM-2005-04-07:214:3,2,B,neutral_vs_dovish,False,3.1736653068907232,-0.6778516072007895,-0.2884514910598821,2.4958136996899336
RPM-2005-04-07:214:3,2,HD,hawkish_vs_dovish,False,-0.15066945745316795,-0.07952580174798904,-0.10360497654045789,-0.230195259201157
RPM-2005-04-07:214:4,2,A,relevante_vs_irrelevante,True,0.4961854394299526,4.120930748652262,3.8197535209914224,4.617116188082215
RPM-2005-04-07:214:4,2,B,hawkish_vs_dovish,True,-0.15066945745316795,1.8780325243734068,1.782668555172481,1.7273630669202389
RPM-2005-04-07:214:4,2,HD,hawkish_vs_dovish,True,-0.15066945745316795,1.8780325243734068,1.782668555172481,1.7273630669202389
RPM-2005-04-07:214:5,2,A,relevante_vs_irrelevante,False,0.4961854394299526,-6.337350133733452,-1.4994280182086603,-5.841164694303499
RPM-2005-04-07:214:5,2,B,neutral_vs_hawkish,False,3.3243347643438907,-0.08914725074438305,2.7755575615628914e-17,3.2351875135995076
RPM-2005-04-07:214:5,2,HD,hawkish_vs_dovish,False,-0.15066945745316795,0.16060087727082312,0.0,0.009931419817655163
RPM-2005-04-07:215:1,2,A,relevante_vs_irrelevante,True,0.4961854394299526,3.2829765200670664,2.815784861851576,3.779161959497019
RPM-2005-04-07:215:1,2,B,hawkish_vs_neutral,True,-3.3243347643438907,3.5138318250965463,3.222217807814681,0.1894970607526556
RPM-2005-04-07:215:1,2,HD,hawkish_vs_dovish,True,-0.15066945745316795,0.6621688538659745,0.5703380156863724,0.5114993964128065
RPM-2005-04-07:216:1,2,A,relevante_vs_irrelevante,True,0.4961854394299526,2.7708327334458076,2.404979516410537,3.26701817287576
RPM-2005-04-07:216:1,2,B,hawkish_vs_dovish,True,-0.15066945745316795,2.460030417735441,2.1659478415686206,2.309360960282273
RPM-2005-04-07:216:1,2,HD,hawkish_vs_dovish,True,-0.15066945745316795,2.460030417735441,2.1659478415686206,2.309360960282273
RPM-2005-04-07:217:1,2,A,relevante_vs_irrelevante,True,0.4961854394299526,3.356122113170903,2.896790089998519,3.8523075526008554
RPM-2005-04-07:217:1,2,B,hawkish_vs_dovish,True,-0.15066945745316795,0.8721911055853839,0.7110335207715195,0.721521648132216
RPM-2005-04-07:217:1,2,HD,hawkish_vs_dovish,True,-0.15066945745316795,0.8721911055853839,0.7110335207715195,0.721521648132216
RPM-2005-04-07:217:2,2,A,relevante_vs_irrelevante,True,0.4961854394299526,2.770571755318924,2.3943635702670667,3.2667571947488767
RPM-2005-04-07:217:2,2,B,hawkish_vs_dovish,True,-0.15066945745316795,0.8087484603527724,0.6585963795063334,0.6580790028996044
RPM-2005-04-07:217:2,2,HD,hawkish_vs_dovish,True,-0.15066945745316795,0.8087484603527724,0.6585963795063334,0.6580790028996044
RPM-2005-04-07:218:1,2,A,relevante_vs_irrelevante,True,0.4961854394299526,3.872793357421031,3.412027193322334,4.368978796850984
RPM-2005-04-07:218:1,2,B,hawkish_vs_dovish,True,-0.15066945745316795,0.8629841590212892,0.8006262582561461,0.7123147015681213
RPM-2005-04-07:218:1,2,HD,hawkish_vs_dovish,True,-0.15066945745316795,0.8629841590212892,0.8006262582561461,0.7123147015681213
RPM-2005-04-07:219:1,2,A,relevante_vs_irrelevante,True,0.4961854394299526,2.9058381232147203,2.7789819007681453,3.402023562644673
RPM-2005-04-07:219:1,2,B,hawkish_vs_dovish,True,-0.15066945745316795,1.9711398061387415,1.7819020821871092,1.8204703486855736
RPM-2005-04-07:219:1,2,HD,hawkish_vs_dovish,True,-0.15066945745316795,1.9711398061387415,1.7819020821871092,1.8204703486855736
RPM-2005-04-07:219:2,2,A,relevante_vs_irrelevante,True,0.4961854394299526,2.966612651177688,2.7043370345624327,3.4627980906076403
RPM-2005-04-07:219:2,2,B,hawkish_vs_dovish,True,-0.15066945745316795,3.5112432798776694,3.2112953750612947,3.3605738224245014
RPM-2005-04-07:219:2,2,HD,hawkish_vs_dovish,True,-0.15066945745316795,3.5112432798776694,3.2112953750612947,3.3605738224245014
RPM-2005-04-07:220:1,2,A,relevante_vs_irrelevante,False,0.4961854394299526,-4.0017021183107495,-1.1453901666369508,-3.505516678880797
RPM-2005-04-07:220:1,2,B,neutral_vs_hawkish,False,3.3243347643438907,-1.112640198747323,-0.8163709829081641,2.211694565596568
RPM-2005-04-07:220:1,2,HD,hawkish_vs_dovish,False,-0.15066945745316795,1.1459924422108243,0.9795211703447263,0.9953229847576563
RPM-2005-09-08:390:1,2,A,relevante_vs_irrelevante,True,0.4961854394299526,4.143879696252494,3.8884881674921714,4.6400651356824465
RPM-2005-09-08:390:1,2,B,hawkish_vs_dovish,True,-0.15066945745316795,2.019946224953505,1.8347726619145548,1.8692767675003372
RPM-2005-09-08:390:1,2,HD,hawkish_vs_dovish,True,-0.15066945745316795,2.019946224953505,1.8347726619145548,1.8692767675003372
RPM-2005-09-08:391:1,2,A,relevante_vs_irrelevante,False,0.4961854394299526,-4.113155640683667,0.0,-3.6169702012537144
RPM-2005-09-08:391:1,2,B,neutral_vs_dovish,False,3.1736653068907232,0.04472861244137165,-0.004856289015468765,3.2183939193320947
RPM-2005-09-08:391:1,2,HD,hawkish_vs_dovish,False,-0.15066945745316795,-0.05337087358090677,-0.011595582603343625,-0.20404033103407473
RPM-2006-01-12:533:1,2,A,relevante_vs_irrelevante,True,0.4961854394299526,4.524399841955232,4.3072668445295585,5.020585281385184
RPM-2006-01-12:533:1,2,B,neutral_vs_dovish,True,3.1736653068907232,-3.0539293920290573,-2.9330543769899053,0.1197359148616659
RPM-2006-01-12:533:1,2,HD,hawkish_vs_dovish,True,-0.15066945745316795,0.015185533925230574,0.033172892661275544,-0.13548392352793737
RPM-2006-01-12:553:1,2,A,relevante_vs_irrelevante,True,0.4961854394299526,1.911351593160677,1.398029190717091,2.40753703259063
RPM-2006-01-12:553:1,2,B,neutral_vs_dovish,True,3.1736653068907232,-0.7553906264571951,-0.5175365191439856,2.418274680433528
RPM-2006-01-12:553:1,2,HD,hawkish_vs_dovish,True,-0.15066945745316795,-0.12143129499399788,-0.10373481183708252,-0.2721007524471658
RPM-2006-01-12:564:1,2,A,relevante_vs_irrelevante,True,0.4961854394299526,2.6540420909173985,2.060788116504084,3.150227530347351
RPM-2006-01-12:564:1,2,B,neutral_vs_dovish,True,3.1736653068907232,-1.1400512425955625,-0.92869138196199,2.033614064295161
RPM-2006-01-12:564:1,2,HD,hawkish_vs_dovish,True,-0.15066945745316795,-0.5162869427453951,-0.3657326284903699,-0.6669564001985631
RPM-2006-01-12:567:1,2,A,relevante_vs_irrelevante,True,0.4961854394299526,2.33899788502116,1.998936692228546,2.8351833244511124
RPM-2006-01-12:567:1,2,B,neutral_vs_hawkish,True,3.3243347643438907,-1.3251034965626305,-1.1232110910549609,1.9992312677812603
RPM-2006-01-12:567:1,2,HD,hawkish_vs_dovish,True,-0.15066945745316795,0.23103449913482918,0.20525517073920993,0.08036504168166123
RPM-2006-10-12:897:1,2,A,relevante_vs_irrelevante,False,0.4961854394299526,-5.181285585913996,-1.0646787281886994,-4.685100146484044
RPM-2006-10-12:897:1,2,B,neutral_vs_hawkish,False,3.3243347643438907,-0.3329791005328405,-0.21244912202197083,2.99135566381105
RPM-2006-10-12:897:1,2,HD,hawkish_vs_dovish,False,-0.15066945745316795,0.47521123295067136,0.25543515534705075,0.3245417754975034
RPM-2006-10-12:906:1,2,A,relevante_vs_irrelevante,True,0.4961854394299526,1.3800239353838162,0.8432082286319168,1.8762093748137687
RPM-2006-10-12:906:1,2,B,neutral_vs_dovish,True,3.1736653068907232,-0.05506750142496965,-0.07318292481834501,3.1185978054657535
RPM-2006-10-12:906:1,2,HD,hawkish_vs_dovish,True,-0.15066945745316795,-0.5072681508331144,-0.32180636176994604,-0.6579376082862823
RPM-2006-10-12:919:1,2,A,relevante_vs_irrelevante,True,0.4961854394299526,0.05783149110801922,1.0968417624040288,0.5540169305379719
RPM-2006-10-12:919:1,2,B,neutral_vs_dovish,True,3.1736653068907232,-0.5892770477230507,-0.3368346702890677,2.584388259167673
RPM-2006-10-12:919:1,2,HD,hawkish_vs_dovish,True,-0.15066945745316795,0.12930542863530803,0.1324869276384667,-0.021364028817859926
RPM-2006-10-12:922:1,2,A,relevante_vs_irrelevante,True,0.4961854394299526,1.3492168608106057,1.5070905875398444,1.8454023002405582
RPM-2006-10-12:922:1,2,B,neutral_vs_hawkish,True,3.3243347643438907,-1.3168389479590523,-1.0826082928243743,2.0074958163848384
RPM-2006-10-12:922:1,2,HD,hawkish_vs_dovish,True,-0.15066945745316795,0.1840640906070494,0.15474310147728407,0.03339463315388144
RPM-2006-10-12:936:1,2,A,relevante_vs_irrelevante,True,0.4961854394299526,2.8946857307346434,2.655309444914516,3.390871170164596
RPM-2006-10-12:936:1,2,B,dovish_vs_neutral,True,-3.1736653068907232,3.204348111178201,3.0074680888028027,0.030682804287477605
RPM-2006-10-12:936:1,2,HD,hawkish_vs_dovish,True,-0.15066945745316795,-1.2608852539992699,-1.1774472668805878,-1.4115547114524378
RPM-2007-10-11:1497:1,2,A,relevante_vs_irrelevante,True,0.4961854394299526,0.5368769847902621,1.2268754066986391,1.0330624242202147
RPM-2007-10-11:1497:1,2,B,neutral_vs_dovish,True,3.1736653068907232,-0.6018146590414852,-0.49061587368453985,2.571850647849238
RPM-2007-10-11:1497:1,2,HD,hawkish_vs_dovish,True,-0.15066945745316795,0.04016925132127579,0.03065382350721369,-0.11050020613189217
RPM-2007-10-11:1502:1,2,A,relevante_vs_irrelevante,True,0.4961854394299526,3.0639950387546215,2.544505856112683,3.560180478184574
RPM-2007-10-11:1502:1,2,B,neutral_vs_hawkish,True,3.3243347643438907,-1.0735282660393843,-0.9728449629456495,2.2508064983045064
RPM-2007-10-11:1502:1,2,HD,hawkish_vs_dovish,True,-0.15066945745316795,0.4716331365374883,0.4524908118492766,0.32096367908432033
RPM-2007-10-11:1503:3,2,A,relevante_vs_irrelevante,True,0.4961854394299526,1.8804229787376119,1.1691987540779811,2.3766084181675646
RPM-2007-10-11:1503:3,2,B,neutral_vs_hawkish,True,3.3243347643438907,-1.1906653073597684,-0.9372142057728035,2.1336694569841224
RPM-2007-10-11:1503:3,2,HD,hawkish_vs_dovish,True,-0.15066945745316795,0.8759852471070494,0.6710463957191586,0.7253157896538814
RPM-2007-10-11:1504:2,2,A,relevante_vs_irrelevante,True,0.4961854394299526,2.6321566096139457,1.9548433094893447,3.1283420490438982
RPM-2007-10-11:1504:2,2,B,neutral_vs_dovish,True,3.1736653068907232,-1.7387566215749892,-1.503798368003177,1.434908685315734
RPM-2007-10-11:1504:2,2,HD,hawkish_vs_dovish,True,-0.15066945745316795,-0.10050228773975278,-0.03783283484663871,-0.25117174519292074
RPM-2007-10-11:1507:1,2,A,relevante_vs_irrelevante,True,0.4961854394299526,1.498837152747859,1.1287656525673209,1.9950225921778115
RPM-2007-10-11:1507:1,2,B,neutral_vs_dovish,True,3.1736653068907232,0.25612110716840725,0.33897709385722663,3.4297864140591305
RPM-2007-10-11:1507:1,2,HD,hawkish_vs_dovish,True,-0.15066945745316795,0.07132953842631398,0.031332444167358926,-0.07933991902685397
RPM-2007-10-11:1508:3,2,A,relevante_vs_irrelevante,False,0.4961854394299526,-4.892544724389686,-1.6364942590700102,-4.3963592849597335
RPM-2007-10-11:1508:3,2,B,neutral_vs_dovish,False,3.1736653068907232,-1.0288541836855034,-0.5044331629743175,2.14481112320522
RPM-2007-10-11:1508:3,2,HD,hawkish_vs_dovish,False,-0.15066945745316795,-0.13181757128521945,-0.22439057274857846,-0.2824870287383874
RPM-2007-10-11:1519:1,2,A,relevante_vs_irrelevante,True,0.4961854394299526,3.597632585515722,3.6998337840960174,4.093818024945675
RPM-2007-10-11:1519:1,2,B,hawkish_vs_dovish,True,-0.15066945745316795,0.6024348050786977,0.5072506779210666,0.4517653476255298
RPM-2007-10-11:1519:1,2,HD,hawkish_vs_dovish,True,-0.15066945745316795,0.6024348050786977,0.5072506779210666,0.4517653476255298
RPM-2008-09-04:2050:3,2,A,relevante_vs_irrelevante,True,0.4961854394299526,1.5372187750458788,1.272620448336034,2.0334042144758313
RPM-2008-09-04:2050:3,2,B,neutral_vs_dovish,True,3.1736653068907232,-0.3384776209986798,-0.2800328511886889,2.8351876858920435
RPM-2008-09-04:2050:3,2,HD,hawkish_vs_dovish,True,-0.15066945745316795,-0.8023602059574872,-0.7220293019065426,-0.9530296634106552
RPM-2008-09-04:2067:1,2,A,relevante_vs_irrelevante,True,0.4961854394299526,1.0333973717239313,0.7437083083786574,1.5295828111538838
RPM-2008-09-04:2067:1,2,B,neutral_vs_hawkish,True,3.3243347643438907,-0.15973084522720027,-0.13121722157447002,3.1646039191166904
RPM-2008-09-04:2067:1,2,HD,hawkish_vs_dovish,True,-0.15066945745316795,0.2697287266097349,0.18178289694685792,0.11905926915656695
RPM-2008-09-04:2073:1,2,A,relevante_vs_irrelevante,True,0.4961854394299526,3.0707127969949193,2.5282139597417923,3.566898236424872
RPM-2008-09-04:2073:1,2,B,neutral_vs_dovish,True,3.1736653068907232,-0.8273881673473447,-0.7075282685486594,2.3462771395433784
RPM-2008-09-04:2073:1,2,HD,hawkish_vs_dovish,True,-0.15066945745316795,-0.7042595758576482,-0.6505325992121633,-0.8549290333108162
RPM-2008-09-04:2086:1,2,A,relevante_vs_irrelevante,True,0.4961854394299526,3.964791005664369,3.7154562047620745,4.460976445094322
RPM-2008-09-04:2086:1,2,B,hawkish_vs_dovish,True,-0.15066945745316795,1.3599717683182004,1.3187711661571748,1.2093023108650325
RPM-2008-09-04:2086:1,2,HD,hawkish_vs_dovish,True,-0.15066945745316795,1.3599717683182004,1.3187711661571748,1.2093023108650325
RPM-2008-09-04:2094:1,2,A,relevante_vs_irrelevante,True,0.4961854394299526,3.2439460677721863,2.9695835381653133,3.740131507202139
RPM-2008-09-04:2094:1,2,B,hawkish_vs_dovish,True,-0.15066945745316795,0.5236317889325999,0.5409571949928959,0.3729623314794319
RPM-2008-09-04:2094:1,2,HD,hawkish_vs_dovish,True,-0.15066945745316795,0.5236317889325999,0.5409571949928959,0.3729623314794319
RPM-2008-09-04:2095:1,2,A,relevante_vs_irrelevante,True,0.4961854394299526,3.542908087478354,3.241812126245857,4.039093526908307
RPM-2008-09-04:2095:1,2,B,hawkish_vs_dovish,True,-0.15066945745316795,1.6004793690405954,1.4786570412327016,1.4498099115874274
RPM-2008-09-04:2095:1,2,HD,hawkish_vs_dovish,True,-0.15066945745316795,1.6004793690405954,1.4786570412327016,1.4498099115874274
RPM-2008-09-04:2099:1,2,A,relevante_vs_irrelevante,True,0.4961854394299526,2.735302917299643,2.4810072042948272,3.2314883567295953
RPM-2008-09-04:2099:1,2,B,hawkish_vs_dovish,True,-0.15066945745316795,1.7308715140102504,1.6895622235339571,1.5802020565570825
RPM-2008-09-04:2099:1,2,HD,hawkish_vs_dovish,True,-0.15066945745316795,1.7308715140102504,1.6895622235339571,1.5802020565570825
RPM-2008-09-04:2100:1,2,A,relevante_vs_irrelevante,False,0.4961854394299526,-3.2794832207808184,-0.746517232504579,-2.783297781350866
RPM-2008-09-04:2100:1,2,B,neutral_vs_hawkish,False,3.3243347643438907,-1.0975709665193525,-0.806452904208069,2.226763797824538
RPM-2008-09-04:2100:1,2,HD,hawkish_vs_dovish,False,-0.15066945745316795,1.1554280943712647,0.9762686909514104,1.0047586369180967
RPM-2009-07-09:2629:3,2,A,relevante_vs_irrelevante,True,0.4961854394299526,3.1910791644813594,2.643323637668237,3.687264603911312
RPM-2009-07-09:2629:3,2,B,neutral_vs_dovish,True,3.1736653068907232,-2.21933486088452,-2.0627768989829,0.9543304460062032
RPM-2009-07-09:2629:3,2,HD,hawkish_vs_dovish,True,-0.15066945745316795,-1.043505740592117,-0.9523781592517973,-1.194175198045285
RPM-2009-07-09:2637:2,2,A,relevante_vs_irrelevante,True,0.4961854394299526,2.2690689460999973,1.6876765964667988,2.76525438552995
RPM-2009-07-09:2637:2,2,B,neutral_vs_hawkish,True,3.3243347643438907,-3.2223471158362393,-2.688408606184945,0.10198764850765141
RPM-2009-07-09:2637:2,2,HD,hawkish_vs_dovish,True,-0.15066945745316795,0.7710835143175615,0.5573688253078003,0.6204140568643935
RPM-2009-10-13:2715:1,2,A,relevante_vs_irrelevante,False,0.4961854394299526,-3.1291395658551355,-0.7761406835605009,-2.632954126425183
RPM-2009-10-13:2715:1,2,B,neutral_vs_dovish,False,3.1736653068907232,0.01546249203447847,0.07468951232639012,3.1891277989252016
RPM-2009-10-13:2715:1,2,HD,hawkish_vs_dovish,False,-0.15066945745316795,-0.1913167501060206,-0.07908639888530404,-0.3419862075591885
RPM-2009-10-13:2718:1,2,A,relevante_vs_irrelevante,True,0.4961854394299526,0.9487829938772095,0.5047806338597716,1.4449684333071622
RPM-2009-10-13:2718:1,2,B,neutral_vs_dovish,True,3.1736653068907232,-0.06738657401911968,-0.07079687116262441,3.1062787328716035
RPM-2009-10-13:2718:1,2,HD,hawkish_vs_dovish,True,-0.15066945745316795,-0.3400655471433612,-0.27243216951528965,-0.49073500459652913
RPM-2009-10-13:2726:2,2,A,relevante_vs_irrelevante,True,0.4961854394299526,2.382601588727139,1.7705084908510056,2.8787870281570913
RPM-2009-10-13:2726:2,2,B,neutral_vs_dovish,True,3.1736653068907232,-1.1470249591598423,-0.9349109921701604,2.026640347730881
RPM-2009-10-13:2726:2,2,HD,hawkish_vs_dovish,True,-0.15066945745316795,-0.08221849002469067,-0.05640022455615111,-0.23288794747785863
RPM-2009-10-13:2728:1,2,A,relevante_vs_irrelevante,False,0.4961854394299526,-4.129880230213832,-0.9864612219569318,-3.6336947907838795
RPM-2009-10-13:2728:1,2,B,neutral_vs_dovish,False,3.1736653068907232,0.11278426733469332,0.0010610039890399936,3.2864495742254167
RPM-2009-10-13:2728:1,2,HD,hawkish_vs_dovish,False,-0.15066945745316795,-0.2954629123352334,-0.2235545747084666,-0.4461323697884014
RPM-2009-10-13:2729:1,2,A,relevante_vs_irrelevante,True,0.4961854394299526,1.6006507701328347,1.2723332004718348,2.0968362095627873
RPM-2009-10-13:2729:1,2,B,neutral_vs_dovish,True,3.1736653068907232,-0.5594297072406664,-0.40707010074790334,2.6142355996500566
RPM-2009-10-13:2729:1,2,HD,hawkish_vs_dovish,True,-0.15066945745316795,0.02447069211146248,-0.04016993256343049,-0.1261987653417055
RPM-2009-10-13:2734:2,2,A,relevante_vs_irrelevante,True,0.4961854394299526,1.0004782714161016,0.7280881596027757,1.496663710846054
RPM-2009-10-13:2734:2,2,B,neutral_vs_dovish,True,3.1736653068907232,-0.315465895700268,-0.1612570738769717,2.8581994111904554
RPM-2009-10-13:2734:2,2,HD,hawkish_vs_dovish,True,-0.15066945745316795,-0.3797750951258012,-0.25466731345931204,-0.5304445525789692
RPM-2009-10-13:2747:1,2,A,relevante_vs_irrelevante,False,0.4961854394299526,-3.8885268368758052,-1.5298270076714622,-3.3923413974458527
RPM-2009-10-13:2747:1,2,B,neutral_vs_dovish,False,3.1736653068907232,-1.1620175354249234,-0.8110437157325789,2.0116477714657997
RPM-2009-10-13:2747:1,2,HD,hawkish_vs_dovish,False,-0.15066945745316795,-0.478754730483551,-0.5041582546711032,-0.629424187936719
RPM-2009-10-13:2757:2,2,A,relevante_vs_irrelevante,True,0.4961854394299526,3.770463950602073,3.506058783613636,4.2666493900320255
RPM-2009-10-13:2757:2,2,B,dovish_vs_hawkish,True,0.15066945745316795,0.0667252051136499,0.04760094160078142,0.21739466256681786
RPM-2009-10-13:2757:2,2,HD,hawkish_vs_dovish,True,-0.15066945745316795,-0.0667252051136499,-0.04760094160078143,-0.21739466256681786
RPM-2009-10-13:2758:1,2,A,relevante_vs_irrelevante,True,0.4961854394299526,2.416697989668263,2.335396467599143,2.9128834290982155
RPM-2009-10-13:2758:1,2,B,hawkish_vs_neutral,True,-3.3243347643438907,3.6046231126623023,3.331241186040355,0.28028834831841154
RPM-2009-10-13:2758:1,2,HD,hawkish_vs_dovish,True,-0.15066945745316795,0.47523853976932556,0.5073235017089641,0.3245690823161576
RPM-2009-12-15:2828:1,2,A,relevante_vs_irrelevante,True,0.4961854394299526,2.387247312083791,1.957094935262883,2.8834327515137437
RPM-2009-12-15:2828:1,2,B,neutral_vs_dovish,True,3.1736653068907232,-1.979659771035911,-1.7120238685289801,1.1940055358548123
RPM-2009-12-15:2828:1,2,HD,hawkish_vs_dovish,True,-0.15066945745316795,-0.43773074062381917,-0.3643148730138546,-0.5884001980769871
RPM-2010-09-16:3345:1,2,A,relevante_vs_irrelevante,False,0.4961854394299526,-3.995092208155267,-2.9964244214120552,-3.4989067687253144
RPM-2010-09-16:3345:1,2,B,neutral_vs_dovish,False,3.1736653068907232,-0.7967287026299684,-0.5777391652307886,2.376936604260755
RPM-2010-09-16:3345:1,2,HD,hawkish_vs_dovish,False,-0.15066945745316795,-0.17587506786480195,-0.08811358972342795,-0.3265445253179699
RPM-2010-09-16:3346:1,2,A,relevante_vs_irrelevante,False,0.4961854394299526,-3.3688133727198077,-2.4831126782362696,-2.872627933289855
RPM-2010-09-16:3346:1,2,B,neutral_vs_dovish,False,3.1736653068907232,-1.192825364366217,-0.7792400124224839,1.9808399425245062
RPM-2010-09-16:3346:1,2,HD,hawkish_vs_dovish,False,-0.15066945745316795,-0.32589943745189953,-0.276948724616688,-0.4765688949050675
RPM-2010-09-16:3354:3,2,A,relevante_vs_irrelevante,True,0.4961854394299526,0.4437113547068754,0.35734704276187784,0.9398967941368279
RPM-2010-09-16:3354:3,2,B,neutral_vs_dovish,True,3.1736653068907232,-0.1622414186056755,-0.15777093800005354,3.011423888285048
RPM-2010-09-16:3354:3,2,HD,hawkish_vs_dovish,True,-0.15066945745316795,-0.3848491685064928,-0.28505960184831614,-0.5355186259596607
RPM-2010-09-16:3374:1,2,A,relevante_vs_irrelevante,True,0.4961854394299526,0.5791860005895545,0.5067729528057898,1.0753714400195071
RPM-2010-09-16:3374:1,2,B,neutral_vs_dovish,True,3.1736653068907232,-0.9462446793423112,-0.5125582312377164,2.227420627548412
RPM-2010-09-16:3374:1,2,HD,hawkish_vs_dovish,True,-0.15066945745316795,-0.8704290767305146,-0.5757676831173418,-1.0210985341836825
RPM-2010-09-16:3389:1,2,A,relevante_vs_irrelevante,True,0.4961854394299526,0.49375272336362797,0.48071862914296976,0.9899381627935806
RPM-2010-09-16:3389:1,2,B,neutral_vs_dovish,True,3.1736653068907232,-0.3241739623092625,-0.22759260435935483,2.8494913445814607
RPM-2010-09-16:3389:1,2,HD,hawkish_vs_dovish,True,-0.15066945745316795,-0.049417799854830705,-0.11132001212127972,-0.20008725730799864
RPM-2010-09-16:3395:4,2,A,relevante_vs_irrelevante,True,0.4961854394299526,1.1701419586227155,1.050521055096888,1.666327398052668
RPM-2010-09-16:3395:4,2,B,neutral_vs_dovish,True,3.1736653068907232,-0.23219308782387338,-0.1616064626463882,2.94147221906685
RPM-2010-09-16:3395:4,2,HD,hawkish_vs_dovish,True,-0.15066945745316795,-0.23722793697810685,-0.16413723914174183,-0.3878973944312748
RPM-2010-09-16:3409:2,2,A,relevante_vs_irrelevante,True,0.4961854394299526,2.1326966727218224,1.3373929100914514,2.628882112151775
RPM-2010-09-16:3409:2,2,B,neutral_vs_dovish,True,3.1736653068907232,-0.09106463753807076,0.0007889499816994272,3.0826006693526526
RPM-2010-09-16:3409:2,2,HD,hawkish_vs_dovish,True,-0.15066945745316795,-0.22989905902934699,-0.1850669510585886,-0.38056851648251494
RPM-2011-01-13:3651:1,2,A,relevante_vs_irrelevante,True,0.4961854394299526,0.771073098321464,0.46940171291480526,1.2672585377514165
RPM-2011-01-13:3651:1,2,B,neutral_vs_dovish,True,3.1736653068907232,-0.58666916161969,-0.3763942113482507,2.5869961452710335
RPM-2011-01-13:3651:1,2,HD,hawkish_vs_dovish,True,-0.15066945745316795,-0.8626792161194641,-0.6291985122874949,-1.013348673572632
RPM-2011-01-13:3656:3,2,A,relevante_vs_irrelevante,True,0.4961854394299526,1.9974501486309622,1.6002251406827717,2.493635588060915
RPM-2011-01-13:3656:3,2,B,neutral_vs_hawkish,True,3.3243347643438907,-0.38335394098853615,-0.34297762771439955,2.9409808233553547
RPM-2011-01-13:3656:3,2,HD,hawkish_vs_dovish,True,-0.15066945745316795,0.2268653151798934,0.16752755651137247,0.07619585772672544
RPM-2011-01-13:3659:1,2,A,relevante_vs_irrelevante,False,0.4961854394299526,-0.6029885996976179,-0.2543307420251355,-0.10680316026766529
RPM-2011-01-13:3659:1,2,B,neutral_vs_hawkish,False,3.3243347643438907,0.31990968773614087,0.19531663830173893,3.6442444520800317
RPM-2011-01-13:3659:1,2,HD,hawkish_vs_dovish,False,-0.15066945745316795,0.5238939016568754,0.4026239165192763,0.3732244442037075
RPM-2011-01-13:3672:1,2,A,relevante_vs_irrelevante,True,0.4961854394299526,1.4935296281035095,1.0894836824008498,1.989715067533462
RPM-2011-01-13:3672:1,2,B,neutral_vs_dovish,True,3.1736653068907232,-0.5976762425838681,-0.4354513590109017,2.5759890643068553
RPM-2011-01-13:3672:1,2,HD,hawkish_vs_dovish,True,-0.15066945745316795,-0.38997647997105334,-0.3393051933284713,-0.5406459374242213
RPM-2011-01-13:3698:1,2,A,relevante_vs_irrelevante,True,0.4961854394299526,0.4815548532349974,0.43355735833086273,0.97774029266495
RPM-2011-01-13:3698:1,2,B,neutral_vs_dovish,True,3.1736653068907232,-0.7245642055750965,-0.3931531318898318,2.4491011013156267
RPM-2011-01-13:3698:1,2,HD,hawkish_vs_dovish,True,-0.15066945745316795,-0.3007405929924938,-0.16633142387768599,-0.45141005044566174
RPM-2011-01-13:3717:1,2,A,relevante_vs_irrelevante,False,0.4961854394299526,-3.3867199308193268,-0.8518279356350869,-2.8905344913893742
RPM-2011-01-13:3717:1,2,B,neutral_vs_hawkish,False,3.3243347643438907,-1.1192366033504686,-0.8193376673255595,2.205098160993422
RPM-2011-01-13:3717:1,2,HD,hawkish_vs_dovish,False,-0.15066945745316795,1.1735435485198698,0.9915217008564765,1.0228740910667018
RPM-2012-03-15:4681:1,2,A,relevante_vs_irrelevante,True,0.4961854394299526,2.4829739392092316,1.9921684250472307,2.979159378639184
RPM-2012-03-15:4681:1,2,B,neutral_vs_dovish,True,3.1736653068907232,-1.2282540766689736,-1.0460004105885443,1.9454112302217497
RPM-2012-03-15:4681:1,2,HD,hawkish_vs_dovish,True,-0.15066945745316795,-0.22052071459318445,-0.18875558419267402,-0.3711901720463524
RPM-2012-03-15:4689:2,2,A,relevante_vs_irrelevante,True,0.4961854394299526,2.1322589225990325,1.7620841533580833,2.628444362028985
RPM-2012-03-15:4689:2,2,B,neutral_vs_hawkish,True,3.3243347643438907,-1.5552312567520699,-1.3935638492992775,1.769103507591821
RPM-2012-03-15:4689:2,2,HD,hawkish_vs_dovish,True,-0.15066945745316795,0.5470163439275442,0.47183316222946853,0.3963468864743762
RPM-2012-03-15:4697:1,2,A,relevante_vs_irrelevante,True,0.4961854394299526,3.134941453520189,2.6829655173284452,3.6311268929501415
RPM-2012-03-15:4697:1,2,B,neutral_vs_dovish,True,3.1736653068907232,-0.3270613283768755,-0.27667502200235616,2.8466039785138477
RPM-2012-03-15:4697:1,2,HD,hawkish_vs_dovish,True,-0.15066945745316795,0.14238642075308922,0.10098527296266291,-0.008283036700078739
RPM-2012-03-15:4701:1,2,A,relevante_vs_irrelevante,True,0.4961854394299526,1.8035847253990083,1.4410969492057446,2.299770164828961
RPM-2012-03-15:4701:1,2,B,neutral_vs_dovish,True,3.1736653068907232,-0.3362789111116466,-0.28705187277428357,2.8373863957790766
RPM-2012-03-15:4701:1,2,HD,hawkish_vs_dovish,True,-0.15066945745316795,-0.20672664056730666,-0.14449992282381266,-0.3573960980204746
RPM-2012-03-15:4706:2,2,A,relevante_vs_irrelevante,True,0.4961854394299526,1.618048044910568,1.327737765807937,2.1142334843405206
RPM-2012-03-15:4706:2,2,B,neutral_vs_dovish,True,3.1736653068907232,-0.5682279969255395,-0.45301175480052436,2.6054373099651835
RPM-2012-03-15:4706:2,2,HD,hawkish_vs_dovish,True,-0.15066945745316795,-0.13876427862264415,-0.16320084274725166,-0.28943373607581213
RPM-2012-03-15:4720:1,2,A,relevante_vs_irrelevante,False,0.4961854394299526,-3.873561817004389,-1.9952220157746088,-3.3773763775744365
RPM-2012-03-15:4720:1,2,B,neutral_vs_dovish,False,3.1736653068907232,0.3003557409892496,0.30428912755400117,3.474021047879973
RPM-2012-03-15:4720:1,2,HD,hawkish_vs_dovish,False,-0.15066945745316795,-0.35789794744428666,-0.20933839937943816,-0.5085674048974547
RPM-2012-03-15:4721:1,2,A,relevante_vs_irrelevante,True,0.4961854394299526,3.834490130577305,3.590668204976626,4.330675570007258
RPM-2012-03-15:4721:1,2,B,hawkish_vs_neutral,True,-3.3243347643438907,3.4393372306449406,3.330791160777368,0.11500246630104982
RPM-2012-03-15:4721:1,2,HD,hawkish_vs_dovish,True,-0.15066945745316795,0.4874819866445569,0.46205859204670174,0.33681252919138893
RPM-2013-11-19:5861:1,2,A,relevante_vs_irrelevante,True,0.4961854394299526,4.148290874396016,4.051379975370679,4.644476313825969
RPM-2013-11-19:5861:1,2,B,neutral_vs_dovish,True,3.1736653068907232,-1.6256477069391737,-1.5653945726882985,1.5480175999515495
RPM-2013-11-19:5861:1,2,HD,hawkish_vs_dovish,True,-0.15066945745316795,-0.33099403478849254,-0.36958938863114643,-0.4816634922416605
RPM-2013-11-19:5866:1,2,A,relevante_vs_irrelevante,True,0.4961854394299526,2.1956650728721816,1.9598774644362726,2.691850512302134
RPM-2013-11-19:5866:1,2,B,neutral_vs_dovish,True,3.1736653068907232,-1.3977541358797256,-1.2160650889728044,1.7759111710109976
RPM-2013-11-19:5866:1,2,HD,hawkish_vs_dovish,True,-0.15066945745316795,-0.2213492168334173,-0.16674038330261678,-0.37201867428658525
RPM-2013-11-19:5872:1,2,A,relevante_vs_irrelevante,False,0.4961854394299526,-0.6790375491662293,-0.0419459785443026,-0.1828521097362767
RPM-2013-11-19:5872:1,2,B,neutral_vs_dovish,False,3.1736653068907232,0.40710050831842803,0.415391725218035,3.5807658152091513
RPM-2013-11-19:5872:1,2,HD,hawkish_vs_dovish,False,-0.15066945745316795,-0.10190468067882141,0.10648357332118458,-0.25257413813198937
RPM-2013-11-19:5884:3,2,A,relevante_vs_irrelevante,False,0.4961854394299526,-2.7321761121917167,-0.3729795288798452,-2.235990672761764
RPM-2013-11-19:5884:3,2,B,neutral_vs_hawkish,False,3.3243347643438907,-2.633569313557436,-0.9224335059709317,0.6907654507864547
RPM-2013-11-19:5884:3,2,HD,hawkish_vs_dovish,False,-0.15066945745316795,0.7271519841047042,0.33054567507790145,0.5764825266515362
RPM-2013-11-19:5900:1,2,A,relevante_vs_irrelevante,True,0.4961854394299526,3.380256961611137,3.0666260535477003,3.8764424010410896
RPM-2013-11-19:5900:1,2,B,dovish_vs_neutral,True,-3.1736653068907232,3.2201522713126796,2.951548634054458,0.04648696442195632
RPM-2013-11-19:5900:1,2,HD,hawkish_vs_dovish,True,-0.15066945745316795,-0.6631253488518148,-0.635164567004929,-0.8137948063049828
RPM-2013-11-19:5901:1,2,A,relevante_vs_irrelevante,True,0.4961854394299526,2.2717485520819576,1.8239889156855102,2.76793399151191
RPM-2013-11-19:5901:1,2,B,dovish_vs_hawkish,True,0.15066945745316795,0.4831069146063368,0.3450990537536661,0.6337763720595048
RPM-2013-11-19:5901:1,2,HD,hawkish_vs_dovish,True,-0.15066945745316795,-0.4831069146063368,-0.3450990537536662,-0.6337763720595048
RPM-2014-09-11:6397:1,2,A,relevante_vs_irrelevante,True,0.4961854394299526,3.3249150582085862,3.0188520293180896,3.8211004976385388
RPM-2014-09-11:6397:1,2,B,neutral_vs_dovish,True,3.1736653068907232,-0.9085503064451149,-0.8776045765081715,2.265115000445608
RPM-2014-09-11:6397:1,2,HD,hawkish_vs_dovish,True,-0.15066945745316795,-0.5599761038242372,-0.491836009661781,-0.7106455612774052
RPM-2014-09-11:6405:1,2,A,relevante_vs_irrelevante,True,0.4961854394299526,3.3513980532668772,3.017605753960408,3.8475834926968298
RPM-2014-09-11:6405:1,2,B,neutral_vs_dovish,True,3.1736653068907232,-1.7046998516924616,-1.6237106465466393,1.4689654551982616
RPM-2014-09-11:6405:1,2,HD,hawkish_vs_dovish,True,-0.15066945745316795,-0.14866432862365972,-0.18988192993000763,-0.2993337860768277
RPM-2014-09-11:6406:1,2,A,relevante_vs_irrelevante,True,0.4961854394299526,0.5579994133172499,0.9106213043357974,1.0541848527472024
RPM-2014-09-11:6406:1,2,B,neutral_vs_dovish,True,3.1736653068907232,-0.32155380321751137,-0.13580636651104094,2.852111503673212
RPM-2014-09-11:6406:1,2,HD,hawkish_vs_dovish,True,-0.15066945745316795,-0.6885302956047286,-0.4175448102519121,-0.8391997530578965
RPM-2014-09-11:6414:1,2,A,relevante_vs_irrelevante,True,0.4961854394299526,2.501096293441026,2.0814466750743836,2.9972817328709787
RPM-2014-09-11:6414:1,2,B,neutral_vs_hawkish,True,3.3243347643438907,-1.072245118995732,-0.9142743046906774,2.2520896453481587
RPM-2014-09-11:6414:1,2,HD,hawkish_vs_dovish,True,-0.15066945745316795,0.17001258948418313,0.10515431911134977,0.019343132031015176
RPM-2014-09-11:6415:3,2,A,relevante_vs_irrelevante,True,0.4961854394299526,1.5519089499845078,0.9363839030585166,2.0480943894144605
RPM-2014-09-11:6415:3,2,B,neutral_vs_hawkish,True,3.3243347643438907,-2.092661897078821,-1.1874211607742897,1.2316728672650696
RPM-2014-09-11:6415:3,2,HD,hawkish_vs_dovish,True,-0.15066945745316795,1.1121592446842326,0.5952045476098939,0.9614897872310646
RPM-2014-09-11:6423:1,2,A,relevante_vs_irrelevante,False,0.4961854394299526,-3.402921941481173,-2.3991967562662486,-2.9067365020512206
RPM-2014-09-11:6423:1,2,B,neutral_vs_dovish,False,3.1736653068907232,-1.570511153305366,-1.026243469102427,1.6031541535853573
RPM-2014-09-11:6423:1,2,HD,hawkish_vs_dovish,False,-0.15066945745316795,-0.2591040923106247,-0.25107043770003573,-0.40977354976379265
RPM-2014-09-11:6437:1,2,A,relevante_vs_irrelevante,True,0.4961854394299526,2.6583123711626557,2.512953759277612,3.1544978105926083
RPM-2014-09-11:6437:1,2,B,dovish_vs_neutral,True,-3.1736653068907232,3.3697633756729695,3.237160199266378,0.19609806878224623
RPM-2014-09-11:6437:1,2,HD,hawkish_vs_dovish,True,-0.15066945745316795,-0.6482871222643452,-0.6656738451610336,-0.7989565797175131
RPM-2015-01-15:6550:1,2,A,relevante_vs_irrelevante,False,0.4961854394299526,-3.3923992479289766,-2.1908015324704504,-2.896213808499024
RPM-2015-01-15:6550:1,2,B,neutral_vs_dovish,False,3.1736653068907232,-1.4856783152290656,-0.9261835435337414,1.6879869916616577
RPM-2015-01-15:6550:1,2,HD,hawkish_vs_dovish,False,-0.15066945745316795,-0.4907277995179065,-0.23679109146788663,-0.6413972569710744
RPM-2015-01-15:6585:1,2,A,relevante_vs_irrelevante,True,0.4961854394299526,3.9939890709233126,3.6805412472446286,4.490174510353265
RPM-2015-01-15:6585:1,2,B,dovish_vs_neutral,True,-3.1736653068907232,3.5760216624377525,3.417571429745958,0.4023563555470293
RPM-2015-01-15:6585:1,2,HD,hawkish_vs_dovish,True,-0.15066945745316795,-0.26812722878401113,-0.2462009156641196,-0.4187966862371791
RPM-2015-01-15:6592:1,2,A,relevante_vs_irrelevante,False,0.4961854394299526,-4.446134063590661,-1.8924644683174905,-3.949948624160709
RPM-2015-01-15:6592:1,2,B,neutral_vs_dovish,False,3.1736653068907232,-0.28504114438475014,-0.17598822740164421,2.888624162505973
RPM-2015-01-15:6592:1,2,HD,hawkish_vs_dovish,False,-0.15066945745316795,-0.8181072255442989,-0.516173934683984,-0.9687766829974669
RPM-2005-01-11:24:1,3,A,relevante_vs_irrelevante,True,0.4669218573897571,1.5894981819757215,1.2251551553440794,2.0564200393654786
RPM-2005-01-11:24:1,3,B,neutral_vs_dovish,True,3.193814099628756,-0.25304059473469254,-0.02417228774501004,2.9407735048940635
RPM-2005-01-11:24:1,3,HD,hawkish_vs_dovish,True,-0.2985191299144321,0.206466108989861,0.05893601725324116,-0.09205302092457107
RPM-2005-01-11:45:1,3,A,relevante_vs_irrelevante,True,0.4669218573897571,1.3879787543854414,1.0856274540996393,1.8549006117751985
RPM-2005-01-11:45:1,3,B,neutral_vs_hawkish,True,3.4923332295431884,-1.1896770919893602,-0.6295952870060605,2.302656137553828
RPM-2005-01-11:45:1,3,HD,hawkish_vs_dovish,True,-0.2985191299144321,0.41772083424453144,0.25068507363740145,0.11920170433009936
RPM-2005-01-11:48:1,3,A,relevante_vs_irrelevante,True,0.4669218573897571,1.3237655104164205,1.0910145209999482,1.7906873678061777
RPM-2005-01-11:48:1,3,B,neutral_vs_hawkish,True,3.4923332295431884,-2.286811062641395,-1.458824879559507,1.2055221669017935
RPM-2005-01-11:48:1,3,HD,hawkish_vs_dovish,True,-0.2985191299144321,0.5554020440171518,0.28549414859682937,0.2568829141027197
RPM-2005-10-11:405:1,3,A,relevante_vs_irrelevante,False,0.4669218573897571,-5.3332442157083575,0.0,-4.8663223583186
RPM-2005-10-11:405:1,3,B,neutral_vs_dovish,False,3.193814099628756,-0.19768811056001295,0.0,2.996125989068743
RPM-2005-10-11:405:1,3,HD,hawkish_vs_dovish,False,-0.2985191299144321,-0.2957270458575043,-5.551115123125783e-17,-0.5942461757719364
RPM-2005-10-11:436:1,3,A,relevante_vs_irrelevante,False,0.4669218573897571,-4.589279724324002,-1.6483094163895737,-4.122357866934244
RPM-2005-10-11:436:1,3,B,neutral_vs_hawkish,False,3.4923332295431884,-0.3508433136063428,-0.20559669261831187,3.1414899159368455
RPM-2005-10-11:436:1,3,HD,hawkish_vs_dovish,False,-0.2985191299144321,0.5135568068261893,0.35636357155581766,0.21503767691175724
RPM-2006-09-07:835:1,3,A,relevante_vs_irrelevante,True,0.4669218573897571,2.013626508534815,1.3065661221866587,2.480548365924572
RPM-2006-09-07:835:1,3,B,neutral_vs_dovish,True,3.193814099628756,-0.4900139242388599,-0.40321061340975606,2.703800175389896
RPM-2006-09-07:835:1,3,HD,hawkish_vs_dovish,True,-0.2985191299144321,-0.48062225377550727,-0.34956006050420724,-0.7791413836899393
RPM-2006-09-07:857:1,3,A,relevante_vs_irrelevante,True,0.4669218573897571,2.3809860946886015,1.7184332912533216,2.8479079520783586
RPM-2006-09-07:857:1,3,B,neutral_vs_dovish,True,3.193814099628756,-0.28655942158685455,0.07859766254327444,2.9072546780419017
RPM-2006-09-07:857:1,3,HD,hawkish_vs_dovish,True,-0.2985191299144321,-0.1937946260381107,-0.21475880329112002,-0.4923137559525428
RPM-2006-09-07:873:1,3,A,relevante_vs_irrelevante,True,0.4669218573897571,4.01589669183292,3.6893893910124937,4.482818549222678
RPM-2006-09-07:873:1,3,B,dovish_vs_hawkish,True,0.2985191299144321,0.3854227544081211,0.3532393055296309,0.6839418843225532
RPM-2006-09-07:873:1,3,HD,hawkish_vs_dovish,True,-0.2985191299144321,-0.3854227544081211,-0.3532393055296309,-0.6839418843225532
RPM-2006-12-14:1017:1,3,A,relevante_vs_irrelevante,True,0.4669218573897571,4.098994452300835,3.8631905214163518,4.565916309690593
RPM-2006-12-14:1017:1,3,B,dovish_vs_hawkish,True,0.2985191299144321,-0.014391360302245165,-0.06748938138732993,0.2841277696121869
RPM-2006-12-14:1017:1,3,HD,hawkish_vs_dovish,True,-0.2985191299144321,0.014391360302245165,0.06748938138732993,-0.2841277696121869
RPM-2007-01-11:1030:1,3,A,relevante_vs_irrelevante,True,0.4669218573897571,1.4045173939087483,1.0801661907233262,1.8714392512985054
RPM-2007-01-11:1030:1,3,B,neutral_vs_dovish,True,3.193814099628756,0.0030322288720574797,0.08240902491079076,3.1968463285008135
RPM-2007-01-11:1030:1,3,HD,hawkish_vs_dovish,True,-0.2985191299144321,-0.4102515289949342,-0.2942144041370233,-0.7087706589093663
RPM-2007-01-11:1047:5,3,A,relevante_vs_irrelevante,False,0.4669218573897571,-5.41446136080178,-1.2523917497854002,-4.947539503412022
RPM-2007-01-11:1047:5,3,B,neutral_vs_hawkish,False,3.4923332295431884,-0.26342649960328496,-0.19160688260915437,3.2289067299399035
RPM-2007-01-11:1047:5,3,HD,hawkish_vs_dovish,False,-0.2985191299144321,0.3901759382957644,0.2042845776959772,0.09165680838133233
RPM-2007-01-11:1049:3,3,A,relevante_vs_irrelevante,True,0.4669218573897571,3.0134586182913523,2.6946549448149586,3.4803804756811094
RPM-2007-01-11:1049:3,3,B,neutral_vs_dovish,True,3.193814099628756,-3.0435750203240204,-2.804187793985632,0.15023907930473568
RPM-2007-01-11:1049:3,3,HD,hawkish_vs_dovish,True,-0.2985191299144321,0.08724266311359372,0.2001663319106533,-0.21127646680083836
RPM-2008-01-10:1619:2,3,A,relevante_vs_irrelevante,True,0.4669218573897571,1.1902744509569385,0.832777033043633,1.6571963083466956
RPM-2008-01-10:1619:2,3,B,neutral_vs_dovish,True,3.193814099628756,0.33274056580526656,0.2763294166873367,3.5265546654340225
RPM-2008-01-10:1619:2,3,HD,hawkish_vs_dovish,True,-0.2985191299144321,-0.09661106856210047,-0.03858661474046611,-0.3951301984765325
RPM-2008-01-10:1628:2,3,A,relevante_vs_irrelevante,False,0.4669218573897571,-4.48631243791752,-0.6385487361992479,-4.019390580527762
RPM-2008-01-10:1628:2,3,B,neutral_vs_hawkish,False,3.4923332295431884,-1.7591984167009207,-0.4963856910046709,1.7331348128422677
RPM-2008-01-10:1628:2,3,HD,hawkish_vs_dovish,False,-0.2985191299144321,0.6600057696583037,0.263931090272428,0.36148663974387163
RPM-2009-08-13:2659:1,3,A,relevante_vs_irrelevante,True,0.4669218573897571,2.229984452352023,1.7635560537527255,2.69690630974178
RPM-2009-08-13:2659:1,3,B,neutral_vs_dovish,True,3.193814099628756,-0.35443914027846796,-0.30985127518398375,2.839374959350288
RPM-2009-08-13:2659:1,3,HD,hawkish_vs_dovish,True,-0.2985191299144321,-0.2343498053356516,-0.15123667005993996,-0.5328689352500837
RPM-2010-06-15:3137:1,3,A,relevante_vs_irrelevante,True,0.4669218573897571,2.82125639572885,2.2887932784239946,3.2881782531186072
RPM-2010-06-15:3137:1,3,B,neutral_vs_dovish,True,3.193814099628756,-1.4904764284598948,-1.2296942490326463,1.7033376711688613
RPM-2010-06-15:3137:1,3,HD,hawkish_vs_dovish,True,-0.2985191299144321,-0.4765862645575682,-0.43378994255635517,-0.7751053944720003
RPM-2010-06-15:3166:1,3,A,relevante_vs_irrelevante,True,0.4669218573897571,1.5324264925496638,1.066404886296537,1.999348349939421
RPM-2010-06-15:3166:1,3,B,neutral_vs_hawkish,True,3.4923332295431884,-0.5838031977926508,-0.4592757544856181,2.9085300317505376
RPM-2010-06-15:3166:1,3,HD,hawkish_vs_dovish,True,-0.2985191299144321,0.5020999594242908,0.45312933496944036,0.20358082950985867
RPM-2010-06-15:3199:1,3,A,relevante_vs_irrelevante,True,0.4669218573897571,3.9460077205124167,3.713654985396043,4.412929577902174
RPM-2010-06-15:3199:1,3,B,hawkish_vs_dovish,True,-0.2985191299144321,0.5111841499826528,0.44736528074847437,0.21266502006822074
RPM-2010-06-15:3199:1,3,HD,hawkish_vs_dovish,True,-0.2985191299144321,0.5111841499826528,0.44736528074847437,0.21266502006822074
RPM-2011-08-18:4224:2,3,A,relevante_vs_irrelevante,True,0.4669218573897571,2.1840664391439226,1.78296518491491,2.6509882965336797
RPM-2011-08-18:4224:2,3,B,neutral_vs_hawkish,True,3.4923332295431884,-0.8026139044246136,-0.6250163582826049,2.689719325118575
RPM-2011-08-18:4224:2,3,HD,hawkish_vs_dovish,True,-0.2985191299144321,0.4577919892333785,0.40051748824456695,0.1592728593189464
RPM-2011-08-18:4263:1,3,A,relevante_vs_irrelevante,True,0.4669218573897571,0.7828264204386325,0.40376311227363176,1.2497482778283895
RPM-2011-08-18:4263:1,3,B,neutral_vs_hawkish,True,3.4923332295431884,-0.5446434464106145,-0.4664104531738526,2.947689783132574
RPM-2011-08-18:4263:1,3,HD,hawkish_vs_dovish,True,-0.2985191299144321,0.427593001009682,0.2673372965828544,0.12907387109524993
RPM-2011-08-18:4272:1,3,A,relevante_vs_irrelevante,True,0.4669218573897571,3.6201696747015832,3.449763904855364,4.087091532091341
RPM-2011-08-18:4272:1,3,B,hawkish_vs_dovish,True,-0.2985191299144321,0.8032560984460251,0.7735946201723172,0.504736968531593
RPM-2011-08-18:4272:1,3,HD,hawkish_vs_dovish,True,-0.2985191299144321,0.8032560984460251,0.7735946201723172,0.504736968531593
RPM-2013-01-17:5306:1,3,A,relevante_vs_irrelevante,True,0.4669218573897571,2.555286928564511,2.2956477676411065,3.022208785954268
RPM-2013-01-17:5306:1,3,B,neutral_vs_dovish,True,3.193814099628756,-0.7397935226434231,-0.6580934682277201,2.454020576985333
RPM-2013-01-17:5306:1,3,HD,hawkish_vs_dovish,True,-0.2985191299144321,0.062277059295094944,0.05839853376160336,-0.23624207061933714
RPM-2014-03-13:6057:1,3,A,relevante_vs_irrelevante,False,0.4669218573897571,-3.7481852635711768,-2.7439757896203334,-3.2812634061814197
RPM-2014-03-13:6057:1,3,B,neutral_vs_dovish,False,3.193814099628756,-0.7205241793920728,-0.655232553803298,2.473289920236683
RPM-2014-03-13:6057:1,3,HD,hawkish_vs_dovish,False,-0.2985191299144321,-0.5336659434359958,-0.42613815136683797,-0.8321850733504279
RPM-2014-03-13:6075:1,3,A,relevante_vs_irrelevante,False,0.4669218573897571,-4.846073942841353,-2.114070321739935,-4.3791520854515955
RPM-2014-03-13:6075:1,3,B,neutral_vs_dovish,False,3.193814099628756,0.467048516043209,0.3849493010318335,3.6608626156719652
RPM-2014-03-13:6075:1,3,HD,hawkish_vs_dovish,False,-0.2985191299144321,-0.44327477585754066,-0.24213165780033238,-0.7417939057719727
RPM-2014-03-13:6103:2,3,A,relevante_vs_irrelevante,True,0.4669218573897571,-0.430379196912948,-0.29488084020033656,0.0365426604768091
RPM-2014-03-13:6103:2,3,B,neutral_vs_dovish,True,3.193814099628756,-1.5380279373881678,-1.328629876381326,1.6557861622405883
RPM-2014-03-13:6103:2,3,HD,hawkish_vs_dovish,True,-0.2985191299144321,-1.177423200105397,-1.0679863536629715,-1.475942330019829
RPM-2014-08-14:6389:3,3,A,relevante_vs_irrelevante,True,0.4669218573897571,0.6176642379776542,0.6201407316415506,1.0845860953674114
RPM-2014-08-14:6389:3,3,B,dovish_vs_neutral,True,-3.193814099628756,3.8648785579998717,3.399529104995871,0.6710644583711156
RPM-2014-08-14:6389:3,3,HD,hawkish_vs_dovish,True,-0.2985191299144321,-1.3822539275627985,-1.4729611831943594,-1.6807730574772306
RPM-2015-03-19:6680:1,3,A,relevante_vs_irrelevante,False,0.4669218573897571,-3.802154144158604,-1.7388653497041875,-3.335232286768847
RPM-2015-03-19:6680:1,3,B,neutral_vs_dovish,False,3.193814099628756,-0.368099170784654,-0.3140860566181558,2.825714928844102
RPM-2015-03-19:6680:1,3,HD,hawkish_vs_dovish,False,-0.2985191299144321,-0.8887411188819133,-0.7270444732041177,-1.1872602487963455
RPM-2015-03-19:6681:1,3,A,relevante_vs_irrelevante,True,0.4669218573897571,3.5051379972577354,3.1887963907797374,3.9720598546474926
RPM-2015-03-19:6681:1,3,B,dovish_vs_neutral,True,-3.193814099628756,3.37244859822553,3.201713270404991,0.17863449859677383
RPM-2015-03-19:6681:1,3,HD,hawkish_vs_dovish,True,-0.2985191299144321,-0.2650631703494258,-0.32111680342457694,-0.5635823002638578
RPM-2005-01-11:10:1,3,A,relevante_vs_irrelevante,True,0.4669218573897571,0.8586516509213242,0.6123226118620106,1.3255735083110813
RPM-2005-01-11:10:1,3,B,neutral_vs_dovish,True,3.193814099628756,-0.9626620198456435,-0.6795457182396153,2.2311520797831124
RPM-2005-01-11:10:1,3,HD,hawkish_vs_dovish,True,-0.2985191299144321,-0.17845555703142033,-0.07616120002764554,-0.47697468694585243
RPM-2005-01-11:11:1,3,A,relevante_vs_irrelevante,True,0.4669218573897571,2.551684350774743,1.6546730979439328,3.0186062081645
RPM-2005-01-11:11:1,3,B,neutral_vs_dovish,True,3.193814099628756,-0.6210268435194002,-0.45344458732977844,2.572787256109356
RPM-2005-01-11:11:1,3,HD,hawkish_vs_dovish,True,-0.2985191299144321,-0.014782032227992197,-0.01176051111133604,-0.31330116214242426
RPM-2005-01-11:12:1,3,A,relevante_vs_irrelevante,True,0.4669218573897571,1.8262183433244412,1.2477326110032156,2.2931402007141983
RPM-2005-01-11:12:1,3,B,neutral_vs_dovish,True,3.193814099628756,-0.28283851674690674,-0.19611336823124775,2.910975582881849
RPM-2005-01-11:12:1,3,HD,hawkish_vs_dovish,True,-0.2985191299144321,0.1188231771138138,0.07572924896613113,-0.17969595280061829
RPM-2005-01-11:13:1,3,A,relevante_vs_irrelevante,True,0.4669218573897571,2.1184626826184996,1.5159828160661535,2.5853845400082567
RPM-2005-01-11:13:1,3,B,neutral_vs_dovish,True,3.193814099628756,-0.47128782222866517,-0.3524957087585589,2.7225262774000907
RPM-2005-01-11:13:1,3,HD,hawkish_vs_dovish,True,-0.2985191299144321,-0.16410746896532066,-0.17083589926138187,-0.46262659887975277
RPM-2005-01-11:14:1,3,A,relevante_vs_irrelevante,True,0.4669218573897571,2.341341933430218,1.8654295312955775,2.808263790819975
RPM-2005-01-11:14:1,3,B,neutral_vs_dovish,True,3.193814099628756,-0.7479052987545387,-0.6399564645548758,2.4459088008742174
RPM-2005-01-11:14:1,3,HD,hawkish_vs_dovish,True,-0.2985191299144321,-0.29693584100909154,-0.29729297293435736,-0.5954549709235236
RPM-2005-01-11:15:1,3,A,relevante_vs_irrelevante,True,0.4669218573897571,2.088294177812233,1.5260215947063107,2.55521603520199
RPM-2005-01-11:15:1,3,B,neutral_vs_dovish,True,3.193814099628756,-0.8677112477608278,-0.7716795720038168,2.3261028518679283
RPM-2005-01-11:15:1,3,HD,hawkish_vs_dovish,True,-0.2985191299144321,-0.235888488981998,-0.17397946832170325,-0.5344076188964301
RPM-2005-01-11:16:1,3,A,relevante_vs_irrelevante,True,0.4669218573897571,1.4093056096104277,1.063922331464259,1.8762274670001848
RPM-2005-01-11:16:1,3,B,neutral_vs_dovish,True,3.193814099628756,0.2980730542284955,0.3153997986889333,3.4918871538572516
RPM-2005-01-11:16:1,3,HD,hawkish_vs_dovish,True,-0.2985191299144321,-0.026439718144902015,-0.01775986522731299,-0.3249588480593341
RPM-2005-01-11:17:1,3,A,relevante_vs_irrelevante,True,0.4669218573897571,0.6409466643022116,0.4100887982337643,1.1078685216919686
RPM-2005-01-11:17:1,3,B,neutral_vs_dovish,True,3.193814099628756,-0.3995704353955667,-0.2121019217843058,2.794243664233189
RPM-2005-01-11:17:1,3,HD,hawkish_vs_dovish,True,-0.2985191299144321,-0.16059273611230324,-0.18960548954193643,-0.4591118660267353
RPM-2005-01-11:18:1,3,A,relevante_vs_irrelevante,True,0.4669218573897571,2.7672791975214484,2.157617765128197,3.2342010549112055
RPM-2005-01-11:18:1,3,B,neutral_vs_dovish,True,3.193814099628756,-0.888823360603262,-0.8586871344211661,2.3049907390254942
RPM-2005-01-11:18:1,3,HD,hawkish_vs_dovish,True,-0.2985191299144321,-0.4930777513646643,-0.42657243802948386,-0.7915968812790963
RPM-2005-01-11:19:1,3,A,relevante_vs_irrelevante,True,0.4669218573897571,1.4936423467576538,1.3992269531582564,1.960564204147411
RPM-2005-01-11:19:1,3,B,neutral_vs_dovish,True,3.193814099628756,-0.5031726429835406,-0.3581591644508922,2.6906414566452153
RPM-2005-01-11:19:1,3,HD,hawkish_vs_dovish,True,-0.2985191299144321,-0.0007043821464556566,-0.05992629828866024,-0.2992235120608877
RPM-2005-01-11:1:1,3,A,relevante_vs_irrelevante,False,0.4669218573897571,-3.4539639038164234,-2.48462571896361,-2.9870420464266663
RPM-2005-01-11:1:1,3,B,neutral_vs_dovish,False,3.193814099628756,-0.648153928885032,-0.582773498862682,2.545660170743724
RPM-2005-01-11:1:1,3,HD,hawkish_vs_dovish,False,-0.2985191299144321,-0.1576116064004108,-0.07254481370831765,-0.4561307363148429
RPM-2005-01-11:20:1,3,A,relevante_vs_irrelevante,True,0.4669218573897571,1.2575594632123581,0.9248223031364076,1.7244813206021152
RPM-2005-01-11:20:1,3,B,neutral_vs_dovish,True,3.193814099628756,-0.5772153670340028,-0.36470654447668777,2.6165987325947535
RPM-2005-01-11:20:1,3,HD,hawkish_vs_dovish,True,-0.2985191299144321,-0.7815195258354279,-0.568056521539557,-1.08003865574986
RPM-2005-01-11:21:1,3,A,relevante_vs_irrelevante,True,0.4669218573897571,2.178925004337873,1.6666054012964726,2.6458468617276303
RPM-2005-01-11:21:1,3,B,neutral_vs_dovish,True,3.193814099628756,-0.7138538089575548,-0.4493525616193296,2.479960290671201
RPM-2005-01-11:21:1,3,HD,hawkish_vs_dovish,True,-0.2985191299144321,-0.0975594844645005,-0.11070115967195844,-0.39607861437893255
RPM-2005-01-11:22:1,3,A,relevante_vs_irrelevante,True,0.4669218573897571,2.438216621727668,1.4713438892136317,2.9051384791174253
RPM-2005-01-11:22:1,3,B,neutral_vs_dovish,True,3.193814099628756,-0.5344280638376849,-0.07400386838706274,2.659386035791071
RPM-2005-01-11:22:1,3,HD,hawkish_vs_dovish,True,-0.2985191299144321,0.08351100368806152,0.06693864585472367,-0.21500812622637056
RPM-2005-01-11:23:1,3,A,relevante_vs_irrelevante,True,0.4669218573897571,2.8267528336476313,2.3396717124802136,3.2936746910373884
RPM-2005-01-11:23:1,3,B,neutral_vs_dovish,True,3.193814099628756,-0.7946572489356956,-0.6439263970386031,2.3991568506930605
RPM-2005-01-11:23:1,3,HD,hawkish_vs_dovish,True,-0.2985191299144321,-0.05447938987842878,-0.05113257902566146,-0.35299851979286084
RPM-2005-01-11:25:1,3,A,relevante_vs_irrelevante,True,0.4669218573897571,3.085101164235615,2.260102118915242,3.5520230216253723
RPM-2005-01-11:25:1,3,B,neutral_vs_dovish,True,3.193814099628756,-0.6165104309997876,-0.5653983844345825,2.5773036686289683
RPM-2005-01-11:25:1,3,HD,hawkish_vs_dovish,True,-0.2985191299144321,0.023256008707050368,0.041229068431838586,-0.2752631212073817
RPM-2005-01-11:26:1,3,A,relevante_vs_irrelevante,True,0.4669218573897571,0.3129203391939343,0.22107050435126907,0.7798421965836915
RPM-2005-01-11:26:1,3,B,neutral_vs_dovish,True,3.193814099628756,-0.7461800856948447,-0.3856781353109312,2.4476340139339112
RPM-2005-01-11:26:1,3,HD,hawkish_vs_dovish,True,-0.2985191299144321,-0.2371402636113726,-0.018211961395221354,-0.5356593935258047
RPM-2005-01-11:27:1,3,A,relevante_vs_irrelevante,True,0.4669218573897571,1.0122287032237494,0.43645648537647763,1.4791505606135065
RPM-2005-01-11:27:1,3,B,neutral_vs_dovish,True,3.193814099628756,-0.2722494913324824,-0.17194641430130642,2.921564608296274
RPM-2005-01-11:27:1,3,HD,hawkish_vs_dovish,True,-0.2985191299144321,0.04352676790807812,0.01205788462568931,-0.25499236200635395
RPM-2005-01-11:28:1,3,A,relevante_vs_irrelevante,False,0.4669218573897571,-4.591162024829394,-1.5612043528644053,-4.124240167439638
RPM-2005-01-11:28:1,3,B,neutral_vs_hawkish,False,3.4923332295431884,-0.3251763241279352,-0.19441465552522946,3.1671569054152533
RPM-2005-01-11:28:1,3,HD,hawkish_vs_dovish,False,-0.2985191299144321,0.5092293098911322,0.3492726744959349,0.21071017997670016
RPM-2005-01-11:28:2,3,A,relevante_vs_irrelevante,False,0.4669218573897571,-3.0083401545027915,-1.5487708781579652,-2.5414182971130344
RPM-2005-01-11:28:2,3,B,neutral_vs_dovish,False,3.193814099628756,-1.8331168666681752,-1.37650665373088,1.3606972329605809
RPM-2005-01-11:28:2,3,HD,hawkish_vs_dovish,False,-0.2985191299144321,-0.6041029413355024,-0.41651271823217506,-0.9026220712499344
RPM-2005-01-11:29:1,3,A,relevante_vs_irrelevante,True,0.4669218573897571,2.3555567870821816,1.751502094949233,2.8224786444719387
RPM-2005-01-11:29:1,3,B,neutral_vs_dovish,True,3.193814099628756,-2.26011144323242,-2.038734788001241,0.9337026563963362
RPM-2005-01-11:29:1,3,HD,hawkish_vs_dovish,True,-0.2985191299144321,-0.7836292917427243,-0.7058441002679434,-1.0821484216571564
RPM-2005-01-11:2:1,3,A,relevante_vs_irrelevante,False,0.4669218573897571,-2.9248124871605374,-0.8186464731314422,-2.4578906297707803
RPM-2005-01-11:2:1,3,B,neutral_vs_dovish,False,3.193814099628756,-0.9369658556831666,-0.41958464156006103,2.2568482439455897
RPM-2005-01-11:2:1,3,HD,hawkish_vs_dovish,False,-0.2985191299144321,-0.0302310170358654,-0.016668684050948547,-0.3287501469502975
RPM-2005-01-11:30:1,3,A,relevante_vs_irrelevante,True,0.4669218573897571,2.615154114032813,2.526596322285853,3.08207597142257
RPM-2005-01-11:30:1,3,B,neutral_vs_dovish,True,3.193814099628756,-2.718635080170742,-2.475542585648531,0.4751790194580141
RPM-2005-01-11:30:1,3,HD,hawkish_vs_dovish,True,-0.2985191299144321,-0.1539584894286154,-0.24417178817004886,-0.4524776193430475
RPM-2005-01-11:31:1,3,A,relevante_vs_irrelevante,True,0.4669218573897571,1.964764181323257,1.3569822299333163,2.431686038713014
RPM-2005-01-11:31:1,3,B,neutral_vs_dovish,True,3.193814099628756,-1.0540723773677896,-0.7982106248447934,2.1397417222609665
RPM-2005-01-11:31:1,3,HD,hawkish_vs_dovish,True,-0.2985191299144321,-0.3365788268631548,-0.22747914063938524,-0.635097956777587
RPM-2005-01-11:32:1,3,A,relevante_vs_irrelevante,True,0.4669218573897571,3.0860265989095437,2.64356497912968,3.552948456299301
RPM-2005-01-11:32:1,3,B,neutral_vs_dovish,True,3.193814099628756,-2.07613933774912,-1.7693119567191584,1.1176747618796359
RPM-2005-01-11:32:1,3,HD,hawkish_vs_dovish,True,-0.2985191299144321,-0.3794448352287545,-0.34831564242011215,-0.6779639651431866
RPM-2005-01-11:33:1,3,A,relevante_vs_irrelevante,True,0.4669218573897571,2.190060797641671,1.8523927748355544,2.656982655031428
RPM-2005-01-11:33:1,3,B,neutral_vs_dovish,True,3.193814099628756,-1.901158168532438,-1.715389850816255,1.2926559310963182
RPM-2005-01-11:33:1,3,HD,hawkish_vs_dovish,True,-0.2985191299144321,-0.2207324076746715,-0.26890539627529086,-0.5192515375891036
RPM-2005-01-11:34:1,3,A,relevante_vs_irrelevante,True,0.4669218573897571,3.164753417502733,2.614815212330653,3.63167527489249
RPM-2005-01-11:34:1,3,B,neutral_vs_dovish,True,3.193814099628756,-1.732419854091497,-1.587403054812926,1.461394245537259
RPM-2005-01-11:34:1,3,HD,hawkish_vs_dovish,True,-0.2985191299144321,-0.08104461955853212,-0.05038353652336697,-0.37956374947296423
RPM-2005-01-11:35:1,3,A,relevante_vs_irrelevante,True,0.4669218573897571,2.6007786519152147,2.2461185674846855,3.067700509304972
RPM-2005-01-11:35:1,3,B,neutral_vs_dovish,True,3.193814099628756,-1.9922182436680171,-1.6916552505715003,1.201595855960739
RPM-2005-01-11:35:1,3,HD,hawkish_vs_dovish,True,-0.2985191299144321,-0.25993850174170324,-0.19296762953780955,-0.5584576316561354
RPM-2005-01-11:36:1,3,A,relevante_vs_irrelevante,True,0.4669218573897571,4.163877343437944,3.406963220173327,4.630799200827701
RPM-2005-01-11:36:1,3,B,neutral_vs_dovish,True,3.193814099628756,-2.1032148622505447,-1.8388433175725292,1.0905992373782114
RPM-2005-01-11:36:1,3,HD,hawkish_vs_dovish,True,-0.2985191299144321,-0.3781666139645717,-0.3768851315861333,-0.6766857438790037
RPM-2005-01-11:37:1,3,A,relevante_vs_irrelevante,False,0.4669218573897571,-1.9214767142881974,-0.5312603903539175,-1.4545548568984403
RPM-2005-01-11:37:1,3,B,neutral_vs_hawkish,False,3.4923332295431884,-1.9131705751787946,-1.2273421615933862,1.5791626543643937
RPM-2005-01-11:37:1,3,HD,hawkish_vs_dovish,False,-0.2985191299144321,0.6329937253391327,0.5100048174994227,0.3344745954247006
RPM-2005-01-11:38:1,3,A,relevante_vs_irrelevante,True,0.4669218573897571,4.051119050246293,3.7863990123532867,4.518040907636051
RPM-2005-01-11:38:1,3,B,hawkish_vs_dovish,True,-0.2985191299144321,1.9226782572784136,1.8681301798472485,1.6241591273639815
RPM-2005-01-11:38:1,3,HD,hawkish_vs_dovish,True,-0.2985191299144321,1.9226782572784136,1.8681301798472485,1.6241591273639815
RPM-2005-01-11:39:1,3,A,relevante_vs_irrelevante,True,0.4669218573897571,2.618719674468576,2.0808190158862487,3.0856415318583332
RPM-2005-01-11:39:1,3,B,hawkish_vs_neutral,True,-3.4923332295431884,3.8672180710838666,3.5008782418145756,0.37488484154067825
RPM-2005-01-11:39:1,3,HD,hawkish_vs_dovish,True,-0.2985191299144321,1.6236238197100228,1.4206332849383687,1.3251046897955907
RPM-2005-01-11:3:1,3,A,relevante_vs_irrelevante,True,0.4669218573897571,4.03017278949459,3.816635005168007,4.497094646884348
RPM-2005-01-11:3:1,3,B,neutral_vs_hawkish,True,3.4923332295431884,-2.988627302717676,-2.7797776526527525,0.5037059268255124
RPM-2005-01-11:3:1,3,HD,hawkish_vs_dovish,True,-0.2985191299144321,0.3778762257144315,0.3711365954250509,0.07935709579999944
RPM-2005-01-11:40:1,3,A,relevante_vs_irrelevante,False,0.4669218573897571,-6.436237234096225,-1.6121284320714162,-5.969315376706469
RPM-2005-01-11:40:1,3,B,neutral_vs_dovish,False,3.193814099628756,-0.021113024931549082,-0.003418619689603969,3.172701074697207
RPM-2005-01-11:40:1,3,HD,hawkish_vs_dovish,False,-0.2985191299144321,0.0674943543214819,-0.01654705982380754,-0.23102477559295018
RPM-2005-01-11:41:1,3,A,relevante_vs_irrelevante,True,0.4669218573897571,2.733314061439144,2.31602399805757,3.200235918828901
RPM-2005-01-11:41:1,3,B,hawkish_vs_dovish,True,-0.2985191299144321,2.424513590939976,2.1408511210936614,2.1259944610255443
RPM-2005-01-11:41:1,3,HD,hawkish_vs_dovish,True,-0.2985191299144321,2.424513590939976,2.1408511210936614,2.1259944610255443
RPM-2005-01-11:42:1,3,A,relevante_vs_irrelevante,True,0.4669218573897571,2.2775141439146656,2.1833608878187567,2.7444360013044227
RPM-2005-01-11:42:1,3,B,neutral_vs_dovish,True,3.193814099628756,-3.127783430674302,-2.9198643673643385,0.06603066895445409
RPM-2005-01-11:42:1,3,HD,hawkish_vs_dovish,True,-0.2985191299144321,-0.7744156973407101,-0.8011435217268823,-1.0729348272551422
RPM-2005-01-11:43:1,3,A,relevante_vs_irrelevante,True,0.4669218573897571,1.3098691628242494,1.2462564774688984,1.7767910202140065
RPM-2005-01-11:43:1,3,B,neutral_vs_dovish,True,3.193814099628756,-1.775441133314012,-1.525922071715338,1.418372966314744
RPM-2005-01-11:43:1,3,HD,hawkish_vs_dovish,True,-0.2985191299144321,0.049075381800742626,0.030687237571976465,-0.24944374811368947
RPM-2005-01-11:44:1,3,A,relevante_vs_irrelevante,True,0.4669218573897571,1.8096774841664454,1.5990815354588772,2.2765993415562025
RPM-2005-01-11:44:1,3,B,neutral_vs_dovish,True,3.193814099628756,-1.9343699381076633,-1.6733130601824855,1.2594441615210927
RPM-2005-01-11:44:1,3,HD,hawkish_vs_dovish,True,-0.2985191299144321,0.19750272685072878,0.15006142748147996,-0.1010164030637033
RPM-2005-01-11:46:1,3,A,relevante_vs_irrelevante,True,0.4669218573897571,2.037115009665602,1.5573864941317912,2.504036867055359
RPM-2005-01-11:46:1,3,B,neutral_vs_dovish,True,3.193814099628756,-1.0733024408604905,-0.8792614102603797,2.1205116587682653
RPM-2005-01-11:46:1,3,HD,hawkish_vs_dovish,True,-0.2985191299144321,-0.2963562055216464,-0.28415205543253874,-0.5948753354360785
RPM-2005-01-11:47:1,3,A,relevante_vs_irrelevante,False,0.4669218573897571,-1.2116917598801504,0.07726945511973282,-0.7447699024903933
RPM-2005-01-11:47:1,3,B,neutral_vs_hawkish,False,3.4923332295431884,-0.05638571398615175,0.011997734485877293,3.4359475155570367
RPM-2005-01-11:47:1,3,HD,hawkish_vs_dovish,False,-0.2985191299144321,0.3324652544016611,0.11613226533936483,0.033946124487229
RPM-2005-01-11:49:1,3,A,relevante_vs_irrelevante,False,0.4669218573897571,-3.912959270843706,-0.5417726300807435,-3.446037413453949
RPM-2005-01-11:49:1,3,B,neutral_vs_dovish,False,3.193814099628756,-0.6613715510784633,-0.19523505721624967,2.532442548550293
RPM-2005-01-11:49:1,3,HD,hawkish_vs_dovish,False,-0.2985191299144321,-0.3528157835265896,-0.19245982116570093,-0.6513349134410217
RPM-2005-01-11:4:1,3,A,relevante_vs_irrelevante,True,0.4669218573897571,3.7373869637461725,3.359740458007498,4.20430882113593
RPM-2005-01-11:4:1,3,B,neutral_vs_hawkish,True,3.4923332295431884,-2.2000264753016583,-2.014621731627022,1.29230675424153
RPM-2005-01-11:4:1,3,HD,hawkish_vs_dovish,True,-0.2985191299144321,0.404998373811588,0.3382991791375375,0.1064792438971559
RPM-2005-01-11:50:1,3,A,relevante_vs_irrelevante,True,0.4669218573897571,2.7153654493952737,2.401311915883535,3.182287306785031
RPM-2005-01-11:50:1,3,B,hawkish_vs_dovish,True,-0.2985191299144321,2.1133863012520226,1.8399383955858641,1.8148671713375906
RPM-2005-01-11:50:1,3,HD,hawkish_vs_dovish,True,-0.2985191299144321,2.1133863012520226,1.8399383955858641,1.8148671713375906
RPM-2005-01-11:51:1,3,A,relevante_vs_irrelevante,True,0.4669218573897571,3.0978606410493414,2.712971680803859,3.5647824984390986
RPM-2005-01-11:51:1,3,B,hawkish_vs_dovish,True,-0.2985191299144321,2.0323338567211984,1.731016794357593,1.7338147268067663
RPM-2005-01-11:51:1,3,HD,hawkish_vs_dovish,True,-0.2985191299144321,2.0323338567211984,1.731016794357593,1.7338147268067663
RPM-2005-01-11:52:1,3,A,relevante_vs_irrelevante,True,0.4669218573897571,3.644589933479149,3.30859395383236,4.1115117908689065
RPM-2005-01-11:52:1,3,B,hawkish_vs_dovish,True,-0.2985191299144321,1.2089629685382348,1.1706612218140062,0.9104438386238027
RPM-2005-01-11:52:1,3,HD,hawkish_vs_dovish,True,-0.2985191299144321,1.2089629685382348,1.1706612218140062,0.9104438386238027
RPM-2005-01-11:53:1,3,A,relevante_vs_irrelevante,True,0.4669218573897571,1.8507894398975535,1.4481913752966558,2.3177112972873104
RPM-2005-01-11:53:1,3,B,hawkish_vs_neutral,True,-3.4923332295431884,3.950774556758696,3.4207874934530476,0.4584413272155077
RPM-2005-01-11:53:1,3,HD,hawkish_vs_dovish,True,-0.2985191299144321,1.3919926989222515,1.0185964560258016,1.0934735690078194
RPM-2005-01-11:54:1,3,A,relevante_vs_irrelevante,True,0.4669218573897571,2.783240536323317,2.5272998719786055,3.250162393713074
RPM-2005-01-11:54:1,3,B,hawkish_vs_dovish,True,-0.2985191299144321,1.4328268291636395,1.279602043009247,1.1343076992492074
RPM-2005-01-11:54:1,3,HD,hawkish_vs_dovish,True,-0.2985191299144321,1.4328268291636395,1.279602043009247,1.1343076992492074
RPM-2005-01-11:55:1,3,A,relevante_vs_irrelevante,True,0.4669218573897571,-0.252706586442219,-0.05641150814467,0.21421527094753812
RPM-2005-01-11:55:1,3,B,neutral_vs_hawkish,True,3.4923332295431884,-2.985166009544939,-2.546852179094955,0.5071672199982493
RPM-2005-01-11:55:1,3,HD,hawkish_vs_dovish,True,-0.2985191299144321,1.9283440635755555,1.6629184906564578,1.6298249336611235
RPM-2005-01-11:56:1,3,A,relevante_vs_irrelevante,True,0.4669218573897571,1.474501726700371,0.8278489430939249,1.9414235840901282
RPM-2005-01-11:56:1,3,B,neutral_vs_hawkish,True,3.4923332295431884,-3.238990333313369,-2.3084984949209577,0.2533428962298192
RPM-2005-01-11:56:1,3,HD,hawkish_vs_dovish,True,-0.2985191299144321,1.0817916485320926,0.833556177312589,0.7832725186176606
RPM-2005-01-11:57:1,3,A,relevante_vs_irrelevante,True,0.4669218573897571,1.7891448701246482,1.8367544594810332,2.2560667275144053
RPM-2005-01-11:57:1,3,B,hawkish_vs_neutral,True,-3.4923332295431884,5.234893483851078,4.90624026718598,1.7425602543078895
RPM-2005-01-11:57:1,3,HD,hawkish_vs_dovish,True,-0.2985191299144321,2.311331079990487,2.2671141686788827,2.0128119500760553
RPM-2005-01-11:5:1,3,A,relevante_vs_irrelevante,True,0.4669218573897571,4.257049815921134,3.9237884589012157,4.72397167331089
RPM-2005-01-11:5:1,3,B,hawkish_vs_neutral,True,-3.4923332295431884,3.8514270092921734,3.5902064306684776,0.35909377974898504
RPM-2005-01-11:5:1,3,HD,hawkish_vs_dovish,True,-0.2985191299144321,1.2079861520888664,1.1652349852941664,0.9094670221744343
RPM-2005-01-11:6:1,3,A,relevante_vs_irrelevante,False,0.4669218573897571,-4.384566170429537,-0.9998133096551398,-3.9176443130397796
RPM-2005-01-11:6:1,3,B,neutral_vs_dovish,False,3.193814099628756,0.6944843800234825,0.6211480463927735,3.8882984796522386
RPM-2005-01-11:6:1,3,HD,hawkish_vs_dovish,False,-0.2985191299144321,-0.14099458256510972,-0.23834711255459257,-0.4395137124795418
RPM-2005-01-11:7:1,3,A,relevante_vs_irrelevante,True,0.4669218573897571,1.3092094263142207,1.0062645117938014,1.7761312837039778
RPM-2005-01-11:7:1,3,B,neutral_vs_dovish,True,3.193814099628756,-0.8210666257329016,-0.6414783582713064,2.3727474738958545
RPM-2005-01-11:7:1,3,HD,hawkish_vs_dovish,True,-0.2985191299144321,-0.9113507000612513,-0.742137262817135,-1.2098698299756834
RPM-2005-01-11:8:1,3,A,relevante_vs_irrelevante,True,0.4669218573897571,1.7506923469836064,1.2891436107155843,2.2176142043733638
RPM-2005-01-11:8:1,3,B,neutral_vs_dovish,True,3.193814099628756,0.14940416050283067,0.1958364671684597,3.3432182601315867
RPM-2005-01-11:8:1,3,HD,hawkish_vs_dovish,True,-0.2985191299144321,-0.14298434567227594,-0.12955991482917026,-0.441503475586708
RPM-2005-01-11:9:1,3,A,relevante_vs_irrelevante,True,0.4669218573897571,0.816239762858281,0.4378989949951321,1.283161620248038
RPM-2005-01-11:9:1,3,B,neutral_vs_dovish,True,3.193814099628756,0.019652139729891098,0.07643474404150027,3.213466239358647
RPM-2005-01-11:9:1,3,HD,hawkish_vs_dovish,True,-0.2985191299144321,-0.19210653982349013,-0.10452137087248668,-0.4906256697379222
RPM-2005-10-11:437:1,3,A,relevante_vs_irrelevante,False,0.4669218573897571,-4.48631243791752,-0.6385487361992479,-4.019390580527762
RPM-2005-10-11:437:1,3,B,neutral_vs_hawkish,False,3.4923332295431884,-1.7591984167009207,-0.4963856910046709,1.7331348128422677
RPM-2005-10-11:437:1,3,HD,hawkish_vs_dovish,False,-0.2985191299144321,0.6600057696583037,0.263931090272428,0.36148663974387163
RPM-2006-09-07:838:1,3,A,relevante_vs_irrelevante,True,0.4669218573897571,1.7564339603284418,1.252460949710625,2.2233558177181987
RPM-2006-09-07:838:1,3,B,neutral_vs_hawkish,True,3.4923332295431884,-1.7252301996294213,-1.1916150625966129,1.767103029913767
RPM-2006-09-07:838:1,3,HD,hawkish_vs_dovish,True,-0.2985191299144321,0.5337339205371819,0.30085672152152754,0.23521479062274986
RPM-2006-09-07:866:1,3,A,relevante_vs_irrelevante,False,0.4669218573897571,-4.629289032298045,-1.6204352616401403,-4.1623671749082884
RPM-2006-09-07:866:1,3,B,neutral_vs_dovish,False,3.193814099628756,-0.5967497351090051,-0.23152851369683164,2.597064364519751
RPM-2006-09-07:866:1,3,HD,hawkish_vs_dovish,False,-0.2985191299144321,0.11979887303140181,0.036135367409298805,-0.17872025688303028
RPM-2006-09-07:867:1,3,A,relevante_vs_irrelevante,True,0.4669218573897571,4.42941141259367,4.167541844608598,4.896333269983428
RPM-2006-09-07:867:1,3,B,hawkish_vs_dovish,True,-0.2985191299144321,0.714365045474337,0.6956692009625038,0.4158459155599049
RPM-2006-09-07:867:1,3,HD,hawkish_vs_dovish,True,-0.2985191299144321,0.714365045474337,0.6956692009625038,0.4158459155599049
RPM-2006-12-14:1001:1,3,A,relevante_vs_irrelevante,True,0.4669218573897571,1.8662407338611633,1.5349040897128905,2.3331625912509204
RPM-2006-12-14:1001:1,3,B,neutral_vs_dovish,True,3.193814099628756,-0.3798504576927462,-0.30747124457036384,2.81396364193601
RPM-2006-12-14:1001:1,3,HD,hawkish_vs_dovish,True,-0.2985191299144321,-0.5166432086300794,-0.4411281191666683,-0.8151623385445115
RPM-2006-12-14:1003:4,3,A,relevante_vs_irrelevante,True,0.4669218573897571,1.2021479101951962,0.8992326420904893,1.6690697675849533
RPM-2006-12-14:1003:4,3,B,neutral_vs_dovish,True,3.193814099628756,-0.2796970602720485,-0.23831232630188817,2.9141170393567077
RPM-2006-12-14:1003:4,3,HD,hawkish_vs_dovish,True,-0.2985191299144321,-0.27559474444210463,-0.1889210462155815,-0.5741138743565367
RPM-2006-12-14:1010:5,3,A,relevante_vs_irrelevante,True,0.4669218573897571,1.9823571985486181,1.5253242759456362,2.4492790559383755
RPM-2006-12-14:1010:5,3,B,neutral_vs_dovish,True,3.193814099628756,-0.7803255006874031,-0.5020245233216494,2.413488598941353
RPM-2006-12-14:1010:5,3,HD,hawkish_vs_dovish,True,-0.2985191299144321,0.16778486443166593,0.1217621026267547,-0.13073426548276615
RPM-2006-12-14:1014:3,3,A,relevante_vs_irrelevante,True,0.4669218573897571,1.1534434567619012,0.9322420269029935,1.6203653141516583
RPM-2006-12-14:1014:3,3,B,neutral_vs_dovish,True,3.193814099628756,-1.2602169987038634,-1.121151436369842,1.9335971009248927
RPM-2006-12-14:1014:3,3,HD,hawkish_vs_dovish,True,-0.2985191299144321,-0.7865842966406403,-0.7022579471187115,-1.0851034265550723
RPM-2006-12-14:1019:1,3,A,relevante_vs_irrelevante,True,0.4669218573897571,3.85617261598073,3.434513240323761,4.323094473370487
RPM-2006-12-14:1019:1,3,B,dovish_vs_hawkish,True,0.2985191299144321,0.6569397037483858,0.567166502760177,0.9554588336628179
RPM-2006-12-14:1019:1,3,HD,hawkish_vs_dovish,True,-0.2985191299144321,-0.6569397037483858,-0.567166502760177,-0.9554588336628179
RPM-2006-12-14:1021:1,3,A,relevante_vs_irrelevante,False,0.4669218573897571,-3.5792646426581296,-0.9812204327803156,-3.1123427852683725
RPM-2006-12-14:1021:1,3,B,neutral_vs_hawkish,False,3.4923332295431884,-0.8731386818220984,-0.5738433036300328,2.61919454772109
RPM-2006-12-14:1021:1,3,HD,hawkish_vs_dovish,False,-0.2985191299144321,0.7767573643416059,0.6681186856502349,0.47823823442717384
RPM-2006-12-14:989:1,3,A,relevante_vs_irrelevante,False,0.4669218573897571,-2.8559268494020693,-0.767833588666949,-2.389004992012312
RPM-2006-12-14:989:1,3,B,neutral_vs_dovish,False,3.193814099628756,-1.0018151795669037,-0.4742138072421376,2.1919989200618524
RPM-2006-12-14:989:1,3,HD,hawkish_vs_dovish,False,-0.2985191299144321,0.06401587256078453,0.05632299895759777,-0.23450325735364755
RPM-2007-01-11:1023:1,3,A,relevante_vs_irrelevante,False,0.4669218573897571,-2.9074430418841146,-0.7284903392769335,-2.4405211844943575
RPM-2007-01-11:1023:1,3,B,neutral_vs_dovish,False,3.193814099628756,-1.0650839202444051,-0.5275891526239473,2.128730179384351
RPM-2007-01-11:1023:1,3,HD,hawkish_vs_dovish,False,-0.2985191299144321,0.03240095554385872,0.03318338657673437,-0.2661181743705734
RPM-2007-01-11:1043:1,3,A,relevante_vs_irrelevante,True,0.4669218573897571,3.5098400501758347,3.1020377354718978,3.976761907565592
RPM-2007-01-11:1043:1,3,B,neutral_vs_dovish,True,3.193814099628756,-1.6441863327158956,-1.552459951412569,1.5496277669128604
RPM-2007-01-11:1043:1,3,HD,hawkish_vs_dovish,True,-0.2985191299144321,-0.38940165174356006,-0.41106051604057803,-0.6879207816579922
RPM-2007-01-11:1045:1,3,A,relevante_vs_irrelevante,True,0.4669218573897571,2.7840065142152146,2.209881856585373,3.2509283716049717
RPM-2007-01-11:1045:1,3,B,neutral_vs_dovish,True,3.193814099628756,-0.9112552788227957,-0.7996585332052277,2.2825588208059604
RPM-2007-01-11:1045:1,3,HD,hawkish_vs_dovish,True,-0.2985191299144321,0.15689393306659566,0.17028798950189417,-0.14162519684783642
RPM-2007-01-11:1047:3,3,A,relevante_vs_irrelevante,False,0.4669218573897571,-4.629289032298045,-1.6204352616401403,-4.1623671749082884
RPM-2007-01-11:1047:3,3,B,neutral_vs_dovish,False,3.193814099628756,-0.5967497351090051,-0.23152851369683164,2.597064364519751
RPM-2007-01-11:1047:3,3,HD,hawkish_vs_dovish,False,-0.2985191299144321,0.11979887303140181,0.036135367409298805,-0.17872025688303028
RPM-2007-01-11:1050:1,3,A,relevante_vs_irrelevante,True,0.4669218573897571,3.105993127105344,2.74649937398386,3.572914984495101
RPM-2007-01-11:1050:1,3,B,dovish_vs_hawkish,True,0.2985191299144321,-0.291928099783193,-0.28384854257053127,0.006591030131239073
RPM-2007-01-11:1050:1,3,HD,hawkish_vs_dovish,True,-0.2985191299144321,0.291928099783193,0.28384854257053127,-0.006591030131239073
RPM-2007-01-11:1054:1,3,A,relevante_vs_irrelevante,True,0.4669218573897571,3.7702860370514246,3.4395871297044853,4.237207894441182
RPM-2007-01-11:1054:1,3,B,hawkish_vs_dovish,True,-0.2985191299144321,1.0550434283340904,1.0148958406205422,0.7565242984196583
RPM-2007-01-11:1054:1,3,HD,hawkish_vs_dovish,True,-0.2985191299144321,1.0550434283340904,1.0148958406205422,0.7565242984196583
RPM-2007-01-11:1057:1,3,A,relevante_vs_irrelevante,True,0.4669218573897571,3.3401691803641222,3.0905532272570198,3.8070910377538794
RPM-2007-01-11:1057:1,3,B,hawkish_vs_dovish,True,-0.2985191299144321,1.1547578752956713,1.2339938741159968,0.8562387453812392
RPM-2007-01-11:1057:1,3,HD,hawkish_vs_dovish,True,-0.2985191299144321,1.1547578752956713,1.2339938741159968,0.8562387453812392
RPM-2007-01-11:1058:1,3,A,relevante_vs_irrelevante,False,0.4669218573897571,-3.738333420940312,-1.0410608684265403,-3.2714115635505547
RPM-2007-01-11:1058:1,3,B,neutral_vs_hawkish,False,3.4923332295431884,-0.8733779311615241,-0.5772924857854261,2.6189552983816644
RPM-2007-01-11:1058:1,3,HD,hawkish_vs_dovish,False,-0.2985191299144321,0.7890944809916595,0.6798028111621897,0.4905753510772274
RPM-2008-01-10:1618:1,3,A,relevante_vs_irrelevante,True,0.4669218573897571,4.792134659931155,4.515098026050137,5.2590565173209125
RPM-2008-01-10:1618:1,3,B,neutral_vs_hawkish,True,3.4923332295431884,-1.5178458632098768,-1.375233186245033,1.9744873663333116
RPM-2008-01-10:1618:1,3,HD,hawkish_vs_dovish,True,-0.2985191299144321,0.3997842622566912,0.37236558789633706,0.10126513234225915
RPM-2008-01-10:1628:1,3,A,relevante_vs_irrelevante,False,0.4669218573897571,-0.6730214117224782,0.6045016304309074,-0.2060995543327211
RPM-2008-01-10:1628:1,3,B,neutral_vs_dovish,False,3.193814099628756,-0.441103338122594,-0.4262112576095352,2.752710761506162
RPM-2008-01-10:1628:1,3,HD,hawkish_vs_dovish,False,-0.2985191299144321,-0.514572252590399,-0.546605262331554,-0.813091382504831
RPM-2008-01-10:1629:1,3,A,relevante_vs_irrelevante,True,0.4669218573897571,4.1057557302479175,3.831033927559451,4.572677587637674
RPM-2008-01-10:1629:1,3,B,hawkish_vs_dovish,True,-0.2985191299144321,2.1545008328607245,1.9845573991418037,1.8559817029462924
RPM-2008-01-10:1629:1,3,HD,hawkish_vs_dovish,True,-0.2985191299144321,2.1545008328607245,1.9845573991418037,1.8559817029462924
RPM-2008-01-10:1636:1,3,A,relevante_vs_irrelevante,True,0.4669218573897571,3.554044020144541,3.2031111353594057,4.020965877534298
RPM-2008-01-10:1636:1,3,B,hawkish_vs_dovish,True,-0.2985191299144321,1.5794011803129369,1.4769225464825484,1.2808820503985048
RPM-2008-01-10:1636:1,3,HD,hawkish_vs_dovish,True,-0.2985191299144321,1.5794011803129369,1.4769225464825484,1.2808820503985048
RPM-2008-01-10:1637:1,3,A,relevante_vs_irrelevante,True,0.4669218573897571,3.8013284063354895,3.545390346139657,4.268250263725246
RPM-2008-01-10:1637:1,3,B,hawkish_vs_dovish,True,-0.2985191299144321,1.7081290404941931,1.4892825279682431,1.409609910579761
RPM-2008-01-10:1637:1,3,HD,hawkish_vs_dovish,True,-0.2985191299144321,1.7081290404941931,1.4892825279682431,1.409609910579761
RPM-2009-08-13:2656:1,3,A,relevante_vs_irrelevante,False,0.4669218573897571,-3.4148309346800394,-2.599979778488541,-2.9479090772902823
RPM-2009-08-13:2656:1,3,B,neutral_vs_dovish,False,3.193814099628756,-0.8885362056010271,-0.8336409801130816,2.305277894027729
RPM-2009-08-13:2656:1,3,HD,hawkish_vs_dovish,False,-0.2985191299144321,-0.2560224422175162,-0.18415690262286719,-0.5545415721319482
RPM-2009-08-13:2660:1,3,A,relevante_vs_irrelevante,True,0.4669218573897571,3.5900134955992016,3.3005775409883906,4.056935352988958
RPM-2009-08-13:2660:1,3,B,neutral_vs_dovish,True,3.193814099628756,-0.4876751373942422,-0.4427940518892849,2.706138962234514
RPM-2009-08-13:2660:1,3,HD,hawkish_vs_dovish,True,-0.2985191299144321,0.22885635524895792,0.2243270851748975,-0.06966277466547416
RPM-2009-08-13:2665:1,3,A,relevante_vs_irrelevante,True,0.4669218573897571,2.067772829195494,1.3093890314521928,2.5346946865852513
RPM-2009-08-13:2665:1,3,B,neutral_vs_dovish,True,3.193814099628756,-0.2893664323114096,-0.2296656348889335,2.9044476673173465
RPM-2009-08-13:2665:1,3,HD,hawkish_vs_dovish,True,-0.2985191299144321,-0.07216273446729715,-0.0463299477404905,-0.37068186438172923
RPM-2009-08-13:2668:1,3,A,relevante_vs_irrelevante,True,0.4669218573897571,1.6890877645348863,1.4160759947242514,2.1560096219246434
RPM-2009-08-13:2668:1,3,B,neutral_vs_dovish,True,3.193814099628756,-0.6289643512602128,-0.45381565819932324,2.5648497483685433
RPM-2009-08-13:2668:1,3,HD,hawkish_vs_dovish,True,-0.2985191299144321,-0.06799033853420045,-0.02710286606305709,-0.3665094684486325
RPM-2009-08-13:2674:3,3,A,relevante_vs_irrelevante,True,0.4669218573897571,3.0542913178123694,2.6575880821208906,3.5212131752021265
RPM-2009-08-13:2674:3,3,B,neutral_vs_dovish,True,3.193814099628756,-0.6971177664306067,-0.6212664533467326,2.496696333198149
RPM-2009-08-13:2674:3,3,HD,hawkish_vs_dovish,True,-0.2985191299144321,-0.6648813450332287,-0.5838204548125097,-0.9634004749476608
RPM-2009-08-13:2674:5,3,A,relevante_vs_irrelevante,True,0.4669218573897571,0.6080992479582928,0.4329729473260555,1.0750211053480498
RPM-2009-08-13:2674:5,3,B,neutral_vs_dovish,True,3.193814099628756,-0.36608186298666306,-0.2141770192778567,2.827732236642093
RPM-2009-08-13:2674:5,3,HD,hawkish_vs_dovish,True,-0.2985191299144321,-0.33432945695020266,-0.26240956304576124,-0.6328485868646347
RPM-2009-08-13:2677:1,3,A,relevante_vs_irrelevante,True,0.4669218573897571,2.624979183228852,2.2172011484908944,3.091901040618609
RPM-2009-08-13:2677:1,3,B,neutral_vs_dovish,True,3.193814099628756,-1.3909631053147216,-1.270111114917843,1.8028509943140345
RPM-2009-08-13:2677:1,3,HD,hawkish_vs_dovish,True,-0.2985191299144321,-0.37200374162310895,-0.3584649134578731,-0.6705228715375411
RPM-2009-08-13:2679:1,3,A,relevante_vs_irrelevante,True,0.4669218573897571,2.3382638244543483,1.9809527015007378,2.8051856818441054
RPM-2009-08-13:2679:1,3,B,neutral_vs_hawkish,True,3.4923332295431884,-1.2197760411965515,-1.0845323707037193,2.272557188346637
RPM-2009-08-13:2679:1,3,HD,hawkish_vs_dovish,True,-0.2985191299144321,0.3421325107712417,0.24078554356656146,0.0436133808568096
RPM-2009-08-13:2680:3,3,A,relevante_vs_irrelevante,False,0.4669218573897571,-4.2392641031942,-1.530367267381143,-3.772342245804443
RPM-2009-08-13:2680:3,3,B,neutral_vs_dovish,False,3.193814099628756,-1.0335317790993028,-0.638468282140035,2.1602823205294532
RPM-2009-08-13:2680:3,3,HD,hawkish_vs_dovish,False,-0.2985191299144321,0.02164408002117557,-0.014742651860051005,-0.2768750498932565
RPM-2009-08-13:2681:1,3,A,relevante_vs_irrelevante,True,0.4669218573897571,4.118226937969368,3.9472212877681976,4.585148795359125
RPM-2009-08-13:2681:1,3,B,dovish_vs_hawkish,True,0.2985191299144321,0.022339782140703618,-0.01717273992936258,0.3208589120551357
RPM-2009-08-13:2681:1,3,HD,hawkish_vs_dovish,True,-0.2985191299144321,-0.022339782140703618,0.017172739929362607,-0.3208589120551357
RPM-2009-08-13:2688:1,3,A,relevante_vs_irrelevante,True,0.4669218573897571,2.33996222016342,2.1766776130627545,2.806884077553177
RPM-2009-08-13:2688:1,3,B,dovish_vs_hawkish,True,0.2985191299144321,0.7764898105052416,0.7181461082465821,1.0750089404196737
RPM-2009-08-13:2688:1,3,HD,hawkish_vs_dovish,True,-0.2985191299144321,-0.7764898105052416,-0.7181461082465821,-1.0750089404196737
RPM-2010-06-15:3132:2,3,A,relevante_vs_irrelevante,True,0.4669218573897571,1.8107505119528884,1.366152570632754,2.2776723693426453
RPM-2010-06-15:3132:2,3,B,neutral_vs_dovish,True,3.193814099628756,0.031270640548283817,0.09031278899457888,3.22508474017704
RPM-2010-06-15:3132:2,3,HD,hawkish_vs_dovish,True,-0.2985191299144321,-0.04434219243528904,-0.035868262049330954,-0.3428613223497211
RPM-2010-06-15:3134:1,3,A,relevante_vs_irrelevante,True,0.4669218573897571,1.3028483732966132,0.9430889171546162,1.7697702306863703
RPM-2010-06-15:3134:1,3,B,neutral_vs_dovish,True,3.193814099628756,0.10150799370793348,0.14140749034870626,3.2953220933366896
RPM-2010-06-15:3134:1,3,HD,hawkish_vs_dovish,True,-0.2985191299144321,0.040701524348493945,0.04111717295581693,-0.25781760556593813
RPM-2010-06-15:3135:1,3,A,relevante_vs_irrelevante,True,0.4669218573897571,2.716627391480904,2.387529435819272,3.183549248870661
RPM-2010-06-15:3135:1,3,B,neutral_vs_dovish,True,3.193814099628756,-1.2439474245850084,-1.1200620171192335,1.9498666750437477
RPM-2010-06-15:3135:1,3,HD,hawkish_vs_dovish,True,-0.2985191299144321,-0.6634688560286698,-0.6343556336231959,-0.9619879859431019
RPM-2010-06-15:3147:1,3,A,relevante_vs_irrelevante,True,0.4669218573897571,0.6691638075185264,0.6123736302954218,1.1360856649082836
RPM-2010-06-15:3147:1,3,B,neutral_vs_dovish,True,3.193814099628756,-0.32784426434069597,-0.2151442042980194,2.8659698352880603
RPM-2010-06-15:3147:1,3,HD,hawkish_vs_dovish,True,-0.2985191299144321,-0.6117759144248481,-0.5144034594777127,-0.9102950443392802
RPM-2010-06-15:3151:1,3,A,relevante_vs_irrelevante,True,0.4669218573897571,3.2053119279892135,2.634968679316766,3.6722337853789706
RPM-2010-06-15:3151:1,3,B,neutral_vs_dovish,True,3.193814099628756,-0.3198327243250959,-0.2865340543056284,2.8739813753036603
RPM-2010-06-15:3151:1,3,HD,hawkish_vs_dovish,True,-0.2985191299144321,0.05673008426317797,0.03044670502246041,-0.24178904565125411
RPM-2010-06-15:3188:1,3,A,relevante_vs_irrelevante,True,0.4669218573897571,2.7357460275209866,1.7208882194379063,3.2026678849107437
RPM-2010-06-15:3188:1,3,B,neutral_vs_dovish,True,3.193814099628756,-1.5948530324457322,-1.0336937997868585,1.5989610671830239
RPM-2010-06-15:3188:1,3,HD,hawkish_vs_dovish,True,-0.2985191299144321,-0.34163076441670504,-0.3039930985878104,-0.6401498943311371
RPM-2010-06-15:3192:1,3,A,relevante_vs_irrelevante,True,0.4669218573897571,3.09290763355437,2.690987135924477,3.5598294909441273
RPM-2010-06-15:3192:1,3,B,neutral_vs_hawkish,True,3.4923332295431884,-2.0135469347415977,-1.7022979358403354,1.4787862948015906
RPM-2010-06-15:3192:1,3,HD,hawkish_vs_dovish,True,-0.2985191299144321,1.0364242988177366,0.8778531578785278,0.7379051689033045
RPM-2011-08-18:4216:1,3,A,relevante_vs_irrelevante,False,0.4669218573897571,-3.7625223309175757,-2.8014426402973562,-3.2956004735278186
RPM-2011-08-18:4216:1,3,B,neutral_vs_dovish,False,3.193814099628756,-1.3844967813680376,-1.0014915259806136,1.8093173182607185
RPM-2011-08-18:4216:1,3,HD,hawkish_vs_dovish,False,-0.2985191299144321,-0.6003791765598625,-0.5324976296937962,-0.8988983064742946
RPM-2011-08-18:4234:2,3,A,relevante_vs_irrelevante,True,0.4669218573897571,1.14580863383446,0.6102931717113952,1.612730491224217
RPM-2011-08-18:4234:2,3,B,neutral_vs_dovish,True,3.193814099628756,0.24855016912848982,0.2093815968236709,3.4423642687572458
RPM-2011-08-18:4234:2,3,HD,hawkish_vs_dovish,True,-0.2985191299144321,-0.1627103402338655,-0.09538448127968563,-0.46122947014829757
RPM-2011-08-18:4252:2,3,A,relevante_vs_irrelevante,True,0.4669218573897571,0.6802674344993951,0.5391282211430565,1.1471892918891522
RPM-2011-08-18:4252:2,3,B,neutral_vs_dovish,True,3.193814099628756,-0.1333508165338293,-0.049878753982677826,3.0604632830949265
RPM-2011-08-18:4252:2,3,HD,hawkish_vs_dovish,True,-0.2985191299144321,-0.0345086190646762,0.015047496314784269,-0.33302774897910825
RPM-2011-08-18:4267:2,3,A,relevante_vs_irrelevante,False,0.4669218573897571,-3.956606023334665,-1.7954104225351455,-3.489684165944908
RPM-2011-08-18:4267:2,3,B,neutral_vs_dovish,False,3.193814099628756,-1.4912483462801533,-0.8945944473192906,1.7025657533486027
RPM-2011-08-18:4267:2,3,HD,hawkish_vs_dovish,False,-0.2985191299144321,0.05883123660292512,0.11490305368391449,-0.23968789331150697
RPM-2011-08-18:4267:3,3,A,relevante_vs_irrelevante,False,0.4669218573897571,-3.56518195476638,-1.586563349197476,-3.098260097376623
RPM-2011-08-18:4267:3,3,B,neutral_vs_dovish,False,3.193814099628756,-0.6922915798484512,-0.3524111326697816,2.5015225197803046
RPM-2011-08-18:4267:3,3,HD,hawkish_vs_dovish,False,-0.2985191299144321,-0.19310217762553317,-0.1702021637947433,-0.49162130753996525
RPM-2011-08-18:4280:1,3,A,relevante_vs_irrelevante,True,0.4669218573897571,2.953767883832109,2.766108249547106,3.420689741221866
RPM-2011-08-18:4280:1,3,B,hawkish_vs_dovish,True,-0.2985191299144321,0.9617579457668902,0.9922993138633355,0.6632388158524581
RPM-2011-08-18:4280:1,3,HD,hawkish_vs_dovish,True,-0.2985191299144321,0.9617579457668902,0.9922993138633355,0.6632388158524581
RPM-2012-04-17:4743:1,3,A,relevante_vs_irrelevante,True,0.4669218573897571,1.1861086960615803,0.8329663859959298,1.6530305534513374
RPM-2012-04-17:4743:1,3,B,neutral_vs_dovish,True,3.193814099628756,-0.04698692894153699,-0.03326544815517121,3.146827170687219
RPM-2012-04-17:4743:1,3,HD,hawkish_vs_dovish,True,-0.2985191299144321,0.08742000233842454,0.08344329039080065,-0.21109912757600754
RPM-2012-04-17:4749:1,3,A,relevante_vs_irrelevante,True,0.4669218573897571,-0.37224027565362816,0.2756514188172362,0.09468158173612895
RPM-2012-04-17:4749:1,3,B,neutral_vs_dovish,True,3.193814099628756,0.021564609673254874,0.1304019879418111,3.2153787093020108
RPM-2012-04-17:4749:1,3,HD,hawkish_vs_dovish,True,-0.2985191299144321,-0.11668589477221224,-0.020671580415537905,-0.41520502468664433
RPM-2012-04-17:4770:1,3,A,relevante_vs_irrelevante,True,0.4669218573897571,1.2865579314262405,0.6377741210993717,1.7534797888159976
RPM-2012-04-17:4770:1,3,B,neutral_vs_hawkish,True,3.4923332295431884,-0.41953433403153473,-0.2787151433057342,3.072798895511654
RPM-2012-04-17:4770:1,3,HD,hawkish_vs_dovish,True,-0.2985191299144321,0.5812112807169747,0.44899234362620427,0.2826921508025426
RPM-2012-04-17:4771:1,3,A,relevante_vs_irrelevante,True,0.4669218573897571,0.5981051823116071,0.45621548525063504,1.0650270397013641
RPM-2012-04-17:4771:1,3,B,neutral_vs_hawkish,True,3.4923332295431884,-0.8136866228719365,-0.7644578858955873,2.678646606671252
RPM-2012-04-17:4771:1,3,HD,hawkish_vs_dovish,True,-0.2985191299144321,0.9201543620122654,0.802245061560194,0.6216352320978333
RPM-2012-04-17:4778:3,3,A,relevante_vs_irrelevante,False,0.4669218573897571,-3.709318323349312,-0.6600104835795428,-3.2423964659595548
RPM-2012-04-17:4778:3,3,B,neutral_vs_hawkish,False,3.4923332295431884,-2.400470484485086,-1.0722019515426555,1.0918627450581022
RPM-2012-04-17:4778:3,3,HD,hawkish_vs_dovish,False,-0.2985191299144321,0.8478268836114776,0.4098890222614237,0.5493077536970455
RPM-2012-04-17:4779:1,3,A,relevante_vs_irrelevante,False,0.4669218573897571,-3.757801729550944,-2.1639287813589245,-3.2908798721611867
RPM-2012-04-17:4779:1,3,B,neutral_vs_dovish,False,3.193814099628756,-0.6011719427869304,-0.2801195857577082,2.5926421568418254
RPM-2012-04-17:4779:1,3,HD,hawkish_vs_dovish,False,-0.2985191299144321,0.14484819827680154,0.1133989765368694,-0.15367093163763054
RPM-2012-04-17:4788:2,3,A,relevante_vs_irrelevante,True,0.4669218573897571,0.4559327844095918,0.48737950833808696,0.9228546417993488
RPM-2012-04-17:4788:2,3,B,neutral_vs_dovish,True,3.193814099628756,-1.9740462194024841,-1.844137160839534,1.219767880226272
RPM-2012-04-17:4788:2,3,HD,hawkish_vs_dovish,True,-0.2985191299144321,-2.450587966928265,-2.2084945134303986,-2.749107096842697
RPM-2012-04-17:4790:2,3,A,relevante_vs_irrelevante,True,0.4669218573897571,2.4932585565735854,2.330870642305313,2.9601804139633425
RPM-2012-04-17:4790:2,3,B,dovish_vs_hawkish,True,0.2985191299144321,0.3198894672296998,0.2592889999968029,0.6184085971441319
RPM-2012-04-17:4790:2,3,HD,hawkish_vs_dovish,True,-0.2985191299144321,-0.3198894672296998,-0.2592889999968029,-0.6184085971441319
RPM-2013-01-17:5279:2,3,A,relevante_vs_irrelevante,True,0.4669218573897571,2.1006338638566024,1.561460466697163,2.5675557212463596
RPM-2013-01-17:5279:2,3,B,neutral_vs_dovish,True,3.193814099628756,-0.32930391636480694,-0.25337650534632394,2.864510183263949
RPM-2013-01-17:5279:2,3,HD,hawkish_vs_dovish,True,-0.2985191299144321,-0.12971886376926786,-0.16174986961827909,-0.42823799368369997
RPM-2013-01-17:5283:1,3,A,relevante_vs_irrelevante,True,0.4669218573897571,2.1751070517557403,1.8617290902305714,2.6420289091454974
RPM-2013-01-17:5283:1,3,B,neutral_vs_dovish,True,3.193814099628756,-1.49075450835399,-1.3208686637672375,1.7030595912747661
RPM-2013-01-17:5283:1,3,HD,hawkish_vs_dovish,True,-0.2985191299144321,-0.17369794344004902,-0.14004554395478847,-0.4722170733544811
RPM-2013-01-17:5302:1,3,A,relevante_vs_irrelevante,True,0.4669218573897571,3.0423777484648085,2.643282268409405,3.5092996058545656
RPM-2013-01-17:5302:1,3,B,neutral_vs_dovish,True,3.193814099628756,-2.0123711216174476,-1.8587011854692699,1.1814429780113085
RPM-2013-01-17:5302:1,3,HD,hawkish_vs_dovish,True,-0.2985191299144321,-0.35759777421264194,-0.3568192792859704,-0.656116904127074
RPM-2013-01-17:5322:1,3,A,relevante_vs_irrelevante,True,0.4669218573897571,2.3788680571063128,2.0907506182700555,2.84578991449607
RPM-2013-01-17:5322:1,3,B,neutral_vs_dovish,True,3.193814099628756,-2.299455529702085,-2.2012328902585927,0.8943585699266712
RPM-2013-01-17:5322:1,3,HD,hawkish_vs_dovish,True,-0.2985191299144321,-0.7930211411301727,-0.769543349907078,-1.0915402710446047
RPM-2014-03-13:6063:1,3,A,relevante_vs_irrelevante,True,0.4669218573897571,1.4282360823805758,0.9441490121257291,1.8951579397703329
RPM-2014-03-13:6063:1,3,B,neutral_vs_dovish,True,3.193814099628756,-0.48725275672287066,-0.35505031824342914,2.7065613429058852
RPM-2014-03-13:6063:1,3,HD,hawkish_vs_dovish,True,-0.2985191299144321,-0.5857816891221274,-0.4957969692259682,-0.8843008190365594
RPM-2014-03-13:6087:1,3,A,relevante_vs_irrelevante,True,0.4669218573897571,3.9085110348681864,3.673204021291835,4.375432892257944
RPM-2014-03-13:6087:1,3,B,neutral_vs_hawkish,True,3.4923332295431884,-1.570434096861169,-1.4473945396310488,1.9218991326820194
RPM-2014-03-13:6087:1,3,HD,hawkish_vs_dovish,True,-0.2985191299144321,0.44460294308791626,0.4125098719121688,0.14608381317348418
RPM-2014-03-13:6093:2,3,A,relevante_vs_irrelevante,False,0.4669218573897571,-3.861188166910743,-2.0366932811186578,-3.3942663095209857
RPM-2014-03-13:6093:2,3,B,neutral_vs_dovish,False,3.193814099628756,-0.9508774471565795,-0.511517633914862,2.2429366524721766
RPM-2014-03-13:6093:2,3,HD,hawkish_vs_dovish,False,-0.2985191299144321,-0.2162741626682209,-0.19336803807051633,-0.5147932925826529
RPM-2014-03-13:6112:1,3,A,relevante_vs_irrelevante,True,0.4669218573897571,2.288460826854002,2.051665687852794,2.755382684243759
RPM-2014-03-13:6112:1,3,B,neutral_vs_dovish,True,3.193814099628756,-1.3922581280872455,-1.263591831741349,1.8015559715415106
RPM-2014-03-13:6112:1,3,HD,hawkish_vs_dovish,True,-0.2985191299144321,-1.167328859989085,-1.1275468165670506,-1.465847989903517
RPM-2014-07-15:6319:3,3,A,relevante_vs_irrelevante,True,0.4669218573897571,3.414863371472042,3.0606366647946612,3.881785228861799
RPM-2014-07-15:6319:3,3,B,neutral_vs_hawkish,True,3.4923332295431884,-2.069219642733395,-1.84876603962215,1.4231135868097935
RPM-2014-07-15:6319:3,3,HD,hawkish_vs_dovish,True,-0.2985191299144321,0.7666053121365012,0.6834643046500872,0.4680861822220691
RPM-2014-07-15:6325:1,3,A,relevante_vs_irrelevante,True,0.4669218573897571,2.278458049459446,1.8932021216859978,2.745379906849203
RPM-2014-07-15:6325:1,3,B,neutral_vs_dovish,True,3.193814099628756,-2.24409883660534,-1.9933374090317053,0.9497152630234162
RPM-2014-07-15:6325:1,3,HD,hawkish_vs_dovish,True,-0.2985191299144321,-0.32773800765621786,-0.3174863726616791,-0.6262571375706499
RPM-2014-07-15:6337:1,3,A,relevante_vs_irrelevante,False,0.4669218573897571,-4.124908977893702,-1.5922234030930986,-3.6579871205039445
RPM-2014-07-15:6337:1,3,B,neutral_vs_dovish,False,3.193814099628756,-0.2784495990542212,-0.1862605937308242,2.915364500574535
RPM-2014-07-15:6337:1,3,HD,hawkish_vs_dovish,False,-0.2985191299144321,-0.7217031322156376,-0.5202883706174419,-1.0202222621300696
RPM-2014-07-15:6340:1,3,A,relevante_vs_irrelevante,True,0.4669218573897571,3.7609288179681073,3.426652754955315,4.227850675357864
RPM-2014-07-15:6340:1,3,B,dovish_vs_hawkish,True,0.2985191299144321,-0.008730076880381785,0.05426030624276683,0.2897890530340503
RPM-2014-07-15:6340:1,3,HD,hawkish_vs_dovish,True,-0.2985191299144321,0.008730076880381785,-0.05426030624276684,-0.2897890530340503
RPM-2014-07-15:6340:3,3,A,relevante_vs_irrelevante,True,0.4669218573897571,2.8327354876574553,2.593879850236591,3.2996573450472124
RPM-2014-07-15:6340:3,3,B,dovish_vs_hawkish,True,0.2985191299144321,0.4448654184672646,0.5080692458228574,0.7433845483816967
RPM-2014-07-15:6340:3,3,HD,hawkish_vs_dovish,True,-0.2985191299144321,-0.4448654184672646,-0.5080692458228573,-0.7433845483816967
RPM-2014-07-15:6341:1,3,A,relevante_vs_irrelevante,False,0.4669218573897571,-3.7982709175280283,-1.0310648621555956,-3.331349060138271
RPM-2014-07-15:6341:1,3,B,neutral_vs_hawkish,False,3.4923332295431884,-0.9517183931919232,-0.5998205397575016,2.5406148363512653
RPM-2014-07-15:6341:1,3,HD,hawkish_vs_dovish,False,-0.2985191299144321,0.8188519078929172,0.6701485109668772,0.5203327779784851
RPM-2014-08-14:6368:3,3,A,relevante_vs_irrelevante,True,0.4669218573897571,2.0803720630729154,1.0750437952285918,2.5472939204626726
RPM-2014-08-14:6368:3,3,B,neutral_vs_dovish,True,3.193814099628756,-0.41104553477210853,-0.23164022167386933,2.7827685648566476
RPM-2014-08-14:6368:3,3,HD,hawkish_vs_dovish,True,-0.2985191299144321,-0.26157244243974986,-0.2750145850581567,-0.5600915723541819
RPM-2014-08-14:6369:1,3,A,relevante_vs_irrelevante,True,0.4669218573897571,1.6764985291303063,1.1042359085157103,2.1434203865200634
RPM-2014-08-14:6369:1,3,B,neutral_vs_dovish,True,3.193814099628756,-0.3105891794680729,-0.22087238365058498,2.883224920160683
RPM-2014-08-14:6369:1,3,HD,hawkish_vs_dovish,True,-0.2985191299144321,0.14825764184243595,0.14033425806866728,-0.15026148807199613
RPM-2014-08-14:6386:1,3,A,relevante_vs_irrelevante,True,0.4669218573897571,4.787663592268528,4.38610919283184,5.2545854496582844
RPM-2014-08-14:6386:1,3,B,dovish_vs_hawkish,True,0.2985191299144321,-0.07695510602480615,-0.01081032370607754,0.22156402388962593
RPM-2014-08-14:6386:1,3,HD,hawkish_vs_dovish,True,-0.2985191299144321,0.07695510602480615,0.010810323706077582,-0.22156402388962593
RPM-2015-03-19:6664:1,3,A,relevante_vs_irrelevante,True,0.4669218573897571,3.896601433686879,3.4069357946602694,4.3635232910766355
RPM-2015-03-19:6664:1,3,B,neutral_vs_dovish,True,3.193814099628756,-1.9326707455643721,-1.7958613970664352,1.261143354064384
RPM-2015-03-19:6664:1,3,HD,hawkish_vs_dovish,True,-0.2985191299144321,0.15177010514387637,0.14590345701031704,-0.1467490247705557
RPM-2015-03-19:6671:1,3,A,relevante_vs_irrelevante,True,0.4669218573897571,0.30765370161588684,0.375048796313913,0.774575559005644
RPM-2015-03-19:6671:1,3,B,neutral_vs_dovish,True,3.193814099628756,-0.3980616478055586,-0.29454490293892804,2.7957524518231973
RPM-2015-03-19:6671:1,3,HD,hawkish_vs_dovish,True,-0.2985191299144321,-0.5916385053149634,-0.44829949657447044,-0.8901576352293955
RPM-2015-03-19:6682:1,3,A,relevante_vs_irrelevante,False,0.4669218573897571,-2.761265737263137,-1.4110640638963756,-2.29434387987338
RPM-2015-03-19:6682:1,3,B,neutral_vs_dovish,False,3.193814099628756,-1.4664569818837458,-1.1471179717601088,1.7273571177450102
RPM-2015-03-19:6682:1,3,HD,hawkish_vs_dovish,False,-0.2985191299144321,-0.8155972070623683,-0.7640767497204417,-1.1141163369768003
RPM-2005-11-10:479:1,4,A,relevante_vs_irrelevante,True,0.5146251014290635,2.587133015918128,1.8193442450986175,3.1017581173471913
RPM-2005-11-10:479:1,4,B,neutral_vs_dovish,True,3.159252918825354,-0.8986856627344537,-0.7986304248388797,2.2605672560909005
RPM-2005-11-10:479:1,4,HD,hawkish_vs_dovish,True,-0.2737740785474043,-0.4204015000996207,-0.34666370844901395,-0.694175578647025
RPM-2005-11-10:500:1,4,A,relevante_vs_irrelevante,True,0.5146251014290635,3.977236396957016,3.6024322453490107,4.491861498386079
RPM-2005-11-10:500:1,4,B,hawkish_vs_dovish,True,-0.2737740785474043,1.7502891716687143,1.5629154782028618,1.47651509312131
RPM-2005-11-10:500:1,4,HD,hawkish_vs_dovish,True,-0.2737740785474043,1.7502891716687143,1.5629154782028618,1.47651509312131
RPM-2005-11-10:503:2,4,A,relevante_vs_irrelevante,True,0.5146251014290635,-0.48808776242253066,-0.24613793840797832,0.026537339006532823
RPM-2005-11-10:503:2,4,B,hawkish_vs_neutral,True,-3.433026997372758,3.6121772305068647,3.014412333140606,0.1791502331341066
RPM-2005-11-10:503:2,4,HD,hawkish_vs_dovish,True,-0.2737740785474043,1.5130945094442665,1.4047092559110503,1.2393204308968622
RPM-2006-03-16:601:2,4,A,relevante_vs_irrelevante,True,0.5146251014290635,3.8693763204672975,3.572599659290473,4.384001421896361
RPM-2006-03-16:601:2,4,B,neutral_vs_dovish,True,3.159252918825354,-1.3758720598754532,-1.2145248973105802,1.7833808589499007
RPM-2006-03-16:601:2,4,HD,hawkish_vs_dovish,True,-0.2737740785474043,-0.12684523111614415,-0.11746641277959348,-0.4006193096635485
RPM-2007-05-10:1233:2,4,A,relevante_vs_irrelevante,True,0.5146251014290635,1.8462282764283156,1.0364704554141744,2.360853377857379
RPM-2007-05-10:1233:2,4,B,neutral_vs_dovish,True,3.159252918825354,-0.003209351347526035,0.0666583021823782,3.1560435674778278
RPM-2007-05-10:1233:2,4,HD,hawkish_vs_dovish,True,-0.2737740785474043,0.08051575998848945,0.009537653678514418,-0.19325831855891487
RPM-2007-05-10:1241:1,4,A,relevante_vs_irrelevante,True,0.5146251014290635,0.3889898561634238,0.7701125310996337,0.9036149575924872
RPM-2007-05-10:1241:1,4,B,neutral_vs_hawkish,True,3.433026997372758,-0.4682285178260216,-0.33726692745465575,2.9647984795467366
RPM-2007-05-10:1241:1,4,HD,hawkish_vs_dovish,True,-0.2737740785474043,0.3938254044016033,0.33047432254612263,0.12005132585419898
RPM-2007-05-10:1261:2,4,A,relevante_vs_irrelevante,True,0.5146251014290635,2.4235747033647863,2.4929958302790047,2.93819980479385
RPM-2007-05-10:1261:2,4,B,hawkish_vs_dovish,True,-0.2737740785474043,0.7809890238525685,0.8140944596754631,0.5072149453051642
RPM-2007-05-10:1261:2,4,HD,hawkish_vs_dovish,True,-0.2737740785474043,0.7809890238525685,0.8140944596754631,0.5072149453051642
RPM-2008-02-07:1649:2,4,A,relevante_vs_irrelevante,True,0.5146251014290635,1.5892753793811523,1.3636845682665453,2.103900480810216
RPM-2008-02-07:1649:2,4,B,neutral_vs_dovish,True,3.159252918825354,-0.3012306438274777,-0.2672887156246265,2.858022274997876
RPM-2008-02-07:1649:2,4,HD,hawkish_vs_dovish,True,-0.2737740785474043,-0.1507829793047469,-0.16149684534035402,-0.42455705785215125
RPM-2008-02-07:1672:1,4,A,relevante_vs_irrelevante,True,0.5146251014290635,3.9363650333801066,3.538248526491653,4.45099013480917
RPM-2008-02-07:1672:1,4,B,hawkish_vs_neutral,True,-3.433026997372758,3.7209794357198858,3.4165176085656515,0.2879524383471277
RPM-2008-02-07:1672:1,4,HD,hawkish_vs_dovish,True,-0.2737740785474043,0.8396697549606401,0.7285951659809682,0.5658956764132358
RPM-2008-03-13:1716:1,4,A,relevante_vs_irrelevante,True,0.5146251014290635,1.2723363306680335,0.9207263553229017,1.786961432097097
RPM-2008-03-13:1716:1,4,B,neutral_vs_dovish,True,3.159252918825354,-0.0577742302100357,-0.061546766145136836,3.1014786886153183
RPM-2008-03-13:1716:1,4,HD,hawkish_vs_dovish,True,-0.2737740785474043,-0.054520986338630624,-0.026774644383953182,-0.32829506488603494
RPM-2008-03-13:1718:12,4,A,relevante_vs_irrelevante,True,0.5146251014290635,2.170473669510569,1.504835221822087,2.6850987709396326
RPM-2008-03-13:1718:12,4,B,neutral_vs_dovish,True,3.159252918825354,-0.6828338999873013,-0.5435018511550616,2.476419018838053
RPM-2008-03-13:1718:12,4,HD,hawkish_vs_dovish,True,-0.2737740785474043,-0.2722252446826281,-0.2864095810035317,-0.5459993232300324
RPM-2008-03-13:1724:1,4,A,relevante_vs_irrelevante,False,0.5146251014290635,-3.3027968723482855,-0.43003088903066766,-2.788171770919222
RPM-2008-03-13:1724:1,4,B,neutral_vs_dovish,False,3.159252918825354,-0.4864009034992034,-0.28185309703893474,2.672852015326151
RPM-2008-03-13:1724:1,4,HD,hawkish_vs_dovish,False,-0.2737740785474043,-0.2330830854420955,-0.09689231734783105,-0.5068571639894999
RPM-2008-08-14:2011:1,4,A,relevante_vs_irrelevante,True,0.5146251014290635,0.6199850394621254,0.06897041479831512,1.1346101408911888
RPM-2008-08-14:2011:1,4,B,neutral_vs_dovish,True,3.159252918825354,-0.8986918787700157,-0.5855634744673102,2.260561040055338
RPM-2008-08-14:2011:1,4,HD,hawkish_vs_dovish,True,-0.2737740785474043,-1.0161212544774239,-0.7286020211501825,-1.2898953330248282
RPM-2008-08-14:2017:1,4,A,relevante_vs_irrelevante,True,0.5146251014290635,2.6891473968299877,1.9207013039734564,3.203772498259051
RPM-2008-08-14:2017:1,4,B,neutral_vs_hawkish,True,3.433026997372758,-0.7362095050247802,-0.5944105891050984,2.6968174923479777
RPM-2008-08-14:2017:1,4,HD,hawkish_vs_dovish,True,-0.2737740785474043,0.32356046605481326,0.333952411628043,0.049786387507408936
RPM-2008-08-14:2045:1,4,A,relevante_vs_irrelevante,True,0.5146251014290635,2.6847717098793638,2.4389399875025584,3.1993968113084272
RPM-2008-08-14:2045:1,4,B,hawkish_vs_dovish,True,-0.2737740785474043,2.1765442120274434,2.0501384502036992,1.902770133480039
RPM-2008-08-14:2045:1,4,HD,hawkish_vs_dovish,True,-0.2737740785474043,2.1765442120274434,2.0501384502036992,1.902770133480039
RPM-2009-05-07:2517:1,4,A,relevante_vs_irrelevante,True,0.5146251014290635,1.6753507114755457,1.3971781307190783,2.189975812904609
RPM-2009-05-07:2517:1,4,B,neutral_vs_dovish,True,3.159252918825354,-0.7013888646493808,-0.43775363663534633,2.4578640541759733
RPM-2009-05-07:2517:1,4,HD,hawkish_vs_dovish,True,-0.2737740785474043,-0.11463877086906643,-0.22842494344833728,-0.38841284941647075
RPM-2009-05-07:2519:1,4,A,relevante_vs_irrelevante,True,0.5146251014290635,2.0523621927120104,1.3731198666518813,2.566987294141074
RPM-2009-05-07:2519:1,4,B,neutral_vs_dovish,True,3.159252918825354,-1.075750602098212,-0.7459380406884346,2.083502316727142
RPM-2009-05-07:2519:1,4,HD,hawkish_vs_dovish,True,-0.2737740785474043,-0.16006770055455302,-0.16060411269613484,-0.4338417791019573
RPM-2009-05-07:2528:2,4,A,relevante_vs_irrelevante,True,0.5146251014290635,1.9420359335687085,1.568136270664594,2.456661034997772
RPM-2009-05-07:2528:2,4,B,neutral_vs_dovish,True,3.159252918825354,-0.5059915043545637,-0.24710313099932835,2.6532614144707902
RPM-2009-05-07:2528:2,4,HD,hawkish_vs_dovish,True,-0.2737740785474043,-0.2205716751345443,-0.226868066510258,-0.4943457536819486
RPM-2009-05-07:2532:2,4,A,relevante_vs_irrelevante,True,0.5146251014290635,1.8286158087116202,1.316667945496866,2.3432409101406835
RPM-2009-05-07:2532:2,4,B,neutral_vs_dovish,True,3.159252918825354,-0.13603492913522292,-0.03661915639531951,3.023217989690131
RPM-2009-05-07:2532:2,4,HD,hawkish_vs_dovish,True,-0.2737740785474043,-0.3856328244597357,-0.3035219765090133,-0.65940690300714
RPM-2012-01-12:4528:1,4,A,relevante_vs_irrelevante,True,0.5146251014290635,0.2498644633735421,0.039567035384506566,0.7644895648026055
RPM-2012-01-12:4528:1,4,B,neutral_vs_dovish,True,3.159252918825354,0.03731260009860961,0.058557381048946075,3.1965655189239635
RPM-2012-01-12:4528:1,4,HD,hawkish_vs_dovish,True,-0.2737740785474043,-0.044468000655014335,0.0006393418075616442,-0.31824207920241865
RPM-2012-01-12:4537:2,4,A,relevante_vs_irrelevante,True,0.5146251014290635,3.0149234063370134,2.723545610088533,3.529548507766077
RPM-2012-01-12:4537:2,4,B,neutral_vs_hawkish,True,3.433026997372758,-0.9702231645581078,-0.8942912256119776,2.46280383281465
RPM-2012-01-12:4537:2,4,HD,hawkish_vs_dovish,True,-0.2737740785474043,0.6605192315554916,0.6429737258545059,0.3867451530080873
RPM-2012-01-12:4559:1,4,A,relevante_vs_irrelevante,True,0.5146251014290635,2.8780648375196822,2.356514634964939,3.3926899389487457
RPM-2012-01-12:4559:1,4,B,neutral_vs_dovish,True,3.159252918825354,-1.1448282004505201,-0.9927575411446805,2.014424718374834
RPM-2012-01-12:4559:1,4,HD,hawkish_vs_dovish,True,-0.2737740785474043,-0.2509793317641895,-0.2119724367006501,-0.5247534103115938
RPM-2012-02-14:4615:1,4,A,relevante_vs_irrelevante,True,0.5146251014290635,1.2635191165889084,0.9439000033959541,1.7781442180179718
RPM-2012-02-14:4615:1,4,B,neutral_vs_dovish,True,3.159252918825354,0.2931396240282942,0.21941294701947653,3.452392542853648
RPM-2012-02-14:4615:1,4,HD,hawkish_vs_dovish,True,-0.2737740785474043,-0.3737426689046891,-0.3073305078073443,-0.6475167474520934
RPM-2012-02-14:4640:1,4,A,relevante_vs_irrelevante,False,0.5146251014290635,-1.4361176376183535,-0.6622340553841327,-0.9214925361892901
RPM-2012-02-14:4640:1,4,B,neutral_vs_dovish,False,3.159252918825354,-0.9402286472118023,-0.6900226207031505,2.2190242716135518
RPM-2012-02-14:4640:1,4,HD,hawkish_vs_dovish,False,-0.2737740785474043,-0.6555329800407739,-0.39744358507488686,-0.9293070585881782
RPM-2012-06-14:4862:1,4,A,relevante_vs_irrelevante,True,0.5146251014290635,2.6723944426310586,2.3912944219988717,3.187019544060122
RPM-2012-06-14:4862:1,4,B,neutral_vs_hawkish,True,3.433026997372758,-2.1498658962147528,-1.7330744166561773,1.2831611011580053
RPM-2012-06-14:4862:1,4,HD,hawkish_vs_dovish,True,-0.2737740785474043,0.7005788034395568,0.47078446814437275,0.4268047248921525
RPM-2012-06-14:4885:3,4,A,relevante_vs_irrelevante,False,0.5146251014290635,-3.642352838060677,-1.461216703565324,-3.1277277366316136
RPM-2012-06-14:4885:3,4,B,neutral_vs_dovish,False,3.159252918825354,-1.6518905537156416,-1.1744752360498003,1.5073623651097123
RPM-2012-06-14:4885:3,4,HD,hawkish_vs_dovish,False,-0.2737740785474043,-0.019410298604411402,0.10362657430173959,-0.2931843771518157
RPM-2012-08-16:4989:1,4,A,relevante_vs_irrelevante,True,0.5146251014290635,2.6606617653103846,2.2638607221106692,3.175286866739448
RPM-2012-08-16:4989:1,4,B,neutral_vs_dovish,True,3.159252918825354,-0.6746723196143674,-0.5896168892812422,2.484580599210987
RPM-2012-08-16:4989:1,4,HD,hawkish_vs_dovish,True,-0.2737740785474043,0.26035093558346284,0.2590939403975434,-0.013423142963941481
RPM-2012-08-16:5008:1,4,A,relevante_vs_irrelevante,True,0.5146251014290635,2.1238783399316103,1.7892413247351402,2.638503441360674
RPM-2012-08-16:5008:1,4,B,neutral_vs_dovish,True,3.159252918825354,-0.7046443829304732,-0.6150887089440673,2.454608535894881
RPM-2012-08-16:5008:1,4,HD,hawkish_vs_dovish,True,-0.2737740785474043,-0.38316792275550404,-0.32491506936907244,-0.6569420013029084
RPM-2013-03-14:5443:1,4,A,relevante_vs_irrelevante,True,0.5146251014290635,1.7926400425689517,1.499384904805932,2.3072651439980154
RPM-2013-03-14:5443:1,4,B,dovish_vs_neutral,True,-3.159252918825354,3.475263869891816,3.16118673035986,0.31601095106646193
RPM-2013-03-14:5443:1,4,HD,hawkish_vs_dovish,True,-0.2737740785474043,-0.4346960439820472,-0.34702932227956396,-0.7084701225294515
RPM-2013-06-13:5612:1,4,A,relevante_vs_irrelevante,True,0.5146251014290635,2.6255472860776408,1.9221271996138865,3.1401723875067042
RPM-2013-06-13:5612:1,4,B,neutral_vs_dovish,True,3.159252918825354,-1.4305376585687364,-1.2442376836867346,1.7287152602566176
RPM-2013-06-13:5612:1,4,HD,hawkish_vs_dovish,True,-0.2737740785474043,-0.02085960507481854,-0.03862972234747161,-0.29463368362222286
RPM-2013-06-13:5620:1,4,A,relevante_vs_irrelevante,False,0.5146251014290635,-5.100675947648403,-2.0496705046137773,-4.58605084621934
RPM-2013-06-13:5620:1,4,B,neutral_vs_dovish,False,3.159252918825354,0.2711996072613253,0.3142357207890973,3.4304525260866794
RPM-2013-06-13:5620:1,4,HD,hawkish_vs_dovish,False,-0.2737740785474043,-0.1996878932148815,-0.05367068280761195,-0.4734619717622858
RPM-2013-06-13:5630:1,4,A,relevante_vs_irrelevante,True,0.5146251014290635,3.3784435448741634,3.12391784826277,3.893068646303227
RPM-2013-06-13:5630:1,4,B,dovish_vs_hawkish,True,0.2737740785474043,0.4903597597916275,0.44618317944864594,0.7641338383390318
RPM-2013-06-13:5630:1,4,HD,hawkish_vs_dovish,True,-0.2737740785474043,-0.4903597597916275,-0.4461831794486459,-0.7641338383390318
RPM-2013-06-13:5631:1,4,A,relevante_vs_irrelevante,False,0.5146251014290635,-4.311142953866991,-1.8801574599066266,-3.7965178524379275
RPM-2013-06-13:5631:1,4,B,neutral_vs_dovish,False,3.159252918825354,-0.48864043628708104,-0.30244782842627616,2.670612482538273
RPM-2013-06-13:5631:1,4,HD,hawkish_vs_dovish,False,-0.2737740785474043,-0.9299248117202572,-0.586353794665766,-1.2036988902676615
RPM-2013-06-13:5635:1,4,A,relevante_vs_irrelevante,False,0.5146251014290635,-3.5192120133196814,-0.8815723924986933,-3.004586911890618
RPM-2013-06-13:5635:1,4,B,neutral_vs_hawkish,False,3.433026997372758,-1.1846502529651093,-0.8680508991852605,2.248376744407649
RPM-2013-06-13:5635:1,4,HD,hawkish_vs_dovish,False,-0.2737740785474043,0.9362482883984513,0.7953989191963562,0.662474209851047
RPM-2015-04-16:6699:1,4,A,relevante_vs_irrelevante,True,0.5146251014290635,0.803572713291621,0.2947875940219281,1.3181978147206845
RPM-2015-04-16:6699:1,4,B,neutral_vs_dovish,True,3.159252918825354,-1.0554590203094132,-0.7114642782829027,2.103793898515941
RPM-2015-04-16:6699:1,4,HD,hawkish_vs_dovish,True,-0.2737740785474043,-0.901133787206906,-0.6114618109949811,-1.1749078657543102
RPM-2015-06-11:6810:1,4,A,relevante_vs_irrelevante,False,0.5146251014290635,-3.5385735492070993,-2.6307699940611906,-3.023948447778036
RPM-2015-06-11:6810:1,4,B,neutral_vs_dovish,False,3.159252918825354,-1.3357142730723606,-1.096585005574167,1.8235386457529934
RPM-2015-06-11:6810:1,4,HD,hawkish_vs_dovish,False,-0.2737740785474043,-0.35659119471022155,-0.1819795538097504,-0.6303652732576259
RPM-2015-06-11:6857:2,4,A,relevante_vs_irrelevante,True,0.5146251014290635,2.9095031389654844,2.6357090825366454,3.424128240394548
RPM-2015-06-11:6857:2,4,B,dovish_vs_neutral,True,-3.159252918825354,3.417291019404817,3.238541168988362,0.25803810057946297
RPM-2015-06-11:6857:2,4,HD,hawkish_vs_dovish,True,-0.2737740785474043,-1.0614969158463996,-1.0576270080738492,-1.335270994393804
RPM-2015-10-15:7075:1,4,A,relevante_vs_irrelevante,True,0.5146251014290635,1.8010304352725837,1.3413733744477891,2.315655536701647
RPM-2015-10-15:7075:1,4,B,neutral_vs_dovish,True,3.159252918825354,-0.4833512197976174,-0.34073825920190426,2.6759016990277367
RPM-2015-10-15:7075:1,4,HD,hawkish_vs_dovish,True,-0.2737740785474043,-0.01291524837080025,-0.04543964302571549,-0.2866893269182046
RPM-2015-10-15:7093:1,4,A,relevante_vs_irrelevante,False,0.5146251014290635,-4.768992591204248,-1.4187528881103177,-4.254367489775184
RPM-2015-10-15:7093:1,4,B,neutral_vs_dovish,False,3.159252918825354,-0.27843872734343356,-0.12544511555497445,2.8808141914819205
RPM-2015-10-15:7093:1,4,HD,hawkish_vs_dovish,False,-0.2737740785474043,-0.7241872707053006,-0.3629757937684711,-0.997961349252705
RPM-2015-10-15:7107:1,4,A,relevante_vs_irrelevante,False,0.5146251014290635,-4.078612102340528,-1.639308074371999,-3.5639870009114643
RPM-2015-10-15:7107:1,4,B,neutral_vs_dovish,False,3.159252918825354,-0.3707195171650995,-0.19917629250754781,2.7885334016602545
RPM-2015-10-15:7107:1,4,HD,hawkish_vs_dovish,False,-0.2737740785474043,-1.082285902658646,-0.7569376177203377,-1.3560599812060503
RPM-2015-12-17:7207:1,4,A,relevante_vs_irrelevante,True,0.5146251014290635,3.137670926586135,2.6796145621529086,3.6522960280151984
RPM-2015-12-17:7207:1,4,B,neutral_vs_dovish,True,3.159252918825354,-1.9678779262307124,-1.7941686396102177,1.1913749925946415
RPM-2015-12-17:7207:1,4,HD,hawkish_vs_dovish,True,-0.2737740785474043,-0.45311151777114506,-0.42363581557313634,-0.7268855963185494
RPM-2015-12-17:7210:1,4,A,relevante_vs_irrelevante,True,0.5146251014290635,4.101064758153621,3.765967707067873,4.615689859582684
RPM-2015-12-17:7210:1,4,B,dovish_vs_hawkish,True,0.2737740785474043,0.0037582214960148186,0.006870378070454278,0.2775323000434191
RPM-2015-12-17:7210:1,4,HD,hawkish_vs_dovish,True,-0.2737740785474043,-0.0037582214960148186,-0.006870378070454285,-0.2775323000434191
RPM-2015-12-17:7211:1,4,A,relevante_vs_irrelevante,False,0.5146251014290635,-3.9423561039540242,-1.956484100036778,-3.4277310025249608
RPM-2015-12-17:7211:1,4,B,neutral_vs_dovish,False,3.159252918825354,-0.6049002039831228,-0.5147093587702486,2.5543527148422314
RPM-2015-12-17:7211:1,4,HD,hawkish_vs_dovish,False,-0.2737740785474043,-1.0212566517805017,-0.7227065814335644,-1.295030730327906
RPM-2005-07-12:296:1,4,A,relevante_vs_irrelevante,False,0.5146251014290635,-3.997826478905214,-2.8745206784881248,-3.4832013774761506
RPM-2005-07-12:296:1,4,B,neutral_vs_dovish,False,3.159252918825354,-0.9652508436245362,-0.7550727507417753,2.194002075200818
RPM-2005-07-12:296:1,4,HD,hawkish_vs_dovish,False,-0.2737740785474043,0.004205447936678458,0.08722810813524388,-0.2695686306107259
RPM-2005-07-12:297:1,4,A,relevante_vs_irrelevante,False,0.5146251014290635,-2.7657704464493484,-0.6210652927245741,-2.251145345020285
RPM-2005-07-12:297:1,4,B,neutral_vs_hawkish,False,3.433026997372758,-1.0856717410081116,-0.4535763454068896,2.3473552563646463
RPM-2005-07-12:297:1,4,HD,hawkish_vs_dovish,False,-0.2737740785474043,0.3826520493710079,0.2790133853414333,0.10887797082360356
RPM-2005-07-12:308:1,4,A,relevante_vs_irrelevante,True,0.5146251014290635,3.4050451529524004,2.851290978873592,3.919670254381464
RPM-2005-07-12:308:1,4,B,hawkish_vs_dovish,True,-0.2737740785474043,0.6107924279552874,0.5367163200847614,0.3370183494078831
RPM-2005-07-12:308:1,4,HD,hawkish_vs_dovish,True,-0.2737740785474043,0.6107924279552874,0.5367163200847614,0.3370183494078831
RPM-2005-11-10:474:1,4,A,relevante_vs_irrelevante,True,0.5146251014290635,3.340267489290822,2.545304259964807,3.8548925907198854
RPM-2005-11-10:474:1,4,B,neutral_vs_dovish,True,3.159252918825354,-1.3947878852705466,-1.0349870524205464,1.7644650335548073
RPM-2005-11-10:474:1,4,HD,hawkish_vs_dovish,True,-0.2737740785474043,-0.16307701265065394,-0.1718940382899349,-0.43685109119805826
RPM-2005-11-10:482:1,4,A,relevante_vs_irrelevante,True,0.5146251014290635,1.5604082762338694,1.1539400427526352,2.075033377662933
RPM-2005-11-10:482:1,4,B,neutral_vs_dovish,True,3.159252918825354,-0.1828324997221891,-0.0623259237838657,2.9764204191031647
RPM-2005-11-10:482:1,4,HD,hawkish_vs_dovish,True,-0.2737740785474043,-0.1961118674782019,-0.21295437321741245,-0.4698859460256062
RPM-2005-11-10:491:1,4,A,relevante_vs_irrelevante,False,0.5146251014290635,-4.546117199041922,-1.4090631012454873,-4.031492097612858
RPM-2005-11-10:491:1,4,B,neutral_vs_hawkish,False,3.433026997372758,-0.390236449920499,-0.2888978768617697,3.042790547452259
RPM-2005-11-10:491:1,4,HD,hawkish_vs_dovish,False,-0.2737740785474043,0.4725087667712624,0.3761055675348273,0.1987346882238581
RPM-2005-11-10:492:1,4,A,relevante_vs_irrelevante,True,0.5146251014290635,4.446553628370467,4.095245892361222,4.961178729799531
RPM-2005-11-10:492:1,4,B,hawkish_vs_dovish,True,-0.2737740785474043,1.4286068538798045,1.2770068455876078,1.1548327753324001
RPM-2005-11-10:492:1,4,HD,hawkish_vs_dovish,True,-0.2737740785474043,1.4286068538798045,1.2770068455876078,1.1548327753324001
RPM-2005-11-10:499:1,4,A,relevante_vs_irrelevante,True,0.5146251014290635,3.8389531814615427,3.5626742688364503,4.353578282890606
RPM-2005-11-10:499:1,4,B,hawkish_vs_dovish,True,-0.2737740785474043,1.2957568180076566,1.1794604062213512,1.0219827394602523
RPM-2005-11-10:499:1,4,HD,hawkish_vs_dovish,True,-0.2737740785474043,1.2957568180076566,1.1794604062213512,1.0219827394602523
RPM-2005-11-10:503:1,4,A,relevante_vs_irrelevante,True,0.5146251014290635,3.1347855693994173,2.9533271689536584,3.649410670828481
RPM-2005-11-10:503:1,4,B,hawkish_vs_dovish,True,-0.2737740785474043,2.1724616472985705,2.1036138570705005,1.8986875687511662
RPM-2005-11-10:503:1,4,HD,hawkish_vs_dovish,True,-0.2737740785474043,2.1724616472985705,2.1036138570705005,1.8986875687511662
RPM-2006-03-16:614:1,4,A,relevante_vs_irrelevante,False,0.5146251014290635,-4.687850068864746,-1.6023767286152597,-4.173224967435683
RPM-2006-03-16:614:1,4,B,neutral_vs_hawkish,False,3.433026997372758,-0.35406463834491947,-0.2601993008450739,3.0789623590278388
RPM-2006-03-16:614:1,4,HD,hawkish_vs_dovish,False,-0.2737740785474043,0.505953567551696,0.395187012310887,0.23217948900429164
RPM-2006-03-16:614:3,4,A,relevante_vs_irrelevante,False,0.5146251014290635,-3.5024062969454657,-2.271078440117887,-2.987781195516402
RPM-2006-03-16:614:3,4,B,neutral_vs_dovish,False,3.159252918825354,-1.3894271610721,-1.1165632584170402,1.769825757753254
RPM-2006-03-16:614:3,4,HD,hawkish_vs_dovish,False,-0.2737740785474043,-0.7001034405688102,-0.5913130733277128,-0.9738775191162146
RPM-2006-03-16:619:1,4,A,relevante_vs_irrelevante,False,0.5146251014290635,-3.108517724486603,-0.5203969657034762,-2.5938926230575396
RPM-2006-03-16:619:1,4,B,neutral_vs_dovish,False,3.159252918825354,-0.742695153305571,-0.4816230798337764,2.4165577655197827
RPM-2006-03-16:619:1,4,HD,hawkish_vs_dovish,False,-0.2737740785474043,-0.05307724653106344,0.02430395566102153,-0.32685132507846776
RPM-2006-03-16:621:1,4,A,relevante_vs_irrelevante,True,0.5146251014290635,3.1647465933756918,2.839389215531397,3.6793716948047552
RPM-2006-03-16:621:1,4,B,dovish_vs_hawkish,True,0.2737740785474043,-0.2015539260174487,-0.08867206337073383,0.07222015252995562
RPM-2006-03-16:621:1,4,HD,hawkish_vs_dovish,True,-0.2737740785474043,0.2015539260174487,0.08867206337073384,-0.07222015252995562
RPM-2006-03-16:625:1,4,A,relevante_vs_irrelevante,True,0.5146251014290635,1.808109237975043,1.794336757496748,2.3227343394041062
RPM-2006-03-16:625:1,4,B,hawkish_vs_dovish,True,-0.2737740785474043,2.0509857991558835,2.02525888612508,1.7772117206084792
RPM-2006-03-16:625:1,4,HD,hawkish_vs_dovish,True,-0.2737740785474043,2.0509857991558835,2.02525888612508,1.7772117206084792
RPM-2007-05-10:1223:1,4,A,relevante_vs_irrelevante,False,0.5146251014290635,-3.290856374792075,-1.7546743085962015,-2.7762312733630115
RPM-2007-05-10:1223:1,4,B,neutral_vs_dovish,False,3.159252918825354,-1.6000246827541456,-1.3357877626048948,1.5592282360712084
RPM-2007-05-10:1223:1,4,HD,hawkish_vs_dovish,False,-0.2737740785474043,-0.40310799741934455,-0.326445207704106,-0.6768820759667489
RPM-2007-05-10:1226:1,4,A,relevante_vs_irrelevante,True,0.5146251014290635,-0.060885191453451254,-0.006150012465879616,0.4537399099756122
RPM-2007-05-10:1226:1,4,B,neutral_vs_dovish,True,3.159252918825354,0.19020222424489147,0.10732434016946577,3.3494551430702453
RPM-2007-05-10:1226:1,4,HD,hawkish_vs_dovish,True,-0.2737740785474043,-0.005263609813330006,0.07071281215150416,-0.27903768836073434
RPM-2007-05-10:1227:1,4,A,relevante_vs_irrelevante,True,0.5146251014290635,2.400603088158782,2.019968853688492,2.9152281895878454
RPM-2007-05-10:1227:1,4,B,neutral_vs_dovish,True,3.159252918825354,-0.07997827558857044,-0.010450203468282793,3.0792746432367837
RPM-2007-05-10:1227:1,4,HD,hawkish_vs_dovish,True,-0.2737740785474043,-0.2800385831163892,-0.21203994233040047,-0.5538126616637935
RPM-2007-05-10:1227:2,4,A,relevante_vs_irrelevante,True,0.5146251014290635,1.4824781929478716,1.0698201444912936,1.9971032943769351
RPM-2007-05-10:1227:2,4,B,neutral_vs_dovish,True,3.159252918825354,-0.34696888881889204,-0.23930538258436013,2.8122840300064618
RPM-2007-05-10:1227:2,4,HD,hawkish_vs_dovish,True,-0.2737740785474043,-0.6699399795984948,-0.5065718017954667,-0.9437140581458991
RPM-2007-05-10:1246:1,4,A,relevante_vs_irrelevante,True,0.5146251014290635,2.219507573473036,1.6708293814005235,2.7341326749020993
RPM-2007-05-10:1246:1,4,B,neutral_vs_dovish,True,3.159252918825354,-0.5999183001864592,-0.5213305137097102,2.5593346186388946
RPM-2007-05-10:1246:1,4,HD,hawkish_vs_dovish,True,-0.2737740785474043,-0.30797376559027234,-0.2910208080363969,-0.5817478441376767
RPM-2007-05-10:1251:2,4,A,relevante_vs_irrelevante,False,0.5146251014290635,-3.5355233153721057,-1.3435317838878662,-3.0208982139430423
RPM-2007-05-10:1251:2,4,B,neutral_vs_dovish,False,3.159252918825354,-1.5662340114761737,-1.0342400139652275,1.5930189073491803
RPM-2007-05-10:1251:2,4,HD,hawkish_vs_dovish,False,-0.2737740785474043,-0.36185179329402567,-0.27609531385995106,-0.63562587184143
RPM-2007-05-10:1251:3,4,A,relevante_vs_irrelevante,False,0.5146251014290635,-4.656688332242786,-1.6297173645680676,-4.142063230813722
RPM-2007-05-10:1251:3,4,B,neutral_vs_dovish,False,3.159252918825354,-0.696113824520414,-0.31300363255234137,2.46313909430494
RPM-2007-05-10:1251:3,4,HD,hawkish_vs_dovish,False,-0.2737740785474043,0.13584352951590023,0.12148022146106248,-0.1379305490315041
RPM-2007-05-10:1251:5,4,A,relevante_vs_irrelevante,False,0.5146251014290635,-6.206847520377291,-0.9831412240304003,-5.692222418948228
RPM-2007-05-10:1251:5,4,B,neutral_vs_hawkish,False,3.433026997372758,-0.2895126394952724,-0.20601882887359632,3.1435143578774856
RPM-2007-05-10:1251:5,4,HD,hawkish_vs_dovish,False,-0.2737740785474043,0.2747190243072435,0.19938046241784874,0.0009449457598391664
RPM-2007-05-10:1254:1,4,A,relevante_vs_irrelevante,True,0.5146251014290635,3.9720426644438085,3.5483796794586215,4.4866677658728715
RPM-2007-05-10:1254:1,4,B,hawkish_vs_dovish,True,-0.2737740785474043,0.3881694921714399,0.2872418984430267,0.1143954136240356
RPM-2007-05-10:1254:1,4,HD,hawkish_vs_dovish,True,-0.2737740785474043,0.3881694921714399,0.2872418984430267,0.1143954136240356
RPM-2007-05-10:1260:1,4,A,relevante_vs_irrelevante,True,0.5146251014290635,4.3537707602481,3.855886896422658,4.868395861677163
RPM-2007-05-10:1260:1,4,B,dovish_vs_hawkish,True,0.2737740785474043,-0.2650581606900052,-0.26645918471624347,0.008715917857399114
RPM-2007-05-10:1260:1,4,HD,hawkish_vs_dovish,True,-0.2737740785474043,0.2650581606900052,0.26645918471624347,-0.008715917857399114
RPM-2007-05-10:1261:1,4,A,relevante_vs_irrelevante,True,0.5146251014290635,2.422467258513662,2.631889958560986,2.9370923599427257
RPM-2007-05-10:1261:1,4,B,hawkish_vs_neutral,True,-3.433026997372758,4.207694589507382,3.9436080565910245,0.7746675921346236
RPM-2007-05-10:1261:1,4,HD,hawkish_vs_dovish,True,-0.2737740785474043,1.066330930934321,1.0367741682454228,0.7925568523869166
RPM-2008-02-07:1644:1,4,A,relevante_vs_irrelevante,False,0.5146251014290635,-3.762766019783638,-1.8131722106545078,-3.2481409183545744
RPM-2008-02-07:1644:1,4,B,neutral_vs_dovish,False,3.159252918825354,-1.0049861515130303,-0.7660732724368557,2.1542667673123237
RPM-2008-02-07:1644:1,4,HD,hawkish_vs_dovish,False,-0.2737740785474043,-0.5357468854429206,-0.457307544918718,-0.8095209639903249
RPM-2008-02-07:1648:1,4,A,relevante_vs_irrelevante,True,0.5146251014290635,1.3653141045313313,0.8047065444114235,1.8799392059603948
RPM-2008-02-07:1648:1,4,B,neutral_vs_dovish,True,3.159252918825354,-0.5708227632667341,-0.4104246037290057,2.58843015555862
RPM-2008-02-07:1648:1,4,HD,hawkish_vs_dovish,True,-0.2737740785474043,-0.5740357591512254,-0.49866112138968044,-0.8478098376986297
RPM-2008-02-07:1648:2,4,A,relevante_vs_irrelevante,True,0.5146251014290635,1.6968668666287745,1.3309649748170151,2.211491968057838
RPM-2008-02-07:1648:2,4,B,neutral_vs_hawkish,True,3.433026997372758,-0.23140266306223012,-0.2004209892275445,3.201624334310528
RPM-2008-02-07:1648:2,4,HD,hawkish_vs_dovish,True,-0.2737740785474043,0.8508314447703047,0.7492557427294085,0.5770573662229004
RPM-2008-02-07:1652:4,4,A,relevante_vs_irrelevante,True,0.5146251014290635,2.1349022520630396,1.4213065151098798,2.649527353492103
RPM-2008-02-07:1652:4,4,B,neutral_vs_dovish,True,3.159252918825354,-1.0295420913822162,-0.6943835399825307,2.1297108274431378
RPM-2008-02-07:1652:4,4,HD,hawkish_vs_dovish,True,-0.2737740785474043,-0.14590014282844832,-0.14299936711225825,-0.41967422137585264
RPM-2008-02-07:1674:1,4,A,relevante_vs_irrelevante,True,0.5146251014290635,0.8346158772369238,0.5399597160351415,1.3492409786659874
RPM-2008-02-07:1674:1,4,B,neutral_vs_hawkish,True,3.433026997372758,-0.26150145367025496,-0.03043694885141071,3.171525543702503
RPM-2008-02-07:1674:1,4,HD,hawkish_vs_dovish,True,-0.2737740785474043,0.3233859821508395,0.2516931779638262,0.0496119036034352
RPM-2008-02-07:1684:1,4,A,relevante_vs_irrelevante,True,0.5146251014290635,4.15660668195191,4.066113773687943,4.671231783380973
RPM-2008-02-07:1684:1,4,B,hawkish_vs_dovish,True,-0.2737740785474043,0.3604213705600042,0.3037460579396481,0.08664729201259985
RPM-2008-02-07:1684:1,4,HD,hawkish_vs_dovish,True,-0.2737740785474043,0.3604213705600042,0.3037460579396481,0.08664729201259985
RPM-2008-03-13:1694:1,4,A,relevante_vs_irrelevante,True,0.5146251014290635,2.730318702764987,1.9437332874669315,3.2449438041940506
RPM-2008-03-13:1694:1,4,B,neutral_vs_dovish,True,3.159252918825354,-1.8430853792577857,-1.5759490414131991,1.3161675395675683
RPM-2008-03-13:1694:1,4,HD,hawkish_vs_dovish,True,-0.2737740785474043,-1.3382010550373344,-1.151330814324,-1.6119751335847388
RPM-2008-03-13:1703:1,4,A,relevante_vs_irrelevante,True,0.5146251014290635,2.932769988688003,2.4744353597531346,3.4473950901170665
RPM-2008-03-13:1703:1,4,B,neutral_vs_dovish,True,3.159252918825354,-1.846900281426083,-1.5165249942192789,1.3123526373992709
RPM-2008-03-13:1703:1,4,HD,hawkish_vs_dovish,True,-0.2737740785474043,-0.3969336570511754,-0.26635476137818404,-0.6707077355985798
RPM-2008-03-13:1709:1,4,A,relevante_vs_irrelevante,True,0.5146251014290635,1.3240575382896977,0.9480281589274706,1.8386826397187612
RPM-2008-03-13:1709:1,4,B,neutral_vs_dovish,True,3.159252918825354,-0.6051065025824953,-0.5482342789294519,2.5541464162428587
RPM-2008-03-13:1709:1,4,HD,hawkish_vs_dovish,True,-0.2737740785474043,-0.2650430353289699,-0.1906345437759434,-0.5388171138763742
RPM-2008-03-13:1711:1,4,A,relevante_vs_irrelevante,True,0.5146251014290635,3.0431941088416004,2.4721659764114503,3.557819210270664
RPM-2008-03-13:1711:1,4,B,neutral_vs_hawkish,True,3.433026997372758,-1.4222847337596054,-1.2438398189447266,2.0107422636131527
RPM-2008-03-13:1711:1,4,HD,hawkish_vs_dovish,True,-0.2737740785474043,0.35351786435509036,0.2563699696758939,0.07974378580768604
RPM-2008-03-13:1719:1,4,A,relevante_vs_irrelevante,True,0.5146251014290635,-0.13227177171526172,0.10295738788300368,0.38235332971380176
RPM-2008-03-13:1719:1,4,B,neutral_vs_dovish,True,3.159252918825354,0.466431936124947,0.12410494287742352,3.625684854950301
RPM-2008-03-13:1719:1,4,HD,hawkish_vs_dovish,True,-0.2737740785474043,-0.0164307768927925,-0.09456494470951814,-0.2902048554401968
RPM-2008-03-13:1721:1,4,A,relevante_vs_irrelevante,True,0.5146251014290635,3.6389173994524295,3.391937345016521,4.153542500881493
RPM-2008-03-13:1721:1,4,B,hawkish_vs_dovish,True,-0.2737740785474043,1.6334392857045041,1.6200075522449264,1.3596652071570998
RPM-2008-03-13:1721:1,4,HD,hawkish_vs_dovish,True,-0.2737740785474043,1.6334392857045041,1.6200075522449264,1.3596652071570998
RPM-2008-03-13:1731:1,4,A,relevante_vs_irrelevante,True,0.5146251014290635,3.8215220554697353,3.5128304583812184,4.336147156898798
RPM-2008-03-13:1731:1,4,B,dovish_vs_hawkish,True,0.2737740785474043,0.1773844808369739,0.20189558710144628,0.4511585593843782
RPM-2008-03-13:1731:1,4,HD,hawkish_vs_dovish,True,-0.2737740785474043,-0.1773844808369739,-0.20189558710144623,-0.4511585593843782
RPM-2008-03-13:1731:2,4,A,relevante_vs_irrelevante,True,0.5146251014290635,2.9618261741097096,2.6232249169641912,3.476451275538773
RPM-2008-03-13:1731:2,4,B,dovish_vs_hawkish,True,0.2737740785474043,0.07935429099639066,0.14654173281023783,0.353128369543795
RPM-2008-03-13:1731:2,4,HD,hawkish_vs_dovish,True,-0.2737740785474043,-0.07935429099639066,-0.14654173281023783,-0.353128369543795
RPM-2008-03-13:1737:2,4,A,relevante_vs_irrelevante,True,0.5146251014290635,0.6743898787392026,0.24635720688748375,1.1890149801682661
RPM-2008-03-13:1737:2,4,B,neutral_vs_dovish,True,3.159252918825354,-2.6444462236417214,-1.8357016610277905,0.5148066951836325
RPM-2008-03-13:1737:2,4,HD,hawkish_vs_dovish,True,-0.2737740785474043,-0.10717617243405424,-0.26651966840237484,-0.38095025098145857
RPM-2008-03-13:1739:1,4,A,relevante_vs_irrelevante,True,0.5146251014290635,2.055744415735537,1.6380923451840066,2.5703695171646004
RPM-2008-03-13:1739:1,4,B,neutral_vs_dovish,True,3.159252918825354,-2.202027969008979,-1.8394495941429039,0.957224949816375
RPM-2008-03-13:1739:1,4,HD,hawkish_vs_dovish,True,-0.2737740785474043,-0.27603429128677204,-0.1531811979849919,-0.5498083698341764
RPM-2008-08-14:1980:1,4,A,relevante_vs_irrelevante,False,0.5146251014290635,-3.648255900380574,-1.1104442739296183,-3.1336307989515104
RPM-2008-08-14:1980:1,4,B,neutral_vs_dovish,False,3.159252918825354,0.068744594100212,0.09627819713126909,3.227997512925566
RPM-2008-08-14:1980:1,4,HD,hawkish_vs_dovish,False,-0.2737740785474043,-0.3087854477257771,-0.1161389012354059,-0.5825595262731814
RPM-2008-08-14:1994:1,4,A,relevante_vs_irrelevante,True,0.5146251014290635,0.2918810216346453,0.2585673570178328,0.8065061230637087
RPM-2008-08-14:1994:1,4,B,neutral_vs_dovish,True,3.159252918825354,-0.5696572437396176,-0.277797088111357,2.5895956750857363
RPM-2008-08-14:1994:1,4,HD,hawkish_vs_dovish,True,-0.2737740785474043,-0.553380875543423,-0.37362975938480725,-0.8271549540908273
RPM-2008-08-14:1994:4,4,A,relevante_vs_irrelevante,True,0.5146251014290635,3.3955084576066943,2.7990488876281434,3.9101335590357578
RPM-2008-08-14:1994:4,4,B,neutral_vs_dovish,True,3.159252918825354,-1.6530802704714105,-1.5353003196024333,1.5061726483539435
RPM-2008-08-14:1994:4,4,HD,hawkish_vs_dovish,True,-0.2737740785474043,-0.006241440679995089,0.031318024601535294,-0.2800155192273994
RPM-2008-08-14:2016:2,4,A,relevante_vs_irrelevante,True,0.5146251014290635,2.5627302525090885,1.5874889127707195,3.077355353938152
RPM-2008-08-14:2016:2,4,B,neutral_vs_dovish,True,3.159252918825354,-0.26615893423181863,-0.1445488643503659,2.8930939845935355
RPM-2008-08-14:2016:2,4,HD,hawkish_vs_dovish,True,-0.2737740785474043,-0.6071102138637992,-0.48519074500243986,-0.8808842924112035
RPM-2008-08-14:2026:1,4,A,relevante_vs_irrelevante,True,0.5146251014290635,1.8185273253851466,1.0083867075494837,2.33315242681421
RPM-2008-08-14:2026:1,4,B,neutral_vs_dovish,True,3.159252918825354,-1.0481155368068091,-0.7870013768173784,2.111137382018545
RPM-2008-08-14:2026:1,4,HD,hawkish_vs_dovish,True,-0.2737740785474043,-0.6572753390665976,-0.4527894706586111,-0.931049417614002
RPM-2008-08-14:2027:1,4,A,relevante_vs_irrelevante,True,0.5146251014290635,1.5606346138222773,0.643863689894325,2.075259715251341
RPM-2008-08-14:2027:1,4,B,neutral_vs_dovish,True,3.159252918825354,-0.6296029629067033,-0.2903464425459456,2.529649955918651
RPM-2008-08-14:2027:1,4,HD,hawkish_vs_dovish,True,-0.2737740785474043,-0.038511912065053694,-0.1506161873169235,-0.312285990612458
RPM-2008-08-14:2041:1,4,A,relevante_vs_irrelevante,True,0.5146251014290635,4.2382181556094025,4.027021853349955,4.7528432570384656
RPM-2008-08-14:2041:1,4,B,hawkish_vs_dovish,True,-0.2737740785474043,1.0297322177407364,0.9472502327400595,0.7559581391933321
RPM-2008-08-14:2041:1,4,HD,hawkish_vs_dovish,True,-0.2737740785474043,1.0297322177407364,0.9472502327400595,0.7559581391933321
RPM-2008-08-14:2042:1,4,A,relevante_vs_irrelevante,True,0.5146251014290635,3.2478182797414537,3.000017444342688,3.762443381170517
RPM-2008-08-14:2042:1,4,B,hawkish_vs_dovish,True,-0.2737740785474043,1.0120601975725916,0.9676688889555731,0.7382861190251873
RPM-2008-08-14:2042:1,4,HD,hawkish_vs_dovish,True,-0.2737740785474043,1.0120601975725916,0.9676688889555731,0.7382861190251873
RPM-2008-08-14:2044:1,4,A,relevante_vs_irrelevante,True,0.5146251014290635,3.863807892435032,3.7339534718303224,4.378432993864095
RPM-2008-08-14:2044:1,4,B,hawkish_vs_dovish,True,-0.2737740785474043,0.709374444633381,0.6645885407432798,0.43560036608597663
RPM-2008-08-14:2044:1,4,HD,hawkish_vs_dovish,True,-0.2737740785474043,0.709374444633381,0.6645885407432798,0.43560036608597663
RPM-2009-05-07:2505:1,4,A,relevante_vs_irrelevante,False,0.5146251014290635,-2.87930097871549,-0.8025659906606921,-2.3646758772864267
RPM-2009-05-07:2505:1,4,B,neutral_vs_dovish,False,3.159252918825354,0.23683946630932534,0.3118488329635434,3.396092385134679
RPM-2009-05-07:2505:1,4,HD,hawkish_vs_dovish,False,-0.2737740785474043,-0.1286269673866182,-0.046866714227902576,-0.4024010459340225
RPM-2009-05-07:2525:1,4,A,relevante_vs_irrelevante,True,0.5146251014290635,1.4060266014869611,0.9510103699123655,1.9206517029160246
RPM-2009-05-07:2525:1,4,B,neutral_vs_dovish,True,3.159252918825354,-1.6377188234692375,-1.3243843415119585,1.5215340953561165
RPM-2009-05-07:2525:1,4,HD,hawkish_vs_dovish,True,-0.2737740785474043,-1.1425351179306724,-0.9138029310467093,-1.4163091964780767
RPM-2009-05-07:2529:2,4,A,relevante_vs_irrelevante,True,0.5146251014290635,2.9269640084241497,2.32998954792264,3.441589109853213
RPM-2009-05-07:2529:2,4,B,neutral_vs_hawkish,True,3.433026997372758,-1.1616190779367286,-0.849455926385648,2.2714079194360295
RPM-2009-05-07:2529:2,4,HD,hawkish_vs_dovish,True,-0.2737740785474043,0.3052479034929042,0.12987742636658056,0.031473824945499884
RPM-2009-05-07:2530:1,4,A,relevante_vs_irrelevante,True,0.5146251014290635,1.0865579279959083,0.7364904374734134,1.6011830294249718
RPM-2009-05-07:2530:1,4,B,neutral_vs_dovish,True,3.159252918825354,-1.0386990784927599,-0.7757030382140482,2.120553840332594
RPM-2009-05-07:2530:1,4,HD,hawkish_vs_dovish,True,-0.2737740785474043,-0.7267097078738204,-0.5462684923065082,-1.0004837864212246
RPM-2009-05-07:2532:1,4,A,relevante_vs_irrelevante,True,0.5146251014290635,0.6721699669452639,0.3558203583483439,1.1867950683743274
RPM-2009-05-07:2532:1,4,B,neutral_vs_dovish,True,3.159252918825354,-0.04890994572060001,-0.027960070437810354,3.110342973104754
RPM-2009-05-07:2532:1,4,HD,hawkish_vs_dovish,True,-0.2737740785474043,-0.33854625187961673,-0.17826590542558912,-0.612320330427021
RPM-2009-05-07:2532:5,4,A,relevante_vs_irrelevante,True,0.5146251014290635,2.0300999075529025,1.5183402895697462,2.544725008981966
RPM-2009-05-07:2532:5,4,B,neutral_vs_dovish,True,3.159252918825354,-0.28714390813758456,-0.23688685434334522,2.8721090106877694
RPM-2009-05-07:2532:5,4,HD,hawkish_vs_dovish,True,-0.2737740785474043,0.0324999578006432,-0.00037043323525317445,-0.24127412074676113
RPM-2009-05-07:2534:1,4,A,relevante_vs_irrelevante,True,0.5146251014290635,-0.146194263205175,0.3864349367929806,0.36843083822388845
RPM-2009-05-07:2534:1,4,B,neutral_vs_dovish,True,3.159252918825354,-0.1882034055936132,-0.20741238884121949,2.971049513231741
RPM-2009-05-07:2534:1,4,HD,hawkish_vs_dovish,True,-0.2737740785474043,-0.3915912187153394,-0.3767294245375199,-0.6653652972627437
RPM-2009-05-07:2535:2,4,A,relevante_vs_irrelevante,True,0.5146251014290635,2.603093680181252,2.0619839645178324,3.1177187816103156
RPM-2009-05-07:2535:2,4,B,neutral_vs_dovish,True,3.159252918825354,-1.251284011816157,-1.016503327200342,1.907968907009197
RPM-2009-05-07:2535:2,4,HD,hawkish_vs_dovish,True,-0.2737740785474043,-0.31987570690630884,-0.3625502564201003,-0.5936497854537132
RPM-2009-05-07:2537:8,4,A,relevante_vs_irrelevante,True,0.5146251014290635,2.2069775998365344,1.5284721011759252,2.721602701265598
RPM-2009-05-07:2537:8,4,B,neutral_vs_dovish,True,3.159252918825354,-0.674361935588654,-0.6096963205525832,2.4848909832367
RPM-2009-05-07:2537:8,4,HD,hawkish_vs_dovish,True,-0.2737740785474043,-0.32098547301146146,-0.3147420638652389,-0.5947595515588657
RPM-2009-05-07:2538:1,4,A,relevante_vs_irrelevante,True,0.5146251014290635,1.9523132725084296,1.284444637766696,2.4669383739374933
RPM-2009-05-07:2538:1,4,B,neutral_vs_dovish,True,3.159252918825354,-0.9711073126791949,-0.8073056337982559,2.188145606146159
RPM-2009-05-07:2538:1,4,HD,hawkish_vs_dovish,True,-0.2737740785474043,-0.2737488163715106,-0.22942072912278763,-0.5475228949189149
RPM-2009-05-07:2541:2,4,A,relevante_vs_irrelevante,False,0.5146251014290635,-2.5214411250116098,-0.7057928239955586,-2.0068160235825463
RPM-2009-05-07:2541:2,4,B,neutral_vs_dovish,False,3.159252918825354,-1.9549932620729746,-1.3536282412301444,1.2042596567523793
RPM-2009-05-07:2541:2,4,HD,hawkish_vs_dovish,False,-0.2737740785474043,-0.3244422809506524,-0.21329773338002114,-0.5982163594980567
RPM-2009-05-07:2550:1,4,A,relevante_vs_irrelevante,True,0.5146251014290635,3.0064179024503943,2.6311038057034235,3.521043003879458
RPM-2009-05-07:2550:1,4,B,dovish_vs_hawkish,True,0.2737740785474043,1.7723383471032885,1.7555784816155429,2.046112425650693
RPM-2009-05-07:2550:1,4,HD,hawkish_vs_dovish,True,-0.2737740785474043,-1.7723383471032885,-1.7555784816155429,-2.046112425650693
RPM-2012-01-12:4520:1,4,A,relevante_vs_irrelevante,False,0.5146251014290635,-0.5608006905599051,0.06745911285508799,-0.04617558913084163
RPM-2012-01-12:4520:1,4,B,neutral_vs_dovish,False,3.159252918825354,-0.26179892905642493,-0.17641615294498944,2.897453989768929
RPM-2012-01-12:4520:1,4,HD,hawkish_vs_dovish,False,-0.2737740785474043,-0.7860265324178152,-0.4799766151543082,-1.0598006109652194
RPM-2012-01-12:4525:1,4,A,relevante_vs_irrelevante,True,0.5146251014290635,0.05963748164009958,0.3007932571835925,0.574262583069163
RPM-2012-01-12:4525:1,4,B,neutral_vs_dovish,True,3.159252918825354,-1.4400805221137916,-1.0082260380593844,1.7191723967115624
RPM-2012-01-12:4525:1,4,HD,hawkish_vs_dovish,True,-0.2737740785474043,-0.34563674942613215,-0.3287197825242554,-0.6194108279735364
RPM-2012-01-12:4531:2,4,A,relevante_vs_irrelevante,True,0.5146251014290635,1.204308751006917,0.9898103532898869,1.7189338524359805
RPM-2012-01-12:4531:2,4,B,neutral_vs_dovish,True,3.159252918825354,-0.5867989167032618,-0.3399543200468638,2.5724540021220923
RPM-2012-01-12:4531:2,4,HD,hawkish_vs_dovish,True,-0.2737740785474043,-0.013726472098911514,-0.031756319017338844,-0.28750055064631586
RPM-2012-01-12:4555:3,4,A,relevante_vs_irrelevante,True,0.5146251014290635,0.648980600814042,0.47064578892907183,1.1636057022431054
RPM-2012-01-12:4555:3,4,B,neutral_vs_dovish,True,3.159252918825354,-0.4347635424342685,-0.26174255556025827,2.7244893763910856
RPM-2012-01-12:4555:3,4,HD,hawkish_vs_dovish,True,-0.2737740785474043,-0.7151564015778324,-0.5806419961507048,-0.9889304801252368
RPM-2012-02-14:4577:1,4,A,relevante_vs_irrelevante,True,0.5146251014290635,3.554171429698851,3.2004678528191794,4.068796531127914
RPM-2012-02-14:4577:1,4,B,neutral_vs_dovish,True,3.159252918825354,-1.3447752513569622,-1.2691800478518172,1.8144776674683918
RPM-2012-02-14:4577:1,4,HD,hawkish_vs_dovish,True,-0.2737740785474043,-0.5587737084348599,-0.5672558289902312,-0.8325477869822642
RPM-2012-02-14:4584:1,4,A,relevante_vs_irrelevante,True,0.5146251014290635,2.685261875234334,2.443570007990188,3.1998869766633975
RPM-2012-02-14:4584:1,4,B,neutral_vs_hawkish,True,3.433026997372758,-1.0631440412830153,-0.9271583754870911,2.369882956089743
RPM-2012-02-14:4584:1,4,HD,hawkish_vs_dovish,True,-0.2737740785474043,0.4920873463666293,0.4237567378375178,0.218313267819225
RPM-2012-02-14:4586:1,4,A,relevante_vs_irrelevante,True,0.5146251014290635,2.232828681372961,1.5943573723149922,2.7474537828020247
RPM-2012-02-14:4586:1,4,B,neutral_vs_dovish,True,3.159252918825354,-0.48582434201370805,-0.42680870474191335,2.673428576811646
RPM-2012-02-14:4586:1,4,HD,hawkish_vs_dovish,True,-0.2737740785474043,0.07695676084189981,0.02110145532204697,-0.1968173177055045
RPM-2012-02-14:4611:1,4,A,relevante_vs_irrelevante,True,0.5146251014290635,2.5820241432261843,2.0067966361955927,3.096649244655248
RPM-2012-02-14:4611:1,4,B,neutral_vs_dovish,True,3.159252918825354,-1.0821551569757344,-0.8947379288013183,2.0770977618496196
RPM-2012-02-14:4611:1,4,HD,hawkish_vs_dovish,True,-0.2737740785474043,0.014961451267381326,-0.1077500386603885,-0.25881262728002297
RPM-2012-02-14:4620:1,4,A,relevante_vs_irrelevante,True,0.5146251014290635,2.3152318149444926,1.9866353303040158,2.829856916373556
RPM-2012-02-14:4620:1,4,B,neutral_vs_dovish,True,3.159252918825354,-0.23077349164245042,-0.2248695562102899,2.9284794271829035
RPM-2012-02-14:4620:1,4,HD,hawkish_vs_dovish,True,-0.2737740785474043,-0.18300794880005838,-0.13007455866345796,-0.4567820273474627
RPM-2012-02-14:4628:1,4,A,relevante_vs_irrelevante,True,0.5146251014290635,2.213346862111987,1.9273345218824296,2.7279719635410506
RPM-2012-02-14:4628:1,4,B,neutral_vs_hawkish,True,3.433026997372758,-0.41646372140971555,-0.40602996515501516,3.0165632759630423
RPM-2012-02-14:4628:1,4,HD,hawkish_vs_dovish,True,-0.2737740785474043,0.488426627314055,0.43248866835072136,0.21465254876665069
RPM-2012-02-14:4633:1,4,A,relevante_vs_irrelevante,True,0.5146251014290635,1.1323343879683492,0.720598177457342,1.6469594893974127
RPM-2012-02-14:4633:1,4,B,neutral_vs_dovish,True,3.159252918825354,-1.1099092678751692,-0.7853027845192981,2.049343650950185
RPM-2012-02-14:4633:1,4,HD,hawkish_vs_dovish,True,-0.2737740785474043,0.26039421005553853,0.24983968589455893,-0.013379868491865787
RPM-2012-02-14:4648:1,4,A,relevante_vs_irrelevante,True,0.5146251014290635,3.9048585498822956,3.596311520038559,4.419483651311359
RPM-2012-02-14:4648:1,4,B,neutral_vs_dovish,True,3.159252918825354,-2.9108033466425347,-2.8041746330149913,0.24844957218281927
RPM-2012-02-14:4648:1,4,HD,hawkish_vs_dovish,True,-0.2737740785474043,-0.00951275931611395,-0.004977336973051704,-0.28328683786351827
RPM-2012-06-14:4863:1,4,A,relevante_vs_irrelevante,False,0.5146251014290635,-5.121349792625557,-2.119191266872587,-4.606724691196494
RPM-2012-06-14:4863:1,4,B,neutral_vs_dovish,False,3.159252918825354,0.1835320266884589,0.2293979286871281,3.342784945513813
RPM-2012-06-14:4863:1,4,HD,hawkish_vs_dovish,False,-0.2737740785474043,-0.5616789578572454,-0.2716012794150527,-0.8354530364046497
RPM-2012-06-14:4890:1,4,A,relevante_vs_irrelevante,False,0.5146251014290635,-4.11336733602185,-1.974491456646727,-3.598742234592786
RPM-2012-06-14:4890:1,4,B,neutral_vs_dovish,False,3.159252918825354,-1.519108159774795,-1.2889108557599025,1.640144759050559
RPM-2012-06-14:4890:1,4,HD,hawkish_vs_dovish,False,-0.2737740785474043,-0.9914061569829069,-0.7862473803368479,-1.2651802355303112
RPM-2012-06-14:4897:1,4,A,relevante_vs_irrelevante,True,0.5146251014290635,3.0481822165515293,2.829789690570773,3.562807317980593
RPM-2012-06-14:4897:1,4,B,neutral_vs_dovish,True,3.159252918825354,-3.081139525929485,-2.919593218619053,0.07811339289586883
RPM-2012-06-14:4897:1,4,HD,hawkish_vs_dovish,True,-0.2737740785474043,0.0019979602696876195,-0.010315852503268833,-0.2717761182777167
RPM-2012-08-16:4976:1,4,A,relevante_vs_irrelevante,True,0.5146251014290635,3.466842244342717,3.2727606577138117,3.9814673457717804
RPM-2012-08-16:4976:1,4,B,neutral_vs_dovish,True,3.159252918825354,-1.1421835815781527,-1.0693482543666444,2.017069337247201
RPM-2012-08-16:4976:1,4,HD,hawkish_vs_dovish,True,-0.2737740785474043,-0.2615275880497759,-0.24385407304633974,-0.5353016665971801
RPM-2012-08-16:5012:1,4,A,relevante_vs_irrelevante,True,0.5146251014290635,1.0156629955883951,0.8731714113792763,1.5302880970174586
RPM-2012-08-16:5012:1,4,B,neutral_vs_dovish,True,3.159252918825354,-0.6859848447267762,-0.5370922715440747,2.473268074098578
RPM-2012-08-16:5012:1,4,HD,hawkish_vs_dovish,True,-0.2737740785474043,-0.030392008218511186,-0.052298502423059445,-0.3041660867659155
RPM-2012-08-16:5030:1,4,A,relevante_vs_irrelevante,False,0.5146251014290635,-4.211960242686701,-2.1157338690967507,-3.697335141257638
RPM-2012-08-16:5030:1,4,B,neutral_vs_dovish,False,3.159252918825354,-1.3421816798859125,-1.1210196925009808,1.8170712389394414
RPM-2012-08-16:5030:1,4,HD,hawkish_vs_dovish,False,-0.2737740785474043,-1.072331345464934,-0.7938794962844327,-1.3461054240123382
RPM-2012-08-16:5039:2,4,A,relevante_vs_irrelevante,True,0.5146251014290635,-0.4599723817611123,-0.27195927091846755,0.054652719667951155
RPM-2012-08-16:5039:2,4,B,dovish_vs_neutral,True,-3.159252918825354,3.1843010748244494,3.0656629652670992,0.02504815599909538
RPM-2012-08-16:5039:2,4,HD,hawkish_vs_dovish,True,-0.2737740785474043,-2.547883396090115,-2.28470665415945,-2.8216574746375196
RPM-2013-03-14:5412:2,4,A,relevante_vs_irrelevante,True,0.5146251014290635,1.4445473045279744,1.1735087699416558,1.959172405957038
RPM-2013-03-14:5412:2,4,B,neutral_vs_dovish,True,3.159252918825354,-0.9620672220094852,-0.772717651188114,2.1971856968158687
RPM-2013-03-14:5412:2,4,HD,hawkish_vs_dovish,True,-0.2737740785474043,-0.7824802573916739,-0.7015972643392531,-1.0562543359390784
RPM-2013-03-14:5421:1,4,A,relevante_vs_irrelevante,True,0.5146251014290635,0.05110302992233995,0.4447296854437979,0.5657281313514034
RPM-2013-03-14:5421:1,4,B,neutral_vs_dovish,True,3.159252918825354,-0.3477738230535314,-0.30442214946950746,2.8114790957718228
RPM-2013-03-14:5421:1,4,HD,hawkish_vs_dovish,True,-0.2737740785474043,-0.3809487614582521,-0.31099868642378303,-0.6547228400056564
RPM-2013-03-14:5430:1,4,A,relevante_vs_irrelevante,True,0.5146251014290635,2.3605055751602704,2.065137424185417,2.875130676589334
RPM-2013-03-14:5430:1,4,B,neutral_vs_dovish,True,3.159252918825354,-1.8698497099967686,-1.6944169626601226,1.2894032088285854
RPM-2013-03-14:5430:1,4,HD,hawkish_vs_dovish,True,-0.2737740785474043,-0.44384736035514516,-0.4681544959382054,-0.7176214389025495
RPM-2013-06-13:5578:2,4,A,relevante_vs_irrelevante,True,0.5146251014290635,0.8285742662857827,0.6280843232482316,1.3431993677148462
RPM-2013-06-13:5578:2,4,B,neutral_vs_dovish,True,3.159252918825354,0.17288498601931165,0.18963228048335296,3.3321379048446658
RPM-2013-06-13:5578:2,4,HD,hawkish_vs_dovish,True,-0.2737740785474043,-0.31230688429561465,-0.2485336437316607,-0.586080962843019
RPM-2013-06-13:5599:1,4,A,relevante_vs_irrelevante,True,0.5146251014290635,2.948624716205324,2.492133111494768,3.4632498176343876
RPM-2013-06-13:5599:1,4,B,neutral_vs_dovish,True,3.159252918825354,-0.365926683190182,-0.30063301369859363,2.793326235635172
RPM-2013-06-13:5599:1,4,HD,hawkish_vs_dovish,True,-0.2737740785474043,-0.49056900047407015,-0.43801536336592783,-0.7643430790214745
RPM-2013-06-13:5626:1,4,A,relevante_vs_irrelevante,True,0.5146251014290635,3.044561941933228,2.7677589870325985,3.5591870433622916
RPM-2013-06-13:5626:1,4,B,neutral_vs_dovish,True,3.159252918825354,-2.8192399815495763,-2.6598480742878663,0.34001293727577764
RPM-2013-06-13:5626:1,4,HD,hawkish_vs_dovish,True,-0.2737740785474043,-0.6497006772738816,-0.6400156067585557,-0.9234747558212859
RPM-2013-06-13:5632:1,4,A,relevante_vs_irrelevante,True,0.5146251014290635,4.119521788448742,3.8124668849023,4.634146889877805
RPM-2013-06-13:5632:1,4,B,dovish_vs_neutral,True,-3.159252918825354,4.188798273636471,4.036629557707135,1.029545354811117
RPM-2013-06-13:5632:1,4,HD,hawkish_vs_dovish,True,-0.2737740785474043,-0.9964779043184439,-0.9652313056612888,-1.2702519828658483
RPM-2015-04-16:6696:1,4,A,relevante_vs_irrelevante,True,0.5146251014290635,2.506282356079894,2.0013439630889986,3.0209074575089576
RPM-2015-04-16:6696:1,4,B,neutral_vs_dovish,True,3.159252918825354,-0.330539649274951,-0.1931705733125771,2.828713269550403
RPM-2015-04-16:6696:1,4,HD,hawkish_vs_dovish,True,-0.2737740785474043,-0.010446317016540974,0.05252194003836452,-0.2842203955639453
RPM-2015-04-16:6698:1,4,A,relevante_vs_irrelevante,True,0.5146251014290635,2.647854143178225,2.2254773464123243,3.1624792446072885
RPM-2015-04-16:6698:1,4,B,neutral_vs_dovish,True,3.159252918825354,-0.8074343196206482,-0.7259048802536361,2.351818599204706
RPM-2015-04-16:6698:1,4,HD,hawkish_vs_dovish,True,-0.2737740785474043,0.020605944052561026,0.01254432928116403,-0.2531681344948433
RPM-2015-04-16:6706:1,4,A,relevante_vs_irrelevante,True,0.5146251014290635,0.0277503326752577,0.7383569040404856,0.5423754341043212
RPM-2015-04-16:6706:1,4,B,neutral_vs_dovish,True,3.159252918825354,-0.6578245714054672,-0.4955207190493349,2.501428347419887
RPM-2015-04-16:6706:1,4,HD,hawkish_vs_dovish,True,-0.2737740785474043,-1.1496903052955973,-0.8342324425805911,-1.4234643838430017
RPM-2015-04-16:6737:1,4,A,relevante_vs_irrelevante,True,0.5146251014290635,2.315219948702979,1.6471722679799108,2.8298450501320427
RPM-2015-04-16:6737:1,4,B,neutral_vs_dovish,True,3.159252918825354,-0.6218464460801979,-0.49519288998786537,2.537406472745156
RPM-2015-04-16:6737:1,4,HD,hawkish_vs_dovish,True,-0.2737740785474043,-0.6034086094823313,-0.4846073556719718,-0.8771826880297356
RPM-2015-04-16:6741:3,4,A,relevante_vs_irrelevante,False,0.5146251014290635,-3.066395719713133,-0.9622016424356561,-2.5517706182840696
RPM-2015-04-16:6741:3,4,B,neutral_vs_hawkish,False,3.433026997372758,-1.7686796312926643,-0.8299581284738032,1.6643473660800938
RPM-2015-04-16:6741:3,4,HD,hawkish_vs_dovish,False,-0.2737740785474043,0.7652332503253907,0.5121930735389131,0.49145917177798637
RPM-2015-04-16:6744:2,4,A,relevante_vs_irrelevante,True,0.5146251014290635,3.218512870382173,2.916958816228565,3.7331379718112365
RPM-2015-04-16:6744:2,4,B,dovish_vs_neutral,True,-3.159252918825354,3.562611722004628,3.322510090870527,0.4033588031792741
RPM-2015-04-16:6744:2,4,HD,hawkish_vs_dovish,True,-0.2737740785474043,-0.8418312404610815,-0.8708686814793486,-1.1156053190084858
RPM-2015-06-11:6824:1,4,A,relevante_vs_irrelevante,False,0.5146251014290635,-3.9735833894218944,-1.4146605009241875,-3.458958287992831
RPM-2015-06-11:6824:1,4,B,neutral_vs_dovish,False,3.159252918825354,-0.47789969899541657,-0.260833949128321,2.6813532198299375
RPM-2015-06-11:6824:1,4,HD,hawkish_vs_dovish,False,-0.2737740785474043,-0.7893839895070398,-0.3750778966292544,-1.0631580680544441
RPM-2015-06-11:6839:2,4,A,relevante_vs_irrelevante,True,0.5146251014290635,1.1346980475806538,1.1611260502180984,1.6493231490097173
RPM-2015-06-11:6839:2,4,B,neutral_vs_dovish,True,3.159252918825354,0.2930564826970134,0.3218451648206003,3.4523094015223674
RPM-2015-06-11:6839:2,4,HD,hawkish_vs_dovish,True,-0.2737740785474043,-0.0462110197983243,-0.018920059854338724,-0.31998509834572864
RPM-2015-06-11:6854:1,4,A,relevante_vs_irrelevante,True,0.5146251014290635,3.9726965871854345,3.631299334838951,4.487321688614498
RPM-2015-06-11:6854:1,4,B,dovish_vs_hawkish,True,0.2737740785474043,0.22711092994300247,0.22295273054706724,0.5008850084904068
RPM-2015-06-11:6854:1,4,HD,hawkish_vs_dovish,True,-0.2737740785474043,-0.22711092994300247,-0.2229527305470672,-0.5008850084904068
RPM-2015-06-11:6856:1,4,A,relevante_vs_irrelevante,True,0.5146251014290635,3.559927123692442,3.0788923161205126,4.074552225121506
RPM-2015-06-11:6856:1,4,B,dovish_vs_neutral,True,-3.159252918825354,3.363672371279945,3.1513304668230893,0.2044194524545908
RPM-2015-06-11:6856:1,4,HD,hawkish_vs_dovish,True,-0.2737740785474043,-0.47671397980821106,-0.5242199056839647,-0.7504880583556154
RPM-2015-10-15:7058:5,4,A,relevante_vs_irrelevante,True,0.5146251014290635,1.4861169116372566,1.1438143469610456,2.0007420130663203
RPM-2015-10-15:7058:5,4,B,neutral_vs_dovish,True,3.159252918825354,-0.22506113012796253,-0.12602475906261545,2.9341917886973916
RPM-2015-10-15:7058:5,4,HD,hawkish_vs_dovish,True,-0.2737740785474043,0.22483822085668775,0.20566402267717637,-0.04893585769071657
RPM-2015-10-15:7063:2,4,A,relevante_vs_irrelevante,True,0.5146251014290635,2.1106812605116074,1.6108045749019888,2.625306361940671
RPM-2015-10-15:7063:2,4,B,neutral_vs_dovish,True,3.159252918825354,-0.8645192342921955,-0.7202811241280173,2.2947336845331585
RPM-2015-10-15:7063:2,4,HD,hawkish_vs_dovish,True,-0.2737740785474043,-0.4144793208279469,-0.3864264031158079,-0.6882533993753512
RPM-2015-10-15:7068:1,4,A,relevante_vs_irrelevante,True,0.5146251014290635,3.536402057932353,2.993214203781543,4.051027159361416
RPM-2015-10-15:7068:1,4,B,neutral_vs_dovish,True,3.159252918825354,-2.216617557550693,-2.020473776748211,0.942635361274661
RPM-2015-10-15:7068:1,4,HD,hawkish_vs_dovish,True,-0.2737740785474043,-0.9425881127065211,-0.9523713064293392,-1.2163621912539253
RPM-2015-10-15:7080:1,4,A,relevante_vs_irrelevante,True,0.5146251014290635,3.335950886122165,2.7133650911636167,3.8505759875512284
RPM-2015-10-15:7080:1,4,B,neutral_vs_dovish,True,3.159252918825354,-1.5142382220248654,-1.282752314915926,1.6450146968004886
RPM-2015-10-15:7080:1,4,HD,hawkish_vs_dovish,True,-0.2737740785474043,-0.1891690263734824,-0.19766337621327812,-0.46294310492088675
RPM-2015-10-15:7097:1,4,A,relevante_vs_irrelevante,True,0.5146251014290635,0.7085685977787921,1.1512013164645434,1.2231936992078556
RPM-2015-10-15:7097:1,4,B,dovish_vs_neutral,True,-3.159252918825354,3.2429361213635826,2.9102540210225367,0.08368320253822858
RPM-2015-10-15:7097:1,4,HD,hawkish_vs_dovish,True,-0.2737740785474043,-0.8918815230888645,-0.7545294694739682,-1.165655601636269
RPM-2015-10-15:7097:2,4,A,relevante_vs_irrelevante,False,0.5146251014290635,-4.470514001188127,-1.2963232851404753,-3.955888899759063
RPM-2015-10-15:7097:2,4,B,neutral_vs_dovish,False,3.159252918825354,-1.7619820913689628,-1.1634511412458828,1.3972708274563912
RPM-2015-10-15:7097:2,4,HD,hawkish_vs_dovish,False,-0.2737740785474043,-0.23738234005958944,-0.0676796370096018,-0.5111564186069938
RPM-2015-10-15:7097:3,4,A,relevante_vs_irrelevante,False,0.5146251014290635,-3.720247657345996,-2.72703657012486,-3.2056225559169325
RPM-2015-10-15:7097:3,4,B,neutral_vs_dovish,False,3.159252918825354,-1.8089528038982912,-1.2726346961742865,1.3503001149270628
RPM-2015-10-15:7097:3,4,HD,hawkish_vs_dovish,False,-0.2737740785474043,-0.07684794538903197,-0.06154958958091795,-0.35062202393643627
RPM-2015-10-15:7103:1,4,A,relevante_vs_irrelevante,False,0.5146251014290635,-3.635250012196601,-1.788097510090294,-3.1206249107675377
RPM-2015-10-15:7103:1,4,B,neutral_vs_dovish,False,3.159252918825354,-1.8354376115012663,-1.5004620138778213,1.3238153073240877
RPM-2015-10-15:7103:1,4,HD,hawkish_vs_dovish,False,-0.2737740785474043,-1.2489341966844714,-1.024632647307897,-1.5227082752318757
RPM-2015-10-15:7110:1,4,A,relevante_vs_irrelevante,True,0.5146251014290635,3.0061604985719463,2.7827573676171937,3.52078560000101
RPM-2015-10-15:7110:1,4,B,hawkish_vs_dovish,True,-0.2737740785474043,1.6272521220776972,1.4094510831272107,1.3534780435302929
RPM-2015-10-15:7110:1,4,HD,hawkish_vs_dovish,True,-0.2737740785474043,1.6272521220776972,1.4094510831272107,1.3534780435302929
RPM-2015-12-17:7162:1,4,A,relevante_vs_irrelevante,True,0.5146251014290635,2.158814510144723,1.6009909040801409,2.6734396115737864
RPM-2015-12-17:7162:1,4,B,neutral_vs_dovish,True,3.159252918825354,-0.37503531238710397,-0.23908561202966927,2.78421760643825
RPM-2015-12-17:7162:1,4,HD,hawkish_vs_dovish,True,-0.2737740785474043,0.2157379557882005,0.16480933249630408,-0.058036122759203834
RPM-2015-12-17:7163:1,4,A,relevante_vs_irrelevante,True,0.5146251014290635,3.534629908583873,3.1981944824949338,4.049255010012937
RPM-2015-12-17:7163:1,4,B,neutral_vs_dovish,True,3.159252918825354,-2.062989049188286,-1.90973384109513,1.0962638696370681
RPM-2015-12-17:7163:1,4,HD,hawkish_vs_dovish,True,-0.2737740785474043,-0.13027013495873613,-0.1496433066530133,-0.40404421350614045
RPM-2015-12-17:7169:1,4,A,relevante_vs_irrelevante,True,0.5146251014290635,1.7110586831134769,1.1292214247417505,2.2256837845425403
RPM-2015-12-17:7169:1,4,B,neutral_vs_dovish,True,3.159252918825354,-0.16399853702992234,-0.10992624892106463,2.995254381795432
RPM-2015-12-17:7169:1,4,HD,hawkish_vs_dovish,True,-0.2737740785474043,-0.27089115517993395,-0.19691535657022796,-0.5446652337273383
RPM-2015-12-17:7175:1,4,A,relevante_vs_irrelevante,True,0.5146251014290635,2.324905695329445,2.243271473094459,2.8395307967585084
RPM-2015-12-17:7175:1,4,B,neutral_vs_dovish,True,3.159252918825354,-0.9926514940344559,-0.8503349390698216,2.166601424790898
RPM-2015-12-17:7175:1,4,HD,hawkish_vs_dovish,True,-0.2737740785474043,-0.758383140614503,-0.6565496927619204,-1.0321572191619073
RPM-2015-12-17:7191:1,4,A,relevante_vs_irrelevante,True,0.5146251014290635,1.7015537936201692,1.2988078184483893,2.2161788950492327
RPM-2015-12-17:7191:1,4,B,neutral_vs_dovish,True,3.159252918825354,-0.0857540165456188,0.03530758911284691,3.073498902279735
RPM-2015-12-17:7191:1,4,HD,hawkish_vs_dovish,True,-0.2737740785474043,-0.26632345713688865,-0.19478923913499027,-0.540097535684293
RPM-2015-12-17:7192:1,4,A,relevante_vs_irrelevante,True,0.5146251014290635,0.6385961521034846,0.3286057631145056,1.1532212535325481
RPM-2015-12-17:7192:1,4,B,neutral_vs_dovish,True,3.159252918825354,0.07131059956483825,0.08094312682501581,3.230563518390192
RPM-2015-12-17:7192:1,4,HD,hawkish_vs_dovish,True,-0.2737740785474043,-0.13396321801473843,-0.06862177503070288,-0.40773729656214275
RPM-2015-12-17:7194:2,4,A,relevante_vs_irrelevante,True,0.5146251014290635,1.6178865269990463,1.1101434628699207,2.1325116284281096
RPM-2015-12-17:7194:2,4,B,neutral_vs_dovish,True,3.159252918825354,-0.6805311204356506,-0.527925444368304,2.4787217983897034
RPM-2015-12-17:7194:2,4,HD,hawkish_vs_dovish,True,-0.2737740785474043,-0.1911274192774065,-0.18665377247450177,-0.4649014978248108
RPM-2015-12-17:7211:2,4,A,relevante_vs_irrelevante,True,0.5146251014290635,3.4755023307578172,3.162294311440776,3.9901274321868807
RPM-2015-12-17:7211:2,4,B,dovish_vs_neutral,True,-3.159252918825354,3.2530882037971494,3.031069118968634,0.09383528497179539
RPM-2015-12-17:7211:2,4,HD,hawkish_vs_dovish,True,-0.2737740785474043,-0.6342413660792616,-0.6548123217241527,-0.908015444626666
RPM-2015-12-17:7212:1,4,A,relevante_vs_irrelevante,True,0.5146251014290635,2.9717210435757386,2.8030396358213157,3.486346145004802
RPM-2015-12-17:7212:1,4,B,dovish_vs_hawkish,True,0.2737740785474043,-0.03047416793660239,0.041393949514444126,0.24329991061080192
RPM-2015-12-17:7212:1,4,HD,hawkish_vs_dovish,True,-0.2737740785474043,0.03047416793660239,-0.04139394951444415,-0.24329991061080192
RPM-2006-02-09:587:9,5,A,relevante_vs_irrelevante,False,0.5650170511506848,-4.618653871912047,-0.6242099678623547,-4.053636820761362
RPM-2006-02-09:587:9,5,B,neutral_vs_hawkish,False,3.394496671243359,-1.9178625795007778,-0.5119049985242135,1.476634091742581
RPM-2006-02-09:587:9,5,HD,hawkish_vs_dovish,False,-0.20669665777661583,0.8191348105798306,0.36533513593812,0.6124381528032148
RPM-2006-07-13:745:6,5,A,relevante_vs_irrelevante,True,0.5650170511506848,2.0800339074488274,1.4798151302810956,2.645050958599512
RPM-2006-07-13:745:6,5,B,neutral_vs_dovish,True,3.187800013466743,-0.5969897604162506,-0.5255920939834215,2.5908102530504924
RPM-2006-07-13:745:6,5,HD,hawkish_vs_dovish,True,-0.20669665777661583,-0.05813480642552372,-0.08174576631282479,-0.26483146420213954
RPM-2006-07-13:761:1,5,A,relevante_vs_irrelevante,True,0.5650170511506848,1.7247437238545258,1.1939100081484244,2.2897607750052105
RPM-2006-07-13:761:1,5,B,neutral_vs_dovish,True,3.187800013466743,-0.8980183247598745,-0.7237680120432541,2.2897816887068685
RPM-2006-07-13:761:1,5,HD,hawkish_vs_dovish,True,-0.20669665777661583,-0.5804978983253152,-0.4700023085119208,-0.787194556101931
RPM-2007-02-08:1087:1,5,A,relevante_vs_irrelevante,True,0.5650170511506848,3.4191693908911995,3.0336011006834656,3.984186442041884
RPM-2007-02-08:1087:1,5,B,neutral_vs_dovish,True,3.187800013466743,-1.8124707503704383,-1.6673317166849575,1.3753292630963048
RPM-2007-02-08:1087:1,5,HD,hawkish_vs_dovish,True,-0.20669665777661583,-0.22937543372043917,-0.2055908500744709,-0.436072091497055
RPM-2007-02-08:1103:1,5,A,relevante_vs_irrelevante,False,0.5650170511506848,-3.715289667834528,-1.0172380532860155,-3.1502726166838433
RPM-2007-02-08:1103:1,5,B,neutral_vs_hawkish,False,3.394496671243359,-1.0599610406847142,-0.8201214436606792,2.3345356305586447
RPM-2007-02-08:1103:1,5,HD,hawkish_vs_dovish,False,-0.20669665777661583,1.0501627678293226,0.9161951180895971,0.8434661100527068
RPM-2007-12-13:1577:1,5,A,relevante_vs_irrelevante,True,0.5650170511506848,1.2987252361557386,0.9919952148592555,1.8637422873064233
RPM-2007-12-13:1577:1,5,B,neutral_vs_hawkish,True,3.394496671243359,-0.028646062094714354,-0.037608422276807316,3.3658506091486444
RPM-2007-12-13:1577:1,5,HD,hawkish_vs_dovish,True,-0.20669665777661583,0.25499018811899427,0.23562872451885633,0.04829353034237843
RPM-2007-12-13:1582:2,5,A,relevante_vs_irrelevante,True,0.5650170511506848,1.6473534888321728,1.1040492000405047,2.2123705399828575
RPM-2007-12-13:1582:2,5,B,neutral_vs_dovish,True,3.187800013466743,-0.054561597091318755,-0.014861102921146736,3.1332384163754243
RPM-2007-12-13:1582:2,5,HD,hawkish_vs_dovish,True,-0.20669665777661583,-0.3534785604308433,-0.30825751488852016,-0.5601752182074591
RPM-2007-12-13:1587:2,5,A,relevante_vs_irrelevante,True,0.5650170511506848,4.345358620118583,4.10106608876399,4.910375671269268
RPM-2007-12-13:1587:2,5,B,neutral_vs_hawkish,True,3.394496671243359,-2.349767690183204,-2.2120272726054955,1.044728981060155
RPM-2007-12-13:1587:2,5,HD,hawkish_vs_dovish,True,-0.20669665777661583,0.5138483224540357,0.5094464074325197,0.30715166467741983
RPM-2007-12-13:1590:1,5,A,relevante_vs_irrelevante,True,0.5650170511506848,2.5963020565311536,1.9658449416000772,3.1613191076818383
RPM-2007-12-13:1590:1,5,B,neutral_vs_dovish,True,3.187800013466743,-0.35146981510145336,-0.24899150290920227,2.8363301983652898
RPM-2007-12-13:1590:1,5,HD,hawkish_vs_dovish,True,-0.20669665777661583,-0.523122257723027,-0.4550252790962431,-0.7298189154996428
RPM-2007-12-13:1594:2,5,A,relevante_vs_irrelevante,True,0.5650170511506848,2.3844738928568283,1.6115584972118941,2.949490944007513
RPM-2007-12-13:1594:2,5,B,neutral_vs_dovish,True,3.187800013466743,-0.6583729900083153,-0.5612648179050372,2.5294270234584277
RPM-2007-12-13:1594:2,5,HD,hawkish_vs_dovish,True,-0.20669665777661583,-0.33839955137559985,-0.28226831956897996,-0.5450962091522157
RPM-2007-12-13:1596:1,5,A,relevante_vs_irrelevante,True,0.5650170511506848,0.6521347607236162,0.5537035734764097,1.217151811874301
RPM-2007-12-13:1596:1,5,B,neutral_vs_dovish,True,3.187800013466743,-0.5184830854694523,-0.4147303406745353,2.669316927997291
RPM-2007-12-13:1596:1,5,HD,hawkish_vs_dovish,True,-0.20669665777661583,-0.3690200498537186,-0.1364669422376006,-0.5757167076303344
RPM-2007-12-13:1608:3,5,A,relevante_vs_irrelevante,False,0.5650170511506848,-3.5701983428772004,-0.7320378349129024,-3.0051812917265157
RPM-2007-12-13:1608:3,5,B,neutral_vs_dovish,False,3.187800013466743,-0.5853844888847969,-0.2961814882741936,2.602415524581946
RPM-2007-12-13:1608:3,5,HD,hawkish_vs_dovish,False,-0.20669665777661583,-1.2892368750135357,-0.899285874663683,-1.4959335327901515
RPM-2008-05-08:1808:1,5,A,relevante_vs_irrelevante,True,0.5650170511506848,2.0901449926357953,1.533776181369632,2.65516204378648
RPM-2008-05-08:1808:1,5,B,neutral_vs_dovish,True,3.187800013466743,-0.42623302332663165,-0.40693104118364376,2.7615669901401114
RPM-2008-05-08:1808:1,5,HD,hawkish_vs_dovish,True,-0.20669665777661583,0.13142972947587428,0.06970346687658051,-0.07526692830074155
RPM-2008-05-08:1841:1,5,A,relevante_vs_irrelevante,False,0.5650170511506848,-2.6403127152479025,-0.6919637680162278,-2.0752956640972178
RPM-2008-05-08:1841:1,5,B,neutral_vs_dovish,False,3.187800013466743,-0.23507052697815745,-0.056151061195584995,2.9527294864885856
RPM-2008-05-08:1841:1,5,HD,hawkish_vs_dovish,False,-0.20669665777661583,-0.7530678750516675,-0.4669719344888014,-0.9597645328282833
RPM-2010-02-11:2911:2,5,A,relevante_vs_irrelevante,True,0.5650170511506848,-0.04078112026034683,5.551115123125783e-17,0.5242359308903379
RPM-2010-02-11:2911:2,5,B,neutral_vs_hawkish,True,3.394496671243359,0.10562900502835991,0.028525209167597265,3.5001256762717188
RPM-2010-02-11:2911:2,5,HD,hawkish_vs_dovish,True,-0.20669665777661583,0.21065176559391724,0.00985469936173311,0.0039551078173014065
RPM-2010-02-11:2918:2,5,A,relevante_vs_irrelevante,True,0.5650170511506848,1.5430861700696916,0.9179910041215703,2.1081032212203765
RPM-2010-02-11:2918:2,5,B,neutral_vs_dovish,True,3.187800013466743,-0.5207688183393682,-0.3488715791887701,2.667031195127375
RPM-2010-02-11:2918:2,5,HD,hawkish_vs_dovish,True,-0.20669665777661583,-0.24053720378680604,-0.19920401228149603,-0.4472338615634219
RPM-2010-02-11:2933:1,5,A,relevante_vs_irrelevante,True,0.5650170511506848,2.846876754754092,2.4912493644908857,3.4118938059047768
RPM-2010-02-11:2933:1,5,B,neutral_vs_dovish,True,3.187800013466743,-0.7650620555204848,-0.7730768079639176,2.422737957946258
RPM-2010-02-11:2933:1,5,HD,hawkish_vs_dovish,True,-0.20669665777661583,-0.29268637344018844,-0.28272682845742286,-0.4993830312168043
RPM-2010-02-11:2947:4,5,A,relevante_vs_irrelevante,True,0.5650170511506848,1.805445622367286,1.1487729657684347,2.3704626735179706
RPM-2010-02-11:2947:4,5,B,neutral_vs_dovish,True,3.187800013466743,-0.35692368770318944,-0.2790633482308056,2.8308763257635534
RPM-2010-02-11:2947:4,5,HD,hawkish_vs_dovish,True,-0.20669665777661583,-0.11221184356773958,-0.06252286284782371,-0.31890850134435544
RPM-2010-02-11:2957:3,5,A,relevante_vs_irrelevante,False,0.5650170511506848,-0.5777401473474955,0.25126018447538245,-0.012723096196810668
RPM-2010-02-11:2957:3,5,B,neutral_vs_dovish,False,3.187800013466743,-0.6463364830574725,-0.40919016241100614,2.5414635304092705
RPM-2010-02-11:2957:3,5,HD,hawkish_vs_dovish,False,-0.20669665777661583,-0.5183824777272771,-0.32929686837039296,-0.7250791355038929
RPM-2010-04-15:3042:1,5,A,relevante_vs_irrelevante,True,0.5650170511506848,2.301965107377341,1.5984905221168084,2.8669821585280255
RPM-2010-04-15:3042:1,5,B,neutral_vs_dovish,True,3.187800013466743,-0.007315779787643834,0.025227696049433188,3.180484233679099
RPM-2010-04-15:3042:1,5,HD,hawkish_vs_dovish,True,-0.20669665777661583,-0.6286954636684209,-0.44907471873781235,-0.8353921214450367
RPM-2010-04-15:3044:3,5,A,relevante_vs_irrelevante,True,0.5650170511506848,1.299699155879052,0.7965956848361957,1.864716207029737
RPM-2010-04-15:3044:3,5,B,neutral_vs_dovish,True,3.187800013466743,-0.6446022796358067,-0.40829816758267945,2.543197733830936
RPM-2010-04-15:3044:3,5,HD,hawkish_vs_dovish,True,-0.20669665777661583,-0.6602445879969603,-0.4553973387998399,-0.8669412457735761
RPM-2010-04-15:3051:4,5,A,relevante_vs_irrelevante,True,0.5650170511506848,2.845663969785059,2.370082927566174,3.4106810209357437
RPM-2010-04-15:3051:4,5,B,neutral_vs_dovish,True,3.187800013466743,-0.2763984403627698,-0.2525941487020026,2.9114015731039733
RPM-2010-04-15:3051:4,5,HD,hawkish_vs_dovish,True,-0.20669665777661583,0.20219292171260828,0.13290873210816417,-0.0045037360640075574
RPM-2010-10-14:3439:3,5,A,relevante_vs_irrelevante,True,0.5650170511506848,2.5649072797228736,2.3315248821783383,3.1299243308735583
RPM-2010-10-14:3439:3,5,B,neutral_vs_dovish,True,3.187800013466743,-1.5837835273493752,-1.4856950393938062,1.6040164861173678
RPM-2010-10-14:3439:3,5,HD,hawkish_vs_dovish,True,-0.20669665777661583,-0.9758034768714421,-0.8895548822458827,-1.182500134648058
RPM-2010-10-14:3467:1,5,A,relevante_vs_irrelevante,True,0.5650170511506848,1.7751159221148827,1.2893152469173474,2.3401329732655674
RPM-2010-10-14:3467:1,5,B,neutral_vs_dovish,True,3.187800013466743,-0.15297807908907182,-0.14917563628620237,3.0348219343776712
RPM-2010-10-14:3467:1,5,HD,hawkish_vs_dovish,True,-0.20669665777661583,-0.60136590976565,-0.4490126957462196,-0.8080625675422658
RPM-2010-10-14:3476:2,5,A,relevante_vs_irrelevante,True,0.5650170511506848,2.6025771849709245,2.0177304633317874,3.167594236121609
RPM-2010-10-14:3476:2,5,B,neutral_vs_dovish,True,3.187800013466743,-0.6151646535913466,-0.49068364690326083,2.572635359875396
RPM-2010-10-14:3476:2,5,HD,hawkish_vs_dovish,True,-0.20669665777661583,-0.19197913685952595,-0.09002329595379299,-0.3986757946361418
RPM-2010-10-14:3476:3,5,A,relevante_vs_irrelevante,True,0.5650170511506848,3.1396456119812357,2.7511211335720622,3.7046626631319204
RPM-2010-10-14:3476:3,5,B,neutral_vs_hawkish,True,3.394496671243359,-2.618673680762406,-2.2938578441601343,0.775822990480953
RPM-2010-10-14:3476:3,5,HD,hawkish_vs_dovish,True,-0.20669665777661583,0.832256249031842,0.6714296782054958,0.6255595912552262
RPM-2010-10-14:3493:1,5,A,relevante_vs_irrelevante,False,0.5650170511506848,-3.6565780490434654,-1.0482002922759288,-3.0915609978927807
RPM-2010-10-14:3493:1,5,B,neutral_vs_hawkish,False,3.394496671243359,-1.061622089067924,-0.814009589468423,2.332874582175435
RPM-2010-10-14:3493:1,5,HD,hawkish_vs_dovish,False,-0.20669665777661583,1.0414118664511687,0.908497526694531,0.8347152086745528
RPM-2011-11-15:4413:2,5,A,relevante_vs_irrelevante,True,0.5650170511506848,1.0903233382342599,0.2755921491558354,1.6553403893849445
RPM-2011-11-15:4413:2,5,B,neutral_vs_dovish,True,3.187800013466743,-0.4387373523314899,-0.24369946789670402,2.749062661135253
RPM-2011-11-15:4413:2,5,HD,hawkish_vs_dovish,True,-0.20669665777661583,0.055202642820631316,-0.07948238059940924,-0.15149401495598452
RPM-2011-11-15:4419:1,5,A,relevante_vs_irrelevante,True,0.5650170511506848,0.19918610235740097,0.3277140176015092,0.7642031535080858
RPM-2011-11-15:4419:1,5,B,neutral_vs_dovish,True,3.187800013466743,0.15263912557441722,0.20837315161160708,3.3404391390411603
RPM-2011-11-15:4419:1,5,HD,hawkish_vs_dovish,True,-0.20669665777661583,-0.06346500273327008,-0.03205557164532009,-0.2701616605098859
RPM-2011-11-15:4428:1,5,A,relevante_vs_irrelevante,True,0.5650170511506848,2.9276473754756362,2.5959668100528206,3.492664426626321
RPM-2011-11-15:4428:1,5,B,neutral_vs_dovish,True,3.187800013466743,-1.3938273269825212,-1.3222812895568783,1.7939726864842218
RPM-2011-11-15:4428:1,5,HD,hawkish_vs_dovish,True,-0.20669665777661583,-0.3872029401233959,-0.3503705823681748,-0.5938995979000117
RPM-2011-11-15:4433:2,5,A,relevante_vs_irrelevante,True,0.5650170511506848,2.7175064969633262,2.0876649030406504,3.282523548114011
RPM-2011-11-15:4433:2,5,B,neutral_vs_dovish,True,3.187800013466743,-0.35702167811207314,-0.32569289056872486,2.83077833535467
RPM-2011-11-15:4433:2,5,HD,hawkish_vs_dovish,True,-0.20669665777661583,0.09525335506512758,0.0844784897209427,-0.11144330271148825
RPM-2011-11-15:4434:1,5,A,relevante_vs_irrelevante,True,0.5650170511506848,1.4326366579925107,0.8542673032437822,1.9976537091431954
RPM-2011-11-15:4434:1,5,B,neutral_vs_dovish,True,3.187800013466743,-0.4712968597427265,-0.2722879455224244,2.7165031537240165
RPM-2011-11-15:4434:1,5,HD,hawkish_vs_dovish,True,-0.20669665777661583,-0.3179097005738221,-0.25702849445350034,-0.5246063583504379
RPM-2011-11-15:4444:3,5,A,relevante_vs_irrelevante,False,0.5650170511506848,-0.5817430461431683,-1.1102230246251565e-16,-0.016725994992483506
RPM-2011-11-15:4444:3,5,B,neutral_vs_dovish,False,3.187800013466743,-0.08337901891694859,-0.032926681514480874,3.1044209945497943
RPM-2011-11-15:4444:3,5,HD,hawkish_vs_dovish,False,-0.20669665777661583,-0.12097163640193256,-0.0525228901176283,-0.32766829417854837
RPM-2011-11-15:4456:2,5,A,relevante_vs_irrelevante,False,0.5650170511506848,-4.329754267295725,-1.6010258058949298,-3.7647372161450408
RPM-2011-11-15:4456:2,5,B,neutral_vs_dovish,False,3.187800013466743,0.004267644541371518,0.06962814306655396,3.1920676580081144
RPM-2011-11-15:4456:2,5,HD,hawkish_vs_dovish,False,-0.20669665777661583,-0.056009810325902645,0.056743561072004914,-0.26270646810251846
RPM-2012-05-17:4812:1,5,A,relevante_vs_irrelevante,True,0.5650170511506848,0.46747218403669655,0.17468740886502687,1.0324892351873813
RPM-2012-05-17:4812:1,5,B,neutral_vs_dovish,True,3.187800013466743,-1.0273866649491785,-0.6323731136708711,2.1604133485175643
RPM-2012-05-17:4812:1,5,HD,hawkish_vs_dovish,True,-0.20669665777661583,0.05875539982374009,-0.002216014209612073,-0.14794125795287574
RPM-2012-05-17:4825:1,5,A,relevante_vs_irrelevante,True,0.5650170511506848,3.103414963609268,2.6781206323146427,3.6684320147599525
RPM-2012-05-17:4825:1,5,B,neutral_vs_dovish,True,3.187800013466743,-0.47410173658199434,-0.4456852799121653,2.713698276884749
RPM-2012-05-17:4825:1,5,HD,hawkish_vs_dovish,True,-0.20669665777661583,-0.3092685574434768,-0.2906834714744198,-0.5159652152200926
RPM-2012-09-13:5044:1,5,A,relevante_vs_irrelevante,True,0.5650170511506848,0.3889257995889012,0.4042869448686559,0.953942850739586
RPM-2012-09-13:5044:1,5,B,neutral_vs_dovish,True,3.187800013466743,-0.5459202369224856,-0.36191268521015896,2.6418797765442577
RPM-2012-09-13:5044:1,5,HD,hawkish_vs_dovish,True,-0.20669665777661583,-0.6963404887278629,-0.4539024182920339,-0.9030371465044787
RPM-2012-09-13:5084:2,5,A,relevante_vs_irrelevante,True,0.5650170511506848,3.3648736191320414,3.0870730795111383,3.929890670282726
RPM-2012-09-13:5084:2,5,B,neutral_vs_dovish,True,3.187800013466743,-2.734098643927562,-2.6308980350077382,0.45370136953918117
RPM-2012-09-13:5084:2,5,HD,hawkish_vs_dovish,True,-0.20669665777661583,-0.5032010011787209,-0.46966436142656165,-0.7098976589553367
RPM-2014-01-16:5977:1,5,A,relevante_vs_irrelevante,True,0.5650170511506848,3.988199834076851,3.8029552751745066,4.553216885227536
RPM-2014-01-16:5977:1,5,B,neutral_vs_dovish,True,3.187800013466743,-1.4867330716640115,-1.4389503676268045,1.7010669418027315
RPM-2014-01-16:5977:1,5,HD,hawkish_vs_dovish,True,-0.20669665777661583,-0.9458726523677261,-0.9073516874346157,-1.152569310144342
RPM-2014-01-16:5987:1,5,A,relevante_vs_irrelevante,True,0.5650170511506848,3.287326092170768,2.6088829719170374,3.852343143321453
RPM-2014-01-16:5987:1,5,B,neutral_vs_hawkish,True,3.394496671243359,-2.343792206518952,-2.0160447196292033,1.050704464724407
RPM-2014-01-16:5987:1,5,HD,hawkish_vs_dovish,True,-0.20669665777661583,0.661922881951061,0.5575649250166509,0.45522622417444514
RPM-2014-01-16:5991:2,5,A,relevante_vs_irrelevante,False,0.5650170511506848,-3.597193182086705,-1.9666871826287398,-3.0321761309360205
RPM-2014-01-16:5991:2,5,B,neutral_vs_dovish,False,3.187800013466743,-1.1526911694126833,-0.7829953618095996,2.0351088440540597
RPM-2014-01-16:5991:2,5,HD,hawkish_vs_dovish,False,-0.20669665777661583,-0.6050221503424384,-0.44118578959036775,-0.8117188081190543
RPM-2014-01-16:6006:3,5,A,relevante_vs_irrelevante,True,0.5650170511506848,2.852925700502989,2.634574414014215,3.4179427516536736
RPM-2014-01-16:6006:3,5,B,dovish_vs_hawkish,True,0.20669665777661583,1.1381066886841058,1.072686746807981,1.3448033464607216
RPM-2014-01-16:6006:3,5,HD,hawkish_vs_dovish,True,-0.20669665777661583,-1.1381066886841058,-1.072686746807981,-1.3448033464607216
RPM-2014-05-15:6181:1,5,A,relevante_vs_irrelevante,False,0.5650170511506848,-3.8088851222681455,-2.8329155755899897,-3.243868071117461
RPM-2014-05-15:6181:1,5,B,neutral_vs_dovish,False,3.187800013466743,-0.757640294462085,-0.543158557342995,2.430159719004658
RPM-2014-05-15:6181:1,5,HD,hawkish_vs_dovish,False,-0.20669665777661583,-0.17296220021632142,-0.07277165251515162,-0.37965885799293725
RPM-2015-08-13:6955:1,5,A,relevante_vs_irrelevante,True,0.5650170511506848,2.605513145280929,2.1701067503806506,3.1705301964316135
RPM-2015-08-13:6955:1,5,B,neutral_vs_dovish,True,3.187800013466743,-1.4326409658194883,-1.2687628396391715,1.7551590476472547
RPM-2015-08-13:6955:1,5,HD,hawkish_vs_dovish,True,-0.20669665777661583,0.15341344157647901,0.20345644724852593,-0.05328321620013682
RPM-2015-08-13:6962:1,5,A,relevante_vs_irrelevante,False,0.5650170511506848,-3.485073836179108,-2.5193535894197767,-2.9200567850284234
RPM-2015-08-13:6962:1,5,B,neutral_vs_dovish,False,3.187800013466743,-1.6298432166910186,-1.1179855419682043,1.5579567967757244
RPM-2015-08-13:6962:1,5,HD,hawkish_vs_dovish,False,-0.20669665777661583,-0.0901447478832881,-0.030577232982617372,-0.2968414056599039
RPM-2015-08-13:6969:1,5,A,relevante_vs_irrelevante,True,0.5650170511506848,2.9864450733889116,2.641749247630872,3.5514621245395963
RPM-2015-08-13:6969:1,5,B,dovish_vs_hawkish,True,0.20669665777661583,-0.17525349707428253,-0.08180248547157296,0.0314431607023333
RPM-2015-08-13:6969:1,5,HD,hawkish_vs_dovish,True,-0.20669665777661583,0.17525349707428253,0.08180248547157294,-0.0314431607023333
RPM-2015-09-15:6980:1,5,A,relevante_vs_irrelevante,False,0.5650170511506848,-3.37902692584714,-2.490784138409729,-2.8140098746964552
RPM-2015-09-15:6980:1,5,B,neutral_vs_dovish,False,3.187800013466743,-0.8050721048830646,-0.5490364929482429,2.3827279085836786
RPM-2015-09-15:6980:1,5,HD,hawkish_vs_dovish,False,-0.20669665777661583,0.07683342809568822,0.14232606997130268,-0.12986322968092762
RPM-2015-09-15:7045:1,5,A,relevante_vs_irrelevante,True,0.5650170511506848,2.3240152743557805,2.1408120756150963,2.889032325506465
RPM-2015-09-15:7045:1,5,B,dovish_vs_hawkish,True,0.20669665777661583,0.20238816705684046,0.14260770012324656,0.4090848248334563
RPM-2015-09-15:7045:1,5,HD,hawkish_vs_dovish,True,-0.20669665777661583,-0.20238816705684046,-0.14260770012324653,-0.4090848248334563
RPM-2006-02-09:581:2,5,A,relevante_vs_irrelevante,True,0.5650170511506848,2.1615277123281604,1.6145846937571156,2.726544763478845
RPM-2006-02-09:581:2,5,B,neutral_vs_dovish,True,3.187800013466743,-0.3425317323551811,-0.27807780352857636,2.845268281111562
RPM-2006-02-09:581:2,5,HD,hawkish_vs_dovish,True,-0.20669665777661583,0.049079124625864494,-0.015656421112234815,-0.15761753315075133
RPM-2006-02-09:582:1,5,A,relevante_vs_irrelevante,True,0.5650170511506848,1.7295944417971099,1.068812486361151,2.2946114929477948
RPM-2006-02-09:582:1,5,B,neutral_vs_dovish,True,3.187800013466743,-0.11209641717355188,0.024301167120519454,3.075703596293191
RPM-2006-02-09:582:1,5,HD,hawkish_vs_dovish,True,-0.20669665777661583,-0.29815391784788636,-0.3764686256379789,-0.5048505756245022
RPM-2006-02-09:583:1,5,A,relevante_vs_irrelevante,True,0.5650170511506848,0.26291075094789057,0.9205235198398418,0.8279278020985754
RPM-2006-02-09:583:1,5,B,neutral_vs_hawkish,True,3.394496671243359,-0.1523719204855776,-0.048996739378510346,3.2421247507577813
RPM-2006-02-09:583:1,5,HD,hawkish_vs_dovish,True,-0.20669665777661583,0.276201614175876,0.2412411350555092,0.06950495639926019
RPM-2006-02-09:587:10,5,A,relevante_vs_irrelevante,False,0.5650170511506848,-2.6453399085484364,-1.5107816783020809,-2.0803228573977517
RPM-2006-02-09:587:10,5,B,neutral_vs_dovish,False,3.187800013466743,-0.8188559928125443,-0.595610978373143,2.3689440206541987
RPM-2006-02-09:587:10,5,HD,hawkish_vs_dovish,False,-0.20669665777661583,-0.2826513286145299,-0.2541684928822415,-0.48934798639114574
RPM-2006-02-09:595:1,5,A,relevante_vs_irrelevante,False,0.5650170511506848,-3.702327540852263,-0.9807642248995228,-3.137310489701578
RPM-2006-02-09:595:1,5,B,neutral_vs_hawkish,False,3.394496671243359,-1.0552309553653387,-0.820321918846045,2.33926571587802
RPM-2006-02-09:595:1,5,HD,hawkish_vs_dovish,False,-0.20669665777661583,1.0617115612138222,0.9277111636540973,0.8550149034372063
RPM-2006-07-13:745:4,5,A,relevante_vs_irrelevante,True,0.5650170511506848,3.073540295671558,2.752782825568965,3.6385573468222425
RPM-2006-07-13:745:4,5,B,neutral_vs_dovish,True,3.187800013466743,-0.9873586289094818,-0.9610472118991638,2.2004413845572612
RPM-2006-07-13:745:4,5,HD,hawkish_vs_dovish,True,-0.20669665777661583,-0.05411108212834752,-0.033409497161222934,-0.26080773990496336
RPM-2006-07-13:752:1,5,A,relevante_vs_irrelevante,True,0.5650170511506848,0.8369874916201111,0.7612457989428496,1.402004542770796
RPM-2006-07-13:752:1,5,B,neutral_vs_dovish,True,3.187800013466743,-0.6002215301305407,-0.4377397241103926,2.5875784833362023
RPM-2006-07-13:752:1,5,HD,hawkish_vs_dovish,True,-0.20669665777661583,-0.176591670302854,-0.15160661121356747,-0.38328832807946983
RPM-2006-07-13:758:1,5,A,relevante_vs_irrelevante,True,0.5650170511506848,1.8371508544539368,1.427692032970731,2.4021679056046215
RPM-2006-07-13:758:1,5,B,neutral_vs_dovish,True,3.187800013466743,-1.0274523149469326,-0.7054292401238967,2.1603476985198107
RPM-2006-07-13:758:1,5,HD,hawkish_vs_dovish,True,-0.20669665777661583,-0.09696704994043782,-0.02675435749306325,-0.30366370771705364
RPM-2006-07-13:762:2,5,A,relevante_vs_irrelevante,True,0.5650170511506848,2.344944023478435,1.877118362926924,2.90996107462912
RPM-2006-07-13:762:2,5,B,neutral_vs_dovish,True,3.187800013466743,-0.9651016565256529,-0.8730995735419833,2.2226983569410903
RPM-2006-07-13:762:2,5,HD,hawkish_vs_dovish,True,-0.20669665777661583,-0.001680052998638229,0.04884658358796883,-0.20837671077525405
RPM-2006-07-13:769:2,5,A,relevante_vs_irrelevante,True,0.5650170511506848,3.0373331139508286,2.683098738861056,3.6023501651015133
RPM-2006-07-13:769:2,5,B,neutral_vs_dovish,True,3.187800013466743,-1.67440756156825,-1.4428689951631195,1.513392451898493
RPM-2006-07-13:769:2,5,HD,hawkish_vs_dovish,True,-0.20669665777661583,-0.28386911788355995,-0.2172984532645445,-0.4905657756601758
RPM-2006-07-13:770:1,5,A,relevante_vs_irrelevante,False,0.5650170511506848,-4.736330409913023,-1.6037109328909236,-4.1713133587623386
RPM-2006-07-13:770:1,5,B,neutral_vs_hawkish,False,3.394496671243359,-0.05031738904559394,-0.05548210199238216,3.3441792821977647
RPM-2006-07-13:770:1,5,HD,hawkish_vs_dovish,False,-0.20669665777661583,0.30985753340027244,0.298087684820205,0.10316087562365661
RPM-2006-07-13:770:3,5,A,relevante_vs_irrelevante,False,0.5650170511506848,-4.64417769889439,-1.524147198079076,-4.079160647743706
RPM-2006-07-13:770:3,5,B,neutral_vs_dovish,False,3.187800013466743,-0.5638749472232706,-0.21332863354845433,2.6239250662434723
RPM-2006-07-13:770:3,5,HD,hawkish_vs_dovish,False,-0.20669665777661583,0.07832960496289436,0.15597561093362716,-0.12836705281372146
RPM-2006-07-13:772:1,5,A,relevante_vs_irrelevante,True,0.5650170511506848,2.654983561802089,2.4414327599755286,3.2200006129527736
RPM-2006-07-13:772:1,5,B,hawkish_vs_dovish,True,-0.20669665777661583,0.6118825531859328,0.522080738077337,0.40518589540931693
RPM-2006-07-13:772:1,5,HD,hawkish_vs_dovish,True,-0.20669665777661583,0.6118825531859328,0.522080738077337,0.40518589540931693
RPM-2006-07-13:774:1,5,A,relevante_vs_irrelevante,True,0.5650170511506848,3.7590297246944573,3.37765159573039,4.324046775845142
RPM-2006-07-13:774:1,5,B,hawkish_vs_dovish,True,-0.20669665777661583,0.7863383370899424,0.7179575105496503,0.5796416793133266
RPM-2006-07-13:774:1,5,HD,hawkish_vs_dovish,True,-0.20669665777661583,0.7863383370899424,0.7179575105496503,0.5796416793133266
RPM-2006-07-13:775:1,5,A,relevante_vs_irrelevante,True,0.5650170511506848,2.5242157488717387,2.3005612327669427,3.0892328000224234
RPM-2006-07-13:775:1,5,B,dovish_vs_neutral,True,-3.187800013466743,3.392991769268116,3.1490171426873026,0.20519175580137317
RPM-2006-07-13:775:1,5,HD,hawkish_vs_dovish,True,-0.20669665777661583,-0.44178905581612216,-0.4202134615463962,-0.648485713592738
RPM-2006-07-13:779:1,5,A,relevante_vs_irrelevante,True,0.5650170511506848,3.6248088246201835,3.2925424332456545,4.189825875770868
RPM-2006-07-13:779:1,5,B,hawkish_vs_dovish,True,-0.20669665777661583,1.1535868948165224,0.9502117148021971,0.9468902370399066
RPM-2006-07-13:779:1,5,HD,hawkish_vs_dovish,True,-0.20669665777661583,1.1535868948165224,0.9502117148021971,0.9468902370399066
RPM-2006-07-13:780:3,5,A,relevante_vs_irrelevante,True,0.5650170511506848,2.9444155748334815,2.7606760399955927,3.509432625984166
RPM-2006-07-13:780:3,5,B,hawkish_vs_dovish,True,-0.20669665777661583,1.2523261418929987,1.0710357037292793,1.045629484116383
RPM-2006-07-13:780:3,5,HD,hawkish_vs_dovish,True,-0.20669665777661583,1.2523261418929987,1.0710357037292793,1.045629484116383
RPM-2006-07-13:780:4,5,A,relevante_vs_irrelevante,True,0.5650170511506848,2.8526426723021165,2.593544870457821,3.4176597234528012
RPM-2006-07-13:780:4,5,B,hawkish_vs_dovish,True,-0.20669665777661583,2.644644864658166,2.484149716627219,2.43794820688155
RPM-2006-07-13:780:4,5,HD,hawkish_vs_dovish,True,-0.20669665777661583,2.644644864658166,2.484149716627219,2.43794820688155
RPM-2007-02-08:1066:1,5,A,relevante_vs_irrelevante,True,0.5650170511506848,1.8125910986426308,1.635648318648062,2.3776081497933155
RPM-2007-02-08:1066:1,5,B,neutral_vs_dovish,True,3.187800013466743,-0.4170879994001594,-0.39990638099587894,2.7707120140665835
RPM-2007-02-08:1066:1,5,HD,hawkish_vs_dovish,True,-0.20669665777661583,0.02857994372243366,0.05802657705078916,-0.17811671405418217
RPM-2007-02-08:1074:1,5,A,relevante_vs_irrelevante,True,0.5650170511506848,1.684716498414361,1.4831115816981777,2.249733549565046
RPM-2007-02-08:1074:1,5,B,neutral_vs_dovish,True,3.187800013466743,-0.9744353354713491,-0.698614388684304,2.213364677995394
RPM-2007-02-08:1074:1,5,HD,hawkish_vs_dovish,True,-0.20669665777661583,-0.3483618084228905,-0.3056986960034321,-0.5550584661995064
RPM-2007-02-08:1083:1,5,A,relevante_vs_irrelevante,True,0.5650170511506848,3.185367360119188,2.5636789264123427,3.7503844112698728
RPM-2007-02-08:1083:1,5,B,neutral_vs_dovish,True,3.187800013466743,-1.3352126794038384,-1.1758163973978455,1.8525873340629047
RPM-2007-02-08:1083:1,5,HD,hawkish_vs_dovish,True,-0.20669665777661583,-0.18829295867001133,-0.1808984823248902,-0.39498961644662717
RPM-2007-02-08:1090:4,5,A,relevante_vs_irrelevante,True,0.5650170511506848,4.3058405336848145,4.028742254634264,4.870857584835499
RPM-2007-02-08:1090:4,5,B,dovish_vs_hawkish,True,0.20669665777661583,0.01906819320187747,0.027007031985369287,0.2257648509784933
RPM-2007-02-08:1090:4,5,HD,hawkish_vs_dovish,True,-0.20669665777661583,-0.01906819320187747,-0.027007031985369308,-0.2257648509784933
RPM-2007-02-08:1102:1,5,A,relevante_vs_irrelevante,True,0.5650170511506848,2.4992917372819723,2.7565082362370026,3.064308788432657
RPM-2007-02-08:1102:1,5,B,neutral_vs_hawkish,True,3.394496671243359,-3.0699854867524463,-2.8202245520085354,0.32451118449091254
RPM-2007-02-08:1102:1,5,HD,hawkish_vs_dovish,True,-0.20669665777661583,0.6222135244292409,0.7121040787294328,0.4155168666526251
RPM-2007-03-15:1105:1,5,A,relevante_vs_irrelevante,False,0.5650170511506848,-0.8539392894257112,-0.3220082513342223,-0.2889222382750264
RPM-2007-03-15:1105:1,5,B,neutral_vs_hawkish,False,3.394496671243359,-1.9777066782984378,-1.4721156486850826,1.416789992944921
RPM-2007-03-15:1105:1,5,HD,hawkish_vs_dovish,False,-0.20669665777661583,0.3247000006758139,0.26883047703798424,0.11800334289919806
RPM-2007-03-15:1117:1,5,A,relevante_vs_irrelevante,True,0.5650170511506848,1.8157659891252549,1.4117653184020136,2.3807830402759396
RPM-2007-03-15:1117:1,5,B,neutral_vs_hawkish,True,3.394496671243359,-0.6951872839800006,-0.5777371006367562,2.6993093872633582
RPM-2007-03-15:1117:1,5,HD,hawkish_vs_dovish,True,-0.20669665777661583,0.4756085589626533,0.45766304190041823,0.26891190118603747
RPM-2007-03-15:1123:1,5,A,relevante_vs_irrelevante,True,0.5650170511506848,3.201251064342287,3.3537678679350593,3.766268115492972
RPM-2007-03-15:1123:1,5,B,neutral_vs_dovish,True,3.187800013466743,-1.949581592556349,-1.8390721224697513,1.238218420910394
RPM-2007-03-15:1123:1,5,HD,hawkish_vs_dovish,True,-0.20669665777661583,0.004109913158751588,0.01976164757935087,-0.20258674461786425
RPM-2007-03-15:1133:1,5,A,relevante_vs_irrelevante,True,0.5650170511506848,2.696406353263694,1.8310032043965314,3.2614234044143786
RPM-2007-03-15:1133:1,5,B,neutral_vs_dovish,True,3.187800013466743,-0.7058646745444092,-0.6488107079671239,2.4819353389223338
RPM-2007-03-15:1133:1,5,HD,hawkish_vs_dovish,True,-0.20669665777661583,-0.5084110103556115,-0.406983344857921,-0.7151076681322274
RPM-2007-03-15:1134:1,5,A,relevante_vs_irrelevante,True,0.5650170511506848,3.2933640516908946,2.6831404456974077,3.8583811028415793
RPM-2007-03-15:1134:1,5,B,neutral_vs_dovish,True,3.187800013466743,-1.3752645695048349,-1.2629070704699663,1.8125354439619081
RPM-2007-03-15:1134:1,5,HD,hawkish_vs_dovish,True,-0.20669665777661583,-0.7054999574037035,-0.6154667018566232,-0.9121966151803194
RPM-2007-03-15:1149:1,5,A,relevante_vs_irrelevante,True,0.5650170511506848,3.0727594133196052,2.5989008182071474,3.63777646447029
RPM-2007-03-15:1149:1,5,B,neutral_vs_dovish,True,3.187800013466743,-2.6267063015591683,-2.4071114424680995,0.5610937119075747
RPM-2007-03-15:1149:1,5,HD,hawkish_vs_dovish,True,-0.20669665777661583,0.10650616270667788,0.10452791862215464,-0.10019049506993795
RPM-2007-03-15:1156:1,5,A,relevante_vs_irrelevante,False,0.5650170511506848,-5.514599074134047,-1.2300006663639973,-4.949582022983362
RPM-2007-03-15:1156:1,5,B,neutral_vs_dovish,False,3.187800013466743,0.1703785809246582,0.12618219051969046,3.358178594391401
RPM-2007-03-15:1156:1,5,HD,hawkish_vs_dovish,False,-0.20669665777661583,-0.010621232375958585,0.1511242126980863,-0.2173178901525744
RPM-2007-03-15:1161:1,5,A,relevante_vs_irrelevante,True,0.5650170511506848,3.5839760784213315,3.337390517168996,4.148993129572016
RPM-2007-03-15:1161:1,5,B,dovish_vs_hawkish,True,0.20669665777661583,0.19733185851274831,0.15515882326933586,0.40402851628936415
RPM-2007-03-15:1161:1,5,HD,hawkish_vs_dovish,True,-0.20669665777661583,-0.19733185851274831,-0.15515882326933586,-0.40402851628936415
RPM-2007-03-15:1165:1,5,A,relevante_vs_irrelevante,True,0.5650170511506848,3.5073142887908766,3.1455748258360825,4.072331339941561
RPM-2007-03-15:1165:1,5,B,hawkish_vs_dovish,True,-0.20669665777661583,1.1193908427452155,1.1639091548231855,0.9126941849685997
RPM-2007-03-15:1165:1,5,HD,hawkish_vs_dovish,True,-0.20669665777661583,1.1193908427452155,1.1639091548231855,0.9126941849685997
RPM-2007-03-15:1167:1,5,A,relevante_vs_irrelevante,True,0.5650170511506848,2.608494702053561,2.7795187230510403,3.1735117532042456
RPM-2007-03-15:1167:1,5,B,neutral_vs_hawkish,True,3.394496671243359,-2.740194316174587,-2.5572511381935863,0.6543023550687717
RPM-2007-03-15:1167:1,5,HD,hawkish_vs_dovish,True,-0.20669665777661583,0.37694956220469034,0.36900913060929713,0.1702529044280745
RPM-2007-12-13:1596:2,5,A,relevante_vs_irrelevante,True,0.5650170511506848,2.5016079458126024,2.083611962344852,3.066624996963287
RPM-2007-12-13:1596:2,5,B,neutral_vs_dovish,True,3.187800013466743,-0.4489128732420664,-0.4137121178879539,2.7388871402246764
RPM-2007-12-13:1596:2,5,HD,hawkish_vs_dovish,True,-0.20669665777661583,-0.012027619967856562,0.017687496462621497,-0.2187242777444724
RPM-2007-12-13:1602:1,5,A,relevante_vs_irrelevante,True,0.5650170511506848,4.544614648481455,4.276239476100635,5.10963169963214
RPM-2007-12-13:1602:1,5,B,hawkish_vs_dovish,True,-0.20669665777661583,1.3475329553514235,1.2965432339458556,1.1408362975748076
RPM-2007-12-13:1602:1,5,HD,hawkish_vs_dovish,True,-0.20669665777661583,1.3475329553514235,1.2965432339458556,1.1408362975748076
RPM-2007-12-13:1607:2,5,A,relevante_vs_irrelevante,True,0.5650170511506848,2.852744004192087,2.4250701452359085,3.4177610553427717
RPM-2007-12-13:1607:2,5,B,hawkish_vs_dovish,True,-0.20669665777661583,0.4846358025392667,0.4522286478422686,0.27793914476265086
RPM-2007-12-13:1607:2,5,HD,hawkish_vs_dovish,True,-0.20669665777661583,0.4846358025392667,0.4522286478422686,0.27793914476265086
RPM-2007-12-13:1611:1,5,A,relevante_vs_irrelevante,True,0.5650170511506848,3.7513659179968633,3.4677261609419774,4.316382969147548
RPM-2007-12-13:1611:1,5,B,hawkish_vs_dovish,True,-0.20669665777661583,0.9543841072201618,0.8977668599124409,0.7476874494435459
RPM-2007-12-13:1611:1,5,HD,hawkish_vs_dovish,True,-0.20669665777661583,0.9543841072201618,0.8977668599124409,0.7476874494435459
RPM-2007-12-13:1613:1,5,A,relevante_vs_irrelevante,True,0.5650170511506848,3.608217302994025,3.473936502733184,4.17323435414471
RPM-2007-12-13:1613:1,5,B,hawkish_vs_dovish,True,-0.20669665777661583,0.8381144665788611,0.6790766807406678,0.6314178088022453
RPM-2007-12-13:1613:1,5,HD,hawkish_vs_dovish,True,-0.20669665777661583,0.8381144665788611,0.6790766807406678,0.6314178088022453
RPM-2007-12-13:1614:1,5,A,relevante_vs_irrelevante,True,0.5650170511506848,2.719973555012277,2.5476919045336577,3.2849906061629617
RPM-2007-12-13:1614:1,5,B,hawkish_vs_dovish,True,-0.20669665777661583,2.0890078185403094,1.8824355966360784,1.8823111607636935
RPM-2007-12-13:1614:1,5,HD,hawkish_vs_dovish,True,-0.20669665777661583,2.0890078185403094,1.8824355966360784,1.8823111607636935
RPM-2008-05-08:1786:1,5,A,relevante_vs_irrelevante,False,0.5650170511506848,-3.5422520758932348,-2.6215092509236415,-2.97723502474255
RPM-2008-05-08:1786:1,5,B,neutral_vs_dovish,False,3.187800013466743,-0.6917672706271185,-0.5917519684493997,2.4960327428396245
RPM-2008-05-08:1786:1,5,HD,hawkish_vs_dovish,False,-0.20669665777661583,-0.07964588508704855,0.012149133188493616,-0.2863425428636644
RPM-2008-05-08:1789:1,5,A,relevante_vs_irrelevante,True,0.5650170511506848,0.8474265876299958,0.2201430465833425,1.4124436387806805
RPM-2008-05-08:1789:1,5,B,neutral_vs_dovish,True,3.187800013466743,-0.7158976441985996,-0.4073814454145652,2.471902369268143
RPM-2008-05-08:1789:1,5,HD,hawkish_vs_dovish,True,-0.20669665777661583,-0.35403183618408957,-0.26193036273082115,-0.5607284939607053
RPM-2008-05-08:1818:4,5,A,relevante_vs_irrelevante,True,0.5650170511506848,3.4866499936836624,2.8453185454015464,4.051667044834347
RPM-2008-05-08:1818:4,5,B,neutral_vs_dovish,True,3.187800013466743,-0.6547251334693139,-0.5316838017287683,2.533074879997429
RPM-2008-05-08:1818:4,5,HD,hawkish_vs_dovish,True,-0.20669665777661583,-0.01833794495734331,-0.021417967740812605,-0.22503460273395914
RPM-2008-05-08:1828:2,5,A,relevante_vs_irrelevante,True,0.5650170511506848,1.0677190127344938,0.7543868810023853,1.6327360638851784
RPM-2008-05-08:1828:2,5,B,neutral_vs_dovish,True,3.187800013466743,-0.8112365256708279,-0.70930880972578,2.376563487795915
RPM-2008-05-08:1828:2,5,HD,hawkish_vs_dovish,True,-0.20669665777661583,-0.5005398612298207,-0.39055332477185456,-0.7072365190064366
RPM-2008-05-08:1837:1,5,A,relevante_vs_irrelevante,True,0.5650170511506848,3.277613425993927,2.7644433373087134,3.8426304771446116
RPM-2008-05-08:1837:1,5,B,neutral_vs_dovish,True,3.187800013466743,-1.674521579944258,-1.5259101280070733,1.513278433522485
RPM-2008-05-08:1837:1,5,HD,hawkish_vs_dovish,True,-0.20669665777661583,-0.1041425536763084,-0.0917156275286488,-0.31083921145292426
RPM-2008-05-08:1848:1,5,A,relevante_vs_irrelevante,True,0.5650170511506848,3.6558795444300625,3.5470781353641705,4.220896595580747
RPM-2008-05-08:1848:1,5,B,dovish_vs_hawkish,True,0.20669665777661583,0.26163337916236934,0.2665073587737986,0.4683300369389852
RPM-2008-05-08:1848:1,5,HD,hawkish_vs_dovish,True,-0.20669665777661583,-0.26163337916236934,-0.2665073587737986,-0.4683300369389852
RPM-2010-02-11:2897:1,5,A,relevante_vs_irrelevante,True,0.5650170511506848,0.6381913576753728,0.4629740645827084,1.2032084088260575
RPM-2010-02-11:2897:1,5,B,neutral_vs_dovish,True,3.187800013466743,0.20742758309779588,0.11204354438374098,3.395227596564539
RPM-2010-02-11:2897:1,5,HD,hawkish_vs_dovish,True,-0.20669665777661583,0.1677238980484153,0.1602343901427551,-0.03897275972820052
RPM-2010-02-11:2915:1,5,A,relevante_vs_irrelevante,True,0.5650170511506848,1.8297033817076092,1.3117159794335356,2.394720432858294
RPM-2010-02-11:2915:1,5,B,neutral_vs_dovish,True,3.187800013466743,-0.19149600123679864,-0.16906172273119585,2.9963040122299445
RPM-2010-02-11:2915:1,5,HD,hawkish_vs_dovish,True,-0.20669665777661583,0.12845068895226205,0.09558464089383281,-0.07824596882435378
RPM-2010-02-11:2915:4,5,A,relevante_vs_irrelevante,True,0.5650170511506848,2.8270688912528654,2.2968493454011365,3.39208594240355
RPM-2010-02-11:2915:4,5,B,neutral_vs_hawkish,True,3.394496671243359,-0.9122090891888806,-0.703732012928491,2.4822875820544783
RPM-2010-02-11:2915:4,5,HD,hawkish_vs_dovish,True,-0.20669665777661583,0.3754666889518241,0.25998984176285234,0.16877003117520828
RPM-2010-02-11:2931:3,5,A,relevante_vs_irrelevante,True,0.5650170511506848,1.1008526619575651,0.5803284679651238,1.66586971310825
RPM-2010-02-11:2931:3,5,B,neutral_vs_dovish,True,3.187800013466743,0.0022027959357458562,-0.008402448263600641,3.190002809402489
RPM-2010-02-11:2931:3,5,HD,hawkish_vs_dovish,True,-0.20669665777661583,0.027547241414348618,-0.003438785272850107,-0.17914941636226722
RPM-2010-02-11:2932:1,5,A,relevante_vs_irrelevante,True,0.5650170511506848,2.3798511089397167,1.9125896677062457,2.9448681600904014
RPM-2010-02-11:2932:1,5,B,neutral_vs_dovish,True,3.187800013466743,-0.33474846265840236,-0.25372424876227656,2.8530515508083405
RPM-2010-02-11:2932:1,5,HD,hawkish_vs_dovish,True,-0.20669665777661583,-0.24099660572824855,-0.22962271427485134,-0.4476932635048644
RPM-2010-02-11:2943:1,5,A,relevante_vs_irrelevante,True,0.5650170511506848,0.9954067327275221,0.790575085236356,1.560423783878207
RPM-2010-02-11:2943:1,5,B,neutral_vs_dovish,True,3.187800013466743,-0.4006248490900048,-0.3377653034468646,2.7871751643767384
RPM-2010-02-11:2943:1,5,HD,hawkish_vs_dovish,True,-0.20669665777661583,0.0721375492245158,0.048017216331504985,-0.13455910855210002
RPM-2010-02-11:2958:2,5,A,relevante_vs_irrelevante,False,0.5650170511506848,-4.890488776717049,-2.166460736458939,-4.325471725566365
RPM-2010-02-11:2958:2,5,B,neutral_vs_hawkish,False,3.394496671243359,-1.0066938601662858,-0.534146348316913,2.387802811077073
RPM-2010-02-11:2958:2,5,HD,hawkish_vs_dovish,False,-0.20669665777661583,0.3620503869580505,0.27457050729341714,0.15535372918143464
RPM-2010-02-11:2962:2,5,A,relevante_vs_irrelevante,False,0.5650170511506848,-3.940451460033193,-1.0407554729023807,-3.375434408882508
RPM-2010-02-11:2962:2,5,B,neutral_vs_dovish,False,3.187800013466743,-0.48270569362398863,-0.2897536328472805,2.7050943198427544
RPM-2010-02-11:2962:2,5,HD,hawkish_vs_dovish,False,-0.20669665777661583,-0.5097312811843759,-0.3745840606811467,-0.7164279389609918
RPM-2010-04-15:3063:2,5,A,relevante_vs_irrelevante,True,0.5650170511506848,4.068083047655508,3.6449945428357613,4.633100098806192
RPM-2010-04-15:3063:2,5,B,neutral_vs_hawkish,True,3.394496671243359,-0.799106759350149,-0.7296924245811358,2.5953899118932098
RPM-2010-04-15:3063:2,5,HD,hawkish_vs_dovish,True,-0.20669665777661583,0.23594234235850903,0.24886815992958944,0.029245684581893194
RPM-2010-04-15:3065:1,5,A,relevante_vs_irrelevante,True,0.5650170511506848,1.4337331380227756,1.1348395233532265,1.9987501891734603
RPM-2010-04-15:3065:1,5,B,neutral_vs_hawkish,True,3.394496671243359,-0.35931378859923857,-0.22605012134483454,3.0351828826441203
RPM-2010-04-15:3065:1,5,HD,hawkish_vs_dovish,True,-0.20669665777661583,0.3083113823099891,0.22303748254265837,0.10161472453337328
RPM-2010-04-15:3076:1,5,A,relevante_vs_irrelevante,True,0.5650170511506848,3.118401065883776,2.99227841658146,3.683418117034461
RPM-2010-04-15:3076:1,5,B,hawkish_vs_dovish,True,-0.20669665777661583,0.32652308608934566,0.3313410975632243,0.11982642831272983
RPM-2010-04-15:3076:1,5,HD,hawkish_vs_dovish,True,-0.20669665777661583,0.32652308608934566,0.3313410975632243,0.11982642831272983
RPM-2010-10-14:3434:3,5,A,relevante_vs_irrelevante,True,0.5650170511506848,0.8515061274139127,0.844431980677233,1.4165231785645975
RPM-2010-10-14:3434:3,5,B,neutral_vs_dovish,True,3.187800013466743,-0.09752683385087113,-0.013018959008176192,3.090273179615872
RPM-2010-10-14:3434:3,5,HD,hawkish_vs_dovish,True,-0.20669665777661583,0.12296857083583188,-0.05472640317237523,-0.08372808694078396
RPM-2010-10-14:3435:1,5,A,relevante_vs_irrelevante,True,0.5650170511506848,2.1283598740214877,1.8423751190002788,2.6933769251721724
RPM-2010-10-14:3435:1,5,B,neutral_vs_hawkish,True,3.394496671243359,-0.6227647212319565,-0.5351201273019298,2.7717319500114024
RPM-2010-10-14:3435:1,5,HD,hawkish_vs_dovish,True,-0.20669665777661583,0.24656736831073933,0.2603726138624991,0.0398707105341235
RPM-2010-10-14:3449:4,5,A,relevante_vs_irrelevante,True,0.5650170511506848,2.910687416595997,2.4477708191557745,3.4757044677466817
RPM-2010-10-14:3449:4,5,B,neutral_vs_dovish,True,3.187800013466743,-0.9693211957717446,-0.8823985446604901,2.2184788176949986
RPM-2010-10-14:3449:4,5,HD,hawkish_vs_dovish,True,-0.20669665777661583,0.031055581410110694,0.0386774485464732,-0.17564107636650514
RPM-2010-10-14:3476:5,5,A,relevante_vs_irrelevante,False,0.5650170511506848,-4.618653871912047,-0.6242099678623547,-4.053636820761362
RPM-2010-10-14:3476:5,5,B,neutral_vs_hawkish,False,3.394496671243359,-1.9178625795007778,-0.5119049985242135,1.476634091742581
RPM-2010-10-14:3476:5,5,HD,hawkish_vs_dovish,False,-0.20669665777661583,0.8191348105798306,0.36533513593812,0.6124381528032148
RPM-2010-10-14:3491:1,5,A,relevante_vs_irrelevante,True,0.5650170511506848,3.909856635326313,3.826764723956395,4.474873686476998
RPM-2010-10-14:3491:1,5,B,dovish_vs_hawkish,True,0.20669665777661583,-0.08632407621051505,0.05933584541480233,0.12037258156610078
RPM-2010-10-14:3491:1,5,HD,hawkish_vs_dovish,True,-0.20669665777661583,0.08632407621051505,-0.0593358454148023,-0.12037258156610078
RPM-2010-10-14:3492:1,5,A,relevante_vs_irrelevante,True,0.5650170511506848,2.9570944514225213,2.7117865508632506,3.522111502573206
RPM-2010-10-14:3492:1,5,B,hawkish_vs_dovish,True,-0.20669665777661583,1.4929890977824178,1.3048253853590803,1.286292440005802
RPM-2010-10-14:3492:1,5,HD,hawkish_vs_dovish,True,-0.20669665777661583,1.4929890977824178,1.3048253853590803,1.286292440005802
RPM-2011-09-15:4314:2,5,A,relevante_vs_irrelevante,True,0.5650170511506848,-0.11920019550850167,0.26092117526661995,0.4458168556421831
RPM-2011-09-15:4314:2,5,B,neutral_vs_dovish,True,3.187800013466743,-0.13931830824207647,-0.007179612021630366,3.0484817052246664
RPM-2011-09-15:4314:2,5,HD,hawkish_vs_dovish,True,-0.20669665777661583,-0.6500947206152256,-0.39210876881545176,-0.8567913783918414
RPM-2011-09-15:4319:1,5,A,relevante_vs_irrelevante,True,0.5650170511506848,2.4187681517941417,1.9767246053902607,2.9837852029448264
RPM-2011-09-15:4319:1,5,B,neutral_vs_dovish,True,3.187800013466743,-1.9758753628592127,-1.5781534599798581,1.2119246506075303
RPM-2011-09-15:4319:1,5,HD,hawkish_vs_dovish,True,-0.20669665777661583,-0.6366790476623582,-0.36631730545839936,-0.843375705438974
RPM-2011-09-15:4329:1,5,A,relevante_vs_irrelevante,True,0.5650170511506848,3.4034046541206826,3.1451997194621737,3.9684217052713673
RPM-2011-09-15:4329:1,5,B,dovish_vs_neutral,True,-3.187800013466743,3.6438185009529187,3.491190584067158,0.4560184874861757
RPM-2011-09-15:4329:1,5,HD,hawkish_vs_dovish,True,-0.20669665777661583,-0.5972070997662333,-0.5679751925546586,-0.8039037575428492
RPM-2011-09-15:4332:1,5,A,relevante_vs_irrelevante,True,0.5650170511506848,3.1983388710399794,2.9777273620003823,3.763355922190664
RPM-2011-09-15:4332:1,5,B,dovish_vs_hawkish,True,0.20669665777661583,0.3564976072153784,0.3425342993933546,0.5631942649919942
RPM-2011-09-15:4332:1,5,HD,hawkish_vs_dovish,True,-0.20669665777661583,-0.3564976072153784,-0.3425342993933546,-0.5631942649919942
RPM-2011-09-15:4333:1,5,A,relevante_vs_irrelevante,True,0.5650170511506848,0.7139075489852884,0.553712494042785,1.2789246001359733
RPM-2011-09-15:4333:1,5,B,dovish_vs_neutral,True,-3.187800013466743,3.461920258718665,2.9439320272636134,0.2741202452519218
RPM-2011-09-15:4333:1,5,HD,hawkish_vs_dovish,True,-0.20669665777661583,-1.500465920562181,-1.387897791331502,-1.707162578338797
RPM-2011-11-15:4410:1,5,A,relevante_vs_irrelevante,True,0.5650170511506848,-0.12359361266326781,0.1397654284537022,0.441423438487417
RPM-2011-11-15:4410:1,5,B,neutral_vs_hawkish,True,3.394496671243359,-0.41586064176959775,-0.22395813988072924,2.978636029473761
RPM-2011-11-15:4410:1,5,HD,hawkish_vs_dovish,True,-0.20669665777661583,0.26221531889186434,0.17065162683562093,0.0555186611152485
RPM-2011-11-15:4420:1,5,A,relevante_vs_irrelevante,True,0.5650170511506848,2.2700062436734663,1.8904166626357295,2.835023294824151
RPM-2011-11-15:4420:1,5,B,neutral_vs_dovish,True,3.187800013466743,-0.11135055011863276,-0.10287107386971552,3.0764494633481103
RPM-2011-11-15:4420:1,5,HD,hawkish_vs_dovish,True,-0.20669665777661583,-0.1862450850819655,-0.19857602703746696,-0.3929417428585813
RPM-2011-11-15:4433:3,5,A,relevante_vs_irrelevante,True,0.5650170511506848,2.9283855703927277,2.567681427038322,3.4934026215434124
RPM-2011-11-15:4433:3,5,B,neutral_vs_dovish,True,3.187800013466743,-0.6435562487414515,-0.597495369284536,2.544243764725292
RPM-2011-11-15:4433:3,5,HD,hawkish_vs_dovish,True,-0.20669665777661583,-0.4286726780268353,-0.42089068464533075,-0.6353693358034511
RPM-2011-11-15:4437:3,5,A,relevante_vs_irrelevante,True,0.5650170511506848,1.762565754079828,1.2647400995213065,2.327582805230513
RPM-2011-11-15:4437:3,5,B,neutral_vs_dovish,True,3.187800013466743,0.18022473680887766,0.08820946384283679,3.368024750275621
RPM-2011-11-15:4437:3,5,HD,hawkish_vs_dovish,True,-0.20669665777661583,0.0002036341878005419,-0.05046679233610218,-0.2064930235888153
RPM-2011-11-15:4438:1,5,A,relevante_vs_irrelevante,False,0.5650170511506848,-0.6583155316808618,0.0,-0.09329848053017697
RPM-2011-11-15:4438:1,5,B,neutral_vs_dovish,False,3.187800013466743,0.14473821430769268,0.07754466873828231,3.3325382277744358
RPM-2011-11-15:4438:1,5,HD,hawkish_vs_dovish,False,-0.20669665777661583,-0.01252690670351982,-0.0011004108500481669,-0.21922356448013566
RPM-2012-05-17:4793:1,5,A,relevante_vs_irrelevante,False,0.5650170511506848,-4.206338416015734,-3.2199798617287967,-3.6413213648650498
RPM-2012-05-17:4793:1,5,B,neutral_vs_dovish,False,3.187800013466743,-1.5180483452177647,-1.054214519310454,1.6697516682489784
RPM-2012-05-17:4793:1,5,HD,hawkish_vs_dovish,False,-0.20669665777661583,-0.5702107155877527,-0.3961131998040592,-0.7769073733643685
RPM-2012-05-17:4822:1,5,A,relevante_vs_irrelevante,True,0.5650170511506848,0.30542626027216985,0.22583570258849656,0.8704433114228547
RPM-2012-05-17:4822:1,5,B,neutral_vs_hawkish,True,3.394496671243359,-0.1642799421867269,-0.08795370900607262,3.230216729056632
RPM-2012-05-17:4822:1,5,HD,hawkish_vs_dovish,True,-0.20669665777661583,0.21938272196748065,0.019692322123251893,0.01268606419086482
RPM-2012-09-13:5060:1,5,A,relevante_vs_irrelevante,True,0.5650170511506848,1.0055547540090648,0.7789093344667118,1.5705718051597497
RPM-2012-09-13:5060:1,5,B,neutral_vs_dovish,True,3.187800013466743,-0.46986228200714486,-0.4144047414022672,2.7179377314595983
RPM-2012-09-13:5060:1,5,HD,hawkish_vs_dovish,True,-0.20669665777661583,-0.39520041639421666,-0.4316738225799945,-0.6018970741708325
RPM-2012-09-13:5068:1,5,A,relevante_vs_irrelevante,True,0.5650170511506848,1.9554239656871455,1.309577142551374,2.52044101683783
RPM-2012-09-13:5068:1,5,B,neutral_vs_dovish,True,3.187800013466743,-0.1703254191647584,-0.15286694987579685,3.0174745943019845
RPM-2012-09-13:5068:1,5,HD,hawkish_vs_dovish,True,-0.20669665777661583,-0.1150056255888406,-0.10419783597082641,-0.3217022833654564
RPM-2012-09-13:5075:1,5,A,relevante_vs_irrelevante,True,0.5650170511506848,2.4112386506208185,2.0514973266429797,2.9762557017715032
RPM-2012-09-13:5075:1,5,B,neutral_vs_dovish,True,3.187800013466743,-1.775648267636719,-1.6169723589444782,1.4121517458300241
RPM-2012-09-13:5075:1,5,HD,hawkish_vs_dovish,True,-0.20669665777661583,-1.1628504224484169,-1.0679880350234434,-1.3695470802250327
RPM-2012-09-13:5086:1,5,A,relevante_vs_irrelevante,False,0.5650170511506848,-4.164449078715133,-1.695219550740124,-3.5994320275644487
RPM-2012-09-13:5086:1,5,B,neutral_vs_dovish,False,3.187800013466743,-0.27452927398631133,-0.08909818774127937,2.913270739480432
RPM-2012-09-13:5086:1,5,HD,hawkish_vs_dovish,False,-0.20669665777661583,-0.8642672713748021,-0.5541809775591076,-1.070963929151418
RPM-2012-09-13:5089:1,5,A,relevante_vs_irrelevante,True,0.5650170511506848,3.5111791626676316,3.207985242882651,4.076196213818316
RPM-2012-09-13:5089:1,5,B,dovish_vs_neutral,True,-3.187800013466743,3.9355929058195827,3.7211678518747697,0.7477928923528396
RPM-2012-09-13:5089:1,5,HD,hawkish_vs_dovish,True,-0.20669665777661583,-0.5998963970354938,-0.5547426836194086,-0.8065930548121096
RPM-2014-01-16:5968:1,5,A,relevante_vs_irrelevante,True,0.5650170511506848,4.174237682876838,4.019506873294986,4.739254734027523
RPM-2014-01-16:5968:1,5,B,neutral_vs_dovish,True,3.187800013466743,-1.2183056891000432,-1.1380237563722824,1.9694943243666998
RPM-2014-01-16:5968:1,5,HD,hawkish_vs_dovish,True,-0.20669665777661583,-0.29398675415040176,-0.31703774613171354,-0.5006834119270176
RPM-2014-01-16:5971:1,5,A,relevante_vs_irrelevante,False,0.5650170511506848,-4.490974883808282,-1.7419558247737656,-3.9259578326575975
RPM-2014-01-16:5971:1,5,B,neutral_vs_dovish,False,3.187800013466743,0.2803866497280503,0.3163348211818478,3.4681866631947935
RPM-2014-01-16:5971:1,5,HD,hawkish_vs_dovish,False,-0.20669665777661583,-0.6858352698156293,-0.3481070485215111,-0.8925319275922451
RPM-2014-01-16:5972:1,5,A,relevante_vs_irrelevante,True,0.5650170511506848,2.9424104588312434,2.491975161019422,3.507427509981928
RPM-2014-01-16:5972:1,5,B,neutral_vs_dovish,True,3.187800013466743,-1.6001390595290161,-1.491797098579878,1.5876609539377269
RPM-2014-01-16:5972:1,5,HD,hawkish_vs_dovish,True,-0.20669665777661583,0.038258090945094525,0.019234749422848998,-0.1684385668315213
RPM-2014-01-16:5975:1,5,A,relevante_vs_irrelevante,True,0.5650170511506848,2.732836662876174,2.5314796164926014,3.297853714026859
RPM-2014-01-16:5975:1,5,B,neutral_vs_dovish,True,3.187800013466743,-1.3704464175509603,-1.2812535326956371,1.8173535959157827
RPM-2014-01-16:5975:1,5,HD,hawkish_vs_dovish,True,-0.20669665777661583,-0.7944538235180827,-0.7312497207424661,-1.0011504812946985
RPM-2014-01-16:5990:1,5,A,relevante_vs_irrelevante,True,0.5650170511506848,3.2147432260532254,2.840619980154832,3.77976027720391
RPM-2014-01-16:5990:1,5,B,neutral_vs_dovish,True,3.187800013466743,-1.491233342310325,-1.3699008194818285,1.696566671156418
RPM-2014-01-16:5990:1,5,HD,hawkish_vs_dovish,True,-0.20669665777661583,-0.37258844179600015,-0.3158735694840653,-0.579285099572616
RPM-2014-01-16:5999:1,5,A,relevante_vs_irrelevante,False,0.5650170511506848,-2.0948483093623818,-0.36965286243705986,-1.529831258211697
RPM-2014-01-16:5999:1,5,B,neutral_vs_dovish,False,3.187800013466743,-0.22414270715177523,-0.11300313267363767,2.9636573063149676
RPM-2014-01-16:5999:1,5,HD,hawkish_vs_dovish,False,-0.20669665777661583,-0.31341003866129186,-0.08905988479966367,-0.5201066964379077
RPM-2014-05-15:6189:1,5,A,relevante_vs_irrelevante,True,0.5650170511506848,1.9954891034799132,1.6001864004505792,2.560506154630598
RPM-2014-05-15:6189:1,5,B,neutral_vs_dovish,True,3.187800013466743,-1.1233182609714087,-1.0596222633777763,2.0644817524953343
RPM-2014-05-15:6189:1,5,HD,hawkish_vs_dovish,True,-0.20669665777661583,-0.30249439195551475,-0.24537155429815952,-0.5091910497321306
RPM-2014-05-15:6193:1,5,A,relevante_vs_irrelevante,True,0.5650170511506848,3.6489839159140853,3.311039784850263,4.21400096706477
RPM-2014-05-15:6193:1,5,B,neutral_vs_dovish,True,3.187800013466743,-1.5731519830241671,-1.50668690713538,1.6146480304425759
RPM-2014-05-15:6193:1,5,HD,hawkish_vs_dovish,True,-0.20669665777661583,-0.6755600024114303,-0.688691432691052,-0.8822566601880462
RPM-2014-05-15:6195:3,5,A,relevante_vs_irrelevante,True,0.5650170511506848,2.2797229517096484,1.826954662778967,2.844740002860333
RPM-2014-05-15:6195:3,5,B,neutral_vs_dovish,True,3.187800013466743,-0.6806462345020692,-0.6036805527707336,2.507153778964674
RPM-2014-05-15:6195:3,5,HD,hawkish_vs_dovish,True,-0.20669665777661583,-0.5653174279352172,-0.5182425124280415,-0.772014085711833
RPM-2014-05-15:6202:1,5,A,relevante_vs_irrelevante,True,0.5650170511506848,0.4633507088823983,0.4330671169796734,1.0283677600330832
RPM-2014-05-15:6202:1,5,B,neutral_vs_dovish,True,3.187800013466743,-0.22036840696189408,-0.1958980355785886,2.967431606504849
RPM-2014-05-15:6202:1,5,HD,hawkish_vs_dovish,True,-0.20669665777661583,-0.2698227954902541,-0.10069704381849637,-0.47651945326686995
RPM-2014-05-15:6207:1,5,A,relevante_vs_irrelevante,True,0.5650170511506848,0.7099879477946092,0.22357255274704052,1.275004998945294
RPM-2014-05-15:6207:1,5,B,neutral_vs_dovish,True,3.187800013466743,-0.11736422409208253,-0.038333635863705195,3.0704357893746606
RPM-2014-05-15:6207:1,5,HD,hawkish_vs_dovish,True,-0.20669665777661583,-0.016268247747032307,-0.037571886175533,-0.22296490552364814
RPM-2014-05-15:6212:1,5,A,relevante_vs_irrelevante,True,0.5650170511506848,4.060784499657991,3.611917295670359,4.625801550808676
RPM-2014-05-15:6212:1,5,B,neutral_vs_dovish,True,3.187800013466743,-1.6397180669133486,-1.538314353794901,1.5480819465533944
RPM-2014-05-15:6212:1,5,HD,hawkish_vs_dovish,True,-0.20669665777661583,-0.7023594973912325,-0.7121194237978464,-0.9090561551678483
RPM-2014-05-15:6214:1,5,A,relevante_vs_irrelevante,True,0.5650170511506848,3.1079977940563253,2.509572886974523,3.67301484520701
RPM-2014-05-15:6214:1,5,B,neutral_vs_dovish,True,3.187800013466743,-1.3102304944526844,-1.2322478096517238,1.8775695190140587
RPM-2014-05-15:6214:1,5,HD,hawkish_vs_dovish,True,-0.20669665777661583,-0.8637269465925324,-0.8402772435360516,-1.0704236043691482
RPM-2014-05-15:6218:1,5,A,relevante_vs_irrelevante,True,0.5650170511506848,2.761683652838132,2.2635995679096683,3.326700703988817
RPM-2014-05-15:6218:1,5,B,neutral_vs_dovish,True,3.187800013466743,-0.9383477796293691,-0.8286238717043037,2.249452233837374
RPM-2014-05-15:6218:1,5,HD,hawkish_vs_dovish,True,-0.20669665777661583,-0.409162369537129,-0.3875777976547393,-0.6158590273137448
RPM-2014-05-15:6220:1,5,A,relevante_vs_irrelevante,True,0.5650170511506848,0.9423602634411374,0.5249099869357701,1.5073773145918223
RPM-2014-05-15:6220:1,5,B,neutral_vs_dovish,True,3.187800013466743,0.24522233238771182,0.2944773982661622,3.4330223458544546
RPM-2014-05-15:6220:1,5,HD,hawkish_vs_dovish,True,-0.20669665777661583,0.1800725523812577,0.15222059147988456,-0.026624105395358144
RPM-2014-05-15:6221:1,5,A,relevante_vs_irrelevante,False,0.5650170511506848,-3.4807719382811446,-2.535266505378723,-2.91575488713046
RPM-2014-05-15:6221:1,5,B,neutral_vs_dovish,False,3.187800013466743,-1.4959389511237984,-0.9934534387624988,1.6918610623429446
RPM-2014-05-15:6221:1,5,HD,hawkish_vs_dovish,False,-0.20669665777661583,0.10885645697551963,0.17533954187748685,-0.0978402008010962
RPM-2014-05-15:6229:1,5,A,relevante_vs_irrelevante,False,0.5650170511506848,-4.164449078715133,-1.695219550740124,-3.5994320275644487
RPM-2014-05-15:6229:1,5,B,neutral_vs_dovish,False,3.187800013466743,-0.27452927398631133,-0.08909818774127937,2.913270739480432
RPM-2014-05-15:6229:1,5,HD,hawkish_vs_dovish,False,-0.20669665777661583,-0.8642672713748021,-0.5541809775591076,-1.070963929151418
RPM-2014-05-15:6233:1,5,A,relevante_vs_irrelevante,True,0.5650170511506848,2.0581053074812066,1.7735758210939685,2.6231223586318912
RPM-2014-05-15:6233:1,5,B,neutral_vs_dovish,True,3.187800013466743,-1.9591336695830432,-1.8063814718220477,1.2286663438836998
RPM-2014-05-15:6233:1,5,HD,hawkish_vs_dovish,True,-0.20669665777661583,-1.377539477542859,-1.3351453447671888,-1.584236135319475
RPM-2014-05-15:6234:1,5,A,relevante_vs_irrelevante,True,0.5650170511506848,4.076376626126505,3.7591870329844728,4.64139367727719
RPM-2014-05-15:6234:1,5,B,dovish_vs_hawkish,True,0.20669665777661583,0.8092706892561186,0.7604529480725811,1.0159673470327344
RPM-2014-05-15:6234:1,5,HD,hawkish_vs_dovish,True,-0.20669665777661583,-0.8092706892561186,-0.7604529480725811,-1.0159673470327344
RPM-2015-02-12:6620:1,5,A,relevante_vs_irrelevante,True,0.5650170511506848,2.506132490817317,1.9934352787072276,3.0711495419680017
RPM-2015-02-12:6620:1,5,B,neutral_vs_dovish,True,3.187800013466743,-1.7611042768686276,-1.5767204916238589,1.4266957365981154
RPM-2015-02-12:6620:1,5,HD,hawkish_vs_dovish,True,-0.20669665777661583,-0.7236952526837099,-0.6847157431199644,-0.9303919104603258
RPM-2015-02-12:6624:1,5,A,relevante_vs_irrelevante,True,0.5650170511506848,2.199901512686859,1.8688365549878996,2.7649185638375435
RPM-2015-02-12:6624:1,5,B,neutral_vs_dovish,True,3.187800013466743,-2.0138574007276975,-1.7312063568018472,1.1739426127390455
RPM-2015-02-12:6624:1,5,HD,hawkish_vs_dovish,True,-0.20669665777661583,-0.17287462399790585,-0.11445205169556263,-0.3795712817745217
RPM-2015-08-13:6921:1,5,A,relevante_vs_irrelevante,False,0.5650170511506848,-3.6883238718253946,-1.092512932444416,-3.12330682067471
RPM-2015-08-13:6921:1,5,B,neutral_vs_dovish,False,3.187800013466743,-0.329334152659428,-0.1294345493874524,2.858465860807315
RPM-2015-08-13:6921:1,5,HD,hawkish_vs_dovish,False,-0.20669665777661583,-0.8519290417719483,-0.4438234741392061,-1.0586256995485641
RPM-2015-08-13:6925:1,5,A,relevante_vs_irrelevante,True,0.5650170511506848,2.909619812940747,2.490227532418786,3.4746368640914316
RPM-2015-08-13:6925:1,5,B,neutral_vs_dovish,True,3.187800013466743,-1.8023958211674902,-1.6312602407107517,1.3854041922992528
RPM-2015-08-13:6925:1,5,HD,hawkish_vs_dovish,True,-0.20669665777661583,-0.5744328192669145,-0.5504085239539027,-0.7811294770435303
RPM-2015-08-13:6937:1,5,A,relevante_vs_irrelevante,True,0.5650170511506848,2.9898365179541257,2.4007577213812867,3.5548535691048104
RPM-2015-08-13:6937:1,5,B,neutral_vs_dovish,True,3.187800013466743,-0.8852071231775556,-0.8223756961037996,2.3025928902891875
RPM-2015-08-13:6937:1,5,HD,hawkish_vs_dovish,True,-0.20669665777661583,-0.2214344630272146,-0.18843215390113863,-0.4281311208038304
RPM-2015-08-13:6965:1,5,A,relevante_vs_irrelevante,True,0.5650170511506848,3.0112824913543017,2.682918214558803,3.5762995425049864
RPM-2015-08-13:6965:1,5,B,hawkish_vs_neutral,True,-3.394496671243359,3.434300929266477,3.1936175780656177,0.039804258023118155
RPM-2015-08-13:6965:1,5,HD,hawkish_vs_dovish,True,-0.20669665777661583,0.40687567018939974,0.33410923923372216,0.2001790124127839
RPM-2015-09-15:6990:1,5,A,relevante_vs_irrelevante,True,0.5650170511506848,1.8166432100885554,1.18008231107962,2.38166026123924
RPM-2015-09-15:6990:1,5,B,neutral_vs_dovish,True,3.187800013466743,-0.31765011110469354,-0.22110328633773574,2.8701499023620496
RPM-2015-09-15:6990:1,5,HD,hawkish_vs_dovish,True,-0.20669665777661583,-0.5376093914847203,-0.4991576935591243,-0.7443060492613361
RPM-2015-09-15:6996:1,5,A,relevante_vs_irrelevante,True,0.5650170511506848,2.122559091938631,1.6392642065049923,2.6875761430893155
RPM-2015-09-15:6996:1,5,B,neutral_vs_dovish,True,3.187800013466743,0.1305059694890576,0.20003362245065784,3.318305982955801
RPM-2015-09-15:6996:1,5,HD,hawkish_vs_dovish,True,-0.20669665777661583,0.19494064500675967,0.20520339556374084,-0.011756012769856161
RPM-2015-09-15:7003:2,5,A,relevante_vs_irrelevante,False,0.5650170511506848,-2.0535896946511505,-0.8549994282725686,-1.4885726435004658
RPM-2015-09-15:7003:2,5,B,neutral_vs_dovish,False,3.187800013466743,-0.41240980641503067,-0.21603375970429448,2.7753902070517125
RPM-2015-09-15:7003:2,5,HD,hawkish_vs_dovish,False,-0.20669665777661583,-0.8510927303418352,-0.6129659941208022,-1.057789388118451
RPM-2015-09-15:7011:1,5,A,relevante_vs_irrelevante,True,0.5650170511506848,3.1308667637091645,2.6663049054337438,3.695883814859849
RPM-2015-09-15:7011:1,5,B,neutral_vs_dovish,True,3.187800013466743,-1.4011531414286562,-1.3142577327708485,1.7866468720380868
RPM-2015-09-15:7011:1,5,HD,hawkish_vs_dovish,True,-0.20669665777661583,-0.24870760345485313,-0.23407658980662724,-0.45540426123146893
RPM-2015-09-15:7015:1,5,A,relevante_vs_irrelevante,True,0.5650170511506848,2.1232320594610377,1.5478993671702161,2.6882491106117223
RPM-2015-09-15:7015:1,5,B,neutral_vs_dovish,True,3.187800013466743,-0.3810519894102122,-0.32256250509123774,2.806748024056531
RPM-2015-09-15:7015:1,5,HD,hawkish_vs_dovish,True,-0.20669665777661583,-0.1550673190192804,-0.14837808029351207,-0.3617639767958962
RPM-2015-09-15:7021:1,5,A,relevante_vs_irrelevante,True,0.5650170511506848,3.1126919709675605,2.4697512936210657,3.677709022118245
RPM-2015-09-15:7021:1,5,B,neutral_vs_dovish,True,3.187800013466743,-0.5760338938569893,-0.48435234153788437,2.6117661196097535
RPM-2015-09-15:7021:1,5,HD,hawkish_vs_dovish,True,-0.20669665777661583,-0.05565552852584156,-0.045147439782918034,-0.2623521863024574
