orden,intervencion_id,meeting_id,fecha_reunion,actor,cargo,texto,etiqueta_v3,es_relevante_v3,confianza,cita_literal,fundamento,estado_revision_v3,incluir_evaluacion,sha256_texto,procedencia,pred_c_m1,pred_wc_m1,pred_c_m2,pred_wc_m2,pred_c_m3,pred_wc_m3,pred_c_m4,pred_wc_m4,pred_c_m5,pred_wc_m5,pred_c_89,pred_wc_600,fold,estrato_recuperacion,pred_c600_m1,pred_wc89_m1,pred_c600_m2,pred_wc89_m2,pred_c600_m3,pred_wc89_m3,pred_c600_m4,pred_wc89_m4,pred_c600_m5,pred_wc89_m5,pred_c_600,pred_wc_89,anio,longitud,banda_longitud,desacuerdo_wc600,tipo_error
2,RPM-2011-03-17:3851:1,RPM-2011-03-17,2011-03-17,Claudio Soto Gamboa,Gerente de Análisis Macroeconómico,"El Gerente de Análisis Macroeconómico señor Claudio Soto prosigue, refiriéndose a los agregados monetarios. Sobre el particular, menciona que el M1 ha tendido a reducir sus tasas de crecimiento, en línea con lo que se esperaría, dado el aumento de la TPM y la contracción del impulso monetario, mientras que las tasas de crecimiento de los agregados menos líquidos, esto es, el M2 y el M3, han ido aumentando en el margen, fundamentalmente por la recuperación de los depósitos.",hawkish,1,alta,"Sobre el particular, menciona que el M1 ha tendido a reducir sus tasas de crecimiento, en línea con lo que se esperaría, dado el aumento de la TPM y la contracción del impulso monetario, mientras que las tasas de crecimiento de los agregados menos líquidos, esto es, el M2 y el M3, han ido aumenta","La unidad describe y valida explícitamente el aumento de la TPM y la contracción del impulso monetario como el comportamiento esperado, lo que constituye respaldo a una dirección monetaria restrictiva (H). La referencia a la contracción del impulso monetario conecta directamente el diagnóstico con la orientación de tasa.",cerrado,true,d929dfe4d09e730a089b230a1e19dfd2f5eadeeaccac6f2a4355a8d5bef5af2a,IA asistida; validación humana fila por fila,neutral,neutral,neutral,neutral,neutral,neutral,neutral,neutral,neutral,neutral,neutral,neutral,1,candidato_dovish,neutral,neutral,neutral,neutral,neutral,neutral,neutral,neutral,neutral,neutral,neutral,neutral,2011,477,Q2,unánime,direccion_a_N
3,RPM-2011-03-17:3859:1,RPM-2011-03-17,2011-03-17,Claudio Soto Gamboa,Gerente de Análisis Macroeconómico,"El señor Claudio Soto hace presente que el supuesto de la Gerencia a su cargo es que sí habría espacio para generar una caída en esa tarifa por la vía de modificar las ponderaciones de los precios futuros y los precios históricos, pero ello implicaría aumentar la pendiente en adelante, esto es, implicaría una caída de la tarifa ahora, pero fuertes alzas después.",hawkish,1,media,"El señor Claudio Soto hace presente que el supuesto de la Gerencia a su cargo es que sí habría espacio para generar una caída en esa tarifa por la vía de modificar las ponderaciones de los precios futuros y los precios históricos, pero ello implicaría aumentar la pendiente en adelante, esto es, i","La unidad plantea una opción de política que implica una caída de la tarifa ahora pero fuertes alzas después, lo que introduce un sesgo futuro al alza de la tasa. Aunque menciona una caída inicial, la resolución propuesta respalda un endurecimiento posterior, alineándose con H según el Codebook v3. La ambigüedad sobre la tarifa específica y el contexto de opciones balanceadas justifica confianza media.",cerrado,true,59e9578743be34dae5b8b0975567c96a92cc1a00505b1ae189a1eb048bba7f09,IA asistida; validación humana fila por fila,neutral,neutral,neutral,neutral,neutral,neutral,neutral,neutral,neutral,neutral,neutral,neutral,1,aleatorio_contextual,neutral,neutral,neutral,neutral,neutral,neutral,neutral,neutral,neutral,neutral,neutral,neutral,2011,364,Q1_corto,unánime,direccion_a_N
10,RPM-2014-06-12:6293:1,RPM-2014-06-12,2014-06-12,Rodrigo Vergara Montes,Presidente del Banco Central,"El Presidente señor Rodrigo Vergara agradece el planteamiento efectuado por el Vicepresidente señor Enrique Marshall e inicia su intervención expresando su reconocimiento al staff por el excelente análisis que se ha presentado a consideración del Consejo. Manifiesta que en el escenario externo se aprecia una consolidación de la recuperación en el mundo avanzado, junto con un mejoramiento de las condiciones financieras internacionales que se refleja, entre otros aspectos, en bajas en premios soberanos y bancarios, el repunte de las bolsas de valores y los flujos de capital hacia economías emergentes. Plantea que la velocidad e intensidad de algunos de estos movimientos no deja de sorprender y llama a cierta cautela. En el ámbito interno, señala que el aspecto principal lo constituye que la inflación en doce meses se sitúe en 4,7%. En este sentido, indica que en el mes de mayo pasado, luego de varios meses, la inflación estuvo dentro del rango de las estimaciones, aunque en su parte superior. La dinámica inflacionaria ha sido mayor que la esperada y, si f /• bien se estima que es transitoria, evidentemente preocupa cuando, en promedio, el traspaso de la depreciación a precios parece haber sido algo superior a lo previsto y se ha extendido además a numerosos bienes y servicios. Asimismo, se espera que la inflación se mantenga por sobre 4% por varios meses para confluir a 3% el próximo año, lo que implica una postergación de la convergencia a la meta, que hasta hace un tiempo reciente se esperaba para fines de este año. Agrega que la inflación subyacente se sitúa cerca de la parte superior del rango de tolerancia, esperándose que se mantenga en ese nivel por algunos meses; y que las expectativas siguen ancladas en 3% anual en el horizonte de política. Consigna que el ritmo de crecimiento de la actividad sigue lento y que no se proyecta un repunte significativo en lo inmediato. A la conocida caída de la inversión se suma una desaceleración del consumo, en particular, el de bienes durables; y que esta desaceleración de la demanda ha implicado un mejoramiento en las cifras de cuenta corriente, cuyo déficit se estima que será significativamente menor al que se proyectaba hace algunos meses. El mercado laboral, por su parte, sigue sólido en términos de la tasa de desempleo, aunque se aprecia un menor dinamismo en el empleo asalariado, compensado por el mayor dinamismo en los empleos por cuenta propia. Añade que los salarios nominales muestran una tendencia al alza, aunque más moderada en el último dato. En el escenario expuesto, considera que las opciones que presenta la Gerencia de División de Estudios son las más razonables, aunque estima que la de mantener la TPM en su nivel actual se impone en esta oportunidad. El Presidente señor Rodrigo Vergara destaca que la TPM ya se ha disminuido en 100 puntos base desde el pasado mes de octubre y que las tasas de largo plazo se mantienen particularmente bajas. Además, los costos de financiamiento se encuentran en niveles que no se habían visto en varios años, e incluso en algunos casos se trata de mínimos históricos; las tasas de interés para los créditos hipotecarios se encuentran cerca de sus límites inferiores; los spreads en las tasas cortas son muy bajos, y existe amplia liquidez en el marcado. En su opinión, todo estos antecedentes llevan a concluir que la política monetaria más expansiva, junto a condiciones de mercado, están imprimiendo un impulso relevante a la economía. Agrega que llaman a actuar con cautela el hecho que la inflación sea superior a la esperada, que se sitúe sobre el rango meta y que se espere que se mantenga en esos niveles por varios meses, como asimismo, el riesgo de que alguna sorpresa imprevista pueda llevarnos incluso por sobre la cifra actual, En las actuales condiciones de desaceleración de la economía, considera que el riesgo inflacionario es bajo, pero no nulo, y que ello, más el impulso monetario ya en operación, hacen, en su opinión, que sea contraproducente entregar una señal de mayor relajamiento. Destaca que en materia de inflación son importantes las señales; ya que el Banco no puede arriesgarse a que las expectativas se desanclen, por lo que se debe entregar un mensaje claro al respecto. A su juicio, este es un momento importante para dar ese mensaje y es lo más apropiado que el Banco Central de Chile puede hacer para lograr un crecimiento sostenible en el largo plazo. Por el contrario, estima que una baja de la tasa rectora en esta oportunidad podría entregar una señal equívoca. Por lo demás, considera que en las actuales circunstancias, esperar un tiempo antes de seguir dando mayor estímulo monetario representa los beneficios antes mencionados y no produce grandes efectos porque, como se comentó, las condiciones de tasas de interés a los distintos plazos ya son expansivas Por los motivos antedichos, manifiesta que su voto es por mantener la Tasa de Política Monetaria en 4,0% anual y el sesgo expansivo del último Comunicado. En consecuencia, conforme a lo manifestado por los señores Consejeros, el Presidente señor Rodrigo Vergara señala que se acuerda por cuatro votos a favor y uno en contra, mantener la Tasa de Política Monetaria en 4,0% anual. Como es tradicional para el caso de producirse votos disidentes, el Presidente señor Rodrigo Vergara consulta al Consejero señor Pablo García si desea sumarse a la votación de la mayoría de los señores Consejeros",hawkish,1,alta,"estima que una baja de la tasa rectora en esta oportunidad podría entregar una señal equívoca. Por lo demás, considera que en las actuales circunstancias, esperar un tiempo antes de seguir dando mayor estímulo monetario representa los beneficios antes mencionados","La unidad, si bien concluye manteniendo la TPM en 4,0%, rechaza sustantivamente un mayor relajamiento monetario: descarta la baja de tasa por su señal equívoca, sostiene que es contraproducente entregar una señal de mayor relajamiento y aboga por esperar antes de dar mayor estímulo. Ese rechazo explícito a ampliar el impulso monetario con riesgo inflacionario configuran una dirección Hawkish según el Codebook v3.",cerrado,true,6662a4d56d054791cac1868b9be0c8aa11e22c96e31fd0483d1ede80c41bb577,IA asistida; validación humana fila por fila,dovish,dovish,dovish,dovish,dovish,dovish,dovish,dovish,dovish,dovish,dovish,dovish,1,neutral_dificil,dovish,dovish,dovish,dovish,dovish,dovish,dovish,dovish,dovish,dovish,dovish,dovish,2014,5433,Q4_largo,unánime,inversion_HD
20,RPM-2010-05-13:3113:1,RPM-2010-05-13,2010-05-13,Pablo García Silva,Gerente de División Estudios,"El señor Pablo García sostiene a continuación que en caso que se considere que los desarrollos coyunturales sí afectan la trayectoria de política monetaria, ello debería incidir principalmente en su ritmo de normalización en los trimestres venideros y, en menor medida, en el momento del inicio de este proceso. Especial mención hace a que este último sigue dependiendo más del trade-off de un inicio más pronto, pero con alzas graduales versus un inicio algo más tardío con alzas más intensas, y que sigue siendo evidente que la política monetaria es altamente expansiva y que el logro de la meta de inflación requiere comenzar a reducir su expansividad en el corto plazo. El señor García plantea también que, en general, los desarrollos internos y externos en los próximos trimestres, principalmente la marcha de la economía mundial y las características y la temporalidad del esfuerzo de reconstrucción público/privado, incidirán en la velocidad de la normalización que tome la política monetaria, pero que, dado que la TPM se ubica en su nivel mínimo en un contexto macroeconómico que es de recuperación, es muy improbable que escenarios de riesgo pudieran motivar mantener la TPM en 0,5% por varios meses más. En ese sentido, es de opinión que los flujos de información futuros permitirán calibrar mejor la magnitud del aumento de la TPM requerido en función de la meta, pero que ello no implica esperar que aporte relativamente más información sobre el momento óptimo para dar inicio a la normalización.",hawkish,1,alta,sigue siendo evidente que la política monetaria es altamente expansiva y que el logro de la meta de inflación requiere comenzar a reducir su expansividad en el corto plazo.,"La unidad sostiene explícitamente que la política monetaria es altamente expansiva y que para lograr la meta de inflación se requiere comenzar a reducir su expansividad en el corto plazo, descartando mantener la TPM en 0,5% por varios meses más y enfocándose en la normalización (alzas). Ello constituye una dirección Hawkish de retiro del impulso monetario con sesgo al alza, correspondiendo H con confianza alta.",cerrado,true,48a0753221a35f287e72d93c8a600af19f3f2fa9ea249b41d22919dffdab531d,IA asistida; validación humana fila por fila,neutral,neutral,neutral,neutral,neutral,neutral,neutral,neutral,neutral,neutral,neutral,neutral,1,candidato_dovish,neutral,neutral,neutral,neutral,neutral,neutral,neutral,neutral,neutral,neutral,neutral,neutral,2010,1509,Q2,unánime,direccion_a_N
28,RPM-2006-11-16:985:1,RPM-2006-11-16,2006-11-16,José De Gregorio Rebeco,Vicepresidente del Banco Central,"El
Vicepresidente
señor
José
De
Gregorio
señala
que
el
panorama
macroeconómico no es muy distinto al discutido en el mes pasado. En el escenario externo la
desaceleración de los Estados Unidos de América no amenaza de manera significativa el
dinamismo de la economía mundial. Por su parte, señala el señor De Gregorio que se ha consolidado una moderada
reducción del precio del petróleo, el que probablemente estará por debajo de lo previsto en el
IPoM, aunque dadas las fortalezas de la economía mundial, en especial las presiones de
demanda del petróleo que provienen de China y Asia en general, hacen improbable una caída
más significativa.
Indica que todo lo anterior, unido a un moderado aumento de los costos
laborales hace prever un escenario inflacionario donde se espera que el IPC se ubique en la
parte baja del rango meta. En todo caso, las perspectivas en materia de actividad son que ésta
crezca con algo de mayor fuerza hacia el próximo año, aunque probablemente con un
escenario de menores presiones inflacionarias que el previsto anteriormente.
Los antecedentes recopilados hasta ahora, sugieren mantener la tasa de política
monetaria, aunque a juicio del Consejero señor De Gregorio se debería revisar la estrategia
actual, así como su comunicación al mercado, la que se ha denominado como de retiro
pausado del impulso monetario.
Señala el Consejero señor José De Gregorio que a diferencia de los meses
anteriores donde hubo un recomendable sesgo al alza de la tasa de política monetaria, cree
igualmente probable que el próximo movimiento de la tasa de política monetaria, sea tanto al
alza como a la baja, tal como se ha indicado en la minuta de opciones. Asimismo, se ve como
algo no muy cercano otro movimiento de tasa, lo que ciertamente dependerá de las noticias
que se recíban en futuros cercanos.
Señala el señor De Gregorio que, sin embargo, en la
medida que las presiones inflacionarias continúen débiles, se hace más probable que haya que
reducir la tasa de interés para cumplir con nuestra meta inflacionaria.
Por otra parte, una recuperación del ritmo de crecimiento de la actividad, que
venga acompañada de aumentos de la inflación proyectada, podría renovar las razones para
subir la tasa de política monetaria. Señala que en varias ocasiones ha afirmado que lo ideal es
una política monetaria gradual, que pase de fases de alza a períodos de tranquilidad y luego de
baja. Indica que, ciertamente no se puede afirmar que pronto entraremos en una fase de baja,
sin embargo el cumplimiento de la meta podría sugerir en el futuro un aumento del impulso
monetario, con el propósito de alinear la inflación esperada con el centro del rango meta en
nuestro horizonte de política. Indica que esa es la virtud de la manera en que conducimos la
política monetaria, en la cual podemos apartarnos transitoriamente de una estrategia de
movimientos graduales y en una sola dirección de la tasa de interés a la luz de las novedades
que se van observando en el desempeño macroeconómico, en particular de las noticias de
inflación y sus perspectivas futuras.
Señala que éste no es un fenómeno inusual en otros
países que siguen metas de inflación. En este contexto se debe evitar caer en la trampa que
este tipo de movimientos, no previstos y en dirección opuesta a lo que venía ocurriendo, sean
usados como justificación para asegurar que las decisiones pasadas no fueron las más
adecuadas. Por el contrario, ellos son una señal de la flexibilidad de la política monetaria y su
capacidad de dar respuesta a fenómenos no anticipados.
El Consejero señor José De Gregorio señala que es por lo anterior que su voto
es por mantener la tasa y sugerir que se debería comunicar un sesgo neutral respecto de
futuros movimientos de tasas.",neutral,1,alta,El Consejero señor José De Gregorio señala que es por lo anterior que su voto es por mantener la tasa y sugerir que se debería comunicar un sesgo neutral respecto de futuros movimientos de tasas.,"La unidad discute explícitamente las opciones balanceadas (alza o baja igualmente probables), señala que se debe mantener la tasa y votar por una mantención comunicando un sesgo neutral respecto de futuros movimientos. Conforme al Codebook v3, la mantención sin sesgo direccional propio y las opciones balanceadas sin resolución corresponden a N.",cerrado,true,01c1143136f59c5d27e11a879c6d95c547d4886de0c244a874ced8c53c1948e9,IA asistida; validación humana fila por fila,hawkish,hawkish,hawkish,hawkish,hawkish,hawkish,hawkish,hawkish,hawkish,hawkish,hawkish,hawkish,1,aleatorio_contextual,hawkish,hawkish,hawkish,hawkish,hawkish,hawkish,hawkish,hawkish,hawkish,hawkish,hawkish,hawkish,2006,3746,Q3,unánime,N_a_direccion
32,RPM-2010-05-13:3121:1,RPM-2010-05-13,2010-05-13,Rodrigo Vergara Montes,Consejero,"El señor Rodrigo Vergara agradece el trabajo preparado por el staff del Banco y señala, en primer término, que las principales noticias del último mes tienen que ver con el aumento en la incertidumbre en el frente externo. Al respecto, plantea que la situación se ha vuelto turbulenta; que los problemas en Grecia se extendieron al resto de Europa, con fuertes caída en los precios de los activos y una depreciación del euro; que si bien países como Portugal y España fueron los más afectados, las repercusiones se trasladaron, incluso, al resto del mundo; y que luego del paquete de ayuda, coordinado por las principales economías del mundo y el FMI, que también incluyó la participación de los bancos centrales, la situación se ha calmado, pero sigue siendo frágil. En segundo término, el señor Vergara comenta que las dudas sobre la solvencia fiscal de muchos países, incluyendo algunos que no parecen tener una deuda demasiado elevada, aunque sí presentan déficits muy altos, se mantienen. Sostiene que tal es así, que hay fuertes presiones para producir ajustes fiscales, en una situación de bajo crecimiento y con perspectivas empeorando. Manifiesta que España es un ejemplo reciente de dicho ajuste fiscal y que otros países también han dado indicios que irían en esa misma dirección. El Consejero aludido hace presente que en el frente interno también ha habido noticias, mencionando que la volatilidad externa tuvo sus efectos en el país, aunque afortunadamente bastante amortiguados; que la cifra de inflación de abril estuvo en línea con lo esperado, pero que, con todo, la inflación de los dos meses post terremoto es bastante inferior a lo estimado luego del sismo y la inflación subyacente se mantiene en terreno negativo; que algo similar ocurre con el crecimiento del PIB, por cuanto mientras las primeras predicciones luego del terremoto para el crecimiento del primer trimestre se situaban en torno a 3%, más tarde se redujeron a 2%, las cifras de Imacec hacen prever un crecimiento más cercano a 1% por ciento y las proyecciones para el segundo trimestre también se han reducido. A pesar de eso, el señor Vergara destaca que cabe esperar un repunte importante en la segunda parte del año y en 2011. Por otra parte, el señor Rodrigo Vergara hace notar que la demanda interna presenta un crecimiento vigoroso y que distintos indicadores de consumo reflejan una recuperación importante, destacando que los indicadores de ventas han exhibido un fuerte dinamismo, producto, en parte, de bases de comparación muy bajas en 2009, pero también con una dinámica propia. A pesar de todas estas noticias, el Consejero señor Rodrigo Vergara considera que el grueso del análisis indica que el escenario del IPoM sigue siendo válido en cuanto a tendencias, aunque estas estén probablemente algo retrasadas respecto a dicho Informe. En cuanto al escenario externo, plantea que la incertidumbre ha aumentado. Sobre la base lo anterior, el señor Rodrigo Vergara señala que se puede sostener que el inicio del proceso de normalización de la política monetaria está muy cerca. En su opinión, y basado en los antecedentes aportados, en particular en las turbulencias externas, iniciarlo en esta Reunión es una opción inferior a mantener por ahora la actual situación. No obstante, manifiesta que dado que se le asigna una alta probabilidad a que el escenario de mediano y largo plazo planteado en el IPoM se mantenga, estima que es importante dar un mensaje claro, incluso con un sesgo explícito, que el comienzo del proceso de normalización de la política monetaria se vislumbra muy cercano. En razón de lo expuesto, el Consejero señor Rodrigo Vergara manifiesta que su voto es por mantener la TPM en su nivel actual. Continuando con la votación,",hawkish,1,alta,"estima que es importante dar un mensaje claro, incluso con un sesgo explícito, que el comienzo del proceso de normalización de la política monetaria se vislumbra muy cercano. En razón de lo expuesto, el Consejero señor Rodrigo Vergara manifiesta que su voto es por mantener la TPM en su nivel actual.","Aunque vota mantener, hace propio un sesgo explícito hacia el inicio muy cercano de la normalización. La orientación futura respaldada cuenta y corresponde H.",cerrado,true,f28a00be7a6e878988357b9bc0186957655c56900cdd18faaa7bb00bcb9f1789,IA asistida; validación humana fila por fila,neutral,neutral,neutral,neutral,neutral,neutral,neutral,neutral,neutral,neutral,neutral,neutral,1,candidato_hawkish,neutral,neutral,neutral,hawkish,neutral,neutral,neutral,neutral,neutral,hawkish,neutral,neutral,2010,3745,Q3,unánime,direccion_a_N
34,RPM-2014-03-13:6102:1,RPM-2014-03-13,2014-03-13,Matías Bernier Bórquez,Gerente de Mercados Nacionales,"El señor Matías Bernier observa que en la Minuta de Opciones no se hace referencia a la mediana. Sobre este aspecto, hace notar que las distribuciones de las encuestas hacia adelante concentran algo más de masa hacia niveles inferiores al 4%, lo que, a su juicio, es algo que debe ser monitoreado y que de seguro será abordado con un mayor desarrollo en el próximo IPoM. Desde el punto de vista de los precios e inflaciones proyectadas, indica que las expectativas de corto plazo han ido aumentando, como lo reflejan los seguros de inflación; no obstante, el mercado percibe que estas alzas son de carácter transitorio. Precisa que en doce meses, se ubican en 2,33%, algo por debajo del punto central de la meta de inflación, y que para dos años, las proyecciones de activos financieros se vuelven a mantener en 3%, confirmando, en alguna medida, el anclaje a que hacía mención el Gerente de División Operaciones Financieras señor Beltrán de Ramón. En su opinión, también hay componentes externos a considerar, en particular, China. Estima que el debate en cuanto a si las tensiones en esa economía son de orden financiero o de orden económico será abordado en el próximo Informe, y que cualquiera sea el caso, parece recomendable preparar al mercado con una reducción de la TPM y volver a esta discusión in extenso en el próximo IPoM.",dovish,1,media,"Estima que el debate en cuanto a si las tensiones en esa economía son de orden financiero o de orden económico será abordado en el próximo Informe, y que cualquiera sea el caso, parece recomendable preparar al mercado con una reducción de la TPM y volver a esta discusión in extenso en el próximo","La unidad recomienda explícitamente preparar al mercado con una reducción de la TPM, lo que constituye una recomendación de bajar la tasa de política (D) según el Codebook v3. La confianza es media por el carácter condicional y preparatorio de la recomendación, aunque la dirección dovish es clara.",cerrado,true,d4adf9c08a1bbc466c515be3e5ad5d76582efd0836897cab211fc16e3e9c948b,IA asistida; validación humana fila por fila,neutral,neutral,neutral,neutral,neutral,neutral,neutral,neutral,neutral,neutral,neutral,neutral,1,neutral_dificil,neutral,neutral,neutral,neutral,neutral,neutral,neutral,neutral,neutral,neutral,neutral,neutral,2014,1335,Q2,unánime,direccion_a_N
35,RPM-2014-06-12:6280:1,RPM-2014-06-12,2014-06-12,Luis Óscar Herrera Barriga,Gerente de División Estudios,"El señor Luis Óscar Herrera expresa que por las razones antedichas, la recomendación de la Gerencia de División Estudios es por mantener la TPM en 4,0% anual en esta oportunidad.",neutral,1,alta,"El señor Luis Óscar Herrera expresa que por las razones antedichas, la recomendación de la Gerencia de División Estudios es por mantener la TPM en 4,0% anual en esta oportunidad.","La unidad es una recomendación de mantener la TPM en 4,0% anual sin un sesgo direccional explícito asociado. Al ser una mantención sin sesgo direccional propio, corresponde N según el Codebook v3.",cerrado,true,4310962b7883034ba28a521e533ee3bbd7f854ff66e1411e037ec26039acf0d5,IA asistida; validación humana fila por fila,dovish,dovish,dovish,dovish,dovish,dovish,dovish,dovish,dovish,dovish,dovish,dovish,1,neutral_dificil,dovish,dovish,dovish,dovish,dovish,dovish,dovish,dovish,dovish,neutral,dovish,dovish,2014,178,Q1_corto,unánime,N_a_direccion
37,RPM-2013-08-13:5752:3,RPM-2013-08-13,2013-08-13,Consejo del Banco Central de Chile,Consejo,"Conforme a la votación unánime efectuada por los señores Consejeros, el Consejo adoptó el siguiente Acuerdo: N° 201-01-130813 - Tasa de Política Monetaria En su reunión mensual de política monetaria, el Consejo del Banco Central de Chile acordó mantener la Tasa de Interés de Política Monetaria en 5% anual. Al concluir la Reunión, se procede a dar lectura al texto del Comunicado, que es del siguiente tenor: Comunicado “En su reunión mensual de política monetaria, el Consejo del Banco Central de Chile acordó mantener la tasa de interés de política monetaria en 5% anual. En el ámbito externo, las condiciones financieras globales se tornaron algo más favorables durante el último mes, incluyendo menores premios por riesgo de crédito, tanto soberanos como corporativos. Las cifras de actividad mundial del segundo trimestre han sido, en general, algo menores a lo esperado, aunque las proyecciones de consenso continúan anticipando una recuperación de Estados Unidos. Las expectativas de crecimiento para las economías emergentes han continuado disminuyendo, si bien algunos antecedentes recientes para China indican una estabilización en su ritmo de expansión. Los precios de los metales, incluido el cobre, repuntaron en las últimas semanas, en tanto que los de alimentos declinaron. El dólar se depreció en los mercados internacionales. En el plano local, los antecedentes recientes muestran una desaceleración de la actividad más marcada que la de la demanda. El consumo se mantiene dinámico, aunque las encuestas de confianza anticipan un menor impulso de esta variable a futuro, en tanto la inversión se modera. La inflación total se ubicó dentro del rango de tolerancia, de acuerdo a lo previsto, mientras que las medidas subyacentes continúan en valores cercanos a 1% anual. Las expectativas inflacionarias permanecen en torno a la meta en el horizonte de política. La consolidación de las tendencias delineadas en el último IPoM podría requerir de ajustes en la Tasa de Política Monetaria en los próximos meses. El Consejo reafirma su compromiso de conducir la política monetaria con flexibilidad, de manera que la inflación proyectada se ubique en 3% en el horizonte de política. Cambios futuros en la TPM dependerán de las implicancias de las condiciones macroeconómicas internas y externas sobre las perspectivas inflacionarias.”",neutral,1,alta,"En su reunión mensual de política monetaria, el Consejo del Banco Central de Chile acordó mantener la Tasa de Interés de Política Monetaria en 5% anual.","La unidad es el Acuerdo y Comunicado oficial del Consejo que decide mantener la TPM en 5% anual. Aunque el comunicado señala que la consolidación de las tendencias podría requerir ajustes futuros, no explicita un sesgo direccional definido. Al tratarse de una mantención sin sesgo direccional propio en el fragmento citado, corresponde N.",cerrado,true,2572e5e6431fbdc2efbdbb7c297beffe026786cfe963935f480c52311cedbc8a,IA asistida; validación humana fila por fila,dovish,dovish,dovish,dovish,dovish,dovish,dovish,dovish,dovish,dovish,dovish,dovish,1,neutral_dificil,dovish,dovish,dovish,dovish,dovish,dovish,dovish,dovish,dovish,dovish,dovish,dovish,2013,2345,Q3,unánime,N_a_direccion
43,RPM-2013-09-12:5807:1,RPM-2013-09-12,2013-09-12,Enrique Marshall Rivera,Consejero,"El Consejero señor Enrique Marshall inicia su intervención agradeciendo al staff por el apoyo proporcionado para esta Reunión de Política Monetaria. Indica que el Consejo llega a esta Reunión una semana después de haber divulgado el último IPoM, y que las noticias conocidas desde entonces no son muchas y tampoco modifican sustancialmente el panorama descrito en dicho Informe. En el frente externo, los mercados financieros han mostrado una leve mejoría mientras permanecen atentos a las decisiones que puedan adoptar las autoridades monetarias en Estados Unidos de América; y en materia de crecimiento, se reafirman las perspectivas de una gradual recuperación en las economías desarrolladas junto con una desaceleración en el mundo emergente que se manifiesta con variantes apreciables entre países. En lo atinente al frente interno, menciona que los datos de actividad siguen dando cuenta de una desaceleración; sin embargo, la demanda continúa ajustándose con lentitud. En particular, el consumo sigue mostrando dinamismo, lo que se sustenta en la positiva evolución del empleo y las remuneraciones. Con todo, el ajuste a la baja en las expectativas de los hogares, la desaceleración de la inversión y el ritmo moderado al que evolucionan los créditos de consumo, permiten anticipar un ajuste del consumo en los próximos trimestres. Agrega que la inflación sigue en un proceso de normalización, en línea con expectativas de mercado en torno al 3% anual en el horizonte de política. En lo concerniente a la TPM, comenta que las expectativas de mercado han reducido levemente la magnitud de un eventual ajuste y han postergado la fecha de su materialización. El Consejero señor Enrique Marshall expresa coincidir con la minuta de la Gerencia de División Estudios en el sentido que las opciones de política plausibles son nuevamente mantener la TPM o reducirla en 25 puntos base. A su juicio, ambas opciones son coherentes con una estrategia de política que, sin señalizar el momento preciso en que ello ocurrirá, anticipa un recorte acotado en el nivel de la tasa rectora. Pensando en la decisión de esta Reunión y en la orientación de la política para los próximos meses, considera que son varios los elementos que es necesario ponderar. Plantea que una primera consideración es si las señales de desaceleración son o no suficientes para justificar un recorte. En su opinión, tales señales existen, pero parece recomendable o prudente esperar hasta que se consoliden. Un segundo punto, muy relacionado con el anterior, se refiere al nivel de la tasa. Si bien la TPM se ubica en un rango de valores que se puede considerar como normal para Chile, es enorme el diferencial que presenta respecto del resto del mundo y particularmente de los países desarrollados, con todas las implicancias que tiene para la conducción de la política monetaria. A su juicio, ello sugiere que existe espacio para un recorte y que no va a cambiar esta situación en los próximos meses. Manifiesta que un tercer elemento lo constituye la magnitud del ajuste que se proyecta realizar. En efecto, cuando se plantea un recorte muy acotado, surge una inquietud, que le parece legítima, en orden a si no es mejor privilegiar la estabilidad. En su opinión, el Consejo no está enfrentado a una disyuntiva de este tipo en la presente coyuntura. Indica que un cuarto punto se refiere a los efectos de un recorte. Estima que en estas circunstancias, un ajuste acotado como se ha planteado, puede inducir cambios en la composición de la demanda que faciliten el necesario ajuste interno de la economía, mientras que postergar indefinidamente una decisión favorece el retorno a un escenario con un peso más apreciado, baja inflación y un consumo que modera su crecimiento muy lentamente, con todas las complejidades que ello conlleva. Expresa que una consideración adicional relevante para esta Reunión es que el mercado espera que se mantenga la tasa rectora. Si bien ello no debe ser tomado en sí como una limitación o una restricción absoluta, considera que en estas circunstancias, una acción sorpresiva no sería fácil de absorber por el mercado. En suma, estima que la opción de mantener la Tasa de Política Monetaria y esperar un tiempo adicional antes de adoptar una decisión surge con mayor claridad, sobre todo si no se advierte la existencia de alguna situación contraria en este sentido.",neutral,1,media,"estima que la opción de mantener la Tasa de Política Monetaria y esperar un tiempo adicional antes de adoptar una decisión surge con mayor claridad, sobre todo si no se advierte la existencia de alguna situación contraria en este sentido.","La unidad pondera opciones balanceadas (mantener la TPM o reducirla en 25 puntos base), reconoce espacio para un recorte futuro pero recomienda esperar, inclinándose por la mantención sin adoptar un sesgo direccional resuelto. Conforme al Codebook v3, las opciones balanceadas sin resolución y la mantención sin sesgo direccional propio corresponden a N.",cerrado,true,89477dece326601c7ac9079901369979687fdf9be4407a2b332c5018f62e7aee,IA asistida; validación humana fila por fila,dovish,dovish,dovish,dovish,dovish,dovish,dovish,dovish,dovish,dovish,dovish,dovish,1,candidato_dovish,dovish,dovish,dovish,dovish,dovish,dovish,dovish,dovish,dovish,dovish,dovish,dovish,2013,4367,Q3,unánime,N_a_direccion
45,RPM-2009-11-12:2799:1,RPM-2009-11-12,2009-11-12,Jorge Desormeaux Jiménez,Vicepresidente del Banco Central,"el Vicepresidente, señor Jorge Desormeaux, señala que antes de iniciar la lectura de su voto en su última Reunión de Política Monetaria, desea agradecer a la Gerencia de División Estudios por su invaluable apoyo a lo largo de su período como Consejero del Banco Central de Chile. Agrega que el brillo y prestigio que ha alcanzado esta Institución descansa, en gran medida, en el alto nivel técnico de su staff, por lo que le expresa su más sincero agradecimiento por el valioso apoyo entregado. El señor Jorge Desormeaux comienza a dar lectura de su voto, mencionando que desde la última Reunión de Política Monetaria se han producido algunos desarrollos relevantes para la decisión de hoy, tanto en el plano interno como externo. Indica que en el plano externo, las proyecciones de crecimiento muestran un leve ajuste al alza tanto para el año 2009 como para el año 2010, pero que, sin embargo, para el año 2011 las proyecciones de crecimiento de los EE.UU. y de los socios comerciales de Chile han experimentado una corrección a la baja. Ello es un reflejo esencialmente de la negativa evolución que ha experimentado el mercado laboral en los EE.UU., lo que podría comprometer la recuperación de la demanda interna cuando se inicie el retiro del estímulo fiscal. En el plano financiero, en tanto, señala que se observa un progresivo retorno a la normalidad, con una reducción de las primas de riesgo y los premios soberanos. Los precios de los commodities, por su parte, han vuelto a experimentar un alza, lo cual puede ser, en buena medida, un reflejo de la depreciación multilateral que ha experimentado el dólar de EE.UU. Refiriéndose al plano interno, el señor Vicepresidente destaca que el Imacec de septiembre mostró, por primera vez desde mayo pasado, un retroceso en términos de niveles desestacionalizados, sumándose a ello una revisión a la baja en las proyecciones de crecimiento del tercer trimestre. Hace presente que esta última revisión responde, en buena medida, a la información del catastro de la Corporación de Bienes de Capital para el sector construcción, que contempla mayores inversiones para el período 2009-2012, pero con una menor ejecución en el segundo semestre de 2009, debido a la postergación de algunos proyectos, agregando que los sectores de recursos naturales también contribuyen a este resultado. Pese al menor crecimiento previsto para el tercer trimestre, el señor Jorge Desormeaux manifiesta que la proyección de crecimiento para el año 2009 ha vuelto a los valores del IPoM de septiembre. Expresa que si bien estas noticias en el plano de la actividad apuntan a un cierre más lento de holguras de capacidad en el segundo semestre, nada asegura que el cierre a lo largo de todo el horizonte de política de 24 meses sea más lento. Para dilucidar esta cuestión, estima que será muy importante la información que surgirá de la elaboración del IPoM de diciembre. En el plano de la inflación, el Vicepresidente, señor Desormeaux, plantea que los datos más recientes no han aportado sorpresas. Sin embargo, sostiene que la inflación futura contempla un mayor precio de los combustibles en dólares, y un tipo de cambio más apreciado, con efectos contrapuestos. Sin embargo, menciona que los ejercicios de la Gerencia de División Estudios sugieren que, al menos en un horizonte de seis meses, la inflación proyectada será 4 décimas más elevada que lo previsto en el IPoM. El impacto final de estos factores sobre los precios dependerá, a su juicio, de la magnitud y persistencia de la apreciación cambiaria. El señor Jorge Desormeaux señala que la evolución del tipo de cambio en el corto plazo ha evidenciado una apreciación superior a la de otras economías emergentes, lo que puede estar compensando la depreciación que experimentó nuestra moneda en el tercer trimestre, en respuesta a la salida de inversionistas institucionales y operaciones de carry trade. Los mercados financieros, continúa, siguen proyectando una trayectoria de la TPM que se encuentra por encima de la trayectoria implícita para esta tasa en el escenario base del IPoM. Hace presente que esta situación no se extiende a las proyecciones de la Encuesta de Expectativas Económicas, lo que sugiere que ello podría responder a premios por riesgo asociados a la posibilidad de un retiro anticipado de la facilidad de liquidez a plazo que está vigente desde julio pasado. En suma, el señor Vicepresidente menciona que las noticias más recientes apuntan a un cuadro con un cierre de holguras algo más lento que el previsto en el IPoM de septiembre, y una trayectoria inflacionaria marginalmente más elevada que la contemplada en dicho Informe, debido a los efectos contrapuestos de un mayor precio de los combustibles y un tipo de cambio más apreciado. Considerando todos estos antecedentes, el señor Desormeaux manifiesta concordar con la Gerencia de División Estudios que ellos no son suficientes para alterar el escenario central de este Informe, en el sentido de mantener un estímulo monetario prolongado e iniciar la normalización de la política monetaria en el segundo trimestre del año 2010. Sostiene que esta consideración, unida a la constatación de que los precios de los activos financieros parecieran incorporar premios por riesgo asociados a la posibilidad de un retiro anticipado de la FLAP a 180 días, apuntan a la necesidad de reducir la incertidumbre en este plano. En consecuencia, y partiendo de la base que el escenario central del IPoM de septiembre sigue siendo válido, el señor Jorge Desormeaux se inclina por acompañar la decisión de mantener la TPM inalterada en su nivel actual de 0,50%, de un Comunicado que entregue claridad sobre la forma en que se retirarán las medidas complementarias de política, en particular la FLAP a 180 días. Al respecto, declara que no cree que sea conveniente esperar 30 días adicionales para anunciar esta decisión, porque ello significaría renunciar al beneficio de una reducción más temprana de los premios por riesgo ya señalados. Por tanto, el señor Desormeaux señala que su preferencia es por anunciar que, a partir del mes de diciembre, se reducirá el plazo de la facilidad de liquidez a plazo desde un máximo de 180 días a 150 días, y que en los meses sucesivos ella se reducirá en 30 días adicionales, hasta extinguirse en el mes de mayo. Agrega que, por cierto, la FLAP a 90 días deberá reducirse en el futuro en forma coherente con la FLAP a 180 días, de modo de lograr una convergencia al plazo habitual de la política monetaria a mediados del mes de mayo. Para concluir, el señor Vicepresidente manifiesta que esta decisión puede ser acompañada en el Comunicado de una señal en el sentido de que en caso de producirse desviaciones en la trayectoria de la inflación proyectada, el Banco Central tomará las medidas que resulten necesarias para asegurar la convergencia de la inflación a la meta en el horizonte de política.",neutral,1,alta,"el señor Jorge Desormeaux se inclina por acompañar la decisión de mantener la TPM inalterada en su nivel actual de 0,50%, de un Comunicado que entregue claridad sobre la forma en que se retirarán las medidas complementarias de política, en particular la FLAP a 180 días.","La unidad contiene agradecimientos formales y un extenso diagnóstico macroeconómico, concluyendo con la inclinación por mantener la TPM inalterada en 0,50% y por entregar claridad sobre el retiro gradual de las medidas complementarias (FLAP), manteniendo un estímulo monetario prolongado e iniciando la normalización en el segundo trimestre de 2010. La acción inmediata es mantención sin sesgo direccional resuelto en el fragmento decisivo, por lo que corresponde N según el Codebook v3.",cerrado,true,802a5c18c973840b2e687e69c1628c0af19b1031c79c21f6587ca70e571c2e22,IA asistida; validación humana fila por fila,hawkish,dovish,hawkish,hawkish,hawkish,dovish,hawkish,dovish,hawkish,dovish,hawkish,dovish,1,candidato_hawkish,hawkish,dovish,hawkish,hawkish,hawkish,hawkish,dovish,dovish,hawkish,dovish,hawkish,dovish,2009,6891,Q4_largo,con_desacuerdo,N_a_direccion
52,RPM-2006-06-15:738:1,RPM-2006-06-15,2006-06-15,Jorge Desormeaux Jiménez,Consejero,"El Consejero señor Jorge Desormeaux, agradece el completo y esclarecedor
informe de la Gerencia de División Estudios, con el cual coincide, de modo que alguno de sus
argumentos se parecen.
Señala el Consejero señor Desormeaux que tal como se ha destacado
previamente, en las últimas semanas se ha tenido un panorama macroeconómico con muchas
novedades, pero con efectos contrapuestos sobre la trayectoria de la inflación futura.
Destaca el señor Consejero que, en el plano externo la mayor volatilidad
financiera se ha traducido en ajuste de los precios de los activos financieros del mundo
emergente, que hasta ahora se encuadra dentro de nuestro escenario central de proyecciones,
pero es indudable que el riesgo de una desaceleración de la economía mundial ha aumentado.
En el plano interno estima que la actividad evidenció una desaceleración
superior a la proyectada en el mes de abril y la información disponible sugiere que este
resultado sería circunstancial, pero el riesgo de un menor crecimiento de corto plazo también
ha aumentado.
En la misma dirección, la demanda interna muestra una desaceleración gradual
tal como estaba previsto, pero la inversión se desacelera más rápido de lo anticipado. También
señala que se encuentra en esta dirección la menor expansividad de las condiciones financieras, como resultado del aumento que han experimentado las tasas de interés de largo
plazo. Sin embargo, la depreciación que ha experimentado el tipo de cambio en respuesta a
este escenario de mayor volatilidad financiera internacional lo ubica casi 5% por encima de
nuestro escenario central de proyecciones, lo cual apunta en la dirección opuesta.
Hace presente que el alcance de estos efectos contrapuestos parece ser
levemente inflacionario en el corto plazo, pero ello podría cambiar si el shock externo resulta
más severo y contractivo de lo previsto o si la desaceleración de la actividad interna resulta
más duradera.
En suma, cree que el efecto conjunto de estos desarrollos es aún incierto y que
ello se da en un contexto en que la inflación se encuentra dentro de la trayectoria esperada, la
tendencia inflacionaria se ubica transitoriamente algo por debajo de lo previsto y las
expectativas de inflación se mantienen firmemente ancladas.
Finalmente, el Consejero señor Desormeaux indica que la estrategia de
reducción gradual del impulso monetario, que es coherente con nuestro escenario central,
admite pausas periódicas y también pausas consecutivas.
Agrega el señor Consejero que
coincide con la recomendación de la Gerencia de División Estudios en el sentido de que el
valor de la opción de esperar es muy alto en esta ocasión. Esto permitirá ganar tiempo para
observar la evolución de estos desarrollos y su impacto sobre la inflación futura.
Con ello,
asimismo, el Banco Central tendrá mayor libertad para modificar su estrategia de ajuste gradual
en cualquier dirección, si los acontecimientos así lo ameritan.
En consecuencia, señala que vota, por mantener la tasa de política monetaria en
5%.",neutral,1,alta,"la estrategia de reducción gradual del impulso monetario, que es coherente con nuestro escenario central, admite pausas periódicas y también pausas consecutivas. Agrega el señor Consejero que coincide con la recomendación de la Gerencia de División Estudios en el sentido de que el valor de la opc","La unidad, aunque reconoce la estrategia de reducción gradual del impulso monetario (sesgo hacia el retiro), recomienda mantener la tasa y valorar la opción de esperar ante efectos contrapuestos e inciertos, culminando con un voto por mantener la TPM en 5%. Al ser una mantención sin sesgo direccional resuelto en la acción, corresponde N según el Codebook v3.",cerrado,true,777abdb1bccd82708b2e4c574f753a415c71ae626dee24d8f3842a5d45bc2be4,IA asistida; validación humana fila por fila,hawkish,hawkish,hawkish,hawkish,hawkish,hawkish,hawkish,hawkish,hawkish,hawkish,hawkish,hawkish,1,neutral_dificil,hawkish,hawkish,hawkish,hawkish,hawkish,hawkish,hawkish,hawkish,hawkish,hawkish,hawkish,hawkish,2006,3019,Q3,unánime,N_a_direccion
86,RPM-2014-06-12:6279:1,RPM-2014-06-12,2014-06-12,Luis Óscar Herrera Barriga,Gerente de División Estudios,"El señor Luis Óscar Herrera manifiesta que los antecedentes antedichos llevan a proponer a título de opciones relevantes en esta ocasión, mantener la Tasa de Política Monetaria en 4,0% anual o rebajarla en 25 puntos base, a 3,75% anual, en razón de los fundamentos que pasa a expresar. Plantea que el panorama internacional descrito no presenta grandes cambios, salvo por la continuación de las mejoras en las condiciones financieras globales, y que se mantiene la preocupación por el crecimiento económico y la vulnerabilidad del sistema financiero en China. Expresa que en Chile la actividad resto y la demanda final se han expandido a un ritmo algo inferior al anticipado en el último IPoM, lo que ha llevado a corregir a la baja las proyecciones de crecimiento para el año en curso. Hace presente que este ritmo de expansión, inferior a las estimaciones de crecimiento potencial, implica un menor uso de la capacidad instalada, lo que a mediano plazo debería reducir las presiones inflacionarias internas, así como también permitir una moderación relevante del déficit de la cuenta corriente que se espera para este año. Sin embargo, advierte que es imprecisa la estimación de estas holguras disponibles, al igual que el crecimiento potencial. Agrega que la caída observada recientemente en la inversión y la tendencia reciente de la PTF podrían llevar a revisar a la baja las estimaciones de PIB potencial. Aclara, en todo caso, que ello no modifica el diagnóstico en orden a que la economía en el margen estaría acumulando holguras. En materia de inflación, señala que el registro del mes de mayo se comportó de acuerdo con lo esperado y que las expectativas de corto plazo se han corregido a la baja. Puntualiza que esta situación contrasta con la del trimestre previo, en que se observaron sorpresas que, en lo principal, respondieron a los efectos directos e indirectos de la depreciación del peso; y que, al mismo tiempo, aquellos rubros más directamente vinculados a la evolución de las remuneraciones continúan mostrando un comportamiento inercial y la tasa de variación de los salarios nominales ha presentado algún repunte en los últimos meses. En conjunto, las sorpresas acumuladas en el trimestre previo han llevado a corregir al alza las proyecciones de inflación anual; sin perjuicio de lo cual señala que las expectativas de corto plazo se han reducido a la baja, mientras que a plazos superiores no se observan cambios relevantes. En lo referente a la opción de mantener la TPM, manifiesta que dicha alternativa permitiría acumular en esta oportunidad mayores antecedentes sobre la persistencia o transitoriedad de las sorpresas inflacionarias observadas recientemente; y aunque se estima, en el escenario más probable, que el repunte de la inflación por sobre un 4% anual será un fenómeno transitorio, la sucesión de sorpresas observadas en los meses anteriores amerita algún grado de cautela en esta materia. En cuanto a los aspectos tácticos, indica que la decisión de mantener la TPM coincide con la expectativa mayoritaria de mercado, razón por la que no debería afectar la curva de tasas de interés en la medida que también se mantenga el sesgo a la baja de la política monetaria. Por su parte, la alternativa de recortar la TPM en 25 puntos base es coherente con la expectativa de que continuarán acumulándose holguras de capacidad en la economía, lo que a mediano plazo debería reducir las presiones inflacionarias. En su opinión, este escenario probablemente requerirá un impulso monetario adicional para asegurar que la inflación permanezca en torno a la meta. En cuanto a los aspectos tácticos, manifiesta que una reducción de la TPM en esta oportunidad, sería sorpresiva para el mercado, aunque sí se enmarca dentro de la trayectoria de reducción prevista para la TPM en las encuestas y por los precios financieros.",neutral,1,alta,"El señor Luis Óscar Herrera manifiesta que los antecedentes antedichos llevan a proponer a título de opciones relevantes en esta ocasión, mantener la Tasa de Política Monetaria en 4,0% anual o rebajarla en 25 puntos base, a 3,75% anual, en razón de los fundamentos que pasa a expresar.","La unidad presenta opciones balanceadas (mantener la TPM en 4,0% o rebajarla en 25 puntos base) con argumentos y consideraciones tácticas en ambos sentidos, sin resolver direccionalmente a favor de una de ellas. Conforme al Codebook v3, las opciones balanceadas sin resolución corresponden a N.",cerrado,true,3c9ab2daf9d76086a1dd8399fd86a7c587d4d6a713511aa425035e0dc58b3762,IA asistida; validación humana fila por fila,dovish,dovish,dovish,dovish,dovish,dovish,dovish,dovish,dovish,dovish,dovish,dovish,1,candidato_dovish,dovish,dovish,dovish,dovish,dovish,dovish,dovish,dovish,dovish,dovish,dovish,dovish,2014,3847,Q3,unánime,N_a_direccion
88,RPM-2006-06-15:736:1,RPM-2006-06-15,2006-06-15,Enrique Marshall Rivera,Consejero,"El Consejero señor Enrique Marshall agradece al staff el material preparado para
esta reunión. Agrega el señor Consejero que los antecedentes que le parecen relevantes para
adoptar una decisión en esta oportunidad, son los siguientes;
El panorama económico sigue siendo en general favorable, pero han surgido
novedades que requieren un seguimiento.
El escenario externo aparece marcado por una creciente preocupación por la
inflación y por expectativas de ajuste al alza en las tasas de interés en los principales bloques
económicos. Señala el señor Consejero, que ello ha generado incertidumbre y volatilidad en los
mercados financieros a nivel global. Por su parte, los mercados bursátiles han experimentado
correcciones a la baja, los premios por riesgo soberano han aumentado, especialmente para
países con fundamentos más débiles, y las monedas de las economías emergentes han tendido
a depreciarse.
Agrega también que, los mercados de los metales también han sentido los
efectos de este escenario de mayor incertidumbre. El precio del cobre ha revertido en parte
importante el alza que había acumulado en el transcurso del año. El precio del petróleo se ha
mantenido en niveles altos y observando siempre su característica volatilidad y éste sigue
siendo un importante factor de riesgo a nivel global.
En el ámbito interno, señala el Consejero señor Enrique Marshall, una importante
novedad es la significativa depreciación del peso observada en el curso de las últimas
semanas. Le parece que, los factores detrás de este movimiento son principalmente externos y
deben ser monitoreados, considerando todos sus potenciales efectos sobre la economía
interna.
Las condiciones financieras siguen siendo en general expansivas, pero muestran
señales de atenuación.
Los rendimientos exigidos a los títulos largos suben algunos puntos
base.
Las tasas de interés cobradas a los clientes incorporan el alza en el costo de fondos.
Los agregados monetarios y crediticios mantienen tasas de crecimiento elevadas y estables,
pero sus velocidades de expansión muestran alguna disminución.
Hace presente que, siempre en el plano interno, otra novedad importante ha sido
el débil Imacec del mes de abril. Menciona que si bien se había anticipado una desaceleración
transitoria de la actividad real, la cifra estuvo por debajo de lo esperado. Lo señalado, indica el
señor Consejero, ha generado incertidumbre sobre la trayectoria de la economía.
La demanda agregada se desacelera, en línea con lo que se había anticipado. El
componente inversión se ajusta más de lo esperado, en tanto el componente consumo parece
seguir más de cerca la trayectoria proyectada.
Los antecedentes disponibles, aún muy
parciales, sugieren una cierta acumulación de existencia que debe ser monitoreada.
El mercado laboral continúa mostrando una positiva evolución y se destaca, en
especial, la vigorosa expansión del empleo asalariado. Agrega que, el costo de la mano de
obra se expande a tasas algo elevadas, pero dentro de rangos acotados. Menciona que, en el
último mes, la tasa de variación anual, que venía descendiendo, volvió a crecer levemente. Si
bien el comportamiento de las remuneraciones es en general concordante con la evolución del
mercado laboral y con prácticas habituales de reajuste, requiere un atento seguimiento.
Señala el Consejero señor Enrique Marshall que en materia de inflación, las
cifras
de mayo estuvieron dentro de lo previsto para el IPC y algo por debajo para los
indicadores subyacentes.
Las proyecciones para los próximos meses se han ajustado
levemente al alza, como resultado de la depreciación del peso y las proyecciones de mediano
plazo no han cambiado, pero el riesgo de posibles desviaciones ha aumentado. En cuanto a las expectativas de inflación, las distintas medidas indican que éstas se mantienen ancladas en
torno al 3%.
En suma, le parece que las condiciones económicas siguen siendo favorables,
pero se observan algunos desarrollos que introducen una importante dosis adicional de
incertidumbre sobre la trayectoria de la economía.
En este contexto, cree que la opción de
hacer una pausa en esta reunión parece la más atendible.
Asimismo, considerando el nivel ya alcanzado por la tasa de interés y los
desarrollos comentados, parece prudente efectuar una detención que permita acumular
mayores antecedentes sobre la evolución de la economía.
Señala el señor Consejero, que esta decisión no implica un cambio en la
estrategia general de gradual normalización de la política monetaria, que mantiene su plena
validez y vigencia.
Reconoce sí que se ha entrado en una etapa donde los ajustes de tasa
pueden perfectamente distanciarse más en el tiempo. Indica el Consejero señor Marshall que
esto es algo asumido por el mercado que espera una pausa en esta reunión y un número muy
acotado de ajustes en lo que resta del año.
En virtud de lo señalado, vota por mantener la tasa de política monetaria en su
actual nivel de 5%.",neutral,1,alta,"En virtud de lo señalado, vota por mantener la tasa de política monetaria en su actual nivel de 5%.","La unidad contiene un extenso diagnóstico macroeconómico y recomienda una pausa, manteniendo la TPM en 5% y conservando la estrategia de gradual normalización sin un sesgo direccional resuelto en la acción inmediata. Al ser una mantención sin sesgo direccional propio, corresponde N según el Codebook v3.",cerrado,true,060ad527744619d94254ba2525ea2a07032dc89e66d01efcf6c8a51c03dc81d5,IA asistida; validación humana fila por fila,hawkish,hawkish,hawkish,hawkish,hawkish,hawkish,hawkish,hawkish,hawkish,hawkish,hawkish,hawkish,1,candidato_hawkish,hawkish,hawkish,hawkish,hawkish,hawkish,hawkish,hawkish,hawkish,hawkish,hawkish,hawkish,hawkish,2006,4938,Q4_largo,unánime,N_a_direccion
92,RPM-2011-11-15:4452:1,RPM-2011-11-15,2011-11-15,Luis Óscar Herrera Barriga,Gerente de División Estudios,"El Gerente de División Estudios señor Luis Óscar Herrera expresa dos consideraciones en relación con lo planteado por el Gerente de División Operaciones Financieras. En primer término, señala que se debe tener presente que la próxima Reunión coincidirá con la publicación del IPoM, lo que dará pie para reflejar cuáles son las proyecciones del impacto del escenario externo sobre la economía chilena y hará más fácil la comunicación de sus efectos futuros, que todavía no son visualizados, así como su carácter y la magnitud que tendría este escenario externo según las estimaciones internas. En segundo lugar, destaca que no existe una restricción para mover la tasa y, simultáneamente, introducir un sesgo negativo. En este sentido, indica que no es necesario tener como precondición —y tampoco ha sido la práctica habitual— haber colocado un sesgo previo a los movimientos de tasa. Por el contrario, manifiesta que si se tuviera la seguridad de que se impondrá un sesgo y que el Banco se moverá en esa dirección, entonces la pregunta es por qué no hacerlo de forma inmediata.",dovish,1,media,"En segundo lugar, destaca que no existe una restricción para mover la tasa y, simultáneamente, introducir un sesgo negativo. En este sentido, indica que no es necesario tener como precondición —y tampoco ha sido la práctica habitual— haber colocado un sesgo previo a los movimientos de tasa.","La unidad señala que no existe restricción para mover la tasa a la baja junto con introducir un sesgo negativo, e incluso plantea que si se tuviera la seguridad de que se impondrá un sesgo bajista, la pregunta es por qué no bajar la tasa de forma inmediata. Ello constituye una dirección Dovish explícita según el Codebook v3. La confianza es media porque el planteamiento es de carácter procedimental/estratégico más que una recomendación de voto formal.",cerrado,true,fa44dcababc61302d67506ac716624d4a1812f91cbc27837ceff791d13c6d518,IA asistida; validación humana fila por fila,neutral,neutral,neutral,neutral,neutral,neutral,neutral,neutral,neutral,neutral,neutral,neutral,1,aleatorio_contextual,neutral,neutral,neutral,neutral,neutral,neutral,neutral,neutral,neutral,neutral,neutral,neutral,2011,1078,Q2,unánime,direccion_a_N
95,RPM-2015-05-14:6795:1,RPM-2015-05-14,2015-05-14,Alberto Naudon Dell'Oro,Gerente de División Estudios,"El señor Alberto Naudon señala que los datos conocidos desde la RPM del mes de abril y el análisis realizado con ocasión de la preparación del IPoM de junio dan cuenta de un escenario macroeconómico interno y externo que, en líneas generales, es muy similar al previsto en el Informe del mes de marzo. En lo referente al escenario local, resalta los siguientes aspectos. En primer término, que la inflación fluctuará en torno a 4% hasta el tercer trimestre del 2015; que su aumento en el último año y medio está, en lo principal, asociado a la depreciación del peso; y que la alta persistencia que ha tenido esta variable se debe tanto a la indexación usual de la economía como a la mayor persistencia del shock cambiario. En segundo lugar, indica que el tipo de cambio real, con vaivenes, ha realizado la mayor parte del ajuste y, por lo tanto, de darse el escenario base, no debería ser una fuente de inflación relevante en lo que sigue. Agrega que la actividad se recupera gradualmente durante la segunda parte del año, porque el ajuste realizado por la economía es el adecuado, el escenario externo sigue entregando un impulso gradualmente creciente, y porque se asume que los niveles de confianza de los agentes mejorarán. Por último, se asume que el mercado del trabajo no representa en sí mismo una fuente adicional de inflación y que la evolución de los salarios nominales es principalmente explicada por los niveles usuales de indexación. En este contexto, manifiesta que es natural que la opción de política monetaria preferida por el staff sea también coherente con lo consignado en dicho IPoM. Recuerda que en esa ocasión, se estimó que, atendidas las condiciones cíclicas de la economía, para asegurar la convergencia de la inflación en el horizonte usual era necesario mantener el actual nivel de expansividad de la política monetaria hasta al menos el tercer trimestre de este año inclusive, y luego discutir la normalización del impulso monetario. En cuanto a las opciones alternativas para la política monetaria, hace presente que, al igual que lo expresado en ocasiones anteriores, la opinión de la Gerencia de División Estudios es que en un contexto donde la inflación ha estado por sobre el rango de tolerancia por cerca de un año y se proyecta que siga en torno a ese valor por algunos meses más, la opción de expandir el impulso no es relevante. Plantea que ello es especialmente cierto si se considera que el actual nivel de expansividad de la política monetaria es alto y que las condiciones para que la economía comience a crecer con mayor intensidad hacia fines de año están plenamente vigentes. Respecto de un aumento de la TPM, señala que se puede argumentar a favor de su relevancia como opción de política que una inflación alta por varios meses representa siempre un riesgo para el anclaje de expectativas. Ello, en un contexto donde la inflación mensual ha sorprendido al mercado al alza en tres de los últimos cuatro meses, existen legítimas dudas respecto del verdadero valor de la brecha de actividad, y los salarios nominales continúan creciendo a tasas altas. No obstante estos argumentos, manifiesta que a juicio de la Gerencia de División Estudios, en esta oportunidad hay cuatro razones para no considerar esta opción como relevante. En primer lugar, si bien desde el punto de vista del mercado las inflaciones han sido mayores que las esperadas, la dinámica de la inflación ha sido coherente con lo estimado internamente, especialmente en lo que se refiere a la inflación subyacente. En segundo término, si bien el escenario base para esta Reunión es muy similar al del IPoM del mes de marzo, las noticias en el margen dan cuenta de presiones inflacionarias algo menores. En efecto, por una parte, los datos de actividad sugieren una recuperación más lenta del dinamismo durante lo que resta del año; por otra, que la apreciación reciente del tipo de cambio ayudará a un proceso de convergencia algo más rápido que el estimado previamente. En tercer lugar, menciona que en las condiciones actuales, el riesgo de un desanclaje de expectativas parece muy bajo. A este respecto, señala que, por una parte, a pesar de que la inflación efectiva y esperada por el mercado en torno a un año plazo es alta, las expectativas de mediano plazo han permanecido estables. Por otra parte, la trayectoria de TPM esperada por el mercado es, en lo esencial, igual a la que se considera como más probable en el escenario base. Lo expresado, en un contexto donde las expectativas de inflación y de actividad del mercado son también similares a las nuestras. Por último, plantea que no es descartable que el reciente aumento de tasas largas observado en muchas economías, que pareciera estar relacionado con una descompresión de premios por plazo, genere presiones alcistas en las tasas largas locales más allá de lo presupuestado en nuestras estimaciones. En razón de los fundamentos expuestos, el Gerente de División Estudios señor Alberto Naudon propone como única opción relevante mantener la TPM en 3% y el sesgo neutral.",neutral,1,alta,"En razón de los fundamentos expuestos, el Gerente de División Estudios señor Alberto Naudon propone como única opción relevante mantener la TPM en 3% y el sesgo neutral.","La unidad presenta un extenso diagnóstico macroeconómico, descarta la opción de expandir el impulso y considera no relevante la opción de alza, concluyendo con la propuesta de mantener la TPM en 3% con sesgo neutral. Al ser una mantención sin sesgo direccional propio, corresponde N según el Codebook v3.",cerrado,true,b326af7cdeee029e96f73db8b34809452fbf33b9f349179659c051b381476ce1,IA asistida; validación humana fila por fila,hawkish,hawkish,hawkish,hawkish,hawkish,hawkish,dovish,dovish,hawkish,hawkish,hawkish,hawkish,1,neutral_dificil,neutral,hawkish,neutral,hawkish,neutral,hawkish,dovish,dovish,neutral,hawkish,neutral,hawkish,2015,5047,Q4_largo,con_desacuerdo,N_a_direccion
107,RPM-2012-06-14:4895:1,RPM-2012-06-14,2012-06-14,Enrique Marshall Rivera,Consejero,"El Consejero señor Enrique Marshall inicia su intervención agradeciendo al staff por el apoyo proporcionado para esta Reunión. Indica que se llega a esta RPM pocos días antes de entregar el próximo IPoM, lo que confiere la ventaja de contar con un análisis más completo sobre el escenario que se enfrenta, incluidas las proyecciones de corto y mediano plazo. El señor Enrique Marshall señala que los antecedentes recogidos en el curso del último mes tienden a confirmar el debilitamiento y la pérdida de impulso de la economía mundial. Hace notar que ello se manifiesta muy generalizadamente, pero con grados de intensidad que varían según regiones o países, dependiendo de consideraciones cíclicas o estructurales. Asimismo, menciona que los mercados financieros siguen denotando una marcada preocupación, lo que se expresa en volatilidad y primas de riesgo muy superiores a las normales, y que a ello se agrega la tendencia al fortalecimiento del dólar. Destaca, además, que la crisis europea continúa siendo el principal foco de incertidumbre. En este sentido, manifiesta que el recientemente anunciado rescate a la banca española no ha tranquilizado a los mercados. En su opinión, el camino de salida para España y Europa en general, se percibe todavía como muy complejo y que sigue presente la posibilidad de enfrentar nuevos deterioros e incluso desenlaces extremos. Indica que la desaceleración del crecimiento en las economías emergentes se reafirma y despierta inquietud por sus implicancias para el crecimiento global. A su juicio, ello ha puesto de relieve, al mismo tiempo, la existencia de problemas o desequilibrios poco perceptibles en la fase ascendente del ciclo económico, que podrían tener consecuencias relevantes. Coherente con lo anterior, señala que los precios de las materias primas han comenzado a moverse en rangos bastante más bajos que los considerados algunos meses atrás. Hace presente que si bien este ajuste ha reducido las presiones sobre la inflación a nivel mundial, ha hecho surgir cierta inquietud en las economías exportadoras de materias primas, que se han acostumbrado a precios relativamente altos. En lo concerniente al frente interno, plantea que el panorama para la actividad no ha cambiado sustancialmente. Al respecto, sostiene que si bien el último IMACEC estuvo por debajo de lo anticipado por el mercado, más allá de variaciones o fluctuaciones puntuales, el diagnóstico que permanece vigente es el de una economía que normaliza su ritmo de crecimiento y que se aproxima a tasas de expansión de tendencia. Manifiesta que es difícil saber si el deterioro del escenario externo ha contribuido a la desaceleración interna. A su juicio, el punto relevante, en todo caso, es cuánto impactará hacia adelante y que la incertidumbre es alta respecto de ello. Añade que la demanda se ha desacelerado y que ha comenzado a exhibir tasas de expansión próximas a las de la actividad; que el gasto en consumo se ha moderado en línea con la evolución de la masa salarial; y que también ha contribuido a ello el ajuste observado en el mercado de los créditos de consumo. Con todo, considera que el comportamiento del gasto requiere un atento seguimiento. Hace presente que coherente con lo anterior, las condiciones laborales no se han seguido estrechando, mientras que las remuneraciones han moderado su ritmo de expansión. En materia de inflación, destaca que el panorama de corto plazo ha vuelto a mejorar. De hecho, especifica que el último registro mensual sorprendió a la baja; que con ello, la trayectoria inflacionaria se ha ubicado claramente por debajo de lo anticipado y ha seguido una clara convergencia a la meta; y que los mismos componentes del IPC que llevaron en su momento la inflación al límite superior del rango meta, están operando ahora en sentido contrario y contribuyendo a una convergencia más rápida que la anticipada. Sin embargo, advierte que el panorama de mediano plazo no ha cambiado, teniendo presente la estrechez de capacidad con que opera la economía y las perspectivas de crecimiento contempladas en el escenario más probable. Por último, indica que las expectativas de inflación de corto plazo se han seguido ajustando a la baja, mientras que las de mediano plazo han sufrido cambios menores y permanecen en torno de la meta. Congruente con ello, comenta que el mercado tiende a ver una trayectoria relativamente estable para la TPM en el curso de los próximos meses. El Consejero señor Enrique Marshall manifiesta que con los antecedentes expuestos fluye con claridad que la opción más adecuada es la de mantener la TPM en su actual nivel. A su juicio, son varios son los argumentos que pueden ser esgrimidos en favor de dicha opción. En primer lugar, señala que la TPM se ubica en la parte inferior de un rango de valores neutrales estimados con distintas metodologías. Plantea que si bien es posible que dicho rango se haya desplazado transitoriamente hacia abajo debido a las condiciones en que se desenvuelve la economía mundial, en ningún caso una tasa del 5% debería estar a mucha distancia de niveles neutrales. En su opinión, todo ello brinda holgura para no innovar. En segundo término, indica que el deterioro ya observado y los riesgos que siguen presentes para la economía mundial deben ser sopesados con el estado del ciclo interno y su evolución proyectada. Estima que lo expresado plantea la necesidad de proceder con mucha prudencia, ya que el principal riesgo es tener que revertir decisiones adoptadas con premura, con los siguientes efectos adversos sobre las expectativas y la confianza del mercado en el accionar de la política monetaria. En su opinión, mientras no se tenga mayor claridad sobre la evolución del escenario interno, la estabilidad de la TPM parece una buena opción de política. Acota que ello en ningún caso cierra la posibilidad de reaccionar con prontitud si las condiciones cambian y, sobre todo, si lo hacen abruptamente. Por último, sostiene que un curso de acción distinto sería sorpresivo para el mercado y probablemente difícil de asimilar. En virtud de lo expuesto precedentemente, el Consejero señor Enrique Marshall manifiesta que su voto es por mantener la tasa en su actual nivel del 5% anual y por no introducir cambios significativos en el tenor del Comunicado, a la espera de lo que se informará en el IPoM.",neutral,1,alta,"En virtud de lo expuesto precedentemente, el Consejero señor Enrique Marshall manifiesta que su voto es por mantener la tasa en su actual nivel del 5% anual y por no introducir cambios significativos en el tenor del Comunicado, a la espera de lo que se informará en el IPoM.","La unidad contiene un extenso diagnóstico macroeconómico y concluye votando por mantener la TPM en 5% sin un sesgo direccional explícito asociado. Al ser una mantención sin sesgo direccional propio, corresponde N según el Codebook v3.",cerrado,true,bbe7cda6bebeaf355b1b9c6f88c28bb73f03d15a1bc6ee8c99a47847506e462b,IA asistida; validación humana fila por fila,dovish,dovish,dovish,dovish,dovish,dovish,dovish,dovish,dovish,dovish,dovish,dovish,1,neutral_dificil,dovish,dovish,dovish,dovish,dovish,dovish,dovish,dovish,dovish,dovish,dovish,dovish,2012,6333,Q4_largo,unánime,N_a_direccion
114,RPM-2013-08-13:5741:1,RPM-2013-08-13,2013-08-13,Luis Óscar Herrera Barriga,Gerente de División Estudios,"El señor Luis Óscar Herrera manifiesta que los antecedentes antedichos llevan a proponer a título de opciones relevantes en esta ocasión, mantener la Tasa de Política Monetaria en 5% anual o disminuirla en 25 puntos base a 4,75% anual, en razón de los fundamentos que pasa a exponer. En primer término, señala que en lo referente al panorama externo, la mayor preocupación continúa siendo la desaceleración de China por su importancia para los mercados de materias primas y en este sentido, los antecedentes más recientes sobre esta economía presentan una leve mejora, pero que se mantiene una preocupación relevante acerca de la situación de su sistema financiero, lo que podría tener consecuencias más duraderas sobre el ritmo de crecimiento de ese país. Hace presente que otra preocupación se refiere a los efectos que tendrá el retiro del programa de estímulo monetario en Estados Unidos de América, ya que las señales recientes confirman que esta reducción probablemente comenzará en los próximos meses, aun cuando los mensajes de la Reserva Federal y de otros bancos centrales de economías avanzadas han reafirmado que los ajustes de política monetaria serán graduales y condicionales, lo cual acota su riesgo financiero. Añade que las respuestas recientes de los mercados financieros han sido acordes con estas señales. Como se ha indicado en Reuniones anteriores, la opción de disminuir la TPM puede justificarse ante la evidencia de un menor crecimiento de nuestros socios comerciales y de términos de intercambio, como también, condiciones de financiamiento externo algo más restrictivas. Asimismo, tanto a nivel internacional como en Chile, se observa una maduración del ciclo de inversiones en minería, lo que contribuirá a reducir las presiones de demanda sobre la capacidad instalada y el mercado laboral. En lo que va corrido del año, tanto la actividad como la demanda interna han mostrado una trayectoria de desaceleración y los indicadores de expectativas de consumidores y empresas indican que debiera continuar en los próximos trimestres. Además, el PIB Resto crece a una tasa menor a su tendencia, lo que contribuye a reducir las presiones sobre la utilización de los recursos internos. En lo relativo a la inflación, destaca su evolución en línea con lo proyectado en el último IPoM; que los indicadores de inflación subyacente continúan por debajo de la meta y que otros indicadores, tales como la inflación de servicios, salarios nominales y expectativas inflacionarias, mantienen una evolución coherente. En este contexto, la reducción de la tasa de interés constituiría un movimiento apropiado para facilitar el ajuste de la economía nacional y mantener la inflación alineada con la meta. Por su parte, señala que la opción de mantener la tasa de política monetaria puede justificarse en que las condiciones en el mercado laboral aún son estrechas y que el uso de la capacidad instalada todavía es alto. A ello se suma que la desaceleración de la actividad ha sido suave y que la demanda final, considerando inversión fija y consumo, continúa mostrando un dinamismo relevante, sustentado por fundamentos especialmente del consumo privado, que aún son sólidos. Por lo expuesto, la acumulación de mayor información permitirá dilucidar hasta qué punto las tendencias recientes de desaceleración se sostienen y se profundizan, como está implícito en las proyecciones del último IPoM.",neutral,1,alta,"El señor Luis Óscar Herrera manifiesta que los antecedentes antedichos llevan a proponer a título de opciones relevantes en esta ocasión, mantener la Tasa de Política Monetaria en 5% anual o disminuirla en 25 puntos base a 4,75% anual, en razón de los fundamentos que pasa a exponer.","La unidad presenta opciones balanceadas (mantener la TPM en 5% o disminuirla en 25 puntos base) con argumentos en ambos sentidos, sin resolver direccionalmente a favor de una de ellas. Conforme al Codebook v3, las opciones balanceadas sin resolución corresponden a N.",cerrado,true,c968b75758faed68a79d431fbe666ff2f05de17773f8a1fbf9f879076c79a466,IA asistida; validación humana fila por fila,dovish,dovish,dovish,dovish,dovish,dovish,dovish,dovish,dovish,dovish,dovish,dovish,1,candidato_dovish,dovish,dovish,dovish,dovish,dovish,dovish,dovish,dovish,dovish,dovish,dovish,dovish,2013,3405,Q3,unánime,N_a_direccion
115,RPM-2009-11-12:2797:1,RPM-2009-11-12,2009-11-12,Enrique Marshall Rivera,Consejero,"El señor Enrique Marshall plantea que las opciones para ello son varias y tienen costos y beneficios que deben ser debidamente sopesados. Expresa que su preferencia es por fijar y anunciar un calendario de reducción gradual del plazo de las operaciones a partir de diciembre, lo que se encuadra con las señales de TPM que se han entregado en el último tiempo. En todo caso, manifiesta su disposición a considerar fórmulas que apunten en la misma dirección y que conciten un amplio acuerdo en este Consejo. En relación con la oportunidad de la decisión, le parece al señor Consejero que es preferible hacerlo de inmediato, independiente que su aplicación sea más adelante. En su opinión, las cifras del último mes no sugieren un cambio en el escenario anticipado y, por tanto, reafirman la trayectoria para la TPM señalizada con antelación. En este cuadro, se puede explicar con mayor facilidad que el sentido y alcance de la decisión es retomar al formato habitual de la política monetaria y que cualquiera sea la decisión o el momento en que se adopte y comunique, esta generará algún ruido, pero, a su parecer, es mejor despejar este tema cuanto antes, ya que, a la larga, ello reducirá los costos del ineludible retorno al formato habitual de política monetaria. Por lo demás, indica que no le parece conveniente postergar una decisión para diciembre, cuando se deba entregar el próximo IPoM. En su opinión, es preferible tener este tema despejado y disponer de mayor libertad para evaluar el escenario futuro y tomar las decisiones que correspondan. Respecto de la decisión que se adoptará en esta Reunión, un punto crítico para el señor Consejero es que no se interprete como el adelantamiento del proceso de ajuste, ni mucho menos como la validación del empinamiento de la curva de expectativas del mercado. Acota que para ello es clave que se exprese con claridad en el Comunicado. En suma, el Consejero señor Enrique Marshall vota por mantener la TPM en su actual nivel de 0,50% y, junto con ello, por proceder al retiro de la ALAR en los términos señalados e informar de esta decisión al mercado.",neutral,1,alta,"En suma, el Consejero señor Enrique Marshall vota por mantener la TPM en su actual nivel de 0,50% y, junto con ello, por proceder al retiro de la ALAR en los términos señalados e informar de esta decisión al mercado.","La unidad discute las opciones para el retiro de la ALAR y vota por mantener la TPM en 0,50% sin un sesgo direccional explícito de tasa. Al ser una mantención sin sesgo direccional propio, corresponde N según el Codebook v3.",cerrado,true,9701ea9ece0bdd0c9069038bfd9e028ef12ee1e35aa647f91367b377ccc419e9,IA asistida; validación humana fila por fila,dovish,dovish,hawkish,dovish,dovish,dovish,dovish,dovish,hawkish,dovish,dovish,dovish,1,candidato_dovish,neutral,dovish,neutral,hawkish,dovish,dovish,dovish,dovish,dovish,dovish,dovish,dovish,2009,2105,Q3,unánime,N_a_direccion
135,RPM-2015-03-19:6687:1,RPM-2015-03-19,2015-03-19,Sebastián Claro Edwards,Consejero,"El Consejero señor Sebastián Claro inicia su intervención expresando su concordancia con lo consignado en la Minuta de Opciones en cuanto a que la única opción válida en esta oportunidad es la de mantener la TPM en su nivel actual. Lo expresado, atendidos los elementos que pasa a detallar. En primer término, la situación internacional sigue mostrando fragilidad en varias dimensiones. Entre ellas, las condiciones financieras externas reflejan la sensibilidad a los anuncios de la Reserva Federal sobre la trayectoria de política monetaria en Estados Unidos de América; los precios de las materias primas, en particular el del petróleo en lo último, han fluctuado de manera importante; y las condiciones de algunos países emergentes, dan cuenta de ajustes y riesgos importantes. Añade que el dólar ha seguido fortaleciéndose en términos multilaterales, mientras que las monedas de países emergentes se han depreciado de manera importante, dando cuenta del cambio en las condiciones externas que enfrentan y del ajuste requerido en demanda interna. En segundo término, consigna que en el ámbito interno, la actividad y la demanda han seguido, en lo grueso, una trayectoria similar a la que se anticipaba algunos meses atrás, mientras que el mercado laboral sigue dando muestras de cierto dinamismo. Indica que, en lo grueso, ello confirma el diagnóstico — que el Banco hizo público hace algunos meses— de una recuperación acotada de la economía, con tasas de expansión en el primer semestre de este año de entre 2 y 2,5%, que es lo que se plantea en la Minuta de Antecedentes. Agrega que la trayectoria del mercado laboral es notoria en cuanto a que, hasta ahora, da muestra de una sensibilidad limitada al ciclo, más allá de lo que pueda ser la evaluación de cuáles son los niveles de desempleo de largo plazo. A su juicio, ello coincide con la trayectoria de salarios, que mantiene un dinamismo relevante — tema sobre el cual debe ponerse mayor énfasis— y puede estar explicando, en parte, el dinamismo o los altos niveles que ha mostrado la inflación. Por último, la evidencia muestra, en lo fundamental, que el principal determinante de la tasa de inflación, que se mantiene elevada por sobre 4%, es la fuerte depreciación cambiaria que ha experimentado la economía en los últimos dieciocho o veinticuatro meses. Agrega que en términos multilaterales, la depreciación del peso también ha sido importante, pero bastante más acotada, lo que evidentemente abre ciertas preguntas. En su opinión, una alternativa es que el ajuste en precios relativos que requería la economía chilena ante el cambio de las condiciones externas no era tan grande; la otra, que la presión en el mercado laboral y los costos de bienes no transables han limitado hasta ahora el ajuste cambiario real. Con todo, señala que la política monetaria ha acompañado esta desaceleración y, a juzgar por la trayectoria del tipo de cambio, por las condiciones financieras internas y por la trayectoria de la inflación, que el aporte ha sido significativo, no existiendo por ahora espacio para aumentar el estímulo monetario. Plantea que ello es especialmente crítico, dado que los riesgos más importantes vienen de la posibilidad que la volatilidad cambiaria se agudice y mantenga presiones inflacionarias más allá de lo deseado en un contexto donde la economía no profundiza su desaceleración. En mérito de lo expuesto, el Consejero señor Sebastián Claro expresa que su voto es por mantener la TPM en 3% anual.",hawkish,1,media,"señala que la política monetaria ha acompañado esta desaceleración y, a juzgar por la trayectoria del tipo de cambio, por las condiciones financieras internas y por la trayectoria de la inflación, que el aporte ha sido significativo, no existiendo por ahora espacio para aumentar el estímulo monet","La unidad concluye votando por mantener la TPM en 3%, pero sostiene explícitamente que no existe por ahora espacio para aumentar el estímulo monetario y que la política monetaria ya ha entregado un aporte significativo, lo que constituye un rechazo a mayor relajamiento propio de una dirección Hawkish. La confianza es media porque la acción concreta es de mantención con rechazo explícito a ampliar el impulso.",cerrado,true,3c1b9cbbc7136c80c4d6d5bf9b52feba31ec18446edbd500af404c9518498f40,IA asistida; validación humana fila por fila,dovish,neutral,dovish,neutral,dovish,neutral,dovish,neutral,dovish,neutral,dovish,neutral,1,neutral_dificil,neutral,dovish,neutral,dovish,neutral,neutral,neutral,neutral,neutral,neutral,neutral,neutral,2015,3479,Q3,unánime,direccion_a_N
137,RPM-2006-11-16:970:1,RPM-2006-11-16,2006-11-16,Manuel Marfán Lewis,Consejero,"El Consejero señor Marfán comenta que habría que hacer la diferencia entre lo
que se conocía hasta el IPoM y lo que se sabe a partir del mismo. Señala que la respuesta del
Gerente de División Estudios puede corroborar que lo más probable es que la brecha del PIB
del próximo año, si es que no hay elementos del producto potencial que nos hagan revisar el
PIB potencial, debiera ser más alta que lo que se preveía en el IPoM pasado, en una magnitud
difícil de precisar, por ahora.
Por otra parte, en cuanto al impulso monetario, el señor Marfán señala que de
acuerdo a la información que se ha entregado, las tasas de interés nominales - que se
mantienen relativamente estables - significan un aumento de la tasa de interés real cuando se
corrige por expectativas de inflación más baja a plazos relativamente breves. Agrega el señor
Consejero que deduce de la pura aritmética y sin sacar conclusión de fondo alguna, que
mantener la tasa de política monetaria con expectativas de inflación a la baja, significa subir la
tasa de política monetaria real.
Es decir, la Ley de Taylor se encuentra funcionando, en el
sentido que se debiera mantener el impuso monetario y cambiar la tasa de política monetaria de
acuerdo al cambio de las expectativas. Señala que mantener significa, en términos reales, que
sería mayor que hace un mes atrás.",hawkish,1,media,"mantener la tasa de política monetaria con expectativas de inflación a la baja, significa subir la tasa de política monetaria real. Es decir, la Ley de Taylor se encuentra funcionando, en el sentido que se debiera mantener el impuso monetario","La unidad argumenta que mantener la TPM nominal con expectativas de inflación a la baja equivale a subir la TPM real, lo que constituye un endurecimiento implícito de las condiciones monetarias. Ello configura un sesgo restrictivo (H) según el Codebook v3. La confianza es media porque la observación es analítica y no constituye una recomendación de voto explícita de alza nominal.",cerrado,true,36e839d289ff0155be1735fb76e6b2ae65a635d92149cfafab678a57ee605612,IA asistida; validación humana fila por fila,neutral,neutral,neutral,neutral,neutral,neutral,neutral,neutral,neutral,neutral,neutral,neutral,1,candidato_hawkish,neutral,neutral,neutral,neutral,neutral,neutral,neutral,neutral,neutral,neutral,neutral,neutral,2006,1333,Q2,unánime,direccion_a_N
139,RPM-2007-07-12:1335:5,RPM-2007-07-12,2007-07-12,Rodrigo Valdés Pulido,Gerente de División Estudios,"El Gerente de Estudios señor Rodrigo Valdés señala que a continuación se presenta un anexo sobre implicancias y shocks recientes en proyecciones de mediano plazo. Agrega el señor Valdés que este ejercicio supone que se sube la tasa en 50 puntos base, en promedio, el segundo trimestre. Es decir, como si nos hubiéramos anticipado que en mayo se producirían shocks y nos convencimos que había que subir la tasa rápidamente y ya estaríamos en junio con una Tasa de Política Monetaria de 5,5%.",hawkish,1,media,"este ejercicio supone que se sube la tasa en 50 puntos base, en promedio, el segundo trimestre. Es decir, como si nos hubiéramos anticipado que en mayo se producirían shocks y nos convencimos que había que subir la tasa rápidamente","La unidad describe un ejercicio de simulación que supone subir la tasa en 50 puntos base y anticipar el endurecimiento monetario ante shocks, lo que refleja una dirección de retiro del impulso/endurecimiento (H) según el Codebook v3. La confianza es media porque se trata de un supuesto de ejercicio analítico y no de una recomendación de voto explícita.",cerrado,true,b7aab39fa87418c6ffa85df615dced70c15990910922c74058c99afcc7ecd062,IA asistida; validación humana fila por fila,neutral,neutral,neutral,neutral,neutral,neutral,neutral,neutral,neutral,neutral,neutral,neutral,1,candidato_hawkish,neutral,neutral,neutral,neutral,neutral,neutral,neutral,neutral,neutral,neutral,neutral,neutral,2007,490,Q2,unánime,direccion_a_N
158,RPM-2013-08-13:5745:1,RPM-2013-08-13,2013-08-13,Sebastián Claro Edwards,Consejero,"El Consejero señor Sebastián Claro inicia su intervención mencionando que en lo atinente al ámbito externo, en medio de la volatilidad que ha caracterizado a los mercados internacionales en los últimos trimestres, es de opinión que el mes pasado ha sido más pausado. En efecto, con vaivenes, las cifras de Estados Unidos de América siguen apuntando a una recuperación moderada y al inicio del retiro del estímulo monetario en lo que resta del año. Las tasas de interés de largo plazo se han mantenido estables después del incremento que experimentaron en los dos meses anteriores y en Europa, las cifras han sido algo más positivas de lo esperado, aunque en lo fundamental, la Zona Euro se encuentra sumida en un largo estancamiento. Por otro lado, los datos en China han tendido a mostrar una estabilización en el deterioro de las expectativas de crecimiento para este año, centrándose más bien en torno al 7,5%, lo que hasta ahora ha permitido estabilizar los precios de los commodities; y otros países en desarrollo siguen exhibiendo un fenómeno de desaceleración. Con todo, plantea que las expectativas de crecimiento para el mundo no han variado sustancialmente respecto de lo observado en los últimos meses; los precios de las materias primas, que mostraron un declive hacia comienzos de año, se han mantenido estables; y las condiciones financieras, si bien no son tan promisorias como lo eran a comienzos de año, en general, siguen siendo positivas para la economía chilena. En su opinión, todo ello confirma la validez del escenario en que la corrección de los precios de las materias primas, junto con algún mayor dinamismo en Estados Unidos de América, configuran un panorama de reajuste en las economías en desarrollo. En relación con el ámbito interno, señala que las cifras confirman la desaceleración de la actividad, cuya tasa de crecimiento en el primer semestre fue del orden de 4,3%, mientras que si se excluyen los sectores de recursos naturales resulta inferior al 4%, con una velocidad que ronda el 3% en los últimos dos trimestres. Por el lado de la demanda, en cambio, las señales son mixtas, ya que la inversión ha mostrado signos más claros de moderación en su expansión, aunque todavía continúa creciendo a tasas altas, mientras que el consumo ha mantenido un dinamismo en torno al 7%, medido en términos anuales. Por otra parte, consigna que la inflación ha estado en línea con lo esperado, aunque los registros subyacentes continúan acotados y se estima que se mantendrán bajo 2% anual en los próximos meses. Agrega que las expectativas a mediano plazo se mantienen en torno a la meta del Banco Central de Chile. Hace presente que el componente de la demanda que ha mostrado una menor desaceleración es el consumo, que se mantiene creciendo impulsado por el dinamismo en la masa salarial. Expresa que, hasta esta fecha, no hay signos de que el consumo se encuentre impulsado por una profundización del endeudamiento de los hogares. Además, es razonable anticipar que la corrección en los salarios reales hacia niveles cercanos al 3% y 3,5%, junto con tasas de crecimiento del empleo en torno a las observadas en los últimos meses, llevarán una expansión del consumo más cercana al 5% en los trimestres venideros. El Consejero señor Sebastián Claro plantea que las velocidades en las cuales se producen estos ajustes son difíciles de anticipar, no obstante, en su opinión, el conjunto de antecedentes confirma el escenario planteado en el IPoM del mes de junio, en orden a que la economía chilena se encuentra en un proceso gradual y moderado de desaceleración, impulsado en parte por un menor dinamismo en la inversión. Consigna que las encuestas de percepciones de negocios, la evolución del crédito y la baja generalizada en la bolsa constituyen ejemplos de lo señalado y dan cuenta de perspectivas de crecimiento más acotadas y que las presiones inflacionarias debieran mantenerse moderadas. En razón de lo expuesto, considera que ambas opciones planteadas por la Gerencia de División Estudios son válidas y que un ajuste acotado de la TPM sigue siendo necesario en la medida que se consoliden algunas de las tendencias observadas. Señala que de acuerdo con la trayectoria del PIB, se podría argumentar que ese ajuste en la TPM podría materializarse en esta fecha, mientras que los datos y antecedentes generales recabados por el lado de la demanda sugieren esperar. Deja constancia que en su voto en la Reunión pasada expresó “que la desaceleración se observaba con menor claridad en los indicadores de consumo, aunque algunos de sus determinantes debieran comenzar a ceder. Ello justificaba recabar más información, lo que en ese momento favorecía la opción de mantener.” En esta oportunidad, el Consejero señor Sebastián Claro considera que los datos disponibles lo hacen estimar que la opción de mantener la Tasa de Política Monetaria en 5% anual sigue siendo válida y, en consecuencia, su voto refleja esta opción, como también lo referente al sesgo del Comunicado.",neutral,1,media,considera que ambas opciones planteadas por la Gerencia de División Estudios son válidas y que un ajuste acotado de la TPM sigue siendo necesario en la medida que se consoliden algunas de las tendencias observadas.,"La unidad contiene un extenso diagnóstico macroeconómico, considera válidas ambas opciones (mantener o bajar la TPM) y, aunque reconoce la necesidad de un ajuste acotado, vota por mantener la TPM en 5% sin un sesgo direccional resuelto. Al ser opciones balanceadas sin resolución y mantención sin sesgo propio, corresponde N.",cerrado,true,2ada748bc837d25ca1360072ccc2628767c543c82411eb9f95c83b3c1d4ad7b4,IA asistida; validación humana fila por fila,dovish,dovish,dovish,dovish,dovish,dovish,dovish,dovish,dovish,dovish,dovish,dovish,1,neutral_dificil,dovish,dovish,dovish,dovish,dovish,dovish,dovish,dovish,dovish,dovish,dovish,dovish,2013,5002,Q4_largo,unánime,N_a_direccion
160,RPM-2006-06-15:728:1,RPM-2006-06-15,2006-06-15,Rodrigo Valdés Pulido,Gerente de División Estudios,"En la reunión de política monetaria de mayo, el Consejo decidió mantener la
tasa de interés de política monetaria en 5% anual, luego de haberla aumentado en abril en 25
puntos base. En la decisión se consideró que la inflación había continuado con una trayectoria
dentro de lo previsto.
En particular, la inflación subyacente IPCX1, otros indicadores de la
tendencia inflacionaria y las distintas medidas de expectativas de inflación, continuaban bien
ancladas.
Se consignó que el precio del cobre había alcanzado, bruscamente, niveles muy
superiores a proyecciones previas, y que la información disponible seguía indicando que la
demanda interna moderaba su elevada tasa de crecimiento.
Estos antecedentes avalaban
continuar con la estrategia de incremento pausado de la tasa de política monetaria.
Señala el señor Gerente de División Estudios que, desde la última reunión, se
han acumulado novedades en diversos ámbitos. Las más importantes son las siguientes:
•
Las condiciones financieras internacionales relevantes se han deteriorado, en medio de
una fuerte volatilidad alimentada por preocupaciones sobre las presiones inflacionarias,
especialmente en Estados Unidos de América. Frente a la salida de inversionistas desde
posiciones en activos más riesgosos, las bolsas y monedas de países emergentes han
caído, especialmente aquéllas que más habían aumentado previamente y que tienen una
base más amplia de inversionistas extranjeros participando en el mercado respectivo. En
línea con ello, los premios por riesgo soberano han aumentado.
•
Los precios de los metales se han ajustado notoriamente a la baja. El cobre ha caído
desde algo menos de US$ 4 la libra hasta la cercanía de US$ 3 la libra. Esta disminución,
sin embargo, no dista mucho del escenario central de proyecciones.
•
En el país, el desempeño del sector real en abril fue bastante más débil que lo esperado.
El crecimiento anual del Imacec fue 2,8%, y 1,3% respecto del mes anterior. Aunque la
información disponible para mayo, correspondiente a comercio exterior y energía, es
coherente con la hipótesis de que los resultados de abril no serían muy persistentes, hay
un mayor riesgo a la baja en el panorama de crecimiento de corto plazo. En tanto, el
crecimiento de la demanda interna parece estar disminuyendo gradualmente, de acuerdo
con lo previsto. La inversión, sin embargo, se estaría desacelerando algo más rápido que
lo anticipado.
•
La paridad peso/dólar aumentó fuertemente en las últimas semanas, hasta cerca de 545
en los últimos días, acumulando el peso una depreciación bilateral en torno a 5,5% y de
casi 4% en términos multilaterales. El TCR se ubicaría en la actualidad entre 93 y 94,
dentro del rango de las distintas estimaciones de TCR de largo plazo. Más allá de los
cambios de paridades, la expansividad de las condiciones financieras ha continuado
moderándose lentamente. Las tasas de interés de mediano y largo plazo han aumentado
marginalmente, y si bien la tasa de crecimiento anual del crédito y de los agregados
monetarios se mantiene elevada, la velocidad de expansión ha disminuido algo.
»
Más allá de los cambios metodológicos que dificultan su evaluación, las cifras del
mercado laboral siguen con las tendencias de los últimos meses; esto es, una sostenida
creación de empleos y un repunte leve de la tasa de desempleo. La tasa de crecimiento
anual de los costos laborales unitarios continúa incrementándose, fundamentalmente por
el volátil comportamiento de la productividad medida. El crecimiento anual de los salarios
aumentó marginalmente, en línea con la mayor inflación de los últimos meses.
•
La inflación del IPC se ubicó en abril dentro de lo esperado (3,7%).
El IPCX1, que
disminuyó a 2,7% anual y a cerca de 2% en velocidad, estuvo algo por debajo de lo
previsto, pero debido a shocks que se estima deberían revertirse.
Otras medidas de tendencia inflacionaria han disminuido marginalmente en lo más reciente y las
expectativas se mantienen bien ancladas.
Agrega el señor Valdés que, con los antecedentes disponibles, las opciones que
parecen más plausibles para esta reunión son mantener la tasa de política monetaria o
aumentarla en 25 puntos base, aunque los argumentos parecen favorecer con mayor fuerza la
mantención.
Asimismo indica que, si bien el escenario central delineado podría sufrir cambios
de persistir las novedades que se han acumulado, parece apresurado realizar modificaciones
mayores que lleven a un cambio en la estrategia de normalización gradual de la política
monetaria. Por un lado, le parece que con noticias de sólo un mes no es posible extrapolar una
tendencia clara, especialmente respecto a la actividad e inflación. Por otro lado, menciona que
las novedades significan presiones en sentidos opuestos sobre la inflación, por lo que no es
evidente su efecto conjunto.
Así, le parece necesario tener más antecedentes para poder
dilucidar las posibles implicancias de las novedades analizadas.
En su opinión, el argumento principal para elevar la tasa de política monetaria en
esta reunión es el efecto inflacionario del aumento que ha sufrido el tipo de cambio. Menciona
el señor Gerente que el tipo de cambio real se ubica en la actualidad en torno a 5% por encima
del escenario central de proyecciones, lo que implicaría, ceteris paribus, cerca de un cuarto de
punto de inflación adicional en el horizonte de dos años y de alrededor de un punto porcentual
a un horizonte de un año.
Esto, por sí mismo, estima que podría justificar un alza en esta
oportunidad, e incluso una trayectoria de la tasa de política algo más empinada que la implícita
en el escenario central. Sin embargo, cree que existen dos factores que se contraponen a lo
anterior y que parecen explicar al menos parte de la depreciación cambiaria: las cifras de
actividad interna y los efectos adicionales que podrían tener los shocks externos.
Respecto de lo primero, si bien por ahora se evalúa que el débil desempeño de
la actividad en abril habría obedecido a un shock transitorio — la información de demanda
interna, su velocidad e indicadores de mayo así lo avalan—, existe el riesgo de que este
resultado esté reflejando una trayectoria menos dinámica para la actividad y un copamiento de
holguras algo más lento.
Ello atenuaría el efecto inflacionario de la depreciación, e incluso
podría revertiría en el mediano plazo. Le parece que cabe mencionar que la hipótesis de que
una menor actividad sea reflejo de un menor crecimiento de tendencia y holguras que ya se
han copado no parece coherente con la tendencia inflacionaria y de los salarios.
Señala el señor Valdés que, respecto de lo segundo, es probable que la
depreciación cambiaria obedezca no sólo a la menor actividad de abril y eventuales
diferenciales de tasas de interés entre Chile y Estados Unidos de América, sino que además al
menor apetito que muestran los inversionistas internacionales por activos más riesgosos y el
acomodo de precios que esto produce.
Piensa que, si bien ésta es una situación aún en
desarrollo y, en cierta medida esperable y sana, cuya magnitud y características finales todavía
no se pueden precisar, aparece el riesgo de que este shock externo tenga un efecto contractivo
relevante. Comenta que, esto puede darse, por ejemplo, moderando el crecimiento de socios
comerciales, provocando la postergación de decisiones de inversión interna, a través del efecto
que el mayor tipo de cambio tiene sobre precios claves, como los combustibles, o por la
corrección del precio de algunas materias primas.
Agrega que, en ese contexto, el shock
podría terminar siendo incluso deflacionario a plazos más largos, aun considerando la
depreciación.
Hace presente el señor Gerente de División Estudios, que así la alternativa de
aumentar la tasa de política monetaria en esta oportunidad tiene el riesgo de ser un alza
apresurada, que no considera otros efectos colaterales de los shocks que se enfrentan. Por el
contrario, la opción de mantener la tasa de política monetaria en esta oportunidad se justifica porque, simultáneamente, deja abierta la posibilidad de implementar una política más
acomodaticia —que puede terminar siendo necesaria si los shocks contractivos acaban
primando— y permite hacer ajustes más adelante, una vez que se acumule más información.
Tal como en meses pasados existía un “valor de opción” de apurar las alzas para mitigar el
riesgo de ajustes más rápidos, esta vez parece haber un “valor de opción” de esperar.
Además, indica el señor Gerente que, si bien la alternativa de mantener la tasa
de política monetaria tiene riesgos, en especial si genera una reacción importante al alza en el
tipo de cambio, éstos parecen ser acotados, considerando que las expectativas de inflación se
mantienen bien ancladas, que no hay evidencia concluyente de que en el mercado laboral se
estén configurando presiones de costos —si algo, los salarios tienen un comportamiento
benigno—, y que la expansividad de las condiciones financieras se siguen atenuando
lentamente.
Por último estima que, desde el punto de vista táctico, mantener al igual que
aumentar es una decisión coherente con la estrategia de normalización pausada.
En
consecuencia, no debería tener mayor efecto en la estructura de precios financieros. El hecho
de que la expectativa mayoritaria para esta reunión sea de mantención también apoya esta
evaluación. Con todo, le parece que no se puede descartar que mantener la tasa de política
monetaria sea entendido como la validación de un escenario de crecimiento más débil.",neutral,1,alta,"las opciones que parecen más plausibles para esta reunión son mantener la tasa de política monetaria o aumentarla en 25 puntos base, aunque los argumentos parecen favorecer con mayor fuerza la mantención.","La unidad presenta opciones balanceadas (mantener o aumentar la TPM en 25 puntos base) y se inclina por la mantención, recomendando esperar más antecedentes antes de modificar la estrategia. Al ser opciones balanceadas con inclinación a la mantención sin sesgo direccional resuelto, corresponde N según el Codebook v3.",cerrado,true,3a2308f7c07ba328b8975f629d546b9f8208b7910769c234bad6e00754bba6f1,IA asistida; validación humana fila por fila,hawkish,hawkish,hawkish,hawkish,hawkish,hawkish,hawkish,hawkish,hawkish,hawkish,hawkish,hawkish,1,candidato_hawkish,hawkish,hawkish,hawkish,hawkish,hawkish,hawkish,hawkish,hawkish,hawkish,hawkish,hawkish,hawkish,2006,9503,Q4_largo,unánime,N_a_direccion
164,RPM-2010-02-11:2966:1,RPM-2010-02-11,2010-02-11,José De Gregorio Rebeco,Presidente del Banco Central,"el Presidente, señor José De Gregorio, indica que desde la última RPM han ocurrido una serie de eventos relevantes para la conducción de la política monetaria, que deben ser debidamente evaluados para la decisión de la presente Reunión. En el ámbito internacional, el señor Presidente señala que la economía mundial ha seguido su proceso de recuperación gradual, si bien las turbulencias financieras en algunas economías europeas han puesto una alerta a la velocidad de la recuperación, en particular en Europa. Plantea que aunque el contagio directo de estos problemas sobre la economía chilena es muy limitado, sus repercusiones en la economía global podrían no ser menores. Indica que esto ya ha resultado en aumentos en la volatilidad de los mercados financieros internacionales y presiones a la baja en los precios de los commodities. En el ámbito interno, el señor De Gregorio indica que se confirma una recuperación sostenida y que el mercado, de acuerdo con lo que se observa en la Encuesta de Expectativas Económicas, ya tiene perspectivas de crecimiento para el 2010 similares a las que se han venido presentando en los IPoM desde septiembre del año pasado. Agrega que el ciclo de inventarios ya muestra señales de empezar a contribuir al crecimiento de la demanda. Sostiene que el vigor de esta recuperación y su potencial aceleración tendrán implicancias de primer orden sobre el retiro del estímulo monetario, aunque el observado hasta ahora se encuentra en línea con el escenario central y ha significado, obviamente, un aumento en las proyecciones del sector privado. Manifiesta luego que la introducción del nuevo IPC con cobertura nacional y con base año 2009 trajo algunas sorpresas, en especial un aumento puntual de la inflación por el aumento de los servicios financieros, además de efectos también puntuales debido a los cambios metodológicos. Añade que no se observan diferencias en la evolución de la inflación al ampliar la cobertura a nivel nacional. Con todo, plantea que las medidas de inflación subyacente aún muestran presiones inflacionarias muy contenidas y que el impacto de los cambios metodológicos solo debiera tener efectos transitorios. El señor Presidente destaca que tal vez lo más relevante en el ámbito de las presiones de precios ha sido la significativa depreciación del tipo de cambio, la que se debe, en parte importante, a los cambios de portafolio de las AFP ocurridos después de los recientes cambios normativos, pero que también responde a otros cambios en el escenario externo, como la apreciación del dólar y la caída del precio del cobre. No obstante, expresa que las holguras en materia inflacionaria permiten acomodar esta depreciación sin mayores riesgos y que los recientes eventos deberían permitir asegurar la convergencia de la inflación a su meta. Al respecto, manifiesta creer y compartir la idea del Consejero señor Rodrigo Vergara de que hay que ser simétricos en los comunicados, señalando que el mes pasado no se hizo mención al dólar, porque no había cambios significativos entre las dos RPM, recordando que normalmente se incluye en el comunicado cuando se ha apreciado o depreciado significativamente. Luego, y en consideración a la discusión sostenida en esta oportunidad, estima que es un tema bastante central, que debería aparecer en la minuta y ser mencionado en el comunicado justificadamente. Para concluir, el señor Presidente señala que las noticias recientes refuerzan las perspectivas de crecimiento para este año y mitigan el riesgo de que la inflación se vaya a quedar por debajo de su meta más allá de lo deseable. En suma, indica que el amplio conjunto de novedades más recientes no debiera cambiar por ahora la evaluación de las tendencias inflacionarias, aunque sí sugieren un monitoreo cuidadoso de las posibles desviaciones para actuar con flexibilidad ante un escenario tan cambiante. Por lo anterior, manifiesta que su voto es por mantener la tasa en 0,5% y seguir señalando que, en lo más probable, el retiro comenzará en el segundo trimestre de este año, algo que se debe evaluar en la medida que se acumule más información sobre el primer trimestre y que se pueda comunicar con más precisión en el próximo IPoM. En razón de lo anterior, el señor Presidente concluye que, por unanimidad, se mantiene la tasa de política monetaria en 0,5%.",neutral,1,media,"Por lo anterior, manifiesta que su voto es por mantener la tasa en 0,5% y seguir señalando que, en lo más probable, el retiro comenzará en el segundo trimestre de este año, algo que se debe evaluar en la medida que se acumule más información sobre el primer trimestre","La unidad contiene un extenso diagnóstico macroeconómico y vota por mantener la TPM en 0,5%, señalando que el retiro del estímulo probablemente comenzará en el segundo trimestre, sin resolver direccionalmente una acción de alza inmediata. Al ser una mantención con sesgo futuro no materializado y opciones sin resolución, corresponde N según el Codebook v3.",cerrado,true,e3d0363133c826dfb237dc4f338ec1e6df9b92f7e07f5c44c2916865c3b816ab,IA asistida; validación humana fila por fila,hawkish,hawkish,hawkish,hawkish,hawkish,hawkish,hawkish,hawkish,hawkish,dovish,hawkish,hawkish,1,neutral_dificil,hawkish,hawkish,hawkish,hawkish,hawkish,hawkish,hawkish,hawkish,hawkish,hawkish,hawkish,hawkish,2010,4330,Q3,con_desacuerdo,N_a_direccion
167,RPM-2009-11-12:2800:1,RPM-2009-11-12,2009-11-12,José De Gregorio Rebeco,Presidente del Banco Central,"El señor José De Gregorio indica que de configurarse un escenario de menor inflación, podría ser necesario un impulso monetario mayor que el actual para devolverla a su meta en el horizonte de políticas. Al mismo tiempo, plantea que desde hace algunos meses se ha observado que las tasas de interés de mercado tienen implícito un retiro del impulso monetario mayor que el que, se estima, es adecuado. Expresa que es por ello que en julio se introdujo la FLAP, como parte de una estrategia de política monetaria no convencional, que permitiera un alineamiento de las tasas de mercado con la evolución más probable de la política monetaria. Afirma que de no haber implementado la FLAP, las tasas de mercado estarían en niveles superiores a las actuales, generando mayor tracción en la recuperación de la economía. No obstante, señala que la FLAP ha abierto un nuevo frente de incertidumbre en cuanto a que no hay claridad sobre la forma en que será su retiro. Más aún, agrega que esta fuente de incertidumbre podría estar limitando su efectividad. Es por ello que, considerando que la TPM debe seguir en su mínimo por un tiempo prolongado, manifiesta que es importante clarificar cómo será el retiro de la FLAP y que esta es una buena oportunidad para disipar dicha incertidumbre. El señor Presidente señala que se debe reforzar la idea que el pausado retiro de la expansividad monetaria empezaría el segundo trimestre del año 2010, y más aún, que este se podría postergar de materializarse un escenario con menor inflación. Por esto, y por la necesidad de minimizar las incertidumbres y volatilidades en los mercados financieros, estima que se debería anunciar que la FLAP se retirará gradualmente, reduciendo su plazo cada mes en 30 días con el propósito de llegar a mayo con el retiro total de esta medida especial. Indica que se debe enfatizar, además, que su retiro no es para subir la TPM en cuanto sea retirada la FLAP, sino que para recobrar la necesaria flexibilidad con la que debe contar la política monetaria en un ambiente tan incierto como el actual y en el cual también existen otras posibilidades de políticas no convencionales que pueden aumentar el impulso monetario, lo que se hace más difícil de implementar si no está clara la estrategia de salida de la FLAP. Esto, además, no impide que se utilicen otras formas de políticas no convencionales para inducir un impulso coherente con la meta de inflación. Por lo anterior, el Presidente, señor José De Gregorio, manifiesta que su voto es por mantener la tasa en 0,5%, reafirmar que la estructura de tasas es aún más empinada que la que se derivaría de la posible evolución de la TPM y anunciar que la FLAP se irá retirando gradualmente a partir de mediados de diciembre.",dovish,1,alta,"El señor José De Gregorio indica que de configurarse un escenario de menor inflación, podría ser necesario un impulso monetario mayor que el actual para devolverla a su meta en el horizonte de políticas.","La unidad sostiene que podría ser necesario un impulso monetario mayor que el actual, que la TPM debe seguir en su mínimo por un tiempo prolongado, que el retiro de la expansividad podría postergarse y que existen otras políticas no convencionales para aumentar el impulso monetario. Ello constituye una dirección Dovish clara de orientación expansiva con sesgo a la baja, con confianza alta.",cerrado,true,fdab8685c4e3ad82f17999d6a647717b304fc219010c181178e2f7647be289d3,IA asistida; validación humana fila por fila,dovish,hawkish,hawkish,hawkish,dovish,hawkish,dovish,hawkish,dovish,hawkish,dovish,hawkish,1,candidato_hawkish,dovish,hawkish,hawkish,hawkish,dovish,hawkish,dovish,hawkish,dovish,hawkish,dovish,hawkish,2009,2737,Q3,unánime,inversion_HD
175,RPM-2015-03-19:6689:1,RPM-2015-03-19,2015-03-19,Enrique Marshall Rivera,Vicepresidente del Banco Central,"El Vicepresidente señor Enrique Marshall inicia su intervención agradeciendo al staff por el apoyo proporcionado para esta Reunión de Política Monetaria. Señala que las noticias del último mes conducen a reafirmar la orientación general de nuestra política, pero advierten también sobre los riesgos que acechan. Hace presente que en el frente externo, las percepciones para las economías avanzadas muestran una mejora en el margen, lo que se sustenta en el desempeño de Estados Unidos de América y en sorpresas positivas en Europa. El mundo emergente, en tanto, sigue presentando matices y diferencias que se han intensificado en lo más reciente. En efecto, China continúa creciendo a tasas que contribuyen positivamente a la expansión global, pero, al mismo tiempo, se observa una América Latina donde los sentimientos se han deteriorado y las proyecciones de crecimiento han sufrido recortes significativos. En este contexto, plantea que los riesgos para el escenario externo siguen presentes y se relacionan principalmente con los ajustes esperados en la política monetaria de Estados Unidos de América y con un fortalecimiento adicional del dólar. En lo concerniente al ámbito interno, menciona que las cifras de actividad y demanda dan cuenta de una moderada expansión, bastante en línea con lo anticipado y con las proyecciones de crecimiento para este año, lo que debe ser calificado como una buena noticia considerando los riesgos identificados en el IPoM pasado. A su juicio, todo indica que el proceso de ajuste real se ha ido dando en los términos anticipados y según patrones normales, aunque persiste el desafío que los índices de confianza o expectativas recuperen niveles. Deja constancia que en materia de inflación, las noticias han sido menos alentadoras, ya que si bien la visión de una inflación que converge a la meta no ha cambiado, los nuevos antecedentes apuntan a que ello será bastante más lento. Sin perder de vista que esta trayectoria de la inflación responde en lo fundamental al proceso de ajuste interno, considera que se debe mantener un atento seguimiento sobre la evolución de la dinámica inflacionaria en los próximos meses, lo que supone, desde luego, el monitoreo de sus principales determinantes de corto plazo en esta coyuntura, como son la evolución del tipo de cambio y la de los salarios nominales. En este contexto, considera difícil sustentar una opción de política que no sea la de mantener la TPM. En su opinión, la opción de recortar debe ser descartada de inmediato por improcedente, en tanto que la opción de subir admite, en principio, algún grado de plausibilidad, aunque una evaluación atenta de todos los antecedentes conduce también a dejarla de lado. En consecuencia, la opción que surge con claridad es la de mantener, coincidiendo en tal sentido con la minuta de la Gerencia de División Estudios. El Vicepresidente señor Enrique Marshall manifiesta que en el escenario que enfrentamos, lo recomendable, sin duda, es reafirmar la orientación general de la política monetaria; y que la entrega de una señal distinta podría tener efectos adversos sobre la formación de las expectativas de mercado. Añade que la preparación del próximo IPoM, que ya se ha iniciado, brindará la oportunidad para revisar nuestras proyecciones y entregar señales más precisas sobre nuestros próximos pasos. Destaca, además, que el sector privado ha ido asumiendo nuestro diagnóstico y que para esta Reunión no espera ningún cambio. En razón de lo expuesto, el Vicepresidente señor Enrique Marshall manifiesta que su voto es por mantener la TPM en su actual nivel de 3%.",neutral,1,alta,"En su opinión, la opción de recortar debe ser descartada de inmediato por improcedente, en tanto que la opción de subir admite, en principio, algún grado de plausibilidad, aunque una evaluación atenta de todos los antecedentes conduce también a dejarla de lado.","La unidad descarta tanto la opción de recortar como la de subir, recomendando reafirmar la orientación general y mantener la TPM en 3%, sin un sesgo direccional explícito. Al ser una mantención sin sesgo direccional propio, corresponde N según el Codebook v3.",cerrado,true,44e6f6f0a6cb8cd3737fe0452f2ad22a2f0f66d12552ae0915d596550b9bc82e,IA asistida; validación humana fila por fila,dovish,dovish,dovish,dovish,dovish,dovish,dovish,dovish,dovish,dovish,dovish,dovish,1,candidato_dovish,dovish,dovish,dovish,dovish,dovish,dovish,dovish,dovish,dovish,dovish,dovish,dovish,2015,3603,Q3,unánime,N_a_direccion
177,RPM-2006-11-16:980:1,RPM-2006-11-16,2006-11-16,Andrés Velasco Brañes,Ministro de Hacienda,"El señor Ministro de Hacienda don Andrés Velasco comenta que su intervención
va a ser muy breve, ya que le parece que la exposición del staff ha sido muy clara y precisa.
Respecto a la decisión de política monetaria que corresponde adoptar, señala el señor Ministro
que no hay matices. La decisión de mantener la tasa de política monetaria, cree que no tiene
competidores y por lo tanto, no vale la pena explayarse en este punto. En cuanto a lo que se le
comunica al mercado, señala el señor Ministro que lo resumiría del siguiente modo: más allá de
los factores puntuales que han incidido en un menor crecimiento, parece haber una cierta
persistencia en el shock de bajo crecimiento.
Indica el señor Ministro que lo dice en estos
términos porque la palabra shock es neutral y la verdad es que no se sabe exactamente qué
factores atribuirle a este shock. Agrega el señor Ministro de Hacienda que, indudablemente,
éste ha sido más persistente si se revisaran las conversaciones que se han sostenido en torno
a esta mesa desde el 11 de marzo a la fecha. Menciona que, claramente todas las revisiones
han sido hacia abajo y eso habla de una persistencia que va un poco más allá de los factores
que se pueden identificar. Hace mención el señor Ministro de Hacienda que esto, sumado a la
historia de la inflación, la que ya se ha descrito muy bien, configura un escenario en que hay
probabilidades bastante mayores que cero de que el próximo movimiento de la tasa de política
monetaria sea hacia abajo y no hacia arriba, en un horizonte de mediano plazo. Finalmente,
indica el señor Ministro que ésta no es una decisión inminente, pero sí una decisión que bien
podría gatillarse más temprano que tarde y, por lo mismo, el comunicado debe reflejar esa
situación haciendo un cambio en el sesgo y dando a entender que si se define sesgo como el
signo más probable de esa movida de tasa en el futuro, ese sesgo bien puede ser hacia arriba
o hacia abajo y, por lo tanto, el comunicado debe entregar esa información con el fraseo
adecuado que hable por lo menos de una mantención indefinida y no de un escenario en el
cual la movida próxima, más probable, aunque sea distinto en el tiempo, es una movida hacia
arriba.
El señor Ministro de Hacienda don Andrés Velasco, señala al señor Presidente
don Vittorio Corbo, que este sesgo a su juicio hay que cambiarlo, de modo bastante claro, para
que el mercado entienda hoy que se está en un escenario bastante distinto al de hace un mes
o dos meses atrás.",dovish,1,media,"configura un escenario en que hay probabilidades bastante mayores que cero de que el próximo movimiento de la tasa de política monetaria sea hacia abajo y no hacia arriba, en un horizonte de mediano plazo.","La unidad sostiene que hay probabilidades mayores que cero de que el próximo movimiento de la TPM sea hacia abajo en el mediano plazo y recomienda cambiar el sesgo del comunicado para reflejar esa posibilidad, lo que constituye un sesgo futuro a la baja propio de una dirección Dovish. La confianza es media porque la acción inmediata propuesta es mantener la tasa con un cambio de sesgo hacia la baja.",cerrado,true,4c2ecaf89b331cc84faf814322ef22b5a330f17e83e32bb6d4be7bbfa9530930,IA asistida; validación humana fila por fila,neutral,neutral,hawkish,neutral,hawkish,neutral,neutral,neutral,neutral,neutral,neutral,neutral,1,neutral_dificil,neutral,neutral,neutral,neutral,neutral,neutral,neutral,neutral,neutral,neutral,neutral,neutral,2006,2489,Q3,unánime,direccion_a_N
179,RPM-2006-06-15:740:1,RPM-2006-06-15,2006-06-15,Vittorio Corbo Lioi,Presidente del Banco Central,"El Presidente señor Vittorio Corbo, señala que en el último mes se han
acumulado importantes novedades, tanto en el escenario externo como en el interno. En el
escenario internacional, los mercados financieros han experimentado un importante ajuste,
especialmente los mercados accionarios y cambiarios.
Este ajuste ha afectado también los
precios de los bienes primarios y, en menor medida, a los premios por riesgo soberano. Señala
el señor Presidente, que el ajuste se atribuye al progresivo retiro de liquidez en los países
industriales y a expectativas de aumento de sus tasas de interés por encima de lo anticipado.
Esto último como resultado de una aceleración de la inflación en Estados Unidos de América y,
en menor medida en Europa. Indica el señor Presidente que, los mercados que se han visto
más afectados son de países emergentes, que habían experimentado un importante ingreso de
inversionistas externos e importantes alzas en sus valoraciones, y las monedas de los países
con significativos déficit en cuenta corriente.
Sin embargo, los fundamentales siguen siendo favorables, tanto en los países
industriales como en los países emergentes, lo que hace pensar que esta corrección no
debiera tener efectos mayores. Agrega el señor Presidente que vale la pena señalar que los
riesgos asociados a estas eventuales correcciones se encontraban claramente identificados en
los últimos IPoMs. Hace presente el señor Presidente, que en la economía local, la principal noticia
ha sido una cierta desaceleración del crecimiento por encima de lo anticipado, a juzgar por las
cifras del último Imacec y por las importaciones de maquinarias y equipos del mes de abril. Sin
embargo, le parece importante indicar que el bajo crecimiento anual del Imacec de abril estuvo
en parte afectado por menores días trabajados y por problemas puntuales en la industria. El
favorable entorno externo y el sólido crecimiento del empleo debieran seguir empujando el
crecimiento del consumo privado, mientras que la inversión en maquinaria y equipos habría
experimentado una cierta recuperación después de la fuerte caída en doce meses que
experimentó en abril.
Sin embargo, cree que es necesario observar las cifras de los meses
venideros para poder calibrar de mejor forma el verdadero dinamismo que tiene la economía.
No se puede descartar tampoco que la mayor incertidumbre externa termine por afectar las
expectativas y el crecimiento.
Señala el Presidente, señor Corbo, que en cuanto a la inflación, el registro de
inflación subyacente del mes de mayo resultó menor a lo proyectado y las expectativas de
inflación se mantienen bien ancladas en torno al centro del rango meta.
No obstante, hacia
adelante se aprecian dos factores que empujan en sentido opuesto, cuyo efecto neto sobre las
proyecciones de crecimiento e inflación, requiere tener tendencias más claras, las que se van a
ir conociendo cuando se reduzca la volatilidad reciente. De un lado la depreciación actual del
peso y el mantenimiento de elevados precios del petróleo repercuten en los precios internos de
los combustibles y en las tarifas reguladas, presionando la inflación al alza, y de otra parte, la
desaceleración del crecimiento, de resultar más persistente, reduciría la presión sobre las
brechas de capacidad y, por esta vía, contribuiría a reducir las presiones inflacionarias.
Indica el señor Presidente, que aunque la política monetaria sigue siendo
expansiva, dada la incertidumbre con respecto a cómo continuará desarrollándose el entorno
externo, lo recomendable es mantener la tasa a la espera de mayor información, antes de
continuar el proceso de normalización de la política monetaria descrito en el último IPoM. Por
lo anterior, su voto también es por hacer una pausa esta vez, manteniendo la tasa de política
monetaria en 5%.",neutral,1,alta,"Por lo anterior, su voto también es por hacer una pausa esta vez, manteniendo la tasa de política monetaria en 5%.","La unidad contiene un extenso diagnóstico externo e interno y recomienda hacer una pausa manteniendo la TPM en 5% a la espera de mayor información antes de continuar la normalización, sin un sesgo direccional explícito de alza o baja. Al ser una mantención sin sesgo direccional propio, corresponde N según el Codebook v3.",cerrado,true,a66727fd1872c6cfa97af411270756b320c3f25fad2a5bc6e586ab7ee46c81ef,IA asistida; validación humana fila por fila,hawkish,hawkish,hawkish,hawkish,hawkish,hawkish,hawkish,hawkish,hawkish,hawkish,hawkish,hawkish,1,candidato_hawkish,hawkish,hawkish,hawkish,hawkish,hawkish,hawkish,hawkish,hawkish,hawkish,hawkish,hawkish,hawkish,2006,3805,Q3,unánime,N_a_direccion
187,RPM-2007-08-09:1391:1,RPM-2007-08-09,2007-08-09,Pablo García Silva,Gerente de División Política Financiera,"El Gerente de División Política Financiera señor Pablo García se manifiesta de acuerdo con las opciones planteadas por la Gerencia de División Estudios, inclinándose por un aumento de la Tasa de Política Monetaria de 25 puntos base en esta ocasión. Comenta que los desarrollos recientes justifican una decisión como ésta. En particular, su comentario se justifica porque el cierre de holguras que presagia mayores presiones de costos a futuro, aunque éstas no se manifiesten aún; por los significativos shocks de oferta, que incrementan la inflación anualizada de todas las medidas de inflación anual y aceleran también la inflación instantánea de los componentes más subyacentes; el levantamiento de las expectativas de inflación a plazos más largos, medidas sea por la compensación inflacionaria o por algunas medidas directas de expectativas. Estima el señor García que no todos estos argumentos se deben acumular para motivar una reacción de política más agresiva, por cuanto se puede esperar con cierta confianza que varios de ellos sean de carácter transitorio y posiblemente se disipen en los próximos trimestres. De no ser así, cree que el Banco Central de Chile tendría tiempo suficiente para actuar con más agresividad en el futuro, si es que las condiciones así lo ameritan. En relación con las implicancias del entorno financiero más turbulento de las últimas semanas y días, estima el señor Gerente de División Política Financiera que ello no debiese por ahora empujar las acciones de política monetaria en una dirección u otra. Por un lado, si se avecinan efectos contractivos en el crecimiento del mundo, ello naturalmente tenderá a suavizar la dinámica de crecimiento local de la actividad y el gasto. Por otro lado, las economías emergentes y Chile parecen estar enfrentando de manera relativamente benigna esta normalización de las condiciones financieras globales.",hawkish,1,alta,"El Gerente de División Política Financiera señor Pablo García se manifiesta de acuerdo con las opciones planteadas por la Gerencia de División Estudios, inclinándose por un aumento de la Tasa de Política Monetaria de 25 puntos base en esta ocasión.","La unidad respalda explícitamente un aumento de la TPM de 25 puntos base, justificándolo por el cierre de holguras, shocks de oferta y el levantamiento de las expectativas de inflación. Ello constituye una dirección Hawkish clara, con confianza alta.",cerrado,true,8487a233805ce136c47e00817ee8a120898dc5f85445d170138055a10a1584a6,IA asistida; validación humana fila por fila,hawkish,hawkish,hawkish,hawkish,hawkish,neutral,hawkish,neutral,hawkish,neutral,hawkish,neutral,1,neutral_dificil,hawkish,hawkish,hawkish,hawkish,hawkish,hawkish,hawkish,hawkish,hawkish,hawkish,hawkish,hawkish,2007,1883,Q2,con_desacuerdo,direccion_a_N
200,RPM-2007-04-12:1216:1,RPM-2007-04-12,2007-04-12,Enrique Marshall Rivera,Consejero,"El Consejero señor Enrique Marshall, agradece al staff el material preparado para esta Reunión de Política Monetaria. Señala el señor Consejero, que las decisiones de política monetaria de los últimos meses han sido complejas y la que enfrentamos hoy no es distinta. Agrega, que las cifras conocidas en los últimos meses en materia de inflación y actividad han estado bastante en línea con nuestro escenario central. Sin embargo, han surgido antecedentes que modifican en alguna medida la evaluación de la marcha de la economía hacia delante. En el frente externo, los commodities han deparado noticias importantes. El petróleo y sus derivados han seguido una trayectoria por sobre lo esperado a principios de año; en tanto, el precio del cobre ha subido bruscamente, alcanzando niveles que no se veían desde el año pasado. Señala el señor Consejero que en materia de actividad, las perspectivas de crecimiento global siguen siendo muy auspiciosas, particularmente para nuestros socios comerciales. Indica que se destaca el buen comportamiento de Europa, Japón y el Asia emergente, lo que ha compensado con creces la desaceleración económica de los Estados Unidos. Sin embargo, la trayectoria futura de la economía norteamericana sigue planteando incertidumbres. Menciona que, si bien el ajuste del sector inmobiliario permanece acotado, persisten dudas sobre sus posibles efectos sobre otros sectores internos y en otras regiones del mundo. Los mercados financieros se han normalizado después de las últimas turbulencias. Los premios por riesgo de las economías emergentes se han comprimido nuevamente y las bolsas han vuelto a mostrar índices positivos. Indica que en los países desarrollados, la inflación se reafirma como una materia de especial preocupación y ello tiene un reflejo en los mercados financieros. Por otra parte, señala el Consejero señor Marshall que, en el frente interno las cifras conocidas en los primeros meses confirman una recuperación gradual de la actividad y una inflación contenida, pero con señales que llevan a visualizar una trayectoria hacia delante algo más alta que la esperada en meses anteriores. Los agregados monetarios y crediticios siguen mostrando altas tasas de expansión. Los primeros incluso se han acelerado en estos últimos meses. Las colocaciones, en cambio, vuelven a mostrar alguna moderación en sus tasas de crecimiento. Los rendimientos de los títulos nominales del Banco Central de Chile subieron levemente, en tanto los rendimientos de los títulos reajustables bajaron por movimientos en las expectativas de inflación. Como resultado, la compensación inflacionaria para plazos cortos se aproximó al 3%. El tipo de cambio ha permanecido bastante estable. La bolsa se ha recuperado y ha vuelto a mostrar índices positivos. Las cifras de demanda y actividad no han tenido cambios apreciables respecto de lo proyectado a principios de año y las principales incertidumbres hacia delante se relacionan con la fuerza relativa que tendrá la inversión y con la evolución del sector industrial. Hace presente el Consejero señor Marshall que en el mercado laboral, se reafirma la tendencia al crecimiento del empleo y, en particular, de su componente asalariado. La tasa de participación revierte la tendencia a la baja observada en meses anteriores y la tasa de desocupación sube en el margen. Por su parte, los costos laborales han seguido creciendo en forma moderada. Comenta el señor Consejero que en materia de inflación, las cifras del primer trimestre muestran algo más de inflación subyacente, básicamente, por un aumento en el precio de los alimentos. Las cifras muestran también algo menos de inflación total, debido al efecto producido por las nuevas tarifas del transporte público. Las proyecciones de corto plazo se han ajustado al alza por el aumento del precio de los alimentos y de los combustibles y las expectativas de inflación de largo plazo siguen bien ancladas en torno a la meta. Hace presente el señor Marshall que para la decisión de esta reunión, las expectativas de mercado están divididas. Sin embargo, la mayoría espera que la tasa permanezca en su actual nivel. Indica que considerando todos estos antecedentes, le parece que la opción más adecuada es mantener la tasa de interés en su actual nivel. Agrega que si bien nuestro escenario contemplaba la posibilidad de uno o dos recortes adicionales, las decisiones futuras quedaron supeditadas a la evaluación de los antecedentes que se fuesen acumulando. Indica también que resulta cierto que las cifras de actividad e inflación de los primeros meses han estado bastante alineadas con lo anticipado. Piensa que ello podría interpretarse como una validación del escenario base y servir de apoyo a la opción de introducir nuevos ajustes a la tasa de interés. Sin embargo, menciona que dos observaciones le parecen pertinentes en relación con este punto. Lo primero, que el escenario base ha sufrido algunas modificaciones; las proyecciones de inflación elaboradas con los nuevos antecedentes son más altas que las anteriores y aparecen sesgadas al alza; los cambios no son demasiado grandes, pero sí resultan suficientes como para reevaluar la conveniencia de un ajuste más bien pequeño, de 25 puntos base. Lo segundo, una parte importante del ajuste contemplado en nuestro escenario central ya se produjo con la rebaja de la Tasa de Política Monetaria en enero pasado y, muy especialmente, con la reacción posterior del mercado, que introdujo ajustes significativos a lo largo de toda la curva de rendimientos. Agrega que estas correcciones se aprecian mejor, si se tienen en cuenta los cambios en expectativas y de tasas que ya se habían producido a fines del año pasado. Indica el señor Consejero que todo ello es para señalar que la decisión de mantener la tasa no debe ser visto como algo incongruente con el escenario central ni menos con el supuesto de trayectoria para la Tasa de Política Monetaria que se entregó en el Informe de Política Monetaria de enero y que en buena medida se ha dado. i Le parece que, en todo caso, independientemente de la decisión que se adopte en esta reunión, se debe prestar mucha atención al comunicado que se entregará al mercado, considerando la complejidad del mismo, las incertidumbres presentes y la sensibilidad que han mostrado los agentes a los mensajes que se han emitido en estos meses. En suma, el Consejero señor Enrique Marshall indica que su voto es por mantener la tasa de política monetaria en 5,0%.",neutral,1,alta,"En suma, el Consejero señor Enrique Marshall indica que su voto es por mantener la tasa de política monetaria en 5,0%.","La unidad contiene un extenso diagnóstico macroeconómico y concluye votando por mantener la TPM en 5,0%, señalando que la decisión no debe verse como incongruente con el escenario central, sin un sesgo direccional explícito. Al ser una mantención sin sesgo direccional propio, corresponde N según el Codebook v3.",cerrado,true,6197bbc6eab31d8c7ff640851fda9a73d3c68b41f961af5a97703a1a0f93ce64,IA asistida; validación humana fila por fila,hawkish,hawkish,hawkish,hawkish,hawkish,hawkish,hawkish,hawkish,hawkish,hawkish,hawkish,hawkish,1,neutral_dificil,hawkish,hawkish,hawkish,hawkish,hawkish,hawkish,hawkish,hawkish,hawkish,hawkish,hawkish,hawkish,2007,6477,Q4_largo,unánime,N_a_direccion
204,RPM-2006-11-16:987:1,RPM-2006-11-16,2006-11-16,Consejo del Banco Central de Chile,Consejo,"En mérito de lo anterior, el Consejo, por la unanimidad de sus miembros, adopta
el siguiente Acuerdo:
100-01-061012 - Tasa de Política Monetaria.
En su reunión mensual de política monetaria, el Consejo del Banco Central
acordó mantener la tasa de interés de política monetaria en 5,25% anual.
Comunicado
“ En su reunión mensual de política monetaria, el Consejo del Banco Central acordó mantener
la tasa de interés de política monetaria en 5,25% anual.
El entorno externo relevante para la economía chilena se mantiene favorable. El precio del
petróleo sigue estando en niveles menores a los proyectados en el último Informe de Política
Monetaria, las condiciones financieras internacionales siguen ventajosas y el precio del cobre,
pese a ajustes recientes, continúa elevado. La actividad interna sigue mostrando un dinamismo reducido, por debajo del previsto y más
allá de fenómenos puntuales en la industria y la minería. Sin embargo, el empleo asalariado
continúa aumentando, el desempleo se reduce y el consumo sigue creciendo con relativa
fuerza. Las condiciones financieras internas permanecen favorables. Estos antecedentes,
unidos a la evolución del escenario externo e intenciones de mayor inversión, son coherentes
con un repunte del crecimiento en el próximo año.
La inflación anual del IPC disminuyó significativamente, en gran medida por la incidencia del
menor precio de los combustibles, y se ubica en la parte inferior del rango meta, por debajo de
proyecciones previas. A lo anterior también contribuye una menor inflación subyacente IPCX1
(que excluye combustibles y perecibles, y algunos servicios regulados). Otros indicadores de
la tendencia inflacionaria también muestran una declinación y las presiones de costos están
contenidas. Estos antecedentes permiten prever que la inflación se ubicará, por algunos
meses, por debajo del centro del rango meta. Las expectativas de inflación de largo plazo
continúan ancladas en torno a 3%.
El Consejo reafirma su compromiso de conducir la política monetaria de manera que la
inflación proyectada se ubique en 3% en el horizonte de política. Cambios futuros en la TPM
para lograr este objetivo dependerán de la nueva información que se acumule y sus
implicancias sobre la inflación proyectada.”
17.45 horas.
El Consejo aprueba el texto del Comunicado.
Se levanta la Sesión a las 18:00 horas.",neutral,1,alta,"En su reunión mensual de política monetaria, el Consejo del Banco Central acordó mantener la tasa de interés de política monetaria en 5,25% anual.","La unidad es el Acuerdo y Comunicado oficial del Consejo que decide mantener la TPM en 5,25% anual, con diagnóstico externo e interno y sin un sesgo direccional explícito en el fragmento citado. Al ser una mantención sin sesgo direccional propio, corresponde N según el Codebook v3.",cerrado,true,8d5ab03f50b3a6bf0d1d81817f8cddab77a3edab1103afb27de317e1530476db,IA asistida; validación humana fila por fila,hawkish,hawkish,hawkish,hawkish,hawkish,hawkish,hawkish,hawkish,hawkish,hawkish,hawkish,hawkish,1,neutral_dificil,hawkish,hawkish,hawkish,hawkish,hawkish,hawkish,hawkish,hawkish,hawkish,hawkish,hawkish,hawkish,2006,2355,Q3,unánime,N_a_direccion
210,RPM-2006-10-12:939:1,RPM-2006-10-12,2006-10-12,Manuel Marfán Lewis,Consejero,"El Consejero señor Manuel Marfán, agradece el análisis efectuado por el staff.
Indica que respecto de la reunión de política monetaria y del IPoM anteriores, las principales
noticias son la verificación de un menor precio internacional del petróleo, la ratificación de un
impulso fiscal para el año 2007 equivalente al previsto, y un realineamiento de las tasas de
interés nominales, más consistentes con el escenario de una pausa prolongada en la política
monetaria.
El menor precio del petróleo, en tanto, ha reducido las presiones inflacionarias, como las expectativas de inflación en los próximos 24 meses. Las expectativas de mediano
plazo siguen ancladas en el centro del rango meta.
El Consejero señor Marfán, hace presente que las cifras de actividad en tanto
ratifican la debilidad anticipada.
Por su parte, las tasas de interés reajustables se han
mantenido en su nivel previo, siendo difícil analizar cuánto ha variado el impulso expansivo en
las condiciones monetarias. El crecimiento del gasto público y el menor precio del petróleo
constituirían así los principales componentes de una reaceleración del crecimiento.
Agrega el señor Consejero, que dos elementos que deberán concentrar nuestra
atención en las próximas semanas son, que las importaciones de bienes de consumo siguen
creciendo sistemáticamente más que el consumo agregado, y que las expectativas de inflación
se ubican debajo del centro del rango meta a lo largo de todo el horizonte habitual de política.
Comenta también, que hace falta más análisis y más evidencia antes de evaluar si estos dos
elementos debieran o no hacernos reaccionar.
Por ahora, indica que sigue pensando que habrá un rebote de mayor actividad
en el horizonte cercano, que no justifica introducir variaciones en la política monetaria en esta
oportunidad.
En consecuencia, el Consejero señor Marfán vota por mantener la tasa de
política monetaria en su nivel actual.
Con todo, indica que coincide con lo planteado en la
Minuta de Opciones, en cuanto a que el Comunicado refleje que, probablemente la pausa será
más prolongada que lo de anticipábamos hace solo un mes atrás.",neutral,1,alta,"En consecuencia, el Consejero señor Marfán vota por mantener la tasa de política monetaria en su nivel actual.","La unidad contiene un diagnóstico macroeconómico y concluye votando por mantener la TPM en su nivel actual, señalando que un probable rebote de actividad no justifica variar la política monetaria y que la pausa probablemente será más prolongada. Al ser una mantención sin sesgo direccional propio, corresponde N según el Codebook v3.",cerrado,true,4d5fc426498f5a0177029828e56d80ce9ab3f448da14d1f5220b41627bef24bb,IA asistida; validación humana fila por fila,hawkish,hawkish,hawkish,hawkish,hawkish,hawkish,hawkish,hawkish,hawkish,hawkish,hawkish,hawkish,1,neutral_dificil,hawkish,hawkish,hawkish,hawkish,hawkish,hawkish,hawkish,hawkish,hawkish,hawkish,hawkish,hawkish,2006,2123,Q3,unánime,N_a_direccion
215,RPM-2013-08-13:5747:1,RPM-2013-08-13,2013-08-13,Enrique Marshall Rivera,Consejero,"El Consejero señor Enrique Marshall inicia su intervención agradeciendo al staff por el apoyo proporcionado para esta Reunión de Política Monetaria y expresa que las noticias del último mes no modifican en lo sustancial nuestro escenario base. Señala que en el frente externo, los mercados financieros han mostrado una mayor estabilidad, pero que permanece presente la atención sobre los efectos e implicancias del retiro de las políticas de estímulo. En materia de crecimiento, las economías avanzadas, con las variantes conocidas, muestran mejorías, mientras las economías emergentes siguen en un proceso de ajuste; y que si bien todo ello apunta en la dirección de un mayor equilibrio global, persisten riesgos. Añade que para las economías emergentes, el principal riesgo es el asociado a la evolución de la economía china. En lo atinente al frente interno, plantea que los datos de actividad siguen dando cuenta de una desaceleración; sin embargo, la demanda continúa ajustándose con lentitud, según se desprende de las cifras de cuentas nacionales del segundo trimestre. En particular, el consumo sigue mostrando dinamismo, lo que se sustenta en buenos registros de empleo y remuneraciones. Con todo, las encuestas de expectativas de los hogares han mostrado caídas por varios meses seguidos, lo que permite visualizar o anticipar que el consumo experimentará ajustes en adelante. Agrega que las condiciones financieras internas permanecen relativamente estables; el crédito evoluciona con moderación y no está ejerciendo un estímulo especial sobre el consumo ni el gasto en general. Asimismo, la inflación se muestra en un proceso de normalización, en línea con expectativas de mercado en torno al 3% anual en el horizonte de política. En lo concerniente a la TPM, indica que el mercado ha asimilado bien las señales entregadas por el Banco y coherente con ello, si bien anticipa recortes acotados de dicha Tasa en los próximos meses, la mayoría de los analistas no espera que ello ocurra en esta oportunidad. El Consejero señor Enrique Marshall señala que en este contexto, las opciones que surgen nuevamente con claridad son mantener o bajar la TPM en 25 puntos base, coincidiendo en tal sentido con la minuta de la Gerencia de División Estudios. Estima que los antecedentes analizados conducen a reafirmar la orientación de la política monetaria esbozada en el último IPoM. Enfatiza que, a su juicio, ello no está en discusión a la luz de los antecedentes disponibles y que el punto que corresponde resolver es si el Consejo debe proceder en esta oportunidad a reducir la TPM o si conviene más bien esperar. Por una parte, se puede argumentar que la economía se desacelera gradualmente y que lo más probable es que continúe en dicha trayectoria, tanto por maduración del ciclo interno, como también por el debilitamiento del impulso externo. Asimismo, se puede sostener que la TPM ha permanecido en un nivel comparativamente alto y que la moderación del ciclo interno ha generado espacio para un ajuste acotado de nivel. Todos los antecedentes mencionados dan apoyo a la idea de recortar dicha Tasa. Sin embargo, las cifras que se han conocido recientemente vuelven a reafirmar que el gasto y particularmente el consumo, se ajustan con bastante lentitud. En estas circunstancias, surge la recomendación de seguir monitoreando su trayectoria antes de adoptar una acción de política. El mercado espera mayoritariamente que se mantenga la TPM, en parte porque coincide en ese diagnóstico. En su opinión, sorprenderlo en esta oportunidad no parece conveniente. Por último, consigna que las señales entregadas en el último tiempo han producido ya algunos efectos relevantes, lo que, a su juicio, le resta dramatismo a la decisión que se adopte en esta Reunión.",neutral,1,alta,"las opciones que surgen nuevamente con claridad son mantener o bajar la TPM en 25 puntos base, coincidiendo en tal sentido con la minuta de la Gerencia de División Estudios. Estima que los antecedentes analizados conducen a reafirmar la orientación de la política monetaria esbozada en el último I","La unidad contiene un diagnóstico macroeconómico y plantea opciones balanceadas (mantener o bajar la TPM en 25 puntos base), recomendando esperar y sorprender lo menos posible, sin resolver direccionalmente a favor de una de ellas. Conforme al Codebook v3, las opciones balanceadas sin resolución corresponden a N.",cerrado,true,89824502ca04172395749a349ac2822e2c7e5c0611ca8fb9dd28ff8a987cf6cf,IA asistida; validación humana fila por fila,dovish,dovish,dovish,dovish,dovish,dovish,dovish,dovish,dovish,dovish,dovish,dovish,1,candidato_dovish,dovish,dovish,dovish,dovish,dovish,dovish,dovish,dovish,dovish,dovish,dovish,dovish,2013,3765,Q3,unánime,N_a_direccion
238,RPM-2015-03-19:6690:1,RPM-2015-03-19,2015-03-19,Rodrigo Vergara Montes,Presidente del Banco Central,"El Presidente señor Rodrigo Vergara agradece el planteamiento expuesto por el Vicepresidente señor Enrique Marshall e inicia su intervención expresando su reconocimiento al staff por el excelente análisis consignado precedentemente. En lo que respecta al escenario externo, consigna que se mantienen, en líneas gruesas, las proyecciones y los riesgos destacados en Reuniones anteriores. En el lado positivo, destaca la solidez de la recuperación norteamericana, las mejores perspectivas para Europa y la consolidación de la baja del precio del petróleo, a lo que se agrega el Comunicado de ayer de la Reserva Federal, donde ha dejado claro que el alza de la tasa de política monetaria en dicho país será más gradual que lo planteado hasta la reunión previa. A su juicio, ello no es menor, porque reduce, aunque obviamente no elimina, los riesgos de aumentos bruscos en las tasas de largo plazo y, luego, los de detenciones bruscas en los flujos de capital. En lo negativo, resalta los problemas que enfrentan hoy una serie de economías de América Latina, en particular Brasil, y los riesgos que siguen presentes en relación a China, Grecia, Rusia y otros. En el ámbito interno, señala que las cifras de actividad han superado las proyecciones de mercado, aunque podría haber algo de puntual en ellas, lo que llevaría a cifras algo menores en los meses que siguen. Con todo, es una noticia positiva a destacar, porque apunta a que la economía chilena seguiría gradual y lentamente evolucionando hacia mayores tasas de crecimiento. Añade que la demanda interna sigue débil, mientras que en el mercado laboral, la tasa de desempleo sigue baja y el empleo asalariado crece vigorosamente. Manifiesta que la mayor preocupación para el Banco Central dice relación con la inflación, ya que continúa por sobre el rango de tolerancia y se estima se mantendrá en ese nivel por un tiempo más prolongado. A este respecto, señala que si bien la distancia a la parte superior de dicho rango es acotada, no se puede minimizar el riesgo de mantenerse o subir de los niveles actuales incluso por más tiempo; que las expectativas de mercado se han ajustado al alza y superan las del IPoM de diciembre; y que se debe recordar que entonces nuestra proyección fue considerada elevada por gran parte del mercado. Añade que la inflación subyacente ha tenido una dinámica similar. Expresa que la mayor inflación se explica principalmente por el mayor tipo de cambio y por su persistencia, lo que lo diferencia de períodos previos. En su opinión, el mayor coeficiente de traspaso, al menos mayor que el previsto originalmente, debe hacernos pensar en que las holguras de capacidad son probablemente menores que las que se pensaron en un principio. Además, que ello es consistente con el bajo desempleo y la evolución de los salarios. Agrega que las expectativas de inflación a un año han subido fuertemente en los últimos meses, pero que, en general, se advierte bastante volatilidad a ese plazo; y que aquellas a dos años plazo se han mantenido ancladas en el 3%. A juicio del Presidente señor Rodrigo Vergara, el Banco Central ha hecho su trabajo con una política monetaria contracíclica significativa y oportuna; no obstante, los desarrollos en la inflación, en particular los relacionados con las expectativas de esta variable, indican, evidentemente, que el espacio para un mayor estímulo monetario no existe en la actualidad. En ese sentido, manifiesta su concordancia con la Minuta de Opciones en cuanto a que esa es una opción rápidamente descartable en esta oportunidad. Asimismo, estima que la opción de subir tampoco parece razonable, por lo que también aquí coincide con la Minuta antedicha. No obstante, en este caso, no cree que se pueda descartar a priori la posibilidad que, en un futuro próximo, esa opción entre en nuestro análisis. De hecho, los precios de mercado ya la incorporan para el tercer trimestre de este año y las encuestas de expectativas para el 2016. Consigna que nuestro análisis apunta a que la inflación irá gradualmente convergiendo a la meta de 3%, entre otros elementos, por mayores holguras de capacidad y por una muy baja inflación internacional. Sin embargo, los riesgos en esta materia han aumentado, razón por la que debemos estar atentos a ello. Por los motivos antedichos, el Presidente señor Rodrigo Vergara manifiesta que su voto es por mantener la Tasa de Política Monetaria en 3,0% anual y el sesgo neutral del último Comunicado. En consecuencia, el Presidente señor Rodrigo Vergara deja constancia de que se acuerda, por unanimidad de los señores Consejeros, mantener la Tasa de Política Monetaria en 3,0% anual.",hawkish,1,media,"los desarrollos en la inflación, en particular los relacionados con las expectativas de esta variable, indican, evidentemente, que el espacio para un mayor estímulo monetario no existe en la actualidad.","La unidad, aunque vota por mantener la TPM en 3,0% con sesgo neutral, sostiene explícitamente que el espacio para un mayor estímulo monetario no existe en la actualidad y descarta la opción de recortar, reconociendo además que la opción de subir no puede descartarse a futuro. Ello constituye un rechazo sustantivo a mayor relajamiento propio de una dirección Hawkish, con confianza media porque la acción inmediata es de mantención.",cerrado,true,6c5b3cb33d2e432d4bb70f8631c3bcce5b688a17aa3dbf2103a5379692a3ee01,IA asistida; validación humana fila por fila,dovish,dovish,dovish,dovish,dovish,dovish,dovish,dovish,dovish,dovish,dovish,dovish,1,neutral_dificil,dovish,dovish,dovish,dovish,dovish,dovish,dovish,dovish,dovish,dovish,dovish,dovish,2015,4637,Q4_largo,unánime,inversion_HD
253,RPM-2009-11-12:2796:3,RPM-2009-11-12,2009-11-12,Enrique Marshall Rivera,Consejero,"En el frente externo, el señor Enrique Marshall menciona que con diferencias y matices, la recuperación tiende a asentarse y que las perspectivas de crecimiento global se han revisado también levemente al alza. Destaca que los mercados financieros han seguido mostrando una consolidación de sus avances, lo que se advierte con particular intensidad en las economías emergentes, las que han experimentado importantes influjos de capital y una apreciación de sus monedas, no obstante lo cual, estos mercados muestran sensibilidad a las nuevas noticias y una volatilidad mayor que en meses anteriores. Agrega que en un contexto de recuperación de la actividad y depreciación del dólar, los precios de las materias primas han vuelto a subir, lo que, en su opinión, debe ser monitoreado con atención. Con todo, manifiesta que la economía mundial se muestra todavía frágil y vulnerable, ya que los países desarrollados enfrentan problemas estructurales, bien conocidos, que podrían limitar sus perspectivas de crecimiento en el mediano plazo, no obstante el empuje proveniente de las economías emergentes, y hace presente que dos temas agregan incertidumbre al escenario global: la debilidad del dólar y el retiro de las políticas de estímulo, especialmente en los países desarrollados, por sus implicancias a nivel mundial. En el frente doméstico, el señor Consejero indica que los mercados financieros no han deparado sorpresas y siguen reflejando bastante normalidad, considerando la fase del ciclo por la que se atraviesa. En opinión del señor Marshall, donde sí han surgido noticias relevantes es en el mercado cambiario. Al respecto, señala que, por algunos meses, el peso se apartó de la tendencia apreciativa que mostraban las principales monedas de las economías emergentes, pero ha vuelto a ese derrotero, conducido principalmente por fundamentales. Plantea que este desarrollo tiene importantes efectos, directos e indirectos, sobre la inflación y, por lo tanto, debe ser monitoreado con mucha atención. El Consejero señor Marshall menciona que el crédito bancario se ha estabilizado. Las tasas de interés han alcanzado niveles próximos a sus promedios históricos y, en el margen, observan movimientos mixtos. Los ajustes inducidos por la política monetaria, en lo fundamental, parecen haber concluido y la magnitud del ajuste observado lleva a pensar que la moderación y la cautela permanecerán en este mercado por algún tiempo. Comenta que las cifras de demanda y actividad, evaluadas en perspectiva, dan cuenta de un proceso de recuperación, que no se aparta en forma apreciable de lo proyectado en el último IPoM. En su opinión, el último registro de Imacec, si bien sorprendió a la baja, no cambia dicho diagnóstico. Respecto del empleo, el señor Marshall manifiesta que vuelve a dar señales de estabilización. Las remuneraciones siguen mostrando poca sensibilidad a las condiciones del mercado laboral, lo que genera preocupación por sus implicancias para la recuperación. Al referirse a la inflación, señala que se mantiene baja y acotada. Los registros mensuales del último mes resultaron nulos para todas las medidas y, con ello, la variación anual del IPC se mantiene en territorio negativo y permanecería allí hasta fines de año. Sostiene que ello no cambia, en todo caso, las proyecciones de mediano plazo, que dan cuenta de una convergencia gradual hacia el 3%, y que esa misma visión es compartida por el mercado, cuyas expectativas de inflación se ubican en torno a la meta para un horizonte de mediano plazo. Sin embargo, destaca que los desarrollos del último mes vuelven a plantear cierta incertidumbre sobre la trayectoria de la inflación en el mediano plazo. El señor Consejero señala que la curva de expectativas para la TPM ha moderado su trayectoria en lo más reciente, pero se mantiene empinada, lo que refleja incertidumbre sobre el proceso de normalización de la política monetaria. En suma, el señor Marshall estima que el escenario macroeconómico no ha cambiado en forma significativa y, por tanto, la recomendación general de mantener un fuerte estímulo monetario permanece plenamente vigente. Sostiene también que sigue siendo válida la señal más específica que se entregó en meses anteriores, en el sentido que la TPM se mantendría en su actual nivel hasta el segundo trimestre del próximo año. En opinión del señor Consejero, el principal tema de esta Reunión no es el nivel ni la trayectoria futura de la TPM, sino las medidas complementarias y, en particular, la FLAP. Como se ha expresado reiteradamente, estas acciones fueron introducidas para reforzar la política monetaria y entregar una señal de permanencia del estímulo monetario y, en ese sentido, cumplieron bien su objetivo. No obstante, señala que estas medidas impusieron cierto grado de rigidez en la conducción de la política monetaria, al comprometer un nivel de TPM a plazos más largos que los habituales. A la luz de los desarrollos observados, que en lo fundamental están en línea con lo anticipado, se requiere, a su juicio, que la política monetaria vuelva a su formato acostumbrado y recupere todos los grados de libertad requeridos, lo que necesariamente supone el retiro de la FLAP, de manera que sus operaciones no se extiendan más allá del segundo trimestre del próximo año.",neutral,1,alta,"el señor Marshall estima que el escenario macroeconómico no ha cambiado en forma significativa y, por tanto, la recomendación general de mantener un fuerte estímulo monetario permanece plenamente vigente.","La unidad contiene un extenso diagnóstico macroeconómico y sostiene que la recomendación de mantener un fuerte estímulo monetario permanece vigente, con la TPM en su actual nivel hasta el segundo trimestre del próximo año, centrando el debate en las medidas complementarias (FLAP) y no en la trayectoria de la TPM. Al ser una mantención sin sesgo direccional propio, corresponde N según el Codebook v3.",cerrado,true,aea89ededb31fe8c6e09386b4a6280481951395f7afb37f2db17bb95f278cea3,IA asistida; validación humana fila por fila,dovish,dovish,dovish,dovish,dovish,dovish,dovish,dovish,dovish,dovish,dovish,dovish,1,candidato_hawkish,dovish,dovish,dovish,dovish,dovish,dovish,dovish,dovish,dovish,dovish,dovish,dovish,2009,5287,Q4_largo,unánime,N_a_direccion
255,RPM-2011-12-13:4510:1,RPM-2011-12-13,2011-12-13,Enrique Marshall Rivera,Consejero,"El Consejero señor Enrique Marshall inicia su intervención agradeciendo al staff el apoyo brindado en esta oportunidad. Hace presente que las noticias del último mes han seguido centradas en las economías avanzadas y, en particular, en Europa. Destaca que las tensiones financieras en los mercados internacionales no han aflojado y que las perspectivas de crecimiento en el mundo desarrollado se han seguido debilitando; que los sentimientos permanecen deprimidos al observar que los avances en la solución de los problemas estructurales son muy lentos e insuficientes; y que, en estos días, los mercados han reafirmado su escepticismo sobre la efectividad de las acciones de política adoptadas en Europa. Manifiesta que los efectos de ello para las economías emergentes, si bien han permanecido acotados o contenidos, comienzan a reflejarse en diversos indicadores. Por último, señala que se ha consolidado así un escenario externo más adverso que el visualizado hace algunos meses, y que a ello se agrega que los riesgos permanecen altos y han tendido a incrementarse. En el frente interno, subraya que la actividad sigue entregando señales de desaceleración y que el último registro del IMACEC resultó incluso más bajo de lo esperado. Sin embargo, menciona que no es claro cuánto de la desaceleración observada responde directamente al deterioro de las condiciones externas. Asimismo, comenta que si bien la demanda interna también se modera, aún exhibe un relativo dinamismo, que es coherente con el comportamiento del empleo, los salarios y el crédito. En el ámbito bancario, indica que los agregados y las tasas de interés se comportan con relativa normalidad, pero que surgen indicios de fricciones, de origen externo, que deben ser monitoreadas por sus eventuales implicancias para la política monetaria. Por otra parte, señala que la inflación anual ha experimentado un leve repunte por factores puntuales, entre los que se incluye la devaluación del peso. Sin embargo, destaca que más allá de esta desviación de la inflación, transitoria y acotada, no se advierten elementos que comprometan su estabilidad en el mediano plazo. De hecho, indica que las medidas subyacentes permanecen muy contenidas. Hace presente que el mercado tiene un diagnóstico muy similar, por cuanto sus expectativas inflacionarias se han ajustado al alza en el corto plazo, pero permanecen completamente en línea con la meta en el mediano plazo. En cuanto a la tasa de política monetaria, manifiesta que el mercado ha reafirmado sus expectativas de recortes en los próximos meses. En todo caso, informa que para esta Reunión, el mercado espera mayoritariamente que la tasa se mantenga, con una fracción, eso sí, importante que apuesta por un recorte. Sobre las opciones que resultan coherentes con los antecedentes revisados, coincide con la Minuta de la Gerencia de División Estudios en que las razonables o plausibles son las mismas de las últimas Reuniones, esto es, mantener o bajar la TPM en 25 puntos base. Reconoce, eso sí, que esta vez la decisión es más compleja que en ocasiones anteriores, debido a la evolución experimentada por el escenario externo y sus implicancias internas. A juicio del Consejero señor Enrique Marshall, el deterioro externo podría justificar adoptar acciones preventivas, teniendo en cuenta adicionalmente el nivel en que se ubica la TPM, que no es particularmente bajo. Sin embargo, concuerda con que la economía interna exhibe todavía cierto dinamismo y que se encuentra en un proceso de gradual moderación de su ritmo de expansión, bastante en línea con lo esperado, y con una inflación anual bajo control, pero ubicada transitoriamente cerca del límite superior del rango meta. Enseguida, plantea que el riesgo de no innovar parece bastante acotado en estos momentos, ya que si las condiciones cambiaran bruscamente, debido a una pérdida de impulso de la demanda y/o por una intensificación de las fricciones financieras antes comentadas, no existirían mayores restricciones para que la política monetaria reaccione incluso en forma agresiva. Finalmente, indica que la apuesta mayoritaria, pero no unánime, del mercado por la opción de mantener es también un elemento que debe ser considerado al momento de tomar una decisión. En virtud de ello, el Consejero señor Enrique Marshall se inclina por no innovar en esta Reunión y vota, por tanto, por dejar la TPM en su actual nivel de 5,25%.",neutral,1,alta,"En virtud de ello, el Consejero señor Enrique Marshall se inclina por no innovar en esta Reunión y vota, por tanto, por dejar la TPM en su actual nivel de 5,25%.","La unidad contiene un extenso diagnóstico macroeconómico, plantea opciones balanceadas (mantener o bajar la TPM en 25 puntos base) y concluye votando por mantener la TPM en 5,25% sin un sesgo direccional explícito resuelto. Al ser opciones balanceadas con mantención sin sesgo direccional propio, corresponde N según el Codebook v3.",cerrado,true,c19e5f18d892fbd96900619d178aa262da332f0cdeaf2a88ae6ee5d96fac6908,IA asistida; validación humana fila por fila,dovish,dovish,dovish,dovish,dovish,dovish,dovish,dovish,dovish,dovish,dovish,dovish,1,candidato_dovish,dovish,dovish,dovish,dovish,dovish,dovish,dovish,dovish,dovish,dovish,dovish,dovish,2011,4411,Q4_largo,unánime,N_a_direccion
260,RPM-2007-08-09:1392:1,RPM-2007-08-09,2007-08-09,Beltrán de Ramón Acevedo,Gerente de Mercados Financieros Nacionales,"El Gerente de Mercados Financieros Nacionales señor Beltrán De Ramón concuerda con la opinión de quienes lo antecedieron inclinándose de entre las dos opciones, por la de 25 puntos base, por las mismas razones que han expresado los Gerentes que lo han precedido en esta reunión. Indica que centrará su comentario en la recomendación respecto a qué se puede decir hacia delante y en el comunicado. También menciona el señor Gerente que se inclina por darle alguna chance mayor a la posibilidad de incrementar las tasas de manera más seguida y, en particular, porque si bien estima que las expectativas de inflación están ancladas, el indicador breakinflation y la forward están en el rango alto, y se podría explicar entre dos y diez años, el premio de los nominales versus los reales, pero ya se está en 35 puntos en algunos y relativamente altos, situación a la que habría que poner atención. En particular, estima el señor De Ramón que ese riesgo hay que considerarlo por dos razones. Primero, porque de sus conversaciones con agentes del mercado, tiene la impresión que ellos no tienen claro lo de los rezagos que hay de la inflación. Algunos creen que se mide punta a punta y no semanal, y como lo señalaba el Gerente de Análisis Macroeconómico señor Igal Magendzo, existen algunos rezagos que se van a presentar en los próximos meses y que pueden ser sorpresivos. Agrega el señor De Ramón que el mercado está viendo en el corto plazo menos inflación que el Banco Central de Chile. Indica que el segundo argumento para justificar el movimiento de tasas es que puede hacer moverlas desordenadamente y, por lo tanto a las compensaciones inflacionarias. Es que está operando en este minuto la disminución de la reserva técnica y el aumento de los límites, que sí bien hasta ahora no ha tenido efectos, no se puede descartar que los tenga en el futuro y eso podría llevar a que estas compensaciones se desordenen, situación que considera preocupante. Por lo antes expuesto, el señor Beltrán De Ramón recomienda ser consistentes en el comunicado.",hawkish,1,media,"se inclina por darle alguna chance mayor a la posibilidad de incrementar las tasas de manera más seguida y, en particular, porque si bien estima que las expectativas de inflación están ancladas, el indicador breakinflation y la forward están en el rango alto","La unidad se inclina por la opción de 25 puntos base y favorece dar mayor probabilidad a incrementar las tasas de manera más seguida, atendiendo a indicadores de compensación inflacionaria en el rango alto y riesgos de desorden en las expectativas. Ello constituye una dirección Hawkish de endurecimiento con sesgo al alza, con confianza media por el carácter recomendatorio y táctico del planteamiento.",cerrado,true,bd6c7e4c8b78e86d903504e69eabf8178696794090c3997fad1ca167f7bb91f5,IA asistida; validación humana fila por fila,neutral,neutral,neutral,neutral,neutral,neutral,neutral,neutral,neutral,neutral,neutral,neutral,1,candidato_hawkish,neutral,neutral,neutral,neutral,neutral,neutral,neutral,neutral,neutral,neutral,neutral,neutral,2007,2045,Q3,unánime,direccion_a_N
275,RPM-2005-11-10:496:1,RPM-2005-11-10,2005-11-10,Luis Óscar Herrera Barriga,Gerente de División Política Financiera,"El Gerente de División Política Financiera, don Luis Óscar Herrera, hace presente que de alguno de los antecedentes que se han revisado, le parece que básicamente en las tasas de expansión tanto en la economía mundial como en la chilena, continúan en línea con lo proyectado, pero que se está refiriendo a escenarios muy similares a los que se tenían proyectados y, por lo tanto, ello significa que a la fecha esta expansión no ha reflejado el impacto recesivo que se esperaba del shock petrolero. Agrega que ese riesgo, que habría internalizado el mercado, no se habría manifestado. Sin embargo, el impacto inflacionario del shock petrolero sí resulta evidente, aunque también hasta la fecha no se contamina hacia la tendencia inflacionaria, pero parece ser más relevante que en el pasado. En consecuencia, las tasas en el exterior y la evaluación que han hecho los mercados implicarían que probablemente el impulso monetario se moverá más rápidamente hacia un nivel neutral. En su opinión, lo mismo debería ocurrir en Chile, tanto por la correlación que ha tenido la demanda, las presiones de demanda interna y también las correlaciones que tienen las presiones de oferta, y la circunstancia de que las tasas en el exterior puedan aumentar más rápidamente, lo que agrega una dimensión cambiaria a la inflación chilena, y ello también lo han procesado los mercados en Chile en términos de aumento de las tasas de interés, más allá de algunos efectos que se han acentuado en las últimas semanas. Concluye el señor Herrera, que en este escenario concuerda con la opinión manifestada por la Gerencia de División Estudios.",hawkish,1,media,"las tasas en el exterior y la evaluación que han hecho los mercados implicarían que probablemente el impulso monetario se moverá más rápidamente hacia un nivel neutral. En su opinión, lo mismo debería ocurrir en Chile","La unidad sostiene que el impulso monetario probablemente se moverá más rápidamente hacia un nivel neutral y que lo mismo debería ocurrir en Chile, concordando con la Gerencia de División Estudios en un contexto de normalización. Ello constituye una dirección Hawkish de retiro del impulso monetario con sesgo al alza. La confianza es media porque la recomendación es implícita y se apoya en la convergencia con el staff.",cerrado,true,968f693821ebff7ef15f0e5ae89e49323504aff5680f4f9b7f478f0796ea0484,IA asistida; validación humana fila por fila,neutral,neutral,neutral,neutral,neutral,neutral,neutral,neutral,neutral,neutral,neutral,neutral,1,candidato_hawkish,neutral,neutral,neutral,neutral,neutral,neutral,neutral,neutral,neutral,neutral,neutral,neutral,2005,1619,Q2,unánime,direccion_a_N
287,RPM-2006-06-15:741:1,RPM-2006-06-15,2006-06-15,Consejo del Banco Central de Chile,Consejo,"En mérito de lo anterior, el Consejo, por la unanimidad de sus miembros, adopta
el siguiente Acuerdo:
94-01-060615 - Tasa de Política Monetaria.
En su reunión mensual de política monetaria, el Consejo del Banco Central de
Chile acordó mantener la tasa de interés de política monetaria en 5% anual.
Comunicado
“En su reunión mensual de política monetaria, el Consejo del Banco Central acordó
mantener la tasa de interés de política monetaria en 5% anual.
El entorno externo relevante para la economía chilena sigue siendo favorable, pese a que
en las últimas semanas las condiciones financieras que enfrentan las economías
emergentes se han tornado menos ventajosas. En este contexto, tanto las bolsas como las
monedas se han ajustado a la baja, mientras que los premios por riesgo soberano han
aumentado levemente. El precio del cobre se ha corregido a la baja relativamente rápido,
pero se mantiene en niveles altos. La información disponible sigue apuntando a que la demanda interna está moderando su
tasa de crecimiento, en línea con lo proyectado en el último Informe de Política Monetaria.
El crecimiento de la actividad de abril se ubicó por debajo de lo esperado, aunque hasta
ahora la evidencia sugiere que detrás de ello no habría factores persistentes. El empleo
continúa creciendo a tasas elevadas, especialmente el asalariado.
Las condiciones
financieras internas siguen siendo expansivas, aunque en menor grado que en meses
pasados.
La inflación del IPC ha seguido con una trayectoria dentro de lo previsto en el último
Informe de Política Monetaria.
La inflación del IPCX1 (que excluye combustibles,
perecibles y algunos servicios regulados) ha disminuido recientemente, al igual que otros
indicadores de la tendencia inflacionaria, mientras las distintas mediciones de expectativas
de inflación continúan bien ancladas en torno a 3%. Si bien los precios de los combustibles
han seguido aumentando, otras presiones de costos parecen bien contenidas.
Esta decisión de mantener inalterada la TPM es coherente con la estrategia de
normalización pausada de la política monetaria. Ella no modifica la evaluación del Consejo
de que, en el escenario más probable, siguen siendo necesarios incrementos adicionales
de la tasa de interés en meses venideros para alcanzar una inflación en torno a 3% anual
en el horizonte habitual de política.”
17.50 horas.
El Consejo aprueba el texto del Comunicado.
Se levanta la Sesión a las 18:00 horas.",neutral,1,alta,Esta decisión de mantener inalterada la TPM es coherente con la estrategia de normalización pausada de la política monetaria.,"La unidad es el Acuerdo y Comunicado oficial que decide mantener la TPM en 5% anual, señalando que es coherente con la estrategia de normalización pausada y que siguen siendo necesarios incrementos adicionales en meses venideros. La acción inmediata es de mantención sin un sesgo direccional explícito resuelto en el fragmento, por lo que corresponde N según el Codebook v3.",cerrado,true,a14985760c22492efbf53231c395d851b65fae16d8777ec08da12bb76ad43d28,IA asistida; validación humana fila por fila,hawkish,hawkish,hawkish,hawkish,hawkish,hawkish,hawkish,hawkish,hawkish,hawkish,hawkish,hawkish,1,neutral_dificil,hawkish,hawkish,hawkish,hawkish,hawkish,hawkish,hawkish,hawkish,hawkish,hawkish,hawkish,hawkish,2006,2444,Q3,unánime,N_a_direccion
290,RPM-2007-04-12:1210:1,RPM-2007-04-12,2007-04-12,Pablo García Silva,Gerente de División Política Financiera,"El Gerente de División Política Financiera señor Pablo García señala que comparte la opinión de la Gerencia de División Estudios en el sentido que nuevamente las opciones más plausibles son la mantención o una reducción de 25 puntos base en la Tasa de Política Monetaria. Como la cuantificación de las implicancias de las noticias mes a mes es bastante difícil y hubo un caveat respecto a tomar literalmente las proyecciones presentadas el último martes; cree conveniente tomar una perspectiva algo más larga para evaluar si el ajuste monetario iniciado en septiembre del año pasado ha sido suficiente para afrontar el cambio de panorama inflacionario. Indica que en primer lugar, el cambio en perspectivas de inflación ha sido de alrededor de 100 puntos base, tomando mediados de este año como pivote. Aunque efectivamente frente a esto la Tasa de Política Monetaria se ha reducido solo en 25 puntos base, el ajuste de expectativas de mercado ha sido sustancialmente mayor, del orden de 100 a 150 puntos base, tomando de nuevo como pivote la Tasa de Política Monetaria de julio del año 2007 esperada ahora y hace seis-nueves meses, donde un margen de +/- 25 puntos base claramente está dentro de las incertidumbres estadísticas. Consulta si es este ajuste el que corresponde dada la magnitud del shock. Manifiesta el señor García que no parece diferir de manera significativa, justamente dadas esas incertidumbres. En segundo lugar, el Gerente de División Política Financiera opina que esto es así principalmente debido a que el escenario de crecimiento económico proyectado desde ese mismo período ha sido notablemente acertado, tema que al menos en su caso revestía dudas suficientes como para actuar de forma preventiva a principios de año frente a riesgos de una desaceleración significativa de la actividad. Por ello, indica el señor García que el significativo u shock de oferta desinflacionario que se ha experimentado no se vio sucedido por shocks de demanda que ameritaran acciones de política más agresivas. En este contexto, se pregunta cuáles son las implicancias para la decisión de hoy. Dada la notable incertidumbre que rodea a las implicancias de los shocks de oferta, y la dividida opinión de los analistas, estima que tomar una u otra opción sea probablemente equivalente. Lo que sí cree que es pertinente es darle un carácter más neutral al comunicado, por dos razones: una, que se está a un mes de un IPoM] dos, que no le queda claro por qué los riesgos de oferta adicionalmente mencionados se compensan con proyecciones alternativas de IPCX1 que pueden llevar esta inflación a cifras en torno a un punto por debajo de la proyección de corto plazo en un horizonte corto.",neutral,1,alta,comparte la opinión de la Gerencia de División Estudios en el sentido que nuevamente las opciones más plausibles son la mantención o una reducción de 25 puntos base en la Tasa de Política Monetaria.,"La unidad plantea opciones balanceadas (mantener o reducir la TPM en 25 puntos base), sostiene que tomar una u otra opción es probablemente equivalente dada la incertidumbre y recomienda dar un carácter más neutral al comunicado, sin resolver direccionalmente. Conforme al Codebook v3, las opciones balanceadas sin resolución corresponden a N.",cerrado,true,464ae878de90cf3ae995b6e573324e1feee94054f0c76f6d49f2d6591ca836a9,IA asistida; validación humana fila por fila,hawkish,hawkish,hawkish,hawkish,hawkish,hawkish,hawkish,neutral,hawkish,hawkish,hawkish,hawkish,1,neutral_dificil,hawkish,hawkish,hawkish,hawkish,hawkish,hawkish,dovish,hawkish,hawkish,hawkish,hawkish,hawkish,2007,2691,Q3,con_desacuerdo,N_a_direccion
291,RPM-2014-03-13:6101:1,RPM-2014-03-13,2014-03-13,Matías Bernier Bórquez,Gerente de Mercados Nacionales,"El señor Matías Bernier destaca algunos argumentos que se contienen en la Minuta de Opciones presentada por la Gerencia de División Estudios, que apoyan una reducción de la Tasa de Política Monetaria en esta Reunión, y que se relacionan particularmente con datos económicos y con las expectativas de mercado. En lo referente a los datos económicos, expresa que el último IMACEC, menor que lo esperado, está dando señales de una menor demanda interna, y que, en particular, los datos de comercio y consumo muestran una desaceleración en el último trimestre especialmente grave. Agrega que por el lado de la oferta, la disminución es algo más extendida, ya que si bien el desempleo ha aumentado en el margen, se observa también un grado de menor dinamismo en el componente asalariado. Con respecto a las expectativas económicas, comenta que los precios de activos financieros y las encuestas EOF y EEE reflejan un grado de consenso en el mercado en cuanto a que el Banco acordará un recorte de la TPM de 25 puntos base en esta Reunión.",dovish,1,alta,"El señor Matías Bernier destaca algunos argumentos que se contienen en la Minuta de Opciones presentada por la Gerencia de División Estudios, que apoyan una reducción de la Tasa de Política Monetaria en esta Reunión","La unidad respalda explícitamente los argumentos que apoyan una reducción de la TPM en esta Reunión, señalando señales de menor demanda interna, desaceleración del comercio y consumo, y un consenso de mercado en torno a un recorte de 25 puntos base. Ello constituye una dirección Dovish clara de ampliación del impulso monetario, con confianza alta.",cerrado,true,4d269ab84c16e5b8d9933805ed548382082b35f14b43a124dbcf495b68b4f5df,IA asistida; validación humana fila por fila,neutral,neutral,neutral,neutral,neutral,neutral,neutral,neutral,neutral,neutral,neutral,neutral,1,neutral_dificil,neutral,neutral,neutral,neutral,neutral,neutral,neutral,neutral,neutral,neutral,neutral,neutral,2014,1033,Q2,unánime,direccion_a_N
300,RPM-2006-06-15:739:1,RPM-2006-06-15,2006-06-15,José De Gregorio Rebeco,Vicepresidente del Banco Central,"El Vicepresidente señor José De Gregorio indica, que a diferencia de ocasiones
anteriores, desde la última Reunión de Política Monetaria ha habido algunos cambios
importantes tanto en el ambiente internacional como local que vale la pena revisar.
En primer lugar, señala el señor Vicepresidente que en la economía mundial se
observa que el precio del cobre ha caído, pero a niveles que son más coherentes con nuestro
escenario base. Sin embargo las turbulencias financieras externas podrían estar indicando que
el ajuste de los precios de activos, los de balances globales y la desaceleración del crecimiento
de la economía mundial se estarían iniciando.
Le parece que aún es prematuro para
determinar si esto es solo una sobrerreacción del mercado o una corrección más persistente, lo
que resultaría en un escenario internacional más adverso.
En segundo lugar, indica que en el ámbito interno las últimas cifras del Imacec
fueron sorpresivamente débiles y era esperable un crecimiento menor, producto de menos días
trabajados, pero ello no da cuenta de la magnitud del menor crecimiento de las cifras globales.
Los antecedentes sectoriales permitirían argumentar que esto es sólo algo transitorio, pues la
evolución de la actividad sigue dentro de los rangos de nuestro escenario central, pero tampoco
se puede descartar que esto que está ocurriendo es una leve desaceleración del crecimiento.
Estima el señor Vicepresidente, que nuevamente es aún prematuro contar con algún grado de
seguridad sobre cuál de los dos fenómenos es el que está ocurriendo y, por ello, es necesario
seguir acumulando antecedentes para ver cuan persistentes son las noticias de actividad que
se han estado observando.
A lo anterior, el Vicepresidente señor José De Gregorio agrega, que se debe
sumar que el tipo de cambio se ha depreciado algo por encima de lo que se hubiera esperado
en el corto plazo y esto podría tener consecuencias inflacionarias, pero en la medida que
responda a una corrección a fundamentales más consistentes con el largo plazo y al mismo tiempo dado lo acotado del coeficiente de traspaso del tipo de cambio inflación, es difícil pensar
que esto vaya a representar presiones inflacionarias que requieran de una respuesta de política
monetaria.
Agrega el Vicepresidente señor De Gregorio que, a su juicio, el balance de las
noticias más recientes es a reducir las presiones inflacionarias de corto plazo aunque dado lo
reciente de los eventos esto sería en menor magnitud. De allí la importancia de esperar para
disponer de más información que permita concluir si está ocurriendo un cambio de tendencia
en la economía internacional en la línea de los ajustes más abruptos del escenario de riesgo de
nuestro último IPoM.
Hace presente que todo lo anterior sugiere cautela y por lo tanto recomienda una
pausa en los procesos de normalización de la política monetaria.
Sin embargo, cree que
también hay que evaluar el ritmo en que se ha venido retirando el impulso monetario, así como
el momento en que se considere que se ha llegado a una situación relativamente neutral.
Indica que es probable que las pausas sean más frecuentes que a lo que estábamos
acostumbrados.
Asimismo, expresa el señor Vicepresidente que, dada la coyuntura
internacional y las condiciones externas, se hace relevante preguntarse cuál es la política
monetaria neutral. Agrega que si bien la tasa neutral de largo plazo está muy por encima de la
tasa actual, las condiciones de corto plazo sugerirían una tasa coherente con un impulso
monetario neutral algo menor a la de largo plazo.
Para esto le parecen particularmente
relevantes los otros impulsos de demanda a que está sometida nuestra economía. Cree que
usar la política fiscal y el impacto de aumento de los términos de intercambio apuntarían a un
impulso de demanda muy contenido.
Estima, que si bien nada justifica modificar nuestra
estrategia de retiro pausado del impulso monetario, es prudente evaluar las dosis de este
proceso, algo que habrá que ir viendo en las siguientes reuniones.
En resumen, el Vicepresidente señor De Gregorio cree que hay que estar
particularmente atento a los posibles cambios de tendencia en el escenario macroeconómico,
en especial, respecto al escenario externo. El contexto de incertidumbre actual, considerando
las perspectivas inflacionarias es consistente con nuestra meta. Agrega que cree que este es
un buen momento para realizar una pausa y mantener la tasa de política monetaria en 5% y por
lo tanto, vota en tal sentido.",neutral,1,alta,"Agrega que cree que este es un buen momento para realizar una pausa y mantener la tasa de política monetaria en 5% y por lo tanto, vota en tal sentido.","La unidad contiene un extenso diagnóstico macroeconómico, recomienda cautela y una pausa en los procesos de normalización, y vota por mantener la TPM en 5%, sin un sesgo direccional explícito de alza o baja. Al ser una mantención sin sesgo direccional propio, corresponde N según el Codebook v3.",cerrado,true,d82e3492afc68b2ba655e4debc7cbd718939cced2256ce4d9cb1fbd7d5731242,IA asistida; validación humana fila por fila,hawkish,hawkish,hawkish,hawkish,hawkish,hawkish,hawkish,hawkish,hawkish,hawkish,hawkish,hawkish,1,candidato_hawkish,hawkish,hawkish,hawkish,hawkish,hawkish,hawkish,hawkish,hawkish,hawkish,hawkish,hawkish,hawkish,2006,4497,Q4_largo,unánime,N_a_direccion
