intervencion_id,fold,termino,tfidf,coef_contraste,aporte,df_train_hawkish,df_train_dovish,df_train_neutral
RPM-2009-10-13:2758:1,2,actividad,0.021365305128261302,-0.2857066045268312,-0.006104208782875231,73,51,138
RPM-2009-10-13:2758:1,2,actividad inflacion,0.05825976412719629,-0.05572699347269801,-0.003246641495237193,1,1,2
RPM-2009-10-13:2758:1,2,activos,0.03467004172630637,0.0579932610096663,0.0020106287790497067,14,9,39
RPM-2009-10-13:2758:1,2,adoptadas,0.05010880290284236,-0.21484125111376082,-0.010765437907459503,0,3,8
RPM-2009-10-13:2758:1,2,adoptadas en,0.05825976412719629,-0.21220779255537864,-0.01236317594022936,0,2,2
RPM-2009-10-13:2758:1,2,adversas,0.060337319106171516,-0.0645289606835105,-0.003893504492350568,0,1,2
RPM-2009-10-13:2758:1,2,advierte,0.03576664851026031,-0.1365440172543984,-0.004883721871316987,8,10,37
RPM-2009-10-13:2758:1,2,advierte que,0.043655327695274235,-0.10093986874187591,-0.004406563047444562,4,7,12
RPM-2009-10-13:2758:1,2,al,0.031109295604940114,0.0034441952655141217,0.00010714648863601401,91,64,375
RPM-2009-10-13:2758:1,2,al proseguir,0.05278723711464946,0.03415632217258133,0.0018030178774884093,1,1,6
RPM-2009-10-13:2758:1,2,al proseguir con,0.05512707413296467,-0.04277135171062409,-0.00235785947651868,0,1,5
RPM-2009-10-13:2758:1,2,al proseguir con su,0.05656227811041048,0.003536773010168798,0.0002000479386145612,0,0,5
RPM-2009-10-13:2758:1,2,alcanzado,0.04743036869103527,-0.3873263262759306,-0.01837103045901161,1,6,8
RPM-2009-10-13:2758:1,2,alla,0.03342681149194509,-0.3110825872404134,-0.010398499002111861,20,18,33
RPM-2009-10-13:2758:1,2,alla de,0.034819011251232476,-0.38358225892363107,-0.013355954989235079,14,15,32
RPM-2009-10-13:2758:1,2,alla de lo,0.045830374629753076,-0.32889821336222785,-0.015073528333447361,3,6,9
RPM-2009-10-13:2758:1,2,anade,0.03233020470799115,-0.24383901822282195,-0.007883365374939418,9,15,56
RPM-2009-10-13:2758:1,2,anade que,0.03304674252975566,-0.13471172633728606,-0.004451783736007197,9,13,52
RPM-2009-10-13:2758:1,2,anterior,0.02277693846861555,0.30900622967045605,0.007038215879622862,72,40,113
RPM-2009-10-13:2758:1,2,anterior el,0.03866944048624806,0.4808670248177091,0.01859485879798757,24,7,9
RPM-2009-10-13:2758:1,2,anterior el presidente,0.05656227811041048,0.3241458289582802,0.01833442652586779,5,0,0
RPM-2009-10-13:2758:1,2,anterior el presidente senor,0.05656227811041048,0.3241458289582802,0.01833442652586779,5,0,0
RPM-2009-10-13:2758:1,2,atras,0.03292342421461684,-0.09693862937174513,-0.003191551617589481,11,11,53
RPM-2009-10-13:2758:1,2,aumento,0.03884621434280716,0.5296847531127218,0.02057624745353368,61,31,129
RPM-2009-10-13:2758:1,2,aumento de,0.04752654496462266,0.43776099678227,0.02080526769733059,41,17,69
RPM-2009-10-13:2758:1,2,aumento de la,0.03560185842642393,0.09595507238167414,0.0034161789022296237,19,9,28
RPM-2009-10-13:2758:1,2,aumento de los,0.043655327695274235,-0.08804833014648039,-0.0038437787055662946,5,4,14
RPM-2009-10-13:2758:1,2,aun,0.04577968149050311,0.1913297331162166,0.00875901424172336,41,27,74
RPM-2009-10-13:2758:1,2,baja,0.0390606920987403,-0.9037822298588225,-0.0353023594048284,24,39,155
RPM-2009-10-13:2758:1,2,baja mas,0.05825976412719629,-0.030293740702571566,-0.001764906187862265,1,1,2
RPM-2009-10-13:2758:1,2,baja por,0.04867359892539655,-0.23015364261858295,-0.01120240609203596,0,3,10
RPM-2009-10-13:2758:1,2,base,0.022334460545672445,0.6960881820292868,0.015546754037841965,84,46,106
RPM-2009-10-13:2758:1,2,base del,0.039625191381239024,0.44065623898803286,0.017461087803237803,13,1,22
RPM-2009-10-13:2758:1,2,base del ipom,0.04867359892539655,0.2724458780355913,0.013260921396381875,7,0,6
RPM-2009-10-13:2758:1,2,capacidad,0.03134925651296986,-0.001291877157085397,-4.0499388380716374e-05,37,22,30
RPM-2009-10-13:2758:1,2,capacidad de,0.04686592941344274,-0.16297793344185818,-0.007638112324634894,4,5,7
RPM-2009-10-13:2758:1,2,caso,0.024294902072569877,0.3506261826965972,0.008518428772692823,34,18,139
RPM-2009-10-13:2758:1,2,caso de,0.03145328437374606,-0.015511913649397191,-0.00048790063119548286,11,8,69
RPM-2009-10-13:2758:1,2,coherente,0.03268158213228658,-0.1255743987909006,-0.004103970027797326,26,16,35
RPM-2009-10-13:2758:1,2,coherente con,0.03292342421461684,-0.07528070642438071,-0.0024784986327859174,26,15,34
RPM-2009-10-13:2758:1,2,coherente con el,0.04327525873308481,0.19186696490512078,0.008303092548600805,12,3,9
RPM-2009-10-13:2758:1,2,coherente con el escenario,0.0509189133381547,0.07432369119124507,0.0037844815907387796,6,2,2
RPM-2009-10-13:2758:1,2,como,0.03674255988968051,0.38289447960759826,0.014068523348410232,83,58,256
RPM-2009-10-13:2758:1,2,como el,0.034819011251232476,0.05824761200066281,0.002028124257608502,16,10,35
RPM-2009-10-13:2758:1,2,como tambien,0.043655327695274235,0.015343992407272525,0.0006698470166932818,3,2,18
RPM-2009-10-13:2758:1,2,como una,0.0412724864588006,0.4393595206726417,0.018133459867506727,15,4,11
RPM-2009-10-13:2758:1,2,compromiso,0.03988028669951321,0.10009889462158507,0.003991972615813174,14,9,12
RPM-2009-10-13:2758:1,2,compromiso de,0.04489855792963552,-0.11827267529400817,-0.005310272563180998,6,7,7
RPM-2009-10-13:2758:1,2,comunicacionales,0.05512707413296467,0.08791726020124555,0.004846621320681208,2,1,3
RPM-2009-10-13:2758:1,2,con,0.02908381056665453,0.16143628410584543,0.00469518230551903,102,69,417
RPM-2009-10-13:2758:1,2,con el,0.023594542181337167,0.5101994897439509,0.01203792338166035,56,29,121
RPM-2009-10-13:2758:1,2,con el escenario,0.0384450827220674,0.2928926123185948,0.011260280709270794,20,8,13
RPM-2009-10-13:2758:1,2,con el escenario base,0.046333761907081335,0.37351364733141157,0.017306292404499168,10,1,6
RPM-2009-10-13:2758:1,2,con su,0.03801196292301846,-0.2638540021056349,-0.010029608545129428,3,8,32
RPM-2009-10-13:2758:1,2,con su exposicion,0.053883843898603394,0.006299142620153599,0.0003394220176393961,0,0,7
RPM-2009-10-13:2758:1,2,con todo,0.03467004172630637,-0.011852334300350487,-0.0004109209247472836,22,17,23
RPM-2009-10-13:2758:1,2,con todo manifiesta,0.05825976412719629,0.19422389877585614,0.011315438530545827,3,0,1
RPM-2009-10-13:2758:1,2,con todo manifiesta que,0.05825976412719629,0.19422389877585614,0.011315438530545827,3,0,1
RPM-2009-10-13:2758:1,2,consecuencias,0.04446543813058658,-0.008129195526085226,-0.00036146824071658386,7,6,8
RPM-2009-10-13:2758:1,2,consideraciones,0.04069039713482555,-0.0886485688129172,-0.003607145470431512,13,8,11
RPM-2009-10-13:2758:1,2,consideraciones de,0.05656227811041048,-0.2627108056085352,-0.014859521649439954,1,3,1
RPM-2009-10-13:2758:1,2,contempla,0.043655327695274235,0.41333152407900386,0.018044123130456047,8,0,15
RPM-2009-10-13:2758:1,2,contexto,0.03084586923564161,-0.42567825982535834,-0.013130415939028476,20,25,49
RPM-2009-10-13:2758:1,2,continuar,0.03576664851026031,0.6092126884364022,0.021789496095295523,27,7,21
RPM-2009-10-13:2758:1,2,cual,0.026844914983811162,-0.6052019834726827,-0.016246595794358054,23,21,101
RPM-2009-10-13:2758:1,2,cual se,0.04291009833561573,-0.6698526774843843,-0.02874344426123042,1,10,14
RPM-2009-10-13:2758:1,2,cuando,0.03055640353705347,0.20856543359691232,0.006373009552867783,22,15,60
RPM-2009-10-13:2758:1,2,cuando la,0.05656227811041048,0.20727955815607968,0.011724204015027181,3,0,2
RPM-2009-10-13:2758:1,2,cuyo,0.04489855792963552,0.15913643233676705,0.007144996325987859,5,1,14
RPM-2009-10-13:2758:1,2,dar,0.03663741321011359,0.0076189290887512875,0.0002791378532431351,15,12,23
RPM-2009-10-13:2758:1,2,dar una,0.060337319106171516,-0.059197275013706606,-0.0035718048727178095,1,1,1
RPM-2009-10-13:2758:1,2,dar una senal,0.060337319106171516,-0.059197275013706606,-0.0035718048727178095,1,1,1
RPM-2009-10-13:2758:1,2,de actividad,0.02882730323971006,-0.05776678278024547,-0.0016652605643885975,29,20,68
RPM-2009-10-13:2758:1,2,de activos,0.0401425687388532,-0.04611926658241178,-0.00185134582896996,6,6,22
RPM-2009-10-13:2758:1,2,de demanda,0.0401425687388532,-0.01958122195610962,-0.0007860405483638719,4,4,26
RPM-2009-10-13:2758:1,2,de desapalancamiento,0.05825976412719629,0.039090904353774845,0.0022774268671697127,1,1,2
RPM-2009-10-13:2758:1,2,de gregorio,0.05290471707557852,-0.03079664800027111,-0.001629287949330524,12,9,69
RPM-2009-10-13:2758:1,2,de interes,0.024102928329485348,-0.13661715875776925,-0.003292873586116434,58,43,94
RPM-2009-10-13:2758:1,2,de la,0.039587780766520995,-0.25358585481351137,-0.01003890122584811,107,70,391
RPM-2009-10-13:2758:1,2,de la demanda,0.03055640353705347,-0.19496183414512872,-0.005957332478462643,22,19,56
RPM-2009-10-13:2758:1,2,de la economia,0.06240932858387949,0.12412461849281792,0.007746534100866958,38,24,44
RPM-2009-10-13:2758:1,2,de la economia es,0.060337319106171516,0.13092881767183184,0.007899893852059066,2,0,1
RPM-2009-10-13:2758:1,2,de la economia mundial,0.04489855792963552,0.3691898012525812,0.016576089678569644,13,3,4
RPM-2009-10-13:2758:1,2,de la politica,0.030183938002545468,0.0015463373608182729,4.667455102995853e-05,40,26,35
RPM-2009-10-13:2758:1,2,de la politica monetaria,0.031043970255471447,-0.074020595783712,-0.0022978931738018306,36,25,31
RPM-2009-10-13:2758:1,2,de la recuperacion,0.05512707413296467,-0.08764148831020747,-0.004831418823200164,1,2,3
RPM-2009-10-13:2758:1,2,de las,0.038812102372174265,-0.18259231734040618,-0.007086791712988375,71,55,231
RPM-2009-10-13:2758:1,2,de las expectativas,0.037397868078771844,0.17784080406488773,0.0066508669294413824,13,8,25
RPM-2009-10-13:2758:1,2,de las expectativas inflacionarias,0.05512707413296467,0.1319629692495093,0.007274732388623836,3,1,2
RPM-2009-10-13:2758:1,2,de liquidez,0.04157777271629901,0.05306937229023989,0.0022065062992802508,3,4,22
RPM-2009-10-13:2758:1,2,de lo,0.037749154606757776,-0.28570598892049265,-0.010785159547836301,59,47,131
RPM-2009-10-13:2758:1,2,de lo proyectado,0.04222012371782843,0.5133598453585251,0.021674116182802197,16,1,10
RPM-2009-10-13:2758:1,2,de lo proyectado en,0.04803124792386713,0.32239462999659424,0.015485016402689828,9,0,5
RPM-2009-10-13:2758:1,2,de los,0.027464604115644213,0.43333451334317685,0.011901360858615697,84,55,317
RPM-2009-10-13:2758:1,2,de los inventarios,0.051806288919628164,-0.06327460064205513,-0.003278022242136398,1,1,7
RPM-2009-10-13:2758:1,2,de los precios,0.03292342421461684,0.0774383859234004,0.002549536830251324,21,14,40
RPM-2009-10-13:2758:1,2,de los precios de,0.037397868078771844,-0.16337698333893946,-0.006109950870017363,12,11,23
RPM-2009-10-13:2758:1,2,de mantener,0.06027918621739401,-0.02040971624740955,-0.0012302810863217724,18,14,24
RPM-2009-10-13:2758:1,2,de mantener la,0.037802731720537976,-0.23949453864846226,-0.009053547793061832,12,14,18
RPM-2009-10-13:2758:1,2,de mantener la tasa,0.0412724864588006,-0.21178400293487784,-0.008740852393320332,7,8,15
RPM-2009-10-13:2758:1,2,de politica,0.018919867015526656,0.5352233416880973,0.010126354448344584,104,72,165
RPM-2009-10-13:2758:1,2,de politica monetaria,0.020139792114619418,0.7557338073071367,0.015220321773155581,97,58,144
RPM-2009-10-13:2758:1,2,de que,0.04197803372307105,-0.4748430569531694,-0.019932977857946295,38,35,108
RPM-2009-10-13:2758:1,2,de que la,0.062032532879713526,-0.14066139751404527,-0.008725582766196468,12,9,29
RPM-2009-10-13:2758:1,2,de que la inflacion,0.053883843898603394,-0.13743731229221767,-0.0074056506813974625,3,3,1
RPM-2009-10-13:2758:1,2,de recuperacion,0.04405157458799547,-0.11393449238923817,-0.005018993789629927,3,6,13
RPM-2009-10-13:2758:1,2,de ser,0.04936357354318385,-0.2232266607722617,-0.011019265685830894,1,4,7
RPM-2009-10-13:2758:1,2,de un,0.023372326461725587,0.4397176775711101,0.010277225111183775,50,29,132
RPM-2009-10-13:2758:1,2,de un aumento,0.04743036869103527,0.27364754789076734,0.012979204087856825,7,0,8
RPM-2009-10-13:2758:1,2,de un aumento de,0.05512707413296467,0.22308601979871467,0.01229807955147177,5,0,1
RPM-2009-10-13:2758:1,2,debe,0.030944392871203725,-0.03408821339588866,-0.0010548390675998085,32,22,39
RPM-2009-10-13:2758:1,2,debe evitar,0.060337319106171516,0.012504593043829795,0.0007544936207783709,2,1,0
RPM-2009-10-13:2758:1,2,debera,0.0509189133381547,0.1826791388231192,0.00930182323842314,4,1,5
RPM-2009-10-13:2758:1,2,deberan,0.05656227811041048,0.1433882964553343,0.008110368701884604,3,0,2
RPM-2009-10-13:2758:1,2,debido,0.03280171794981162,0.28406185636436065,0.009317716892763658,19,7,50
RPM-2009-10-13:2758:1,2,debido que,0.045830374629753076,0.05726964988624787,0.0026246895092015355,3,2,13
RPM-2009-10-13:2758:1,2,debiera,0.03576664851026031,0.061323150857777925,0.002193323582271811,19,13,23
RPM-2009-10-13:2758:1,2,del,0.020969759529279586,0.0030574028077680233,6.411300166303967e-05,106,74,509
RPM-2009-10-13:2758:1,2,del aumento,0.04405157458799547,0.16493371668958554,0.0072655899228265906,5,1,16
RPM-2009-10-13:2758:1,2,del aumento de,0.0509189133381547,0.1296715843679821,0.006602736166854496,2,0,8
RPM-2009-10-13:2758:1,2,del ipom,0.036279276876861825,0.3354280532019291,0.012169087214379525,18,6,28
RPM-2009-10-13:2758:1,2,demanda,0.03891738318552227,0.04504838420219333,0.0017531652298853858,51,34,135
RPM-2009-10-13:2758:1,2,demanda esta,0.060337319106171516,0.009661759836412383,0.0005829646863768055,0,0,3
RPM-2009-10-13:2758:1,2,desapalancamiento,0.05825976412719629,0.039090904353774845,0.0022774268671697127,1,1,2
RPM-2009-10-13:2758:1,2,deseable,0.05512707413296467,0.009792657168594496,0.0005398405376918167,3,2,1
RPM-2009-10-13:2758:1,2,deterioro,0.037802731720537976,-0.2771206971370282,-0.010475919368079532,11,12,21
RPM-2009-10-13:2758:1,2,deterioro de,0.04743036869103527,-0.11475553537403166,-0.005442897352127462,4,4,7
RPM-2009-10-13:2758:1,2,deterioro de la,0.05825976412719629,-0.12006443458244005,-0.006994925638838146,0,1,3
RPM-2009-10-13:2758:1,2,distinta,0.0401425687388532,0.2480665165833023,0.009958027193753079,9,2,23
RPM-2009-10-13:2758:1,2,distinta de,0.04743036869103527,0.11444601025719406,0.005428216461716718,3,0,12
RPM-2009-10-13:2758:1,2,distinta de lo,0.060337319106171516,0.004362015389077947,0.000263192314476827,0,0,3
RPM-2009-10-13:2758:1,2,economia,0.047973643337670346,0.0919133906628038,0.004409420221613309,64,42,117
RPM-2009-10-13:2758:1,2,economia es,0.060337319106171516,0.13092881767183184,0.007899893852059066,2,0,1
RPM-2009-10-13:2758:1,2,economia esta,0.05512707413296467,0.18341581150268693,0.010111177037866497,3,1,2
RPM-2009-10-13:2758:1,2,economia mundial,0.03937689942218496,0.36667323633557153,0.014438455147992855,18,7,12
RPM-2009-10-13:2758:1,2,economia mundial en,0.05825976412719629,0.11669443787741779,0.006798590425694121,2,0,2
RPM-2009-10-13:2758:1,2,efectividad,0.05656227811041048,-0.032283757640269244,-0.0018260428780979981,1,1,3
RPM-2009-10-13:2758:1,2,efectividad de,0.05656227811041048,-0.033195913532166554,-0.0018776364933355434,1,1,3
RPM-2009-10-13:2758:1,2,el compromiso,0.05278723711464946,-0.06115440900781515,-0.003228172288901793,3,3,2
RPM-2009-10-13:2758:1,2,el compromiso de,0.060337319106171516,-0.1232190959467781,-0.007434709912114716,1,2,0
RPM-2009-10-13:2758:1,2,el contexto,0.04867359892539655,-0.22828832137219374,-0.011111614193822191,2,3,8
RPM-2009-10-13:2758:1,2,el escenario,0.024150551945743226,0.11883228521775341,0.0028698652769827285,68,40,86
RPM-2009-10-13:2758:1,2,el escenario base,0.03593440794404323,0.46733548170076766,0.016793423846161334,22,7,25
RPM-2009-10-13:2758:1,2,el escenario base del,0.04222012371782843,0.40703847545606453,0.017185214791671313,12,0,15
RPM-2009-10-13:2758:1,2,el futuro,0.037598099380427345,0.02707023984930303,0.0010177895681061,15,8,22
RPM-2009-10-13:2758:1,2,el futuro pero,0.060337319106171516,0.0054438551950961,0.000328467628074303,2,1,0
RPM-2009-10-13:2758:1,2,el ipom,0.032445863296923796,0.26078862938464675,0.008461512218406372,25,14,40
RPM-2009-10-13:2758:1,2,el ipom por,0.060337319106171516,0.04839382651452623,0.002919953753175673,1,0,2
RPM-2009-10-13:2758:1,2,el presidente,0.04815467076214305,-0.17349542556073067,-0.008354615096614882,18,13,91
RPM-2009-10-13:2758:1,2,el presidente senor,0.04880886720346166,-0.17935176531488328,-0.00875395649596056,18,13,86
RPM-2009-10-13:2758:1,2,el presidente senor jose,0.06586230531452741,-0.1771986265851867,-0.011670710045468501,7,5,27
RPM-2009-10-13:2758:1,2,el senor,0.017141066973769045,0.07425847171608688,0.0012728694370551794,63,41,309
RPM-2009-10-13:2758:1,2,el senor presidente,0.03889933850449192,0.4808057474628792,0.018703025525463796,16,4,19
RPM-2009-10-13:2758:1,2,en,0.03559758012305473,-0.2713163924768974,-0.009658207019894519,111,81,654
RPM-2009-10-13:2758:1,2,en caso,0.045830374629753076,0.08611570332896157,0.003946714945070983,7,4,7
RPM-2009-10-13:2758:1,2,en caso de,0.04936357354318385,0.09944580258723594,0.0049090001895759645,6,3,3
RPM-2009-10-13:2758:1,2,en el,0.023411198333593217,-0.050019832127521105,-0.0011710242105504346,105,73,412
RPM-2009-10-13:2758:1,2,en el futuro,0.0391350573398547,0.0818000028159201,0.003201247800601309,15,6,17
RPM-2009-10-13:2758:1,2,en el futuro pero,0.060337319106171516,0.0054438551950961,0.000328467628074303,2,1,0
RPM-2009-10-13:2758:1,2,en el ipom,0.03467004172630637,0.13167238632569045,0.00456508712811402,18,11,33
RPM-2009-10-13:2758:1,2,en julio,0.0509189133381547,-0.25652189650926505,-0.013061816217694356,1,3,6
RPM-2009-10-13:2758:1,2,en la,0.017368716375487425,-0.1469206629888749,-0.0025518233251523408,85,58,260
RPM-2009-10-13:2758:1,2,en la cual,0.05825976412719629,-0.06921727733272137,-0.004032582250931077,0,1,3
RPM-2009-10-13:2758:1,2,en las,0.022178634369717534,0.08561789066350353,0.0018988878925322973,50,36,154
RPM-2009-10-13:2758:1,2,en los,0.019309014863543698,0.21905708787945163,0.00422977656582893,72,48,207
RPM-2009-10-13:2758:1,2,en los meses,0.0384450827220674,-0.031936942839555955,-0.0012278184093566667,12,10,19
RPM-2009-10-13:2758:1,2,en los meses venideros,0.04743036869103527,-0.06275882477914488,-0.002976674197890922,4,4,7
RPM-2009-10-13:2758:1,2,en particular,0.02785424855654646,-0.02024217456049572,-0.0005638305615330494,34,23,73
RPM-2009-10-13:2758:1,2,en que,0.02659326732218754,0.05064639035555538,0.0013468529976291453,32,19,98
RPM-2009-10-13:2758:1,2,en que se,0.03720185248770612,0.10820176061498116,0.004025305937308619,9,6,32
RPM-2009-10-13:2758:1,2,en terminos,0.03036830831794857,-0.43102161046048637,-0.013089397158162777,9,16,74
RPM-2009-10-13:2758:1,2,en una,0.03084586923564161,-0.04563749395644698,-0.0014077281708229476,27,16,51
RPM-2009-10-13:2758:1,2,enfatiza,0.04291009833561573,-0.04416038619945814,-0.0018949265143575166,7,6,12
RPM-2009-10-13:2758:1,2,es,0.023680212914671084,0.07480288635947602,0.0017713482756243374,92,70,418
RPM-2009-10-13:2758:1,2,es coherente,0.0401425687388532,0.0877372059388028,0.0035219968203533103,10,7,17
RPM-2009-10-13:2758:1,2,es coherente con,0.040412454205874616,0.07366977298107517,0.0029771763269548796,10,7,16
RPM-2009-10-13:2758:1,2,es coherente con el,0.053883843898603394,0.11076318698928958,0.005968346277442698,4,1,2
RPM-2009-10-13:2758:1,2,es la,0.030003147920479485,0.13622641026517235,0.0040872211378618906,28,16,59
RPM-2009-10-13:2758:1,2,escenario,0.020782143116148837,0.3195470376070102,0.00664087226789028,82,47,150
RPM-2009-10-13:2758:1,2,escenario base,0.033823058384666316,0.6708725924975303,0.02269096286471642,29,8,31
RPM-2009-10-13:2758:1,2,escenario base del,0.0412724864588006,0.45349121413440713,0.01871670999454736,13,1,16
RPM-2009-10-13:2758:1,2,escenario base del ipom,0.04867359892539655,0.2724458780355913,0.013260921396381875,7,0,6
RPM-2009-10-13:2758:1,2,esta,0.032284637862412924,0.12715229745946866,0.0041050658768527525,93,64,342
RPM-2009-10-13:2758:1,2,esta ocurriendo,0.05278723711464946,0.11427736764360057,0.006032386502640713,2,1,5
RPM-2009-10-13:2758:1,2,esta siendo,0.05656227811041048,-0.10303597623951398,-0.005827949543437036,0,1,4
RPM-2009-10-13:2758:1,2,estimulos,0.05278723711464946,-0.17181010032183797,-0.009069380504380572,0,2,6
RPM-2009-10-13:2758:1,2,estimulos monetarios,0.060337319106171516,-0.08028994773884428,-0.004844480197736482,0,1,2
RPM-2009-10-13:2758:1,2,esto,0.026408897006784438,-0.27436109419947097,-0.007245573879382512,42,29,81
RPM-2009-10-13:2758:1,2,esto podria,0.05656227811041048,0.04546407373577962,0.0025715515826753754,3,1,1
RPM-2009-10-13:2758:1,2,estrechez,0.04867359892539655,-0.11458206268388776,-0.0055771213631202,2,4,7
RPM-2009-10-13:2758:1,2,estrechez de,0.060337319106171516,0.007765552135602243,0.00046855259724144424,0,0,3
RPM-2009-10-13:2758:1,2,evitar,0.04327525873308481,0.003456810552469547,0.0001495943710493775,13,7,4
RPM-2009-10-13:2758:1,2,evolucion,0.06258798365730522,0.42589593952528765,0.026655968102721358,43,25,87
RPM-2009-10-13:2758:1,2,evolucion de,0.07246772289587095,0.34512829330213457,0.02501066152254396,31,17,51
RPM-2009-10-13:2758:1,2,evolucion de la,0.062032532879713526,0.0036995796741453174,0.00022949429777753926,13,9,28
RPM-2009-10-13:2758:1,2,evolucion de la economia,0.08484157835618154,0.19312629532585282,0.0163851397175274,5,1,5
RPM-2009-10-13:2758:1,2,evolucion de las,0.04405157458799547,0.280574658195552,0.012359755483002693,11,4,7
RPM-2009-10-13:2758:1,2,evolucion de los,0.042558720911320305,0.36602259853880204,0.015577453618449111,11,4,11
RPM-2009-10-13:2758:1,2,evolucion de los precios,0.060337319106171516,0.1293861734842068,0.007806814837443054,2,0,1
RPM-2009-10-13:2758:1,2,existen,0.03467004172630637,-0.2580772243499856,-0.00894754813682333,14,16,32
RPM-2009-10-13:2758:1,2,expectativas,0.021259704033841875,0.18895975341178783,0.004017228431842352,72,53,140
RPM-2009-10-13:2758:1,2,expectativas inflacionarias,0.04157777271629901,0.07005486312132073,0.0029127251765297107,11,9,9
RPM-2009-10-13:2758:1,2,exposicion,0.03889933850449192,-0.1953759941344071,-0.0075999969314859295,1,5,33
RPM-2009-10-13:2758:1,2,exposicion el,0.05512707413296467,-0.0004669568358090445,-2.574196410453981e-05,0,0,6
RPM-2009-10-13:2758:1,2,finalmente,0.03304674252975566,-0.09336990726887916,-0.003085571285541811,22,15,37
RPM-2009-10-13:2758:1,2,fiscales,0.046333761907081335,0.036499998546781126,0.0016911822422753715,2,3,12
RPM-2009-10-13:2758:1,2,flap,0.05656227811041048,-0.047935589858009026,-0.0027113461649352784,1,2,2
RPM-2009-10-13:2758:1,2,forma,0.030003147920479485,-0.40683628113768133,-0.012206369122391631,26,23,54
RPM-2009-10-13:2758:1,2,forma en,0.060337319106171516,0.040394545463678856,0.002437298579790744,1,0,2
RPM-2009-10-13:2758:1,2,fortalecer,0.05825976412719629,0.10528013786564323,0.006133595999331081,2,0,2
RPM-2009-10-13:2758:1,2,fragilidad,0.05512707413296467,-0.14484422611139314,-0.007984838390574667,0,2,4
RPM-2009-10-13:2758:1,2,futuro,0.032562976749001604,0.15577115185439036,0.005072372395999712,28,14,36
RPM-2009-10-13:2758:1,2,futuro pero,0.060337319106171516,0.0054438551950961,0.000328467628074303,2,1,0
RPM-2009-10-13:2758:1,2,gregorio,0.05290471707557852,-0.03079664800027111,-0.001629287949330524,12,9,69
RPM-2009-10-13:2758:1,2,ha,0.0276380257974163,0.08523406422360404,0.002355701265830606,90,59,302
RPM-2009-10-13:2758:1,2,ha alcanzado,0.053883843898603394,-0.17110079953575433,-0.009219568773110818,1,3,3
RPM-2009-10-13:2758:1,2,ha sido,0.031043970255471447,-0.18832594919406853,-0.005846385165114091,15,15,62
RPM-2009-10-13:2758:1,2,habria,0.057267415941912196,-0.04830219203597905,-0.0027661417222305308,11,6,51
RPM-2009-10-13:2758:1,2,hace,0.020487589305577723,-0.36407356316288153,-0.007458989639099427,44,43,201
RPM-2009-10-13:2758:1,2,hace presente,0.026973336284376967,-0.5594781991667992,-0.015090993609903708,18,26,99
RPM-2009-10-13:2758:1,2,hace presente que,0.02882730323971006,-0.4779422413511136,-0.013777785922495244,16,20,81
RPM-2009-10-13:2758:1,2,hecho,0.027505503790738375,-0.043676594784783196,-0.0012013467434193981,27,22,86
RPM-2009-10-13:2758:1,2,hecho que,0.0401425687388532,-0.028896799276632842,-0.0011599917512950771,11,7,16
RPM-2009-10-13:2758:1,2,importancia,0.041893409610414864,0.2854354236526732,0.011957863120403738,11,3,14
RPM-2009-10-13:2758:1,2,importante,0.023914833110380448,0.3244997808199724,0.007760358102664674,46,28,125
RPM-2009-10-13:2758:1,2,importante del,0.05010880290284236,0.08890422772462811,0.0044548844242828034,2,0,9
RPM-2009-10-13:2758:1,2,indicadores,0.028670822301162767,0.1285929245504795,0.0036868648889736284,28,16,75
RPM-2009-10-13:2758:1,2,indicadores de,0.03292342421461684,0.21173717884578264,0.006971112961145896,23,11,41
RPM-2009-10-13:2758:1,2,indole,0.060337319106171516,0.004224533134573341,0.0002548970038153467,0,0,3
RPM-2009-10-13:2758:1,2,inflacion,0.030582025880821095,0.15360706776069266,0.004697615321734542,97,66,211
RPM-2009-10-13:2758:1,2,inflacion con,0.04936357354318385,0.24787409260961787,0.012235950999984837,7,2,3
RPM-2009-10-13:2758:1,2,inflacionarias,0.028365536043664354,0.23317103313401966,0.00661402134470149,41,26,56
RPM-2009-10-13:2758:1,2,interes,0.024055547073646544,-0.13629823304707067,-0.0032787285611186557,58,43,95
RPM-2009-10-13:2758:1,2,internacional,0.02616861536972364,-0.10892437922383755,-0.0028504001842945214,38,24,94
RPM-2009-10-13:2758:1,2,inventarios,0.03593440794404323,0.115068197675717,0.0041349075566650215,4,1,49
RPM-2009-10-13:2758:1,2,ipom,0.042506481145642934,0.2223976589298042,0.009453341896134851,48,32,95
RPM-2009-10-13:2758:1,2,ipom por,0.051806288919628164,-0.21136762856451669,-0.010950172433670002,2,3,4
RPM-2009-10-13:2758:1,2,ir,0.043655327695274235,0.030981440490498516,0.0013525049370843505,9,7,7
RPM-2009-10-13:2758:1,2,jose,0.05820882230688012,-0.16886660660955138,-0.009829526297701204,9,8,47
RPM-2009-10-13:2758:1,2,jose de,0.05820882230688012,-0.16886660660955138,-0.009829526297701204,9,8,47
RPM-2009-10-13:2758:1,2,jose de gregorio,0.05820882230688012,-0.16886660660955138,-0.009829526297701204,9,8,47
RPM-2009-10-13:2758:1,2,julio,0.040412454205874616,0.019582275022362025,0.0007913677925880477,7,5,21
RPM-2009-10-13:2758:1,2,la,0.042283068613681835,-0.036892209341915685,-0.001559915818914535,111,81,656
RPM-2009-10-13:2758:1,2,la capacidad,0.043655327695274235,-0.16212109503311642,-0.007077449529987394,4,6,13
RPM-2009-10-13:2758:1,2,la capacidad de,0.0509189133381547,-0.13348619946912124,-0.006796972222607817,2,3,5
RPM-2009-10-13:2758:1,2,la cual,0.040976893483467156,-0.3004155819200771,-0.012310097301112802,5,6,20
RPM-2009-10-13:2758:1,2,la cual se,0.05825976412719629,-0.06894755055391495,-0.0040168680324190265,0,1,3
RPM-2009-10-13:2758:1,2,la demanda,0.024844200028434543,0.19139948867937023,0.004755167182090367,45,29,106
RPM-2009-10-13:2758:1,2,la economia,0.05108761115000478,0.12214500313102072,0.006240096423873703,63,39,88
RPM-2009-10-13:2758:1,2,la economia es,0.060337319106171516,0.13092881767183184,0.007899893852059066,2,0,1
RPM-2009-10-13:2758:1,2,la economia esta,0.05656227811041048,0.18762082597399624,0.010612261338046101,3,1,1
RPM-2009-10-13:2758:1,2,la economia mundial,0.03988028669951321,0.32050793492074975,0.012781948334108423,17,7,11
RPM-2009-10-13:2758:1,2,la economia mundial en,0.05825976412719629,0.11669443787741779,0.006798590425694121,2,0,2
RPM-2009-10-13:2758:1,2,la efectividad,0.05825976412719629,-0.038249366678535235,-0.002228399080706104,1,1,2
RPM-2009-10-13:2758:1,2,la efectividad de,0.05825976412719629,-0.038249366678535235,-0.002228399080706104,1,1,2
RPM-2009-10-13:2758:1,2,la evolucion,0.0646770574684871,0.5114884763294327,0.03308156957802763,39,21,81
RPM-2009-10-13:2758:1,2,la evolucion de,0.073842430216832,0.3741221150302291,0.027626086171693282,30,16,47
RPM-2009-10-13:2758:1,2,la evolucion de la,0.06332009489652533,0.11632916732304409,0.007365973914128926,12,8,26
RPM-2009-10-13:2758:1,2,la evolucion de las,0.04405157458799547,0.2388278565475807,0.010520743136396834,11,4,7
RPM-2009-10-13:2758:1,2,la evolucion de los,0.04327525873308481,0.28095265852478246,0.012158298989407988,10,4,10
RPM-2009-10-13:2758:1,2,la forma,0.04686592941344274,-0.026240788168968156,-0.001229798926079965,5,3,8
RPM-2009-10-13:2758:1,2,la importancia,0.053883843898603394,-0.004335361526353224,-0.00023360594373002808,3,2,2
RPM-2009-10-13:2758:1,2,la inflacion,0.019985897756635628,0.01062937919309953,0.00021243768576979734,93,62,149
RPM-2009-10-13:2758:1,2,la minuta,0.03645662312804761,-0.2536636924455603,-0.00924772163675677,12,14,25
RPM-2009-10-13:2758:1,2,la politica,0.024441525522977216,-0.2979159610384524,-0.007281520565423621,63,49,76
RPM-2009-10-13:2758:1,2,la politica monetaria,0.02542794881176314,-0.30730822843029965,-0.007814217901959275,60,47,62
RPM-2009-10-13:2758:1,2,la recuperacion,0.040976893483467156,-0.04344188871823181,-0.0017801136467276186,8,7,16
RPM-2009-10-13:2758:1,2,la tasa,0.01831388479726781,-0.072439656204624,-0.0013266515184851703,102,74,188
RPM-2009-10-13:2758:1,2,la tasa de,0.019626609574232522,0.2487224204544064,0.004881577838616739,98,64,154
RPM-2009-10-13:2758:1,2,la tasa de interes,0.030093104143739686,0.002379985148991487,7.162114094915463e-05,36,26,40
RPM-2009-10-13:2758:1,2,la tpm,0.05206152829865914,-0.3123334223950995,-0.01626055530863953,26,30,39
RPM-2009-10-13:2758:1,2,la tpm en,0.03593440794404323,-0.04921338202448414,-0.001768453745973857,19,16,19
RPM-2009-10-13:2758:1,2,las,0.04065648439447161,0.09460945537770435,0.003846487846133095,106,73,452
RPM-2009-10-13:2758:1,2,las consideraciones,0.0509189133381547,-0.15352184394025475,-0.007817165467107543,3,4,3
RPM-2009-10-13:2758:1,2,las expectativas,0.022985233435318834,0.09604572801261119,0.0022076334788350095,60,49,111
RPM-2009-10-13:2758:1,2,las expectativas inflacionarias,0.04291009833561573,0.20024765948568884,0.008592646760007802,11,7,7
RPM-2009-10-13:2758:1,2,las medidas,0.053979943190566856,0.1114616178741257,0.006016691800773977,26,13,45
RPM-2009-10-13:2758:1,2,las medidas de,0.03610524570375218,0.154436511385853,0.005575968189216543,17,8,28
RPM-2009-10-13:2758:1,2,las perspectivas,0.031991607514499275,-0.2869997503724538,-0.009181583370674809,24,24,35
RPM-2009-10-13:2758:1,2,las perspectivas de,0.037397868078771844,-0.3194731746044062,-0.011947615638562028,15,16,15
RPM-2009-10-13:2758:1,2,las perspectivas de actividad,0.060337319106171516,0.028801957471446135,0.0017378328988370264,2,1,0
RPM-2009-10-13:2758:1,2,liquidez,0.03889933850449192,-0.11782186249902585,-0.004583192512579309,3,6,30
RPM-2009-10-13:2758:1,2,lo,0.02706835322641669,-0.1338598476257075,-0.003623365638366966,103,72,477
RPM-2009-10-13:2758:1,2,lo anterior,0.027574215517208827,0.598580384266997,0.01650538452015185,55,25,54
RPM-2009-10-13:2758:1,2,lo anterior el,0.039625191381239024,0.5457626410419643,0.02162594910001829,24,6,6
RPM-2009-10-13:2758:1,2,lo anterior el presidente,0.05656227811041048,0.3241458289582802,0.01833442652586779,5,0,0
RPM-2009-10-13:2758:1,2,lo proyectado,0.03560185842642393,0.603794385355422,0.021496202226093386,23,3,30
RPM-2009-10-13:2758:1,2,lo proyectado en,0.043655327695274235,0.40470898835611185,0.01766770350790899,12,0,11
RPM-2009-10-13:2758:1,2,lo proyectado en el,0.04803124792386713,0.3025976058944083,0.014534140629882963,8,0,6
RPM-2009-10-13:2758:1,2,los,0.03207286331288584,0.30646104871543617,0.009829083326173833,105,74,517
RPM-2009-10-13:2758:1,2,los estimulos,0.060337319106171516,-0.07911332306292593,-0.0047734858191974,0,1,2
RPM-2009-10-13:2758:1,2,los inventarios,0.045830374629753076,-0.053074638686657086,-0.00243243057434828,1,1,16
RPM-2009-10-13:2758:1,2,los meses,0.033823058384666316,-0.0162701764178073,-0.0005503071269083174,18,14,36
RPM-2009-10-13:2758:1,2,los meses venideros,0.04686592941344274,-0.06169215439692041,-0.002891260153329283,4,4,8
RPM-2009-10-13:2758:1,2,los precios,0.023460577327955926,0.16387678948487888,0.0038446440919671556,56,35,118
RPM-2009-10-13:2758:1,2,los precios de,0.02653140399372977,0.012744344953298209,0.00033812536459140594,43,30,77
RPM-2009-10-13:2758:1,2,los precios de activos,0.04686592941344274,0.15490600224435483,0.007259813766902536,5,2,9
RPM-2009-10-13:2758:1,2,los temas,0.05512707413296467,0.008457454944804346,0.0004662347457184378,0,0,6
RPM-2009-10-13:2758:1,2,manifiesta,0.026050760673532677,0.5017059211635398,0.013069820880725629,39,30,89
RPM-2009-10-13:2758:1,2,manifiesta que,0.029148383218855805,0.23188750947744285,0.006759145989914562,25,23,65
RPM-2009-10-13:2758:1,2,mantener,0.052685687756208216,-0.834138305642629,-0.04394715031658013,51,49,75
RPM-2009-10-13:2758:1,2,mantener la,0.04577968149050311,-0.7226583499805405,-0.03308306908856167,42,41,59
RPM-2009-10-13:2758:1,2,mantener la tasa,0.02931317330269219,-0.8302712467269066,-0.024337884943548115,30,34,47
RPM-2009-10-13:2758:1,2,mantener la tasa de,0.0304618809314964,-0.3946570780351266,-0.01202199691987831,27,27,44
RPM-2009-10-13:2758:1,2,mantener la tpm,0.04222012371782843,-0.2349018377571938,-0.009917584651653983,4,9,14
RPM-2009-10-13:2758:1,2,mantener la tpm en,0.04489855792963552,-0.3652686749149764,-0.01640003676055127,1,7,12
RPM-2009-10-13:2758:1,2,mas,0.014947298141410216,0.3709941141333946,0.005545359632660219,100,66,357
RPM-2009-10-13:2758:1,2,mas alla,0.03342681149194509,-0.3110825872404134,-0.010398499002111861,20,18,33
RPM-2009-10-13:2758:1,2,mas alla de,0.034819011251232476,-0.38358225892363107,-0.013355954989235079,14,15,32
RPM-2009-10-13:2758:1,2,mas alla de lo,0.045830374629753076,-0.32889821336222785,-0.015073528333447361,3,6,9
RPM-2009-10-13:2758:1,2,materia,0.031144624172859226,0.029255322061804596,0.0009111460106708613,9,11,71
RPM-2009-10-13:2758:1,2,medidas,0.04657086619316957,0.1170470930931219,0.005450984510739242,40,21,74
RPM-2009-10-13:2758:1,2,medidas de,0.03280171794981162,0.3407241834346507,0.01117633856370329,28,10,38
RPM-2009-10-13:2758:1,2,meses,0.03431123100877068,0.23579169787409546,0.008090303415708353,72,48,175
RPM-2009-10-13:2758:1,2,meses atras,0.045830374629753076,-0.13323125884847645,-0.00610603850541928,3,5,10
RPM-2009-10-13:2758:1,2,meses venideros,0.04686592941344274,-0.06169215439692041,-0.002891260153329283,4,4,8
RPM-2009-10-13:2758:1,2,mientras,0.025992388089355677,-0.11727817979660843,-0.0030483399636866784,24,21,114
RPM-2009-10-13:2758:1,2,mientras que,0.02859355715500165,-0.08534124627126957,-0.002440209802936618,19,16,85
RPM-2009-10-13:2758:1,2,mientras que la,0.040412454205874616,-0.03691040323543371,-0.001491639980472331,4,4,25
RPM-2009-10-13:2758:1,2,minimo,0.05010880290284236,-0.14058927821084755,-0.007044760432120229,2,3,6
RPM-2009-10-13:2758:1,2,minuta,0.03512429750873089,-0.23528549852524142,-0.008264237849690643,13,15,31
RPM-2009-10-13:2758:1,2,monetaria,0.031051350370563568,0.48305587216911544,0.01499953713528137,107,74,182
RPM-2009-10-13:2758:1,2,monetarios,0.03866944048624806,0.0815151266002189,0.003152144336796141,12,6,22
RPM-2009-10-13:2758:1,2,mundial,0.053433164498150415,0.3124257022840658,0.016693893943594655,31,16,40
RPM-2009-10-13:2758:1,2,mundial en,0.05010880290284236,0.34288599157210264,0.017181606569832156,6,0,5
RPM-2009-10-13:2758:1,2,mundial que,0.05512707413296467,0.11346893002809536,0.006255210117446994,2,0,4
RPM-2009-10-13:2758:1,2,necesario,0.03528077844727818,0.27349397814499604,0.009649080449598346,26,15,17
RPM-2009-10-13:2758:1,2,negativas,0.03988028669951321,-0.1177757718752225,-0.0046969315486403386,6,6,23
RPM-2009-10-13:2758:1,2,nivel,0.024441525522977216,0.33018450342604994,0.008070212967779357,38,26,124
RPM-2009-10-13:2758:1,2,nivel minimo,0.060337319106171516,-0.27594372674686407,-0.016649704696071733,0,3,0
RPM-2009-10-13:2758:1,2,no,0.023843853192640395,-0.08544115736207535,-0.0020372464127506105,93,65,416
RPM-2009-10-13:2758:1,2,no obstante,0.03145328437374606,0.20595631889282295,0.0064780026667058885,22,15,51
RPM-2009-10-13:2758:1,2,objeto,0.05278723711464946,0.016445733368727674,0.0008681248268593305,0,0,8
RPM-2009-10-13:2758:1,2,objeto de,0.05512707413296467,0.013085233944070754,0.0007213506616819741,0,0,6
RPM-2009-10-13:2758:1,2,obstante,0.03145328437374606,0.20595631889282295,0.0064780026667058885,22,15,51
RPM-2009-10-13:2758:1,2,ocurriendo,0.04743036869103527,0.19108019935274598,0.00906300430485726,4,2,9
RPM-2009-10-13:2758:1,2,ocurriendo por,0.060337319106171516,0.191337113405884,0.011544768468424551,3,0,0
RPM-2009-10-13:2758:1,2,parte,0.021189962908655307,0.23185270915103318,0.00491295030718164,62,40,165
RPM-2009-10-13:2758:1,2,parte importante,0.04535281371206004,0.21702437649571354,0.009842666118186079,4,0,15
RPM-2009-10-13:2758:1,2,parte importante del,0.05825976412719629,0.03785971071425865,0.002205697816136595,1,0,3
RPM-2009-10-13:2758:1,2,particular,0.02542794881176314,-0.021894192129196563,-0.0005567243967361177,40,28,101
RPM-2009-10-13:2758:1,2,pausado,0.04291009833561573,0.6950555200586765,0.029824900714430343,16,4,5
RPM-2009-10-13:2758:1,2,periodo,0.03437906814907238,-0.019397625592535585,-0.0006668722921759713,8,8,48
RPM-2009-10-13:2758:1,2,periodo de,0.04867359892539655,-0.2704011979685159,-0.013161399458866296,1,3,9
RPM-2009-10-13:2758:1,2,permanezca,0.05656227811041048,-0.31858643928579716,-0.018019974781088664,0,3,2
RPM-2009-10-13:2758:1,2,pero,0.019774631717150336,-0.39122569251526323,-0.00773634398777643,55,49,207
RPM-2009-10-13:2758:1,2,pero que,0.032445863296923796,0.25739790017210407,0.008351497081899327,14,9,56
RPM-2009-10-13:2758:1,2,pero que se,0.05278723711464946,0.1373720075118014,0.007251488733440867,3,1,4
RPM-2009-10-13:2758:1,2,perspectivas,0.03055640353705347,-0.385016647848805,-0.011764724060151697,29,26,42
RPM-2009-10-13:2758:1,2,perspectivas de,0.03593440794404323,-0.3155554659656736,-0.011339298842983164,19,18,17
RPM-2009-10-13:2758:1,2,perspectivas de actividad,0.05825976412719629,0.028446591805256237,0.0016572917287968631,2,1,1
RPM-2009-10-13:2758:1,2,pesar,0.033823058384666316,-0.2499782952107543,-0.008455030473812694,19,16,33
RPM-2009-10-13:2758:1,2,pesar de,0.03663741321011359,-0.35827391212911486,-0.013126229361078308,11,14,25
RPM-2009-10-13:2758:1,2,pesar de las,0.05825976412719629,-0.042726338675090535,-0.002489226413229479,1,2,1
RPM-2009-10-13:2758:1,2,podria,0.041720308006167967,0.20029575967604618,0.008356400786014044,45,33,106
RPM-2009-10-13:2758:1,2,podria tener,0.07678898866703489,0.08074011309635133,0.006199951629530838,6,4,9
RPM-2009-10-13:2758:1,2,politica,0.02944686101724704,0.34636274381651444,0.010199295578717241,110,77,215
RPM-2009-10-13:2758:1,2,politica monetaria,0.03135745458828678,0.45859029801175666,0.01438022444453256,107,74,175
RPM-2009-10-13:2758:1,2,por,0.030949710696190545,-0.3955541307196239,-0.012242285910455498,104,80,463
RPM-2009-10-13:2758:1,2,por la,0.02464068598712755,0.20940288719482603,0.0051598307881656,46,29,109
RPM-2009-10-13:2758:1,2,por lo,0.022943199970341752,0.3361623994028571,0.007712641152009643,56,34,131
RPM-2009-10-13:2758:1,2,por lo anterior,0.04327525873308481,0.4128911089525369,0.017867969568511343,17,5,2
RPM-2009-10-13:2758:1,2,por lo anterior el,0.05512707413296467,0.014971492167714776,0.0008253345586107124,4,2,0
RPM-2009-10-13:2758:1,2,por mantener,0.03663741321011359,-0.4972751671225776,-0.018218875776998166,14,22,14
RPM-2009-10-13:2758:1,2,por mantener la,0.03720185248770612,-0.3962735911977601,-0.01474211168451263,14,20,13
RPM-2009-10-13:2758:1,2,por mantener la tpm,0.04867359892539655,-0.1109535499499002,-0.005400508589610394,2,5,6
RPM-2009-10-13:2758:1,2,por varios,0.04803124792386713,-0.49086530654513816,-0.02357687323589457,1,8,5
RPM-2009-10-13:2758:1,2,por varios trimestres,0.05825976412719629,-0.2777824416548095,-0.016183539529485865,0,3,1
RPM-2009-10-13:2758:1,2,positivas,0.03937689942218496,0.1038642647986388,0.004089852708535186,8,4,25
RPM-2009-10-13:2758:1,2,precios,0.020916107969530074,0.7377429759485803,0.015430711738702934,72,40,163
RPM-2009-10-13:2758:1,2,precios de,0.025373342223094772,0.24555386288295847,0.006230522197132194,51,32,87
RPM-2009-10-13:2758:1,2,precios de activos,0.04489855792963552,0.12793240298528596,0.005743980406512338,6,3,11
RPM-2009-10-13:2758:1,2,presente,0.024294902072569877,-0.4749910898203546,-0.011539862012528757,28,30,133
RPM-2009-10-13:2758:1,2,presente que,0.02859355715500165,-0.4436499896151239,-0.012685531334875934,17,20,83
RPM-2009-10-13:2758:1,2,presidente,0.05620369653643211,-0.0600833471985749,-0.003376906212841792,21,16,109
RPM-2009-10-13:2758:1,2,presidente senor,0.04802702737740181,-0.3008122224883205,-0.014447116844903653,18,15,90
RPM-2009-10-13:2758:1,2,presidente senor jose,0.06547305413312152,-0.1757707240673225,-0.01150824613187777,7,5,28
RPM-2009-10-13:2758:1,2,presidente senor jose de,0.06547305413312152,-0.1757707240673225,-0.01150824613187777,7,5,28
RPM-2009-10-13:2758:1,2,profundizar,0.05278723711464946,0.1453341708997392,0.007671789340145521,3,1,4
RPM-2009-10-13:2758:1,2,proposito,0.04803124792386713,-0.07191722701002148,-0.0034542741605153755,0,1,13
RPM-2009-10-13:2758:1,2,proseguir,0.051806288919628164,0.08365638555897495,0.004333926880240066,2,1,6
RPM-2009-10-13:2758:1,2,proseguir con,0.05512707413296467,-0.04277135171062409,-0.00235785947651868,0,1,5
RPM-2009-10-13:2758:1,2,proseguir con su,0.05656227811041048,0.003536773010168798,0.0002000479386145612,0,0,5
RPM-2009-10-13:2758:1,2,proyectado,0.031991607514499275,0.6628540311235034,0.021205766003106807,29,7,47
RPM-2009-10-13:2758:1,2,proyectado en,0.03988028669951321,0.5035042056733665,0.020079892076664524,17,1,17
RPM-2009-10-13:2758:1,2,proyectado en el,0.043655327695274235,0.4002588331734098,0.01747343052511331,13,1,9
RPM-2009-10-13:2758:1,2,proyectado en el ipom,0.05010880290284236,0.29892147683942777,0.014978597366373443,7,0,4
RPM-2009-10-13:2758:1,2,que al,0.03700987874462159,-0.09404087525908289,-0.003480441390376742,7,5,36
RPM-2009-10-13:2758:1,2,que aun,0.06586230531452741,0.20586244427941752,0.013558575157925884,12,6,21
RPM-2009-10-13:2758:1,2,que esto,0.04157777271629901,-0.30674217840027956,-0.012753656576029268,8,9,12
RPM-2009-10-13:2758:1,2,que habria,0.04936357354318385,-0.23880006252317793,-0.011788024448479796,0,3,9
RPM-2009-10-13:2758:1,2,que la,0.0378031588985372,0.33045210106662154,0.012492133284976968,100,69,306
RPM-2009-10-13:2758:1,2,que la capacidad,0.060337319106171516,0.0031910525955217185,0.0001925395587405708,0,0,3
RPM-2009-10-13:2758:1,2,que la evolucion,0.08030659502214507,0.11399227827036718,0.009154331726710044,6,3,6
RPM-2009-10-13:2758:1,2,que la evolucion de,0.08771567201954238,0.06998040059972037,0.006138377866801259,4,2,3
RPM-2009-10-13:2758:1,2,que la inflacion,0.027169351875442692,0.19929993132139687,0.005414849962822594,52,35,53
RPM-2009-10-13:2758:1,2,que parte,0.04686592941344274,0.028233060729418034,0.0013231686312703478,3,2,11
RPM-2009-10-13:2758:1,2,que parte importante,0.060337319106171516,0.004682324318333835,0.0002825188965538956,0,0,3
RPM-2009-10-13:2758:1,2,que se,0.03447188660291024,0.024696151946491156,0.0008513229494276842,87,68,397
RPM-2009-10-13:2758:1,2,que se debe,0.045830374629753076,0.019356563961400328,0.0008871185778957543,6,4,8
RPM-2009-10-13:2758:1,2,que sera,0.05010880290284236,0.0032332868760522023,0.0001620161348004467,2,2,7
RPM-2009-10-13:2758:1,2,que tanto,0.05010880290284236,0.05039956352017562,0.0025254617948217636,4,3,4
RPM-2009-10-13:2758:1,2,que un,0.05704059372811563,0.23284066914949603,0.01328137001233899,19,11,39
RPM-2009-10-13:2758:1,2,que un tema,0.060337319106171516,-0.008723026354910637,-0.0005263240247477873,0,0,3
RPM-2009-10-13:2758:1,2,que ya,0.042558720911320305,-0.10108647375645763,-0.0043021110245105845,6,7,13
RPM-2009-10-13:2758:1,2,que ya se,0.04803124792386713,0.1585519649241071,0.0076154487360860735,5,2,7
RPM-2009-10-13:2758:1,2,recuperacion,0.05574420288335753,-0.25221601760318996,-0.014059580855704695,12,15,48
RPM-2009-10-13:2758:1,2,relevantes,0.03467004172630637,-0.14076962013784544,-0.004880488603975399,16,14,32
RPM-2009-10-13:2758:1,2,relevantes de,0.05825976412719629,-0.06640736289556451,-0.003868877298604715,1,2,1
RPM-2009-10-13:2758:1,2,repercusiones,0.04867359892539655,-0.12421546295889416,-0.0060460136243936655,6,6,1
RPM-2009-10-13:2758:1,2,resolver,0.05825976412719629,0.05534438433107541,0.0032243507768933513,1,0,3
RPM-2009-10-13:2758:1,2,revision,0.0384450827220674,-0.08811714467168004,-0.0033876709161351193,5,5,31
RPM-2009-10-13:2758:1,2,riesgos,0.027302359804348194,0.44385801225115007,0.012118371152523687,49,30,59
RPM-2009-10-13:2758:1,2,se,0.0327385425428167,0.009351864900537958,0.0003061664269009362,108,78,604
RPM-2009-10-13:2758:1,2,se debe,0.037397868078771844,-0.12250375266480948,-0.004581379181313039,12,11,23
RPM-2009-10-13:2758:1,2,se habria,0.0509189133381547,-0.03445037883166537,-0.0017541758541961684,1,1,8
RPM-2009-10-13:2758:1,2,senal,0.03937689942218496,0.41264065671476496,0.01624850963696165,20,9,8
RPM-2009-10-13:2758:1,2,senal de,0.04803124792386713,0.0450381944519376,0.002163240683764352,7,6,1
RPM-2009-10-13:2758:1,2,senal de que,0.05656227811041048,0.026339344863733107,0.0014898133494284837,3,2,0
RPM-2009-10-13:2758:1,2,senales,0.03560185842642393,-0.2631946200813525,-0.009370217602732746,13,16,27
RPM-2009-10-13:2758:1,2,senales de,0.04069039713482555,-0.19850136727349568,-0.008077099466164403,7,10,15
RPM-2009-10-13:2758:1,2,senor jose,0.05870148339879129,-0.17261568996125431,-0.010132797058631475,9,8,45
RPM-2009-10-13:2758:1,2,senor jose de,0.05870148339879129,-0.17261568996125431,-0.010132797058631475,9,8,45
RPM-2009-10-13:2758:1,2,senor jose de gregorio,0.05870148339879129,-0.17261568996125431,-0.010132797058631475,9,8,45
RPM-2009-10-13:2758:1,2,senor presidente,0.0384450827220674,0.547366610487237,0.02104355461947947,16,4,21
RPM-2009-10-13:2758:1,2,ser,0.022859698095124066,0.22710956173011002,0.005191656015666258,45,35,143
RPM-2009-10-13:2758:1,2,ser necesario,0.05512707413296467,-0.21147650189239156,-0.011658080797201913,2,4,0
RPM-2009-10-13:2758:1,2,sera,0.06234469895941723,-0.025831991580185176,-0.0016104877385888453,15,9,25
RPM-2009-10-13:2758:1,2,sido,0.027038217360030797,-0.04034289364212315,-0.0010907999272283303,29,20,93
RPM-2009-10-13:2758:1,2,siendo,0.028440924282918913,0.7226533176607051,0.02055292829038826,49,18,55
RPM-2009-10-13:2758:1,2,sobre,0.03149048383248319,-0.051476632544738436,-0.001621024064900764,63,47,243
RPM-2009-10-13:2758:1,2,sobre la,0.026050760673532677,0.31733961494477847,0.008266938361157437,43,24,91
RPM-2009-10-13:2758:1,2,sobre la evolucion,0.04936357354318385,0.05034947212260945,0.002485429869984917,4,3,5
RPM-2009-10-13:2758:1,2,sobre la evolucion de,0.05278723711464946,0.009903101923221235,0.0005227573893916204,2,2,4
RPM-2009-10-13:2758:1,2,sobre las,0.03682178352551669,-0.03421966885694263,-0.0012600292389652067,14,10,25
RPM-2009-10-13:2758:1,2,sobre las perspectivas,0.04867359892539655,0.004886715723977489,0.00023785404121130912,4,3,6
RPM-2009-10-13:2758:1,2,sobre las perspectivas de,0.060337319106171516,-0.0035479936072032744,-0.00021407642246448053,1,1,1
RPM-2009-10-13:2758:1,2,solo,0.029067069193883997,-0.35608364712941476,-0.010350308009921271,25,18,71
RPM-2009-10-13:2758:1,2,sostiene,0.04327525873308481,0.03416646304727755,0.0014785625283653173,6,5,13
RPM-2009-10-13:2758:1,2,sostiene que,0.04446543813058658,0.13566453451990265,0.006032382966209559,5,3,13
RPM-2009-10-13:2758:1,2,su,0.027327227456369996,-0.40687835581470533,-0.011118857376422295,95,71,294
RPM-2009-10-13:2758:1,2,su exposicion,0.04222012371782843,-0.09381139258714996,-0.003960728601171244,1,3,23
RPM-2009-10-13:2758:1,2,su exposicion el,0.060337319106171516,0.0014081434632959976,8.496360149216012e-05,0,0,3
RPM-2009-10-13:2758:1,2,su nivel,0.03576664851026031,-0.11314836780040217,-0.0040469379006266406,13,11,31
RPM-2009-10-13:2758:1,2,subraya,0.04291009833561573,0.14571528485983137,0.006252657202337622,7,4,14
RPM-2009-10-13:2758:1,2,sugeririan,0.05825976412719629,0.13886664105242924,0.008090337752850561,3,0,1
RPM-2009-10-13:2758:1,2,sugiere,0.03720185248770612,-0.07248435535896791,-0.002696552295730795,14,12,21
RPM-2009-10-13:2758:1,2,sugiere que,0.04291009833561573,-0.18479150312943662,-0.007929421570870367,9,9,7
RPM-2009-10-13:2758:1,2,tambien,0.01883855299055484,0.061535168326290406,0.0011592335292975337,68,48,228
RPM-2009-10-13:2758:1,2,tambien al,0.0509189133381547,0.03633798852535434,0.0018502908886053775,2,1,7
RPM-2009-10-13:2758:1,2,tanto,0.021052028583170252,-0.0280461033287501,-0.0005904273689233935,58,45,168
RPM-2009-10-13:2758:1,2,tanto la,0.03937689942218496,0.39746774568767373,0.01565104744550612,11,3,23
RPM-2009-10-13:2758:1,2,tasa,0.017461357902812325,0.0032365207992849365,5.651404803621049e-05,102,74,223
RPM-2009-10-13:2758:1,2,tasa de,0.018947130275647543,0.3839319659505755,0.007274408975851031,100,64,176
RPM-2009-10-13:2758:1,2,tasa de interes,0.029148383218855805,0.079115498121097,0.0023060888577844016,40,26,47
RPM-2009-10-13:2758:1,2,tema,0.030944392871203725,-0.12678779057370976,-0.003923371202784775,8,13,72
RPM-2009-10-13:2758:1,2,tema que,0.045830374629753076,0.04118678211662606,0.0018876056541989867,2,2,14
RPM-2009-10-13:2758:1,2,tema que se,0.05825976412719629,0.0022481322597998517,0.00013097565518268013,0,0,4
RPM-2009-10-13:2758:1,2,temas,0.042558720911320305,0.014003872800490126,0.0005959869141936888,3,3,20
RPM-2009-10-13:2758:1,2,temas de,0.053883843898603394,0.10551038129295345,0.005685304915271628,2,0,5
RPM-2009-10-13:2758:1,2,tener,0.04657086619316957,0.6820939604002368,0.03176570656096853,37,13,85
RPM-2009-10-13:2758:1,2,tener consecuencias,0.05825976412719629,0.12839438754469737,0.007480226733609897,3,0,1
RPM-2009-10-13:2758:1,2,tener repercusiones,0.05825976412719629,0.040619492686938895,0.0023664820629074345,2,1,1
RPM-2009-10-13:2758:1,2,terminos,0.02851692794317898,-0.4943873353305109,-0.014098408017640443,13,19,89
RPM-2009-10-13:2758:1,2,todo,0.025211418199517586,0.1600090063764567,0.004034053975446126,41,32,100
RPM-2009-10-13:2758:1,2,todo manifiesta,0.05825976412719629,0.19422389877585614,0.011315438530545827,3,0,1
RPM-2009-10-13:2758:1,2,todo manifiesta que,0.05825976412719629,0.19422389877585614,0.011315438530545827,3,0,1
RPM-2009-10-13:2758:1,2,tpm,0.05095205443526965,-0.3805687205088253,-0.01939075816372659,26,31,45
RPM-2009-10-13:2758:1,2,tpm en,0.03593440794404323,-0.07627741896074727,-0.00274098388985419,19,16,19
RPM-2009-10-13:2758:1,2,transmitir,0.05656227811041048,0.21810457209939849,0.012336491464238252,4,1,0
RPM-2009-10-13:2758:1,2,trimestres,0.03268158213228658,-0.666475435577306,-0.0217814716869712,17,20,40
RPM-2009-10-13:2758:1,2,un,0.030677101790207665,0.0731901339730921,0.0022452611899314826,103,71,481
RPM-2009-10-13:2758:1,2,un aumento,0.02851692794317898,1.1227356478607033,0.03201697156928205,43,10,68
RPM-2009-10-13:2758:1,2,un aumento de,0.033823058384666316,0.8823304095770061,0.029843112957689624,30,7,31
RPM-2009-10-13:2758:1,2,un deterioro,0.04803124792386713,-0.12053134002057081,-0.0057892706751239646,4,5,5
RPM-2009-10-13:2758:1,2,un periodo,0.043655327695274235,-0.3677224214443024,-0.016053042809050757,3,7,13
RPM-2009-10-13:2758:1,2,un periodo de,0.05278723711464946,-0.411977552552845,-0.021747156752519987,0,3,5
RPM-2009-10-13:2758:1,2,un tema,0.04405157458799547,0.06311858125832662,0.0027804728901896277,3,2,17
RPM-2009-10-13:2758:1,2,un tema que,0.05278723711464946,0.16868194609542791,0.008904253885499872,2,0,6
RPM-2009-10-13:2758:1,2,una,0.028367303478461496,-0.02493087579834155,-0.0007072217197553858,100,70,440
RPM-2009-10-13:2758:1,2,una senal,0.04291009833561573,0.12856909330086877,0.005516912436461232,13,6,6
RPM-2009-10-13:2758:1,2,una senal de,0.051806288919628164,0.08257967820780907,0.004278146668123678,5,3,1
RPM-2009-10-13:2758:1,2,unos,0.04803124792386713,0.08806744244747508,0.004229989162215575,4,2,8
RPM-2009-10-13:2758:1,2,unos meses,0.0509189133381547,0.00983491265427403,0.0005007830651313004,3,2,5
RPM-2009-10-13:2758:1,2,unos meses atras,0.05512707413296467,-0.05135579329686536,-0.002831094624233507,2,2,2
RPM-2009-10-13:2758:1,2,varios,0.035439934402846734,-0.45099907651906335,-0.01598337768758006,12,14,31
RPM-2009-10-13:2758:1,2,varios trimestres,0.053883843898603394,-0.32339033079124113,-0.017425514102672953,0,4,3
RPM-2009-10-13:2758:1,2,venideros,0.043655327695274235,-0.09311950073971596,-0.004065162319612632,7,6,10
RPM-2009-10-13:2758:1,2,via,0.0509189133381547,-0.11237803508819519,-0.005722167429767919,0,2,8
RPM-2009-10-13:2758:1,2,vota,0.0384450827220674,0.468242145349122,0.018001608011905302,27,10,4
RPM-2009-10-13:2758:1,2,vota por,0.0412724864588006,0.4001229993324719,0.016514071071804127,20,7,3
RPM-2009-10-13:2758:1,2,vota por mantener,0.04867359892539655,-0.13845873121703775,-0.006739284750977378,4,6,3
RPM-2009-10-13:2758:1,2,vota por mantener la,0.04936357354318385,-0.047412225288965305,-0.00234043686989784,4,5,3
RPM-2009-10-13:2758:1,2,ya,0.039278128261717137,-0.4227232855618214,-0.016603779429511703,38,38,139
RPM-2009-10-13:2758:1,2,ya ha,0.05656227811041048,-0.17118779238604967,-0.00968277152204695,1,2,2
RPM-2009-10-13:2758:1,2,ya se,0.040412454205874616,-0.05997319823066253,-0.0024236641270764902,9,6,18
RPM-2011-08-18:4272:1,3,13,0.023408347821428196,0.06787067877302537,0.0015887404555954014,1,0,11
RPM-2011-08-18:4272:1,3,15,0.020890864213576974,0.08931173989117863,0.0018657994307449187,2,0,20
RPM-2011-08-18:4272:1,3,19,0.027624465737960697,0.003566982883703716,9.853599645876555e-05,0,0,4
RPM-2011-08-18:4272:1,3,20,0.01903829266165708,-0.014787585359176906,-0.0002815303778272454,3,2,29
RPM-2011-08-18:4272:1,3,2008,0.01957378774781666,0.04262240751147533,0.0008342819579305646,9,4,17
RPM-2011-08-18:4272:1,3,2009,0.020703073314990043,0.16252042007064255,0.003364672171905492,4,1,18
RPM-2011-08-18:4272:1,3,2010,0.03605094677817187,0.08225880037048983,0.002965507634192793,3,2,15
RPM-2011-08-18:4272:1,3,2011,0.05355336256652168,0.1055665172949703,0.005653441975582526,2,1,21
RPM-2011-08-18:4272:1,3,2012,0.02129226991728466,-0.06146201170165082,-0.0013086657428108574,1,1,18
RPM-2011-08-18:4272:1,3,2012 las,0.028609068831466827,0.05442613460439988,0.0015570810311279547,1,0,2
RPM-2011-08-18:4272:1,3,2013,0.022776926781016654,-0.09311351996677517,-0.00212083982660597,0,1,13
RPM-2011-08-18:4272:1,3,2014,0.021087004064723355,-0.2633435169921817,-0.00555312581323268,0,4,17
RPM-2011-08-18:4272:1,3,21,0.02681998643405553,0.06838709644102682,0.0018341409988127865,1,0,4
RPM-2011-08-18:4272:1,3,22,0.024566009178427953,0.08450123360715814,0.0020758580803819314,3,1,5
RPM-2011-08-18:4272:1,3,23,0.025030904036644232,-0.007473290772175199,-0.00018706322415625628,0,0,8
RPM-2011-08-18:4272:1,3,24,0.0194336991528686,0.18624493061748407,0.003619427950367071,12,3,16
RPM-2011-08-18:4272:1,3,41,0.028609068831466827,-0.0006024120220579341,-1.723444700395855e-05,0,0,3
RPM-2011-08-18:4272:1,3,44,0.028609068831466827,-0.003030255038256508,-8.669277496637959e-05,0,0,3
RPM-2011-08-18:4272:1,3,55,0.028609068831466827,-0.0018139203776232002,-5.1894572938222434e-05,0,0,3
RPM-2011-08-18:4272:1,3,aa,0.027624465737960697,-0.0064275670709965545,-0.0001775581063311887,0,0,4
RPM-2011-08-18:4272:1,3,acerca,0.01746449296585633,0.07097173783724457,0.0012394854162331573,10,7,32
RPM-2011-08-18:4272:1,3,acerca del,0.025550612271934083,-0.10436950095394339,-0.002666704651889462,1,2,4
RPM-2011-08-18:4272:1,3,acercandose,0.027624465737960697,0.1604383161264119,0.004432022766890173,3,0,1
RPM-2011-08-18:4272:1,3,actividad,0.010241127034893936,-0.1644102876179479,-0.001683746641338854,72,43,141
RPM-2011-08-18:4272:1,3,actividad economica,0.01903829266165708,-0.014086944452464778,-0.0002681913711945311,7,4,23
RPM-2011-08-18:4272:1,3,actual,0.012558510504022935,-0.150052553669044,-0.001884436571408154,47,30,74
RPM-2011-08-18:4272:1,3,actuales,0.018560808864484156,0.418213739518044,0.007762385283695579,13,3,22
RPM-2011-08-18:4272:1,3,actualidad,0.0380825300291676,-0.02374351000779081,-0.0009042129328695349,3,2,10
RPM-2011-08-18:4272:1,3,acuerdo,0.013214563235511623,-0.060007245162797984,-0.0007929695357926429,31,18,81
RPM-2011-08-18:4272:1,3,acuerdo con,0.016173111675266073,0.07959900514895857,0.001287363599514186,8,5,53
RPM-2011-08-18:4272:1,3,acuerdo con la,0.023761529874522788,0.06357938389109909,0.0015107434297321038,2,1,8
RPM-2011-08-18:4272:1,3,acuerdo con la encuesta,0.02681998643405553,0.11896935838305851,0.00319075657790192,2,0,3
RPM-2011-08-18:4272:1,3,ademas,0.031614522674202915,-0.053362443508503915,-0.0016870281802504692,29,18,82
RPM-2011-08-18:4272:1,3,ademas que,0.01903829266165708,0.049788792017856576,0.0009478935937063295,9,5,20
RPM-2011-08-18:4272:1,3,adicional,0.01658707943759735,0.0787043307693366,0.0013054749865539235,11,7,42
RPM-2011-08-18:4272:1,3,adicional en,0.024566009178427953,0.020284796802407308,0.0004983165044304839,2,1,6
RPM-2011-08-18:4272:1,3,advierte,0.017043944411684477,-0.2528934654799485,-0.0043103021677184895,7,10,37
RPM-2011-08-18:4272:1,3,advierte que,0.020703073314990043,-0.20524912681437868,-0.0042492877202757705,4,8,11
RPM-2011-08-18:4272:1,3,advierte que los,0.027624465737960697,-0.0042422779331107024,-0.00011719066141412332,1,1,2
RPM-2011-08-18:4272:1,3,agosto,0.018913990917578748,0.30411310947184145,0.005751992590467041,10,2,23
RPM-2011-08-18:4272:1,3,agosto la,0.02681998643405553,0.07675626792499651,0.002058602064477138,2,0,3
RPM-2011-08-18:4272:1,3,agrega,0.008597490241575731,-0.23321223095110616,-0.002005039879818241,60,51,261
RPM-2011-08-18:4272:1,3,agrega que,0.009098017218956445,-0.045076074512389847,-0.00041010290207668654,54,44,234
RPM-2011-08-18:4272:1,3,agregada,0.019166197852331125,0.11889834671045035,0.002278829237367555,8,5,20
RPM-2011-08-18:4272:1,3,ahora,0.013675717169289147,0.02195766567878709,0.00030028682552089966,27,16,74
RPM-2011-08-18:4272:1,3,ahora no,0.02681998643405553,0.23406686458327364,0.006277670132785312,4,0,1
RPM-2011-08-18:4272:1,3,ajustado,0.02034989126189545,-0.07545039956492927,-0.0015354074268128747,6,5,14
RPM-2011-08-18:4272:1,3,ajustado la,0.024566009178427953,-0.023678917512607024,-0.0005816965049499426,2,2,5
RPM-2011-08-18:4272:1,3,ajustado la baja,0.024566009178427953,-0.023678917512607024,-0.0005816965049499426,2,2,5
RPM-2011-08-18:4272:1,3,ajuste,0.014318658895387087,0.6760762380188431,0.009680505039468346,37,15,49
RPM-2011-08-18:4272:1,3,ajuste fiscal,0.027624465737960697,0.0618725674380089,0.0017091966193109396,1,0,3
RPM-2011-08-18:4272:1,3,al,0.02255880604650814,-0.07094554054241892,-0.0016004466889611082,91,62,375
RPM-2011-08-18:4272:1,3,al centro,0.02150755261889521,0.39067185841425806,0.008402395551566234,14,3,2
RPM-2011-08-18:4272:1,3,al centro del,0.02150755261889521,0.39067185841425806,0.008402395551566234,14,3,2
RPM-2011-08-18:4272:1,3,al centro del rango,0.02150755261889521,0.39067185841425806,0.008402395551566234,14,3,2
RPM-2011-08-18:4272:1,3,al de,0.020522949525389075,0.20361904365477462,0.004178863355334934,5,1,18
RPM-2011-08-18:4272:1,3,al de la,0.026139808874228704,0.0009467764173260243,2.4748554595529268e-05,0,0,6
RPM-2011-08-18:4272:1,3,al del,0.034748374125686585,-0.09120473171315617,-0.0031692161396016227,4,4,16
RPM-2011-08-18:4272:1,3,al del mes,0.026139808874228704,-0.18861481201721353,-0.004930355136978537,0,2,4
RPM-2011-08-18:4272:1,3,al menos,0.020022895755163216,-0.12557419148099758,-0.002514358945562919,4,6,17
RPM-2011-08-18:4272:1,3,al promedio,0.023761529874522788,0.012194029393055264,0.00028974879371389164,0,0,11
RPM-2011-08-18:4272:1,3,al promedio de,0.027624465737960697,9.968605334965616e-05,2.753773965310099e-06,0,0,4
RPM-2011-08-18:4272:1,3,al proyectado,0.025030904036644232,0.18486828321423654,0.004627420256554723,4,0,4
RPM-2011-08-18:4272:1,3,al proyectado en,0.028609068831466827,0.03618238113947432,0.001035144232505588,1,0,2
RPM-2011-08-18:4272:1,3,al proyectado en el,0.028609068831466827,0.03618238113947432,0.001035144232505588,1,0,2
RPM-2011-08-18:4272:1,3,al respecto,0.014318658895387087,-0.06313970239271255,-0.0009040758613175069,21,17,63
RPM-2011-08-18:4272:1,3,al respecto indica,0.02681998643405553,-0.044569886095046175,-0.0011953637404365388,1,2,2
RPM-2011-08-18:4272:1,3,al respecto indica que,0.027624465737960697,-0.12735283566257993,-0.0035180540453930787,0,2,2
RPM-2011-08-18:4272:1,3,al resto,0.026139808874228704,0.05098809687880448,0.0013328191072726062,2,1,3
RPM-2011-08-18:4272:1,3,alcanzando,0.02129226991728466,-0.07038596417499049,-0.0014986769476022259,0,1,19
RPM-2011-08-18:4272:1,3,alemania,0.02129226991728466,0.02288481850315823,0.0004872697325773154,0,0,20
RPM-2011-08-18:4272:1,3,algo,0.010598603414469788,-0.16967365815525556,-0.0017983038126698713,47,34,155
RPM-2011-08-18:4272:1,3,algo similar,0.02681998643405553,-0.09541741241165011,-0.002559093706453138,0,1,4
RPM-2011-08-18:4272:1,3,algun,0.015175356798219174,-0.4202379091245117,-0.00637726021110207,9,15,59
RPM-2011-08-18:4272:1,3,algun grado,0.02129226991728466,-0.024593941789418577,-0.0005236608469102872,2,2,16
RPM-2011-08-18:4272:1,3,algun grado de,0.021972447477111492,-0.029184999990201695,-0.0006412658794042062,2,2,13
RPM-2011-08-18:4272:1,3,algunas,0.014586160195924557,0.10182226385795815,0.0014851958521438766,26,13,56
RPM-2011-08-18:4272:1,3,algunas economias,0.022776926781016654,0.12022573327163265,0.0027383727239220145,2,0,12
RPM-2011-08-18:4272:1,3,altamente,0.037629610956366466,0.2737570422218084,0.010301370995372238,7,2,7
RPM-2011-08-18:4272:1,3,alto,0.015734638573311782,0.3471877411380313,0.005462873623891453,14,7,52
RPM-2011-08-18:4272:1,3,alzas,0.015175356798219174,0.11619515376949757,0.0017633029166760673,29,14,40
RPM-2011-08-18:4272:1,3,alzas en,0.020890864213576974,-0.3776229996815492,-0.007888870810270865,5,6,11
RPM-2011-08-18:4272:1,3,alzas en la,0.025550612271934083,-0.3413028183624851,-0.008720495979298202,1,3,3
RPM-2011-08-18:4272:1,3,alzas en la tasa,0.02681998643405553,-0.3006594687354207,-0.008063682872754326,1,3,1
RPM-2011-08-18:4272:1,3,anade,0.015281685319437594,-0.2245127914252451,-0.003430933828749123,8,12,61
RPM-2011-08-18:4272:1,3,anade que,0.015559287547952484,-0.15839399073317667,-0.002464497647685217,8,11,57
RPM-2011-08-18:4272:1,3,anade que el,0.02249215571240134,-0.014714181939632354,-0.00033095367136681445,1,1,13
RPM-2011-08-18:4272:1,3,analisis,0.012277369563223407,0.1086859806761689,0.0013343779511026835,23,14,124
RPM-2011-08-18:4272:1,3,analistas,0.01802854750519061,0.5198507792230626,0.009372154468833339,15,3,25
RPM-2011-08-18:4272:1,3,ano,0.030223079610863155,-0.2508784734024928,-0.007582320074295355,50,38,240
RPM-2011-08-18:4272:1,3,ano 2009,0.023761529874522788,0.026873529925792467,0.0006385561841655998,1,1,9
RPM-2011-08-18:4272:1,3,ano 2010,0.040881818579280395,-0.00829804854918131,-0.0003392393153496912,1,1,8
RPM-2011-08-18:4272:1,3,ano 2011,0.040231767312839166,0.13194521056631436,0.005308389009547527,2,0,9
RPM-2011-08-18:4272:1,3,ano 2012,0.02249215571240134,-0.006262186419629157,-0.00014085007205038403,1,1,13
RPM-2011-08-18:4272:1,3,ano 2012 las,0.028609068831466827,0.05442613460439988,0.0015570810311279547,1,0,2
RPM-2011-08-18:4272:1,3,ano 2014,0.0241454606242561,-0.19942752257217294,-0.004815269393659346,0,3,7
RPM-2011-08-18:4272:1,3,ano hace,0.025030904036644232,0.09859229641685702,0.002467854310362731,2,0,6
RPM-2011-08-18:4272:1,3,ano hace presente,0.028609068831466827,0.1059952350915738,0.003032424976542343,2,0,1
RPM-2011-08-18:4272:1,3,anos,0.021824623617574732,0.5734617769765238,0.012515587441578215,24,4,112
RPM-2011-08-18:4272:1,3,anterior,0.010769428106611637,0.34349403260870304,0.0036992342892295405,72,38,117
RPM-2011-08-18:4272:1,3,anterior las,0.023408347821428196,0.020473837558723867,0.0004792587108140286,3,1,8
RPM-2011-08-18:4272:1,3,anteriores,0.015794672426068856,0.030628191843416364,0.0004837622571695555,18,10,44
RPM-2011-08-18:4272:1,3,anteriores en,0.02222465441186387,-0.036828447824853824,-0.0008184995254327358,3,2,11
RPM-2011-08-18:4272:1,3,anteriores en la,0.028609068831466827,-0.001538615200527848,-4.401834817704234e-05,0,0,3
RPM-2011-08-18:4272:1,3,anual,0.012558510504022935,-0.27505351370304376,-0.003454262441008091,39,25,87
RPM-2011-08-18:4272:1,3,anual de,0.018449096059362464,0.14191316126932133,0.002618169544345506,7,1,31
RPM-2011-08-18:4272:1,3,anunciado,0.025550612271934083,0.2365701467186182,0.006044512093921973,3,0,4
RPM-2011-08-18:4272:1,3,argumento,0.021087004064723355,0.3832577416157256,0.0080817575552875,10,2,9
RPM-2011-08-18:4272:1,3,argumento para,0.028609068831466827,-0.017508373162302776,-0.0005008982529273266,0,0,3
RPM-2011-08-18:4272:1,3,articulos,0.027624465737960697,-7.920743674710677e-05,-2.1880631226121402e-06,0,0,4
RPM-2011-08-18:4272:1,3,asi,0.012472271535245041,0.22548540077759316,0.002812315145731695,30,16,108
RPM-2011-08-18:4272:1,3,asimismo,0.013114655115733329,0.16751703539844395,0.002196928145260684,24,15,94
RPM-2011-08-18:4272:1,3,asimismo comenta,0.026139808874228704,-0.03901090639583492,-0.001019737637197551,1,1,4
RPM-2011-08-18:4272:1,3,asimismo comenta que,0.02681998643405553,-0.03903266600581078,-0.0010468555727608656,1,1,3
RPM-2011-08-18:4272:1,3,aumento,0.01080830430621362,0.6923819708510273,0.007483475037093831,64,26,135
RPM-2011-08-18:4272:1,3,aumento mensual,0.028609068831466827,0.052648762962241566,0.0015062320834783502,1,0,2
RPM-2011-08-18:4272:1,3,aun,0.02654003448514747,0.22617308339547498,0.006002641432928041,43,24,81
RPM-2011-08-18:4272:1,3,aun que,0.028609068831466827,-0.007016028262733114,-0.00020072203549204829,0,0,3
RPM-2011-08-18:4272:1,3,baja,0.01109047294472624,-0.7894596564759896,-0.008755480961099835,22,33,156
RPM-2011-08-18:4272:1,3,bajas,0.01812998691775235,-0.7421833808017275,-0.01345577498450853,3,12,27
RPM-2011-08-18:4272:1,3,bajo,0.014632363970049545,-0.2451305856196469,-0.0035868399489780664,16,16,62
RPM-2011-08-18:4272:1,3,bajo control,0.028609068831466827,-0.16388394238097348,-0.004688566987949414,0,2,1
RPM-2011-08-18:4272:1,3,banco,0.018638156376992634,0.17788471412639725,0.003315443118964423,60,34,121
RPM-2011-08-18:4272:1,3,banco central,0.021412332712971025,0.16424922829592423,0.0035169591241210646,49,27,72
RPM-2011-08-18:4272:1,3,banco central europeo,0.02034989126189545,0.008636775738026715,0.0001757574471222205,1,1,23
RPM-2011-08-18:4272:1,3,base,0.018168978589024203,0.8064339349303532,0.014652080897212125,82,41,106
RPM-2011-08-18:4272:1,3,base en,0.027495804561038156,0.957553939823496,0.026328715986038937,36,8,21
RPM-2011-08-18:4272:1,3,base en la,0.02129226991728466,0.5893380152441653,0.01254834409309559,14,0,6
RPM-2011-08-18:4272:1,3,bastante,0.012558510504022935,-0.15821787950005423,-0.001986980901625666,20,18,113
RPM-2011-08-18:4272:1,3,bastante menor,0.027624465737960697,0.004982373640804349,0.00013763540993411822,0,0,4
RPM-2011-08-18:4272:1,3,bcp,0.025550612271934083,0.0568700845273121,0.001453065479629469,2,1,4
RPM-2011-08-18:4272:1,3,bcp bcu,0.028609068831466827,0.06330353782565797,0.0018110552709296127,2,1,0
RPM-2011-08-18:4272:1,3,bcu,0.025550612271934083,0.058940574584703045,0.0015059677682987597,2,1,4
RPM-2011-08-18:4272:1,3,benigno,0.024566009178427953,0.15749517915676217,0.003869028016723174,6,1,2
RPM-2011-08-18:4272:1,3,bienes,0.01512313819929225,0.1097987733281424,0.0016605020231542616,14,8,62
RPM-2011-08-18:4272:1,3,bienes servicios,0.025030904036644232,-0.07283747758158945,-0.0018231879116159912,0,1,7
RPM-2011-08-18:4272:1,3,bonos,0.0176446167554573,-0.063189346033654,-0.0011149517937918006,2,3,42
RPM-2011-08-18:4272:1,3,bonos soberanos,0.026139808874228704,0.03171727770234301,0.0008290835771500821,1,0,5
RPM-2011-08-18:4272:1,3,caidas,0.018675423623088418,-0.12432937020889734,-0.0023219036574429466,1,3,33
RPM-2011-08-18:4272:1,3,cambio,0.010416246053517045,-0.3064899205724184,-0.003192474425605206,33,33,180
RPM-2011-08-18:4272:1,3,cartera,0.0241454606242561,0.08120632482950449,0.001960764118611351,2,0,8
RPM-2011-08-18:4272:1,3,caso,0.01979556388515416,0.29040233962331874,0.005748678066411641,32,17,135
RPM-2011-08-18:4272:1,3,caso de,0.025874142412810074,0.027527731808684945,0.0007122564531195561,11,6,64
RPM-2011-08-18:4272:1,3,caso de las,0.027624465737960697,0.0023582358067202403,6.514500424477538e-05,0,0,4
RPM-2011-08-18:4272:1,3,cds,0.021972447477111492,0.03008433265105466,0.0006610264190592489,0,0,17
RPM-2011-08-18:4272:1,3,central,0.023495614709829183,0.35474162636009643,0.008334872574495009,70,37,99
RPM-2011-08-18:4272:1,3,central europeo,0.02034989126189545,0.008636775738026715,0.0001757574471222205,1,1,23
RPM-2011-08-18:4272:1,3,central que,0.022776926781016654,0.13744328996022603,0.00313053575196611,6,2,6
RPM-2011-08-18:4272:1,3,centro,0.03290411292852966,0.11082497742337744,0.0036465975724405612,17,7,7
RPM-2011-08-18:4272:1,3,centro del,0.01986805810989899,0.1426214001850262,0.002833610266591259,16,6,6
RPM-2011-08-18:4272:1,3,centro del rango,0.01986805810989899,0.1426214001850262,0.002833610266591259,16,6,6
RPM-2011-08-18:4272:1,3,centro del rango meta,0.01986805810989899,0.1426214001850262,0.002833610266591259,16,6,6
RPM-2011-08-18:4272:1,3,cerca,0.03162024085319476,0.22682470615697206,0.007172251840138585,14,5,18
RPM-2011-08-18:4272:1,3,cerca del,0.041593869178065034,-0.28740653878208444,-0.011954349975022495,2,4,3
RPM-2011-08-18:4272:1,3,chile,0.01198749448002948,-0.0025039286878176387,-3.0015831323601402e-05,45,28,99
RPM-2011-08-18:4272:1,3,china,0.01550235230495141,-0.1685585184099285,-0.00261305353639135,4,9,64
RPM-2011-08-18:4272:1,3,china la,0.025550612271934083,0.13654356831692,0.003488771772291966,1,0,6
RPM-2011-08-18:4272:1,3,cierta,0.017291434702362708,0.2751086489026608,0.004757023238555587,8,4,39
RPM-2011-08-18:4272:1,3,cifra,0.039581654129386246,0.21699802801613488,0.008589140891693518,6,3,51
RPM-2011-08-18:4272:1,3,cifra de,0.04611164828758079,0.2896199648776391,0.013354853957499194,4,1,12
RPM-2011-08-18:4272:1,3,cifra de inflacion,0.048439364230443475,0.23705575774977217,0.011482830192564988,2,0,1
RPM-2011-08-18:4272:1,3,cifra en,0.027624465737960697,0.05278830859818455,0.0014582488222354452,1,0,3
RPM-2011-08-18:4272:1,3,claramente,0.01658707943759735,-0.23172072572800276,-0.003843570084988089,19,13,28
RPM-2011-08-18:4272:1,3,claramente en,0.027624465737960697,-0.13405599921014238,-0.0037032253571486645,1,2,1
RPM-2011-08-18:4272:1,3,clasificacion,0.025030904036644232,-0.028187374473760376,-0.0007055554654976512,1,1,6
RPM-2011-08-18:4272:1,3,comenta,0.025319089148067825,0.4153598216420362,0.010516532352680267,28,11,130
RPM-2011-08-18:4272:1,3,comenta que,0.028240762462963327,0.056059882815263515,0.0015831738342874167,16,10,97
RPM-2011-08-18:4272:1,3,comenta que las,0.022776926781016654,0.01652787710824631,0.0003764542467401675,2,2,10
RPM-2011-08-18:4272:1,3,comenta que las expectativas,0.027624465737960697,0.012941873550229712,0.0003575123424733405,0,0,4
RPM-2011-08-18:4272:1,3,comenta que los,0.0241454606242561,-0.08453605947933517,-0.002041162095488059,1,2,7
RPM-2011-08-18:4272:1,3,comenta que se,0.025550612271934083,0.00579600047700108,0.0001480913609157996,0,0,7
RPM-2011-08-18:4272:1,3,comienzos,0.020522949525389075,0.11484349192609919,0.0023569271881187614,3,0,21
RPM-2011-08-18:4272:1,3,comienzos de,0.02308135231469596,0.022595820282905906,0.0005215420887893042,1,0,12
RPM-2011-08-18:4272:1,3,commodities,0.027383458433857887,0.03743528360799756,0.0010251075326392827,12,8,46
RPM-2011-08-18:4272:1,3,commodities en,0.02308135231469596,0.01355389441909575,0.00031284221232334036,2,2,9
RPM-2011-08-18:4272:1,3,commodities han,0.026139808874228704,-0.07500242840952742,-0.001960549143728068,2,3,1
RPM-2011-08-18:4272:1,3,como,0.0199127343484987,0.3890791607710192,0.007747629968970122,80,54,260
RPM-2011-08-18:4272:1,3,como en,0.019297921667312055,-0.13811263994114242,-0.0026652869068498407,4,5,23
RPM-2011-08-18:4272:1,3,como en la,0.027624465737960697,0.1280560468011206,0.0035374798773962473,2,0,2
RPM-2011-08-18:4272:1,3,como escenario,0.028609068831466827,-0.08320971739736831,-0.0023805525324682125,1,1,1
RPM-2011-08-18:4272:1,3,como se,0.015559287547952484,0.40645978718799036,0.0063242247055375145,29,13,34
RPM-2011-08-18:4272:1,3,como se indico,0.028609068831466827,0.01413986262449077,0.0004045283030915416,2,1,0
RPM-2011-08-18:4272:1,3,compensaciones,0.020703073314990043,0.4657679344639851,0.009642827694979362,12,1,10
RPM-2011-08-18:4272:1,3,compensaciones inflacionarias,0.02150755261889521,0.43906683717814676,0.009443253103820886,11,1,7
RPM-2011-08-18:4272:1,3,comportamiento,0.015175356798219174,0.048297262251225846,0.0007329281870395144,12,8,63
RPM-2011-08-18:4272:1,3,comprar,0.024566009178427953,-0.040469631211985095,-0.0009941773318012201,1,1,7
RPM-2011-08-18:4272:1,3,compromiso,0.032674221661676085,0.11528518548693631,0.0037668537049076,16,7,9
RPM-2011-08-18:4272:1,3,compromiso de,0.03641545207742709,-0.03347701686929673,-0.0012190807034990934,9,5,5
RPM-2011-08-18:4272:1,3,comunicados,0.027624465737960697,-0.0500053406537157,-0.0013813708196036226,1,1,2
RPM-2011-08-18:4272:1,3,con,0.018437386842456112,0.12110324090378043,0.002232827300418154,101,67,417
RPM-2011-08-18:4272:1,3,con la,0.010730891441472613,-0.18749824000468535,-0.0020120232589574557,50,40,139
RPM-2011-08-18:4272:1,3,con la encuesta,0.026139808874228704,0.11426293541159091,0.0029868112930673254,2,0,4
RPM-2011-08-18:4272:1,3,con la encuesta de,0.027624465737960697,0.12470562243647314,0.003444926194327415,2,0,2
RPM-2011-08-18:4272:1,3,con lo,0.014066451960634706,-0.04824954068054535,-0.0006786998461055812,19,15,73
RPM-2011-08-18:4272:1,3,con lo que,0.01792938782407261,0.31954711097440175,0.005729284080722018,9,2,33
RPM-2011-08-18:4272:1,3,con lo que las,0.027624465737960697,0.12408355054144886,0.0034277417905767683,2,0,2
RPM-2011-08-18:4272:1,3,con los,0.014540435226000703,0.07939382503380753,0.0011544207702485114,18,12,66
RPM-2011-08-18:4272:1,3,con que,0.019718470221483913,0.09328731312457589,0.001839483105889195,9,4,16
RPM-2011-08-18:4272:1,3,con respecto,0.016239465107779315,0.1823683694224915,0.0029615647719991585,10,3,52
RPM-2011-08-18:4272:1,3,consecuencia,0.014450382710368016,-0.6255951945337123,-0.00904008998277927,25,18,55
RPM-2011-08-18:4272:1,3,consecuencia el,0.022776926781016654,-0.6293646162727019,-0.014334991783405974,3,6,5
RPM-2011-08-18:4272:1,3,consistente,0.018340141878970338,0.6476423553468412,0.011877852683891592,19,9,12
RPM-2011-08-18:4272:1,3,consistente con,0.01986805810989899,0.23520115953371531,0.004672990305131478,16,6,6
RPM-2011-08-18:4272:1,3,consumo,0.029297417758104995,-0.23001804178659452,-0.006738934662123111,22,16,123
RPM-2011-08-18:4272:1,3,consumo de,0.020890864213576974,-0.028524652169490374,-0.0005959046352123372,2,1,19
RPM-2011-08-18:4272:1,3,consumo privado,0.03202417039523487,0.05410198246877317,0.0017325711053000018,4,2,29
RPM-2011-08-18:4272:1,3,consumo privado se,0.027624465737960697,-0.07618964713280313,-0.0021046982968074353,0,1,3
RPM-2011-08-18:4272:1,3,contagio,0.027624465737960697,0.007689819211768437,0.00021242714734660912,0,0,4
RPM-2011-08-18:4272:1,3,contexto,0.025178675342856425,-0.6292529079727429,-0.015843754678394006,16,24,49
RPM-2011-08-18:4272:1,3,contexto de,0.01957378774781666,-0.4017424571300663,-0.007863621585150252,2,8,20
RPM-2011-08-18:4272:1,3,contrasta,0.02681998643405553,0.06164223823847927,0.0016532439933208333,1,0,4
RPM-2011-08-18:4272:1,3,contrasta con,0.027624465737960697,0.06161742785486764,0.0017021485246380562,1,0,3
RPM-2011-08-18:4272:1,3,contribuir,0.0241454606242561,-0.16137958073852948,-0.0038965843122811213,2,2,6
RPM-2011-08-18:4272:1,3,control,0.023761529874522788,-0.04840169120572122,-0.0011500982315621718,3,3,5
RPM-2011-08-18:4272:1,3,converger,0.023408347821428196,0.06530921339473239,0.001528780783087773,4,2,6
RPM-2011-08-18:4272:1,3,convergiendo,0.025030904036644232,0.04083488901745332,0.0010221341883428917,4,2,2
RPM-2011-08-18:4272:1,3,corrientes,0.028609068831466827,0.005401758545929104,0.00015453928205144988,0,0,3
RPM-2011-08-18:4272:1,3,corto,0.02151329204222869,-0.2496418344570972,-0.005370617690633241,34,27,85
RPM-2011-08-18:4272:1,3,corto plazo,0.022039627712439846,-0.17224964812357899,-0.0037963181182424435,32,25,79
RPM-2011-08-18:4272:1,3,corto plazo se,0.023761529874522788,0.05577592383522635,0.0013253212804898386,3,2,6
RPM-2011-08-18:4272:1,3,crecimiento,0.024056181103262155,0.5903661965515564,0.014201956141488304,78,41,204
RPM-2011-08-18:4272:1,3,crecimiento de,0.02151329204222869,0.06774853546610154,0.0014574940289155305,36,18,92
RPM-2011-08-18:4272:1,3,crecimiento de en,0.026139808874228704,-0.0601510460673091,-0.001572336847784386,0,1,5
RPM-2011-08-18:4272:1,3,crecimiento de en el,0.02681998643405553,-0.06286141992901866,-0.0016859424297217484,0,1,4
RPM-2011-08-18:4272:1,3,crecimiento de tendencia,0.02681998643405553,0.030810214476972873,0.0008263295343027538,1,0,4
RPM-2011-08-18:4272:1,3,crecimiento del,0.015734638573311782,0.457967244070576,0.007205949063866177,17,1,55
RPM-2011-08-18:4272:1,3,crecimiento del gasto,0.026139808874228704,0.13475234679926654,0.0035224005906866114,2,0,4
RPM-2011-08-18:4272:1,3,crecimiento economico,0.025550612271934083,0.05854574489410907,0.0014958796279609453,3,1,3
RPM-2011-08-18:4272:1,3,crecimiento mundial,0.018675423623088418,0.22380192006804508,0.004179595664931315,15,4,18
RPM-2011-08-18:4272:1,3,crediticia,0.025030904036644232,-0.10196223419765012,-0.002552206899563225,1,2,5
RPM-2011-08-18:4272:1,3,cuentas,0.018449096059362464,-0.23502280283773427,-0.004335958265693965,1,3,35
RPM-2011-08-18:4272:1,3,cuentas nacionales,0.020522949525389075,-0.1727175465222044,-0.00354467348942424,1,2,21
RPM-2011-08-18:4272:1,3,datos,0.02220504133321995,-0.22741070920990908,-0.0050496641976228935,12,15,106
RPM-2011-08-18:4272:1,3,datos de,0.01696443919563047,-0.0436847728588169,-0.0007410876729383276,3,3,49
RPM-2011-08-18:4272:1,3,datos de demanda,0.028609068831466827,0.009146097971249507,0.00026166134639881626,0,0,3
RPM-2011-08-18:4272:1,3,datos que,0.027624465737960697,-0.3245122738382771,-0.008964478190193205,0,3,1
RPM-2011-08-18:4272:1,3,de 13,0.02681998643405553,0.061950037813186046,0.001661499173738877,1,0,4
RPM-2011-08-18:4272:1,3,de 2008,0.02681998643405553,-0.1018059965932744,-0.002730435447537123,0,1,4
RPM-2011-08-18:4272:1,3,de 2011,0.026139808874228704,0.052909511399691994,0.0013830445156167736,1,0,5
RPM-2011-08-18:4272:1,3,de 2013,0.025550612271934083,0.008226142158410329,0.00021018296878335326,0,0,7
RPM-2011-08-18:4272:1,3,de acuerdo,0.01440603640632359,-0.0942302129362235,-0.0013574838781348598,15,13,71
RPM-2011-08-18:4272:1,3,de acuerdo con,0.016173111675266073,0.07959900514895857,0.001287363599514186,8,5,53
RPM-2011-08-18:4272:1,3,de acuerdo con la,0.023761529874522788,0.06357938389109909,0.0015107434297321038,2,1,8
RPM-2011-08-18:4272:1,3,de agosto,0.02018336507970019,0.24676879313471284,0.004980624642114923,9,2,15
RPM-2011-08-18:4272:1,3,de ano,0.01755363579792509,0.044505769868821904,0.000781238075183568,6,5,37
RPM-2011-08-18:4272:1,3,de bienes,0.01658707943759735,-0.0660652934727386,-0.0010958302709004966,8,7,45
RPM-2011-08-18:4272:1,3,de bienes servicios,0.025550612271934083,-0.0737946801709028,-0.0018854992607781197,0,1,6
RPM-2011-08-18:4272:1,3,de cambio,0.012797077798513261,-0.47278368864211373,-0.0060502496454212,19,20,104
RPM-2011-08-18:4272:1,3,de comienzos,0.025030904036644232,0.10525555163637446,0.002634641612334141,2,0,6
RPM-2011-08-18:4272:1,3,de comienzos de,0.02681998643405553,-0.0005919947730492672,-1.5877291782213128e-05,0,0,5
RPM-2011-08-18:4272:1,3,de consumo,0.01610774129279838,0.08950813579845547,0.0014417738950421861,6,2,59
RPM-2011-08-18:4272:1,3,de consumo de,0.024566009178427953,0.04285068746207522,0.0010526703814952873,2,0,7
RPM-2011-08-18:4272:1,3,de de,0.04425854369577617,-0.029256391164066853,-0.0012948452667155728,1,1,4
RPM-2011-08-18:4272:1,3,de del,0.0241454606242561,-0.025369440809484323,-0.0006125568341247995,1,1,8
RPM-2011-08-18:4272:1,3,de del pib,0.027624465737960697,0.0014798672728820253,4.0880542776458844e-05,0,0,4
RPM-2011-08-18:4272:1,3,de demanda,0.018560808864484156,-0.07987404829122235,-0.0014825269435659555,5,4,29
RPM-2011-08-18:4272:1,3,de ello,0.01957378774781666,0.29158211845887816,0.005707366497772815,8,2,20
RPM-2011-08-18:4272:1,3,de en,0.03162024085319476,-0.2050942764826255,-0.006485130419992336,4,5,28
RPM-2011-08-18:4272:1,3,de en doce,0.027624465737960697,0.127010412442678,0.003508594786887015,2,0,2
RPM-2011-08-18:4272:1,3,de en doce meses,0.027624465737960697,0.127010412442678,0.003508594786887015,2,0,2
RPM-2011-08-18:4272:1,3,de en el,0.02249215571240134,-0.23015408414831534,-0.005176661498509029,1,3,11
RPM-2011-08-18:4272:1,3,de enero,0.02913463719871546,0.24764356555149428,0.007215005436939095,11,5,36
RPM-2011-08-18:4272:1,3,de enero el,0.027624465737960697,0.025749986079068945,0.000711329608194205,1,0,3
RPM-2011-08-18:4272:1,3,de enero en,0.027624465737960697,0.07265387602364873,0.0020070245089453286,1,0,3
RPM-2011-08-18:4272:1,3,de esa,0.032674221661676085,-0.02434084584434642,-0.0007953181925508621,8,5,19
RPM-2011-08-18:4272:1,3,de esta,0.03525499618829381,-0.4092934952686882,-0.014429640615591053,18,14,59
RPM-2011-08-18:4272:1,3,de esta forma,0.047202314376682084,-0.3770437213996488,-0.01779733627126036,3,4,8
RPM-2011-08-18:4272:1,3,de esta manera,0.027624465737960697,0.05276480294213686,0.0014575994910453075,2,0,2
RPM-2011-08-18:4272:1,3,de estado,0.028609068831466827,-0.19997724342507114,-0.005721162721874858,1,2,0
RPM-2011-08-18:4272:1,3,de este,0.012797077798513261,-0.45816751160685676,-0.0058632052907841735,24,23,96
RPM-2011-08-18:4272:1,3,de este ano,0.016173111675266073,-0.33917008879407035,-0.00548543572297641,8,10,48
RPM-2011-08-18:4272:1,3,de europa,0.020022895755163216,-0.09223462456803458,-0.0018468042727423724,2,3,22
RPM-2011-08-18:4272:1,3,de expectativas,0.03131178340189702,0.1693915781450215,0.005303952404982426,26,12,50
RPM-2011-08-18:4272:1,3,de expectativas de,0.018340141878970338,0.3772972967139142,0.006919685952285156,16,2,22
RPM-2011-08-18:4272:1,3,de expectativas economicas,0.02034989126189545,0.27031492438063,0.005500879317613312,7,2,16
RPM-2011-08-18:4272:1,3,de expectativas economicas de,0.027624465737960697,0.12421121459465294,0.003431268441840474,2,0,2
RPM-2011-08-18:4272:1,3,de forma,0.02308135231469596,-0.1266026128388436,-0.0029221595108943994,1,2,10
RPM-2011-08-18:4272:1,3,de hacienda,0.04045242583645038,-0.5929805137828714,-0.02398750025626185,8,13,56
RPM-2011-08-18:4272:1,3,de hecho,0.025965810761302135,0.048300044725034436,0.0012541498210926736,18,11,51
RPM-2011-08-18:4272:1,3,de hecho precisa,0.043260947129805535,0.0034622070581135436,0.00014977835649348958,1,1,5
RPM-2011-08-18:4272:1,3,de hecho precisa que,0.043260947129805535,0.0034622070581135436,0.00014977835649348958,1,1,5
RPM-2011-08-18:4272:1,3,de igual,0.023408347821428196,0.058872916857058644,0.001378117715052052,3,1,8
RPM-2011-08-18:4272:1,3,de igual forma,0.027624465737960697,0.021076545633819145,0.0005822283127360021,2,1,1
RPM-2011-08-18:4272:1,3,de inflacion,0.027753973884112854,0.7501740911231636,0.020820312133570378,73,36,125
RPM-2011-08-18:4272:1,3,de inflacion de,0.030696736233381088,0.1712854100556888,0.005257903053106,17,7,18
RPM-2011-08-18:4272:1,3,de inflacion medidas,0.028609068831466827,0.13368176972047172,0.0038245109514452734,3,0,0
RPM-2011-08-18:4272:1,3,de inflacion para,0.025030904036644232,0.050590662452241364,0.0012663300169923142,3,1,4
RPM-2011-08-18:4272:1,3,de inflacion para el,0.027624465737960697,0.045345022204880604,0.0012526320122857914,1,0,3
RPM-2011-08-18:4272:1,3,de inflacion se,0.02150755261889521,0.014969919346449881,0.0003219663280443882,10,5,4
RPM-2011-08-18:4272:1,3,de inflacion se han,0.02681998643405553,0.13336045539061703,0.0035767256044158167,4,0,1
RPM-2011-08-18:4272:1,3,de julio,0.057335737475741735,0.2279275419399504,0.013068393708160111,5,1,11
RPM-2011-08-18:4272:1,3,de julio pasado,0.028609068831466827,0.14126426182759988,0.004041438990052157,2,0,1
RPM-2011-08-18:4272:1,3,de la,0.023333235139834586,-0.34943453951599207,-0.008153438276506463,104,66,403
RPM-2011-08-18:4272:1,3,de la debilidad,0.027624465737960697,0.072659446503366,0.002007178390471422,1,0,3
RPM-2011-08-18:4272:1,3,de la deuda,0.025030904036644232,-0.0036959850988879522,-9.251384833113138e-05,0,0,8
RPM-2011-08-18:4272:1,3,de la economia,0.02341264393559046,0.05232606371293366,0.0012250914982619363,42,22,49
RPM-2011-08-18:4272:1,3,de la encuesta,0.02034989126189545,0.13536295797744372,0.002754621475729503,4,0,21
RPM-2011-08-18:4272:1,3,de la encuesta de,0.021087004064723355,0.099776713737267,0.002103991968142488,3,0,18
RPM-2011-08-18:4272:1,3,de la periferia,0.025030904036644232,0.08383493247886326,0.002098464149796975,1,0,7
RPM-2011-08-18:4272:1,3,de la periferia europea,0.02681998643405553,0.01733873689041028,0.0004650246881844619,0,0,5
RPM-2011-08-18:4272:1,3,de la politica,0.024027034625155486,0.04028768812196959,0.0009679936774740287,42,25,37
RPM-2011-08-18:4272:1,3,de la politica fiscal,0.025030904036644232,0.2560718735109329,0.006409710492335862,4,1,3
RPM-2011-08-18:4272:1,3,de la politica monetaria,0.014586160195924557,-0.06742279532206064,-0.0009834396934246092,38,24,33
RPM-2011-08-18:4272:1,3,de la situacion,0.02150755261889521,-0.09516823929086889,-0.002046835914195973,2,3,14
RPM-2011-08-18:4272:1,3,de las,0.021156243774613493,-0.09680640857467956,-0.002048059978750755,72,50,228
RPM-2011-08-18:4272:1,3,de las compensaciones,0.026139808874228704,0.24482469183981703,0.006399670652384757,4,0,2
RPM-2011-08-18:4272:1,3,de las compensaciones inflacionarias,0.02681998643405553,0.251102793441141,0.00673457351364485,4,0,1
RPM-2011-08-18:4272:1,3,de las expectativas,0.0176446167554573,0.08153859137171977,0.0014387171955338328,13,7,27
RPM-2011-08-18:4272:1,3,de las expectativas inflacionarias,0.026139808874228704,0.043352590995296925,0.00113322844281967,3,1,2
RPM-2011-08-18:4272:1,3,de las importaciones,0.021972447477111492,-0.0887734365119287,-0.0019505696711210451,1,2,14
RPM-2011-08-18:4272:1,3,de las importaciones de,0.023761529874522788,-0.05595925968906328,-0.001329677620857856,0,1,10
RPM-2011-08-18:4272:1,3,de los,0.0201973013522787,0.43514307459925594,0.008788715809038262,84,51,317
RPM-2011-08-18:4272:1,3,de los bcp,0.027624465737960697,0.06052474516367813,0.001671963749072829,2,1,1
RPM-2011-08-18:4272:1,3,de los bcp bcu,0.028609068831466827,0.06330353782565797,0.0018110552709296127,2,1,0
RPM-2011-08-18:4272:1,3,de los commodities,0.030192890742040582,-0.006567564447560844,-0.00019829375580651467,9,7,29
RPM-2011-08-18:4272:1,3,de los commodities en,0.026139808874228704,-0.11653716062270307,-0.0030462591054227495,0,2,4
RPM-2011-08-18:4272:1,3,de los commodities han,0.027624465737960697,0.06467210871420606,0.0017865324513772548,2,1,1
RPM-2011-08-18:4272:1,3,de los precios,0.015794672426068856,-0.09683668949702752,-0.0015295037894304923,18,13,41
RPM-2011-08-18:4272:1,3,de los precios de,0.0176446167554573,-0.3157768391923816,-0.0055717613077992416,11,11,25
RPM-2011-08-18:4272:1,3,de marzo,0.0176446167554573,-0.16472332670262663,-0.0029064799703518327,5,5,37
RPM-2011-08-18:4272:1,3,de mas,0.02222465441186387,0.017923322902012345,0.0003983396574094694,5,3,8
RPM-2011-08-18:4272:1,3,de mayor,0.016173111675266073,0.20185913220834076,0.0032646902878777934,17,8,41
RPM-2011-08-18:4272:1,3,de mensual,0.028609068831466827,0.18233363506918374,0.005216395515985831,2,0,1
RPM-2011-08-18:4272:1,3,de mercado,0.016515331188283917,0.4677900605316977,0.007725707776268368,18,7,36
RPM-2011-08-18:4272:1,3,de mientras,0.028609068831466827,0.0523127308359964,0.0014966185172490183,1,0,2
RPM-2011-08-18:4272:1,3,de moderacion,0.02308135231469596,0.10010049452875612,0.0023104547810935154,5,2,6
RPM-2011-08-18:4272:1,3,de moderacion del,0.028609068831466827,0.11845354133654747,0.0033888455174282874,2,0,1
RPM-2011-08-18:4272:1,3,de niveles,0.027624465737960697,0.14427017953252602,0.003985386631505703,2,0,2
RPM-2011-08-18:4272:1,3,de normalizacion,0.016043325256632934,0.729954776932985,0.011710901908968818,39,10,19
RPM-2011-08-18:4272:1,3,de normalizacion de,0.01903829266165708,0.513849226105906,0.009782811950570241,18,3,13
RPM-2011-08-18:4272:1,3,de normalizacion de la,0.020703073314990043,0.3413327887663621,0.007066637750640004,14,3,6
RPM-2011-08-18:4272:1,3,de nuevas,0.028609068831466827,0.03537343111118261,0.0010120009254649734,1,0,2
RPM-2011-08-18:4272:1,3,de octubre,0.020890864213576974,0.09363179419047052,0.001956049098506705,4,2,16
RPM-2011-08-18:4272:1,3,de politica,0.018955205813286084,0.43472666606430455,0.008240333427772584,100,67,170
RPM-2011-08-18:4272:1,3,de politica monetaria,0.020059580208470703,0.6406995975166214,0.012852164965919564,93,54,152
RPM-2011-08-18:4272:1,3,de politica monetaria de,0.017043944411684477,0.8130787817541437,0.01385806955853776,27,2,25
RPM-2011-08-18:4272:1,3,de politica monetaria en,0.012143243123564976,0.02412601001551229,0.00029296800521992937,70,33,63
RPM-2011-08-18:4272:1,3,de politica monetaria se,0.020022895755163216,0.3884635338930053,0.007778164843821958,9,0,18
RPM-2011-08-18:4272:1,3,de que,0.012038802268733082,-0.4062933825198626,-0.0048912856952513595,35,29,106
RPM-2011-08-18:4272:1,3,de que se,0.019166197852331125,-0.10521825747849786,-0.002016633940510409,6,7,20
RPM-2011-08-18:4272:1,3,de ser,0.023408347821428196,-0.3596724803265142,-0.008419338521278835,1,5,6
RPM-2011-08-18:4272:1,3,de su,0.026742705086066396,-0.07062796618624609,-0.0018887828705474487,15,13,44
RPM-2011-08-18:4272:1,3,de su economia,0.027624465737960697,0.039506850024141435,0.0010913556249066468,1,1,2
RPM-2011-08-18:4272:1,3,de tendencia,0.017291434702362708,0.4691273666069259,0.00811188522677503,19,3,29
RPM-2011-08-18:4272:1,3,de un,0.010987614671513048,0.27359861242305605,0.0030061961279651828,48,28,140
RPM-2011-08-18:4272:1,3,de un escenario,0.023761529874522788,0.2355545922879339,0.005597137481730776,6,0,5
RPM-2011-08-18:4272:1,3,de una,0.020880200775513284,-0.05108196582442205,-0.0010666017024218404,34,26,99
RPM-2011-08-18:4272:1,3,de una desaceleracion,0.03679865795383269,-0.1295392679482536,-0.004766871212817667,1,3,14
RPM-2011-08-18:4272:1,3,de variacion,0.020522949525389075,-0.22623617661558737,-0.004643033633498708,1,4,19
RPM-2011-08-18:4272:1,3,de variacion anual,0.023408347821428196,-0.0646998905240827,-0.001514517541396054,0,1,11
RPM-2011-08-18:4272:1,3,de variacion anual de,0.027624465737960697,-0.00825478242598065,-0.00022803395430082257,0,0,4
RPM-2011-08-18:4272:1,3,debido,0.02624776409717545,0.39795164852628384,0.010445340992599977,19,5,53
RPM-2011-08-18:4272:1,3,debido la,0.03963377811541769,0.1558189427205584,0.0061756934019655905,3,0,9
RPM-2011-08-18:4272:1,3,debiera,0.016886341225677125,-0.04682207756728901,-0.0007906535786963646,20,15,21
RPM-2011-08-18:4272:1,3,debilidad,0.017043944411684477,-0.012969576640173994,-0.00022105274329820707,16,7,31
RPM-2011-08-18:4272:1,3,debilidad de,0.021087004064723355,-0.2953031834257654,-0.0062270594292248614,3,6,12
RPM-2011-08-18:4272:1,3,decidio,0.02150755261889521,0.30793252318157704,0.006622874945396937,12,0,7
RPM-2011-08-18:4272:1,3,deficit,0.019297921667312055,-0.13554262721704785,-0.0026156910026162686,0,3,29
RPM-2011-08-18:4272:1,3,del,0.02353856782274955,0.021630438071549875,0.0005091495335829607,104,68,527
RPM-2011-08-18:4272:1,3,del ajuste,0.023761529874522788,0.1272688444468051,0.0030241024494187534,7,2,2
RPM-2011-08-18:4272:1,3,del ano,0.012359847106847685,0.011703055686255182,0.00014464797896503845,22,15,121
RPM-2011-08-18:4272:1,3,del ano 2010,0.027624465737960697,-0.05119013836248297,-0.0014141002233158783,0,1,3
RPM-2011-08-18:4272:1,3,del banco,0.013049284733265639,0.21841945862410556,0.0028502177068716866,45,25,65
RPM-2011-08-18:4272:1,3,del banco central,0.014822174745124582,0.16231211779442647,0.0024058185732002343,33,17,40
RPM-2011-08-18:4272:1,3,del centro,0.027624465737960697,-0.03075654941581149,-0.0008496332455549796,1,1,2
RPM-2011-08-18:4272:1,3,del comportamiento,0.025550612271934083,-0.02882581194842774,-0.000736517144517962,1,1,5
RPM-2011-08-18:4272:1,3,del consumo,0.015979836102124337,-0.20240408369190005,-0.0032343840837972203,10,8,51
RPM-2011-08-18:4272:1,3,del consumo privado,0.02150755261889521,-0.009813722608891323,-0.0002110691553979717,2,1,16
RPM-2011-08-18:4272:1,3,del crecimiento,0.01755363579792509,0.3085331381579163,0.005415878338814966,18,5,25
RPM-2011-08-18:4272:1,3,del crecimiento de,0.02150755261889521,0.032806468305662334,0.0007055868433241505,6,3,10
RPM-2011-08-18:4272:1,3,del escenario,0.01550235230495141,0.42531456193264355,0.006593376179505916,25,7,45
RPM-2011-08-18:4272:1,3,del escenario internacional,0.02308135231469596,0.18018589733008586,0.004158934178415345,6,0,7
RPM-2011-08-18:4272:1,3,del gasto,0.01957378774781666,-0.20551079696338903,-0.004022624719646021,3,5,22
RPM-2011-08-18:4272:1,3,del gasto publico,0.028609068831466827,-0.002387758134086381,-6.831153681097207e-05,0,0,3
RPM-2011-08-18:4272:1,3,del mercado,0.013866760865746364,-0.09577069032923086,-0.0013280292607428922,21,14,77
RPM-2011-08-18:4272:1,3,del mes,0.014148929504258981,-0.05706850600883093,-0.0008074582684323288,18,13,74
RPM-2011-08-18:4272:1,3,del mes previo,0.02681998643405553,0.13760759527453958,0.0036906338384861555,1,0,4
RPM-2011-08-18:4272:1,3,del ministerio,0.025030904036644232,0.07314074631893895,0.0018307790022779008,2,0,6
RPM-2011-08-18:4272:1,3,del mundo,0.019718470221483913,-0.19884341430445718,-0.003920887943700627,4,6,19
RPM-2011-08-18:4272:1,3,del panorama,0.027624465737960697,-0.01349560188532039,-0.00037280879189419087,2,1,1
RPM-2011-08-18:4272:1,3,del petroleo,0.01222322875990485,0.3237322622509715,0.003957053498455134,45,19,99
RPM-2011-08-18:4272:1,3,del petroleo por,0.025030904036644232,0.00016649147164898154,4.1674320497653305e-06,1,1,6
RPM-2011-08-18:4272:1,3,del pib,0.027383458433857887,0.1069792211916917,0.0029294610567891784,9,1,56
RPM-2011-08-18:4272:1,3,del pib en,0.0241454606242561,-0.0005389827329177338,-1.3013986354819082e-05,0,0,10
RPM-2011-08-18:4272:1,3,del pib en el,0.026139808874228704,-0.005230276833516352,-0.00013671843678742356,0,0,6
RPM-2011-08-18:4272:1,3,del rango,0.01644473096034062,0.26517702172568536,0.0043607647791432955,26,12,24
RPM-2011-08-18:4272:1,3,del rango meta,0.018793095132844526,0.2634568415083474,0.0049511694858651156,20,7,9
RPM-2011-08-18:4272:1,3,del sistema,0.023761529874522788,-0.08173455767774986,-0.0019421381340407591,1,2,8
RPM-2011-08-18:4272:1,3,del sistema financiero,0.025030904036644232,-0.02112538847792205,-0.0005287875717276966,1,1,6
RPM-2011-08-18:4272:1,3,delineado,0.025550612271934083,0.06665913223529102,0.0017031816421275035,2,1,4
RPM-2011-08-18:4272:1,3,demanda,0.010847526076564985,0.012116093681551227,0.00013142964215673118,53,31,139
RPM-2011-08-18:4272:1,3,demanda agregada,0.020022895755163216,0.162058526396667,0.00324488098027583,8,4,15
RPM-2011-08-18:4272:1,3,desacelera,0.025030904036644232,-0.05039158167078826,-0.0012613468450562214,1,2,5
RPM-2011-08-18:4272:1,3,desaceleracion,0.0315338377335636,-0.5001928773206096,-0.015773001028912388,19,21,90
RPM-2011-08-18:4272:1,3,desaceleracion en,0.020890864213576974,0.027062230586875666,0.000565353384506929,3,3,16
RPM-2011-08-18:4272:1,3,desaceleracion en el,0.025550612271934083,0.08022966635621204,0.0020499170977742085,1,0,6
RPM-2011-08-18:4272:1,3,desaceleracion importante,0.027624465737960697,0.0029233919448578127,8.075714061935493e-05,0,0,4
RPM-2011-08-18:4272:1,3,desaceleran,0.028609068831466827,0.011421860299199126,0.0003267687874831861,0,0,3
RPM-2011-08-18:4272:1,3,desalineamiento,0.025550612271934083,0.06273019941418718,0.0016027950029730033,4,2,1
RPM-2011-08-18:4272:1,3,desarrollados,0.02018336507970019,0.023906041664146956,0.00048250436651800147,5,3,18
RPM-2011-08-18:4272:1,3,desarrollados se,0.028609068831466827,-0.0031933121308104096,-9.135768655071301e-05,0,0,3
RPM-2011-08-18:4272:1,3,desde,0.030011742893541016,0.31583740427857854,0.009478830973372071,46,24,158
RPM-2011-08-18:4272:1,3,desde la,0.025874142412810074,0.43983344373925465,0.011380313161226162,23,10,48
RPM-2011-08-18:4272:1,3,desde la reunion,0.01986805810989899,0.17018582653882172,0.0033812618911544996,8,2,18
RPM-2011-08-18:4272:1,3,desde la reunion de,0.023408347821428196,0.11295465638772298,0.0026440818847737256,4,1,7
RPM-2011-08-18:4272:1,3,desde los,0.026139808874228704,-0.0634236864188267,-0.0016578830410871447,0,1,5
RPM-2011-08-18:4272:1,3,desde una,0.0241454606242561,0.032950722801669455,0.0007956103799484874,2,1,7
RPM-2011-08-18:4272:1,3,destaca,0.013049284733265639,-0.035259313604379686,-0.00046010882272305725,16,18,101
RPM-2011-08-18:4272:1,3,destaca que,0.015335826122756151,0.014282372127557081,0.00021903197556871423,10,10,60
RPM-2011-08-18:4272:1,3,destaca que la,0.021972447477111492,-0.11689966646951233,-0.002568571781593211,1,3,13
RPM-2011-08-18:4272:1,3,deuda,0.019297921667312055,0.055491000845533066,0.0010708609875578442,3,3,26
RPM-2011-08-18:4272:1,3,dicha,0.017291434702362708,-0.1698162624168732,-0.0029363668129806534,11,12,28
RPM-2011-08-18:4272:1,3,dicho,0.014920232560807658,-0.34102769092995583,-0.005088212458350177,17,18,53
RPM-2011-08-18:4272:1,3,dicho pais,0.025030904036644232,-0.1596361741380692,-0.003995837755627038,0,2,6
RPM-2011-08-18:4272:1,3,dinamismo,0.02214949552589006,0.5041908140366356,0.011167572179699325,38,17,79
RPM-2011-08-18:4272:1,3,dinamismo de,0.017737513241611397,0.35822194327519574,0.006353966462279551,18,5,23
RPM-2011-08-18:4272:1,3,dinamismo que,0.02150755261889521,0.17192274222396525,0.00369763742476669,7,2,10
RPM-2011-08-18:4272:1,3,disminucion,0.03895194157062644,0.05321265519292,0.002072736235892511,6,2,30
RPM-2011-08-18:4272:1,3,disminucion de,0.035371307842678515,-0.1302482766550726,-0.004607051889544931,1,2,19
RPM-2011-08-18:4272:1,3,disminucion de los,0.027624465737960697,-0.0717945226694768,-0.0019832853316562047,0,1,3
RPM-2011-08-18:4272:1,3,disminuido,0.01957378774781666,0.0025047741416352742,4.9027917404588525e-05,7,2,21
RPM-2011-08-18:4272:1,3,doce,0.03683827579633003,0.051160682005589424,0.0018846713136502424,7,4,37
RPM-2011-08-18:4272:1,3,doce meses,0.03683827579633003,0.051160682005589424,0.0018846713136502424,7,4,37
RPM-2011-08-18:4272:1,3,doce meses se,0.040881818579280395,0.09362159500461456,0.0038274210620815163,4,1,5
RPM-2011-08-18:4272:1,3,donde,0.015228200784449421,-0.06929850460717428,-0.0010552915422201432,19,16,47
RPM-2011-08-18:4272:1,3,donde el,0.02222465441186387,-0.05517173925654334,-0.001226172838278139,4,4,8
RPM-2011-08-18:4272:1,3,dudas,0.018675423623088418,-0.19028624876491784,-0.003553676305333226,4,6,27
RPM-2011-08-18:4272:1,3,dudas respecto,0.025550612271934083,-0.05305762526633193,-0.0013556548112496206,0,1,6
RPM-2011-08-18:4272:1,3,durante,0.027661826516389657,-0.008981072240325164,-0.0002484328622430377,24,15,92
RPM-2011-08-18:4272:1,3,durante el,0.016306831608856577,-0.25828889144852696,-0.004211873459289365,9,8,47
RPM-2011-08-18:4272:1,3,durante el primer,0.024566009178427953,-0.05458567589389423,-0.001340952215020099,2,2,5
RPM-2011-08-18:4272:1,3,durante el primer trimestre,0.028609068831466827,-0.0700181445544684,-0.002003153917010381,1,1,1
RPM-2011-08-18:4272:1,3,durante la,0.023408347821428196,0.052233592920956154,0.0012227021110566311,2,1,9
RPM-2011-08-18:4272:1,3,economia,0.02569902556329341,0.13493841365046386,0.003467785741873531,66,40,121
RPM-2011-08-18:4272:1,3,economia de,0.02129226991728466,-0.07382892437044082,-0.0015719853853982215,3,4,13
RPM-2011-08-18:4272:1,3,economia internacional,0.02129226991728466,-0.4281620684419579,-0.009116542329609076,4,8,8
RPM-2011-08-18:4272:1,3,economia mas,0.028609068831466827,0.0837539071705298,0.0023961212951459704,2,0,1
RPM-2011-08-18:4272:1,3,economias,0.031217142184651547,-0.5842893934623763,-0.018239845072698813,27,28,79
RPM-2011-08-18:4272:1,3,economias de,0.026139808874228704,-0.18939355873427177,-0.0049507114273238725,0,3,3
RPM-2011-08-18:4272:1,3,economias de la,0.028609068831466827,-0.12435667867979622,-0.0035577287800028935,0,2,1
RPM-2011-08-18:4272:1,3,economias del,0.02681998643405553,0.02117589935819241,0.0005679373335156457,1,1,3
RPM-2011-08-18:4272:1,3,economias que,0.025030904036644232,-0.09335883712552168,-0.0023368560930616318,2,3,3
RPM-2011-08-18:4272:1,3,economica,0.01658707943759735,-0.3532439465246344,-0.005859285401854501,13,10,37
RPM-2011-08-18:4272:1,3,economicas,0.018913990917578748,0.0876935564887012,0.0016586351309574733,8,5,22
RPM-2011-08-18:4272:1,3,economicas de,0.02681998643405553,0.12194744016330189,0.003270628690847555,2,0,3
RPM-2011-08-18:4272:1,3,economico,0.03363954657197663,0.061513549298406855,0.002069287906431338,7,4,17
RPM-2011-08-18:4272:1,3,efecto,0.012169744224916679,0.13254875512200603,0.001613084447165928,23,14,128
RPM-2011-08-18:4272:1,3,ejecucion,0.026139808874228704,-0.036677681868739445,-0.0009587475939986126,0,1,5
RPM-2011-08-18:4272:1,3,el analisis,0.01712490852016745,0.17266349308574863,0.00295684652386601,20,9,24
RPM-2011-08-18:4272:1,3,el ano,0.03882215870324674,-0.05225017360510137,-0.002028464531969439,15,12,84
RPM-2011-08-18:4272:1,3,el ano 2009,0.02681998643405553,0.00913539495188868,0.0002450111686793938,0,0,5
RPM-2011-08-18:4272:1,3,el ano 2010,0.025550612271934083,0.023232904730223443,0.0005936149407127225,1,1,5
RPM-2011-08-18:4272:1,3,el ano 2011,0.045410184413477106,0.1469922343985068,0.006674944471385247,2,0,3
RPM-2011-08-18:4272:1,3,el ano 2012,0.025030904036644232,0.05521420800661781,0.0013820615420729642,1,0,7
RPM-2011-08-18:4272:1,3,el ano 2014,0.026139808874228704,-0.14779745316236303,-0.0038633971777619386,0,2,4
RPM-2011-08-18:4272:1,3,el banco,0.014025784206291633,0.09670846446517345,0.0013564120535103454,30,20,58
RPM-2011-08-18:4272:1,3,el banco central,0.015855534358046004,0.1676750563194877,0.0026585776164609358,24,15,32
RPM-2011-08-18:4272:1,3,el banco central europeo,0.021733880182621162,-0.0025209196329774378,-5.478936525314895e-05,1,1,16
RPM-2011-08-18:4272:1,3,el caso,0.014148929504258981,-0.037072854789419914,-0.0005245412089371322,13,8,84
RPM-2011-08-18:4272:1,3,el caso de,0.015917247533415623,-0.08815227060392206,-0.0014031415118352648,7,5,58
RPM-2011-08-18:4272:1,3,el caso de las,0.027624465737960697,0.0023582358067202403,6.514500424477538e-05,0,0,4
RPM-2011-08-18:4272:1,3,el compromiso,0.041593869178065034,-0.07823630241683079,-0.003254150527701193,4,3,2
RPM-2011-08-18:4272:1,3,el compromiso de,0.045410184413477106,-0.08348581075257037,-0.0037911060621828706,3,2,0
RPM-2011-08-18:4272:1,3,el consumo,0.028084366783491795,-0.29201027604694313,-0.008200923697051039,8,9,43
RPM-2011-08-18:4272:1,3,el consumo privado,0.023408347821428196,0.0002709102522176453,6.34156141230148e-06,1,1,10
RPM-2011-08-18:4272:1,3,el corto,0.026540777208082282,-0.06662060702557038,-0.0017681626885328646,18,14,42
RPM-2011-08-18:4272:1,3,el corto plazo,0.02695024278347741,-0.027413284461767634,-0.0007387946717371666,18,13,39
RPM-2011-08-18:4272:1,3,el corto plazo se,0.02681998643405553,-0.0009284552904539507,-2.4901158294602047e-05,0,0,5
RPM-2011-08-18:4272:1,3,el crecimiento,0.030834215140376237,0.6784316141356879,0.020918906348292514,40,14,85
RPM-2011-08-18:4272:1,3,el crecimiento de,0.015979836102124337,0.2388542006965342,0.0038168509794345292,22,7,40
RPM-2011-08-18:4272:1,3,el crecimiento del,0.018340141878970338,0.26785082171652935,0.004912422072679938,8,0,32
RPM-2011-08-18:4272:1,3,el crecimiento del gasto,0.028609068831466827,0.09310245235726916,0.0026635744678674745,1,0,2
RPM-2011-08-18:4272:1,3,el crecimiento economico,0.027624465737960697,0.0925034749968893,0.0025553590756938723,2,0,2
RPM-2011-08-18:4272:1,3,el crecimiento mundial,0.02308135231469596,0.28780848488235117,0.006643009038728393,5,0,8
RPM-2011-08-18:4272:1,3,el elemento,0.028609068831466827,-0.0734796229181982,-0.00210218358977696,0,1,2
RPM-2011-08-18:4272:1,3,el escenario,0.027453796226213748,0.07156372185824156,0.0019646958370856025,67,39,86
RPM-2011-08-18:4272:1,3,el escenario internacional,0.0380825300291676,0.2774453299100895,0.010565820107753296,7,2,6
RPM-2011-08-18:4272:1,3,el escenario interno,0.02681998643405553,-0.3134825383843182,-0.008407597426780707,0,3,2
RPM-2011-08-18:4272:1,3,el gasto,0.020890864213576974,-0.11263755121208241,-0.002353095787721436,8,4,10
RPM-2011-08-18:4272:1,3,el informe,0.01712490852016745,0.5573820798677372,0.009545117128515667,22,2,29
RPM-2011-08-18:4272:1,3,el informe de,0.018233813357751916,0.2874710831197955,0.005241694075357139,15,2,24
RPM-2011-08-18:4272:1,3,el ipcx,0.02222465441186387,0.13834234331220133,0.0030746107706411015,4,1,11
RPM-2011-08-18:4272:1,3,el ipcx1,0.018233813357751916,-0.12608936948230212,-0.0022990900295369173,9,6,26
RPM-2011-08-18:4272:1,3,el ipec,0.027624465737960697,-0.0012727493358564174,-3.515902042137783e-05,0,0,4
RPM-2011-08-18:4272:1,3,el mercado,0.023814170513117856,0.23196304741543747,0.0055240075638936705,51,33,115
RPM-2011-08-18:4272:1,3,el mercado en,0.025030904036644232,0.24738404902342973,0.0061922463913019615,4,0,4
RPM-2011-08-18:4272:1,3,el ministerio,0.045410184413477106,0.12147763853065198,0.005516321967790619,2,0,3
RPM-2011-08-18:4272:1,3,el ministerio de,0.045410184413477106,0.12147763853065198,0.005516321967790619,2,0,3
RPM-2011-08-18:4272:1,3,el ministerio de hacienda,0.048439364230443475,0.12518618223173344,0.006063939077741607,2,0,1
RPM-2011-08-18:4272:1,3,el ministro,0.01957378774781666,-0.09325318016300715,-0.0018253179553196091,2,6,22
RPM-2011-08-18:4272:1,3,el ministro de,0.02034989126189545,-0.23604775283801205,-0.004803546102868319,1,6,18
RPM-2011-08-18:4272:1,3,el ministro de hacienda,0.02034989126189545,-0.23604775283801205,-0.004803546102868319,1,6,18
RPM-2011-08-18:4272:1,3,el momento,0.03223463154275979,-0.3415717105809222,-0.011010438236006214,6,8,20
RPM-2011-08-18:4272:1,3,el nivel,0.015734638573311782,-0.03438672332307613,-0.0005410626632090735,13,10,50
RPM-2011-08-18:4272:1,3,el nivel actual,0.024566009178427953,-0.01770973340051733,-0.0004350574732646208,1,1,7
RPM-2011-08-18:4272:1,3,el particular,0.019166197852331125,-0.0995858537406242,-0.0019086821760861132,2,3,28
RPM-2011-08-18:4272:1,3,el presente,0.021087004064723355,0.04501698355218895,0.0009492733151465928,4,1,16
RPM-2011-08-18:4272:1,3,el presente ano,0.02150755261889521,0.04233263196642169,0.0009104713095141398,4,1,14
RPM-2011-08-18:4272:1,3,el primer,0.040160918207461475,0.12249943348526839,0.004919689728662231,10,4,65
RPM-2011-08-18:4272:1,3,el primer semestre,0.03856468936109866,0.11675255572228097,0.004502526043544127,3,1,10
RPM-2011-08-18:4272:1,3,el primer trimestre,0.03560178056631306,0.00928641428072733,0.0003306128834703303,6,3,46
RPM-2011-08-18:4272:1,3,el primer trimestre de,0.03505335021220123,-0.10083277943965333,-0.003534526730567812,2,2,19
RPM-2011-08-18:4272:1,3,el problema,0.02222465441186387,-0.19730453779793855,-0.004385025166451717,2,4,10
RPM-2011-08-18:4272:1,3,el proceso,0.018560808864484156,0.7884865909239895,0.014634948906348878,19,4,15
RPM-2011-08-18:4272:1,3,el proceso de,0.019166197852331125,0.6409442702992428,0.012284464696873288,17,4,12
RPM-2011-08-18:4272:1,3,el proceso de normalizacion,0.02249215571240134,0.5148486309421247,0.01158005557546692,8,0,7
RPM-2011-08-18:4272:1,3,el riesgo,0.016515331188283917,0.3185951384653283,0.00526170422673207,26,10,25
RPM-2011-08-18:4272:1,3,el riesgo de,0.019297921667312055,0.18394683468988687,0.003549791606795437,13,5,14
RPM-2011-08-18:4272:1,3,el segundo,0.02501447364140265,0.030781423279473877,0.0007699811012692572,21,10,60
RPM-2011-08-18:4272:1,3,el senor,0.02134564339757827,0.10402496716952617,0.0022204798536454924,63,38,308
RPM-2011-08-18:4272:1,3,el senor felipe,0.05485732412689207,0.1069802998091158,0.005868652981820756,2,1,3
RPM-2011-08-18:4272:1,3,el senor felipe larrain,0.05797304326557549,0.10728948036351847,0.006219897687055368,2,1,1
RPM-2011-08-18:4272:1,3,el senor ministro,0.02820785515982279,-0.6040789353538064,-0.017039771113560125,9,11,39
RPM-2011-08-18:4272:1,3,el senor ministro de,0.031237034976789157,-0.6108764089469724,-0.019081967752771933,5,9,25
RPM-2011-08-18:4272:1,3,el sesgo,0.018560808864484156,-0.40126468725496844,-0.007447797164206481,13,13,12
RPM-2011-08-18:4272:1,3,el tipo,0.01472624879087262,-0.34995594110925976,-0.005153538254618927,15,16,61
RPM-2011-08-18:4272:1,3,el tipo de,0.01472624879087262,-0.34995594110925976,-0.005153538254618927,15,16,61
RPM-2011-08-18:4272:1,3,el tipo de cambio,0.014822174745124582,-0.3880256039466182,-0.005751383307279278,14,16,60
RPM-2011-08-18:4272:1,3,el uso,0.027624465737960697,0.10148884188018621,0.0028035750353045145,1,0,3
RPM-2011-08-18:4272:1,3,elemento,0.031237034976789157,-0.21369598309511836,-0.006675228898341557,6,7,26
RPM-2011-08-18:4272:1,3,elemento de,0.027624465737960697,0.0733928891932213,0.0020274393529280876,1,0,3
RPM-2011-08-18:4272:1,3,elevada,0.02034989126189545,-0.13120996741186275,-0.002670108569308253,9,5,11
RPM-2011-08-18:4272:1,3,elevado,0.017207386063791727,0.37746090916080877,0.006495115587919856,21,7,24
RPM-2011-08-18:4272:1,3,elevado dinamismo,0.02681998643405553,0.21150284033673183,0.005672503308595361,4,0,1
RPM-2011-08-18:4272:1,3,elevado dinamismo de,0.027624465737960697,0.15014818057868887,0.004147763270013126,3,0,1
RPM-2011-08-18:4272:1,3,elevo,0.02681998643405553,0.005206240516658602,0.00013963130002921396,0,0,5
RPM-2011-08-18:4272:1,3,ello,0.017110725045699077,0.03201640544373953,0.0005478239104994503,58,35,171
RPM-2011-08-18:4272:1,3,ello se,0.015979836102124337,0.14607839931128613,0.002334308879055025,18,7,44
RPM-2011-08-18:4272:1,3,ello se ha,0.026139808874228704,0.005946171816180989,0.00015543179480829642,0,0,6
RPM-2011-08-18:4272:1,3,empiezan,0.028609068831466827,-0.04693029249179493,-0.001342631968178632,1,1,1
RPM-2011-08-18:4272:1,3,en,0.026131030825743945,-0.33453806946848613,-0.00874182460566588,107,75,664
RPM-2011-08-18:4272:1,3,en 24,0.027624465737960697,-0.08427069395939159,-0.0023279328979953842,0,1,3
RPM-2011-08-18:4272:1,3,en algunas,0.02129226991728466,-0.13381467921906257,-0.0028492182688271426,3,4,13
RPM-2011-08-18:4272:1,3,en algunas economias,0.025030904036644232,0.060619896512582136,0.0015173708123177479,1,0,7
RPM-2011-08-18:4272:1,3,en caso,0.02222465441186387,0.06510447273623426,0.00144692440722942,6,3,7
RPM-2011-08-18:4272:1,3,en caso de,0.024566009178427953,0.14752097188738436,0.0036240015493960963,5,1,3
RPM-2011-08-18:4272:1,3,en chile,0.01746449296585633,-0.16927724699734312,-0.0029563412894646236,14,9,26
RPM-2011-08-18:4272:1,3,en china,0.020522949525389075,-0.2259163291741692,-0.004636469420602658,0,5,19
RPM-2011-08-18:4272:1,3,en consecuencia,0.015335826122756151,-0.8087593016227937,-0.012402992024848862,20,17,43
RPM-2011-08-18:4272:1,3,en consecuencia el,0.022776926781016654,-0.6293646162727019,-0.014334991783405974,3,6,5
RPM-2011-08-18:4272:1,3,en doce,0.031237034976789157,-0.00822457744282084,-0.0002569114132507057,5,4,30
RPM-2011-08-18:4272:1,3,en doce meses,0.031237034976789157,-0.00822457744282084,-0.0002569114132507057,5,4,30
RPM-2011-08-18:4272:1,3,en doce meses se,0.024566009178427953,0.1901462410318085,0.004671134302430981,4,0,5
RPM-2011-08-18:4272:1,3,en efecto,0.01792938782407261,0.07654363758506151,0.0013723805637278284,10,6,28
RPM-2011-08-18:4272:1,3,en el,0.027436687044666827,-0.19672633084895658,-0.005397518772948407,102,68,411
RPM-2011-08-18:4272:1,3,en el analisis,0.028609068831466827,-0.0832279911780343,-0.002381075328317097,0,1,2
RPM-2011-08-18:4272:1,3,en el ano,0.04670881932837251,-0.08264870214265146,-0.003860423296105581,4,4,22
RPM-2011-08-18:4272:1,3,en el caso,0.01550235230495141,-0.10810948056884186,-0.0016759512552834853,8,5,64
RPM-2011-08-18:4272:1,3,en el caso de,0.016886341225677125,-0.060275527527824405,-0.0010178331253925376,6,3,47
RPM-2011-08-18:4272:1,3,en el consumo,0.023761529874522788,-0.07512034230121496,-0.0017849742577746971,1,1,9
RPM-2011-08-18:4272:1,3,en el corto,0.02695024278347741,-0.056138960472464694,-0.0015129586143449653,17,13,40
RPM-2011-08-18:4272:1,3,en el corto plazo,0.02716371092507422,-0.053908162719667654,-0.001464345748618915,17,13,38
RPM-2011-08-18:4272:1,3,en el crecimiento,0.02018336507970019,0.16411274959497513,0.0033123475393088023,8,4,14
RPM-2011-08-18:4272:1,3,en el crecimiento mundial,0.02681998643405553,0.1982384563272288,0.005316752709404387,3,0,2
RPM-2011-08-18:4272:1,3,en el informe,0.018793095132844526,0.4719950497420511,0.00887024787203405,17,1,18
RPM-2011-08-18:4272:1,3,en el informe de,0.019718470221483913,0.22208554829788102,0.004379187270733694,12,1,16
RPM-2011-08-18:4272:1,3,en el mercado,0.026641058937532606,0.15616460844765057,0.004160390537610561,15,9,49
RPM-2011-08-18:4272:1,3,en el nivel,0.023408347821428196,-0.16808784500840485,-0.003934658740511054,1,2,9
RPM-2011-08-18:4272:1,3,en el nivel actual,0.027624465737960697,-0.1135397782508651,-0.0031364757141866782,0,1,3
RPM-2011-08-18:4272:1,3,en el primer,0.043021421250818426,0.0291606733303744,0.0012545336113035433,4,2,37
RPM-2011-08-18:4272:1,3,en el primer semestre,0.04425854369577617,0.12747228211579725,0.00564173756802232,2,0,4
RPM-2011-08-18:4272:1,3,en el primer trimestre,0.03338627226046073,-0.05441002792003876,-0.001816548005837684,2,2,25
RPM-2011-08-18:4272:1,3,en el proceso,0.025550612271934083,0.14140271661999207,0.003612925986555587,3,0,4
RPM-2011-08-18:4272:1,3,en el proceso de,0.028609068831466827,0.08631917753934705,0.002469511291698785,2,0,1
RPM-2011-08-18:4272:1,3,en el segundo,0.031237034976789157,0.34727962341724017,0.010847985743410497,14,1,24
RPM-2011-08-18:4272:1,3,en especial,0.017832407654044233,0.06185286570894934,0.0011029855158928383,10,6,29
RPM-2011-08-18:4272:1,3,en este,0.021312719548259678,-0.32559737866055083,-0.00693936561704083,33,30,87
RPM-2011-08-18:4272:1,3,en este contexto,0.01812998691775235,-0.4576142136644742,-0.008296539707114445,9,14,19
RPM-2011-08-18:4272:1,3,en francia,0.028609068831466827,0.0019055040132873076,5.4514695474772865e-05,0,0,3
RPM-2011-08-18:4272:1,3,en general,0.01792938782407261,-0.16722394145130193,-0.002998222899750404,3,6,35
RPM-2011-08-18:4272:1,3,en julio,0.05067196038161582,-0.15416197367920828,-0.007811689422624542,2,2,6
RPM-2011-08-18:4272:1,3,en junio,0.0241454606242561,0.08351788624480293,0.002016577833744989,2,0,8
RPM-2011-08-18:4272:1,3,en la,0.025323567258061286,-0.1408861600117911,-0.0035677401487885763,82,54,269
RPM-2011-08-18:4272:1,3,en la actualidad,0.0380825300291676,-0.02374351000779081,-0.0009042129328695349,3,2,10
RPM-2011-08-18:4272:1,3,en la economia,0.020522949525389075,-0.005000058701111421,-0.00010261595234689215,9,6,9
RPM-2011-08-18:4272:1,3,en la economia internacional,0.028609068831466827,0.034706886780446346,0.0009929317128277155,2,1,0
RPM-2011-08-18:4272:1,3,en la inversion,0.025030904036644232,-0.14401908636339553,-0.0036049279302073313,1,2,5
RPM-2011-08-18:4272:1,3,en la medida,0.018449096059362464,0.05639940774342628,0.0010405180911496226,7,7,25
RPM-2011-08-18:4272:1,3,en la medida que,0.020022895755163216,0.1972157397476091,0.003948830198243775,7,5,15
RPM-2011-08-18:4272:1,3,en la reunion,0.01658707943759735,0.12358561531052759,0.002049924418500068,24,13,23
RPM-2011-08-18:4272:1,3,en la reunion anterior,0.022776926781016654,0.11059028790833234,0.0025189068903796368,4,1,9
RPM-2011-08-18:4272:1,3,en la tasa,0.01673417372882189,0.5100576283534601,0.008535392964577672,27,9,22
RPM-2011-08-18:4272:1,3,en la ultima,0.01986805810989899,-0.018206123790995715,-0.00036172032543551735,7,5,16
RPM-2011-08-18:4272:1,3,en la ultima reunion,0.02249215571240134,-0.15203975048595408,-0.0034197017424047265,4,4,7
RPM-2011-08-18:4272:1,3,en los,0.019346924117707467,0.22335800399929095,0.004321290354456883,69,42,212
RPM-2011-08-18:4272:1,3,en los datos,0.026139808874228704,-0.14463643925658565,-0.0037807688784161383,0,2,4
RPM-2011-08-18:4272:1,3,en los paises,0.021733880182621162,0.230621711066692,0.005012304635834561,6,2,10
RPM-2011-08-18:4272:1,3,en los paises desarrollados,0.02681998643405553,0.0832964403072813,0.002234009399046401,3,1,1
RPM-2011-08-18:4272:1,3,en los precios,0.016239465107779315,0.5250745287101001,0.008526929487971338,22,6,37
RPM-2011-08-18:4272:1,3,en los precios de,0.017737513241611397,0.38679518863911566,0.006860784780277893,16,5,25
RPM-2011-08-18:4272:1,3,en menor,0.020890864213576974,0.013411936648247129,0.00028018694735962746,2,2,18
RPM-2011-08-18:4272:1,3,en menor medida,0.02249215571240134,0.00285436618236478,6.420084863396119e-05,2,2,11
RPM-2011-08-18:4272:1,3,en que,0.032923158130293145,0.06148258926570927,0.00202420100865481,32,18,99
RPM-2011-08-18:4272:1,3,en que el,0.021972447477111492,0.07261909968814068,0.0015956193537327945,5,2,10
RPM-2011-08-18:4272:1,3,en que las,0.037629610956366466,0.14955903386946123,0.005627848259517862,3,0,13
RPM-2011-08-18:4272:1,3,en que los,0.027624465737960697,-0.07327985599167187,-0.0020243168711246338,1,1,2
RPM-2011-08-18:4272:1,3,en que se,0.017737513241611397,0.11490559574419497,0.0020381395260479045,10,5,31
RPM-2011-08-18:4272:1,3,en respectivamente,0.028609068831466827,0.12884087858273763,0.003686017563680201,2,0,1
RPM-2011-08-18:4272:1,3,en su,0.010635997029039777,0.03891566085065368,0.00041390685319067205,62,39,133
RPM-2011-08-18:4272:1,3,en sus,0.018449096059362464,0.08979166053626189,0.0016565749705631614,5,3,31
RPM-2011-08-18:4272:1,3,en tanto,0.01550235230495141,-0.205567861689336,-0.0031867854144836103,12,11,54
RPM-2011-08-18:4272:1,3,en tanto que,0.02150755261889521,-0.3728175159808421,-0.008018392342203768,1,5,13
RPM-2011-08-18:4272:1,3,en tanto que el,0.02681998643405553,-0.15676534041033807,-0.004204444303135365,1,2,2
RPM-2011-08-18:4272:1,3,en un,0.02000025824221849,-0.5078338937276661,-0.010156809018704664,43,35,101
RPM-2011-08-18:4272:1,3,en un contexto,0.017832407654044233,-0.27309343101510886,-0.004869913389503028,7,11,27
RPM-2011-08-18:4272:1,3,en un contexto de,0.021087004064723355,-0.22525623950369478,-0.0047499792380187094,1,5,15
RPM-2011-08-18:4272:1,3,en una,0.014495179238392344,0.0833168340169855,0.0012076924426515892,27,15,55
RPM-2011-08-18:4272:1,3,encuesta,0.027725695827891732,0.39381558676234557,0.010918811170855499,14,2,47
RPM-2011-08-18:4272:1,3,encuesta de,0.02972088895983299,0.28805906891909444,0.008561371601217284,9,2,37
RPM-2011-08-18:4272:1,3,encuesta de expectativas,0.018913990917578748,0.3034604148408231,0.005739647530144007,9,2,24
RPM-2011-08-18:4272:1,3,encuesta de expectativas economicas,0.02034989126189545,0.25556976750706384,0.00520081697859665,7,2,16
RPM-2011-08-18:4272:1,3,ende,0.025550612271934083,0.13405757097667806,0.003425253018142385,4,1,2
RPM-2011-08-18:4272:1,3,enero,0.026152592406686836,0.35036312385801793,0.00916290397259228,16,7,55
RPM-2011-08-18:4272:1,3,enero el,0.026139808874228704,0.02329363680382788,0.0006088912140377604,1,0,5
RPM-2011-08-18:4272:1,3,enero en,0.025550612271934083,0.1079349502717444,0.0027578040649838278,2,0,5
RPM-2011-08-18:4272:1,3,enfatiza,0.020522949525389075,0.13565146917448703,0.0027839682549128694,7,4,13
RPM-2011-08-18:4272:1,3,enfatiza que,0.02129226991728466,0.34450927925127844,0.007335384562827416,6,1,13
RPM-2011-08-18:4272:1,3,entrega,0.022776926781016654,0.14121519499938276,0.0032164481568679303,6,2,6
RPM-2011-08-18:4272:1,3,es,0.01583172606802681,0.028950695658464407,0.00045833948314362156,92,66,423
RPM-2011-08-18:4272:1,3,es la,0.014232978142829965,0.21934131667130072,0.003121880166002169,27,14,62
RPM-2011-08-18:4272:1,3,es necesario,0.021087004064723355,0.2285601383712881,0.004819648566869085,12,4,5
RPM-2011-08-18:4272:1,3,es que,0.01267618201377904,0.07913151794977025,0.001003085524557911,25,23,99
RPM-2011-08-18:4272:1,3,es que el,0.01957378774781666,-0.11055066744254477,-0.002163895299899837,2,4,24
RPM-2011-08-18:4272:1,3,es un,0.01512313819929225,-0.05057611092194186,-0.0007648695150552609,20,18,46
RPM-2011-08-18:4272:1,3,es un escenario,0.028609068831466827,0.049747291368271974,0.0014232236829339285,1,0,2
RPM-2011-08-18:4272:1,3,esa,0.0209741753060489,-0.043588140985368284,-0.0009142253102918894,29,25,103
RPM-2011-08-18:4272:1,3,escenario,0.03178817579660432,0.3729141799535929,0.01185426150941135,81,43,150
RPM-2011-08-18:4272:1,3,escenario central,0.015979836102124337,0.2029146104339098,0.0032425422174602874,29,12,28
RPM-2011-08-18:4272:1,3,escenario central que,0.025030904036644232,0.13322159533256167,0.0033346569683780024,4,0,4
RPM-2011-08-18:4272:1,3,escenario en,0.04664093286013944,-0.26991038440730153,-0.012588872117395379,3,4,9
RPM-2011-08-18:4272:1,3,escenario en el,0.027624465737960697,-0.35748622327930546,-0.009875365926772142,0,2,2
RPM-2011-08-18:4272:1,3,escenario en que,0.04238100459651074,0.10979096475502964,0.00465305138193826,2,0,6
RPM-2011-08-18:4272:1,3,escenario internacional,0.03895194157062644,0.48718097463803317,0.01897664485842151,16,2,20
RPM-2011-08-18:4272:1,3,escenario internacional se,0.028609068831466827,-0.07300784523445761,-0.002088686469549675,0,1,2
RPM-2011-08-18:4272:1,3,escenario interno,0.021733880182621162,-0.1763972610994021,-0.003833796937276946,1,3,14
RPM-2011-08-18:4272:1,3,espana,0.02129226991728466,0.029468733957636856,0.0006274562375466562,0,0,20
RPM-2011-08-18:4272:1,3,especial,0.016306831608856577,0.10442765684392519,0.0017028842154613471,17,9,38
RPM-2011-08-18:4272:1,3,especifica,0.03908012659513823,0.23668093843982813,0.009249521036884601,4,0,9
RPM-2011-08-18:4272:1,3,especifica que,0.040881818579280395,0.2207837519391892,0.009026041292030778,3,0,7
RPM-2011-08-18:4272:1,3,especifica que en,0.028609068831466827,0.052677556171594704,0.001507055830386613,1,0,2
RPM-2011-08-18:4272:1,3,esperada,0.016239465107779315,0.07829947872846367,0.0012715416527681945,18,10,37
RPM-2011-08-18:4272:1,3,esperada para,0.026139808874228704,0.08845147217167056,0.002312104577211627,2,0,4
RPM-2011-08-18:4272:1,3,esperandose,0.0241454606242561,0.06285240448883692,0.001517600257725029,1,0,9
RPM-2011-08-18:4272:1,3,esperandose que,0.028609068831466827,0.07652657100262444,0.002189353937250216,1,0,2
RPM-2011-08-18:4272:1,3,esta,0.02149248894895375,0.022167687869748876,0.0004764387865644338,90,62,348
RPM-2011-08-18:4272:1,3,esta forma,0.04664093286013944,-0.3656608889607311,-0.017054764971596362,3,4,9
RPM-2011-08-18:4272:1,3,esta manera,0.027624465737960697,0.05276480294213686,0.0014575994910453075,2,0,2
RPM-2011-08-18:4272:1,3,esta tendencia,0.025550612271934083,-0.23680786718621416,-0.00605058599741862,0,3,4
RPM-2011-08-18:4272:1,3,estado,0.015071530358219606,-0.24008070061575873,-0.00361838356775304,15,15,55
RPM-2011-08-18:4272:1,3,estado de,0.028609068831466827,0.06973646683161215,0.0019950953796488953,1,0,2
RPM-2011-08-18:4272:1,3,estados,0.020383464118624094,-0.2580810098755529,-0.005260585004496603,24,23,123
RPM-2011-08-18:4272:1,3,estados unidos,0.020383464118624094,-0.25809027832560166,-0.005260773927615607,24,23,123
RPM-2011-08-18:4272:1,3,este,0.021486920462367352,-0.5181802331629544,-0.01113409745514337,73,56,275
RPM-2011-08-18:4272:1,3,este ano,0.013905982636097729,-0.4092724067573234,-0.005691334981801266,16,17,78
RPM-2011-08-18:4272:1,3,este contexto,0.01812998691775235,-0.4576142136644742,-0.008296539707114445,9,14,19
RPM-2011-08-18:4272:1,3,este es,0.020703073314990043,-0.06113511731988244,-0.0012656848159940438,3,5,15
RPM-2011-08-18:4272:1,3,este es un,0.02249215571240134,-0.07923390315206272,-0.001782141287397522,3,5,7
RPM-2011-08-18:4272:1,3,este escenario,0.017737513241611397,-0.36661868921275137,-0.006502903854533391,9,9,28
RPM-2011-08-18:4272:1,3,este escenario en,0.02681998643405553,-0.16378278895228165,-0.004392652177831974,1,1,3
RPM-2011-08-18:4272:1,3,estima,0.020253532553734393,0.03836890009164254,0.0007771057670570647,48,32,93
RPM-2011-08-18:4272:1,3,estima que,0.021412332712971025,0.11803964921883994,0.002527504242396191,42,27,79
RPM-2011-08-18:4272:1,3,estima que es,0.026139808874228704,0.07127407688228429,0.0018630907473899938,2,1,3
RPM-2011-08-18:4272:1,3,esto,0.021214417121157857,-0.21537202119633264,-0.004568991893885852,41,27,84
RPM-2011-08-18:4272:1,3,esto se,0.03605094677817187,0.006734363484413567,0.00024278017956145756,5,3,12
RPM-2011-08-18:4272:1,3,estos,0.012116900238686432,-0.028546898467122633,-0.0003458999208500356,42,28,97
RPM-2011-08-18:4272:1,3,estructural,0.02249215571240134,-0.0357361939620299,-0.0008037840391625531,1,2,12
RPM-2011-08-18:4272:1,3,euro,0.01755363579792509,-0.1264938586098856,-0.0022204271247121625,4,6,38
RPM-2011-08-18:4272:1,3,euro en,0.0241454606242561,0.0047248743567158726,0.00011408426773464046,0,0,10
RPM-2011-08-18:4272:1,3,europa,0.02526214969363018,0.06420916818209611,0.001622061618319588,11,8,69
RPM-2011-08-18:4272:1,3,europea,0.02308135231469596,0.03226041441040072,0.0007446139908245536,1,1,11
RPM-2011-08-18:4272:1,3,europeo,0.0194336991528686,0.05474129289931631,0.0010638258174443752,2,1,28
RPM-2011-08-18:4272:1,3,evita,0.02681998643405553,0.16193269958209144,0.004343032806021683,3,0,2
RPM-2011-08-18:4272:1,3,exhibe,0.017737513241611397,0.2462471004394613,0.004367811204753357,5,0,41
RPM-2011-08-18:4272:1,3,exhibiendo,0.023761529874522788,0.11523754294601968,0.0027382203193784494,3,0,8
RPM-2011-08-18:4272:1,3,existen,0.016239465107779315,-0.27923543176261845,-0.004534634050964734,14,14,37
RPM-2011-08-18:4272:1,3,expectativas,0.0322046635502501,0.236159738910311,0.007605444935721472,72,48,146
RPM-2011-08-18:4272:1,3,expectativas de,0.028424665967332174,0.3877871247920975,0.011022719488647529,51,29,95
RPM-2011-08-18:4272:1,3,expectativas de inflacion,0.030049313515106285,0.3889432929571749,0.011687478949667979,41,20,40
RPM-2011-08-18:4272:1,3,expectativas de inflacion medidas,0.028609068831466827,0.13368176972047172,0.0038245109514452734,3,0,0
RPM-2011-08-18:4272:1,3,expectativas de inflacion para,0.028609068831466827,0.10906882916562555,0.003120357640966878,2,0,1
RPM-2011-08-18:4272:1,3,expectativas de inflacion se,0.023408347821428196,-0.0454157811378036,-0.0010631084014555646,7,4,1
RPM-2011-08-18:4272:1,3,expectativas del,0.020522949525389075,-0.07506428011394756,-0.0015405404319382126,5,4,15
RPM-2011-08-18:4272:1,3,expectativas del mercado,0.02222465441186387,-0.2847520028040087,-0.0063285148554051845,1,4,11
RPM-2011-08-18:4272:1,3,expectativas economicas,0.02034989126189545,0.27031492438063,0.005500879317613312,7,2,16
RPM-2011-08-18:4272:1,3,expectativas economicas de,0.027624465737960697,0.12421121459465294,0.003431268441840474,2,0,2
RPM-2011-08-18:4272:1,3,expectativas inflacionarias,0.019718470221483913,-0.013871247064082909,-0.000273519772167965,11,9,9
RPM-2011-08-18:4272:1,3,expectativas que,0.0241454606242561,-0.1220682294870113,-0.0029473936285512887,2,3,5
RPM-2011-08-18:4272:1,3,expresa,0.02578358522319129,-0.39637178208391743,-0.010219885623428892,12,18,52
RPM-2011-08-18:4272:1,3,expresa que,0.02605861787615122,-0.45744424558518404,-0.011920364795348585,12,18,49
RPM-2011-08-18:4272:1,3,expresa que el,0.023408347821428196,-0.14192470924702938,-0.00332222295850953,1,4,7
RPM-2011-08-18:4272:1,3,externo,0.0137511449908335,0.13460674760630134,0.0018509969030787799,42,23,50
RPM-2011-08-18:4272:1,3,federal,0.01737711545491983,-0.0817112402608348,-0.0014199056559772198,6,6,38
RPM-2011-08-18:4272:1,3,federal ha,0.02681998643405553,0.002414674819787988,6.476154590936932e-05,0,0,5
RPM-2011-08-18:4272:1,3,felipe,0.05155452874538248,0.035480240179634435,0.001829167062234038,2,2,5
RPM-2011-08-18:4272:1,3,felipe larrain,0.05485732412689207,0.14075791214734973,0.007721602410091763,2,1,3
RPM-2011-08-18:4272:1,3,felipe larrain manifiesta,0.028609068831466827,0.010810376299047263,0.00030927479963350075,1,1,1
RPM-2011-08-18:4272:1,3,felipe larrain manifiesta que,0.028609068831466827,0.010810376299047263,0.00030927479963350075,1,1,1
RPM-2011-08-18:4272:1,3,financieras,0.014275610552849654,0.09505581811125965,0.0013569798401388555,28,18,56
RPM-2011-08-18:4272:1,3,financieras en,0.022776926781016654,0.1353672297750868,0.0030832494811362096,3,1,10
RPM-2011-08-18:4272:1,3,financiero,0.01737711545491983,-0.12603959707704934,-0.002190204630299462,10,8,32
RPM-2011-08-18:4272:1,3,finanzas,0.027624465737960697,-0.022386218179308998,-0.0006184073170968343,1,1,2
RPM-2011-08-18:4272:1,3,finanzas publicas,0.028609068831466827,-0.023851320419346407,-0.0006823640675984515,1,1,1
RPM-2011-08-18:4272:1,3,fines,0.01487093126453987,0.01866020509240464,0.00027749462731136625,14,8,67
RPM-2011-08-18:4272:1,3,fines de,0.017043944411684477,-0.09794538758483388,-0.0016693757413767996,6,6,42
RPM-2011-08-18:4272:1,3,fines de ano,0.02129226991728466,0.0036006251631742377,7.666548284527299e-05,3,3,14
RPM-2011-08-18:4272:1,3,fiscal,0.046307136086750356,0.0519576636404484,0.002406010600947845,10,8,42
RPM-2011-08-18:4272:1,3,fiscal de,0.025030904036644232,0.026380884800885757,0.0006603373958527377,2,1,5
RPM-2011-08-18:4272:1,3,flexibilidad,0.021972447477111492,-0.06062035176328842,-0.0013319774951628777,7,6,4
RPM-2011-08-18:4272:1,3,forma,0.03782427025218864,-0.6141660680781209,-0.02323038333871093,23,23,51
RPM-2011-08-18:4272:1,3,forma de,0.02308135231469596,-0.034955711748994145,-0.0008068250982894908,4,4,5
RPM-2011-08-18:4272:1,3,fragilidad,0.027624465737960697,-0.2262207826754114,-0.006249228260231555,0,2,2
RPM-2011-08-18:4272:1,3,francia,0.023408347821428196,0.006668034455239107,0.00015608766981350448,0,0,12
RPM-2011-08-18:4272:1,3,frenar,0.027624465737960697,-0.067486401423796,-0.0018642757839099145,0,1,3
RPM-2011-08-18:4272:1,3,fuerte,0.014190753704713042,-0.03321662800344464,-0.00047136898689795697,11,9,84
RPM-2011-08-18:4272:1,3,fuertemente,0.020890864213576974,-0.024794448780188754,-0.0005179774627174125,3,3,16
RPM-2011-08-18:4272:1,3,fuertemente en,0.028609068831466827,0.07348633588263323,0.0021023756414385447,1,0,2
RPM-2011-08-18:4272:1,3,fuertes,0.023761529874522788,0.10691215850583699,0.002540396448286161,5,1,5
RPM-2011-08-18:4272:1,3,futura,0.018560808864484156,0.19831512811494076,0.0036808891878771033,18,8,12
RPM-2011-08-18:4272:1,3,futura de,0.02129226991728466,0.44993649750558395,0.009580169350526569,14,2,4
RPM-2011-08-18:4272:1,3,futura de la,0.021733880182621162,0.4632353144493485,0.010067900820600977,13,1,4
RPM-2011-08-18:4272:1,3,futura de la economia,0.028609068831466827,0.10721830001181282,0.0030674157250308136,2,0,1
RPM-2011-08-18:4272:1,3,futuro,0.015559287547952484,-0.021100266026479964,-0.00032830510644429455,27,15,34
RPM-2011-08-18:4272:1,3,gasto,0.03511854262801267,-0.29564103674853653,-0.010382482351643341,13,11,34
RPM-2011-08-18:4272:1,3,gasto fiscal,0.026139808874228704,0.04292111621099477,0.0011219497744239626,2,1,3
RPM-2011-08-18:4272:1,3,gasto publico,0.045410184413477106,0.05512556700989326,0.0025032621638167427,1,0,4
RPM-2011-08-18:4272:1,3,generado,0.040231767312839166,0.12320197432798838,0.004956633163646013,3,0,8
RPM-2011-08-18:4272:1,3,general,0.015855534358046004,-0.17818200614312246,-0.0028251709203878424,7,9,55
RPM-2011-08-18:4272:1,3,grado,0.016375242593335854,0.019180028504034014,0.00031407761970065354,12,8,43
RPM-2011-08-18:4272:1,3,grado de,0.01755363579792509,-0.0816311697962241,-0.0014329238243615007,9,7,32
RPM-2011-08-18:4272:1,3,ha,0.027456235621745553,0.02647678435147441,0.0007269528296602269,87,56,295
RPM-2011-08-18:4272:1,3,ha disminuido,0.021972447477111492,0.0155834228481069,0.000342405940043648,3,1,13
RPM-2011-08-18:4272:1,3,ha generado,0.025550612271934083,0.12751018576095705,0.003257963317100504,3,0,4
RPM-2011-08-18:4272:1,3,ha pasado,0.026139808874228704,-0.049159843433511374,-0.0012850289116389942,0,1,5
RPM-2011-08-18:4272:1,3,ha traducido,0.05797304326557549,0.013764911234236753,0.0007979937945292134,1,1,2
RPM-2011-08-18:4272:1,3,ha traducido en,0.05797304326557549,0.013764911234236753,0.0007979937945292134,1,1,2
RPM-2011-08-18:4272:1,3,ha vuelto,0.03908012659513823,-0.0682980575686373,-0.0026690967359843843,3,3,7
RPM-2011-08-18:4272:1,3,hace,0.020121519964954464,-0.19248405489652942,-0.0038730717535359078,46,40,211
RPM-2011-08-18:4272:1,3,hace presente,0.02647809472866371,-0.24617327093438057,-0.0065181991874655254,25,22,102
RPM-2011-08-18:4272:1,3,hace presente ademas,0.02681998643405553,0.05761631861991681,0.00154526888376639,2,1,2
RPM-2011-08-18:4272:1,3,hace presente ademas que,0.02681998643405553,0.05761631861991681,0.00154526888376639,2,1,2
RPM-2011-08-18:4272:1,3,hace presente que,0.022844962595843704,-0.3606387801973321,-0.00823877944421875,20,18,84
RPM-2011-08-18:4272:1,3,hace presente que el,0.02249215571240134,0.2822749777299304,0.006348972752816214,5,0,10
RPM-2011-08-18:4272:1,3,hacienda,0.04045242583645038,-0.5929805137828714,-0.02398750025626185,8,13,56
RPM-2011-08-18:4272:1,3,han,0.02585157841318941,0.19924564905766917,0.005150814520101153,71,40,209
RPM-2011-08-18:4272:1,3,han ajustado,0.02222465441186387,0.018111797545251437,0.0004025284412208575,5,3,8
RPM-2011-08-18:4272:1,3,han ajustado la,0.025550612271934083,-0.020522004711312537,-0.0005243497854215512,2,2,3
RPM-2011-08-18:4272:1,3,han ajustado la baja,0.025550612271934083,-0.020522004711312537,-0.0005243497854215512,2,2,3
RPM-2011-08-18:4272:1,3,han ido,0.021733880182621162,0.06546997790801665,0.0014229166554116882,1,0,17
RPM-2011-08-18:4272:1,3,han intensificado,0.027624465737960697,0.002322065767861623,6.414582624558481e-05,3,1,0
RPM-2011-08-18:4272:1,3,han subido,0.026139808874228704,0.045277280025840236,0.0011835394462203967,2,1,3
RPM-2011-08-18:4272:1,3,hasta,0.0209741753060489,-0.03949792311348754,-0.0008284363636071285,41,23,93
RPM-2011-08-18:4272:1,3,hasta ahora,0.01812998691775235,-0.2756811533290528,-0.004998095703326607,13,11,18
RPM-2011-08-18:4272:1,3,hecho,0.021824623617574732,0.04421448399222237,0.0009649644715755363,31,21,88
RPM-2011-08-18:4272:1,3,hecho precisa,0.043260947129805535,0.0034622070581135436,0.00014977835649348958,1,1,5
RPM-2011-08-18:4272:1,3,hecho precisa que,0.043260947129805535,0.0034622070581135436,0.00014977835649348958,1,1,5
RPM-2011-08-18:4272:1,3,hecho precisa que el,0.048439364230443475,-0.0011800232986827267,-5.715957836530199e-05,1,1,1
RPM-2011-08-18:4272:1,3,hoy,0.013114655115733329,-0.23418681249919326,-0.003071279278579827,36,27,70
RPM-2011-08-18:4272:1,3,hoy una,0.028609068831466827,0.15908606131386022,0.004551304078255179,2,0,1
RPM-2011-08-18:4272:1,3,ido,0.018675423623088418,0.22898231266201408,0.004276341691157596,6,4,27
RPM-2011-08-18:4272:1,3,igual,0.016239465107779315,-0.06614313717406611,-0.0010741291682573077,17,10,38
RPM-2011-08-18:4272:1,3,igual forma,0.027624465737960697,0.021076545633819145,0.0005822283127360021,2,1,1
RPM-2011-08-18:4272:1,3,implica,0.03505335021220123,-0.10993014095092547,-0.003853419729629435,5,5,13
RPM-2011-08-18:4272:1,3,implica una,0.045410184413477106,0.1707791130777283,0.007755111018829702,2,0,3
RPM-2011-08-18:4272:1,3,importaciones,0.016043325256632934,-0.07918556702407487,-0.0012703998073981403,7,6,55
RPM-2011-08-18:4272:1,3,importaciones de,0.01802854750519061,0.11114717640105298,0.0020038221498141847,6,2,35
RPM-2011-08-18:4272:1,3,importaciones de bienes,0.020022895755163216,0.1049985895005408,0.0021023758120085035,6,2,19
RPM-2011-08-18:4272:1,3,importante,0.023630798994913278,0.22914653417937625,0.005414915689573865,44,29,130
RPM-2011-08-18:4272:1,3,importante de,0.019297921667312055,0.1806462809534469,0.003486097779330864,9,3,20
RPM-2011-08-18:4272:1,3,importantes,0.026742705086066396,-0.4153892942874291,-0.011108633393037961,14,15,43
RPM-2011-08-18:4272:1,3,indica,0.01540428220296194,0.3223872435160772,0.004966144077756666,64,45,223
RPM-2011-08-18:4272:1,3,indica que,0.016259027826467487,0.20147258723884615,0.003275748402186798,55,42,199
RPM-2011-08-18:4272:1,3,indica que las,0.03142618119781339,0.19680686818932536,0.0061848883006919144,9,3,26
RPM-2011-08-18:4272:1,3,indicado,0.04677228627870296,0.08367080583875064,0.003913474883859816,1,0,3
RPM-2011-08-18:4272:1,3,indices,0.021733880182621162,-0.003945034702120801,-8.574091153217605e-05,3,2,13
RPM-2011-08-18:4272:1,3,indices de,0.025030904036644232,-0.014835425331414107,-0.00037134410781342747,1,1,6
RPM-2011-08-18:4272:1,3,indico,0.024566009178427953,0.0006960501279718316,1.7099173832401968e-05,2,1,6
RPM-2011-08-18:4272:1,3,inferior,0.042326927828746676,-0.07876718081081585,-0.0033339727774532426,8,6,32
RPM-2011-08-18:4272:1,3,inferior al,0.05080962363905907,0.0369027705357429,0.001875015882159655,5,3,12
RPM-2011-08-18:4272:1,3,inferior al de,0.028609068831466827,0.08777982087140683,0.0025112989373239063,1,0,2
RPM-2011-08-18:4272:1,3,inferior al del,0.027624465737960697,0.04981365145542008,0.001376075507912968,1,0,3
RPM-2011-08-18:4272:1,3,inflacion,0.023903445368932047,0.3503243943290032,0.008373960021247536,97,59,219
RPM-2011-08-18:4272:1,3,inflacion de,0.025178675342856425,-0.0528518292152039,-0.0013307390490857132,32,15,42
RPM-2011-08-18:4272:1,3,inflacion esperada,0.020703073314990043,0.2683359475301982,0.005555378794765015,9,1,13
RPM-2011-08-18:4272:1,3,inflacion esperada para,0.028609068831466827,0.05028916303277453,0.0014387261266815036,1,0,2
RPM-2011-08-18:4272:1,3,inflacion medidas,0.028609068831466827,0.13368176972047172,0.0038245109514452734,3,0,0
RPM-2011-08-18:4272:1,3,inflacion para,0.023408347821428196,0.10924554788792315,0.0025572577829029953,4,1,7
RPM-2011-08-18:4272:1,3,inflacion para el,0.026139808874228704,0.11324147535311324,0.0029601105223660607,2,0,4
RPM-2011-08-18:4272:1,3,inflacion para el ano,0.028609068831466827,0.12991798543310676,0.003716832587701256,2,0,1
RPM-2011-08-18:4272:1,3,inflacion se,0.01746449296585633,-0.1701477259679683,-0.0029715437633240326,18,13,18
RPM-2011-08-18:4272:1,3,inflacion se han,0.02681998643405553,0.13336045539061703,0.0035767256044158167,4,0,1
RPM-2011-08-18:4272:1,3,inflacionarias,0.03228327648764311,0.055932706169150165,0.0018056910179607764,39,24,58
RPM-2011-08-18:4272:1,3,inflacionario,0.01737711545491983,0.6975894538001715,0.012122092478820042,27,7,16
RPM-2011-08-18:4272:1,3,informa,0.016886341225677125,0.09424511976820758,0.0015914552512607618,5,1,50
RPM-2011-08-18:4272:1,3,informa que,0.017737513241611397,0.0700209302529897,0.0012419971775523527,3,1,42
RPM-2011-08-18:4272:1,3,informacion,0.013081848867128574,-0.31378915394785384,-0.004104942288089965,32,23,79
RPM-2011-08-18:4272:1,3,informacion acerca,0.027624465737960697,-0.1899577421153198,-0.005247481138725025,0,2,2
RPM-2011-08-18:4272:1,3,informe,0.013456874628751175,0.8035509155727159,0.010813283928680258,45,12,66
RPM-2011-08-18:4272:1,3,informe de,0.014970090945657866,0.6011245725752352,0.008998889521120984,34,9,44
RPM-2011-08-18:4272:1,3,intencion,0.026139808874228704,-0.2699548239572892,-0.007056567502919595,2,2,2
RPM-2011-08-18:4272:1,3,intencion de,0.027624465737960697,-0.3449749450499415,-0.009529748549986982,1,2,1
RPM-2011-08-18:4272:1,3,intensidad,0.021087004064723355,-0.06466022136039437,-0.001363490350652548,4,3,14
RPM-2011-08-18:4272:1,3,intensificado,0.025030904036644232,-0.002559871572599813,-6.407589967987948e-05,4,2,2
RPM-2011-08-18:4272:1,3,internacional,0.029762511234911367,-0.11359079479741961,-0.0033807473063407127,37,24,93
RPM-2011-08-18:4272:1,3,internacional se,0.02308135231469596,0.07021513409131207,0.001620660247785193,2,1,10
RPM-2011-08-18:4272:1,3,internas,0.015979836102124337,0.049939086484564896,0.0007980184171131597,25,12,32
RPM-2011-08-18:4272:1,3,interno,0.013564939297979878,0.08772880025006549,0.0011900358500767404,43,25,52
RPM-2011-08-18:4272:1,3,intervenciones,0.02681998643405553,-0.004698774883188287,-0.00012602107862379072,1,1,3
RPM-2011-08-18:4272:1,3,inversion,0.013081848867128574,-0.3800041582797692,-0.004971156967496346,28,18,88
RPM-2011-08-18:4272:1,3,ipcx,0.020022895755163216,0.30809746508778,0.006169003425882657,10,1,16
RPM-2011-08-18:4272:1,3,ipcx1,0.015979836102124337,0.09836783661610957,0.001571901906845976,20,6,43
RPM-2011-08-18:4272:1,3,ipec,0.025030904036644232,-0.0010558623797085123,-2.6429189902386585e-05,0,0,8
RPM-2011-08-18:4272:1,3,ir,0.02018336507970019,-0.05319469919537714,-0.0010736480341651308,9,8,9
RPM-2011-08-18:4272:1,3,italia,0.02129226991728466,0.029514324993028647,0.0006284269741780266,0,0,20
RPM-2011-08-18:4272:1,3,italia espana,0.02681998643405553,0.007846636570855516,0.00021044668638330895,0,0,5
RPM-2011-08-18:4272:1,3,jornada,0.021733880182621162,-0.06813519426167175,-0.0014808421483027908,1,1,16
RPM-2011-08-18:4272:1,3,juicio,0.014232978142829965,-0.5158229258979339,-0.0073416964298758935,25,30,48
RPM-2011-08-18:4272:1,3,juicio de,0.027624465737960697,-0.15073578322201403,-0.004163995479101197,0,2,2
RPM-2011-08-18:4272:1,3,julio,0.05984494047985179,0.13930041607376356,0.00833642510875297,8,2,21
RPM-2011-08-18:4272:1,3,julio en,0.028609068831466827,0.12152599435976649,0.003476745537451009,2,0,1
RPM-2011-08-18:4272:1,3,julio pasado,0.027624465737960697,0.13339489041332828,0.003684962579842009,2,0,2
RPM-2011-08-18:4272:1,3,julio se,0.027624465737960697,0.07329255370776425,0.0020246676387477777,1,0,3
RPM-2011-08-18:4272:1,3,junio,0.030872529677533928,0.27087644907475433,0.00836264121300536,7,2,32
RPM-2011-08-18:4272:1,3,la,0.023296593326668853,-0.15503265431294166,-0.003611732699882636,107,75,671
RPM-2011-08-18:4272:1,3,la actividad,0.01159719200339658,-0.29660878488905484,-0.0034398290282525233,53,37,98
RPM-2011-08-18:4272:1,3,la actividad economica,0.020022895755163216,-0.10135283892486414,-0.0020293773282824036,5,4,18
RPM-2011-08-18:4272:1,3,la actualidad,0.0380825300291676,-0.02374351000779081,-0.0009042129328695349,3,2,10
RPM-2011-08-18:4272:1,3,la baja,0.01267618201377904,-0.2508297505529232,-0.0031795635724796486,17,17,113
RPM-2011-08-18:4272:1,3,la cifra,0.04611164828758079,0.2781750538860484,0.012827110247172297,3,0,14
RPM-2011-08-18:4272:1,3,la cifra de,0.040881818579280395,0.2047023425534497,0.00836860403102384,2,0,8
RPM-2011-08-18:4272:1,3,la debilidad,0.02034989126189545,-0.09525092985364987,-0.0019383460651162061,5,5,15
RPM-2011-08-18:4272:1,3,la debilidad de,0.022776926781016654,-0.29292787669725273,-0.0066719967996519995,1,5,8
RPM-2011-08-18:4272:1,3,la deuda,0.022776926781016654,0.0030010244426421917,6.83541139981025e-05,0,0,14
RPM-2011-08-18:4272:1,3,la economia,0.024001246755944027,0.09184682266565325,0.0022044382545477765,64,37,94
RPM-2011-08-18:4272:1,3,la economia internacional,0.02129226991728466,-0.4281620684419579,-0.009116542329609076,4,8,8
RPM-2011-08-18:4272:1,3,la elevada,0.024566009178427953,-0.2546296847508352,-0.006255235172689233,3,4,2
RPM-2011-08-18:4272:1,3,la encuesta,0.028461129471338692,0.3654869383937419,0.010402171073707478,12,1,44
RPM-2011-08-18:4272:1,3,la encuesta de,0.03003222053517904,0.3023178278534872,0.00907927567781222,8,1,37
RPM-2011-08-18:4272:1,3,la encuesta de expectativas,0.019166197852331125,0.31937535106795245,0.00612121116772609,8,1,24
RPM-2011-08-18:4272:1,3,la inflacion,0.009514592409409814,0.02695448500906089,0.00025646093846676135,92,56,154
RPM-2011-08-18:4272:1,3,la inflacion esperada,0.02129226991728466,0.21825255847160907,0.004647092385115453,7,1,12
RPM-2011-08-18:4272:1,3,la inflacion esperada para,0.028609068831466827,0.05028916303277453,0.0014387261266815036,1,0,2
RPM-2011-08-18:4272:1,3,la intensidad,0.027624465737960697,-0.009658902513627759,-0.0002668220215540125,1,1,2
RPM-2011-08-18:4272:1,3,la inversion,0.014275610552849654,-0.45344858073396366,-0.00647325534430047,21,16,65
RPM-2011-08-18:4272:1,3,la medida,0.01746449296585633,0.09182683252313917,0.0016037090706772312,8,7,34
RPM-2011-08-18:4272:1,3,la medida que,0.01957378774781666,0.1924671536015793,0.0037673112130237403,7,5,18
RPM-2011-08-18:4272:1,3,la normalizacion,0.01903829266165708,0.11415092040133726,0.0021732386301981806,18,6,10
RPM-2011-08-18:4272:1,3,la normalizacion de,0.02129226991728466,0.257329046879228,0.00547911952371012,11,3,6
RPM-2011-08-18:4272:1,3,la normalizacion de la,0.02308135231469596,0.27623610285415545,0.006375902812015352,8,2,3
RPM-2011-08-18:4272:1,3,la periferia,0.0241454606242561,0.06276150133152875,0.001515405359119624,2,1,7
RPM-2011-08-18:4272:1,3,la periferia europea,0.026139808874228704,0.09878760477845087,0.002582289108051548,1,0,5
RPM-2011-08-18:4272:1,3,la politica,0.030508449290775466,-0.04016751605605229,-0.0012254486267324807,66,42,76
RPM-2011-08-18:4272:1,3,la politica fiscal,0.04561098803168908,0.19002923964860463,0.008667421375283481,6,3,9
RPM-2011-08-18:4272:1,3,la politica monetaria,0.020605168122553353,-0.06940515017090415,-0.0014301047878425427,63,40,62
RPM-2011-08-18:4272:1,3,la politica monetaria de,0.022776926781016654,-0.13840732209259352,-0.003152493441259591,7,4,3
RPM-2011-08-18:4272:1,3,la presente,0.023761529874522788,0.2414951678412058,0.005738294645211707,4,1,6
RPM-2011-08-18:4272:1,3,la presente jornada,0.028609068831466827,0.07491021093658898,0.002143111380864573,1,0,2
RPM-2011-08-18:4272:1,3,la rebaja,0.02681998643405553,-0.0010808689335298806,-2.898889013426347e-05,0,0,5
RPM-2011-08-18:4272:1,3,la rebaja de,0.028609068831466827,-0.0012321678778139042,-3.5251175628300394e-05,0,0,3
RPM-2011-08-18:4272:1,3,la relacion,0.0241454606242561,-0.10702178268035588,-0.0025840902396462263,0,2,8
RPM-2011-08-18:4272:1,3,la reserva,0.01746449296585633,-0.11129595530801731,-0.0019437274286051287,5,6,38
RPM-2011-08-18:4272:1,3,la reserva federal,0.01755363579792509,-0.11378660860935033,-0.001997368686209583,5,6,37
RPM-2011-08-18:4272:1,3,la reserva federal ha,0.02681998643405553,0.002414674819787988,6.476154590936932e-05,0,0,5
RPM-2011-08-18:4272:1,3,la reunion,0.023478467063337446,0.24869045986994506,0.005838870771022748,34,19,59
RPM-2011-08-18:4272:1,3,la reunion anterior,0.01802854750519061,0.1139144260122851,0.002053711640889003,11,4,28
RPM-2011-08-18:4272:1,3,la reunion anterior las,0.028609068831466827,0.008858754256604751,0.0002534407102882551,1,0,2
RPM-2011-08-18:4272:1,3,la reunion de,0.016239465107779315,0.3049431467473899,0.004952113591460666,28,10,27
RPM-2011-08-18:4272:1,3,la reunion de politica,0.018449096059362464,0.2704011421927942,0.004988656646876189,19,5,15
RPM-2011-08-18:4272:1,3,la situacion,0.016375242593335854,-0.2601272235312075,-0.0042596463904544255,12,12,39
RPM-2011-08-18:4272:1,3,la tasa,0.021096417856675972,-0.1270249036449953,-0.0026797704454988238,99,68,185
RPM-2011-08-18:4272:1,3,la tasa de,0.009485563225025728,0.19817083862906726,0.0018797620191723884,95,57,152
RPM-2011-08-18:4272:1,3,la tasa de politica,0.01141426756621748,0.39876100557913813,0.0045515648126542236,72,43,81
RPM-2011-08-18:4272:1,3,la tasa rectora,0.04561098803168908,-0.22862544217864073,-0.010427832306949606,4,5,9
RPM-2011-08-18:4272:1,3,la tasa rectora en,0.027624465737960697,-0.027588091649636527,-0.0007621062925511038,1,1,2
RPM-2011-08-18:4272:1,3,la ultima,0.014970090945657866,0.1456537196941936,0.0021804494303954364,20,13,54
RPM-2011-08-18:4272:1,3,la ultima reunion,0.017043944411684477,0.17916712977228938,0.0030537146002399588,16,6,32
RPM-2011-08-18:4272:1,3,la zona,0.01792938782407261,-0.24705984193396113,-0.004429631721788067,3,7,34
RPM-2011-08-18:4272:1,3,la zona euro,0.018233813357751916,-0.16295503286711505,-0.002971291655005305,3,6,32
RPM-2011-08-18:4272:1,3,la zona euro en,0.024566009178427953,0.0029085247480149894,7.145084565542107e-05,0,0,9
RPM-2011-08-18:4272:1,3,lado,0.014107498025100291,0.04808086149888247,0.0006783006586406051,25,11,70
RPM-2011-08-18:4272:1,3,larrain,0.05485732412689207,0.1434111414656416,0.007867151470788272,2,1,3
RPM-2011-08-18:4272:1,3,larrain manifiesta,0.028609068831466827,0.010810376299047263,0.00030927479963350075,1,1,1
RPM-2011-08-18:4272:1,3,larrain manifiesta que,0.028609068831466827,0.010810376299047263,0.00030927479963350075,1,1,1
RPM-2011-08-18:4272:1,3,las,0.025056328828804358,0.032649273124126604,0.0008180709234195607,103,68,460
RPM-2011-08-18:4272:1,3,las caidas,0.02681998643405553,0.005347457703446981,0.00014341874306313378,0,0,5
RPM-2011-08-18:4272:1,3,las compensaciones,0.021087004064723355,0.4322999177294762,0.009115910122341036,10,1,10
RPM-2011-08-18:4272:1,3,las compensaciones inflacionarias,0.021733880182621162,0.4471733654833346,0.009718812346274256,10,1,7
RPM-2011-08-18:4272:1,3,las cuentas,0.021087004064723355,-0.2765432592953161,-0.005831468832832175,0,3,18
RPM-2011-08-18:4272:1,3,las cuentas nacionales,0.024566009178427953,-0.23575130765823935,-0.0057914687877586996,0,2,7
RPM-2011-08-18:4272:1,3,las economias,0.01472624879087262,-0.5233773293976964,-0.007707384764212968,17,21,54
RPM-2011-08-18:4272:1,3,las expectativas,0.03028368364194855,0.21246196841913306,0.006434131037550689,62,44,117
RPM-2011-08-18:4272:1,3,las expectativas de,0.02685610472700177,0.26694324834785516,0.007169055833796041,43,26,74
RPM-2011-08-18:4272:1,3,las expectativas de inflacion,0.03218395315809348,0.27051483886963146,0.008706236902749423,33,18,29
RPM-2011-08-18:4272:1,3,las expectativas del,0.02129226991728466,-0.11349951615149594,-0.0024166623333788614,4,4,12
RPM-2011-08-18:4272:1,3,las expectativas del mercado,0.02249215571240134,-0.2881074337434387,-0.006480157261657776,1,4,10
RPM-2011-08-18:4272:1,3,las expectativas inflacionarias,0.020522949525389075,0.11539487541861587,0.002368243203704814,11,7,6
RPM-2011-08-18:4272:1,3,las importaciones,0.017043944411684477,-0.1089505446121129,-0.001856947025991602,6,6,42
RPM-2011-08-18:4272:1,3,las importaciones de,0.018793095132844526,0.050726904460803156,0.0009533155413265891,5,2,29
RPM-2011-08-18:4272:1,3,las importaciones de bienes,0.020522949525389075,0.03903053903442091,0.0008010217825521483,5,2,17
RPM-2011-08-18:4272:1,3,las mediciones,0.025030904036644232,0.29023865770263285,0.007264935988679036,6,0,2
RPM-2011-08-18:4272:1,3,las mediciones de,0.027624465737960697,0.19545292981402435,0.005399282763031552,4,0,0
RPM-2011-08-18:4272:1,3,las presiones,0.030696736233381088,0.04146182791003346,0.0012727427951081352,15,7,20
RPM-2011-08-18:4272:1,3,las presiones inflacionarias,0.03290411292852966,0.06780690052818457,0.0022311259123129626,11,4,16
RPM-2011-08-18:4272:1,3,las proyecciones,0.01261695400891229,0.48444812392699366,0.006112259699290721,39,17,93
RPM-2011-08-18:4272:1,3,las proyecciones del,0.018675423623088418,0.32139595206077753,0.006002205555480838,14,3,20
RPM-2011-08-18:4272:1,3,las tasas,0.020560297857517982,-0.6879306452051432,-0.01414405897073227,27,28,111
RPM-2011-08-18:4272:1,3,las tasas de,0.022547278727253792,-0.4097248642792932,-0.009238180716391455,22,22,83
RPM-2011-08-18:4272:1,3,las tasas de mercado,0.025030904036644232,0.08786688423408973,0.0021993875472624278,4,1,3
RPM-2011-08-18:4272:1,3,las tasas de politica,0.0241454606242561,0.18309789425471096,0.00442098299611133,3,0,7
RPM-2011-08-18:4272:1,3,las tensiones,0.02034989126189545,0.12065659405866319,0.0024553485691244568,5,5,15
RPM-2011-08-18:4272:1,3,las tensiones financieras,0.025550612271934083,0.2981827045156193,0.007618750669275277,3,0,4
RPM-2011-08-18:4272:1,3,las tensiones financieras en,0.027624465737960697,0.16325498294620616,0.00450983168294883,2,0,2
RPM-2011-08-18:4272:1,3,las turbulencias,0.024566009178427953,0.043973344650777416,0.0010802495882971737,5,2,2
RPM-2011-08-18:4272:1,3,lleva,0.02018336507970019,0.3692413062551595,0.007452532086653269,11,1,14
RPM-2011-08-18:4272:1,3,lo,0.01719851261274487,-0.13511654115323812,-0.002323803537214427,101,68,478
RPM-2011-08-18:4272:1,3,lo que,0.02045431953138753,-0.6232438555238652,-0.012748028966859063,61,54,327
RPM-2011-08-18:4272:1,3,lo que implica,0.04425854369577617,-0.005520699510903447,-0.0002443381205345703,1,1,4
RPM-2011-08-18:4272:1,3,lo que las,0.025030904036644232,0.029438831534313002,0.0007368805670863248,2,1,5
RPM-2011-08-18:4272:1,3,los,0.021839495845860507,0.2849927642833305,0.006224098291666098,102,67,519
RPM-2011-08-18:4272:1,3,los analistas,0.020022895755163216,0.2621251073847995,0.005248503699976804,8,3,16
RPM-2011-08-18:4272:1,3,los bcp,0.02681998643405553,0.05735352311936438,0.001538220712006643,2,1,2
RPM-2011-08-18:4272:1,3,los bcp bcu,0.028609068831466827,0.06330353782565797,0.0018110552709296127,2,1,0
RPM-2011-08-18:4272:1,3,los cds,0.0241454606242561,0.016293381865357264,0.0003934112102659522,0,0,10
RPM-2011-08-18:4272:1,3,los commodities,0.02942201403876216,-0.032666199135092416,-0.0009611053695456894,9,7,34
RPM-2011-08-18:4272:1,3,los commodities en,0.025550612271934083,-0.11288581667223835,-0.0028843017327929944,0,2,5
RPM-2011-08-18:4272:1,3,los commodities han,0.02681998643405553,-0.0022990155551619457,-6.165956600112603e-05,2,2,1
RPM-2011-08-18:4272:1,3,los comunicados,0.027624465737960697,-0.05653322264937862,-0.0015617000721342635,1,1,2
RPM-2011-08-18:4272:1,3,los datos,0.024853803434541098,-0.30612839593571284,-0.007608454978317577,9,12,72
RPM-2011-08-18:4272:1,3,los datos de,0.018449096059362464,-0.0957155065982046,-0.0017658645756008185,1,2,36
RPM-2011-08-18:4272:1,3,los datos de demanda,0.028609068831466827,0.009146097971249507,0.00026166134639881626,0,0,3
RPM-2011-08-18:4272:1,3,los datos que,0.028609068831466827,-0.3380132602070331,-0.009670244627211517,0,3,0
RPM-2011-08-18:4272:1,3,los indices,0.023761529874522788,-0.037792838040726945,-0.0008980156501477345,1,1,9
RPM-2011-08-18:4272:1,3,los indices de,0.026139808874228704,0.0478244179862909,0.0012501211456828697,1,0,5
RPM-2011-08-18:4272:1,3,los niveles,0.01696443919563047,0.13267381996569425,0.002250736951660044,7,2,46
RPM-2011-08-18:4272:1,3,los niveles de,0.021087004064723355,-0.004134103704494373,-8.717586162066072e-05,0,0,21
RPM-2011-08-18:4272:1,3,los paises,0.01812998691775235,0.24896415142254136,0.00451371680827999,9,4,29
RPM-2011-08-18:4272:1,3,los paises desarrollados,0.02308135231469596,0.030387303704791806,0.0007013800627039654,4,2,7
RPM-2011-08-18:4272:1,3,los precios,0.018956114007469917,0.15606234129082966,0.002958335533781647,57,29,120
RPM-2011-08-18:4272:1,3,los precios de,0.02151329204222869,-0.044319499510141316,-0.0009534583361270815,42,25,79
RPM-2011-08-18:4272:1,3,los precios de los,0.026641058937532606,0.2561439019043868,0.006823944787124339,25,11,37
RPM-2011-08-18:4272:1,3,manera,0.012646468634752528,-0.04985724840309662,-0.0006305181281448269,33,23,92
RPM-2011-08-18:4272:1,3,manera las,0.028609068831466827,0.008359074194791061,0.0002391453290061156,0,0,3
RPM-2011-08-18:4272:1,3,manifiesta,0.012332182940296976,0.4046306389690169,0.004989979063015175,37,30,92
RPM-2011-08-18:4272:1,3,manifiesta que,0.013789348001005357,0.17992828519960558,0.002481093739841503,22,22,70
RPM-2011-08-18:4272:1,3,mantendria,0.023761529874522788,-0.14904057203678212,-0.0035414320049679637,0,1,10
RPM-2011-08-18:4272:1,3,mantendria en,0.026139808874228704,-0.001049281130458081,-2.7428008205508873e-05,0,0,6
RPM-2011-08-18:4272:1,3,mantener,0.012038802268733082,-0.9120266031400681,-0.010979707939027578,50,45,75
RPM-2011-08-18:4272:1,3,mantener la,0.012984868697100192,-0.7661251616056709,-0.009948034628994303,40,38,59
RPM-2011-08-18:4272:1,3,mantener la tasa,0.014066451960634706,-0.804953196305892,-0.011322835466396189,30,31,46
RPM-2011-08-18:4272:1,3,mantener la tasa rectora,0.026139808874228704,0.007870678570644435,0.0002057380335471331,1,1,4
RPM-2011-08-18:4272:1,3,mantenerse,0.021087004064723355,-0.8377942589736584,-0.017666570944379425,1,10,10
RPM-2011-08-18:4272:1,3,mantenerse en,0.02681998643405553,-0.17369069968414674,-0.0046583822092504295,0,2,3
RPM-2011-08-18:4272:1,3,mantenga,0.02222465441186387,-0.09776489254270021,-0.0021727909503745195,7,4,5
RPM-2011-08-18:4272:1,3,mantengan,0.025550612271934083,-0.15218923812414265,-0.0038885282152710176,1,3,3
RPM-2011-08-18:4272:1,3,manteniendo,0.02308135231469596,0.11545657392487534,0.0026648938598077864,6,4,3
RPM-2011-08-18:4272:1,3,mantiene,0.014450382710368016,-0.2563135637674433,-0.0037038290902978725,19,15,64
RPM-2011-08-18:4272:1,3,marzo,0.01610774129279838,0.02176207403141061,0.000350537858492688,9,5,53
RPM-2011-08-18:4272:1,3,mas,0.015127845318273417,0.2915186267857217,0.004410048693409876,96,61,353
RPM-2011-08-18:4272:1,3,mas aun,0.03856468936109866,0.10287485059253063,0.0039673366561703794,6,2,6
RPM-2011-08-18:4272:1,3,mas de,0.017043944411684477,-0.15787787605109163,-0.002690861743249618,13,10,31
RPM-2011-08-18:4272:1,3,mayor,0.02664403266441429,-0.3497861297925967,-0.009319713067753003,66,47,187
RPM-2011-08-18:4272:1,3,mayor dinamismo,0.020703073314990043,0.2510328042953074,0.005197150551793296,7,2,14
RPM-2011-08-18:4272:1,3,mayor dinamismo que,0.02681998643405553,0.1698742929298134,0.004556026231872371,3,0,2
RPM-2011-08-18:4272:1,3,mayor riesgo,0.02222465441186387,-0.02015637234756154,-0.0004479684096214045,7,5,4
RPM-2011-08-18:4272:1,3,mayores,0.013147707106317554,0.4254940739210978,0.005594271459388424,32,16,84
RPM-2011-08-18:4272:1,3,mayores riesgos,0.026139808874228704,0.1158095907474303,0.003027240567940473,3,0,3
RPM-2011-08-18:4272:1,3,mediados,0.018449096059362464,-0.11264603028829002,-0.002078217433494516,1,3,35
RPM-2011-08-18:4272:1,3,mediados de,0.02129226991728466,-0.12624510549430074,-0.002688044861920728,0,2,18
RPM-2011-08-18:4272:1,3,mediante,0.026139808874228704,-0.05915844642836354,-0.0015463904829337207,0,1,5
RPM-2011-08-18:4272:1,3,mediciones,0.021733880182621162,0.31001882725547913,0.006737912045927311,12,1,5
RPM-2011-08-18:4272:1,3,mediciones de,0.02308135231469596,0.22262188282842937,0.005138414110523941,10,1,2
RPM-2011-08-18:4272:1,3,medida,0.029520028942547624,0.1588760635608661,0.004690025994594803,26,18,63
RPM-2011-08-18:4272:1,3,medida que,0.018340141878970338,0.3351791901150397,0.006147233901588201,9,6,25
RPM-2011-08-18:4272:1,3,medidas,0.013049284733265639,0.08089633175974154,0.0010556392670095875,40,18,77
RPM-2011-08-18:4272:1,3,menciona,0.02106934699653752,-0.053065996423935946,-0.0011180658923729255,29,24,102
RPM-2011-08-18:4272:1,3,menciona que,0.022844962595843704,-0.15361253694317129,-0.003509272660719407,19,19,84
RPM-2011-08-18:4272:1,3,menciona que en,0.02129226991728466,0.16225837768754103,0.0034548491740638426,5,1,14
RPM-2011-08-18:4272:1,3,menciona que las,0.02308135231469596,0.14094293332824853,0.0032531535004160076,4,1,8
RPM-2011-08-18:4272:1,3,menciona que las expectativas,0.028609068831466827,0.09632884935216288,0.0027558786815720265,2,0,1
RPM-2011-08-18:4272:1,3,menor,0.02453609119601775,-0.2227477475860363,-0.005465359048478529,34,25,125
RPM-2011-08-18:4272:1,3,menor al,0.028609068831466827,0.07111790722119213,0.0020346171028409574,1,0,2
RPM-2011-08-18:4272:1,3,menor medida,0.02249215571240134,0.00285436618236478,6.420084863396119e-05,2,2,11
RPM-2011-08-18:4272:1,3,menos,0.020515695476258058,-0.14296338757349772,-0.0029329933237121344,32,25,110
RPM-2011-08-18:4272:1,3,menos hasta,0.028609068831466827,-0.13484986809524427,-0.003857929158251066,0,2,1
RPM-2011-08-18:4272:1,3,mensual,0.026742705086066396,0.506349256432393,0.013541148835320494,27,7,38
RPM-2011-08-18:4272:1,3,mensual de,0.0298749331115633,0.3705959717164101,0.011071529866442557,21,7,19
RPM-2011-08-18:4272:1,3,mensual de en,0.028609068831466827,0.04992042542174259,0.00142817688698674,2,1,0
RPM-2011-08-18:4272:1,3,mercado,0.024827738154471684,0.13940224991595673,0.003461042559057596,69,45,188
RPM-2011-08-18:4272:1,3,mercado de,0.020703073314990043,0.060513853050424296,0.0012528227362754681,6,4,13
RPM-2011-08-18:4272:1,3,mercado de los,0.028609068831466827,0.11158250515744506,0.003192271570436848,2,0,1
RPM-2011-08-18:4272:1,3,mercado en,0.020703073314990043,0.34703140626117873,0.007184616646429278,8,3,12
RPM-2011-08-18:4272:1,3,mes,0.010122551988713827,-0.5288409651586088,-0.005353220163579615,41,36,186
RPM-2011-08-18:4272:1,3,mes previo,0.024566009178427953,0.20913352801795654,0.00513757616880614,2,0,7
RPM-2011-08-18:4272:1,3,meses,0.02002876500842512,0.17153156983627543,0.003435565503777023,70,43,187
RPM-2011-08-18:4272:1,3,meses lo,0.022776926781016654,-0.18666219977060472,-0.004251591256958567,2,5,7
RPM-2011-08-18:4272:1,3,meses lo que,0.024566009178427953,-0.2068038531244406,-0.0050803453539892745,2,5,2
RPM-2011-08-18:4272:1,3,meses se,0.0339017094945003,0.10096819478874175,0.0034229944079120418,7,4,16
RPM-2011-08-18:4272:1,3,meta,0.013456874628751175,0.13046487415650293,0.001755649454979859,55,30,38
RPM-2011-08-18:4272:1,3,meta del,0.025550612271934083,-0.17140468186128718,-0.004379494567831961,2,4,1
RPM-2011-08-18:4272:1,3,meta del banco,0.027624465737960697,-0.06002425894274255,-0.0016581380846102725,1,2,1
RPM-2011-08-18:4272:1,3,meta del banco central,0.028609068831466827,-0.057725664111090064,-0.00165147749789631,1,2,0
RPM-2011-08-18:4272:1,3,metas,0.025030904036644232,-0.012567680909340666,-0.00031458041480487194,2,2,4
RPM-2011-08-18:4272:1,3,mientras,0.012250216123001327,-0.1739804293739533,-0.0021312978610034967,27,19,116
RPM-2011-08-18:4272:1,3,mientras que,0.013601557102418425,-0.17542969951252219,-0.002386117075379676,20,14,85
RPM-2011-08-18:4272:1,3,mientras que el,0.020522949525389075,0.2576687467444731,0.0052881226837070815,7,0,17
RPM-2011-08-18:4272:1,3,mientras que el ipcx1,0.02681998643405553,0.13789035691882973,0.0036982175019500884,3,0,2
RPM-2011-08-18:4272:1,3,ministerio,0.05507890087558051,0.23610762273351654,0.013004548348508317,5,0,8
RPM-2011-08-18:4272:1,3,ministerio de,0.04912504639546659,0.23443849171793815,0.011516801782526922,5,0,7
RPM-2011-08-18:4272:1,3,ministerio de hacienda,0.040881818579280395,0.23811161790113122,0.00973443596465298,5,0,5
RPM-2011-08-18:4272:1,3,ministro,0.03061069503164892,-0.4430532383705469,-0.013562167562545264,12,14,69
RPM-2011-08-18:4272:1,3,ministro de,0.033668719534669336,-0.6279936892131753,-0.0211437433916607,7,12,49
RPM-2011-08-18:4272:1,3,ministro de hacienda,0.033668719534669336,-0.6279936892131753,-0.0211437433916607,7,12,49
RPM-2011-08-18:4272:1,3,moderacion,0.03783493134122981,0.15114055219739184,0.005718392415263881,14,7,22
RPM-2011-08-18:4272:1,3,moderacion de,0.023408347821428196,0.1833264133008463,0.004291368447401111,6,1,5
RPM-2011-08-18:4272:1,3,moderacion del,0.024566009178427953,0.14328604608279397,0.003519966323210567,4,1,4
RPM-2011-08-18:4272:1,3,moderando,0.025030904036644232,-0.031246122690641948,-0.0007821186985866704,3,3,2
RPM-2011-08-18:4272:1,3,momento,0.026152592406686836,-0.42992207327729026,-0.011243576749058723,16,18,44
RPM-2011-08-18:4272:1,3,momento el,0.028609068831466827,-0.1906495212908035,-0.005454305277294798,0,2,1
RPM-2011-08-18:4272:1,3,momento que,0.028609068831466827,0.00875534319892783,0.0002504822162212412,0,0,3
RPM-2011-08-18:4272:1,3,monetaria,0.022875094494875466,0.450843449709461,0.010313086514499555,104,67,187
RPM-2011-08-18:4272:1,3,monetaria de,0.02727277675509059,0.6732342575626945,0.018360967610386525,32,6,29
RPM-2011-08-18:4272:1,3,monetaria de los,0.027624465737960697,0.09180774464370431,0.002536139896389454,2,0,2
RPM-2011-08-18:4272:1,3,monetaria en,0.011527703636391815,0.04297438931644415,0.0004953960239948908,78,38,75
RPM-2011-08-18:4272:1,3,monetaria en los,0.023761529874522788,-0.04220452952189439,-0.0010028441890746725,4,2,5
RPM-2011-08-18:4272:1,3,monetaria se,0.018675423623088418,0.25800054607163386,0.0048182694928759024,12,4,21
RPM-2011-08-18:4272:1,3,monetario,0.014362131366353854,-0.23917483855666438,-0.0034350604508772884,35,26,39
RPM-2011-08-18:4272:1,3,monetario en,0.021733880182621162,-0.2234669908551892,-0.004856804804017581,4,7,7
RPM-2011-08-18:4272:1,3,mostrar,0.02034989126189545,-0.2267648091701968,-0.004614639208637978,7,7,11
RPM-2011-08-18:4272:1,3,mostro,0.01986805810989899,-0.22886812369623516,-0.004547165181100351,1,3,24
RPM-2011-08-18:4272:1,3,mostro un,0.025550612271934083,-0.01447257435249008,-0.00036978313585721154,0,0,7
RPM-2011-08-18:4272:1,3,muestra,0.014362131366353854,-0.059422270739550434,-0.0008534304584484681,21,15,64
RPM-2011-08-18:4272:1,3,muestra que,0.020890864213576974,-0.16361126326019426,-0.0034179806845805135,5,4,13
RPM-2011-08-18:4272:1,3,muestra que la,0.02681998643405553,0.09476407443252997,0.0025415711907162825,2,0,3
RPM-2011-08-18:4272:1,3,muestran,0.03327820206523199,0.1793037372000488,0.005966905997594479,30,16,64
RPM-2011-08-18:4272:1,3,muestran que,0.019718470221483913,-0.33853225499941575,-0.006675338189217778,8,10,11
RPM-2011-08-18:4272:1,3,muestran que el,0.028609068831466827,0.03609058278881799,0.001032517967173046,1,0,2
RPM-2011-08-18:4272:1,3,mundial,0.02501447364140265,0.29884225386687396,0.007475381682290278,30,14,47
RPM-2011-08-18:4272:1,3,mundo,0.015917247533415623,-0.36448767849258057,-0.005801640601446415,14,17,39
RPM-2011-08-18:4272:1,3,nacionales,0.018560808864484156,-0.1092832213270331,-0.0020283849831461797,6,5,27
RPM-2011-08-18:4272:1,3,necesario,0.028084366783491795,-0.1128250806962261,-0.0031686209486498735,24,16,20
RPM-2011-08-18:4272:1,3,nivel,0.01959632870017838,0.1272752764408732,0.0024941281525414204,37,26,126
RPM-2011-08-18:4272:1,3,nivel actual,0.01746449296585633,-0.18169109082728718,-0.003173142777711921,11,8,30
RPM-2011-08-18:4272:1,3,niveles,0.025651818082737782,0.15078105942673092,0.0038678083067369765,37,21,105
RPM-2011-08-18:4272:1,3,niveles actuales,0.026139808874228704,0.0032250878090406606,8.430317893092786e-05,2,1,3
RPM-2011-08-18:4272:1,3,niveles de,0.017207386063791727,0.2427826136102984,0.004177654161968781,6,2,44
RPM-2011-08-18:4272:1,3,no,0.011220257346276505,-0.21674231231562618,-0.0024319045220083614,89,63,430
RPM-2011-08-18:4272:1,3,no solo,0.0194336991528686,-0.16740744697749282,-0.0032533459605103973,4,7,20
RPM-2011-08-18:4272:1,3,normalizacion,0.023747716984024888,0.39642133061245055,0.009414101565815037,50,21,37
RPM-2011-08-18:4272:1,3,normalizacion de,0.027725695827891732,0.44932765511432515,0.01245792189275962,30,10,23
RPM-2011-08-18:4272:1,3,normalizacion de la,0.030357092443494358,0.27879237935051465,0.00846332603248532,24,9,11
RPM-2011-08-18:4272:1,3,normalizacion de la politica,0.03290411292852966,0.3598574581751318,0.011840790441968178,19,5,7
RPM-2011-08-18:4272:1,3,normalizar,0.04425854369577617,0.08141711375105466,0.0036034028865350315,3,1,2
RPM-2011-08-18:4272:1,3,notoria,0.025030904036644232,0.021897529114580875,0.0005481149499066971,1,0,7
RPM-2011-08-18:4272:1,3,nuevas,0.01957378774781666,0.20125497449895818,0.003939322154034862,9,3,18
RPM-2011-08-18:4272:1,3,nuevo,0.018449096059362464,0.09366128696968581,0.0017279660803472476,9,4,26
RPM-2011-08-18:4272:1,3,observa,0.014920232560807658,0.06141857449806622,0.0009163794150644384,8,6,74
RPM-2011-08-18:4272:1,3,observa en,0.021087004064723355,-0.1179543416504758,-0.0024873036818353505,1,2,18
RPM-2011-08-18:4272:1,3,observadas,0.021972447477111492,0.029307826985303303,0.0006439646891028476,1,1,15
RPM-2011-08-18:4272:1,3,observadas en,0.02681998643405553,0.004913890661473363,0.00013179048087914776,0,0,5
RPM-2011-08-18:4272:1,3,octubre,0.0194336991528686,0.17364547662200855,0.0033745739519285916,6,2,23
RPM-2011-08-18:4272:1,3,otra,0.021462641836894673,0.1565932245684079,0.0033609042929961543,36,22,89
RPM-2011-08-18:4272:1,3,otra parte,0.02493370662049028,0.21875928305915732,0.005454479784305818,25,14,53
RPM-2011-08-18:4272:1,3,otra parte menciona,0.028609068831466827,-0.010564403587947045,-0.00030223774941097215,2,1,0
RPM-2011-08-18:4272:1,3,otra parte resalta,0.027624465737960697,-0.0604590687962349,-0.0016701494745105998,0,1,3
RPM-2011-08-18:4272:1,3,otra parte resalta que,0.028609068831466827,-0.06627210548414161,-0.0018959832274020377,0,1,2
RPM-2011-08-18:4272:1,3,otras,0.014679056682078652,0.08899268786526743,0.0013063287094647936,21,14,58
RPM-2011-08-18:4272:1,3,otras economias,0.02150755261889521,-0.08942241630204334,-0.0019232573239249498,3,4,12
RPM-2011-08-18:4272:1,3,otro,0.024317202229773585,0.2179199120776185,0.005299202571885928,22,10,68
RPM-2011-08-18:4272:1,3,otro lado,0.01812998691775235,-0.036471274283815754,-0.0006612237256393373,10,5,27
RPM-2011-08-18:4272:1,3,pais,0.017737513241611397,-0.059933074907364284,-0.0010630637097798618,6,5,35
RPM-2011-08-18:4272:1,3,pais en,0.028609068831466827,-0.10959245772488546,-0.0031353381664608665,0,1,2
RPM-2011-08-18:4272:1,3,paises,0.015335826122756151,0.3447915727925633,0.005287663608938371,16,8,56
RPM-2011-08-18:4272:1,3,paises desarrollados,0.021972447477111492,0.03300950838945785,0.0007252996893326337,5,3,9
RPM-2011-08-18:4272:1,3,panorama,0.015281685319437594,0.24629155863311986,0.003763750095865151,29,11,41
RPM-2011-08-18:4272:1,3,panorama inflacionario,0.024566009178427953,0.21337774524353123,0.00524183964812485,7,1,1
RPM-2011-08-18:4272:1,3,para,0.020076277446399362,0.0737629749380701,0.0014808859501284982,97,62,353
RPM-2011-08-18:4272:1,3,para el,0.02345098831469458,0.19621209339185078,0.0046013675093340535,37,20,150
RPM-2011-08-18:4272:1,3,para el ano,0.030524984378004518,0.18426941788674145,0.005624821102336769,12,5,26
RPM-2011-08-18:4272:1,3,para el ano 2012,0.028609068831466827,0.05533271251751162,0.001583017381045256,1,0,2
RPM-2011-08-18:4272:1,3,para mantener,0.021972447477111492,0.07930813282713546,0.0017425937830520156,7,3,7
RPM-2011-08-18:4272:1,3,para mantener la,0.025030904036644232,0.08628695177142329,0.0021598404094050456,4,1,3
RPM-2011-08-18:4272:1,3,para mantener la tasa,0.028609068831466827,-0.026042730686781472,-0.0007450582747774845,1,1,1
RPM-2011-08-18:4272:1,3,parte,0.021035214270862013,0.2893300303121298,0.0060861191826106515,60,34,175
RPM-2011-08-18:4272:1,3,parte de,0.015446142371413828,0.2717300060597726,0.00419718036018439,18,8,52
RPM-2011-08-18:4272:1,3,parte menciona,0.026139808874228704,-0.15476373253284462,-0.00404549438907081,3,3,0
RPM-2011-08-18:4272:1,3,parte menciona que,0.027624465737960697,-0.08390035140304568,-0.002317702382736298,2,2,0
RPM-2011-08-18:4272:1,3,parte resalta,0.027624465737960697,-0.0604590687962349,-0.0016701494745105998,0,1,3
RPM-2011-08-18:4272:1,3,parte resalta que,0.028609068831466827,-0.06627210548414161,-0.0018959832274020377,0,1,2
RPM-2011-08-18:4272:1,3,particular,0.012064681639759506,-0.03272780061847566,-0.00039485049523143315,39,24,106
RPM-2011-08-18:4272:1,3,pasado,0.021312719548259678,0.09289726757324789,0.00197989341058827,28,13,109
RPM-2011-08-18:4272:1,3,pasado de,0.025550612271934083,-0.06713889253574529,-0.001715439811547877,0,1,6
RPM-2011-08-18:4272:1,3,pasado respecto,0.028609068831466827,-0.06639000320429438,-0.001899356171392961,0,1,2
RPM-2011-08-18:4272:1,3,pasando,0.02249215571240134,0.018143107828929368,0.00040807760639516717,0,0,15
RPM-2011-08-18:4272:1,3,paso,0.03720258749587281,-0.04724270036831353,-0.0017575506939934867,4,3,10
RPM-2011-08-18:4272:1,3,pausa,0.02150755261889521,-0.41506821049244186,-0.008927101377596865,10,7,2
RPM-2011-08-18:4272:1,3,pausa en,0.027624465737960697,0.07431712859022965,0.0020529709724844184,3,1,0
RPM-2011-08-18:4272:1,3,periferia,0.023761529874522788,0.0651840638730396,0.001548873081062032,2,1,8
RPM-2011-08-18:4272:1,3,periferia europea,0.026139808874228704,0.09878760477845087,0.002582289108051548,1,0,5
RPM-2011-08-18:4272:1,3,periodo,0.015979836102124337,-0.2791073104201554,-0.0044600890754188235,7,8,54
RPM-2011-08-18:4272:1,3,periodo prolongado,0.028609068831466827,-0.2253693709698246,-0.0064476078465800935,0,2,1
RPM-2011-08-18:4272:1,3,perjuicio,0.020890864213576974,0.12209332445612725,0.0025506350625971513,5,3,14
RPM-2011-08-18:4272:1,3,perjuicio de,0.02150755261889521,0.08734182511747023,0.001878508899544334,4,3,12
RPM-2011-08-18:4272:1,3,perjuicio de ello,0.02681998643405553,0.18707855947794744,0.005017444427301201,2,0,3
RPM-2011-08-18:4272:1,3,permitir,0.027624465737960697,0.15632870220875036,0.0043184968780254854,3,0,1
RPM-2011-08-18:4272:1,3,pero,0.01596311284072489,-0.15665648830622914,-0.002500725200064035,58,44,206
RPM-2011-08-18:4272:1,3,pero que,0.015616967063555677,0.18277217690497144,0.0028543470668593108,14,9,52
RPM-2011-08-18:4272:1,3,pero que las,0.027624465737960697,0.09988576045347397,0.002759290767357141,1,0,3
RPM-2011-08-18:4272:1,3,pesar,0.016043325256632934,-0.12667209231254375,-0.002032241577908372,19,13,36
RPM-2011-08-18:4272:1,3,pesar de,0.01746449296585633,-0.207296300699714,-0.003620324785418194,12,11,26
RPM-2011-08-18:4272:1,3,pesar de que,0.022776926781016654,-0.22100446200443682,-0.005033802449353034,3,5,6
RPM-2011-08-18:4272:1,3,petroleo,0.011788029101698018,0.33659833782706544,0.003967831001888628,47,19,114
RPM-2011-08-18:4272:1,3,petroleo por,0.024566009178427953,0.0025312332109197165,6.218229829219541e-05,1,1,7
RPM-2011-08-18:4272:1,3,pib,0.03061069503164892,0.14590281158477275,0.004466186469681612,15,4,76
RPM-2011-08-18:4272:1,3,pib en,0.02308135231469596,0.0025848103912493176,5.966091930711261e-05,0,0,13
RPM-2011-08-18:4272:1,3,pib en el,0.026139808874228704,-0.005230276833516352,-0.00013671843678742356,0,0,6
RPM-2011-08-18:4272:1,3,plantea,0.02341264393559046,-0.4050839388953182,-0.009484086025382567,17,27,69
RPM-2011-08-18:4272:1,3,plantea que,0.025096123379474516,0.08376793838006852,0.0021022505168304183,17,20,53
RPM-2011-08-18:4272:1,3,plantea que el,0.03856468936109866,-0.314758349239058,-0.012138557962216474,1,5,8
RPM-2011-08-18:4272:1,3,plazo,0.017456927990239565,-0.16964159559606307,-0.0029614211184698144,61,39,152
RPM-2011-08-18:4272:1,3,plazo se,0.01903829266165708,-0.33238982417512775,-0.006328134750402822,4,7,23
RPM-2011-08-18:4272:1,3,plazo se ha,0.02681998643405553,0.16731551496426633,0.0044873998415486385,1,0,4
RPM-2011-08-18:4272:1,3,plazos,0.018233813357751916,-0.13042801162999929,-0.0023782000206841033,13,8,20
RPM-2011-08-18:4272:1,3,plazos de,0.02681998643405553,-0.11725843016306539,-0.0031448695062520618,1,2,2
RPM-2011-08-18:4272:1,3,politica,0.025696788443326943,0.3372029082665585,0.008665031796200337,106,69,219
RPM-2011-08-18:4272:1,3,politica fiscal,0.043841824359509486,0.12265406228179299,0.005377377855538705,6,4,12
RPM-2011-08-18:4272:1,3,politica monetaria,0.023069154195179464,0.5290221726298816,0.012204094073067589,104,66,182
RPM-2011-08-18:4272:1,3,politica monetaria de,0.027383458433857887,0.6746633592278455,0.01847461605426264,32,6,28
RPM-2011-08-18:4272:1,3,politica monetaria de los,0.028609068831466827,0.09277490763516101,0.0026542037183672988,2,0,1
RPM-2011-08-18:4272:1,3,politica monetaria en,0.011691578920272906,0.00846069904366431,9.891893058967878e-05,77,38,69
RPM-2011-08-18:4272:1,3,politica monetaria en los,0.023761529874522788,-0.04220452952189439,-0.0010028441890746725,4,2,5
RPM-2011-08-18:4272:1,3,politica monetaria se,0.018793095132844526,0.21369069937002022,0.0040159096422648696,11,4,21
RPM-2011-08-18:4272:1,3,por,0.021468615627975283,-0.24658146594531455,-0.005293762713362635,102,74,471
RPM-2011-08-18:4272:1,3,por el,0.016699380240845982,-0.4126086301995994,-0.006890308406357717,44,35,200
RPM-2011-08-18:4272:1,3,por el momento,0.040881818579280395,-0.3117618642892939,-0.012745391975813149,1,5,4
RPM-2011-08-18:4272:1,3,por ende,0.025550612271934083,0.13405757097667806,0.003425253018142385,4,1,2
RPM-2011-08-18:4272:1,3,por los,0.015281685319437594,-0.20229685144088036,-0.0030914368248325494,14,15,52
RPM-2011-08-18:4272:1,3,por otra,0.025178675342856425,0.10014564201687705,0.0025215346073448686,21,14,54
RPM-2011-08-18:4272:1,3,por otra parte,0.02543194965437233,0.09647706740629661,0.002453599921078421,21,14,51
RPM-2011-08-18:4272:1,3,por otra parte menciona,0.028609068831466827,-0.010564403587947045,-0.00030223774941097215,2,1,0
RPM-2011-08-18:4272:1,3,por otra parte resalta,0.027624465737960697,-0.0604590687962349,-0.0016701494745105998,0,1,3
RPM-2011-08-18:4272:1,3,por otro,0.0176446167554573,-0.10078334760524084,-0.0017782835438265097,10,6,31
RPM-2011-08-18:4272:1,3,por otro lado,0.018340141878970338,-0.04250918220817703,-0.0007796244328569684,10,5,25
RPM-2011-08-18:4272:1,3,por parte,0.018793095132844526,-0.07910093341936023,-0.0014865513668468376,5,4,27
RPM-2011-08-18:4272:1,3,por parte de,0.020522949525389075,-0.17925067710480141,-0.0036787525986136543,2,4,18
RPM-2011-08-18:4272:1,3,por ultimo,0.015855534358046004,0.28136110597995445,0.00446113068288299,19,10,42
RPM-2011-08-18:4272:1,3,por un,0.014450382710368016,0.598553281309261,0.008649323987465388,35,11,52
RPM-2011-08-18:4272:1,3,por un periodo,0.026139808874228704,-0.11109775324583938,-0.0029040740362024633,1,2,3
RPM-2011-08-18:4272:1,3,por una,0.015855534358046004,-0.0870003931471323,-0.0013794377227078663,16,13,42
RPM-2011-08-18:4272:1,3,por una mayor,0.026139808874228704,0.052180650740832724,0.0013639922372982477,1,0,5
RPM-2011-08-18:4272:1,3,porque,0.012304691137273364,0.059138107205913885,0.0007276761436117307,22,14,124
RPM-2011-08-18:4272:1,3,potencial,0.018793095132844526,-0.0196949734218895,-0.0003701295091564139,13,6,17
RPM-2011-08-18:4272:1,3,precios,0.020665439007675934,0.7527090251001112,0.01555506244873356,76,35,169
RPM-2011-08-18:4272:1,3,precios de,0.020339902032105214,0.19408355007844622,0.003947640394638782,51,27,93
RPM-2011-08-18:4272:1,3,precios de los,0.02551831913274315,0.2859557322753361,0.007297109634039288,29,13,43
RPM-2011-08-18:4272:1,3,precios de los commodities,0.03290411292852966,-0.1025414627767989,-0.003374035871064412,7,6,18
RPM-2011-08-18:4272:1,3,precisa,0.03543788320684893,-0.15089452582018273,-0.005347382582568486,6,9,41
RPM-2011-08-18:4272:1,3,precisa que,0.03628801735508058,-0.18562714023211865,-0.006736040886317098,4,9,38
RPM-2011-08-18:4272:1,3,precisa que el,0.037629610956366466,0.10047444378179793,0.0037808142305663698,2,1,13
RPM-2011-08-18:4272:1,3,precisa que las,0.028609068831466827,-0.14347123241707255,-0.004104578363555403,0,2,1
RPM-2011-08-18:4272:1,3,presente,0.02972652399363903,-0.16518441296265235,-0.004910358415309463,34,26,137
RPM-2011-08-18:4272:1,3,presente ademas,0.02681998643405553,0.05761631861991681,0.00154526888376639,2,1,2
RPM-2011-08-18:4272:1,3,presente ademas que,0.02681998643405553,0.05761631861991681,0.00154526888376639,2,1,2
RPM-2011-08-18:4272:1,3,presente ano,0.01903829266165708,-0.08472724978487388,-0.001613062177821751,4,4,26
RPM-2011-08-18:4272:1,3,presente jornada,0.028609068831466827,0.07491021093658898,0.002143111380864573,1,0,2
RPM-2011-08-18:4272:1,3,presente que,0.022605874138771884,-0.3501217666863739,-0.007914808590956623,21,18,87
RPM-2011-08-18:4272:1,3,presente que el,0.02222465441186387,0.27983025069018364,0.0062191306155745625,5,0,11
RPM-2011-08-18:4272:1,3,presentes,0.022776926781016654,0.08438373742461461,0.0019220022088289818,4,2,8
RPM-2011-08-18:4272:1,3,presion,0.021087004064723355,0.20723081700184956,0.004369877080453943,5,2,14
RPM-2011-08-18:4272:1,3,presion sobre,0.026139808874228704,0.20873835631891513,0.005456380738897091,3,0,3
RPM-2011-08-18:4272:1,3,presiones,0.024170709758329193,-0.2554877564727733,-0.006175320408510094,31,22,49
RPM-2011-08-18:4272:1,3,presiones inflacionarias,0.02716371092507422,-0.23980178298314642,-0.006513906312271571,19,15,34
RPM-2011-08-18:4272:1,3,previo,0.020703073314990043,0.18823769166730805,0.003897098731232769,4,2,17
RPM-2011-08-18:4272:1,3,primer,0.031966178386871144,0.2883032943204566,0.00921595453577033,32,18,112
RPM-2011-08-18:4272:1,3,primer semestre,0.035371307842678515,0.1646366693294754,0.005823414313046143,5,1,16
RPM-2011-08-18:4272:1,3,primer trimestre,0.033020905867703364,-0.2616604049860005,-0.008640263602347863,6,8,59
RPM-2011-08-18:4272:1,3,primer trimestre de,0.034173407678906434,-0.15953429697467336,-0.0054518305692832425,2,3,21
RPM-2011-08-18:4272:1,3,primer trimestre de este,0.021733880182621162,-0.12974428164745697,-0.0028198466717060835,1,2,15
RPM-2011-08-18:4272:1,3,privado,0.027843349860567565,-0.024999966725804176,-0.0006960828200491135,12,7,43
RPM-2011-08-18:4272:1,3,privado se,0.025550612271934083,-0.025824127185975945,-0.0006598222609899835,1,1,5
RPM-2011-08-18:4272:1,3,problema,0.018560808864484156,-0.21692199247989888,-0.004026247640922472,5,7,26
RPM-2011-08-18:4272:1,3,problemas,0.01737711545491983,0.1073082939157391,0.0018647086126442694,11,6,33
RPM-2011-08-18:4272:1,3,proceso,0.015917247533415623,0.7000152712118923,0.011142316349050762,27,10,33
RPM-2011-08-18:4272:1,3,proceso de,0.016886341225677125,0.47870124931345154,0.008083512641064881,23,9,24
RPM-2011-08-18:4272:1,3,proceso de normalizacion,0.02129226991728466,0.4454329768635219,0.00948427917343772,10,2,8
RPM-2011-08-18:4272:1,3,proceso de normalizacion de,0.023408347821428196,0.15343535105626624,0.00359166806562802,4,1,7
RPM-2011-08-18:4272:1,3,producto,0.015281685319437594,0.16381901728792136,0.0025034306715335216,19,10,52
RPM-2011-08-18:4272:1,3,producto de,0.01903829266165708,0.11103280597001684,0.002113875055102166,9,4,21
RPM-2011-08-18:4272:1,3,producto de la,0.022776926781016654,-0.12525791594776475,-0.002852990380284976,2,3,9
RPM-2011-08-18:4272:1,3,prolongado,0.021087004064723355,-0.2335610635052054,-0.004925103095495376,4,6,11
RPM-2011-08-18:4272:1,3,promedio,0.026742705086066396,0.04624013481795121,0.0012365862885764197,6,3,63
RPM-2011-08-18:4272:1,3,promedio de,0.035703401478642455,0.08208597105427409,0.0029307483803149713,2,0,19
RPM-2011-08-18:4272:1,3,proyecciones,0.011550745047033871,0.35561622332635157,0.004107632330231746,53,26,111
RPM-2011-08-18:4272:1,3,proyecciones del,0.018233813357751916,0.41832640158040846,0.007627685529037144,16,3,22
RPM-2011-08-18:4272:1,3,proyectado,0.014970090945657866,0.747056497462003,0.01118350370855081,32,5,50
RPM-2011-08-18:4272:1,3,proyectado en,0.018449096059362464,0.4348317087709025,0.008022251964771104,18,1,20
RPM-2011-08-18:4272:1,3,proyectado en el,0.02018336507970019,0.33207334945077993,0.006702357645203949,14,1,11
RPM-2011-08-18:4272:1,3,publicadas,0.026139808874228704,-0.07568236133333867,-0.0019783224604037896,0,1,5
RPM-2011-08-18:4272:1,3,publicas,0.025030904036644232,-0.01634404345212278,-0.0004091061832208288,1,1,6
RPM-2011-08-18:4272:1,3,publico,0.032451193855728526,-0.3554756188973207,-0.01153560821982203,3,5,25
RPM-2011-08-18:4272:1,3,puntos,0.031679713490099785,0.874105594485697,0.02769141479340023,77,31,91
RPM-2011-08-18:4272:1,3,puntos base,0.020471357799116036,0.8951978190718175,0.018325914855207518,75,29,64
RPM-2011-08-18:4272:1,3,puntos base en,0.02796288643745665,0.9178045082672408,0.025664463236462598,34,7,20
RPM-2011-08-18:4272:1,3,puntos base en la,0.02129226991728466,0.5893380152441653,0.01254834409309559,14,0,6
RPM-2011-08-18:4272:1,3,puntos en,0.04238100459651074,0.18049923111574445,0.0076497387435830195,3,0,5
RPM-2011-08-18:4272:1,3,puntualiza,0.02681998643405553,0.07328253216245073,0.0019654365184501666,1,0,4
RPM-2011-08-18:4272:1,3,que algo,0.02681998643405553,-0.32734255966145587,-0.00877932300940926,0,3,2
RPM-2011-08-18:4272:1,3,que algo similar,0.028609068831466827,-0.10123277709439002,-0.0028961754878939427,0,1,2
RPM-2011-08-18:4272:1,3,que de,0.013945556175900486,-0.3727154993324871,-0.005197724933569999,24,21,65
RPM-2011-08-18:4272:1,3,que de acuerdo,0.01903829266165708,0.10614926088598696,0.002020900694566009,4,1,29
RPM-2011-08-18:4272:1,3,que de acuerdo con,0.01957378774781666,0.08198483206771863,0.0016047537014339175,3,1,26
RPM-2011-08-18:4272:1,3,que debido,0.028609068831466827,-0.013145267377410013,-0.0003760738592083585,0,0,3
RPM-2011-08-18:4272:1,3,que durante,0.01957378774781666,-0.27651077527018325,-0.0054123632251228,2,5,23
RPM-2011-08-18:4272:1,3,que durante el,0.022776926781016654,-0.16786535988238777,-0.0038234570111101564,1,2,11
RPM-2011-08-18:4272:1,3,que durante el primer,0.027624465737960697,-0.092310607419642,-0.002550031211914241,0,1,3
RPM-2011-08-18:4272:1,3,que el,0.02820183987625433,0.07230634974557626,0.0020391720975611845,81,52,347
RPM-2011-08-18:4272:1,3,que el consumo,0.021733880182621162,-0.1076603860417126,-0.0023398779306453214,0,2,16
RPM-2011-08-18:4272:1,3,que el consumo privado,0.027624465737960697,-0.06588892131233921,-0.001820146249303903,0,1,3
RPM-2011-08-18:4272:1,3,que el crecimiento,0.03919247351149608,0.2954212422337561,0.011578289210979753,14,2,21
RPM-2011-08-18:4272:1,3,que el crecimiento de,0.02150755261889521,0.22364471560125893,0.0048100504887319305,9,0,10
RPM-2011-08-18:4272:1,3,que el crecimiento del,0.0241454606242561,0.10898708699565846,0.0026315434176060453,2,0,8
RPM-2011-08-18:4272:1,3,que el escenario,0.04029578084677967,0.09540736667782442,0.0038445143388179622,19,12,25
RPM-2011-08-18:4272:1,3,que el escenario internacional,0.043260947129805535,0.11661092990899669,0.005044699273550565,4,2,1
RPM-2011-08-18:4272:1,3,que el gasto,0.024566009178427953,0.010987996012608546,0.0002699312108982713,4,2,3
RPM-2011-08-18:4272:1,3,que el ipcx,0.027624465737960697,0.05135219318052649,0.001418576901084593,2,1,1
RPM-2011-08-18:4272:1,3,que el ipcx1,0.023761529874522788,0.002650636390967312,6.298317579046705e-05,4,2,5
RPM-2011-08-18:4272:1,3,que el ministerio,0.048439364230443475,0.12702009108949175,0.006152772456867998,2,0,1
RPM-2011-08-18:4272:1,3,que el ministerio de,0.048439364230443475,0.12702009108949175,0.006152772456867998,2,0,1
RPM-2011-08-18:4272:1,3,que el problema,0.02681998643405553,0.05953831370994487,0.001596816766007264,1,0,4
RPM-2011-08-18:4272:1,3,que en,0.019241520218847386,-0.534634553969044,-0.010287181579889814,82,61,277
RPM-2011-08-18:4272:1,3,que en china,0.026139808874228704,-0.06979459331696519,-0.0018244173297599902,0,1,5
RPM-2011-08-18:4272:1,3,que en el,0.012196405454740435,-0.2096431414934557,-0.0025568927544597038,39,28,97
RPM-2011-08-18:4272:1,3,que en el segundo,0.025550612271934083,0.04374365652672284,0.001117677207270954,1,0,6
RPM-2011-08-18:4272:1,3,que en un,0.023761529874522788,-0.3168052406349008,-0.007527777189751576,2,5,4
RPM-2011-08-18:4272:1,3,que es,0.01159719200339658,0.5682720879549746,0.00659036051418491,46,28,114
RPM-2011-08-18:4272:1,3,que es necesario,0.026139808874228704,0.36844116421428186,0.00963098161395964,5,0,1
RPM-2011-08-18:4272:1,3,que esta,0.020695725312172137,-0.05244374489661464,-0.0010853613387219658,30,25,108
RPM-2011-08-18:4272:1,3,que estados,0.025030904036644232,0.0015484645826394853,3.875946837219132e-05,1,1,6
RPM-2011-08-18:4272:1,3,que estados unidos,0.025030904036644232,0.0015484645826394853,3.875946837219132e-05,1,1,6
RPM-2011-08-18:4272:1,3,que este,0.024170709758329193,-0.025493491930610263,-0.000616195794181088,21,16,65
RPM-2011-08-18:4272:1,3,que este es,0.022776926781016654,-0.15447048461649074,-0.003518362917937969,1,4,9
RPM-2011-08-18:4272:1,3,que este es un,0.024566009178427953,-0.17705386494434353,-0.004349506871298886,1,4,4
RPM-2011-08-18:4272:1,3,que este escenario,0.025550612271934083,0.054037038143962546,0.0013806794099400996,2,1,4
RPM-2011-08-18:4272:1,3,que esto,0.03363954657197663,-0.2082221227905604,-0.007004497796928894,7,7,14
RPM-2011-08-18:4272:1,3,que esto se,0.045410184413477106,-0.07558500180499189,-0.0034323288708576817,0,1,4
RPM-2011-08-18:4272:1,3,que estos,0.01792938782407261,-0.057183646600036164,-0.0010252677770867596,8,7,29
RPM-2011-08-18:4272:1,3,que hasta,0.021733880182621162,0.013497553797768565,0.00029335421699918523,4,2,12
RPM-2011-08-18:4272:1,3,que hasta ahora,0.025030904036644232,-0.12988948393804786,-0.0032512512078225184,2,2,4
RPM-2011-08-18:4272:1,3,que implica,0.043260947129805535,-0.00567410426115959,-0.0002454671244510293,1,1,5
RPM-2011-08-18:4272:1,3,que implica una,0.048439364230443475,0.05671072884212903,0.002747031650157804,1,0,2
RPM-2011-08-18:4272:1,3,que juicio,0.028609068831466827,-0.07021075404091282,-0.0020086642950656623,0,1,2
RPM-2011-08-18:4272:1,3,que la,0.01810466879686696,0.4227683574547294,0.007654081089513336,98,64,306
RPM-2011-08-18:4272:1,3,que la actividad,0.017832407654044233,-0.21435029478402895,-0.0038223818373533556,9,11,25
RPM-2011-08-18:4272:1,3,que la actividad economica,0.024566009178427953,-0.06507212667809198,-0.001598562461233834,2,2,5
RPM-2011-08-18:4272:1,3,que la reserva,0.026139808874228704,0.062315882962773066,0.0016289252704756927,1,0,5
RPM-2011-08-18:4272:1,3,que la reserva federal,0.026139808874228704,0.062315882962773066,0.0016289252704756927,1,0,5
RPM-2011-08-18:4272:1,3,que la tasa,0.01644473096034062,0.13944718061364467,0.0022931713683694128,10,8,44
RPM-2011-08-18:4272:1,3,que la tasa de,0.0176446167554573,0.1803434894721787,0.0031820917560784413,9,5,33
RPM-2011-08-18:4272:1,3,que las,0.032781671305992334,-0.19115982355241748,-0.006266538502606842,59,44,190
RPM-2011-08-18:4272:1,3,que las economias,0.0241454606242561,-0.12598920417077988,-0.003042067368386928,0,2,8
RPM-2011-08-18:4272:1,3,que las expectativas,0.03289660924885671,-0.11326886795287099,-0.0037261616891059455,19,17,38
RPM-2011-08-18:4272:1,3,que las expectativas de,0.03826570478185891,0.001636238281377489,6.261181102796718e-05,11,7,23
RPM-2011-08-18:4272:1,3,que las presiones,0.0241454606242561,0.035213016709932494,0.000850234508430947,3,1,6
RPM-2011-08-18:4272:1,3,que las presiones inflacionarias,0.025550612271934083,0.16603882997996408,0.004242393766903647,3,0,4
RPM-2011-08-18:4272:1,3,que las tasas,0.030192890742040582,-0.13575449933225364,-0.004098820766079155,6,6,33
RPM-2011-08-18:4272:1,3,que las tasas de,0.032451193855728526,-0.010236401489957905,-0.0003321834491356923,6,4,23
RPM-2011-08-18:4272:1,3,que las tensiones,0.02681998643405553,0.10001829551528418,0.002682489328877279,1,0,4
RPM-2011-08-18:4272:1,3,que lleva,0.027624465737960697,0.10204186438746804,0.0028188519866092425,2,0,2
RPM-2011-08-18:4272:1,3,que lo,0.011739540480653305,-0.09947770379909596,-0.001167822530671926,34,26,122
RPM-2011-08-18:4272:1,3,que los,0.021208302657451075,-0.31559729681681653,-0.006693282988764465,48,38,178
RPM-2011-08-18:4272:1,3,que los cds,0.027624465737960697,0.005877138783481952,0.0001623528189615372,0,0,4
RPM-2011-08-18:4272:1,3,que los datos,0.019718470221483913,0.01874525474406067,0.00036962774746489036,2,1,26
RPM-2011-08-18:4272:1,3,que los datos de,0.023761529874522788,-0.06143144633453414,-0.0014597051473131764,0,1,10
RPM-2011-08-18:4272:1,3,que para,0.015281685319437594,0.03285315263670305,0.0005020515403455475,17,10,54
RPM-2011-08-18:4272:1,3,que para el,0.02129226991728466,0.20072358141355334,0.00427386067422144,4,0,16
RPM-2011-08-18:4272:1,3,que para el ano,0.026139808874228704,0.110600370937609,0.002891072557727898,2,0,4
RPM-2011-08-18:4272:1,3,que recientemente,0.027624465737960697,0.04670917547995862,0.0012903160176945107,1,0,3
RPM-2011-08-18:4272:1,3,que se,0.01792150366623702,-0.165654835096079,-0.0029687837345042686,85,63,403
RPM-2011-08-18:4272:1,3,que se ha,0.014275610552849654,0.12005653363693494,0.001713880318525978,22,14,66
RPM-2011-08-18:4272:1,3,que se han,0.016239465107779315,0.19831889945546202,0.00322059284792017,18,9,38
RPM-2011-08-18:4272:1,3,que tal,0.022776926781016654,-0.046614821553188496,-0.0010617423774271313,3,2,9
RPM-2011-08-18:4272:1,3,que tal como,0.025550612271934083,-0.05596563029620005,-0.001429956120252615,3,2,2
RPM-2011-08-18:4272:1,3,que tal como se,0.02681998643405553,0.05932312174931462,0.0015910453205424428,3,1,1
RPM-2011-08-18:4272:1,3,que todo,0.02308135231469596,0.15692189363650888,0.0036219695129135073,5,4,4
RPM-2011-08-18:4272:1,3,que todo ello,0.027624465737960697,0.10000404733396542,0.0027625583792345275,2,1,1
RPM-2011-08-18:4272:1,3,que una,0.016809601550366243,-0.13566416694623434,-0.0022804605910285657,14,13,30
RPM-2011-08-18:4272:1,3,rango,0.014275610552849654,0.3228338438074574,0.004608650227474756,39,19,44
RPM-2011-08-18:4272:1,3,rango meta,0.01802854750519061,0.4397352428698583,0.007927787715785771,26,7,10
RPM-2011-08-18:4272:1,3,rapidamente,0.022776926781016654,0.022175191803539253,0.0005050827200642142,6,3,5
RPM-2011-08-18:4272:1,3,razon,0.015335826122756151,-0.32256677522772287,-0.004946827977870524,11,16,53
RPM-2011-08-18:4272:1,3,reafirmado,0.028609068831466827,-0.0019355626892917418,-5.537464620556648e-05,1,1,1
RPM-2011-08-18:4272:1,3,rebaja,0.023408347821428196,-0.333994500495975,-0.007818259438053955,1,5,6
RPM-2011-08-18:4272:1,3,rebaja de,0.025550612271934083,-0.1407805123419437,-0.0035970282862932343,1,2,4
RPM-2011-08-18:4272:1,3,rebaja de la,0.028609068831466827,-0.024106011398335597,-0.000689650539347107,1,1,1
RPM-2011-08-18:4272:1,3,recientemente,0.02018336507970019,0.047807616655810015,0.000964918580554569,4,4,18
RPM-2011-08-18:4272:1,3,rectora,0.04513601422518947,-0.22574304632783485,-0.01018914135029076,4,5,10
RPM-2011-08-18:4272:1,3,rectora en,0.02681998643405553,-0.02615919248542984,-0.0007015891875850757,1,1,3
RPM-2011-08-18:4272:1,3,recuerda,0.022776926781016654,0.011251742183517724,0.00025628010787285963,3,2,9
RPM-2011-08-18:4272:1,3,recuerda que,0.0241454606242561,0.004850394945342021,0.00011711502016484658,3,2,5
RPM-2011-08-18:4272:1,3,reducciones,0.021972447477111492,-0.3546957338036675,-0.007793533381356603,1,6,10
RPM-2011-08-18:4272:1,3,reducciones en,0.027624465737960697,0.0010005862819774686,2.7640661464360065e-05,0,0,4
RPM-2011-08-18:4272:1,3,registro,0.02727277675509059,0.19068987157746398,0.005200642296989069,14,8,45
RPM-2011-08-18:4272:1,3,registro un,0.02308135231469596,0.10901129078246907,0.002516128008829937,2,0,11
RPM-2011-08-18:4272:1,3,registro un aumento,0.027624465737960697,0.07578569645667037,0.00209353937519478,1,0,3
RPM-2011-08-18:4272:1,3,registro una,0.02308135231469596,0.12220279343445362,0.0028206057291006383,3,1,9
RPM-2011-08-18:4272:1,3,reitera,0.01986805810989899,0.16855308392581445,0.003348822466040763,7,3,18
RPM-2011-08-18:4272:1,3,relacion,0.013214563235511623,-0.1835770033622372,-0.0024258899195160133,9,12,109
RPM-2011-08-18:4272:1,3,resalta,0.01812998691775235,-0.30215309094439835,-0.005478031585980378,2,7,33
RPM-2011-08-18:4272:1,3,resalta que,0.02018336507970019,-0.30400722867699465,-0.006135888883255684,1,6,19
RPM-2011-08-18:4272:1,3,resalta que el,0.026139808874228704,-0.06346820740216678,-0.0016590468110825472,0,1,5
RPM-2011-08-18:4272:1,3,reserva,0.01696443919563047,-0.10712774543929761,-0.0018173621236699437,5,6,44
RPM-2011-08-18:4272:1,3,reserva federal,0.01746449296585633,-0.11118656896903922,-0.0019418170516574853,5,6,38
RPM-2011-08-18:4272:1,3,reserva federal ha,0.02681998643405553,0.002414674819787988,6.476154590936932e-05,0,0,5
RPM-2011-08-18:4272:1,3,respectivamente,0.03223463154275979,0.10532462014939159,0.0033951003228967712,4,1,29
RPM-2011-08-18:4272:1,3,respecto,0.022434616988149924,0.07774905809827631,0.0017442703396242452,57,42,273
RPM-2011-08-18:4272:1,3,respecto al,0.01802854750519061,-0.04109938687708954,-0.0007409622487478164,4,3,36
RPM-2011-08-18:4272:1,3,respecto de,0.011861776001274913,0.10730008858100203,0.0012727696156648021,30,21,126
RPM-2011-08-18:4272:1,3,respecto de la,0.014970090945657866,-0.010378088621557173,-0.00015536093050680795,17,11,59
RPM-2011-08-18:4272:1,3,respecto del,0.013789348001005357,0.5096647511343744,0.007027944617237678,22,6,86
RPM-2011-08-18:4272:1,3,respecto del escenario,0.028609068831466827,-0.0030880721000553137,-8.834686726701478e-05,0,0,3
RPM-2011-08-18:4272:1,3,respecto indica,0.026139808874228704,-0.03980463881613971,-0.001040485650961597,1,2,3
RPM-2011-08-18:4272:1,3,respecto indica que,0.02681998643405553,-0.11991456763957387,-0.0032161070773390056,0,2,3
RPM-2011-08-18:4272:1,3,resto,0.015917247533415623,-0.24355998486354383,-0.0038768045683079894,6,9,55
RPM-2011-08-18:4272:1,3,resto del,0.021087004064723355,-0.16415133304072416,-0.0034614598270595073,2,4,15
RPM-2011-08-18:4272:1,3,resto del mundo,0.02308135231469596,-0.0755859979578,-0.001744627048921871,2,2,9
RPM-2011-08-18:4272:1,3,reunion,0.022320834067380384,0.1275099565172735,0.00284612858136095,69,46,119
RPM-2011-08-18:4272:1,3,reunion anterior,0.01802854750519061,0.1139144260122851,0.002053711640889003,11,4,28
RPM-2011-08-18:4272:1,3,reunion anterior las,0.028609068831466827,0.008858754256604751,0.0002534407102882551,1,0,2
RPM-2011-08-18:4272:1,3,reunion de,0.01440603640632359,0.2107924732345137,0.003036684043595395,32,16,51
RPM-2011-08-18:4272:1,3,reunion de politica,0.015675410568445035,0.2426802755200866,0.0038041129556407186,25,11,38
RPM-2011-08-18:4272:1,3,reunion de politica monetaria,0.015675410568445035,0.2426802755200866,0.0038041129556407186,25,11,38
RPM-2011-08-18:4272:1,3,reunion que,0.025030904036644232,-0.12042955779470382,-0.0030144607043347317,2,3,3
RPM-2011-08-18:4272:1,3,revela,0.027624465737960697,-0.10889366060906261,-0.0030081291965761703,1,2,1
RPM-2011-08-18:4272:1,3,riesgo,0.024387134218872994,0.11392772536373272,0.002778370729696251,59,35,93
RPM-2011-08-18:4272:1,3,riesgo de,0.015616967063555677,0.32712796825854495,0.0051087467058615835,29,12,34
RPM-2011-08-18:4272:1,3,riesgo es,0.027624465737960697,-0.03169357488246761,-0.0008755180734542181,1,1,2
RPM-2011-08-18:4272:1,3,riesgos,0.02214949552589006,0.40613771455731085,0.00899574549148237,47,25,62
RPM-2011-08-18:4272:1,3,riesgos de,0.03314130353809459,-0.09279368365591027,-0.003075303636458449,8,5,17
RPM-2011-08-18:4272:1,3,riesgos de una,0.04425854369577617,-0.09481434458914645,-0.004196344812985117,1,2,3
RPM-2011-08-18:4272:1,3,ritmo,0.014495179238392344,-0.09840866068791004,-0.0014264511752813906,37,18,42
RPM-2011-08-18:4272:1,3,ritmo de,0.016043325256632934,-0.2967750605793028,-0.0047612588249306975,26,13,29
RPM-2011-08-18:4272:1,3,se,0.022828314731575934,-0.14050352713674377,-0.003207458738374107,104,72,616
RPM-2011-08-18:4272:1,3,se desacelera,0.025030904036644232,-0.04948033137445575,-0.0012385374263353586,1,2,5
RPM-2011-08-18:4272:1,3,se desaceleran,0.028609068831466827,0.011421860299199126,0.0003267687874831861,0,0,3
RPM-2011-08-18:4272:1,3,se esta,0.014632363970049545,-0.2542782471860414,-0.0037206918624923843,14,14,66
RPM-2011-08-18:4272:1,3,se ha,0.028120537749219115,0.24026102418992756,0.006756269200398905,59,36,171
RPM-2011-08-18:4272:1,3,se ha traducido,0.05797304326557549,0.013764911234236753,0.0007979937945292134,1,1,2
RPM-2011-08-18:4272:1,3,se ha traducido en,0.05797304326557549,0.013764911234236753,0.0007979937945292134,1,1,2
RPM-2011-08-18:4272:1,3,se ha vuelto,0.043260947129805535,-0.055878976174954825,-0.0024173774339723837,3,3,1
RPM-2011-08-18:4272:1,3,se han,0.02448617215831617,0.06293294273388553,0.0015409868702113737,43,27,115
RPM-2011-08-18:4272:1,3,se han ajustado,0.02222465441186387,0.018111797545251437,0.0004025284412208575,5,3,8
RPM-2011-08-18:4272:1,3,se han ajustado la,0.025550612271934083,-0.020522004711312537,-0.0005243497854215512,2,2,3
RPM-2011-08-18:4272:1,3,se han ido,0.0241454606242561,0.004023754974220223,9.7155417291689e-05,0,0,10
RPM-2011-08-18:4272:1,3,se han intensificado,0.027624465737960697,0.002322065767861623,6.414582624558481e-05,3,1,0
RPM-2011-08-18:4272:1,3,se indico,0.026139808874228704,0.0037910383997155125,9.909701920342534e-05,2,1,3
RPM-2011-08-18:4272:1,3,se mantendria,0.024566009178427953,-0.09216052882211387,-0.002264016396932823,0,1,8
RPM-2011-08-18:4272:1,3,se mantendria en,0.026139808874228704,-0.001049281130458081,-2.7428008205508873e-05,0,0,6
RPM-2011-08-18:4272:1,3,se mantenga,0.02249215571240134,-0.09990013253832185,-0.0022469693367414664,7,4,4
RPM-2011-08-18:4272:1,3,se mantengan,0.026139808874228704,-0.07634018352011587,-0.001995517806639373,1,2,3
RPM-2011-08-18:4272:1,3,se mantiene,0.01512313819929225,-0.3267415492401385,-0.004941357604609468,15,13,56
RPM-2011-08-18:4272:1,3,se observa,0.015446142371413828,0.09061143223525321,0.0013995970827834375,8,5,65
RPM-2011-08-18:4272:1,3,se observa en,0.02150755261889521,-0.12140174339454021,-0.0026110543840836874,1,2,16
RPM-2011-08-18:4272:1,3,se registro,0.024566009178427953,0.04355391512775243,0.0010699458787848384,2,1,6
RPM-2011-08-18:4272:1,3,se registro una,0.027624465737960697,0.04795931285685698,0.0013248503948303835,2,1,1
RPM-2011-08-18:4272:1,3,se ubica,0.018340141878970338,0.11529484113361907,0.002114523744303919,10,2,28
RPM-2011-08-18:4272:1,3,se ubica en,0.02129226991728466,0.012444176957652743,0.0002649647746807965,2,1,17
RPM-2011-08-18:4272:1,3,se ubican,0.019718470221483913,0.23192468240223768,0.004573199943575638,11,1,17
RPM-2011-08-18:4272:1,3,se ubican en,0.022776926781016654,0.2117835078527585,0.0048237774517891465,5,0,9
RPM-2011-08-18:4272:1,3,se ubico,0.05670200475115555,0.03669027102174933,0.002080411921796415,1,0,10
RPM-2011-08-18:4272:1,3,se ubico en,0.05973110515637724,0.0430628384209847,0.002572190930055919,1,0,7
RPM-2011-08-18:4272:1,3,sea,0.013866760865746364,-0.37261536745311047,-0.005166968195374494,23,23,66
RPM-2011-08-18:4272:1,3,segundo,0.02458628079893048,0.3737325554886981,0.009188693552946998,47,21,115
RPM-2011-08-18:4272:1,3,segundo trimestre,0.017043944411684477,-0.06878144692265371,-0.0011723071579049361,14,7,33
RPM-2011-08-18:4272:1,3,semestre,0.02972088895983299,0.2863672007458443,0.008511087775105442,15,4,29
RPM-2011-08-18:4272:1,3,semestre en,0.027624465737960697,0.07735174544139166,0.0021368006417171815,2,0,2
RPM-2011-08-18:4272:1,3,senala,0.012595184754001223,-0.23958283872861555,-0.0030175901176749923,80,56,348
RPM-2011-08-18:4272:1,3,senala que,0.013271890195132448,-0.3157198941697337,-0.004190199767839542,73,54,315
RPM-2011-08-18:4272:1,3,senala que el,0.01539063949982972,-0.026400740609065852,-0.00040632428124264745,10,10,59
RPM-2011-08-18:4272:1,3,senor felipe,0.052530162807773784,0.14001218679208702,0.007354862967260766,2,1,5
RPM-2011-08-18:4272:1,3,senor felipe larrain,0.05485732412689207,0.14075791214734973,0.007721602410091763,2,1,3
RPM-2011-08-18:4272:1,3,senor felipe larrain manifiesta,0.028609068831466827,0.010810376299047263,0.00030927479963350075,1,1,1
RPM-2011-08-18:4272:1,3,senor ministro,0.027609865962401312,-0.6094099438085164,-0.016825726864707655,9,12,43
RPM-2011-08-18:4272:1,3,senor ministro de,0.030872529677533928,-0.6688051706456879,-0.020647707479247143,5,10,26
RPM-2011-08-18:4272:1,3,senor ministro de hacienda,0.030872529677533928,-0.6688051706456879,-0.020647707479247143,5,10,26
RPM-2011-08-18:4272:1,3,ser,0.010827871611500995,0.0030092103055476827,3.258334284047599e-05,47,34,143
RPM-2011-08-18:4272:1,3,ser necesario,0.025550612271934083,-0.27917322893520125,-0.0071330469292272165,2,4,1
RPM-2011-08-18:4272:1,3,serias,0.027624465737960697,-0.13452497577717099,-0.0037161805842564526,1,2,1
RPM-2011-08-18:4272:1,3,serias dudas,0.027624465737960697,-0.13452497577717099,-0.0037161805842564526,1,2,1
RPM-2011-08-18:4272:1,3,servicios,0.01696443919563047,0.15515785966839027,0.002632166076068572,9,2,44
RPM-2011-08-18:4272:1,3,servicios que,0.027624465737960697,0.00402688891700843,0.00011124065491847304,0,0,4
RPM-2011-08-18:4272:1,3,sesgo,0.015979836102124337,-0.3953506862164665,-0.006317639168601522,22,23,24
RPM-2011-08-18:4272:1,3,siendo,0.013492602922026297,0.6945628808396437,0.009371461155547978,50,16,56
RPM-2011-08-18:4272:1,3,significativamente,0.01712490852016745,0.14984015339490814,0.0025659989195356597,15,6,32
RPM-2011-08-18:4272:1,3,signos,0.020703073314990043,-0.027502700763702696,-0.0005693904302711696,5,4,14
RPM-2011-08-18:4272:1,3,signos de,0.02129226991728466,-0.04107195598680649,-0.0008745151729019194,4,4,12
RPM-2011-08-18:4272:1,3,siguen,0.023218584280209086,0.6338156928116827,0.014716303081667166,42,14,60
RPM-2011-08-18:4272:1,3,siguen presentes,0.025030904036644232,-0.040086412344155074,-0.0010033991405598965,1,1,6
RPM-2011-08-18:4272:1,3,similar,0.015335826122756151,0.10498592321436047,0.0016100458637524607,19,10,51
RPM-2011-08-18:4272:1,3,sin,0.01080830430621362,0.6770318661550158,0.0073175664344071,67,32,126
RPM-2011-08-18:4272:1,3,sin perjuicio,0.020890864213576974,0.12209332445612725,0.0025506350625971513,5,3,14
RPM-2011-08-18:4272:1,3,sin perjuicio de,0.02150755261889521,0.08734182511747023,0.001878508899544334,4,3,12
RPM-2011-08-18:4272:1,3,sin perjuicio de ello,0.02681998643405553,0.18707855947794744,0.005017444427301201,2,0,3
RPM-2011-08-18:4272:1,3,sino,0.015446142371413828,-0.2287093880726886,-0.0035326777698496837,10,15,53
RPM-2011-08-18:4272:1,3,sino que,0.015917247533415623,-0.06597566314845915,-0.0010501509615152714,10,12,48
RPM-2011-08-18:4272:1,3,sistema,0.020522949525389075,-0.018826028974976775,-0.00038636564241696056,3,3,18
RPM-2011-08-18:4272:1,3,sistema financiero,0.022776926781016654,-0.004043988196841396,-9.210962306275204e-05,2,2,10
RPM-2011-08-18:4272:1,3,situacion,0.012889974284667356,-0.19338933647402476,-0.002492783574079062,30,20,90
RPM-2011-08-18:4272:1,3,soberanos,0.021087004064723355,0.07464131432976895,0.0015739616986681314,3,0,18
RPM-2011-08-18:4272:1,3,sobre,0.018397047955285364,-0.17446076118702494,-0.0032095629898732853,60,44,254
RPM-2011-08-18:4272:1,3,sobre el,0.022374200484537612,-0.45064203900364275,-0.010082755327428321,19,21,90
RPM-2011-08-18:4272:1,3,sobre el particular,0.019166197852331125,-0.0995858537406242,-0.0019086821760861132,2,3,28
RPM-2011-08-18:4272:1,3,sobre el tipo,0.024566009178427953,0.071257542963612,0.0017505134544763166,3,2,4
RPM-2011-08-18:4272:1,3,sobre el tipo de,0.024566009178427953,0.071257542963612,0.0017505134544763166,3,2,4
RPM-2011-08-18:4272:1,3,solido,0.025030904036644232,0.15957208250683558,0.003994233484156077,5,0,3
RPM-2011-08-18:4272:1,3,solo,0.023611879120566243,-0.43019302198846543,-0.010157665633702741,23,17,70
RPM-2011-08-18:4272:1,3,solo ha,0.028609068831466827,0.05205328717908568,0.001489196075810572,1,0,2
RPM-2011-08-18:4272:1,3,sostiene,0.03505335021220123,0.10776406375833966,0.003777491467211063,6,4,13
RPM-2011-08-18:4272:1,3,sostiene que,0.035703401478642455,0.11987942999298896,0.004280103418070497,5,3,13
RPM-2011-08-18:4272:1,3,sostiene que en,0.02681998643405553,-0.13583492818090953,-0.003643090931082901,0,2,3
RPM-2011-08-18:4272:1,3,su,0.018194856356646805,-0.15138126326513837,-0.002754360340196926,96,65,303
RPM-2011-08-18:4272:1,3,su economia,0.026139808874228704,0.03850749729164315,0.0010065786194284315,1,1,4
RPM-2011-08-18:4272:1,3,su intencion,0.028609068831466827,-0.4310362870133925,-0.012331546804026037,0,2,1
RPM-2011-08-18:4272:1,3,su mayor,0.028609068831466827,-0.0007571508772090847,-2.1661381561880194e-05,0,0,3
RPM-2011-08-18:4272:1,3,subido,0.021733880182621162,-0.43757342363951945,-0.009510168360480646,3,6,9
RPM-2011-08-18:4272:1,3,subraya,0.02034989126189545,0.09681867109120103,0.0019702494288271616,7,4,14
RPM-2011-08-18:4272:1,3,subraya que,0.021087004064723355,0.21176319892019368,0.004465451436388945,6,2,13
RPM-2011-08-18:4272:1,3,sugiere,0.01755363579792509,-0.016983186780838336,-0.00029811667543897197,15,10,23
RPM-2011-08-18:4272:1,3,sus,0.011550745047033871,-0.08116143972633096,-0.0009374750979290554,53,28,109
RPM-2011-08-18:4272:1,3,sus niveles,0.026139808874228704,-0.11582544592010266,-0.0030276550191237965,0,2,4
RPM-2011-08-18:4272:1,3,tal,0.014920232560807658,0.09006214318820369,0.0013437481212927583,22,14,52
RPM-2011-08-18:4272:1,3,tal como,0.01812998691775235,0.07524181163475824,0.0013641330606061534,15,9,18
RPM-2011-08-18:4272:1,3,tal como se,0.02034989126189545,0.13581589156341167,0.0027638386249528115,10,6,9
RPM-2011-08-18:4272:1,3,tal como se indico,0.028609068831466827,0.01413986262449077,0.0004045283030915416,2,1,0
RPM-2011-08-18:4272:1,3,tambien,0.00890360603388946,0.1434709756420509,0.0012774090444145722,69,45,233
RPM-2011-08-18:4272:1,3,tanto,0.01675293514165623,0.023097974144627303,0.0003869588627485937,57,42,178
RPM-2011-08-18:4272:1,3,tanto en,0.018233813357751916,0.06829484238472738,0.001245275409340204,9,5,27
RPM-2011-08-18:4272:1,3,tanto en el,0.0241454606242561,0.0766325779217023,0.0018503288927437002,2,0,8
RPM-2011-08-18:4272:1,3,tanto que,0.020890864213576974,-0.47782746513813085,-0.009982228691718376,1,7,14
RPM-2011-08-18:4272:1,3,tanto que el,0.02681998643405553,-0.15676534041033807,-0.004204444303135365,1,2,2
RPM-2011-08-18:4272:1,3,tasa,0.022070029177241216,-0.12054800822093126,-0.0026604980586942668,99,69,216
RPM-2011-08-18:4272:1,3,tasa de,0.015426751021915415,0.22627029388044523,0.0034906154873492598,97,58,176
RPM-2011-08-18:4272:1,3,tasa de politica,0.010887099616367742,0.45710862766300603,0.004976587164868298,85,48,88
RPM-2011-08-18:4272:1,3,tasa de politica monetaria,0.011132297145180298,0.3904617918425175,0.004346736690630441,79,46,84
RPM-2011-08-18:4272:1,3,tasa de variacion,0.02308135231469596,-0.01884888924126544,-0.0004350578533183298,0,0,13
RPM-2011-08-18:4272:1,3,tasa de variacion anual,0.0241454606242561,-0.017223503564938993,-0.00041586942713896897,0,0,10
RPM-2011-08-18:4272:1,3,tasa rectora,0.04513601422518947,-0.22574304632783485,-0.01018914135029076,4,5,10
RPM-2011-08-18:4272:1,3,tasa rectora en,0.02681998643405553,-0.02615919248542984,-0.0007015891875850757,1,1,3
RPM-2011-08-18:4272:1,3,tasas,0.016779857248883145,-0.7286371883191816,-0.012226428006223452,53,42,181
RPM-2011-08-18:4272:1,3,tasas de,0.01936405475855712,-0.35835835063576593,-0.006939270724897184,35,30,130
RPM-2011-08-18:4272:1,3,tasas de mercado,0.0241454606242561,0.0845637154049313,0.0020418298605505677,5,2,3
RPM-2011-08-18:4272:1,3,tasas de politica,0.02308135231469596,0.10333419601866292,0.0023850929844626114,3,1,9
RPM-2011-08-18:4272:1,3,tasas de politica monetaria,0.025030904036644232,-0.02423344963493439,-0.0006065851522888939,1,1,6
RPM-2011-08-18:4272:1,3,techo,0.028609068831466827,0.07862938271797089,0.0022495134223541775,1,0,2
RPM-2011-08-18:4272:1,3,tendencia,0.02106934699653752,0.3420067654759569,0.007205859216976363,45,19,91
RPM-2011-08-18:4272:1,3,tendencia de,0.020522949525389075,0.09570175410058118,0.0019640822688974245,6,1,17
RPM-2011-08-18:4272:1,3,tendencia de la,0.02681998643405553,0.12228006064248109,0.0032795495675868305,4,0,1
RPM-2011-08-18:4272:1,3,tensiones,0.0194336991528686,0.1599138026991463,0.0031077167320463952,7,6,18
RPM-2011-08-18:4272:1,3,tensiones financieras,0.024566009178427953,0.30822833249909765,0.0075719400452243756,4,1,4
RPM-2011-08-18:4272:1,3,tensiones financieras en,0.027624465737960697,0.16325498294620616,0.00450983168294883,2,0,2
RPM-2011-08-18:4272:1,3,tienen,0.015855534358046004,-0.07898557797441608,-0.0012523585453634758,9,8,54
RPM-2011-08-18:4272:1,3,tipo,0.012038802268733082,-0.5644520760861387,-0.006795326934176904,24,24,122
RPM-2011-08-18:4272:1,3,tipo de,0.012359847106847685,-0.5684738284133605,-0.007026249603433501,21,23,114
RPM-2011-08-18:4272:1,3,tipo de cambio,0.012921379542591595,-0.46629373339578833,-0.006025158307538999,19,20,100
RPM-2011-08-18:4272:1,3,todo,0.012169744224916679,0.03730961483093108,0.00045404846962258916,39,30,96
RPM-2011-08-18:4272:1,3,todo ello,0.02222465441186387,0.02427659764024928,0.0005395389928504102,5,4,7
RPM-2011-08-18:4272:1,3,traducido,0.05362082889687508,-0.13830863063268667,-0.007416223418116387,1,3,3
RPM-2011-08-18:4272:1,3,traducido en,0.05485732412689207,-0.14541442911385566,-0.007977046470625752,1,3,2
RPM-2011-08-18:4272:1,3,traves,0.020522949525389075,0.02065510407812568,0.00042390365843703135,8,3,13
RPM-2011-08-18:4272:1,3,traves de,0.02129226991728466,0.16424088617219168,0.003497061279832331,8,1,11
RPM-2011-08-18:4272:1,3,trimestre,0.027563477772470438,-0.19549624299092072,-0.005388556348281723,34,22,134
RPM-2011-08-18:4272:1,3,trimestre de,0.028461129471338692,-0.3574082267110744,-0.01017224181454546,6,8,43
RPM-2011-08-18:4272:1,3,trimestre de 2011,0.027624465737960697,0.052981435483977615,0.0014635838492751147,1,0,3
RPM-2011-08-18:4272:1,3,trimestre de este,0.019718470221483913,-0.16716806121838135,-0.0032962984371178524,4,4,21
RPM-2011-08-18:4272:1,3,trimestre de este ano,0.01986805810989899,-0.2004019278119269,-0.003981597147103146,3,4,21
RPM-2011-08-18:4272:1,3,turbulencias,0.03856468936109866,0.08245993334519425,0.003180041714194317,7,3,4
RPM-2011-08-18:4272:1,3,turbulencias en,0.048439364230443475,0.07115796533979209,0.0034468466009914614,1,0,2
RPM-2011-08-18:4272:1,3,ubica,0.01812998691775235,0.06730135921616603,0.0012201727621360418,10,3,29
RPM-2011-08-18:4272:1,3,ubica en,0.021087004064723355,-0.04208201780555613,-0.0008873836805175227,2,2,17
RPM-2011-08-18:4272:1,3,ubican,0.03338627226046073,0.26326334324978695,0.008789381653936513,11,1,17
RPM-2011-08-18:4272:1,3,ubican en,0.022776926781016654,0.2117835078527585,0.0048237774517891465,5,0,9
RPM-2011-08-18:4272:1,3,ubicandose,0.020703073314990043,-0.07453959992324363,-0.0015431988020809392,5,3,15
RPM-2011-08-18:4272:1,3,ubicandose en,0.023408347821428196,-0.008634545724982907,-0.0002021204496104258,2,1,9
RPM-2011-08-18:4272:1,3,ubico,0.05670200475115555,0.03669027102174933,0.002080411921796415,1,0,10
RPM-2011-08-18:4272:1,3,ubico en,0.05973110515637724,0.0430628384209847,0.002572190930055919,1,0,7
RPM-2011-08-18:4272:1,3,ultima,0.014275610552849654,0.09743270488850864,0.00139091135009908,22,15,65
RPM-2011-08-18:4272:1,3,ultima reunion,0.016809601550366243,0.2098820133884692,0.0035280330176488003,17,6,34
RPM-2011-08-18:4272:1,3,ultimo,0.01013929743617894,-0.050916752912592206,-0.0005162601022652028,63,44,155
RPM-2011-08-18:4272:1,3,un,0.022617602657533858,0.04818714372564509,0.0010898776699881164,101,66,489
RPM-2011-08-18:4272:1,3,un aumento,0.013351393427767947,0.942031243175173,0.012577429748881073,45,11,70
RPM-2011-08-18:4272:1,3,un contexto,0.017832407654044233,-0.25140871034870543,-0.004483222610715644,7,11,27
RPM-2011-08-18:4272:1,3,un contexto de,0.021087004064723355,-0.22525623950369478,-0.0047499792380187094,1,5,15
RPM-2011-08-18:4272:1,3,un deficit,0.02681998643405553,-0.06939524053175708,-0.0018611794096497455,0,1,4
RPM-2011-08-18:4272:1,3,un elevado,0.027624465737960697,0.12145070421697655,0.0033550108174930674,2,0,2
RPM-2011-08-18:4272:1,3,un elevado dinamismo,0.028609068831466827,0.12697828901865132,0.0036327306106364843,2,0,1
RPM-2011-08-18:4272:1,3,un en,0.04425854369577617,-0.0626510893436346,-0.0027728459753032287,1,1,4
RPM-2011-08-18:4272:1,3,un escenario,0.02624776409717545,0.11394305685215708,0.00299075047676647,24,13,40
RPM-2011-08-18:4272:1,3,un escenario en,0.04238100459651074,-0.13877361160260293,-0.00588136507120431,1,2,5
RPM-2011-08-18:4272:1,3,un escenario en que,0.045410184413477106,0.0659658329388071,0.002995520638739853,1,0,4
RPM-2011-08-18:4272:1,3,un mayor,0.016886341225677125,-0.32212260362781486,-0.005439472201362822,12,11,33
RPM-2011-08-18:4272:1,3,un mayor dinamismo,0.0241454606242561,0.10964244023194186,0.002647367223367705,3,1,6
RPM-2011-08-18:4272:1,3,un nuevo,0.020703073314990043,0.0515113275680287,0.001066442791193366,5,3,15
RPM-2011-08-18:4272:1,3,un periodo,0.020703073314990043,-0.4755173580950096,-0.009844670727191359,3,7,13
RPM-2011-08-18:4272:1,3,un periodo prolongado,0.028609068831466827,-0.2253693709698246,-0.0064476078465800935,0,2,1
RPM-2011-08-18:4272:1,3,un ritmo,0.01792938782407261,0.009795269883796656,0.0001756231925880489,16,8,20
RPM-2011-08-18:4272:1,3,un ritmo de,0.020703073314990043,-0.11492406835369853,-0.002379281412783548,8,5,10
RPM-2011-08-18:4272:1,3,un valor,0.026139808874228704,0.12474320379377662,0.003260763505528282,2,0,4
RPM-2011-08-18:4272:1,3,un valor de,0.027624465737960697,0.1233276903602932,0.0034068615568997452,2,0,2
RPM-2011-08-18:4272:1,3,una,0.02370763434671675,-0.1374219358527703,-0.0032579490064154433,97,66,434
RPM-2011-08-18:4272:1,3,una cifra,0.02308135231469596,0.0036827988060709766,8.500397674706585e-05,2,2,9
RPM-2011-08-18:4272:1,3,una de,0.02222465441186387,0.07167667012092863,0.0015929892228308076,4,1,11
RPM-2011-08-18:4272:1,3,una de las,0.024566009178427953,-0.002031029311311838,-4.989428470334282e-05,2,1,6
RPM-2011-08-18:4272:1,3,una desaceleracion,0.034809848740855916,-0.1672015204521014,-0.005820259636178777,10,9,41
RPM-2011-08-18:4272:1,3,una desaceleracion en,0.023761529874522788,-0.1446150839376372,-0.003436275637290787,0,2,9
RPM-2011-08-18:4272:1,3,una desaceleracion en el,0.02681998643405553,0.0017445098888161752,4.678773155212554e-05,0,0,5
RPM-2011-08-18:4272:1,3,una desaceleracion importante,0.027624465737960697,0.0029233919448578127,8.075714061935493e-05,0,0,4
RPM-2011-08-18:4272:1,3,una importante,0.03908012659513823,-0.04394560120743798,-0.0017173996584861357,3,2,8
RPM-2011-08-18:4272:1,3,una mayor,0.02820785515982279,-0.4165464883407963,-0.011749883010449994,10,12,37
RPM-2011-08-18:4272:1,3,una notoria,0.028609068831466827,-0.0020845767249219067,-5.963779900776452e-05,0,0,3
RPM-2011-08-18:4272:1,3,una pausa,0.023408347821428196,-0.29243153651232545,-0.0068453391206351934,6,6,0
RPM-2011-08-18:4272:1,3,una pausa en,0.027624465737960697,0.07431712859022965,0.0020529709724844184,3,1,0
RPM-2011-08-18:4272:1,3,una tasa,0.017207386063791727,-0.10691647514644859,-0.001839753064424734,9,7,36
RPM-2011-08-18:4272:1,3,una tasa de,0.018340141878970338,-0.20259267453342833,-0.0037155783945831363,5,5,30
RPM-2011-08-18:4272:1,3,unidos,0.020383464118624094,-0.28695059869299677,-0.005849047232276402,24,23,123
RPM-2011-08-18:4272:1,3,uso,0.023408347821428196,0.03725685293767199,0.0008721213722968248,3,2,7
RPM-2011-08-18:4272:1,3,validando,0.026139808874228704,0.313563067262232,0.008196478648251664,5,0,1
RPM-2011-08-18:4272:1,3,valor,0.01737711545491983,-0.08562975943879855,-0.0014879982161450135,5,6,39
RPM-2011-08-18:4272:1,3,valor de,0.02308135231469596,-0.012678600164829391,-0.00029263923726158947,3,3,7
RPM-2011-08-18:4272:1,3,variacion,0.015559287547952484,-0.16886533706689477,-0.0026274243363057347,8,9,59
RPM-2011-08-18:4272:1,3,variacion anual,0.020703073314990043,-0.14684973666403855,-0.0030402408644425714,1,3,19
RPM-2011-08-18:4272:1,3,variacion anual de,0.02308135231469596,-0.10817343034051213,-0.002496789056778582,0,1,12
RPM-2011-08-18:4272:1,3,volatil,0.02681998643405553,-0.06626586933868892,-0.001777249716704533,0,1,4
RPM-2011-08-18:4272:1,3,vuelto,0.03363954657197663,-0.31578710159088214,-0.010622934910795996,8,8,12
RPM-2011-08-18:4272:1,3,zona,0.01755363579792509,-0.21980995721274554,-0.0038584639336700323,4,7,37
RPM-2011-08-18:4272:1,3,zona euro,0.018233813357751916,-0.16295503286711505,-0.002971291655005305,3,6,32
RPM-2011-08-18:4272:1,3,zona euro en,0.024566009178427953,0.0029085247480149894,7.145084565542107e-05,0,0,9
RPM-2007-01-11:1057:1,3,01,0.03382729570335845,0.22032167250073537,0.0074528863655408725,17,6,4
RPM-2007-01-11:1057:1,3,25,0.03592305295250518,1.4208666541892536,0.05104186805688943,75,26,50
RPM-2007-01-11:1057:1,3,25 anual,0.06285119512887845,-0.18439709335925075,-0.011589577695920285,8,5,4
RPM-2007-01-11:1057:1,3,25 anual comunicado,0.045310509676449305,0.08137834130392008,0.0036872941211046647,4,1,0
RPM-2007-01-11:1057:1,3,25 anual comunicado en,0.045310509676449305,0.08137834130392008,0.0036872941211046647,4,1,0
RPM-2007-01-11:1057:1,3,acordo,0.05598993714427131,0.12109321033415482,0.0067800012352073535,16,7,7
RPM-2007-01-11:1057:1,3,actividad,0.029294282044831532,-0.1644102876179479,-0.004816281336552039,72,43,141
RPM-2007-01-11:1057:1,3,actividad interna,0.037120928322423065,-0.14595183803386225,-0.005417867718180901,3,4,10
RPM-2007-01-11:1057:1,3,acuerdo,0.022325089418852494,-0.060007245162797984,-0.0013396671140384687,31,18,81
RPM-2007-01-11:1057:1,3,acumulada,0.03754701447223016,-0.15434106129899913,-0.005795046062252883,2,3,11
RPM-2007-01-11:1057:1,3,acumulada en,0.045310509676449305,0.03796131416849503,0.0017200464929623264,1,0,4
RPM-2007-01-11:1057:1,3,acumule,0.0407920835436548,0.11172566304523579,0.004557522580911484,6,1,3
RPM-2007-01-11:1057:1,3,acumule de,0.04316598993937719,0.18428804624328216,0.007954975950084996,6,0,1
RPM-2007-01-11:1057:1,3,acumule de sus,0.04316598993937719,0.18428804624328216,0.007954975950084996,6,0,1
RPM-2007-01-11:1057:1,3,acumule de sus implicancias,0.04316598993937719,0.18428804624328216,0.007954975950084996,6,0,1
RPM-2007-01-11:1057:1,3,ademas,0.022382212136669053,-0.053362443508503915,-0.001194369530738353,29,18,82
RPM-2007-01-11:1057:1,3,ademas de,0.0407920835436548,0.043002363168928665,0.0017541559909615223,2,0,8
RPM-2007-01-11:1057:1,3,adopta,0.03799893939382801,0.36740279717088004,0.013960916622819154,12,1,2
RPM-2007-01-11:1057:1,3,adopta el,0.03848004039258477,0.323465727200764,0.012446974248302205,11,1,2
RPM-2007-01-11:1057:1,3,adopta el siguiente,0.03848004039258477,0.323465727200764,0.012446974248302205,11,1,2
RPM-2007-01-11:1057:1,3,adopta el siguiente acuerdo,0.03848004039258477,0.323465727200764,0.012446974248302205,11,1,2
RPM-2007-01-11:1057:1,3,algunos,0.03575806329926369,0.16436383939576188,0.005877332573223665,38,23,92
RPM-2007-01-11:1057:1,3,algunos trimestres,0.04666962174661102,0.015167202503818885,0.0007078476038074789,1,0,3
RPM-2007-01-11:1057:1,3,ano,0.015460555438094485,-0.2508784734024928,-0.003878720546263753,50,38,240
RPM-2007-01-11:1057:1,3,ano pasado,0.02648252056317106,-0.1289514914993203,-0.0034149605252823284,6,4,64
RPM-2007-01-11:1057:1,3,anos,0.036871190149198436,0.5734617769765238,0.021144218222198634,24,4,112
RPM-2007-01-11:1057:1,3,anos el,0.08183495122494278,0.0653947935739037,0.00535157974248561,1,0,2
RPM-2007-01-11:1057:1,3,anterior,0.01819420295510808,0.34349403260870304,0.006249600143151256,72,38,117
RPM-2007-01-11:1057:1,3,anterior el,0.031168470109963476,0.5568395969654671,0.017355838334062273,24,5,10
RPM-2007-01-11:1057:1,3,anterior el consejo,0.03671788540023267,0.4853806686382418,0.01782215176654727,15,1,2
RPM-2007-01-11:1057:1,3,anterior el consejo adopta,0.04316598993937719,0.023108822714205952,0.0009975152087922652,5,1,1
RPM-2007-01-11:1057:1,3,anual,0.03592305295250518,-0.27505351370304376,-0.00988076193752705,39,25,87
RPM-2007-01-11:1057:1,3,anual comunicado,0.03754701447223016,0.09082662260543048,0.003410268513429885,12,3,1
RPM-2007-01-11:1057:1,3,anual comunicado en,0.03754701447223016,0.09082662260543048,0.003410268513429885,12,3,1
RPM-2007-01-11:1057:1,3,anual comunicado en su,0.03754701447223016,0.09082662260543048,0.003410268513429885,12,3,1
RPM-2007-01-11:1057:1,3,anual la,0.04416139679445681,-0.007434086267440999,-0.00032829963346068435,3,1,2
RPM-2007-01-11:1057:1,3,anual la informacion,0.04833304048492637,0.11170756932835002,0.005399166470819861,3,0,0
RPM-2007-01-11:1057:1,3,aparentemente,0.036335520655512654,0.11507570989675704,0.004181335833901397,5,2,12
RPM-2007-01-11:1057:1,3,asalariado,0.03237996392668098,-0.0496111602718181,-0.0016064075799622586,4,1,28
RPM-2007-01-11:1057:1,3,asegurar,0.036335520655512654,0.3263084784376448,0.011856588458339949,13,4,2
RPM-2007-01-11:1057:1,3,asegurar la,0.0407920835436548,0.3366478775804038,0.013732568347053907,8,1,1
RPM-2007-01-11:1057:1,3,asegurar la convergencia,0.041502571201061836,0.3179226958237326,0.013194609319857987,7,1,1
RPM-2007-01-11:1057:1,3,asegurar la convergencia de,0.041502571201061836,0.3179226958237326,0.013194609319857987,7,1,1
RPM-2007-01-11:1057:1,3,aumente,0.04833304048492637,-0.2019983439913124,-0.009763194138020185,0,2,1
RPM-2007-01-11:1057:1,3,aumento,0.018259881601985113,0.6923819708510273,0.012642812811088866,64,26,135
RPM-2007-01-11:1057:1,3,aumento del,0.03135720115760571,0.2564410694181005,0.008041274198814907,13,2,23
RPM-2007-01-11:1057:1,3,aumento del empleo,0.04833304048492637,0.07091280703157807,0.0034274315731570343,1,0,2
RPM-2007-01-11:1057:1,3,baja,0.01873658597531329,-0.7894596564759896,-0.014791778727603674,22,33,156
RPM-2007-01-11:1057:1,3,baja inflacion,0.04316598993937719,0.056926997819157346,0.0024573102151406933,1,0,6
RPM-2007-01-11:1057:1,3,bajos,0.03045798245255644,-0.19586078265486673,-0.005965524281245901,7,9,27
RPM-2007-01-11:1057:1,3,banco,0.03148787442332796,0.17788471412639725,0.00560121154024159,60,34,121
RPM-2007-01-11:1057:1,3,banco central,0.036174653218857655,0.16424922829592423,0.0059416588750700414,49,27,72
RPM-2007-01-11:1057:1,3,banco central de,0.04434377966724383,0.25434568339948155,0.011278648943981166,29,13,35
RPM-2007-01-11:1057:1,3,banco central de chile,0.044838805025653856,0.255309305960991,0.011447764191219881,29,13,32
RPM-2007-01-11:1057:1,3,base,0.018129097928191933,0.8064339349303532,0.014619919778969535,82,41,106
RPM-2007-01-11:1057:1,3,base de,0.029505051371648123,0.4037109906976988,0.01191151351983456,17,5,27
RPM-2007-01-11:1057:1,3,base de comparacion,0.04014345913090012,0.18586677286233957,0.007461335200191625,4,0,7
RPM-2007-01-11:1057:1,3,bien,0.03021076321678117,-0.021882047676170885,-0.0006610733610431153,51,34,153
RPM-2007-01-11:1057:1,3,bien la,0.033312989847035596,0.05481131760340765,0.0018259288668249624,10,5,14
RPM-2007-01-11:1057:1,3,brechas,0.025817349022205578,0.6065734583935009,0.015660118682951304,37,12,32
RPM-2007-01-11:1057:1,3,brechas de,0.03195387777687388,0.6620019713752612,0.021153530081374657,23,4,8
RPM-2007-01-11:1057:1,3,caida,0.02078792352158691,-0.4065979561261809,-0.008452327215984597,10,16,134
RPM-2007-01-11:1057:1,3,caida en,0.029505051371648123,-0.28691133580304595,-0.008465333701977057,4,8,37
RPM-2007-01-11:1057:1,3,caida en el,0.035971815440430564,-0.07446398410039261,-0.0026786046930184788,1,2,17
RPM-2007-01-11:1057:1,3,caida en el precio,0.041502571201061836,-0.06777013905776169,-0.0028126350215506163,0,1,8
RPM-2007-01-11:1057:1,3,cambios,0.02316761980357946,-0.11432459877159618,-0.0026486288385371075,27,19,70
RPM-2007-01-11:1057:1,3,cambios futuros,0.04316598993937719,-0.15975397259032614,-0.006895938373609557,1,2,4
RPM-2007-01-11:1057:1,3,cambios futuros en,0.04316598993937719,-0.15975397259032614,-0.006895938373609557,1,2,4
RPM-2007-01-11:1057:1,3,cambios futuros en la,0.04316598993937719,-0.15975397259032614,-0.006895938373609557,1,2,4
RPM-2007-01-11:1057:1,3,central,0.032025041820032844,0.35474162636009643,0.011360615419488554,70,37,99
RPM-2007-01-11:1057:1,3,central de,0.04172305345638498,0.337479780187765,0.014080686909223171,38,16,41
RPM-2007-01-11:1057:1,3,central de chile,0.044838805025653856,0.255309305960991,0.011447764191219881,29,13,32
RPM-2007-01-11:1057:1,3,central de chile acordo,0.0597573749791045,0.0534481161824146,0.0031939191206392928,13,6,3
RPM-2007-01-11:1057:1,3,cerca,0.0315508348546835,0.22682470615697206,0.0071565088449207365,14,5,18
RPM-2007-01-11:1057:1,3,cerca de,0.034379731966082766,0.33017988935768205,0.011351496096707972,11,1,13
RPM-2007-01-11:1057:1,3,chile,0.034289687366667994,-0.0025039286878176387,-8.585893189369805e-05,45,28,99
RPM-2007-01-11:1057:1,3,chile acordo,0.0597573749791045,0.0534481161824146,0.0031939191206392928,13,6,3
RPM-2007-01-11:1057:1,3,chilena,0.026582582175589474,0.1683429642021684,0.004474990679586459,25,12,36
RPM-2007-01-11:1057:1,3,chilena continua,0.045310509676449305,0.045543300453286625,0.0020635901558860815,2,0,3
RPM-2007-01-11:1057:1,3,cierto,0.029357433118203918,-0.4462353432323828,-0.013100324243923447,6,11,33
RPM-2007-01-11:1057:1,3,cierto dinamismo,0.04833304048492637,-0.0039051408195421612,-0.00018874732933026983,0,0,3
RPM-2007-01-11:1057:1,3,cobre,0.022978888755937232,-0.37574584284582974,-0.008634221923260195,24,17,78
RPM-2007-01-11:1057:1,3,cobre han,0.04666962174661102,-0.03144209538623185,-0.001467390698596304,2,1,1
RPM-2007-01-11:1057:1,3,comparacion,0.035971815440430564,0.3085557867070308,0.01109931181250217,7,0,13
RPM-2007-01-11:1057:1,3,compromiso,0.032602502189628554,0.11528518548693631,0.003758585512269575,16,7,9
RPM-2007-01-11:1057:1,3,compromiso de,0.036335520655512654,-0.03347701686929673,-0.001216404837939277,9,5,5
RPM-2007-01-11:1057:1,3,compromiso de conducir,0.03899434624890763,-0.011891699497437711,-0.00046370904769104694,6,4,3
RPM-2007-01-11:1057:1,3,compromiso de conducir la,0.03899434624890763,-0.011891699497437711,-0.00046370904769104694,6,4,3
RPM-2007-01-11:1057:1,3,comunicado,0.024338000826098945,0.13473054114789976,0.003279072021758342,49,27,23
RPM-2007-01-11:1057:1,3,comunicado en,0.032602502189628554,0.2299529869986858,0.00749704276213628,21,7,4
RPM-2007-01-11:1057:1,3,comunicado en su,0.03382729570335845,0.1267710312107308,0.004288321159385074,18,6,3
RPM-2007-01-11:1057:1,3,comunicado en su reunion,0.03382729570335845,0.1267710312107308,0.004288321159385074,18,6,3
RPM-2007-01-11:1057:1,3,condiciones,0.03625964699959505,-0.5437480359552345,-0.01971611184045992,42,30,75
RPM-2007-01-11:1057:1,3,condiciones financieras,0.04645225759856172,-0.1498631594883949,-0.006961482089089259,19,13,33
RPM-2007-01-11:1057:1,3,condiciones financieras internacionales,0.041502571201061836,0.018680352597606503,0.0007752826637431043,0,0,9
RPM-2007-01-11:1057:1,3,condiciones financieras internas,0.03671788540023267,0.05684010380376932,0.002087048417604131,8,2,8
RPM-2007-01-11:1057:1,3,conducir,0.03799893939382801,0.09467173016954064,0.0035974253370212135,7,4,4
RPM-2007-01-11:1057:1,3,conducir la,0.03899434624890763,0.0048225047745005245,0.00018805042096388367,6,4,3
RPM-2007-01-11:1057:1,3,conducir la politica,0.03899434624890763,-0.011891699497437711,-0.00046370904769104694,6,4,3
RPM-2007-01-11:1057:1,3,conducir la politica monetaria,0.03899434624890763,-0.011891699497437711,-0.00046370904769104694,6,4,3
RPM-2007-01-11:1057:1,3,configura,0.04666962174661102,-0.04354680699044457,-0.0020323130105167246,1,1,2
RPM-2007-01-11:1057:1,3,configura un,0.04666962174661102,-0.04354680699044457,-0.0020323130105167246,1,1,2
RPM-2007-01-11:1057:1,3,consejo,0.05737995336654563,0.2909056217902567,0.01669215101239089,48,21,34
RPM-2007-01-11:1057:1,3,consejo adopta,0.04316598993937719,0.023108822714205952,0.0009975152087922652,5,1,1
RPM-2007-01-11:1057:1,3,consejo adopta el,0.04316598993937719,0.023108822714205952,0.0009975152087922652,5,1,1
RPM-2007-01-11:1057:1,3,consejo adopta el siguiente,0.04316598993937719,0.023108822714205952,0.0009975152087922652,5,1,1
RPM-2007-01-11:1057:1,3,consejo del,0.05482404462909265,0.27314200893020135,0.014974749687669382,20,7,6
RPM-2007-01-11:1057:1,3,consejo del banco,0.05520083466156903,0.21403671698977397,0.011815005426057557,19,7,6
RPM-2007-01-11:1057:1,3,consejo del banco central,0.05558922003592081,0.2200558329219272,0.012232732116484839,19,7,5
RPM-2007-01-11:1057:1,3,consejo reafirma,0.04228797886797224,0.16736904220058685,0.007077698519731171,4,1,3
RPM-2007-01-11:1057:1,3,consejo reafirma su,0.04228797886797224,0.16736904220058685,0.007077698519731171,4,1,3
RPM-2007-01-11:1057:1,3,consejo reafirma su compromiso,0.04228797886797224,0.16736904220058685,0.007077698519731171,4,1,3
RPM-2007-01-11:1057:1,3,considerablemente,0.0407920835436548,0.2370173725212026,0.00966843246118245,7,0,3
RPM-2007-01-11:1057:1,3,consumo,0.020741765614370578,-0.23001804178659452,-0.004770980309814041,22,16,123
RPM-2007-01-11:1057:1,3,continua,0.023695591068308704,0.4939505716812752,0.011704450754516803,36,13,59
RPM-2007-01-11:1057:1,3,continua favorable,0.04666962174661102,0.03909376701157172,0.0018244913190801919,1,0,3
RPM-2007-01-11:1057:1,3,convergencia,0.029505051371648123,0.3901203578065067,0.011510521198206728,22,8,19
RPM-2007-01-11:1057:1,3,convergencia de,0.03382729570335845,0.2849592174706015,0.009639399712775663,13,4,10
RPM-2007-01-11:1057:1,3,convergencia de la,0.034379731966082766,0.2783497858359166,0.009569591029855353,13,4,8
RPM-2007-01-11:1057:1,3,convergencia de la inflacion,0.034379731966082766,0.2857365141846457,0.009823544770590924,13,4,8
RPM-2007-01-11:1057:1,3,converger,0.03954678251163194,0.06530921339473239,0.0025827692581272413,4,2,6
RPM-2007-01-11:1057:1,3,corto,0.02146607065886265,-0.2496418344570972,-0.0053588292578641405,34,27,85
RPM-2007-01-11:1057:1,3,corto plazo,0.02199125102943796,-0.17224964812357899,-0.0037879852516179827,32,25,79
RPM-2007-01-11:1057:1,3,corto plazo la,0.041502571201061836,-0.05130290778017047,-0.0021292025829680343,2,2,5
RPM-2007-01-11:1057:1,3,corto plazo la inflacion,0.04833304048492637,-0.019433634323488585,-0.0009392866345264285,1,1,1
RPM-2007-01-11:1057:1,3,costo,0.030629357314946967,-0.07428556685551208,-0.0022753191705608606,7,4,31
RPM-2007-01-11:1057:1,3,crecimiento,0.026370284906799452,0.5903661965515564,0.015568124802408108,78,41,204
RPM-2007-01-11:1057:1,3,crecimiento del,0.026582582175589474,0.457967244070576,0.012173951899234328,17,1,55
RPM-2007-01-11:1057:1,3,crecimiento del ano,0.04833304048492637,-0.011352217330026818,-0.0005486871798058689,0,0,3
RPM-2007-01-11:1057:1,3,crecimiento mundial,0.0315508348546835,0.22380192006804508,0.007061137420227967,15,4,18
RPM-2007-01-11:1057:1,3,de actividad,0.0232316071337849,-0.08691011451958958,-0.00201906163647136,30,19,66
RPM-2007-01-11:1057:1,3,de asegurar,0.04833304048492637,0.11217220590373396,0.00542162376922867,3,0,0
RPM-2007-01-11:1057:1,3,de baja,0.04666962174661102,-0.06453401704410364,-0.0030117781652376652,0,1,3
RPM-2007-01-11:1057:1,3,de base,0.045310509676449305,0.06045815086855792,0.002739389629950026,2,1,2
RPM-2007-01-11:1057:1,3,de chile,0.040712792120765014,0.37249621463162785,0.015165360952069332,34,14,55
RPM-2007-01-11:1057:1,3,de chile acordo,0.0597573749791045,0.0534481161824146,0.0031939191206392928,13,6,3
RPM-2007-01-11:1057:1,3,de comparacion,0.04014345913090012,0.18586677286233957,0.007461335200191625,4,0,7
RPM-2007-01-11:1057:1,3,de conducir,0.03899434624890763,0.0048225047745005245,0.00018805042096388367,6,4,3
RPM-2007-01-11:1057:1,3,de conducir la,0.03899434624890763,0.0048225047745005245,0.00018805042096388367,6,4,3
RPM-2007-01-11:1057:1,3,de conducir la politica,0.03899434624890763,-0.011891699497437711,-0.00046370904769104694,6,4,3
RPM-2007-01-11:1057:1,3,de costo,0.04316598993937719,0.05466178497978314,0.0023595300605057184,2,1,4
RPM-2007-01-11:1057:1,3,de inflacion,0.01796878039024869,0.7501740911231636,0.013479713497846536,73,36,125
RPM-2007-01-11:1057:1,3,de interes,0.04078974553293024,-0.24268346680327646,-0.00989899685595497,54,39,99
RPM-2007-01-11:1057:1,3,de interes de,0.051233255667876766,0.18389718307367575,0.00942165139701597,32,16,50
RPM-2007-01-11:1057:1,3,de interes de politica,0.04946136918377234,0.2623307428857623,0.01297523772212595,26,9,16
RPM-2007-01-11:1057:1,3,de la,0.03483342400166141,-0.34943453951599207,-0.01217200147578586,104,66,403
RPM-2007-01-11:1057:1,3,de la caida,0.03799893939382801,-0.13520986860938275,-0.005137831602735383,1,2,12
RPM-2007-01-11:1057:1,3,de la caida en,0.045310509676449305,-0.08081846814462457,-0.0036619259829028215,1,1,3
RPM-2007-01-11:1057:1,3,de la demanda,0.024117655379227804,-0.24008818598509116,-0.005790364130212379,22,19,61
RPM-2007-01-11:1057:1,3,de la demanda interna,0.029809358039801767,-0.2430967278704873,-0.007246557399395613,11,10,26
RPM-2007-01-11:1057:1,3,de la desaceleracion,0.03848004039258477,0.05025976533500001,0.0019339978002126323,2,1,11
RPM-2007-01-11:1057:1,3,de la desaceleracion de,0.0407920835436548,0.0026936559293678965,0.00010987983770863636,1,1,8
RPM-2007-01-11:1057:1,3,de la inflacion,0.021937036403579403,-0.3706905484745837,-0.008131852056349758,43,26,68
RPM-2007-01-11:1057:1,3,de la inflacion en,0.0346721019171973,-0.42981336882066234,-0.014902532929123918,5,9,10
RPM-2007-01-11:1057:1,3,de la nueva,0.0407920835436548,0.23829523393432514,0.009720559090703755,7,0,3
RPM-2007-01-11:1057:1,3,de la nueva informacion,0.04228797886797224,0.24747435516014085,0.010465190301377093,7,0,1
RPM-2007-01-11:1057:1,3,de la reduccion,0.04316598993937719,0.007348031540981313,0.00031718505557222563,2,1,4
RPM-2007-01-11:1057:1,3,de la tasa,0.021829775873944735,0.23233841584687456,0.0050718955448446415,54,25,60
RPM-2007-01-11:1057:1,3,de la tasa de,0.022978888755937232,0.2858711308431564,0.006569000914178868,47,23,49
RPM-2007-01-11:1057:1,3,de las,0.014978038449553217,-0.09680640857467956,-0.0014499701097947088,72,50,228
RPM-2007-01-11:1057:1,3,de las proyecciones,0.03529366830315482,0.24819088331447203,0.008759566711567978,7,0,15
RPM-2007-01-11:1057:1,3,de lo,0.017507531542234406,-0.19778451818148216,-0.0034627186906279334,63,46,140
RPM-2007-01-11:1057:1,3,de lo anterior,0.032831888848278826,0.6062508090140273,0.019904359175727658,22,3,6
RPM-2007-01-11:1057:1,3,de lo anterior el,0.03529366830315482,0.5279784758987204,0.01863429719957466,17,2,3
RPM-2007-01-11:1057:1,3,de manera,0.03839140473230582,-0.1452664504997485,-0.0055769830951613135,31,23,70
RPM-2007-01-11:1057:1,3,de manera de,0.036335520655512654,0.4309254462825489,0.015657900454385566,13,0,6
RPM-2007-01-11:1057:1,3,de manera de asegurar,0.04833304048492637,0.11217220590373396,0.00542162376922867,3,0,0
RPM-2007-01-11:1057:1,3,de manera que,0.03497640858535094,-0.14187449643624636,-0.004962260355195069,7,7,9
RPM-2007-01-11:1057:1,3,de manera que la,0.0407920835436548,-0.18536604704720502,-0.007561467277306634,3,4,3
RPM-2007-01-11:1057:1,3,de politica,0.04495274149930815,0.43472666606430455,0.01954215544244474,100,67,170
RPM-2007-01-11:1057:1,3,de politica cambios,0.04666962174661102,-0.09720170204970151,-0.004536366667786354,0,1,3
RPM-2007-01-11:1057:1,3,de politica cambios futuros,0.04666962174661102,-0.09720170204970151,-0.004536366667786354,0,1,3
RPM-2007-01-11:1057:1,3,de politica es,0.04416139679445681,0.3369659346118977,0.014880886344611004,5,0,1
RPM-2007-01-11:1057:1,3,de politica monetaria,0.04213829799631557,0.6406995975166214,0.02699799056627484,93,54,152
RPM-2007-01-11:1057:1,3,de politica monetaria el,0.0504716305193923,0.22016867294169074,0.01111227191265794,24,8,15
RPM-2007-01-11:1057:1,3,de politica monetaria en,0.020515168283422855,0.02412601001551229,0.0004949491554757799,70,33,63
RPM-2007-01-11:1057:1,3,de por,0.03954678251163194,-0.06558233400322673,-0.0025935702994308116,4,4,4
RPM-2007-01-11:1057:1,3,de sus,0.02743545164407938,-0.2795044930507266,-0.0076683320033961305,16,13,36
RPM-2007-01-11:1057:1,3,de sus implicancias,0.04316598993937719,0.18428804624328216,0.007954975950084996,6,0,1
RPM-2007-01-11:1057:1,3,de sus implicancias sobre,0.04316598993937719,0.18428804624328216,0.007954975950084996,6,0,1
RPM-2007-01-11:1057:1,3,de tendencia,0.029212681420533584,0.4691273666069259,0.013704468306341991,19,3,29
RPM-2007-01-11:1057:1,3,de tendencia inflacionaria,0.03899434624890763,0.18428290792093172,0.007185991519224374,6,0,7
RPM-2007-01-11:1057:1,3,debajo,0.02479924967411322,-0.16621848754381394,-0.00412209377305252,22,16,55
RPM-2007-01-11:1057:1,3,debajo de,0.026190150612056522,-0.17163880973154466,-0.004495246277743267,17,14,46
RPM-2007-01-11:1057:1,3,debajo de las,0.04316598993937719,0.024826921476533363,0.0010716786426817465,1,0,6
RPM-2007-01-11:1057:1,3,decir,0.02852830404620644,-0.22486719652876686,-0.006415079752590718,10,12,34
RPM-2007-01-11:1057:1,3,del,0.03247186224316877,0.021630438071549875,0.0007023806053187607,104,68,527
RPM-2007-01-11:1057:1,3,del ano,0.020881105712385405,0.011703055686255182,0.0002443727429426276,22,15,121
RPM-2007-01-11:1057:1,3,del ano pasado,0.027782234086404324,-0.15418812656339898,-0.004283690625528487,6,4,52
RPM-2007-01-11:1057:1,3,del aumento,0.03497640858535094,0.1676374035092454,0.00586335431932671,6,1,16
RPM-2007-01-11:1057:1,3,del aumento del,0.045310509676449305,0.19599069223171922,0.008880438156859311,3,0,2
RPM-2007-01-11:1057:1,3,del banco,0.037326890503078,0.21841945862410556,0.008152919215803564,45,25,65
RPM-2007-01-11:1057:1,3,del banco central,0.042398162430953124,0.16231211779442647,0.00688173553476009,33,17,40
RPM-2007-01-11:1057:1,3,del banco central de,0.048302617561991314,0.07738250988992998,0.0037377777812002983,21,10,25
RPM-2007-01-11:1057:1,3,del cobre,0.024190382572654743,-0.30943627888617176,-0.007485381968115182,24,15,62
RPM-2007-01-11:1057:1,3,del cobre han,0.04833304048492637,0.036866787880246235,0.0017818839511651342,2,0,1
RPM-2007-01-11:1057:1,3,del consumo,0.026996826419493917,-0.20240408369190005,-0.005464267914026945,10,8,51
RPM-2007-01-11:1057:1,3,del desempleo,0.045310509676449305,-0.07873594123114397,-0.0035675656270380924,0,1,4
RPM-2007-01-11:1057:1,3,del empleo,0.030804764894881386,-0.10490635204317925,-0.003231615510669796,4,3,34
RPM-2007-01-11:1057:1,3,del empleo asalariado,0.03954678251163194,-0.05698501084989479,-0.0022535738305037756,0,1,11
RPM-2007-01-11:1057:1,3,del petroleo,0.03496399464347212,0.3237322622509715,0.01131897308326208,45,19,99
RPM-2007-01-11:1057:1,3,del petroleo del,0.041502571201061836,0.04327684088919047,0.0017961001703606517,4,1,4
RPM-2007-01-11:1057:1,3,del petroleo del cobre,0.04316598993937719,0.11269501329572139,0.004864591810141088,4,0,3
RPM-2007-01-11:1057:1,3,del petroleo las,0.04416139679445681,0.010156538138518915,0.00044852691079316754,1,0,5
RPM-2007-01-11:1057:1,3,demanda,0.018326144066710914,0.012116093681551227,0.0002220412783338736,53,31,139
RPM-2007-01-11:1057:1,3,demanda interna,0.024190382572654743,0.0450970473435206,0.0010909148281368867,29,16,56
RPM-2007-01-11:1057:1,3,demanda interna en,0.03799893939382801,0.25194863726834094,0.009573780997917244,4,0,11
RPM-2007-01-11:1057:1,3,dependeran,0.04228797886797224,-0.22163394110482176,-0.009372451417866107,1,3,4
RPM-2007-01-11:1057:1,3,dependeran de,0.04316598993937719,-0.22824384703612624,-0.009852371604886171,1,3,3
RPM-2007-01-11:1057:1,3,desaceleracion,0.022325089418852494,-0.5001928773206096,-0.011166850712855725,19,21,90
RPM-2007-01-11:1057:1,3,desaceleracion de,0.02852830404620644,-0.17248610697623074,-0.0049207361035644,5,6,45
RPM-2007-01-11:1057:1,3,descendido,0.04666962174661102,0.042582864544329545,0.0019873261811710332,1,0,3
RPM-2007-01-11:1057:1,3,desde,0.03075022689817239,0.31583740427857854,0.009712071844496094,46,24,158
RPM-2007-01-11:1057:1,3,desempleo,0.02648252056317106,-0.13844784670500354,-0.003666447947292011,10,10,54
RPM-2007-01-11:1057:1,3,dinamismo,0.02210087768453229,0.5041908140366356,0.011143059510688448,38,17,79
RPM-2007-01-11:1057:1,3,dinamismo las,0.04833304048492637,-0.1346427241484202,-0.006507692237266368,0,2,1
RPM-2007-01-11:1057:1,3,disminucion,0.03135720115760571,0.05321265519292,0.0016685999330147043,6,2,30
RPM-2007-01-11:1057:1,3,disminucion de,0.03529366830315482,-0.1302482766550726,-0.004596939473321676,1,2,19
RPM-2007-01-11:1057:1,3,disminucion de la,0.0407920835436548,-0.009232979233867615,-0.00037663246026475763,0,0,10
RPM-2007-01-11:1057:1,3,disponible,0.030629357314946967,-0.11655573178954334,-0.003570027156087046,17,10,15
RPM-2007-01-11:1057:1,3,disponible sugiere,0.04833304048492637,-0.2136070343929734,-0.010324277441180644,1,2,0
RPM-2007-01-11:1057:1,3,disponible sugiere que,0.04833304048492637,-0.2136070343929734,-0.010324277441180644,1,2,0
RPM-2007-01-11:1057:1,3,dos,0.03220930098654949,-0.19468953100900138,-0.006270813703199086,36,27,140
RPM-2007-01-11:1057:1,3,dos anos,0.04703941131305189,0.3910765969566126,0.01839601289915072,13,1,48
RPM-2007-01-11:1057:1,3,dos anos el,0.08183495122494278,0.0653947935739037,0.00535157974248561,1,0,2
RPM-2007-01-11:1057:1,3,economia,0.01819420295510808,0.13493841365046386,0.002455096884396866,66,40,121
RPM-2007-01-11:1057:1,3,economia chilena,0.028145939301486414,0.11954008532790686,0.003364567985733773,24,12,23
RPM-2007-01-11:1057:1,3,economia chilena continua,0.045310509676449305,0.045543300453286625,0.0020635901558860815,2,0,3
RPM-2007-01-11:1057:1,3,efectos,0.020515168283422855,-0.44761280602980263,-0.009182852041516514,38,33,95
RPM-2007-01-11:1057:1,3,efectos de,0.025206699618718742,-0.19219958938683393,-0.004844717316515005,24,20,44
RPM-2007-01-11:1057:1,3,el consejo,0.060150605162591436,0.07968371815564351,0.004793023868667331,42,19,27
RPM-2007-01-11:1057:1,3,el consejo adopta,0.04316598993937719,0.023108822714205952,0.0009975152087922652,5,1,1
RPM-2007-01-11:1057:1,3,el consejo adopta el,0.04316598993937719,0.023108822714205952,0.0009975152087922652,5,1,1
RPM-2007-01-11:1057:1,3,el consejo del,0.05683168424445887,0.2600736956712739,0.014780426152679329,18,6,4
RPM-2007-01-11:1057:1,3,el consejo del banco,0.05683168424445887,0.2600736956712739,0.014780426152679329,18,6,4
RPM-2007-01-11:1057:1,3,el consejo reafirma,0.04228797886797224,0.16736904220058685,0.007077698519731171,4,1,3
RPM-2007-01-11:1057:1,3,el consejo reafirma su,0.04228797886797224,0.16736904220058685,0.007077698519731171,4,1,3
RPM-2007-01-11:1057:1,3,el corto,0.02648252056317106,-0.06662060702557038,-0.001764281595485606,18,14,42
RPM-2007-01-11:1057:1,3,el corto plazo,0.02689108736719856,-0.027413284461767634,-0.0007371730274832602,18,13,39
RPM-2007-01-11:1057:1,3,el corto plazo la,0.04416139679445681,-0.06001406777107972,-0.0026503050600880738,2,2,2
RPM-2007-01-11:1057:1,3,el crecimiento,0.021829775873944735,0.6784316141356879,0.014810010082380623,40,14,85
RPM-2007-01-11:1057:1,3,el crecimiento mundial,0.03899434624890763,0.28780848488235117,0.011222903712875898,5,0,8
RPM-2007-01-11:1057:1,3,el escenario,0.019436532299549985,0.07156372185824156,0.0013909505913737234,67,39,86
RPM-2007-01-11:1057:1,3,el escenario externo,0.034379731966082766,-0.21222265989072212,-0.00729615816417217,8,7,10
RPM-2007-01-11:1057:1,3,el escenario externo relevante,0.04833304048492637,0.025424503227091107,0.0012288435437841356,2,0,1
RPM-2007-01-11:1057:1,3,el horizonte,0.043559581606108476,-0.07219221581278878,-0.003144662716022968,37,21,24
RPM-2007-01-11:1057:1,3,el horizonte de,0.04744659271283365,-0.18132300126353584,-0.008603158590419607,24,16,20
RPM-2007-01-11:1057:1,3,el horizonte de politica,0.050211383593289693,-0.2184324258957637,-0.010967794325865017,22,15,11
RPM-2007-01-11:1057:1,3,el precio,0.022045862835582623,0.1412610520318612,0.003114221777104512,28,10,97
RPM-2007-01-11:1057:1,3,el precio del,0.02448860146733971,0.140899258261119,0.0034504257826003153,24,7,66
RPM-2007-01-11:1057:1,3,el precio del petroleo,0.02754926268221823,0.21381151165343382,0.005890349499022613,15,3,46
RPM-2007-01-11:1057:1,3,el siguiente,0.03306855882768249,0.2999711923962866,0.009919615022366665,18,6,6
RPM-2007-01-11:1057:1,3,el siguiente acuerdo,0.034379731966082766,0.38082543307834127,0.013092676315100762,17,4,4
RPM-2007-01-11:1057:1,3,elevado,0.029070687066411645,0.37746090916080877,0.010973047970017104,21,7,24
RPM-2007-01-11:1057:1,3,ello,0.02890738497055148,0.03201640544373953,0.0009255105575354387,58,35,171
RPM-2007-01-11:1057:1,3,ello se,0.026996826419493917,0.14607839931128613,0.003943653189844311,18,7,44
RPM-2007-01-11:1057:1,3,empleo,0.022382212136669053,0.2535427689810233,0.005674848041051737,26,9,94
RPM-2007-01-11:1057:1,3,empleo asalariado,0.03306855882768249,-0.049667983914264996,-0.0016424486479212597,4,1,25
RPM-2007-01-11:1057:1,3,en,0.03173230282052297,-0.33453806946848613,-0.010615663325367153,107,75,664
RPM-2007-01-11:1057:1,3,en el,0.029247692851208002,-0.19672633084895658,-0.005753791300415407,102,68,411
RPM-2007-01-11:1057:1,3,en el corto,0.02689108736719856,-0.056138960472464694,-0.0015096376907687548,17,13,40
RPM-2007-01-11:1057:1,3,en el corto plazo,0.027104086949128584,-0.053908162719667654,-0.0014611315296216441,17,13,38
RPM-2007-01-11:1057:1,3,en el horizonte,0.04535404100286379,0.007525129681773518,0.0003412950401390235,33,18,20
RPM-2007-01-11:1057:1,3,en el horizonte de,0.04946136918377234,-0.23854145303558125,-0.011798586874226375,20,15,16
RPM-2007-01-11:1057:1,3,en el precio,0.02852830404620644,-0.10851144000908555,-0.0030956473530708824,9,6,41
RPM-2007-01-11:1057:1,3,en el precio del,0.034379731966082766,-0.10697371514223006,-0.0036777276540059588,6,4,15
RPM-2007-01-11:1057:1,3,en ello,0.045310509676449305,-0.08412019787065428,-0.003811529039603111,1,2,2
RPM-2007-01-11:1057:1,3,en en,0.032602502189628554,-0.19060109305422523,-0.006214072553645974,8,7,17
RPM-2007-01-11:1057:1,3,en en el,0.03562503299810562,-0.14824023198533023,-0.005281063156124222,8,6,7
RPM-2007-01-11:1057:1,3,en en el horizonte,0.03754701447223016,-0.22711568086455367,-0.008527515756291803,7,6,3
RPM-2007-01-11:1057:1,3,en especial,0.030126617757605646,0.06185286570894934,0.0018634176424260304,10,6,29
RPM-2007-01-11:1057:1,3,en la,0.013892912897766162,-0.1408861600117911,-0.00195731914954456,82,54,269
RPM-2007-01-11:1057:1,3,en la tpm,0.03899434624890763,-0.5078900213242212,-0.019804839347881763,2,7,4
RPM-2007-01-11:1057:1,3,en las,0.018000569258030282,0.023387537381346156,0.00042098898640769366,49,35,149
RPM-2007-01-11:1057:1,3,en las ultimas,0.030804764894881386,-0.024111094911642435,-0.0007427366101113161,8,5,28
RPM-2007-01-11:1057:1,3,en las ultimas semanas,0.03382729570335845,-0.026448979668647885,-0.0008946974563034675,4,3,20
RPM-2007-01-11:1057:1,3,en los,0.015574715068821401,0.22335800399929095,0.0034787372706296276,69,42,212
RPM-2007-01-11:1057:1,3,en los ultimos,0.023695591068308704,-0.009518686380093098,-0.00022555089997016573,19,13,76
RPM-2007-01-11:1057:1,3,en los ultimos meses,0.029070687066411645,0.002580941278167403,7.502973623438906e-05,11,7,34
RPM-2007-01-11:1057:1,3,en merito,0.03562503299810562,0.4436793103425959,0.015806090071531723,14,3,4
RPM-2007-01-11:1057:1,3,en merito de,0.03562503299810562,0.4436793103425959,0.015806090071531723,14,3,4
RPM-2007-01-11:1057:1,3,en merito de lo,0.035971815440430564,0.44655390847589466,0.016063354779897804,14,3,3
RPM-2007-01-11:1057:1,3,en su,0.030423789855850404,0.03891566085065368,0.001183961887821832,62,39,133
RPM-2007-01-11:1057:1,3,en su reunion,0.05683168424445887,0.34386503215719194,0.019542428930268228,19,6,3
RPM-2007-01-11:1057:1,3,en su reunion mensual,0.05727459034610891,0.30981000700298567,0.017744241236221137,18,6,3
RPM-2007-01-11:1057:1,3,en torno,0.03535478526389952,0.3068199928136037,0.010847554960596154,40,20,98
RPM-2007-01-11:1057:1,3,en torno dos,0.07901853847807355,0.09947147183546295,0.00786009032470114,4,0,0
RPM-2007-01-11:1057:1,3,en torno dos anos,0.07901853847807355,0.09947147183546295,0.00786009032470114,4,0,0
RPM-2007-01-11:1057:1,3,entre,0.01991505879363668,-0.3467677134903988,-0.006905899401896252,24,25,131
RPM-2007-01-11:1057:1,3,es,0.011208426424649271,0.028950695658464407,0.0003244917422303114,92,66,423
RPM-2007-01-11:1057:1,3,es decir,0.032163876965043095,0.08474228539235279,0.002725640441096204,8,6,20
RPM-2007-01-11:1057:1,3,escenario,0.028439867495337137,0.3729141799535929,0.01060562986501249,81,43,150
RPM-2007-01-11:1057:1,3,escenario de,0.02504103773006403,0.44021681955882863,0.011023485987981417,31,12,47
RPM-2007-01-11:1057:1,3,escenario externo,0.031168470109963476,-0.14138646929856205,-0.0044067999422855,11,9,19
RPM-2007-01-11:1057:1,3,escenario externo relevante,0.04833304048492637,0.025424503227091107,0.0012288435437841356,2,0,1
RPM-2007-01-11:1057:1,3,escenario externo relevante para,0.04833304048492637,0.025424503227091107,0.0012288435437841356,2,0,1
RPM-2007-01-11:1057:1,3,especial,0.02754926268221823,0.10442765684392519,0.0028769049496818393,17,9,38
RPM-2007-01-11:1057:1,3,esperada,0.02743545164407938,0.07829947872846367,0.002148181562411387,18,10,37
RPM-2007-01-11:1057:1,3,esta,0.012325586929396615,0.022167687869748876,0.0002732297638623206,90,62,348
RPM-2007-01-11:1057:1,3,este,0.013911296330506046,-0.5181802331629544,-0.007208558776140575,73,56,275
RPM-2007-01-11:1057:1,3,expansion,0.02638378430913432,0.2836048071945561,0.007482568062054793,20,6,49
RPM-2007-01-11:1057:1,3,expansion de,0.032602502189628554,0.22440763543189757,0.007316250425537807,8,2,22
RPM-2007-01-11:1057:1,3,expansion de la,0.036335520655512654,0.2606029573498531,0.009469144139673272,7,1,11
RPM-2007-01-11:1057:1,3,expansion de la demanda,0.045310509676449305,0.06139124212740904,0.0027816684704632093,3,1,1
RPM-2007-01-11:1057:1,3,experimentando,0.04833304048492637,0.18540906780971492,0.00896138398071941,2,0,1
RPM-2007-01-11:1057:1,3,explicada,0.04228797886797224,-0.058459255437063165,-0.0024721237585599186,0,1,7
RPM-2007-01-11:1057:1,3,explicada por,0.04666962174661102,-0.014522202450374524,-0.0006777456952866867,0,0,4
RPM-2007-01-11:1057:1,3,externo,0.0232316071337849,0.13460674760630134,0.003127131077946134,42,23,50
RPM-2007-01-11:1057:1,3,externo relevante,0.04416139679445681,0.0973029211287476,0.004297032909226358,5,0,1
RPM-2007-01-11:1057:1,3,externo relevante para,0.04416139679445681,0.0973029211287476,0.004297032909226358,5,0,1
RPM-2007-01-11:1057:1,3,externo relevante para la,0.04416139679445681,0.0973029211287476,0.004297032909226358,5,0,1
RPM-2007-01-11:1057:1,3,factores,0.02609518782213381,-0.256416414224406,-0.0066912344898639375,14,15,49
RPM-2007-01-11:1057:1,3,favorable,0.029966300219662404,0.24242441418764304,0.007264562776122698,17,3,26
RPM-2007-01-11:1057:1,3,favorables,0.029357433118203918,-0.06657111724709348,-0.001954357122185658,13,6,31
RPM-2007-01-11:1057:1,3,financieras,0.04083474020705596,0.09505581811125965,0.0038815796377424526,28,18,56
RPM-2007-01-11:1057:1,3,financieras internacionales,0.0407920835436548,0.017615164361882603,0.0007185592562851258,0,0,10
RPM-2007-01-11:1057:1,3,financieras internas,0.03671788540023267,0.05684010380376932,0.002087048417604131,8,2,8
RPM-2007-01-11:1057:1,3,futuros,0.032831888848278826,-0.006647527894778125,-0.00021825089695718834,7,4,20
RPM-2007-01-11:1057:1,3,futuros en,0.041502571201061836,-0.11219964447356429,-0.004656573733497926,2,2,5
RPM-2007-01-11:1057:1,3,futuros en la,0.04316598993937719,-0.15975397259032614,-0.006895938373609557,1,2,4
RPM-2007-01-11:1057:1,3,futuros en la tpm,0.045310509676449305,-0.19850400170852098,-0.00899431749022785,0,2,3
RPM-2007-01-11:1057:1,3,han,0.02648769532317143,0.19924564905766917,0.00527755804670708,71,40,209
RPM-2007-01-11:1057:1,3,holguras,0.028145939301486414,0.15003345041709648,0.004222832388632169,24,10,25
RPM-2007-01-11:1057:1,3,horizonte,0.040004857305213685,0.28529361843874557,0.011413130495730096,50,24,35
RPM-2007-01-11:1057:1,3,horizonte de,0.0432590548192161,0.16316004073408946,0.007058149146421508,35,19,30
RPM-2007-01-11:1057:1,3,horizonte de politica,0.04786734929945097,-0.1916496602858077,-0.009173761232021873,25,18,15
RPM-2007-01-11:1057:1,3,horizonte de politica cambios,0.04666962174661102,-0.09720170204970151,-0.004536366667786354,0,1,3
RPM-2007-01-11:1057:1,3,implicancias,0.028145939301486414,0.1666490658519432,0.0046904944921182055,21,13,25
RPM-2007-01-11:1057:1,3,implicancias sobre,0.03754701447223016,0.3059795326556263,0.011488617940827022,11,3,2
RPM-2007-01-11:1057:1,3,implicancias sobre la,0.0407920835436548,0.2545996499410117,0.010385650190579016,8,1,1
RPM-2007-01-11:1057:1,3,implicancias sobre la inflacion,0.04316598993937719,0.18428804624328216,0.007954975950084996,6,0,1
RPM-2007-01-11:1057:1,3,incipiente,0.04416139679445681,0.12315038325850186,0.005438492940468132,2,0,4
RPM-2007-01-11:1057:1,3,indicadores,0.023493194612260092,0.060790102138423875,0.0014281537000371605,25,13,73
RPM-2007-01-11:1057:1,3,indicadores de,0.0272129133811318,0.28775105512798804,0.007830544538527221,21,7,39
RPM-2007-01-11:1057:1,3,inesperado,0.045310509676449305,0.06161860540458613,0.0027919704164338114,3,1,1
RPM-2007-01-11:1057:1,3,inflacion,0.040383215530422525,0.3503243943290032,0.014147225521752866,97,59,219
RPM-2007-01-11:1057:1,3,inflacion en,0.02512340849300935,-0.226864712691548,-0.005699614849598963,28,21,40
RPM-2007-01-11:1057:1,3,inflacion en el,0.0346721019171973,-0.19377575862774749,-0.006718612852223485,4,6,14
RPM-2007-01-11:1057:1,3,inflacion en el horizonte,0.045310509676449305,0.03930222517179095,0.0017808038539524234,2,2,1
RPM-2007-01-11:1057:1,3,inflacion para,0.03954678251163194,0.10924554788792315,0.004320309922687769,4,1,7
RPM-2007-01-11:1057:1,3,inflacion para los,0.04666962174661102,-0.04161145424523388,-0.0019419908299514765,1,1,2
RPM-2007-01-11:1057:1,3,inflacion para los proximos,0.04666962174661102,-0.04161145424523388,-0.0019419908299514765,1,1,2
RPM-2007-01-11:1057:1,3,inflacion proyectada,0.051569847115090224,0.2448509011566213,0.01262692353863903,24,8,11
RPM-2007-01-11:1057:1,3,inflacion proyectada se,0.03848004039258477,-0.3034215923204834,-0.011675675128474589,5,6,3
RPM-2007-01-11:1057:1,3,inflacion proyectada se ubique,0.03848004039258477,-0.3034215923204834,-0.011675675128474589,5,6,3
RPM-2007-01-11:1057:1,3,inflacion total,0.03954678251163194,-0.14438369310541002,-0.005709910509465862,2,3,7
RPM-2007-01-11:1057:1,3,inflacionaria,0.024263826301690255,0.5031797012407351,0.012209064869441592,41,10,49
RPM-2007-01-11:1057:1,3,inflacionaria siguen,0.04833304048492637,0.10178234573562754,0.004919450237090859,2,0,1
RPM-2007-01-11:1057:1,3,influido,0.041502571201061836,0.1333286910072625,0.005533483491673284,2,0,7
RPM-2007-01-11:1057:1,3,informacion,0.046381173499110265,-0.31378915394785384,-0.01455390919139443,32,23,79
RPM-2007-01-11:1057:1,3,informacion acumulada,0.04228797886797224,-0.11972953570141967,-0.005063120075613763,0,1,7
RPM-2007-01-11:1057:1,3,informacion acumulada en,0.04666962174661102,-0.014539438138573127,-0.000678550078335458,0,0,4
RPM-2007-01-11:1057:1,3,informacion disponible,0.033312989847035596,-0.15561150968253745,-0.005183884642136251,14,8,7
RPM-2007-01-11:1057:1,3,informacion disponible sugiere,0.04833304048492637,-0.2136070343929734,-0.010324277441180644,1,2,0
RPM-2007-01-11:1057:1,3,informacion disponible sugiere que,0.04833304048492637,-0.2136070343929734,-0.010324277441180644,1,2,0
RPM-2007-01-11:1057:1,3,informacion que,0.03382729570335845,-0.020108596792030572,-0.0006802194498636233,11,6,10
RPM-2007-01-11:1057:1,3,informacion que se,0.03848004039258477,0.03718871063847243,0.001431023087516566,7,3,4
RPM-2007-01-11:1057:1,3,informacion que se acumule,0.04228797886797224,0.17781428852335318,0.007519406875499078,6,0,2
RPM-2007-01-11:1057:1,3,interes,0.04062846514004227,-0.24068757001263202,-0.009778766547899704,54,39,101
RPM-2007-01-11:1057:1,3,interes de,0.051233255667876766,0.1829129075132053,0.009371223755578743,32,16,50
RPM-2007-01-11:1057:1,3,interes de politica,0.04946136918377234,0.2623307428857623,0.01297523772212595,26,9,16
RPM-2007-01-11:1057:1,3,interes de politica monetaria,0.05186000998016559,0.19713693792677342,0.010223523568341754,21,9,12
RPM-2007-01-11:1057:1,3,interna,0.03819105879967194,0.081894470499093,0.0031276365381988597,34,20,72
RPM-2007-01-11:1057:1,3,interna en,0.03497640858535094,0.1733484614990766,0.00606310661703368,5,1,17
RPM-2007-01-11:1057:1,3,internacionales,0.02590881615991976,0.20868702161739902,0.005406833678046392,26,12,42
RPM-2007-01-11:1057:1,3,internacionales se,0.045310509676449305,0.07510861022148671,0.003403209410225333,3,0,2
RPM-2007-01-11:1057:1,3,internas,0.026996826419493917,0.049939086484564896,0.0013481968493718932,25,12,32
RPM-2007-01-11:1057:1,3,justifica,0.03799893939382801,0.1955848175440505,0.007432015628209283,7,3,5
RPM-2007-01-11:1057:1,3,la,0.0337714657027964,-0.15503265431294166,-0.005235679967942999,107,75,671
RPM-2007-01-11:1057:1,3,la actividad,0.019592652732378084,-0.29660878488905484,-0.005811352919703884,53,37,98
RPM-2007-01-11:1057:1,3,la actividad interna,0.03799893939382801,-0.1306820049834823,-0.004965777587231274,3,4,8
RPM-2007-01-11:1057:1,3,la caida,0.026190150612056522,-0.23086090662757305,-0.006046281915012056,8,9,60
RPM-2007-01-11:1057:1,3,la caida en,0.0346721019171973,-0.11974895452215586,-0.004151947955670013,3,3,18
RPM-2007-01-11:1057:1,3,la caida en el,0.041502571201061836,-0.038554680048310766,-0.0016001183538391758,1,1,7
RPM-2007-01-11:1057:1,3,la convergencia,0.033565708224883264,0.2801598109779436,0.009403762471624102,14,5,9
RPM-2007-01-11:1057:1,3,la convergencia de,0.03529366830315482,0.26256416774256036,0.009266852644599827,12,4,6
RPM-2007-01-11:1057:1,3,la convergencia de la,0.03562503299810562,0.26337195656887635,0.00938263464354186,12,4,5
RPM-2007-01-11:1057:1,3,la demanda,0.01975211289172494,0.03558325938736668,0.0007028445564747979,45,28,111
RPM-2007-01-11:1057:1,3,la demanda interna,0.02479924967411322,0.07092280206899275,0.0017588322760966647,28,15,50
RPM-2007-01-11:1057:1,3,la demanda interna en,0.03848004039258477,0.19142756353653811,0.0073661403771400746,3,0,11
RPM-2007-01-11:1057:1,3,la desaceleracion,0.02790150828213331,-0.22622682215320683,-0.0063120695519484,8,9,44
RPM-2007-01-11:1057:1,3,la desaceleracion de,0.031168470109963476,-0.1847231303305911,-0.005757537366327916,3,6,30
RPM-2007-01-11:1057:1,3,la economia,0.019321550921790533,0.09184682266565325,0.0017746230611390842,64,37,94
RPM-2007-01-11:1057:1,3,la economia chilena,0.028145939301486414,0.11954008532790686,0.003364567985733773,24,12,23
RPM-2007-01-11:1057:1,3,la economia chilena continua,0.045310509676449305,0.045543300453286625,0.0020635901558860815,2,0,3
RPM-2007-01-11:1057:1,3,la esperada,0.03562503299810562,-0.17977273432068822,-0.006404409592334193,4,6,11
RPM-2007-01-11:1057:1,3,la inflacion,0.03835788007787053,0.02695448500906089,0.0010339169035383166,92,56,154
RPM-2007-01-11:1057:1,3,la inflacion en,0.029212681420533584,-0.55797128167998,-0.016299837293524064,13,17,21
RPM-2007-01-11:1057:1,3,la inflacion en el,0.03799893939382801,-0.29526360106989,-0.01121970368225816,2,5,8
RPM-2007-01-11:1057:1,3,la inflacion proyectada,0.05342020707851982,0.18403664488824828,0.00983127567996624,21,8,8
RPM-2007-01-11:1057:1,3,la inflacion proyectada se,0.03848004039258477,-0.3034215923204834,-0.011675675128474589,5,6,3
RPM-2007-01-11:1057:1,3,la informacion,0.043408423766573084,-0.42419242594738304,-0.018413524584094676,18,16,49
RPM-2007-01-11:1057:1,3,la informacion acumulada,0.04228797886797224,-0.11972953570141967,-0.005063120075613763,0,1,7
RPM-2007-01-11:1057:1,3,la informacion acumulada en,0.04666962174661102,-0.014539438138573127,-0.000678550078335458,0,0,4
RPM-2007-01-11:1057:1,3,la informacion disponible,0.034379731966082766,-0.13758613858739172,-0.004730174566882845,13,7,5
RPM-2007-01-11:1057:1,3,la informacion disponible sugiere,0.04833304048492637,-0.2136070343929734,-0.010324277441180644,1,2,0
RPM-2007-01-11:1057:1,3,la nueva,0.03497640858535094,0.057552956882468975,0.0020129957352163206,7,2,14
RPM-2007-01-11:1057:1,3,la nueva informacion,0.04014345913090012,0.0623318745210271,0.002502217057387246,7,2,2
RPM-2007-01-11:1057:1,3,la nueva informacion que,0.041502571201061836,0.16929553959505664,0.007026200186066022,7,1,1
RPM-2007-01-11:1057:1,3,la politica,0.01975211289172494,-0.04016751605605229,-0.0007933933117193189,66,42,76
RPM-2007-01-11:1057:1,3,la politica monetaria,0.02055994005883689,-0.06940515017090415,-0.0014269657272883622,63,40,62
RPM-2007-01-11:1057:1,3,la politica monetaria de,0.03848004039258477,-0.13840732209259352,-0.005325919344752489,7,4,3
RPM-2007-01-11:1057:1,3,la reduccion,0.03237996392668098,-0.1113845876458582,-0.0036066289299611243,7,6,20
RPM-2007-01-11:1057:1,3,la reduccion del,0.04416139679445681,0.13752981364326722,0.006073508671368024,3,0,3
RPM-2007-01-11:1057:1,3,la tasa,0.03134420860924616,-0.1270249036449953,-0.003981495078418125,99,68,185
RPM-2007-01-11:1057:1,3,la tasa de,0.033630686162579575,0.19817083862906726,0.006664621280509362,95,57,152
RPM-2007-01-11:1057:1,3,la tasa de interes,0.051878462967288735,-0.12343970657326736,-0.006403862246154238,35,22,37
RPM-2007-01-11:1057:1,3,la tpm,0.024642307494252585,-0.41159141459947335,-0.010142562200554626,26,29,40
RPM-2007-01-11:1057:1,3,las,0.03262371512364581,0.032649273124126604,0.001065140585395612,103,68,460
RPM-2007-01-11:1057:1,3,las condiciones,0.03966524411476684,-0.40283271727912917,-0.015978458068291512,32,24,56
RPM-2007-01-11:1057:1,3,las condiciones financieras,0.048985028549342606,0.006693422764640251,0.00032787750521872245,19,9,25
RPM-2007-01-11:1057:1,3,las condiciones financieras internacionales,0.04316598993937719,0.014991439492089975,0.0006471203262923377,0,0,7
RPM-2007-01-11:1057:1,3,las condiciones financieras internas,0.03848004039258477,0.1426615262103898,0.00548962129104359,8,1,5
RPM-2007-01-11:1057:1,3,las holguras,0.032602502189628554,-0.05605095005417532,-0.0018274012218720116,13,7,12
RPM-2007-01-11:1057:1,3,las mayores,0.03848004039258477,0.12239499478352917,0.0047097643431204044,5,0,9
RPM-2007-01-11:1057:1,3,las medidas,0.02638378430913432,0.2718480558572976,0.0071723804705964385,26,8,41
RPM-2007-01-11:1057:1,3,las medidas de,0.030290459038558527,0.20584889376636373,0.006235257484762626,17,4,23
RPM-2007-01-11:1057:1,3,las medidas de inflacion,0.03848004039258477,0.09799976571222266,0.003771034943070172,8,2,4
RPM-2007-01-11:1057:1,3,las proyecciones,0.02131547001762188,0.48444812392699366,0.010326239460659001,39,17,93
RPM-2007-01-11:1057:1,3,las proyecciones previas,0.04666962174661102,-0.10654207602124244,-0.00497227838801006,1,1,2
RPM-2007-01-11:1057:1,3,las ultimas,0.027104086949128584,0.06349191020500451,0.0017208902547627067,15,9,44
RPM-2007-01-11:1057:1,3,las ultimas semanas,0.03174963272113865,-0.07543916397573806,-0.002395165749019437,6,4,26
RPM-2007-01-11:1057:1,3,lo,0.010407664523272221,-0.13511654115323812,-0.0014062476318678074,101,68,478
RPM-2007-01-11:1057:1,3,lo anterior,0.021724036821649386,0.5548336174682952,0.012053225935770174,56,26,59
RPM-2007-01-11:1057:1,3,lo anterior el,0.03195387777687388,0.569029854143771,0.01818271041070243,24,5,6
RPM-2007-01-11:1057:1,3,lo anterior el consejo,0.03671788540023267,0.4853806686382418,0.01782215176654727,15,1,2
RPM-2007-01-11:1057:1,3,lograr,0.041502571201061836,-0.11441106240886761,-0.004748353263813157,3,3,3
RPM-2007-01-11:1057:1,3,los,0.02088188062131519,0.2849927642833305,0.005951184881703126,102,67,519
RPM-2007-01-11:1057:1,3,los precios,0.01891450559510234,0.15606234129082966,0.0029518420275301688,57,29,120
RPM-2007-01-11:1057:1,3,los precios del,0.03899434624890763,0.11961872475328147,0.0046644539708822355,8,1,4
RPM-2007-01-11:1057:1,3,los precios del petroleo,0.045310509676449305,0.10012470610387023,0.004536701464771055,3,0,2
RPM-2007-01-11:1057:1,3,los proximos,0.022917025511284873,-0.03456472286866169,-0.0007921206357716116,30,21,69
RPM-2007-01-11:1057:1,3,los proximos trimestres,0.034098397513946,-0.46359964281514254,-0.01580800490803411,4,8,14
RPM-2007-01-11:1057:1,3,los ultimos,0.021568188395469548,-0.24430614939065692,-0.005269241056229416,24,20,100
RPM-2007-01-11:1057:1,3,los ultimos meses,0.027323352115119916,0.11178954382967711,0.003054465068846899,14,8,44
RPM-2007-01-11:1057:1,3,luego,0.026190150612056522,-0.20640822647514084,-0.005405862538951411,12,9,56
RPM-2007-01-11:1057:1,3,manera,0.036174653218857655,-0.04985724840309662,-0.0018035686714284649,33,23,92
RPM-2007-01-11:1057:1,3,manera de,0.0346721019171973,0.4577801619452522,0.01587220043063687,14,0,10
RPM-2007-01-11:1057:1,3,manera de asegurar,0.04833304048492637,0.11217220590373396,0.00542162376922867,3,0,0
RPM-2007-01-11:1057:1,3,manera que,0.034098397513946,-0.08611927114597925,-0.0029365291411469004,8,7,11
RPM-2007-01-11:1057:1,3,manera que la,0.0407920835436548,-0.18536604704720502,-0.007561467277306634,3,4,3
RPM-2007-01-11:1057:1,3,manera que la inflacion,0.04228797886797224,-0.1952609723707177,-0.008257191873352622,2,3,3
RPM-2007-01-11:1057:1,3,mantienen,0.02448860146733971,0.3864545412531107,0.00946373124599102,34,10,53
RPM-2007-01-11:1057:1,3,mas,0.012178260430642105,0.2915186267857217,0.0035501897573796785,96,61,353
RPM-2007-01-11:1057:1,3,mas rapida,0.03671788540023267,0.024147605302186882,0.0008866490041757488,6,5,7
RPM-2007-01-11:1057:1,3,mas rapida que,0.04416139679445681,-0.25510193309412366,-0.011265657690402569,0,3,3
RPM-2007-01-11:1057:1,3,mas rapida que la,0.04666962174661102,-0.27222503157840644,-0.012704639253723468,0,3,1
RPM-2007-01-11:1057:1,3,mayores,0.022212140618664764,0.4254940739210978,0.009451134202343963,32,16,84
RPM-2007-01-11:1057:1,3,medidas,0.022045862835582623,0.08089633175974154,0.0017834294338770482,40,18,77
RPM-2007-01-11:1057:1,3,medidas de,0.0267868272313247,0.3723605280910387,0.009974357133739483,28,7,36
RPM-2007-01-11:1057:1,3,medidas de inflacion,0.03562503299810562,0.2387660217708253,0.008506047404412055,13,3,5
RPM-2007-01-11:1057:1,3,menor,0.01975211289172494,-0.2227477475860363,-0.00439973865669684,34,25,125
RPM-2007-01-11:1057:1,3,menor crecimiento,0.034098397513946,-0.31988152875830334,-0.010907447524969376,4,7,15
RPM-2007-01-11:1057:1,3,menor crecimiento del,0.045310509676449305,-0.10613229333891182,-0.00480890830431652,0,1,4
RPM-2007-01-11:1057:1,3,mensual,0.045179948191100286,0.506349256432393,0.02287683317221767,27,7,38
RPM-2007-01-11:1057:1,3,mensual de,0.0504716305193923,0.3705959717164101,0.018704582956445812,21,7,19
RPM-2007-01-11:1057:1,3,mensual de politica,0.05727459034610891,0.30981000700298567,0.017744241236221137,18,6,3
RPM-2007-01-11:1057:1,3,mensual de politica monetaria,0.05727459034610891,0.30981000700298567,0.017744241236221137,18,6,3
RPM-2007-01-11:1057:1,3,merito,0.03562503299810562,0.4436793103425959,0.015806090071531723,14,3,4
RPM-2007-01-11:1057:1,3,merito de,0.03562503299810562,0.4436793103425959,0.015806090071531723,14,3,4
RPM-2007-01-11:1057:1,3,merito de lo,0.035971815440430564,0.44655390847589466,0.016063354779897804,14,3,3
RPM-2007-01-11:1057:1,3,merito de lo anterior,0.03848004039258477,0.323465727200764,0.012446974248302205,11,1,2
RPM-2007-01-11:1057:1,3,meses,0.016123612533379048,0.17153156983627543,0.002765708569282354,70,43,187
RPM-2007-01-11:1057:1,3,mientras,0.020695891757612425,-0.1739804293739533,-0.003600680134266271,27,19,116
RPM-2007-01-11:1057:1,3,mientras que,0.022978888755937232,-0.17542969951252219,-0.004031179549585743,20,14,85
RPM-2007-01-11:1057:1,3,mientras que las,0.03562503299810562,-0.39006141454337384,-0.013895950764395449,2,5,14
RPM-2007-01-11:1057:1,3,monetaria,0.04134607806054158,0.450843449709461,0.018640608464771228,104,67,187
RPM-2007-01-11:1057:1,3,monetaria de,0.0272129133811318,0.6732342575626945,0.018320665536264182,32,6,29
RPM-2007-01-11:1057:1,3,monetaria de manera,0.041502571201061836,0.09570856854270159,0.0039721516804951795,7,1,1
RPM-2007-01-11:1057:1,3,monetaria de manera que,0.04833304048492637,-0.08308278280739378,-0.004015643505030108,1,1,1
RPM-2007-01-11:1057:1,3,monetaria el,0.050211383593289693,0.262581414116423,0.013184576108668168,25,8,15
RPM-2007-01-11:1057:1,3,monetaria el consejo,0.05445817759923969,0.08327304675643112,0.004534898369491516,20,8,6
RPM-2007-01-11:1057:1,3,monetaria el consejo del,0.05727459034610891,0.26200077689022727,0.015005987166750046,18,6,3
RPM-2007-01-11:1057:1,3,monetaria en,0.01947525694870341,0.04297438931644415,0.0008369372741513645,78,38,75
RPM-2007-01-11:1057:1,3,monetaria en su,0.030126617757605646,0.24192667944847432,0.007288432597110975,21,9,15
RPM-2007-01-11:1057:1,3,monetaria en su reunion,0.035971815440430564,0.28081040290250203,0.01010125998696175,14,3,3
RPM-2007-01-11:1057:1,3,muestran,0.023560051367112412,0.1793037372000488,0.004224405258748375,30,16,64
RPM-2007-01-11:1057:1,3,muestran una,0.03848004039258477,-0.07871558005265605,-0.003028978699951945,5,4,5
RPM-2007-01-11:1057:1,3,mundial,0.024959567212056468,0.29884225386687396,0.0074589733211926825,30,14,47
RPM-2007-01-11:1057:1,3,mundial sigue,0.04833304048492637,0.02568201505272589,0.0012412898732778888,1,0,2
RPM-2007-01-11:1057:1,3,normalizacion,0.023695591068308704,0.39642133061245055,0.009393437740947435,50,21,37
RPM-2007-01-11:1057:1,3,nueva,0.029655652012888892,-0.2498653810743932,-0.00740992079121008,9,8,31
RPM-2007-01-11:1057:1,3,nueva informacion,0.03799893939382801,0.03315120456749444,0.0012597106131926154,8,3,4
RPM-2007-01-11:1057:1,3,nueva informacion que,0.0407920835436548,0.1637684766811279,0.006680457382593653,7,1,2
RPM-2007-01-11:1057:1,3,nueva informacion que se,0.0407920835436548,0.1637684766811279,0.006680457382593653,7,1,2
RPM-2007-01-11:1057:1,3,objetivo,0.03306855882768249,0.3042245166216973,0.010060266324727866,17,6,7
RPM-2007-01-11:1057:1,3,observa,0.025206699618718742,0.06141857449806622,0.0015481595583826543,8,6,74
RPM-2007-01-11:1057:1,3,otros,0.022439775960920724,0.18182724448552856,0.004080162629846819,33,14,81
RPM-2007-01-11:1057:1,3,otros indicadores,0.04316598993937719,0.02833687206669886,0.0012231891345445415,3,1,3
RPM-2007-01-11:1057:1,3,para,0.028991427467685342,0.0737629749380701,0.002138493937717751,97,62,353
RPM-2007-01-11:1057:1,3,para la,0.02199125102943796,-0.030545077577232183,-0.0006717244687145695,43,23,70
RPM-2007-01-11:1057:1,3,para la economia,0.03497640858535094,-0.0006161557787643275,-2.155091627028622e-05,10,4,9
RPM-2007-01-11:1057:1,3,para la economia chilena,0.03754701447223016,0.047335907090095254,0.0017773219885679487,8,2,6
RPM-2007-01-11:1057:1,3,para lograr,0.045310509676449305,-0.09109476799595875,-0.004127550366754794,2,2,1
RPM-2007-01-11:1057:1,3,para los,0.02852830404620644,0.34999810828200273,0.009984852448666058,18,6,32
RPM-2007-01-11:1057:1,3,para los proximos,0.033312989847035596,0.26996667557075327,0.008993397122326456,10,2,17
RPM-2007-01-11:1057:1,3,para los proximos trimestres,0.04228797886797224,0.17499200175346025,0.007400058072214488,3,0,5
RPM-2007-01-11:1057:1,3,para luego,0.04416139679445681,-0.14851329372589445,-0.006558554493480938,1,3,2
RPM-2007-01-11:1057:1,3,parcial,0.04416139679445681,-0.03947136319276771,-0.0017431105319739323,1,2,3
RPM-2007-01-11:1057:1,3,parte,0.016933827138983108,0.2893300303121298,0.004899464719422349,60,34,175
RPM-2007-01-11:1057:1,3,parte los,0.03799893939382801,0.07117336644856603,0.0027045124381337724,3,1,11
RPM-2007-01-11:1057:1,3,pasado,0.021265938418789314,0.09289726757324789,0.001975547571486483,28,13,109
RPM-2007-01-11:1057:1,3,permanecen,0.03562503299810562,-0.2579147158365894,-0.009188220262375533,6,7,8
RPM-2007-01-11:1057:1,3,pesar,0.04589120839956867,-0.12667209231254375,-0.005813135386724347,19,13,36
RPM-2007-01-11:1057:1,3,pesar de,0.04995639454218236,-0.207296300699714,-0.010355775784889786,12,11,26
RPM-2007-01-11:1057:1,3,pesar de la,0.06515237189853772,-0.04533706918776714,-0.00295381759251114,4,3,7
RPM-2007-01-11:1057:1,3,petroleo,0.03371912564713149,0.33659833782706544,0.011349801645806432,47,19,114
RPM-2007-01-11:1057:1,3,petroleo del,0.041502571201061836,0.04327684088919047,0.0017961001703606517,4,1,4
RPM-2007-01-11:1057:1,3,petroleo del cobre,0.04316598993937719,0.11269501329572139,0.004864591810141088,4,0,3
RPM-2007-01-11:1057:1,3,petroleo del cobre han,0.04833304048492637,0.036866787880246235,0.0017818839511651342,2,0,1
RPM-2007-01-11:1057:1,3,petroleo las,0.04416139679445681,0.010156538138518915,0.00044852691079316754,1,0,5
RPM-2007-01-11:1057:1,3,plazo,0.0174186102707849,-0.16964159559606307,-0.0029549208394019223,61,39,152
RPM-2007-01-11:1057:1,3,plazo la,0.03562503299810562,-0.07947000768073502,-0.002831121645985892,4,3,14
RPM-2007-01-11:1057:1,3,plazo la inflacion,0.04316598993937719,-0.123487415166639,-0.005330456520722833,1,2,4
RPM-2007-01-11:1057:1,3,politica,0.043412944457592466,0.3372029082665585,0.014638971127514753,106,69,219
RPM-2007-01-11:1057:1,3,politica cambios,0.04666962174661102,-0.09720170204970151,-0.004536366667786354,0,1,3
RPM-2007-01-11:1057:1,3,politica cambios futuros,0.04666962174661102,-0.09720170204970151,-0.004536366667786354,0,1,3
RPM-2007-01-11:1057:1,3,politica cambios futuros en,0.04666962174661102,-0.09720170204970151,-0.004536366667786354,0,1,3
RPM-2007-01-11:1057:1,3,politica es,0.04416139679445681,0.3369659346118977,0.014880886344611004,5,0,1
RPM-2007-01-11:1057:1,3,politica monetaria,0.04169683541015481,0.5290221726298816,0.022058550460470675,104,66,182
RPM-2007-01-11:1057:1,3,politica monetaria de,0.027323352115119916,0.6746633592278455,0.01843406452335206,32,6,28
RPM-2007-01-11:1057:1,3,politica monetaria de manera,0.041502571201061836,0.09570856854270159,0.0039721516804951795,7,1,1
RPM-2007-01-11:1057:1,3,politica monetaria el,0.050211383593289693,0.262581414116423,0.013184576108668168,25,8,15
RPM-2007-01-11:1057:1,3,politica monetaria el consejo,0.05445817759923969,0.08327304675643112,0.004534898369491516,20,8,6
RPM-2007-01-11:1057:1,3,politica monetaria en,0.01975211289172494,0.00846069904366431,0.0001671166826533667,77,38,69
RPM-2007-01-11:1057:1,3,politica monetaria en su,0.030290459038558527,0.24440627375858606,0.007403178224051172,21,9,14
RPM-2007-01-11:1057:1,3,por,0.029055695985394116,-0.24658146594531455,-0.007164596110139872,102,74,471
RPM-2007-01-11:1057:1,3,por algunos,0.03799893939382801,0.0649665071495643,0.0024686583678049877,5,3,7
RPM-2007-01-11:1057:1,3,por debajo,0.02512340849300935,-0.0942523952156413,-0.0023679414264471165,22,15,52
RPM-2007-01-11:1057:1,3,por debajo de,0.02648252056317106,-0.0812101089057046,-0.0021506483790326835,17,13,44
RPM-2007-01-11:1057:1,3,por debajo de las,0.04316598993937719,0.024826921476533363,0.0010716786426817465,1,0,6
RPM-2007-01-11:1057:1,3,por efectos,0.04833304048492637,0.006972402235810192,0.00033699739954060515,0,0,3
RPM-2007-01-11:1057:1,3,por factores,0.04014345913090012,-0.20842997871005575,-0.008367100332001507,1,4,6
RPM-2007-01-11:1057:1,3,por su,0.024263826301690255,-0.23222004395549534,-0.005634546810307015,21,15,64
RPM-2007-01-11:1057:1,3,por su parte,0.025462306769397786,-0.11687011360391183,-0.0029757826847571726,19,11,55
RPM-2007-01-11:1057:1,3,por su parte los,0.04833304048492637,0.029496010487155718,0.0014256318690195101,1,0,2
RPM-2007-01-11:1057:1,3,por varios,0.037120928322423065,-0.3705023910918952,-0.013753392703008599,3,7,7
RPM-2007-01-11:1057:1,3,por varios trimestres,0.04666962174661102,-0.2104029143531597,-0.009819424427246558,0,2,2
RPM-2007-01-11:1057:1,3,precio,0.01819420295510808,0.27607782441617496,0.00502301596883258,49,21,157
RPM-2007-01-11:1057:1,3,precio del,0.020881105712385405,0.18078304507122667,0.0037749498751392194,38,14,106
RPM-2007-01-11:1057:1,3,precio del petroleo,0.023695591068308704,0.41553578348995784,0.009846365999827305,29,8,71
RPM-2007-01-11:1057:1,3,precios,0.016636149620397583,0.7527090251001112,0.01252217996218905,76,35,169
RPM-2007-01-11:1057:1,3,precios del,0.034098397513946,0.33260537934183265,0.011341310440074612,12,1,13
RPM-2007-01-11:1057:1,3,precios del petroleo,0.03799893939382801,0.2414478762575999,0.009174763216681023,6,0,9
RPM-2007-01-11:1057:1,3,precios del petroleo del,0.04666962174661102,0.059313268115328874,0.0027681277874977224,3,0,1
RPM-2007-01-11:1057:1,3,presiones,0.024117655379227804,-0.2554877564727733,-0.006161765664222423,31,22,49
RPM-2007-01-11:1057:1,3,presiones de,0.036335520655512654,0.3325803544805431,0.012084480339845494,10,1,8
RPM-2007-01-11:1057:1,3,presiones de costo,0.04833304048492637,0.11533209016499482,0.005574350583155873,2,0,1
RPM-2007-01-11:1057:1,3,previas,0.036335520655512654,-0.07749895069004531,-0.002815964723578698,5,3,11
RPM-2007-01-11:1057:1,3,previas en,0.04833304048492637,0.11898930945556926,0.0057511151111894615,2,0,1
RPM-2007-01-11:1057:1,3,proxima,0.0346721019171973,0.369544796336113,0.01281289484153563,11,3,10
RPM-2007-01-11:1057:1,3,proximos,0.022855671434912347,-0.0354380944311882,-0.0008099614425986345,30,21,70
RPM-2007-01-11:1057:1,3,proximos trimestres,0.034098397513946,-0.46359964281514254,-0.01580800490803411,4,8,14
RPM-2007-01-11:1057:1,3,proyecciones,0.019514183816262534,0.35561622332635157,0.006939560350035493,53,26,111
RPM-2007-01-11:1057:1,3,proyecciones previas,0.04228797886797224,-0.09479323088570736,-0.004008614144521606,2,1,5
RPM-2007-01-11:1057:1,3,proyecta,0.0346721019171973,-0.1734011411533699,-0.006012182038627956,4,4,16
RPM-2007-01-11:1057:1,3,proyecta que,0.03899434624890763,-0.03300792494998487,-0.0012871224544576672,3,2,8
RPM-2007-01-11:1057:1,3,proyectada,0.04765521777252308,0.20479000843950843,0.009759312449821613,27,10,22
RPM-2007-01-11:1057:1,3,proyectada se,0.03799893939382801,-0.30518783397441573,-0.011596814006927468,5,6,4
RPM-2007-01-11:1057:1,3,proyectada se ubique,0.03848004039258477,-0.3034215923204834,-0.011675675128474589,5,6,3
RPM-2007-01-11:1057:1,3,proyectada se ubique en,0.03848004039258477,-0.3034215923204834,-0.011675675128474589,5,6,3
RPM-2007-01-11:1057:1,3,puntuales,0.032602502189628554,-0.05223669097602339,-0.0017030468319247528,11,7,14
RPM-2007-01-11:1057:1,3,que en,0.013622466858298286,-0.534634553969044,-0.007283041492744388,82,61,277
RPM-2007-01-11:1057:1,3,que en el,0.02060498236021484,-0.2096431414934557,-0.004319693232412679,39,28,97
RPM-2007-01-11:1057:1,3,que en el corto,0.04228797886797224,-0.06281975428248165,-0.0026565204415887928,1,2,5
RPM-2007-01-11:1057:1,3,que justifica,0.04833304048492637,0.015284500572011948,0.0007387463849389338,1,1,1
RPM-2007-01-11:1057:1,3,que la,0.021702095718328044,0.4227683574547294,0.009174959360162863,98,64,306
RPM-2007-01-11:1057:1,3,que la esperada,0.04416139679445681,0.026422997645870434,0.0011668764835382824,1,1,4
RPM-2007-01-11:1057:1,3,que la inflacion,0.022212140618664764,0.059731509731904275,0.0013267646935302005,49,32,51
RPM-2007-01-11:1057:1,3,que la inflacion proyectada,0.03562503299810562,-0.15096730366975947,-0.0053782151748702125,10,7,4
RPM-2007-01-11:1057:1,3,que las,0.01629902011331347,-0.19115982355241748,-0.0031157178089383066,59,44,190
RPM-2007-01-11:1057:1,3,que las condiciones,0.03382729570335845,0.04825321116011904,0.0016322756425499428,5,3,19
RPM-2007-01-11:1057:1,3,que las condiciones financieras,0.04014345913090012,0.025041136541412896,0.0010052378413414982,2,1,8
RPM-2007-01-11:1057:1,3,que se,0.011602935312481046,-0.165654835096079,-0.0019220823358195196,85,63,403
RPM-2007-01-11:1057:1,3,que se acumule,0.041502571201061836,0.17688637618601466,0.007341239422157882,6,0,3
RPM-2007-01-11:1057:1,3,que se acumule de,0.04316598993937719,0.18428804624328216,0.007954975950084996,6,0,1
RPM-2007-01-11:1057:1,3,que si,0.02047066380378303,0.14144213281510584,0.002895414348548059,30,22,115
RPM-2007-01-11:1057:1,3,que si bien,0.025462306769397786,0.421477507852353,0.010731789601337876,23,13,49
RPM-2007-01-11:1057:1,3,que si bien la,0.03848004039258477,0.4849160999816247,0.018659591114307594,8,0,6
RPM-2007-01-11:1057:1,3,rapida,0.03306855882768249,-0.14440484441995002,-0.004775260092703455,8,9,13
RPM-2007-01-11:1057:1,3,rapida que,0.04316598993937719,-0.22377769574174905,-0.00965958576304535,1,3,3
RPM-2007-01-11:1057:1,3,rapida que la,0.04666962174661102,-0.27222503157840644,-0.012704639253723468,0,3,1
RPM-2007-01-11:1057:1,3,reafirma,0.03529366830315482,0.10120980047880361,0.0035720651271273747,7,5,10
RPM-2007-01-11:1057:1,3,reafirma su,0.0407920835436548,-0.010216365561150489,-0.0004167468374829685,4,3,3
RPM-2007-01-11:1057:1,3,reafirma su compromiso,0.0407920835436548,-0.010216365561150489,-0.0004167468374829685,4,3,3
RPM-2007-01-11:1057:1,3,reafirma su compromiso de,0.0407920835436548,-0.010216365561150489,-0.0004167468374829685,4,3,3
RPM-2007-01-11:1057:1,3,reduccion,0.02609518782213381,-0.70729650267891,-0.018457035083344526,20,18,40
RPM-2007-01-11:1057:1,3,reduccion del,0.041502571201061836,0.03367205940802045,0.0013974770430677528,3,1,5
RPM-2007-01-11:1057:1,3,reducidas,0.04014345913090012,-0.10517377123931784,-0.004222038987388195,3,2,6
RPM-2007-01-11:1057:1,3,reducidas presiones,0.04833304048492637,-0.214274928349042,-0.010356558786798944,0,2,1
RPM-2007-01-11:1057:1,3,reducir,0.0521570008295804,-0.6655170460103468,-0.034711373120861554,13,12,16
RPM-2007-01-11:1057:1,3,reducir la,0.06090557789258773,-0.6472572415041505,-0.03942157633897251,6,8,6
RPM-2007-01-11:1057:1,3,reducir la tasa,0.07671736170841427,-0.8099336888834239,-0.0621359757698999,0,4,1
RPM-2007-01-11:1057:1,3,reducir la tasa de,0.07671736170841427,-0.8099336888834239,-0.0621359757698999,0,4,1
RPM-2007-01-11:1057:1,3,relevante,0.024959567212056468,-0.19507265809815708,-0.004868929121035463,23,18,50
RPM-2007-01-11:1057:1,3,relevante para,0.0407920835436548,0.05072439684867884,0.0020691538339528076,7,2,1
RPM-2007-01-11:1057:1,3,relevante para la,0.04228797886797224,0.07126663580913178,0.0030137219890880385,6,1,1
RPM-2007-01-11:1057:1,3,relevante para la economia,0.04416139679445681,0.0973029211287476,0.004297032909226358,5,0,1
RPM-2007-01-11:1057:1,3,reunion,0.030423789855850404,0.1275099565172735,0.003879336121610152,69,46,119
RPM-2007-01-11:1057:1,3,reunion mensual,0.05727459034610891,0.30981000700298567,0.017744241236221137,18,6,3
RPM-2007-01-11:1057:1,3,reunion mensual de,0.05727459034610891,0.30981000700298567,0.017744241236221137,18,6,3
RPM-2007-01-11:1057:1,3,reunion mensual de politica,0.05727459034610891,0.30981000700298567,0.017744241236221137,18,6,3
RPM-2007-01-11:1057:1,3,reversion,0.03382729570335845,0.029601850522634046,0.0010013505509957577,2,1,24
RPM-2007-01-11:1057:1,3,se,0.0248532559694396,-0.14050352713674377,-0.003491970124538596,104,72,616
RPM-2007-01-11:1057:1,3,se acumule,0.041502571201061836,0.17688637618601466,0.007341239422157882,6,0,3
RPM-2007-01-11:1057:1,3,se acumule de,0.04316598993937719,0.18428804624328216,0.007954975950084996,6,0,1
RPM-2007-01-11:1057:1,3,se acumule de sus,0.04316598993937719,0.18428804624328216,0.007954975950084996,6,0,1
RPM-2007-01-11:1057:1,3,se mantienen,0.02529093190700726,0.3786888517617416,0.009577393963848973,31,8,48
RPM-2007-01-11:1057:1,3,se observa,0.02609518782213381,0.09061143223525321,0.0023645223430114825,8,5,65
RPM-2007-01-11:1057:1,3,se proyecta,0.03754701447223016,-0.2955223912435433,-0.011095983500889384,1,4,11
RPM-2007-01-11:1057:1,3,se proyecta que,0.041502571201061836,-0.05562464193151728,-0.0023085656622963656,1,1,7
RPM-2007-01-11:1057:1,3,se ubican,0.033312989847035596,0.23192468240223768,0.007726104590142699,11,1,17
RPM-2007-01-11:1057:1,3,se ubique,0.034098397513946,-0.0905777685208242,-0.003088556756949248,12,7,7
RPM-2007-01-11:1057:1,3,se ubique en,0.03562503299810562,-0.09410567942970902,-0.003352517934992533,10,6,5
RPM-2007-01-11:1057:1,3,se ubique en en,0.03799893939382801,-0.2282163262904035,-0.00867197835139112,6,6,3
RPM-2007-01-11:1057:1,3,semanas,0.028271227598548537,-0.059073873944103204,-0.0016700909354017079,8,6,44
RPM-2007-01-11:1057:1,3,si,0.02339900483359557,0.11620344894231563,0.0027190450634817192,64,41,304
RPM-2007-01-11:1057:1,3,si bien,0.036518117371574996,0.05304907188801797,0.0019372522336597597,34,21,89
RPM-2007-01-11:1057:1,3,si bien la,0.03382729570335845,0.2824212529429358,0.009553547236213681,10,3,14
RPM-2007-01-11:1057:1,3,sigue,0.020695891757612425,0.027757843129307264,0.0005744733168289289,52,30,80
RPM-2007-01-11:1057:1,3,siguen,0.02316761980357946,0.6338156928116827,0.014684000996603375,42,14,60
RPM-2007-01-11:1057:1,3,siguiente,0.030126617757605646,0.1841679067738999,0.005548356130595634,22,8,15
RPM-2007-01-11:1057:1,3,siguiente acuerdo,0.034379731966082766,0.38082543307834127,0.013092676315100762,17,4,4
RPM-2007-01-11:1057:1,3,sobre,0.014810043098725164,-0.17446076118702494,-0.0025837713922162377,60,44,254
RPM-2007-01-11:1057:1,3,sobre la,0.020834369018865113,0.16122045818739822,0.003358926519266768,41,22,96
RPM-2007-01-11:1057:1,3,sobre la inflacion,0.032831888848278826,0.2984836030171402,0.00979978047729253,18,3,10
RPM-2007-01-11:1057:1,3,sobre la inflacion proyectada,0.04316598993937719,0.131578072669399,0.005679697761089918,5,0,2
RPM-2007-01-11:1057:1,3,su,0.030738949739460675,-0.15138126326513837,-0.004653301043003153,96,65,303
RPM-2007-01-11:1057:1,3,su compromiso,0.03954678251163194,0.03598582592779697,0.0014231236314680325,6,3,3
RPM-2007-01-11:1057:1,3,su compromiso de,0.03954678251163194,0.03598582592779697,0.0014231236314680325,6,3,3
RPM-2007-01-11:1057:1,3,su compromiso de conducir,0.04014345913090012,0.019022174730135052,0.0007636158938600175,5,3,3
RPM-2007-01-11:1057:1,3,su parte,0.025462306769397786,-0.11900796498120124,-0.0030302173123530948,19,11,55
RPM-2007-01-11:1057:1,3,su parte los,0.04833304048492637,0.029496010487155718,0.0014256318690195101,1,0,2
RPM-2007-01-11:1057:1,3,su reunion,0.05640379483553041,0.3437779465922979,0.0193903807685719,19,6,4
RPM-2007-01-11:1057:1,3,su reunion mensual,0.05727459034610891,0.30981000700298567,0.017744241236221137,18,6,3
RPM-2007-01-11:1057:1,3,su reunion mensual de,0.05727459034610891,0.30981000700298567,0.017744241236221137,18,6,3
RPM-2007-01-11:1057:1,3,subyacente,0.025376126870857017,0.346766776649592,0.008799597718858186,33,11,42
RPM-2007-01-11:1057:1,3,subyacente se,0.041502571201061836,0.2965753092446183,0.012308637888401702,5,0,4
RPM-2007-01-11:1057:1,3,sugiere,0.029655652012888892,-0.016983186780838336,-0.0005036474772424364,15,10,23
RPM-2007-01-11:1057:1,3,sugiere que,0.034098397513946,-0.2008928367096505,-0.006850123803829906,10,8,8
RPM-2007-01-11:1057:1,3,sus,0.019514183816262534,-0.08116143972633096,-0.0015837992536121346,53,28,109
RPM-2007-01-11:1057:1,3,sus implicancias,0.035971815440430564,0.12275432286325826,0.004415695846552152,10,4,6
RPM-2007-01-11:1057:1,3,sus implicancias sobre,0.03954678251163194,0.18851410094832388,0.0074551261505791935,8,2,2
RPM-2007-01-11:1057:1,3,sus implicancias sobre la,0.04316598993937719,0.18428804624328216,0.007954975950084996,6,0,1
RPM-2007-01-11:1057:1,3,tasa,0.03409732804610111,-0.12054800822093126,-0.004110364981613187,99,69,216
RPM-2007-01-11:1057:1,3,tasa de,0.03673196544689995,0.22627029388044523,0.008311352616476413,97,58,176
RPM-2007-01-11:1057:1,3,tasa de interes,0.0501644653465378,-0.046477945877952925,-0.002331541305372829,38,22,45
RPM-2007-01-11:1057:1,3,tasa de interes de,0.060428625257543195,0.2233337419669694,0.013495751000686841,27,10,17
RPM-2007-01-11:1057:1,3,tasa de politica,0.01839300082156323,0.45710862766300603,0.008407599364149311,85,48,88
RPM-2007-01-11:1057:1,3,tasa de politica monetaria,0.018807245065467677,0.3904617918425175,0.0073435106078838545,79,46,84
RPM-2007-01-11:1057:1,3,tendencia,0.021023100066507344,0.3420067654759569,0.00719004245402355,45,19,91
RPM-2007-01-11:1057:1,3,tendencia inflacionaria,0.030804764894881386,0.4439946083154507,0.013677149523752406,23,2,16
RPM-2007-01-11:1057:1,3,tendencia inflacionaria siguen,0.04833304048492637,0.10178234573562754,0.004919450237090859,2,0,1
RPM-2007-01-11:1057:1,3,torno,0.03535478526389952,0.3068199928136037,0.010847554960596154,40,20,98
RPM-2007-01-11:1057:1,3,torno dos,0.07901853847807355,0.09947147183546295,0.00786009032470114,4,0,0
RPM-2007-01-11:1057:1,3,torno dos anos,0.07901853847807355,0.09947147183546295,0.00786009032470114,4,0,0
RPM-2007-01-11:1057:1,3,total,0.029212681420533584,-0.08175658632021472,-0.002388329110202787,6,4,41
RPM-2007-01-11:1057:1,3,total subyacente,0.04833304048492637,0.05362033574055612,0.0025916338581636433,1,0,2
RPM-2007-01-11:1057:1,3,tpm,0.024190382572654743,-0.5290540146064943,-0.012798019014929966,26,30,45
RPM-2007-01-11:1057:1,3,transitoriamente,0.04833304048492637,-0.027442279007379784,-0.0013263687822623322,2,1,0
RPM-2007-01-11:1057:1,3,trimestres,0.05621516480208759,-0.41900585097804144,-0.023554482965769553,17,15,39
RPM-2007-01-11:1057:1,3,ubican,0.033312989847035596,0.26326334324978695,0.0087700890807768,11,1,17
RPM-2007-01-11:1057:1,3,ubicarse,0.04416139679445681,0.07722865728033433,0.0034105253780599603,1,0,5
RPM-2007-01-11:1057:1,3,ubique,0.034098397513946,-0.0905777685208242,-0.003088556756949248,12,7,7
RPM-2007-01-11:1057:1,3,ubique en,0.03562503299810562,-0.09410567942970902,-0.003352517934992533,10,6,5
RPM-2007-01-11:1057:1,3,ubique en en,0.03799893939382801,-0.2282163262904035,-0.00867197835139112,6,6,3
RPM-2007-01-11:1057:1,3,ubique en en el,0.03799893939382801,-0.2282163262904035,-0.00867197835139112,6,6,3
RPM-2007-01-11:1057:1,3,ultimas,0.026190150612056522,0.2610087518261277,0.006835858521391167,19,9,49
RPM-2007-01-11:1057:1,3,ultimas semanas,0.0315508348546835,-0.07471202878366577,-0.0023572268818117985,6,4,27
RPM-2007-01-11:1057:1,3,ultimos,0.021167851764177677,-0.2141349002681492,-0.0045327758264131525,26,20,106
RPM-2007-01-11:1057:1,3,ultimos meses,0.026996826419493917,0.10735708000039204,0.002898300453674306,14,8,47
RPM-2007-01-11:1057:1,3,un,0.010304842504157542,0.04818714372564509,0.0004965609268179759,101,66,489
RPM-2007-01-11:1057:1,3,un escenario,0.026190150612056522,0.11394305685215708,0.002984185820156113,24,13,40
RPM-2007-01-11:1057:1,3,un escenario de,0.03174963272113865,0.38839485810865,0.012331394095728396,16,4,16
RPM-2007-01-11:1057:1,3,una,0.01863521587492675,-0.1374219358527703,-0.0025608874405667103,97,66,434
RPM-2007-01-11:1057:1,3,una incipiente,0.04833304048492637,0.00231291836474924,0.00011179037696175472,0,0,3
RPM-2007-01-11:1057:1,3,una normalizacion,0.033312989847035596,-0.04705959580457966,-0.0015676958372435612,8,5,16
RPM-2007-01-11:1057:1,3,varios,0.028145939301486414,-0.38566051868220275,-0.010854777549809045,13,13,33
RPM-2007-01-11:1057:1,3,varios trimestres,0.04416139679445681,-0.20510646057442092,-0.009057787790533614,0,2,4
RPM-2007-01-11:1057:1,3,vigorosa,0.04228797886797224,0.2593734117958784,0.010968377356937968,4,0,4
RPM-2008-02-07:1672:1,4,10,0.025899175480479153,0.0536032996323619,0.0013882812635112444,7,3,41
RPM-2008-02-07:1672:1,4,12,0.026855465439925976,0.7244368140519153,0.019455087823181293,20,2,22
RPM-2008-02-07:1672:1,4,12 meses,0.03457824591728217,0.4955207915765123,0.017134239788258964,7,0,6
RPM-2008-02-07:1672:1,4,125,0.042864277639312214,-0.1546284191253286,-0.00662803548831602,0,2,1
RPM-2008-02-07:1672:1,4,125 puntos,0.042864277639312214,-0.1546284191253286,-0.00662803548831602,0,2,1
RPM-2008-02-07:1672:1,4,125 puntos base,0.042864277639312214,-0.1546284191253286,-0.00662803548831602,0,2,1
RPM-2008-02-07:1672:1,4,2008,0.029110423948090266,0.2305155786671521,0.00671040622164015,11,3,17
RPM-2008-02-07:1672:1,4,25,0.018383105748396796,1.5307244415927963,0.028139469281456008,79,29,53
RPM-2008-02-07:1672:1,4,52,0.04138836033392068,0.20986365046282435,0.008685912386347354,1,0,3
RPM-2008-02-07:1672:1,4,70,0.0368037424368467,-0.0916913381499179,-0.0033745843929593937,1,2,6
RPM-2008-02-07:1672:1,4,actividad,0.015330783847971081,0.056490367265534136,0.000866041610040405,74,47,135
RPM-2008-02-07:1672:1,4,actividad precios,0.042864277639312214,0.001997279225815661,8.561193125859306e-05,0,0,3
RPM-2008-02-07:1672:1,4,adecuada,0.0318964163673588,-0.15680723486798337,-0.00500158885276342,10,7,3
RPM-2008-02-07:1672:1,4,adoptar,0.03827965974223823,-0.00027877613644528357,-1.0671455647381233e-05,1,2,4
RPM-2008-02-07:1672:1,4,agrega,0.030831852136773825,-0.2819446352789972,-0.008692875305678667,55,50,264
RPM-2008-02-07:1672:1,4,agrega que,0.028829742978938776,0.009996074013371567,0.0002881842446039513,48,43,235
RPM-2008-02-07:1672:1,4,agrega que si,0.033695041845164246,0.04106391837120972,0.0013836504478443204,1,1,13
RPM-2008-02-07:1672:1,4,agrega que si se,0.042864277639312214,-0.05429059676849202,-0.0023271272130885885,0,1,2
RPM-2008-02-07:1672:1,4,al,0.01774640070455134,0.007312962666930906,0.00012977876582478026,87,64,383
RPM-2008-02-07:1672:1,4,al cierre,0.0329160006423915,-0.14536622009825229,-0.004784874594136097,1,2,14
RPM-2008-02-07:1672:1,4,al senor,0.03559783019231486,-0.024649665335172863,-0.0008774746008988736,1,1,9
RPM-2008-02-07:1672:1,4,algunos,0.032137498810531656,0.3029798905435732,0.009737015871959095,36,22,89
RPM-2008-02-07:1672:1,4,altas,0.029761526819553033,0.022017994653871033,0.0006552891384039581,5,3,20
RPM-2008-02-07:1672:1,4,alza,0.04360761592300863,1.2661318810982651,0.055212992778809575,61,24,160
RPM-2008-02-07:1672:1,4,alza de,0.02234475004917132,1.0042083560692556,0.02243878471365675,38,9,41
RPM-2008-02-07:1672:1,4,alza de la,0.029320416363242615,0.2542074250659537,0.007453467545561559,14,5,11
RPM-2008-02-07:1672:1,4,alza en,0.06346746905075758,0.43686568743541,0.027726759496644816,20,7,38
RPM-2008-02-07:1672:1,4,alza en el,0.06693821135301381,0.07684673607061057,0.0051439830608838,4,2,14
RPM-2008-02-07:1672:1,4,alza en la,0.03457824591728217,0.23039702666861583,0.007966725046758017,6,1,6
RPM-2008-02-07:1672:1,4,alza en las,0.03916286381435615,0.2637287659904517,0.010328373746412262,3,0,3
RPM-2008-02-07:1672:1,4,alza en las expectativas,0.042864277639312214,0.23976459756763824,0.010277336278217208,3,0,0
RPM-2008-02-07:1672:1,4,alzas,0.022806393561954717,0.182386795451437,0.004159585037569204,29,14,39
RPM-2008-02-07:1672:1,4,alzas en,0.03158872342387802,-0.22883173058873213,-0.007228502248174827,5,6,10
RPM-2008-02-07:1672:1,4,alzas en la,0.037500618539465486,-0.31057555316188845,-0.011646775346807463,1,4,3
RPM-2008-02-07:1672:1,4,alzas en la tasa,0.03916286381435615,-0.32480970648198854,-0.012720478300535111,1,4,1
RPM-2008-02-07:1672:1,4,america,0.01958901799292863,-0.16036206657266497,-0.0031413354074751525,14,14,106
RPM-2008-02-07:1672:1,4,america en,0.03255838892985373,-0.08978270905710452,-0.0029231803606571097,2,2,14
RPM-2008-02-07:1672:1,4,antecedente,0.0368037424368467,-0.05993582679817,-0.002205862732219303,3,4,2
RPM-2008-02-07:1672:1,4,anterior,0.01623977432898623,0.4003227512923194,0.006501151139746148,69,37,117
RPM-2008-02-07:1672:1,4,anticipada,0.03916286381435615,0.06532092642391371,0.0025581545457673107,2,1,3
RPM-2008-02-07:1672:1,4,anticipado,0.02495267709277536,-0.11117837211584278,-0.002774198019107045,9,10,40
RPM-2008-02-07:1672:1,4,apreciacion,0.02442325817508762,0.04701739680748501,0.0011483180209497469,7,8,49
RPM-2008-02-07:1672:1,4,apreciacion del,0.03074320723438118,-0.02034315938904893,-0.0006254139648995785,3,3,18
RPM-2008-02-07:1672:1,4,apreciacion del tipo,0.03827965974223823,0.049623311857819416,0.0018995634932003028,2,1,4
RPM-2008-02-07:1672:1,4,apreciacion del tipo de,0.03827965974223823,0.049623311857819416,0.0018995634932003028,2,1,4
RPM-2008-02-07:1672:1,4,apunta,0.029761526819553033,-0.10959716738511084,-0.0032617790364790193,8,7,13
RPM-2008-02-07:1672:1,4,apunta en,0.037500618539465486,-0.010361889031693453,-0.00038857724792580757,4,2,2
RPM-2008-02-07:1672:1,4,apunta en la,0.03916286381435615,-0.08379362343673412,-0.00328159826316426,3,2,1
RPM-2008-02-07:1672:1,4,apunta en la direccion,0.03916286381435615,-0.08379362343673412,-0.00328159826316426,3,2,1
RPM-2008-02-07:1672:1,4,apuntan,0.028906893873954655,-0.17709719513893468,-0.005119329825256223,6,6,20
RPM-2008-02-07:1672:1,4,apuntan una,0.03916286381435615,-0.047379647716901785,-0.001855522691109195,0,1,5
RPM-2008-02-07:1672:1,4,argumentar,0.0329160006423915,0.10240165106946786,0.0033706528123845546,9,3,5
RPM-2008-02-07:1672:1,4,argumentar que,0.03506841127462712,0.0945489224792389,0.0033156804990747872,7,2,3
RPM-2008-02-07:1672:1,4,atencion,0.027471184628583514,0.2162731200896384,0.005941278812182271,10,6,24
RPM-2008-02-07:1672:1,4,atencion que,0.03559783019231486,0.18061970661929352,0.00642966964561934,3,0,8
RPM-2008-02-07:1672:1,4,atras,0.022967723645470783,-0.12042774700934855,-0.0027659512125573884,9,10,61
RPM-2008-02-07:1672:1,4,atras por,0.04138836033392068,0.20381662229616374,0.008435635805636237,2,1,1
RPM-2008-02-07:1672:1,4,aumento,0.03383530828490272,0.5480841057004775,0.018544594682430866,63,30,134
RPM-2008-02-07:1672:1,4,aumento de,0.03376336649986278,0.5707140988171726,0.0192692292850031,42,15,70
RPM-2008-02-07:1672:1,4,aumento de la,0.025899175480479153,0.078312353607986,0.002028225388382564,17,7,27
RPM-2008-02-07:1672:1,4,aumento en,0.025773186804453587,0.1286898514638376,0.0033167475816148714,13,6,33
RPM-2008-02-07:1672:1,4,aumento en el,0.03255838892985373,0.18146708843117992,0.0059082760431105165,7,1,10
RPM-2008-02-07:1672:1,4,aun,0.032366834266571144,0.2099203454362275,0.00679445702991574,40,27,77
RPM-2008-02-07:1672:1,4,aun se,0.03827965974223823,-0.12815632144093048,-0.004905780378575728,1,3,3
RPM-2008-02-07:1672:1,4,aunque,0.019070915083996793,0.34986551038879576,0.0066722554394439216,44,26,75
RPM-2008-02-07:1672:1,4,ausencia,0.03916286381435615,0.24848460699485572,0.009731368823703344,5,0,1
RPM-2008-02-07:1672:1,4,ausencia de,0.03916286381435615,0.24848460699485572,0.009731368823703344,5,0,1
RPM-2008-02-07:1672:1,4,ayer,0.036173341320952006,-0.05040948779485995,-0.0018234796078178332,1,1,8
RPM-2008-02-07:1672:1,4,baja,0.01660395101030562,-1.101369249034164,-0.01828708105522035,21,41,149
RPM-2008-02-07:1672:1,4,baja en,0.025773186804453587,-0.1343751744978713,-0.0034632764742146853,10,12,30
RPM-2008-02-07:1672:1,4,banco,0.016299094955354063,0.18453075255321924,0.003007684258047865,59,37,125
RPM-2008-02-07:1672:1,4,banco por,0.03916286381435615,0.11674589321257806,0.00457210351676956,2,1,3
RPM-2008-02-07:1672:1,4,base,0.0331812807482636,0.6783468546541587,0.0225084174289812,81,44,113
RPM-2008-02-07:1672:1,4,base agrega,0.03827965974223823,0.1409365174578398,0.0053950019335421255,3,1,3
RPM-2008-02-07:1672:1,4,base agrega que,0.03916286381435615,0.14526992355639132,0.005689186232560882,3,1,2
RPM-2008-02-07:1672:1,4,base en,0.023565542402351414,1.1233630765756542,0.026472660214279516,40,8,25
RPM-2008-02-07:1672:1,4,base en los,0.037500618539465486,0.14401162069835383,0.005400524853059159,3,0,5
RPM-2008-02-07:1672:1,4,brechas,0.022727180573210833,0.5398400137661729,0.012269041473508432,38,13,32
RPM-2008-02-07:1672:1,4,buenas,0.03074320723438118,0.04509815750303807,0.0013864620020046618,7,2,15
RPM-2008-02-07:1672:1,4,caen,0.036173341320952006,0.09750669323882558,0.0035271428956054006,2,0,8
RPM-2008-02-07:1672:1,4,cambio,0.02644716092658183,-0.3314434858883002,-0.008765739209355129,32,33,180
RPM-2008-02-07:1672:1,4,cambio nominal,0.033294058137839,-0.0007311217021401493,-2.434200845688994e-05,2,2,12
RPM-2008-02-07:1672:1,4,cambios,0.020649557231658698,-0.17129526587593752,-0.003537171396217365,23,19,72
RPM-2008-02-07:1672:1,4,cambios en,0.02851771071481665,-0.17409869732041716,-0.004964896286010081,5,6,23
RPM-2008-02-07:1672:1,4,cambios en las,0.042864277639312214,0.021454586593128107,0.0009196353563645087,1,0,2
RPM-2008-02-07:1672:1,4,caso,0.01757690144582711,0.3118750770788771,0.005481797493225157,31,17,134
RPM-2008-02-07:1672:1,4,caso del,0.028331382745317515,-0.09183966143566263,-0.0026019445993341345,1,2,32
RPM-2008-02-07:1672:1,4,caso del cobre,0.042864277639312214,0.0010545598510162766,4.5202946241233404e-05,0,0,3
RPM-2008-02-07:1672:1,4,cercanas,0.0368037424368467,0.07261714158654368,0.002672582575451183,1,0,8
RPM-2008-02-07:1672:1,4,cierre,0.023565542402351414,-0.09094153893605254,-0.002143086691932638,24,12,37
RPM-2008-02-07:1672:1,4,cierre estadistico,0.042864277639312214,0.0017686081557620574,7.581011102373677e-05,0,0,3
RPM-2008-02-07:1672:1,4,cierre estadistico de,0.042864277639312214,-0.00021786891642373504,-9.338793722563087e-06,0,0,3
RPM-2008-02-07:1672:1,4,cinco,0.05348435800262698,-0.0747142163442297,-0.003996041894840505,6,2,13
RPM-2008-02-07:1672:1,4,circunstancia,0.042864277639312214,-0.06228054156810334,-0.0026696104253019068,0,1,2
RPM-2008-02-07:1672:1,4,cobre,0.020592291025405066,-0.26688888350788226,-0.005495853560639741,22,17,76
RPM-2008-02-07:1672:1,4,coherencia,0.042864277639312214,-0.017223178681299925,-0.0007382591128267232,1,1,1
RPM-2008-02-07:1672:1,4,coherente,0.02288656673150953,-0.08067254105516786,-0.0018463174942595414,27,15,39
RPM-2008-02-07:1672:1,4,coherente con,0.023049888745624744,-0.04426172886538149,-0.0010202279260360506,27,14,38
RPM-2008-02-07:1672:1,4,coherente con el,0.02999362802020818,0.1214610544268887,0.00364305768542236,14,4,9
RPM-2008-02-07:1672:1,4,coincide,0.03255838892985373,-0.042903044597773776,-0.0013968540122891785,7,3,8
RPM-2008-02-07:1672:1,4,combinacion,0.037500618539465486,0.043477480115807245,0.001630432396880083,4,3,1
RPM-2008-02-07:1672:1,4,combinacion de,0.040182448089388846,0.04493398696444823,0.0018055575986482162,3,2,0
RPM-2008-02-07:1672:1,4,comenta,0.018632728033481802,0.3945797309205829,0.007352096813767651,26,10,119
RPM-2008-02-07:1672:1,4,comenta que,0.020592291025405066,0.05406068281631646,0.0011132333135857033,16,9,90
RPM-2008-02-07:1672:1,4,commodities,0.02484334889282446,0.02761826550986956,0.0006861302058763499,11,8,41
RPM-2008-02-07:1672:1,4,como,0.012538360504030167,0.33519033216661587,0.004202737222170649,77,57,257
RPM-2008-02-07:1672:1,4,compensacion,0.0795516685375727,0.23668723573100353,0.018828864523947126,8,0,35
RPM-2008-02-07:1672:1,4,compensacion inflacionaria,0.07858847657620852,0.24711561549647712,0.01942043976006024,8,0,28
RPM-2008-02-07:1672:1,4,compensacion inflacionaria de,0.042864277639312214,0.066111876577576,0.0028338378328771597,1,0,2
RPM-2008-02-07:1672:1,4,compensacion inflacionaria en,0.03827965974223823,0.01449292536619046,0.0005547842516874242,1,0,6
RPM-2008-02-07:1672:1,4,compensaciones,0.05348435800262698,0.43405303107855975,0.023215047706331062,11,1,9
RPM-2008-02-07:1672:1,4,compensaciones inflacionarias,0.05573163368297452,0.3965002716192336,0.022097607893083026,10,1,6
RPM-2008-02-07:1672:1,4,componente,0.02462996892036145,0.0795497349965153,0.001959307500587161,10,6,46
RPM-2008-02-07:1672:1,4,componente no,0.042864277639312214,0.0013998860379197302,6.0005103792788064e-05,0,0,3
RPM-2008-02-07:1672:1,4,componentes,0.025899175480479153,0.11317192960466968,0.0029310596642957735,6,4,41
RPM-2008-02-07:1672:1,4,con,0.030526549245659246,0.14896532734031667,0.004547397400949927,98,68,416
RPM-2008-02-07:1672:1,4,con el,0.03977152186699447,0.5794688079154959,0.023046356365252367,56,28,125
RPM-2008-02-07:1672:1,4,con la,0.016036244254850625,-0.023983972410473064,-0.0003846128397759446,53,38,139
RPM-2008-02-07:1672:1,4,con la mantencion,0.042864277639312214,-0.13271239983656752,-0.005688621152774043,1,1,1
RPM-2008-02-07:1672:1,4,con la mantencion de,0.042864277639312214,-0.13271239983656752,-0.005688621152774043,1,1,1
RPM-2008-02-07:1672:1,4,con una,0.020649557231658698,-0.25016671855937267,-0.00516583197234802,27,24,63
RPM-2008-02-07:1672:1,4,congruente,0.033294058137839,-0.06461492609864558,-0.0021512931061004764,4,4,8
RPM-2008-02-07:1672:1,4,congruente con,0.033294058137839,-0.06461492609864558,-0.0021512931061004764,4,4,8
RPM-2008-02-07:1672:1,4,congruente con una,0.040182448089388846,-0.003390008827276303,-0.0001362188537246,2,1,2
RPM-2008-02-07:1672:1,4,consiste,0.03221912453977271,-0.4116545940278019,-0.013263150632351324,2,6,11
RPM-2008-02-07:1672:1,4,consiste en,0.03255838892985373,-0.4170213902525317,-0.01357754461591024,2,6,10
RPM-2008-02-07:1672:1,4,crecimiento,0.013860015788074716,0.5932617389294529,0.008222617068022877,78,45,197
RPM-2008-02-07:1672:1,4,crecimiento menor,0.040182448089388846,-0.05217862036926926,-0.0020966647043640894,0,1,4
RPM-2008-02-07:1672:1,4,cree,0.02184397650109291,-0.21187148454358956,-0.004628115729621841,29,23,43
RPM-2008-02-07:1672:1,4,cree que,0.022727180573210833,-0.15477916111492504,-0.003517693943628994,26,19,38
RPM-2008-02-07:1672:1,4,cree que hay,0.042864277639312214,-0.05915717062045349,-0.002535729385831282,1,1,1
RPM-2008-02-07:1672:1,4,crisis,0.02656784597317126,-0.1831937251335842,-0.004867062672600537,6,10,30
RPM-2008-02-07:1672:1,4,cuatro,0.031013212295240875,-0.16425585545074775,-0.0050941017158304385,4,4,15
RPM-2008-02-07:1672:1,4,de 2008,0.04138836033392068,-0.07126408257429011,-0.002949503528450997,0,1,3
RPM-2008-02-07:1672:1,4,de algunos,0.02700410552680404,0.13001162668572794,0.003510847686732849,12,6,25
RPM-2008-02-07:1672:1,4,de america,0.020204737181586167,-0.2233039037431342,-0.004511796686752242,13,13,96
RPM-2008-02-07:1672:1,4,de america en,0.03255838892985373,-0.08978270905710452,-0.0029231803606571097,2,2,14
RPM-2008-02-07:1672:1,4,de ayer,0.037500618539465486,0.051204812096097896,0.0019202121258007753,1,0,7
RPM-2008-02-07:1672:1,4,de brechas,0.028709440240765015,0.2491888374030569,0.007154072036088772,14,4,15
RPM-2008-02-07:1672:1,4,de cambio,0.03284009440779186,-0.3795517498967561,-0.012464515299252077,19,18,101
RPM-2008-02-07:1672:1,4,de cambio nominal,0.033294058137839,-0.0007311217021401493,-2.434200845688994e-05,2,2,12
RPM-2008-02-07:1672:1,4,de cambios,0.042864277639312214,0.004349244192284879,0.00018642721057926526,0,0,3
RPM-2008-02-07:1672:1,4,de compensacion,0.03916286381435615,0.03252593169519226,0.0012738086334138647,1,0,5
RPM-2008-02-07:1672:1,4,de compensacion inflacionaria,0.04138836033392068,0.03702206184085009,0.0015322824357737984,1,0,3
RPM-2008-02-07:1672:1,4,de ellos,0.0329160006423915,0.08361482562148848,0.0027522656538703683,3,1,13
RPM-2008-02-07:1672:1,4,de en,0.02797377103277975,-0.06301432902908932,-0.001762748412043991,6,4,27
RPM-2008-02-07:1672:1,4,de en el,0.033695041845164246,-0.14793439178139184,-0.00498465552141292,2,3,10
RPM-2008-02-07:1672:1,4,de enero,0.025773186804453587,0.14372638742366944,0.0037042870317995015,12,7,33
RPM-2008-02-07:1672:1,4,de estados,0.02374676484824353,0.16474812962161248,0.003912235093312376,10,5,56
RPM-2008-02-07:1672:1,4,de estados unidos,0.02374676484824353,0.16474812962161248,0.003912235093312376,10,5,56
RPM-2008-02-07:1672:1,4,de estados unidos de,0.025649553195394147,0.18660122133435614,0.004786237952941085,6,2,45
RPM-2008-02-07:1672:1,4,de este,0.018936384232556242,-0.40927241707644624,-0.007750139745546599,24,27,97
RPM-2008-02-07:1672:1,4,de estos,0.02715616292479117,0.09472591991232006,0.0025723925143396834,12,8,22
RPM-2008-02-07:1672:1,4,de expectativas,0.022648905038299496,0.051393121856670124,0.001163997936553476,20,12,52
RPM-2008-02-07:1672:1,4,de expectativas inflacionarias,0.042864277639312214,-0.06791392526896606,-0.0029110813483044624,1,1,1
RPM-2008-02-07:1672:1,4,de inflacion,0.026864556694845602,0.5964473709722948,0.01602329421297682,67,40,129
RPM-2008-02-07:1672:1,4,de inflacion del,0.03221912453977271,0.3310097970650135,0.01066484587552256,11,1,7
RPM-2008-02-07:1672:1,4,de inflacion del mercado,0.042864277639312214,0.04522662169041308,0.0019386064688260063,1,0,2
RPM-2008-02-07:1672:1,4,de investigacion,0.09289032770421769,-0.20122408280840925,-0.018691770994053773,5,4,2
RPM-2008-02-07:1672:1,4,de investigacion economica,0.09289032770421769,-0.20122408280840925,-0.018691770994053773,5,4,2
RPM-2008-02-07:1672:1,4,de investigacion economica senor,0.036173341320952006,-0.08099617808353503,-0.0029299023955083247,5,3,2
RPM-2008-02-07:1672:1,4,de items,0.042864277639312214,-0.04756809995016653,-0.0020389722430384917,0,1,2
RPM-2008-02-07:1672:1,4,de la,0.03442802785037476,-0.131414029670288,-0.00452432587341865,104,70,389
RPM-2008-02-07:1672:1,4,de la compensacion,0.10228678402416816,0.038922330119899366,0.003981239974691522,1,0,2
RPM-2008-02-07:1672:1,4,de la compensacion inflacionaria,0.0899554997987423,0.038922330119899366,0.0035012776592671887,1,0,2
RPM-2008-02-07:1672:1,4,de la crisis,0.029761526819553033,-0.1986416397581287,-0.0059118784891415395,3,6,19
RPM-2008-02-07:1672:1,4,de la economia,0.035159215232076865,0.35636425423079277,0.012529487515519001,46,22,44
RPM-2008-02-07:1672:1,4,de la economia de,0.037500618539465486,0.1792671001328703,0.006722627138758932,4,1,3
RPM-2008-02-07:1672:1,4,de la economia mundial,0.03074320723438118,0.5121300404839102,0.015744519965548875,15,2,7
RPM-2008-02-07:1672:1,4,de la fed,0.040182448089388846,-0.07333617857341729,-0.0029468271886004906,0,1,4
RPM-2008-02-07:1672:1,4,de la reduccion,0.03827965974223823,-0.017964355593223576,-0.0006876694195971727,2,1,4
RPM-2008-02-07:1672:1,4,de la tasa,0.019301398526173904,0.1627580317074669,0.0031414576333214667,54,28,58
RPM-2008-02-07:1672:1,4,de la tasa de,0.020045351023287465,0.2783012044973671,0.005578645334353432,50,26,49
RPM-2008-02-07:1672:1,4,de las,0.02761136018667651,-0.20687492966042162,-0.005712098196447269,70,55,231
RPM-2008-02-07:1672:1,4,de las tasas,0.02422281236564044,-1.0070484987391437e-05,-2.439354682805817e-07,13,8,45
RPM-2008-02-07:1672:1,4,de las tasas de,0.026710092434124217,0.0036775484897794766,9.822766009298374e-05,10,6,29
RPM-2008-02-07:1672:1,4,de liquidez,0.030483793377553133,-0.02218762465841557,-0.0006763629656258432,2,4,19
RPM-2008-02-07:1672:1,4,de oferta,0.02797377103277975,0.2996856018662183,0.008383336408426381,10,3,24
RPM-2008-02-07:1672:1,4,de politica,0.03527618539261812,0.4605044142532976,0.01624483909131834,98,69,170
RPM-2008-02-07:1672:1,4,de politica de,0.033294058137839,0.21319085187701128,0.007097988616848636,12,2,2
RPM-2008-02-07:1672:1,4,de politica monetaria,0.03007229180232446,0.640441315040563,0.01925953810816422,93,57,148
RPM-2008-02-07:1672:1,4,de politica monetaria del,0.0368037424368467,-0.05378330937800477,-0.001979427065749329,4,3,2
RPM-2008-02-07:1672:1,4,de politica monetaria en,0.018301948834435543,0.0551222569751878,0.001008844726798495,70,35,58
RPM-2008-02-07:1672:1,4,de politica se,0.040182448089388846,0.001689243630442587,6.787794449059001e-05,3,2,0
RPM-2008-02-07:1672:1,4,de rendimiento,0.036173341320952006,-0.12351473045132831,-0.004467940502781284,1,2,7
RPM-2008-02-07:1672:1,4,de tres,0.03916286381435615,-0.08144745396091821,-0.0031897155474974823,0,1,5
RPM-2008-02-07:1672:1,4,de uno,0.04138836033392068,0.06445336990269968,0.0026676192982684126,1,0,3
RPM-2008-02-07:1672:1,4,debe,0.05212615794899342,-0.12656119724826795,-0.006597148957976926,29,22,44
RPM-2008-02-07:1672:1,4,deberia,0.02374676484824353,0.020123112507948536,0.000477858820741002,15,8,48
RPM-2008-02-07:1672:1,4,debilitamiento,0.06124679086900246,-0.12690589952241502,-0.007772579088091992,1,2,7
RPM-2008-02-07:1672:1,4,debilitamiento de,0.06803479869054509,-0.1323792098015475,-0.009006392889661716,0,2,3
RPM-2008-02-07:1672:1,4,debilitamiento de la,0.07257553083174019,-0.14282790512325738,-0.01036581103190583,0,2,1
RPM-2008-02-07:1672:1,4,decision,0.02131455758340517,-0.13968607164944846,-0.0029773468177718295,44,26,33
RPM-2008-02-07:1672:1,4,decisiones,0.025899175480479153,0.113991953278483,0.002952297601322012,11,9,31
RPM-2008-02-07:1672:1,4,decisiones de,0.029761526819553033,0.0645378154737175,0.001920743926096408,7,5,16
RPM-2008-02-07:1672:1,4,decisiones de politica,0.03559783019231486,0.1587154771543115,0.00564992660463141,6,2,3
RPM-2008-02-07:1672:1,4,del,0.029701769421067593,0.019278964026211678,0.0005726193441835961,102,72,521
RPM-2008-02-07:1672:1,4,del banco,0.01949174851191402,0.2751908445347059,0.005363950734451716,46,27,63
RPM-2008-02-07:1672:1,4,del banco por,0.040182448089388846,0.1909139201241178,0.007671388684929091,2,0,3
RPM-2008-02-07:1672:1,4,del cobre,0.021508157907132792,-0.23741872860617672,-0.005106439504972354,22,16,62
RPM-2008-02-07:1672:1,4,del ipc,0.023655532981070773,0.48671481974060593,0.01151349847074982,24,4,44
RPM-2008-02-07:1672:1,4,del ipc del,0.040182448089388846,0.06913139062689576,0.0027778685152125013,2,0,3
RPM-2008-02-07:1672:1,4,del mercado,0.020883712852428047,0.01842252067215032,0.000384730631735107,24,15,71
RPM-2008-02-07:1672:1,4,del mercado en,0.042864277639312214,0.09949668758928779,0.004264853641019141,2,0,1
RPM-2008-02-07:1672:1,4,del mes,0.03722084063665033,-0.11926777418130177,-0.004439246815890232,14,13,66
RPM-2008-02-07:1672:1,4,del mes de,0.0254090101231342,-0.06081820404139822,-0.0015453303621587287,6,7,42
RPM-2008-02-07:1672:1,4,del mes de enero,0.037500618539465486,0.08035373522288962,0.0030133147728147952,3,2,3
RPM-2008-02-07:1672:1,4,del petroleo,0.01871807380477399,0.3093294149094502,0.005790050818262645,41,18,94
RPM-2008-02-07:1672:1,4,del petroleo en,0.03559783019231486,0.2227924224752163,0.007930926823407224,2,0,9
RPM-2008-02-07:1672:1,4,del tipo,0.04224855486705534,-0.16751168572613853,-0.007077126645273694,3,8,48
RPM-2008-02-07:1672:1,4,del tipo de,0.0424367748169695,-0.17328025314752218,-0.00735345508304887,3,8,47
RPM-2008-02-07:1672:1,4,del tipo de cambio,0.04262821235730993,-0.14616812391821324,-0.006230885826255187,3,7,47
RPM-2008-02-07:1672:1,4,depreciacion,0.023565542402351414,-0.5796358988107566,-0.01365943435134996,5,15,53
RPM-2008-02-07:1672:1,4,derivada,0.040182448089388846,0.019655462846707532,0.0007898046155107365,0,0,5
RPM-2008-02-07:1672:1,4,desarrollo,0.029761526819553033,-0.33220555729440177,-0.0098869446030219,5,9,14
RPM-2008-02-07:1672:1,4,desarrollo de,0.040182448089388846,-0.22192232710175025,-0.008917382388642451,0,2,3
RPM-2008-02-07:1672:1,4,desarrollo de la,0.04138836033392068,-0.22625748427256875,-0.009364426287319467,0,2,2
RPM-2008-02-07:1672:1,4,detras,0.029320416363242615,0.022521211435102072,0.0006603312962818134,7,4,19
RPM-2008-02-07:1672:1,4,detras de,0.031013212295240875,0.07721038732444252,0.002394542133490711,6,3,14
RPM-2008-02-07:1672:1,4,detras de este,0.042864277639312214,0.06049603527644573,0.0025931188521671955,1,0,2
RPM-2008-02-07:1672:1,4,dias,0.02402826288420085,-0.3051531002059129,-0.00733229891167656,10,13,45
RPM-2008-02-07:1672:1,4,dicha,0.025773186804453587,0.1288135507176713,0.0033199357055914993,13,9,30
RPM-2008-02-07:1672:1,4,dicho,0.037461684830957465,-0.2755902971067227,-0.010324076852681975,18,19,54
RPM-2008-02-07:1672:1,4,diferencial,0.03506841127462712,0.06634588100237113,0.002326644641368621,1,0,11
RPM-2008-02-07:1672:1,4,diferencial de,0.036173341320952006,0.06379019446177554,0.002307504477195709,1,0,9
RPM-2008-02-07:1672:1,4,dificil,0.025063842827258008,-0.1515185176292638,-0.0037976363112789896,12,11,35
RPM-2008-02-07:1672:1,4,dificil argumentar,0.04138836033392068,0.05078396200265978,0.002101864918550219,2,0,2
RPM-2008-02-07:1672:1,4,direccion,0.04651275880052789,-0.2332356469670808,-0.010848433391064904,15,12,13
RPM-2008-02-07:1672:1,4,distintos,0.05667114770304137,0.01826557840863581,0.0010351312918772833,10,6,27
RPM-2008-02-07:1672:1,4,distintos plazos,0.037500618539465486,-0.02616226341557005,-0.0009811010604763059,3,2,3
RPM-2008-02-07:1672:1,4,doce,0.044747500091418646,0.06785753143187644,0.0030364548939513345,8,6,33
RPM-2008-02-07:1672:1,4,doce meses,0.044747500091418646,0.06785753143187644,0.0030364548939513345,8,6,33
RPM-2008-02-07:1672:1,4,doce meses se,0.03506841127462712,0.03766784428946826,0.0013209514553716875,4,2,6
RPM-2008-02-07:1672:1,4,domestica,0.036173341320952006,0.1537532872382201,0.00556177013848651,5,1,4
RPM-2008-02-07:1672:1,4,dos,0.017055828529883323,-0.32589833161120096,-0.005558466062135697,34,26,137
RPM-2008-02-07:1672:1,4,durante,0.01958901799292863,0.07526270916953527,0.001474322564118581,25,14,95
RPM-2008-02-07:1672:1,4,durante el,0.02422281236564044,-0.1459106898225422,-0.003534367261712602,10,7,49
RPM-2008-02-07:1672:1,4,durante el ultimo,0.031294710331198204,-0.11672783544902701,-0.0036529637979650694,3,2,17
RPM-2008-02-07:1672:1,4,durante el ultimo mes,0.03221912453977271,-0.15240057376542293,-0.0049102130660809784,2,2,15
RPM-2008-02-07:1672:1,4,economia,0.03896569557567679,0.4939428980771006,0.019246828598239854,67,39,114
RPM-2008-02-07:1672:1,4,economia de,0.03158872342387802,0.13918875686025356,0.004396795144171954,6,3,12
RPM-2008-02-07:1672:1,4,economia de estados,0.0368037424368467,0.1144164656483832,0.004210954132257414,2,0,7
RPM-2008-02-07:1672:1,4,economia de estados unidos,0.0368037424368467,0.1144164656483832,0.004210954132257414,2,0,7
RPM-2008-02-07:1672:1,4,economia internacional,0.033294058137839,-0.3350078167092897,-0.011153769726149601,4,6,6
RPM-2008-02-07:1672:1,4,economia mundial,0.02700410552680404,0.566515724552997,0.015298250408422982,20,6,17
RPM-2008-02-07:1672:1,4,economica,0.06511246162261394,-0.03569165126913598,-0.002323971273509337,16,9,34
RPM-2008-02-07:1672:1,4,economica que,0.0899554997987423,-0.18638143602153578,-0.016766035230524563,0,2,1
RPM-2008-02-07:1672:1,4,economica senor,0.036173341320952006,-0.08099617808353503,-0.0029299023955083247,5,3,2
RPM-2008-02-07:1672:1,4,economica senor klaus,0.0368037424368467,0.01595333517695518,0.0005871424388613445,5,2,2
RPM-2008-02-07:1672:1,4,economica senor klaus schmidt,0.037500618539465486,-0.046817133663081184,-0.0017556714706103759,4,2,2
RPM-2008-02-07:1672:1,4,el alza,0.02462996892036145,0.3545264536703502,0.008731975535346688,16,4,42
RPM-2008-02-07:1672:1,4,el alza de,0.031013212295240875,0.13518610093875344,0.004192555247779423,6,1,16
RPM-2008-02-07:1672:1,4,el alza de la,0.037500618539465486,0.04790515098395121,0.0017964727931246542,4,1,3
RPM-2008-02-07:1672:1,4,el caso,0.021126463235072068,0.02235234678948171,0.00047222603266556656,13,8,85
RPM-2008-02-07:1672:1,4,el caso del,0.02851771071481665,-0.09300788495880781,-0.0026523719574522275,1,2,31
RPM-2008-02-07:1672:1,4,el caso del cobre,0.042864277639312214,0.0010545598510162766,4.5202946241233404e-05,0,0,3
RPM-2008-02-07:1672:1,4,el debilitamiento,0.04138836033392068,-0.15169214541962206,-0.006278289174452814,0,2,2
RPM-2008-02-07:1672:1,4,el debilitamiento de,0.042864277639312214,-0.1502721547996014,-0.006441307364787818,0,2,1
RPM-2008-02-07:1672:1,4,el desarrollo,0.03827965974223823,-0.1429812778677486,-0.005473274666287835,2,2,3
RPM-2008-02-07:1672:1,4,el desarrollo de,0.04138836033392068,-0.22576563052164417,-0.00934406926704461,0,2,2
RPM-2008-02-07:1672:1,4,el desarrollo de la,0.04138836033392068,-0.22625748427256875,-0.009364426287319467,0,2,2
RPM-2008-02-07:1672:1,4,el diferencial,0.037500618539465486,0.05617529883131254,0.0021066084528135326,1,0,7
RPM-2008-02-07:1672:1,4,el diferencial de,0.03827965974223823,0.057492715332419654,0.0022008015805823873,1,0,6
RPM-2008-02-07:1672:1,4,el gerente,0.03329792557713683,-0.13523378203502553,-0.004503004409717024,19,16,201
RPM-2008-02-07:1672:1,4,el gerente de,0.03465020811759306,-0.1517844062972714,-0.005259361267205757,18,15,181
RPM-2008-02-07:1672:1,4,el gerente de investigacion,0.07591381861833581,-0.17344833986541952,-0.01316712581219492,4,4,2
RPM-2008-02-07:1672:1,4,el horizonte,0.022806393561954717,0.2183882347528343,0.0049806480310736955,38,20,24
RPM-2008-02-07:1672:1,4,el horizonte de,0.02473579846616863,0.021284275115640905,0.0005264835397589814,24,16,21
RPM-2008-02-07:1672:1,4,el horizonte de politica,0.02629221419525212,-0.060811644128117695,-0.0015988727729819164,21,15,12
RPM-2008-02-07:1672:1,4,el pasado,0.03158872342387802,-0.09034303351211502,-0.002853821098888345,4,5,12
RPM-2008-02-07:1672:1,4,el plazo,0.0368037424368467,0.23234979028801273,0.008551341837015366,5,0,4
RPM-2008-02-07:1672:1,4,el plazo de,0.04138836033392068,0.17164961838299697,0.007104296256815454,2,0,2
RPM-2008-02-07:1672:1,4,el precio,0.01958901799292863,0.08012818723388336,0.0015696325014652951,26,12,96
RPM-2008-02-07:1672:1,4,el precio del,0.021707596298178134,0.11930459406322086,0.002589815964442418,23,8,66
RPM-2008-02-07:1672:1,4,el precio del petroleo,0.024322275976880674,0.0945331530715307,0.002299261437970475,14,5,46
RPM-2008-02-07:1672:1,4,el premio,0.10228678402416816,0.03070095586105506,0.0031403020414952584,1,0,2
RPM-2008-02-07:1672:1,4,el primer,0.023839272726899834,0.023482384595167244,0.0005598029706421432,8,5,57
RPM-2008-02-07:1672:1,4,el primer trimestre,0.026428594398166895,-0.061099239277351045,-0.0016147670128976584,4,3,40
RPM-2008-02-07:1672:1,4,el primer trimestre de,0.03221912453977271,-0.1309440366263225,-0.004218902223804044,1,2,16
RPM-2008-02-07:1672:1,4,el registro,0.031013212295240875,-0.018251800579171393,-0.0005660469661322427,4,4,15
RPM-2008-02-07:1672:1,4,el registro del,0.0368037424368467,-0.051812161351557806,-0.0019068814414790764,0,1,8
RPM-2008-02-07:1672:1,4,el riesgo,0.02422281236564044,0.3774466825789937,0.009142820170144412,28,12,26
RPM-2008-02-07:1672:1,4,el riesgo que,0.03506841127462712,0.3135554773675664,0.010995892437737855,8,1,3
RPM-2008-02-07:1672:1,4,el senor,0.012113598920271574,-0.003868070055892181,-4.685624925259033e-05,59,40,318
RPM-2008-02-07:1672:1,4,el senor gerente,0.023655532981070773,0.2265431112909274,0.00535899804077692,15,4,53
RPM-2008-02-07:1672:1,4,el senor gerente de,0.026428594398166895,0.11617150759025398,0.003070249654726389,13,4,30
RPM-2008-02-07:1672:1,4,el ultimo,0.018892141890309848,-0.44420764509347155,-0.008392033859866263,32,28,89
RPM-2008-02-07:1672:1,4,el ultimo mes,0.025528188221412503,-0.3184437139858236,-0.008129291068555753,5,8,41
RPM-2008-02-07:1672:1,4,ello,0.014883035121873002,-0.1173071510465102,-0.0017458864490720726,60,41,173
RPM-2008-02-07:1672:1,4,ello se,0.023839272726899834,0.18567567066980017,0.004426372951847403,18,7,45
RPM-2008-02-07:1672:1,4,ello se agrega,0.037500618539465486,0.057086275794061454,0.002140770652391821,5,2,1
RPM-2008-02-07:1672:1,4,ellos,0.027801963827629773,0.12250978080939366,0.0034060124945936147,6,3,29
RPM-2008-02-07:1672:1,4,embargo,0.019070915083996793,0.5811429151601937,0.011082927186686405,48,25,72
RPM-2008-02-07:1672:1,4,embargo cree,0.040182448089388846,0.01713871057657223,0.0006886753480621732,1,1,3
RPM-2008-02-07:1672:1,4,embargo cree que,0.040182448089388846,0.01713871057657223,0.0006886753480621732,1,1,3
RPM-2008-02-07:1672:1,4,en,0.03593725818326718,-0.3553108836977367,-0.012768898962770382,106,80,660
RPM-2008-02-07:1672:1,4,en 25,0.02131455758340517,0.969110531139836,0.020656162220664402,58,19,26
RPM-2008-02-07:1672:1,4,en actividad,0.03916286381435615,0.07129270968171941,0.0027920266802216077,1,0,5
RPM-2008-02-07:1672:1,4,en algunos,0.028331382745317515,0.06290602219864394,0.0017822145918952215,10,7,18
RPM-2008-02-07:1672:1,4,en dicho,0.029761526819553033,-0.27566905009758713,-0.008204331827800048,1,6,21
RPM-2008-02-07:1672:1,4,en doce,0.027471184628583514,-0.028246931479814427,-0.0007759766698729299,6,6,28
RPM-2008-02-07:1672:1,4,en doce meses,0.027471184628583514,-0.028246931479814427,-0.0007759766698729299,6,6,28
RPM-2008-02-07:1672:1,4,en dos,0.033695041845164246,0.11041803442520604,0.0037205402904181037,3,2,10
RPM-2008-02-07:1672:1,4,en el,0.031803233850730604,-0.033652848032724975,-0.0010702693957278517,101,72,406
RPM-2008-02-07:1672:1,4,en el pasado,0.03255838892985373,0.03129055065551817,0.00101876991807165,4,3,11
RPM-2008-02-07:1672:1,4,en el precio,0.025899175480479153,-0.06364331187607578,-0.0016483093024373494,8,5,38
RPM-2008-02-07:1672:1,4,en el precio del,0.031294710331198204,-0.06994483210307705,-0.002188903259830089,5,3,14
RPM-2008-02-07:1672:1,4,en el registro,0.042864277639312214,-0.007552928276986292,-0.00032375081465455246,0,0,3
RPM-2008-02-07:1672:1,4,en esa,0.02715616292479117,-0.12172292526692972,-0.003305527590230923,9,9,24
RPM-2008-02-07:1672:1,4,en esta,0.018064287141225512,0.4032114855103363,0.007283728052898805,65,38,66
RPM-2008-02-07:1672:1,4,en esta ocasion,0.025649553195394147,0.5194558099059745,0.013323809428839843,27,11,15
RPM-2008-02-07:1672:1,4,en gran,0.03559783019231486,0.10989801766903556,0.003912130971454346,3,0,8
RPM-2008-02-07:1672:1,4,en gran parte,0.03916286381435615,0.004079894971859862,0.0001597803711598242,0,0,6
RPM-2008-02-07:1672:1,4,en la,0.03945030503747244,-0.04788877315591761,-0.0018892267088712713,83,57,263
RPM-2008-02-07:1672:1,4,en la compensacion,0.04138836033392068,0.06906902522570549,0.002858653703954156,1,0,3
RPM-2008-02-07:1672:1,4,en la direccion,0.03506841127462712,-0.2401486747103749,-0.008421632491800073,4,5,3
RPM-2008-02-07:1672:1,4,en la economia,0.051613548809976026,0.022780895321424514,0.0011758028526072987,9,7,9
RPM-2008-02-07:1672:1,4,en la economia internacional,0.042864277639312214,0.07215619910748954,0.0030929233519409235,2,1,0
RPM-2008-02-07:1672:1,4,en la medida,0.027311798470284813,0.23242044040717835,0.006347820228775696,7,5,29
RPM-2008-02-07:1672:1,4,en la medida en,0.03506841127462712,0.022889313713929767,0.0008026918671140518,1,1,10
RPM-2008-02-07:1672:1,4,en la produccion,0.040182448089388846,0.0018082411125430707,7.265955463786067e-05,0,0,5
RPM-2008-02-07:1672:1,4,en la tasa,0.025063842827258008,0.728733064041929,0.018264850980173053,28,9,21
RPM-2008-02-07:1672:1,4,en la tasa de,0.025649553195394147,0.732978814520096,0.018800579094130142,27,8,18
RPM-2008-02-07:1672:1,4,en las,0.03323948063625895,-0.005787859150173463,-0.00019238543214758502,48,37,152
RPM-2008-02-07:1672:1,4,en las expectativas,0.029761526819553033,0.5036878358368391,0.01499051903494071,10,2,16
RPM-2008-02-07:1672:1,4,en las expectativas de,0.03221912453977271,0.48964501009005446,0.01577593356036973,9,1,9
RPM-2008-02-07:1672:1,4,en los,0.023259655108584812,0.2780438176229659,0.0064672033029844435,67,44,215
RPM-2008-02-07:1672:1,4,en los precios,0.02402826288420085,0.6088190022786482,0.014628863035648233,25,8,35
RPM-2008-02-07:1672:1,4,en los precios de,0.02602761069084165,0.4717471150606407,0.012278450255326038,18,7,25
RPM-2008-02-07:1672:1,4,en los ultimos,0.020592291025405066,-0.07318107538619618,-0.0015069660019046591,20,15,80
RPM-2008-02-07:1672:1,4,en los ultimos treinta,0.042864277639312214,-0.08320319278926083,-0.0035664447561960964,1,1,1
RPM-2008-02-07:1672:1,4,en particular,0.02031316920844383,-0.033802267278849135,-0.0006866311748643067,30,20,70
RPM-2008-02-07:1672:1,4,en particular en,0.03074320723438118,-0.18334759650621926,-0.005636693155316401,3,4,17
RPM-2008-02-07:1672:1,4,en que,0.018590464595724398,0.001035004401202494,1.9241212676973893e-05,33,20,103
RPM-2008-02-07:1672:1,4,en relacion,0.021640446426957307,0.11782742862363257,0.0025498381567558566,9,7,82
RPM-2008-02-07:1672:1,4,en relacion las,0.040182448089388846,0.008549720470691153,0.00034354869899233244,0,0,5
RPM-2008-02-07:1672:1,4,en torno,0.01842406071209417,-0.13896873756653888,-0.0025603684580089944,32,25,103
RPM-2008-02-07:1672:1,4,en un,0.03758711454816266,-0.7099708501892443,-0.026685755671919557,41,37,95
RPM-2008-02-07:1672:1,4,en un alza,0.04138836033392068,0.06292723065964648,0.00260445489735719,3,1,0
RPM-2008-02-07:1672:1,4,en un crecimiento,0.04138836033392068,-0.0025905709650794126,-0.00010721948457329938,1,1,2
RPM-2008-02-07:1672:1,4,en uno,0.06481309796536469,-0.004123961656938718,-0.0002672867308765768,0,0,7
RPM-2008-02-07:1672:1,4,encuentran,0.029110423948090266,-0.17678799528613703,-0.005146373491712432,4,5,22
RPM-2008-02-07:1672:1,4,enero,0.02321734593055579,0.3338956774015059,0.0077521714469480215,18,9,50
RPM-2008-02-07:1672:1,4,enfrentan,0.0368037424368467,-0.015568468349783988,-0.0005729778992816497,0,0,9
RPM-2008-02-07:1672:1,4,entre,0.030133609809398932,-0.3833750362690057,-0.011552473753594382,22,26,128
RPM-2008-02-07:1672:1,4,es,0.020732330566139205,-0.05542485195124795,-0.001149086352232598,89,70,426
RPM-2008-02-07:1672:1,4,es un,0.022967723645470783,0.006180472299559633,0.000141951379774773,19,18,43
RPM-2008-02-07:1672:1,4,esa,0.01846527084855076,0.08884903169139306,0.0016406214348130429,31,25,103
RPM-2008-02-07:1672:1,4,esperadas,0.03255838892985373,-0.10139759595456183,-0.003301342365640787,5,4,9
RPM-2008-02-07:1672:1,4,esta,0.022715020019585162,0.07571624393013385,0.0017198959966807838,89,64,354
RPM-2008-02-07:1672:1,4,esta ocasion,0.025528188221412503,0.5251425051391132,0.013405936714255365,27,11,16
RPM-2008-02-07:1672:1,4,esta se,0.03506841127462712,0.2388081739403518,0.008374623259482948,6,1,5
RPM-2008-02-07:1672:1,4,estadistico,0.04138836033392068,-0.004337450520598033,-0.00017951996507706324,0,0,4
RPM-2008-02-07:1672:1,4,estadistico de,0.042864277639312214,-0.00021786891642373504,-9.338793722563087e-06,0,0,3
RPM-2008-02-07:1672:1,4,estados,0.01814256267613685,-0.034940247604463404,-0.0006339056320837177,25,21,121
RPM-2008-02-07:1672:1,4,estados unidos,0.01814256267613685,-0.034951025988972095,-0.0006341011796002141,25,21,121
RPM-2008-02-07:1672:1,4,estados unidos de,0.020204737181586167,-0.20006220691320648,-0.004042204310649448,14,13,95
RPM-2008-02-07:1672:1,4,estados unidos de america,0.02031316920844383,-0.22980437609764245,-0.004668055176512276,13,13,94
RPM-2008-02-07:1672:1,4,estas,0.019838640278013638,0.3990785335274223,0.007917175469327735,30,15,84
RPM-2008-02-07:1672:1,4,este,0.012097794359574929,-0.49457061530282653,-0.005983213600222037,73,61,284
RPM-2008-02-07:1672:1,4,este aumento,0.03827965974223823,0.11607588151321188,0.004443345248606112,3,1,3
RPM-2008-02-07:1672:1,4,estima,0.0179869271306432,0.21907087716198348,0.003940411903958684,44,32,95
RPM-2008-02-07:1672:1,4,estima que,0.01911637372001353,0.343555048126413,0.006567526693381746,38,25,81
RPM-2008-02-07:1672:1,4,esto,0.030987893067776925,-0.1683243661689468,-0.005216017459544651,43,29,91
RPM-2008-02-07:1672:1,4,esto es,0.04170216243478907,-0.3384322596725079,-0.014113357066035637,9,11,42
RPM-2008-02-07:1672:1,4,esto es un,0.037500618539465486,-0.11381544411987465,-0.004268149553839269,1,3,4
RPM-2008-02-07:1672:1,4,estos,0.018221775664880733,0.015533056845595028,0.00028303987723027254,43,29,93
RPM-2008-02-07:1672:1,4,expectativas,0.03201227882025834,0.2331205721281043,0.00746272075370302,67,50,142
RPM-2008-02-07:1672:1,4,expectativas de,0.030260870535701683,0.3328986363928298,0.010073802537395052,45,32,97
RPM-2008-02-07:1672:1,4,expectativas de inflacion,0.03630614279153495,0.29366543087396946,0.010661859066247972,36,24,41
RPM-2008-02-07:1672:1,4,expectativas de inflacion del,0.040182448089388846,0.07376318431244863,0.002963985324542989,3,0,2
RPM-2008-02-07:1672:1,4,expectativas inflacionarias,0.028906893873954655,0.01589471020162181,0.000459466700955546,11,9,12
RPM-2008-02-07:1672:1,4,explicacion,0.03506841127462712,0.08897571586863959,0.0031202369975358198,3,1,8
RPM-2008-02-07:1672:1,4,factores,0.023049888745624744,-0.379217611300713,-0.008740923750863003,11,16,52
RPM-2008-02-07:1672:1,4,fed,0.0602723658241696,-0.06121145159467757,-0.0036893590031428563,0,1,10
RPM-2008-02-07:1672:1,4,finalmente,0.023476759787383828,-0.15293610624295137,-0.0035904442290835815,21,15,38
RPM-2008-02-07:1672:1,4,finalmente el,0.031294710331198204,-0.5071793147807442,-0.01587202974203898,4,9,9
RPM-2008-02-07:1672:1,4,finalmente el gerente,0.042864277639312214,-0.2277916967942567,-0.009764126535319046,0,2,1
RPM-2008-02-07:1672:1,4,finalmente el gerente de,0.042864277639312214,-0.2277916967942567,-0.009764126535319046,0,2,1
RPM-2008-02-07:1672:1,4,financieros,0.019540204446617044,0.4229630971376396,0.008264785391443822,37,17,81
RPM-2008-02-07:1672:1,4,forward,0.028331382745317515,-0.04855975612659755,-0.0013757650368419123,6,4,25
RPM-2008-02-07:1672:1,4,forward de,0.042864277639312214,0.14823954377305906,0.0063541809614133795,3,0,0
RPM-2008-02-07:1672:1,4,futura,0.02797377103277975,0.3071582389459768,0.008592374247106608,16,8,13
RPM-2008-02-07:1672:1,4,futura del,0.042864277639312214,-0.03743146964589903,-0.0016044729073493038,1,1,1
RPM-2008-02-07:1672:1,4,futuras,0.03074320723438118,0.15470436242686395,0.0047561082741518915,9,4,11
RPM-2008-02-07:1672:1,4,futuras de,0.042864277639312214,0.007707087841036691,0.00033035875300876406,1,0,2
RPM-2008-02-07:1672:1,4,futuro,0.023389153135705765,0.041586100737193,0.0009726636784590935,25,14,36
RPM-2008-02-07:1672:1,4,gerente,0.03858711915278873,-0.031693164428241855,-0.0012229479121214936,26,17,235
RPM-2008-02-07:1672:1,4,gerente de,0.04068971367975845,-0.09660396412149472,-0.003930787640433278,25,16,205
RPM-2008-02-07:1672:1,4,gerente de investigacion,0.09289032770421769,-0.20122408280840925,-0.018691770994053773,5,4,2
RPM-2008-02-07:1672:1,4,gerente de investigacion economica,0.09289032770421769,-0.20122408280840925,-0.018691770994053773,5,4,2
RPM-2008-02-07:1672:1,4,gran,0.04342846867540394,0.04152135586571988,0.0018032089025747154,11,6,36
RPM-2008-02-07:1672:1,4,gran parte,0.03559783019231486,0.008357513979191367,0.00029750936346115196,0,0,11
RPM-2008-02-07:1672:1,4,gran parte de,0.04138836033392068,0.0044970275176340075,0.00018612459533139315,0,0,4
RPM-2008-02-07:1672:1,4,haber,0.0254090101231342,-0.052880245794603126,-0.0013436347007088954,9,7,39
RPM-2008-02-07:1672:1,4,haberse,0.03559783019231486,-0.281646389868509,-0.010026000360817692,4,5,2
RPM-2008-02-07:1672:1,4,han,0.02396643999167821,0.15562108305517325,0.0037296833484817805,65,42,199
RPM-2008-02-07:1672:1,4,hay,0.029281113987125403,-0.35654637543323964,-0.010440075060757099,32,31,127
RPM-2008-02-07:1672:1,4,hay un,0.028906893873954655,-0.23737897822969684,-0.006861888931593639,3,7,22
RPM-2008-02-07:1672:1,4,hebbel,0.03559783019231486,-0.14742664023320584,-0.005248068504845156,4,3,4
RPM-2008-02-07:1672:1,4,horizonte,0.02076559890112404,0.45524447886793307,0.009453424250122737,50,24,38
RPM-2008-02-07:1672:1,4,horizonte de,0.022270847542851996,0.348532004544204,0.007762103137008567,36,20,33
RPM-2008-02-07:1672:1,4,horizonte de politica,0.02495267709277536,-0.03784895109402178,-0.0009444326549493722,25,18,16
RPM-2008-02-07:1672:1,4,horizonte de politica monetaria,0.042864277639312214,0.03759275790893073,0.0016113864122358568,2,1,0
RPM-2008-02-07:1672:1,4,hoy,0.019301398526173904,-0.40237676512647713,-0.007766434301378809,33,31,76
RPM-2008-02-07:1672:1,4,importantes,0.039899931676907134,-0.08618317052925953,-0.0034387026158166916,16,13,44
RPM-2008-02-07:1672:1,4,importantes en,0.033695041845164246,-0.045971341331087226,-0.0015490062698293127,4,2,9
RPM-2008-02-07:1672:1,4,importantes en el,0.042864277639312214,-0.12989858193998904,-0.005568008881228638,0,1,2
RPM-2008-02-07:1672:1,4,inflacion,0.03334575547131114,0.08256070365293189,0.0027530490355500512,94,63,220
RPM-2008-02-07:1672:1,4,inflacion del,0.02473579846616863,0.5062998265934311,0.012523730474071237,26,6,29
RPM-2008-02-07:1672:1,4,inflacion del mercado,0.042864277639312214,0.04522662169041308,0.0019386064688260063,1,0,2
RPM-2008-02-07:1672:1,4,inflacionaria,0.05986367818058982,0.8413173088744275,0.05036434862621861,42,9,50
RPM-2008-02-07:1672:1,4,inflacionaria de,0.03559783019231486,0.16507777863265238,0.005876410732289702,4,0,7
RPM-2008-02-07:1672:1,4,inflacionaria en,0.03221912453977271,0.2556671361353875,0.008237371299873073,7,1,11
RPM-2008-02-07:1672:1,4,inflacionarias,0.0424019097385862,0.1229634043353074,0.005213883171774984,38,25,59
RPM-2008-02-07:1672:1,4,inflacionarias agrega,0.04138836033392068,0.20040029455838987,0.008294239602206484,3,0,1
RPM-2008-02-07:1672:1,4,inflacionarias agrega que,0.042864277639312214,0.16450390597992876,0.007051341098674979,2,0,1
RPM-2008-02-07:1672:1,4,instrumentos,0.029320416363242615,-0.025994698909315304,-0.0007621753952582533,4,4,22
RPM-2008-02-07:1672:1,4,intensidad,0.03221912453977271,0.05688899334764608,0.00183291356161011,5,2,12
RPM-2008-02-07:1672:1,4,intensidad en,0.04138836033392068,0.0026848500774086445,0.00011112154244634382,0,0,4
RPM-2008-02-07:1672:1,4,internacional,0.018675263263703112,0.05750312326781305,0.0010738859655115807,40,22,92
RPM-2008-02-07:1672:1,4,internacionales,0.022806393561954717,0.35414539146291707,0.008076779175855805,25,11,46
RPM-2008-02-07:1672:1,4,investigacion,0.08792511965182505,-0.18498165931749824,-0.01626453452888417,5,4,6
RPM-2008-02-07:1672:1,4,investigacion economica,0.09289032770421769,-0.20122408280840925,-0.018691770994053773,5,4,2
RPM-2008-02-07:1672:1,4,investigacion economica senor,0.036173341320952006,-0.08099617808353503,-0.0029299023955083247,5,3,2
RPM-2008-02-07:1672:1,4,investigacion economica senor klaus,0.0368037424368467,0.01595333517695518,0.0005871424388613445,5,2,2
RPM-2008-02-07:1672:1,4,ipc,0.020649557231658698,0.7099818562789693,0.014660810974671857,34,9,71
RPM-2008-02-07:1672:1,4,ipc del,0.03457824591728217,0.03520541116859942,0.0012173413650068629,3,1,9
RPM-2008-02-07:1672:1,4,ipc del mes,0.040182448089388846,0.0826584811338989,0.00332142012731062,1,0,4
RPM-2008-02-07:1672:1,4,ipc del mes de,0.04138836033392068,-0.003430576690731855,-0.00014198594422915918,0,0,4
RPM-2008-02-07:1672:1,4,items,0.03457824591728217,-0.10458594374110546,-0.0036163984821709822,1,2,10
RPM-2008-02-07:1672:1,4,klaus,0.03559783019231486,-0.09037965372299547,-0.003217319566071411,5,3,3
RPM-2008-02-07:1672:1,4,klaus schmidt,0.036173341320952006,-0.15268101165482245,-0.005522982347818144,4,3,3
RPM-2008-02-07:1672:1,4,klaus schmidt hebbel,0.036173341320952006,-0.15268101165482245,-0.005522982347818144,4,3,3
RPM-2008-02-07:1672:1,4,la,0.03155827442328213,-0.08361151897551639,-0.002638635260776807,106,80,664
RPM-2008-02-07:1672:1,4,la baja,0.019348474920668678,-0.4250578737665602,-0.008224221610405043,15,21,103
RPM-2008-02-07:1672:1,4,la baja en,0.027311798470284813,-0.08337680117895051,-0.0022771703908965016,8,8,25
RPM-2008-02-07:1672:1,4,la compensacion,0.08126930171032413,0.20393862946328567,0.016573950008241762,7,0,24
RPM-2008-02-07:1672:1,4,la compensacion inflacionaria,0.07766085641486596,0.20704355220793555,0.016079179579644286,7,0,21
RPM-2008-02-07:1672:1,4,la compensacion inflacionaria de,0.042864277639312214,0.066111876577576,0.0028338378328771597,1,0,2
RPM-2008-02-07:1672:1,4,la compensacion inflacionaria en,0.03827965974223823,0.01449292536619046,0.0005547842516874242,1,0,6
RPM-2008-02-07:1672:1,4,la crisis,0.026855465439925976,-0.2802453794374925,-0.007526120102182522,5,10,29
RPM-2008-02-07:1672:1,4,la direccion,0.03255838892985373,-0.05721566458636297,-0.0018628498604828642,8,6,4
RPM-2008-02-07:1672:1,4,la economia,0.041103918026079544,0.401017470361036,0.016483389228745808,65,37,90
RPM-2008-02-07:1672:1,4,la economia de,0.03255838892985373,0.17403099924043242,0.005666168959121078,5,2,11
RPM-2008-02-07:1672:1,4,la economia de estados,0.0368037424368467,0.1144164656483832,0.004210954132257414,2,0,7
RPM-2008-02-07:1672:1,4,la economia internacional,0.033294058137839,-0.3350078167092897,-0.011153769726149601,4,6,6
RPM-2008-02-07:1672:1,4,la economia mundial,0.027311798470284813,0.519216447812164,0.014180734985102975,19,6,16
RPM-2008-02-07:1672:1,4,la fed,0.037500618539465486,-0.06502464971364054,-0.0024384645845735974,0,1,7
RPM-2008-02-07:1672:1,4,la gran,0.042864277639312214,0.06884823067457985,0.002951129674610602,1,0,2
RPM-2008-02-07:1672:1,4,la mantencion,0.026710092434124217,0.1724322942829667,0.004605682518926149,22,9,14
RPM-2008-02-07:1672:1,4,la mantencion de,0.028150160299425395,0.3115210677297019,0.008769367993239264,19,6,11
RPM-2008-02-07:1672:1,4,la mantencion de la,0.02953729498984935,0.18127054361266695,0.005354241519657695,17,6,6
RPM-2008-02-07:1672:1,4,la medida,0.025649553195394147,0.17471939206408665,0.0044814743410147165,8,7,38
RPM-2008-02-07:1672:1,4,la medida en,0.03506841127462712,0.022889313713929767,0.0008026918671140518,1,1,10
RPM-2008-02-07:1672:1,4,la medida en que,0.03506841127462712,0.022889313713929767,0.0008026918671140518,1,1,10
RPM-2008-02-07:1672:1,4,la produccion,0.028150160299425395,0.026732160988584996,0.0007525146169787137,0,0,36
RPM-2008-02-07:1672:1,4,la que,0.022125474537050233,-0.175182519234068,-0.003875996368649684,23,19,49
RPM-2008-02-07:1672:1,4,la reduccion,0.028709440240765015,-0.18728894033177018,-0.00537696064021116,6,7,20
RPM-2008-02-07:1672:1,4,la tasa,0.027846631123310813,-0.2888041571398307,-0.008042222830751556,96,71,183
RPM-2008-02-07:1672:1,4,la tasa de,0.029933715081119507,0.05520145819054395,0.0016523847215380734,92,60,149
RPM-2008-02-07:1672:1,4,la tasa de politica,0.03607685981047331,0.16552303962520304,0.005971551495961868,71,45,77
RPM-2008-02-07:1672:1,4,las,0.033399213624245416,0.11286467740827955,0.003769591471390674,102,72,458
RPM-2008-02-07:1672:1,4,las alzas,0.03221912453977271,0.24410871732037076,0.007864969164589196,5,1,13
RPM-2008-02-07:1672:1,4,las alzas en,0.042864277639312214,0.04558685903833988,0.00195404778252359,1,0,2
RPM-2008-02-07:1672:1,4,las compensaciones,0.03221912453977271,0.33607745529960364,0.010828121387307824,9,1,9
RPM-2008-02-07:1672:1,4,las compensaciones inflacionarias,0.033294058137839,0.3458808918139398,0.011515778520820912,9,1,6
RPM-2008-02-07:1672:1,4,las decisiones,0.02953729498984935,-0.08295725912479285,-0.0024503330343183783,6,6,17
RPM-2008-02-07:1672:1,4,las decisiones de,0.033294058137839,-0.034275798112022623,-0.0011411804150625133,5,4,7
RPM-2008-02-07:1672:1,4,las decisiones de politica,0.037500618539465486,0.04973388591743976,0.001865051484275203,5,2,1
RPM-2008-02-07:1672:1,4,las expectativas,0.027496328118052814,0.2811876050528726,0.007731626651263231,59,46,118
RPM-2008-02-07:1672:1,4,las expectativas de,0.032137498810531656,0.3153458079090108,0.010134425526581978,40,29,78
RPM-2008-02-07:1672:1,4,las expectativas de inflacion,0.03848046170960868,0.250818754512382,0.009651621479065455,30,22,31
RPM-2008-02-07:1672:1,4,las novedades,0.05937598167635151,0.14750827639463732,0.008758448716318179,7,1,4
RPM-2008-02-07:1672:1,4,las proyecciones,0.01871807380477399,0.5090137254189115,0.009527756480034148,40,19,94
RPM-2008-02-07:1672:1,4,las tasas,0.018064287141225512,-0.6820767949309222,-0.01232123107599897,28,29,112
RPM-2008-02-07:1672:1,4,las tasas de,0.01999306454147762,-0.4642972696886526,-0.009282725279317072,22,22,82
RPM-2008-02-07:1672:1,4,le,0.017910461475481698,-0.5184606639421188,-0.00928586974808798,36,31,106
RPM-2008-02-07:1672:1,4,le parece,0.021126463235072068,-0.3185592887216741,-0.006730031101369156,27,22,57
RPM-2008-02-07:1672:1,4,le parece al,0.04138836033392068,0.049050928075798854,0.0020301374859143895,2,1,1
RPM-2008-02-07:1672:1,4,le parece al senor,0.042864277639312214,-0.03826244475265376,-0.0016400920550365954,1,1,1
RPM-2008-02-07:1672:1,4,levemente,0.02473579846616863,0.3077773038825886,0.007613117361300452,14,4,43
RPM-2008-02-07:1672:1,4,liquidez,0.04766236454328262,-0.12856574224305237,-0.0061277472745660715,2,6,28
RPM-2008-02-07:1672:1,4,llegando,0.03221912453977271,0.032164603648582486,0.0010363153707261068,3,1,15
RPM-2008-02-07:1672:1,4,lo,0.019314936462828804,-0.17177377241796393,-0.0033177995002333883,99,72,477
RPM-2008-02-07:1672:1,4,lo que,0.019935681312761744,-0.6624541854603561,-0.013206475525642823,58,57,324
RPM-2008-02-07:1672:1,4,lo que esta,0.02851771071481665,0.17640239793688908,0.005030592553764172,3,2,29
RPM-2008-02-07:1672:1,4,lo que sucede,0.042864277639312214,0.010872843188607876,0.0004660565691651927,0,0,3
RPM-2008-02-07:1672:1,4,lo tanto,0.021188568907379603,0.3659241296819479,0.007753408636638863,26,17,62
RPM-2008-02-07:1672:1,4,lo tanto senala,0.03916286381435615,-0.034761027673496286,-0.0013613413928242005,1,2,3
RPM-2008-02-07:1672:1,4,lo tanto senala que,0.04138836033392068,0.07224806647302433,0.002990229008614585,1,1,2
RPM-2008-02-07:1672:1,4,los,0.018464623197037518,0.341920799164005,0.006313438719793293,101,72,516
RPM-2008-02-07:1672:1,4,los precios,0.028934731011925938,0.21818382326942093,0.006313090237454281,53,32,111
RPM-2008-02-07:1672:1,4,los precios de,0.03308444206635456,-0.00914214451676719,-0.00030246275062722507,38,27,70
RPM-2008-02-07:1672:1,4,los precios de algunos,0.03559783019231486,0.14119743841783863,0.005026322436388055,6,1,4
RPM-2008-02-07:1672:1,4,los ultimos,0.01880453523863178,-0.2967938369602904,-0.0055810701657285165,25,21,105
RPM-2008-02-07:1672:1,4,los ultimos treinta,0.042864277639312214,-0.05714902567254619,-0.0024496517032442013,1,1,1
RPM-2008-02-07:1672:1,4,mantencion,0.02374676484824353,-0.3364315108705311,-0.007989159976181789,24,17,30
RPM-2008-02-07:1672:1,4,mantencion de,0.0254090101231342,-0.025950750543353718,-0.0006593828832590049,21,13,21
RPM-2008-02-07:1672:1,4,mantencion de la,0.02715616292479117,0.07666818786389462,0.002082013800780419,19,10,13
RPM-2008-02-07:1672:1,4,manteniendo,0.0368037424368467,0.06932767649614902,0.002551517949509299,4,3,2
RPM-2008-02-07:1672:1,4,mas,0.018129667807537123,0.38345851523847607,0.006951975499244983,95,65,356
RPM-2008-02-07:1672:1,4,mayor,0.014463684496506236,-0.3071165342178141,-0.0044420366545869245,62,47,183
RPM-2008-02-07:1672:1,4,mayor riesgo,0.03457824591728217,-0.017523130727918335,-0.0006059191235506438,5,4,4
RPM-2008-02-07:1672:1,4,mayoria,0.026855465439925976,0.20799149633301556,0.005585708441569789,12,5,27
RPM-2008-02-07:1672:1,4,mayoria de,0.02851771071481665,0.237035120003869,0.006759698981522185,8,4,22
RPM-2008-02-07:1672:1,4,mayoria de las,0.033294058137839,0.06121692299046669,0.0020381597930642105,5,2,9
RPM-2008-02-07:1672:1,4,medida,0.03619688511124715,0.12205092696017208,0.004417863380898566,23,18,61
RPM-2008-02-07:1672:1,4,medida de,0.03412191288692333,0.023874270016356378,0.000814635761736998,3,3,8
RPM-2008-02-07:1672:1,4,medida en,0.0318964163673588,-0.06756012557322365,-0.0021549258951145864,2,2,16
RPM-2008-02-07:1672:1,4,medida en que,0.03506841127462712,0.022889313713929767,0.0008026918671140518,1,1,10
RPM-2008-02-07:1672:1,4,medidas,0.03268010849545523,0.06040126423457037,0.0019739198684484197,40,23,77
RPM-2008-02-07:1672:1,4,medidas de,0.039026854141874956,0.3484306903353387,0.013598153730270063,28,11,40
RPM-2008-02-07:1672:1,4,medidas de compensacion,0.03916286381435615,0.03252593169519226,0.0012738086334138647,1,0,5
RPM-2008-02-07:1672:1,4,medidas de compensacion inflacionaria,0.04138836033392068,0.03702206184085009,0.0015322824357737984,1,0,3
RPM-2008-02-07:1672:1,4,menciona,0.018590464595724398,-0.34671472361725353,-0.006445587794222922,27,29,100
RPM-2008-02-07:1672:1,4,menciona el,0.02715616292479117,-0.035359972717627454,-0.0009602411801360619,12,7,23
RPM-2008-02-07:1672:1,4,menciona el gerente,0.0368037424368467,-0.023814172151647377,-0.0008764506582159574,3,1,5
RPM-2008-02-07:1672:1,4,menciona el gerente de,0.03916286381435615,-0.027545603257641736,-0.0010787647090633086,3,1,2
RPM-2008-02-07:1672:1,4,menor,0.01787255761527715,-0.20963658801675328,-0.003746741997599542,32,27,115
RPM-2008-02-07:1672:1,4,menos,0.030260870535701683,-0.08081353043651486,-0.0024454877820723636,33,24,117
RPM-2008-02-07:1672:1,4,mercado,0.014112016000744016,-0.1286906885243469,-0.0018160850556023476,68,51,189
RPM-2008-02-07:1672:1,4,mercado en,0.0318964163673588,0.1434573094856298,0.004575774074294699,6,4,10
RPM-2008-02-07:1672:1,4,mes,0.0367690893411571,-0.5267174023605494,-0.019366919224937235,39,38,176
RPM-2008-02-07:1672:1,4,mes atras,0.0318964163673588,-0.09662392008649598,-0.003081956786125279,2,2,16
RPM-2008-02-07:1672:1,4,mes de,0.021707596298178134,-0.1798184177648937,-0.003903425619817456,12,12,73
RPM-2008-02-07:1672:1,4,mes de enero,0.0329160006423915,0.07640645871552343,0.002514995044163029,3,2,12
RPM-2008-02-07:1672:1,4,meses,0.029796508168703682,0.13099618835584054,0.003903228996413849,69,47,188
RPM-2008-02-07:1672:1,4,meses de,0.029761526819553033,-0.06449739008693765,-0.001919540804863569,2,3,23
RPM-2008-02-07:1672:1,4,meses pero,0.040182448089388846,-0.040517240682017897,-0.001628081920430458,0,1,4
RPM-2008-02-07:1672:1,4,meses se,0.02953729498984935,-0.08204685097384122,-0.0024234420402025566,6,5,18
RPM-2008-02-07:1672:1,4,mientras,0.01834240281684092,-0.10464555845046161,-0.001919450986091638,22,20,120
RPM-2008-02-07:1672:1,4,mientras que,0.020098054134841677,-0.155235606449951,-0.003119933622086093,17,16,91
RPM-2008-02-07:1672:1,4,mientras que las,0.031294710331198204,-0.30320758572831863,-0.009488793565589678,2,5,15
RPM-2008-02-07:1672:1,4,modifiquen,0.042864277639312214,-0.09377706583906503,-0.0040196861863257445,1,1,1
RPM-2008-02-07:1672:1,4,monetaria,0.031308206135917054,0.3792971982693918,0.01187511487019392,103,72,183
RPM-2008-02-07:1672:1,4,monetaria del,0.036173341320952006,0.018888576529877105,0.0006832629258821677,5,3,2
RPM-2008-02-07:1672:1,4,monetaria en,0.017363521473364098,0.05521774528211987,0.0009587745059168374,79,40,69
RPM-2008-02-07:1672:1,4,monetaria en 25,0.024322275976880674,0.6579779741317665,0.01600352187354168,43,11,11
RPM-2008-02-07:1672:1,4,mucha,0.05705066509898922,0.12627942925669997,0.007204325427415491,2,0,13
RPM-2008-02-07:1672:1,4,mundial,0.02198322807609727,0.5023893069659026,0.01104413871802388,31,14,48
RPM-2008-02-07:1672:1,4,muy,0.015408446644403636,0.0328908513405409,0.0005067969279697362,46,37,170
RPM-2008-02-07:1672:1,4,nacionales,0.02797377103277975,-0.22473460425073682,-0.006286674362452483,6,6,25
RPM-2008-02-07:1672:1,4,niveles,0.018261740774415156,-0.03237331005291736,-0.000591192996196145,35,25,104
RPM-2008-02-07:1672:1,4,no,0.020947168692407262,-0.14372288732297453,-0.0030105875657141885,88,64,424
RPM-2008-02-07:1672:1,4,no se,0.017190817000966665,-0.17383780504633545,-0.002988413894401272,32,29,132
RPM-2008-02-07:1672:1,4,no se puede,0.028709440240765015,0.18185652378028005,0.005220999001863212,10,7,16
RPM-2008-02-07:1672:1,4,nominal,0.02851771071481665,0.016700106003229298,0.000476248791906866,3,2,29
RPM-2008-02-07:1672:1,4,nominal en,0.042864277639312214,-0.006316563662264747,-0.00027075493854570687,0,0,3
RPM-2008-02-07:1672:1,4,novedad,0.036173341320952006,-0.02672390935837492,-0.0009666930946506796,4,2,4
RPM-2008-02-07:1672:1,4,novedades,0.060664362711106146,-0.1541325966837473,-0.009350355750827481,11,7,14
RPM-2008-02-07:1672:1,4,novedades en,0.03827965974223823,-0.13679220128808506,-0.005236358920699658,2,2,3
RPM-2008-02-07:1672:1,4,ocasion,0.02442325817508762,0.46415966418904364,0.011336291312950985,27,11,26
RPM-2008-02-07:1672:1,4,oferta,0.02484334889282446,0.33664636028702066,0.008363422982109939,11,3,46
RPM-2008-02-07:1672:1,4,oferta en,0.042864277639312214,0.07816323064266464,0.003350410419452773,1,0,2
RPM-2008-02-07:1672:1,4,otros,0.02047922493018402,0.11313100390439546,0.0023168352755356413,28,14,75
RPM-2008-02-07:1672:1,4,otros paises,0.033695041845164246,0.040571369828154125,0.0013670540040752873,2,2,11
RPM-2008-02-07:1672:1,4,paises,0.023049888745624744,0.4505330169502746,0.010384735916934496,17,9,53
RPM-2008-02-07:1672:1,4,para,0.01802188234216878,0.20273619771264934,0.0036536879016760334,96,65,360
RPM-2008-02-07:1672:1,4,para el,0.016666645370745314,0.4095737207258626,0.006826219956514632,39,22,148
RPM-2008-02-07:1672:1,4,para el primer,0.03158872342387802,0.09186025531030674,0.002901748198644102,2,0,19
RPM-2008-02-07:1672:1,4,para el primer trimestre,0.0329160006423915,0.09276713589070099,0.0030535231045711333,2,0,15
RPM-2008-02-07:1672:1,4,para plazos,0.04138836033392068,-0.06343552336375824,-0.00262549229895007,0,1,3
RPM-2008-02-07:1672:1,4,parece,0.018936384232556242,-0.44181608092314684,-0.00836639906848287,38,31,79
RPM-2008-02-07:1672:1,4,parece al,0.04138836033392068,0.049050928075798854,0.0020301374859143895,2,1,1
RPM-2008-02-07:1672:1,4,parece al senor,0.042864277639312214,-0.03826244475265376,-0.0016400920550365954,1,1,1
RPM-2008-02-07:1672:1,4,parte,0.025827304986486277,0.227246177250235,0.0058691563268549385,57,36,166
RPM-2008-02-07:1672:1,4,parte de,0.023933092817742665,0.1823152167025202,0.004363367003428284,14,8,47
RPM-2008-02-07:1672:1,4,parte de la,0.03221912453977271,-0.009979032416468832,-0.00032151568821263827,3,3,13
RPM-2008-02-07:1672:1,4,parte la,0.028709440240765015,0.11684033282067743,0.003354420552826334,5,3,25
RPM-2008-02-07:1672:1,4,particular,0.018261740774415156,-0.05297094660797827,-0.000967341695530285,36,26,102
RPM-2008-02-07:1672:1,4,particular en,0.03074320723438118,-0.18334759650621926,-0.005636693155316401,3,4,17
RPM-2008-02-07:1672:1,4,pasado,0.019208239162118945,-0.20550940507137003,-0.003947473802675656,23,17,102
RPM-2008-02-07:1672:1,4,pero,0.02403963517643851,-0.34717995210577346,-0.008346079389196188,54,46,204
RPM-2008-02-07:1672:1,4,pero esta,0.042864277639312214,-0.0595136193713007,-0.002551008304051783,0,1,2
RPM-2008-02-07:1672:1,4,petroleo,0.0179869271306432,0.3507652088129779,0.00630918825088388,43,18,110
RPM-2008-02-07:1672:1,4,petroleo en,0.03255838892985373,0.281437476690504,0.009163150825526073,3,0,15
RPM-2008-02-07:1672:1,4,plazo,0.026177296702038107,0.04096786468093587,0.001072427949001806,63,41,147
RPM-2008-02-07:1672:1,4,plazo de,0.029110423948090266,0.23605002381021406,0.0068715162660721325,11,3,17
RPM-2008-02-07:1672:1,4,plazo de la,0.037500618539465486,-0.05470743439803617,-0.0020515626286335873,2,2,4
RPM-2008-02-07:1672:1,4,plazos,0.05546337297621822,-0.033071105229772524,-0.0018342350440946344,15,10,22
RPM-2008-02-07:1672:1,4,politica,0.03673906597419957,0.3417803302108189,0.012556690100298988,105,74,216
RPM-2008-02-07:1672:1,4,politica de,0.02999362802020818,0.0504098836260867,0.0015119752980228276,16,5,6
RPM-2008-02-07:1672:1,4,politica monetaria,0.0316639043736445,0.4310386093412515,0.013648365307530094,103,71,176
RPM-2008-02-07:1672:1,4,politica monetaria del,0.0368037424368467,-0.05378330937800477,-0.001979427065749329,4,3,2
RPM-2008-02-07:1672:1,4,politica monetaria en,0.017649585754241807,0.01980888158606664,0.00034961855424890464,78,40,62
RPM-2008-02-07:1672:1,4,politica monetaria en 25,0.024322275976880674,0.6579779741317665,0.01600352187354168,43,11,11
RPM-2008-02-07:1672:1,4,politica se,0.040182448089388846,0.001689243630442587,6.787794449059001e-05,3,2,0
RPM-2008-02-07:1672:1,4,por,0.027630379761670924,-0.31096483951758125,-0.008592076608397824,100,79,452
RPM-2008-02-07:1672:1,4,por las,0.024322275976880674,0.05773339884925752,0.0014042076598949666,16,9,40
RPM-2008-02-07:1672:1,4,por lo,0.027698114179137225,0.3087434031609102,0.008551610032806288,54,37,128
RPM-2008-02-07:1672:1,4,por lo que,0.022806393561954717,-0.003247171912676608,-7.405628060382797e-05,13,13,56
RPM-2008-02-07:1672:1,4,por lo que esta,0.04138836033392068,0.0008714007419718464,3.606584790397662e-05,0,0,4
RPM-2008-02-07:1672:1,4,por lo tanto,0.021188568907379603,0.3659241296819479,0.007753408636638863,26,17,62
RPM-2008-02-07:1672:1,4,por lo tanto senala,0.03916286381435615,-0.034761027673496286,-0.0013613413928242005,1,2,3
RPM-2008-02-07:1672:1,4,por riesgo,0.06294499634494904,0.036183421914037346,0.00227756536012683,7,4,16
RPM-2008-02-07:1672:1,4,por su,0.021913235830314234,-0.2666210184717479,-0.0058425292550899795,17,15,62
RPM-2008-02-07:1672:1,4,por su parte,0.02288656673150953,-0.1489095136672941,-0.003408027521503157,16,11,54
RPM-2008-02-07:1672:1,4,por su parte la,0.03221912453977271,0.09322967479701678,0.0030037785030875928,3,2,14
RPM-2008-02-07:1672:1,4,porque,0.030919814904317614,0.1245304944665206,0.003850459838847966,22,13,129
RPM-2008-02-07:1672:1,4,porque el,0.03255838892985373,0.08033781288510441,0.002615669757687044,3,1,14
RPM-2008-02-07:1672:1,4,precio,0.01651100982525167,0.0684278593170274,0.0011298130575043783,40,23,151
RPM-2008-02-07:1672:1,4,precio del,0.018632728033481802,-0.018990300972820756,-0.000353841113300534,33,17,105
RPM-2008-02-07:1672:1,4,precio del petroleo,0.021251263267819297,0.24009835881051284,0.0051023934332535496,25,9,70
RPM-2008-02-07:1672:1,4,precio del petroleo en,0.036173341320952006,0.0745203525003358,0.002695650146352306,1,0,9
RPM-2008-02-07:1672:1,4,precios,0.03174787743651806,0.839630847570076,0.026656497240574548,69,36,159
RPM-2008-02-07:1672:1,4,precios con,0.03916286381435615,-0.003179086258277045,-0.00012450212218699497,0,0,6
RPM-2008-02-07:1672:1,4,precios de,0.031334633564434805,0.2365689292751054,0.007412800711566121,46,28,84
RPM-2008-02-07:1672:1,4,precios de algunos,0.03457824591728217,0.1377512855745499,0.004763197828018551,6,1,6
RPM-2008-02-07:1672:1,4,precisamente,0.03412191288692333,-0.08253057306965697,-0.0028161010247906956,3,3,8
RPM-2008-02-07:1672:1,4,premio,0.08494690145602435,0.04383758900010503,0.003723867352861619,1,0,10
RPM-2008-02-07:1672:1,4,primer,0.018892141890309848,0.14108272790994072,0.0026653549139465777,30,20,99
RPM-2008-02-07:1672:1,4,primer trimestre,0.02452580605101628,-0.23411718688225758,-0.005741912718683782,5,7,51
RPM-2008-02-07:1672:1,4,primer trimestre de,0.031294710331198204,-0.09978018876643266,-0.0031225921042377872,2,2,18
RPM-2008-02-07:1672:1,4,probablemente,0.0254090101231342,-0.05943696096365599,-0.0015102343428138674,10,10,35
RPM-2008-02-07:1672:1,4,produccion,0.02402826288420085,0.10664489990548053,0.0025624916901881723,3,1,64
RPM-2008-02-07:1672:1,4,proyecciones,0.017190817000966665,0.33312884549708555,0.005726757020683696,54,29,110
RPM-2008-02-07:1672:1,4,proyectado,0.022727180573210833,0.6634848457619675,0.015079139897221174,29,6,48
RPM-2008-02-07:1672:1,4,proyectado para,0.03827965974223823,-0.004538336057909151,-0.00017372596009269307,1,1,5
RPM-2008-02-07:1672:1,4,proyectado para el,0.04138836033392068,0.007880486744175165,0.00032616042497460714,0,0,4
RPM-2008-02-07:1672:1,4,puede,0.017469351019171277,0.3890978853393312,0.006797287539810034,39,26,120
RPM-2008-02-07:1672:1,4,pueden,0.02484334889282446,0.060456888012394024,0.0015019515618663215,18,8,34
RPM-2008-02-07:1672:1,4,puntos,0.035109657014410926,0.8366671709378063,0.029375097406843895,77,34,96
RPM-2008-02-07:1672:1,4,puntos base,0.037507569041349435,0.8870926828110012,0.03327269004660952,75,32,67
RPM-2008-02-07:1672:1,4,puntos base agrega,0.04138836033392068,0.04636613941693571,0.0019190184854809382,2,1,1
RPM-2008-02-07:1672:1,4,puntos base agrega que,0.04138836033392068,0.04636613941693571,0.0019190184854809382,2,1,1
RPM-2008-02-07:1672:1,4,puntos base en,0.02402826288420085,1.083930440705257,0.026044965577453595,38,7,23
RPM-2008-02-07:1672:1,4,puntos base en los,0.037500618539465486,0.14401162069835383,0.005400524853059159,3,0,5
RPM-2008-02-07:1672:1,4,que apunta,0.040182448089388846,-0.12416517575392874,-0.004989260729242084,1,2,2
RPM-2008-02-07:1672:1,4,que aun,0.02797377103277975,0.05084698220987965,0.0014223818380469985,10,6,21
RPM-2008-02-07:1672:1,4,que aun se,0.042864277639312214,-0.14976759531806666,-0.006419679787085766,0,2,1
RPM-2008-02-07:1672:1,4,que consiste,0.03559783019231486,-0.2675675642403895,-0.009524824716800684,1,3,7
RPM-2008-02-07:1672:1,4,que consiste en,0.036173341320952006,-0.2730400433684129,-0.009876770683053138,1,3,6
RPM-2008-02-07:1672:1,4,que detras,0.03916286381435615,-0.12933182681331373,-0.005065004720351701,1,2,3
RPM-2008-02-07:1672:1,4,que detras de,0.040182448089388846,-0.17814797022555934,-0.007158421565818528,0,2,3
RPM-2008-02-07:1672:1,4,que ello,0.02184397650109291,-0.35540072088153096,-0.0077633649954076435,11,17,67
RPM-2008-02-07:1672:1,4,que ello se,0.030483793377553133,0.0935093472114863,0.0028505196192648223,3,1,21
RPM-2008-02-07:1672:1,4,que en,0.025322481436492888,-0.4728537652863351,-0.011973830693638986,77,62,281
RPM-2008-02-07:1672:1,4,que en la,0.03945488675444154,0.2129112514240733,0.008400389313683242,18,8,50
RPM-2008-02-07:1672:1,4,que en la economia,0.07007658560737688,0.10184250174146048,0.007136774791754884,2,0,2
RPM-2008-02-07:1672:1,4,que esta,0.01834240281684092,-0.19140992280866642,-0.003510917907296986,29,25,108
RPM-2008-02-07:1672:1,4,que estas,0.029320416363242615,-0.025218619751741805,-0.0007394204312273639,5,4,21
RPM-2008-02-07:1672:1,4,que hay,0.022727180573210833,-0.33927086797331296,-0.0077106702796594555,9,16,58
RPM-2008-02-07:1672:1,4,que hay un,0.03457824591728217,0.13201857812339016,0.0045649708600005124,2,0,11
RPM-2008-02-07:1672:1,4,que la,0.011309989136036055,0.20383283372075986,0.0023053471349492377,95,68,308
RPM-2008-02-07:1672:1,4,que las,0.02441296385985524,-0.19707232740687977,-0.004811119606761715,57,46,191
RPM-2008-02-07:1672:1,4,que las compensaciones,0.037500618539465486,0.19309640257132593,0.007241234534170356,4,0,4
RPM-2008-02-07:1672:1,4,que las compensaciones inflacionarias,0.03827965974223823,0.19686481476869563,0.007535918124564425,4,0,3
RPM-2008-02-07:1672:1,4,que lo,0.017649585754241807,-0.3144576508142174,-0.005550047274122956,30,30,120
RPM-2008-02-07:1672:1,4,que lo que,0.026428594398166895,-0.3358150024111509,-0.008875118491543746,5,9,33
RPM-2008-02-07:1672:1,4,que quisiera,0.040182448089388846,0.01493201597984406,0.0006000049569800087,0,0,5
RPM-2008-02-07:1672:1,4,que resulta,0.03158872342387802,0.3022422974980807,0.009547448342664331,6,1,14
RPM-2008-02-07:1672:1,4,que se,0.010274409192978898,-0.18933225888905483,-0.0019452771012571657,83,68,400
RPM-2008-02-07:1672:1,4,que se debe,0.03255838892985373,-0.11345355473312294,-0.0036938649604754637,4,5,9
RPM-2008-02-07:1672:1,4,que si,0.01802549403585903,0.051359178383195564,0.0009257745636329117,26,23,121
RPM-2008-02-07:1672:1,4,que si se,0.02851771071481665,-0.21750930712901118,-0.0062028674984853475,1,4,29
RPM-2008-02-07:1672:1,4,que son,0.02602761069084165,-0.384959374861867,-0.010019572740694448,3,9,38
RPM-2008-02-07:1672:1,4,que sucede,0.042864277639312214,0.010872843188607876,0.0004660565691651927,0,0,3
RPM-2008-02-07:1672:1,4,quisiera,0.037500618539465486,0.012445665955623233,0.00046672017147143905,1,1,6
RPM-2008-02-07:1672:1,4,reales,0.02629221419525212,-0.06280959385030786,-0.0016514032950290848,5,7,36
RPM-2008-02-07:1672:1,4,reales en,0.04138836033392068,0.07136187959457721,0.002953551186766223,1,0,3
RPM-2008-02-07:1672:1,4,realizadas,0.040182448089388846,0.04073784987354215,0.0016369465378169234,1,0,4
RPM-2008-02-07:1672:1,4,realizadas en,0.042864277639312214,0.04465204017506201,0.001913977447225581,1,0,2
RPM-2008-02-07:1672:1,4,reciente,0.021707596298178134,0.13097842780215574,0.0028432268344992678,27,13,57
RPM-2008-02-07:1672:1,4,reduccion,0.03861458095816412,-0.6668486117531915,-0.02575007970538297,21,18,43
RPM-2008-02-07:1672:1,4,reduccion del,0.03559783019231486,-0.07923795174784407,-0.0028206991511065915,2,2,7
RPM-2008-02-07:1672:1,4,redujo,0.03506841127462712,-0.08329205127180109,-0.0029209199099068496,0,1,11
RPM-2008-02-07:1672:1,4,reflejado,0.029110423948090266,0.26035346310487095,0.007578999687336271,10,3,18
RPM-2008-02-07:1672:1,4,registro,0.023839272726899834,0.23901029148665864,0.005697831523286281,15,7,48
RPM-2008-02-07:1672:1,4,registro del,0.03559783019231486,-0.0694964036122453,-0.002473921174765285,1,2,8
RPM-2008-02-07:1672:1,4,relacion,0.01958901799292863,-0.015495258882909854,-0.0003035369050624083,11,13,110
RPM-2008-02-07:1672:1,4,relacion las,0.040182448089388846,0.008549720470691153,0.00034354869899233244,0,0,5
RPM-2008-02-07:1672:1,4,rendimiento,0.0318964163673588,-0.10662737177767401,-0.003401031046377853,1,2,17
RPM-2008-02-07:1672:1,4,respecto,0.012866976855045483,0.1309699352509852,0.001685187125581232,55,44,273
RPM-2008-02-07:1672:1,4,restrictiva,0.07007658560737688,0.04659475173225576,0.003265201108619893,2,1,1
RPM-2008-02-07:1672:1,4,resulta,0.023839272726899834,-0.012813690240507485,-0.00030546905628147265,13,12,45
RPM-2008-02-07:1672:1,4,resulta dificil,0.0368037424368467,0.14609430053428374,0.0053768170083550535,2,1,6
RPM-2008-02-07:1672:1,4,riesgo,0.045585186855044826,0.09765098670435157,0.004451438475497364,58,35,92
RPM-2008-02-07:1672:1,4,riesgo que,0.027634506642698727,-0.07754465842115134,-0.0021429083782451104,13,10,16
RPM-2008-02-07:1672:1,4,schmidt,0.03559783019231486,-0.14742664023320584,-0.005248068504845156,4,3,4
RPM-2008-02-07:1672:1,4,schmidt hebbel,0.03559783019231486,-0.14742664023320584,-0.005248068504845156,4,3,4
RPM-2008-02-07:1672:1,4,se,0.025936098149146977,-0.0049862464203156015,-0.0001293237765531382,104,77,614
RPM-2008-02-07:1672:1,4,se agrega,0.03412191288692333,0.04339887014634185,0.0014808524665243742,5,2,7
RPM-2008-02-07:1672:1,4,se debe,0.05575560804273876,-0.12311109322348486,-0.006864133859481694,10,11,25
RPM-2008-02-07:1672:1,4,se encuentran,0.029110423948090266,-0.17678799528613703,-0.005146373491712432,4,5,22
RPM-2008-02-07:1672:1,4,se enfrentan,0.042864277639312214,-0.02532875741948455,-0.001085698890287575,0,0,3
RPM-2008-02-07:1672:1,4,se han,0.01787255761527715,0.11748628420644218,0.0020997803834844637,39,27,108
RPM-2008-02-07:1672:1,4,se puede,0.022648905038299496,0.17220318145287755,0.0039002135040192808,19,13,52
RPM-2008-02-07:1672:1,4,se redujo,0.0368037424368467,-0.0017392947370716456,-6.401255552494784e-05,0,0,9
RPM-2008-02-07:1672:1,4,senala,0.026333954732974497,-0.0970616469928317,-0.00255601701821718,80,57,354
RPM-2008-02-07:1672:1,4,senala el,0.021775434898040652,-0.03002196548688621,-0.000653741354970914,28,17,51
RPM-2008-02-07:1672:1,4,senala el senor,0.02288656673150953,-0.06336425697846518,-0.0014501902957301618,23,14,44
RPM-2008-02-07:1672:1,4,senala el senor gerente,0.03221912453977271,-0.003980889980234662,-0.0001282607900523139,3,1,15
RPM-2008-02-07:1672:1,4,senala que,0.01975892056578183,-0.0863197417120921,-0.0017055849197480323,74,54,318
RPM-2008-02-07:1672:1,4,senala que la,0.02529194148285638,0.29377289011251295,0.007430086745975275,15,7,34
RPM-2008-02-07:1672:1,4,senala tambien,0.03559783019231486,-0.19426589199964467,-0.006915444235561929,2,3,6
RPM-2008-02-07:1672:1,4,senala tambien que,0.036173341320952006,-0.19380512256842966,-0.007010578848416745,2,3,5
RPM-2008-02-07:1672:1,4,senalar,0.028906893873954655,-0.3463265079265427,-0.010011223610369884,10,8,14
RPM-2008-02-07:1672:1,4,senalar que,0.03221912453977271,-0.12719861616379224,-0.004098228055467968,5,3,11
RPM-2008-02-07:1672:1,4,senor,0.015391406284792948,-0.17130584038056768,-0.002636637788255207,83,69,708
RPM-2008-02-07:1672:1,4,senor gerente,0.03960127868740502,0.2517420261416115,0.009969306134565956,15,4,56
RPM-2008-02-07:1672:1,4,senor gerente de,0.044290341783887126,0.1442301890587826,0.006388004368968139,13,4,32
RPM-2008-02-07:1672:1,4,senor klaus,0.03559783019231486,-0.09037965372299547,-0.003217319566071411,5,3,3
RPM-2008-02-07:1672:1,4,senor klaus schmidt,0.036173341320952006,-0.15268101165482245,-0.005522982347818144,4,3,3
RPM-2008-02-07:1672:1,4,senor klaus schmidt hebbel,0.036173341320952006,-0.15268101165482245,-0.005522982347818144,4,3,3
RPM-2008-02-07:1672:1,4,sesgo,0.02473579846616863,-0.7470990430331714,-0.018480091362735974,18,23,20
RPM-2008-02-07:1672:1,4,shocks,0.02999362802020818,0.4094934855059882,0.01228219528096512,12,3,12
RPM-2008-02-07:1672:1,4,si,0.025488321556763716,0.04027823493413485,0.0010266246037401027,63,42,310
RPM-2008-02-07:1672:1,4,si el,0.027801963827629773,0.10995775356819835,0.003057041487270479,6,4,28
RPM-2008-02-07:1672:1,4,si esto,0.04138836033392068,0.013086286442156828,0.0005416199387008877,0,0,4
RPM-2008-02-07:1672:1,4,si se,0.019787956462919767,0.060975290881192634,0.0012065764012709086,25,15,90
RPM-2008-02-07:1672:1,4,sin,0.01644976674413858,0.6197875108391288,0.010195359984233932,64,34,118
RPM-2008-02-07:1672:1,4,sin embargo,0.019070915083996793,0.5811429151601937,0.011082927186686405,48,25,72
RPM-2008-02-07:1672:1,4,sin embargo cree,0.040182448089388846,0.01713871057657223,0.0006886753480621732,1,1,3
RPM-2008-02-07:1672:1,4,sin embargo cree que,0.040182448089388846,0.01713871057657223,0.0006886753480621732,1,1,3
RPM-2008-02-07:1672:1,4,sola,0.03827965974223823,0.015370821613824828,0.0005883898213358555,2,1,4
RPM-2008-02-07:1672:1,4,solo,0.020707323585782398,-0.5171677617972213,-0.010709160191669894,21,17,75
RPM-2008-02-07:1672:1,4,solo han,0.042864277639312214,0.009888460753327345,0.0004238617271560657,0,0,3
RPM-2008-02-07:1672:1,4,son,0.01559328677102067,-0.007158342975459267,-0.00011162209482165774,54,40,152
RPM-2008-02-07:1672:1,4,sorpresas,0.02529194148285638,0.6994019674118377,0.017689233632774824,20,5,31
RPM-2008-02-07:1672:1,4,sorpresiva,0.03827965974223823,-0.21215306611887555,-0.008121147184303125,1,4,2
RPM-2008-02-07:1672:1,4,su,0.011538087791634429,-0.5649123384825272,-0.006518008155988903,91,69,295
RPM-2008-02-07:1672:1,4,su parte,0.02288656673150953,-0.14934766358151413,-0.0034180552687533587,16,11,54
RPM-2008-02-07:1672:1,4,su parte la,0.03221912453977271,0.09322967479701678,0.0030037785030875928,3,2,14
RPM-2008-02-07:1672:1,4,sube,0.03559783019231486,0.14027803847845108,0.004993593793466912,1,0,10
RPM-2008-02-07:1672:1,4,sucede,0.06349406654935,0.01655454557247966,0.0010511154182732709,0,0,8
RPM-2008-02-07:1672:1,4,sucede con,0.042864277639312214,0.005302037709283915,0.00022726801642484868,0,0,3
RPM-2008-02-07:1672:1,4,sugiere,0.026855465439925976,-0.33392333202443114,-0.008967666502767037,11,12,21
RPM-2008-02-07:1672:1,4,sus,0.017686229645778012,-0.2580386046110694,-0.004563730018627487,47,31,101
RPM-2008-02-07:1672:1,4,tambien,0.02243462653712505,0.1660293606869341,0.003724806701208998,64,46,241
RPM-2008-02-07:1672:1,4,tambien las,0.0368037424368467,0.01361171567112639,0.0005009620776837255,1,1,7
RPM-2008-02-07:1672:1,4,tambien que,0.026710092434124217,0.11995358158801384,0.0032039712520201104,14,8,23
RPM-2008-02-07:1672:1,4,tambien que en,0.04138836033392068,-0.015410678206654923,-0.0006378227026071325,0,0,4
RPM-2008-02-07:1672:1,4,tanto,0.01495558654954306,0.07786909858030111,0.001164578043352594,57,44,170
RPM-2008-02-07:1672:1,4,tanto senala,0.03827965974223823,-0.03248852609903094,-0.0012436497245977307,1,2,4
RPM-2008-02-07:1672:1,4,tanto senala que,0.04138836033392068,0.07224806647302433,0.002990229008614585,1,1,2
RPM-2008-02-07:1672:1,4,tasa,0.02652725915305903,-0.18520280742234568,-0.004912922868366649,96,72,217
RPM-2008-02-07:1672:1,4,tasa de,0.028829742978938776,0.17025294742001046,0.004908348715525679,94,61,171
RPM-2008-02-07:1672:1,4,tasa de politica,0.03414309590537691,0.3212412094521946,0.01096816942308555,83,53,86
RPM-2008-02-07:1672:1,4,tasa de politica monetaria,0.028165882457525424,0.36769656451862803,0.010356498216267591,79,50,81
RPM-2008-02-07:1672:1,4,tasas,0.014787521469247916,-0.8134287489129735,-0.012028595088254067,52,44,182
RPM-2008-02-07:1672:1,4,tasas de,0.01712297840110415,-0.5044869450990631,-0.008638319064570273,34,31,130
RPM-2008-02-07:1672:1,4,tipo,0.03078488768899284,-0.46133850938165966,-0.014202254197921762,24,23,119
RPM-2008-02-07:1672:1,4,tipo de,0.031547950936029974,-0.46956197817642653,-0.014813718248935081,21,22,112
RPM-2008-02-07:1672:1,4,tipo de cambio,0.03308444206635456,-0.3690347075826941,-0.012209307403493738,19,18,98
RPM-2008-02-07:1672:1,4,tipo de cambio nominal,0.033294058137839,-0.0007311217021401493,-2.434200845688994e-05,2,2,12
RPM-2008-02-07:1672:1,4,titulos,0.0368037424368467,-0.0513697016198812,-0.0018905972674757743,0,1,8
RPM-2008-02-07:1672:1,4,todo,0.01810330911579406,0.21515945054849173,0.0038950980424637513,41,31,96
RPM-2008-02-07:1672:1,4,torno,0.01842406071209417,-0.13896873756653888,-0.0025603684580089944,32,25,103
RPM-2008-02-07:1672:1,4,treinta,0.03827965974223823,-0.23800125086311325,-0.009110606901267058,1,2,4
RPM-2008-02-07:1672:1,4,tres,0.03960127868740502,-0.312403855170957,-0.012371592131644783,16,13,46
RPM-2008-02-07:1672:1,4,trimestre,0.017649585754241807,-0.3800188944154077,-0.006707176065216901,29,25,126
RPM-2008-02-07:1672:1,4,trimestre de,0.0254090101231342,-0.31394523555534404,-0.007977037668335487,6,8,41
RPM-2008-02-07:1672:1,4,ultimo,0.015620119284512181,-0.21756329726741147,-0.0033983646552487503,54,44,147
RPM-2008-02-07:1672:1,4,ultimo mes,0.023476759787383828,-0.6503746486788566,-0.015268689398837666,6,15,53
RPM-2008-02-07:1672:1,4,ultimos,0.01842406071209417,-0.2607853200280651,-0.004804724569019979,27,21,112
RPM-2008-02-07:1672:1,4,ultimos treinta,0.042864277639312214,-0.05714902567254619,-0.0024496517032442013,1,1,1
RPM-2008-02-07:1672:1,4,un,0.03099776883152617,0.08337917763978898,0.0025845684738409346,100,71,485
RPM-2008-02-07:1672:1,4,un alza,0.055003819538125165,1.075635967544571,0.05916408664753824,38,10,31
RPM-2008-02-07:1672:1,4,un alza en,0.08040628835281419,0.08382828563473811,0.006740321306868824,7,4,4
RPM-2008-02-07:1672:1,4,un alza en el,0.07257553083174019,0.0019386751018740742,0.00014070037462878893,0,0,3
RPM-2008-02-07:1672:1,4,un alza en la,0.03916286381435615,0.16306053356522543,0.0063859174695111735,4,1,1
RPM-2008-02-07:1672:1,4,un antecedente,0.042864277639312214,-0.12362944773488944,-0.00529928697210314,0,2,1
RPM-2008-02-07:1672:1,4,un aumento,0.03367621568336611,1.0838279635738284,0.03649922426497571,46,10,72
RPM-2008-02-07:1672:1,4,un aumento de,0.024124822343691028,0.928065799613213,0.02238942253892432,31,6,30
RPM-2008-02-07:1672:1,4,un aumento en,0.031294710331198204,0.11013095363483759,0.0034465162925008622,6,1,15
RPM-2008-02-07:1672:1,4,un aumento en el,0.03827965974223823,-0.12364350771094056,-0.004733031404511613,1,1,5
RPM-2008-02-07:1672:1,4,un componente,0.03158872342387802,0.3593594033901122,0.011351704803460068,7,0,14
RPM-2008-02-07:1672:1,4,un crecimiento,0.02184397650109291,0.3727670696369428,0.008142715109530643,19,11,65
RPM-2008-02-07:1672:1,4,un crecimiento menor,0.04138836033392068,0.005494846693501621,0.0002274226949302977,0,0,4
RPM-2008-02-07:1672:1,4,un mes,0.02473579846616863,-0.031269999753121766,-0.0007734884119303629,17,9,35
RPM-2008-02-07:1672:1,4,un mes atras,0.0318964163673588,-0.09662392008649598,-0.003081956786125279,2,2,16
RPM-2008-02-07:1672:1,4,una,0.028610360020722838,-0.11486891921973703,-0.0032864411340680056,95,70,435
RPM-2008-02-07:1672:1,4,una apreciacion,0.0318964163673588,0.1138910580667443,0.003632716608615914,4,2,14
RPM-2008-02-07:1672:1,4,una depreciacion,0.0329160006423915,0.019721901250156687,0.0006491661142193392,3,2,12
RPM-2008-02-07:1672:1,4,una politica,0.051613548809976026,0.040402973410262485,0.0020853408401787462,10,8,7
RPM-2008-02-07:1672:1,4,una politica monetaria,0.03255838892985373,0.26456376400892534,0.00861376992534863,8,5,5
RPM-2008-02-07:1672:1,4,una sola,0.04138836033392068,0.0076103854989576294,0.0003149813773109031,0,0,4
RPM-2008-02-07:1672:1,4,unidos,0.01814256267613685,-0.06390170182996119,-0.0011593406305618796,25,21,121
RPM-2008-02-07:1672:1,4,unidos de,0.020204737181586167,-0.20006220691320648,-0.004042204310649448,14,13,95
RPM-2008-02-07:1672:1,4,unidos de america,0.02031316920844383,-0.22980437609764245,-0.004668055176512276,13,13,94
RPM-2008-02-07:1672:1,4,unidos de america en,0.03255838892985373,-0.08978270905710452,-0.0029231803606571097,2,2,14
RPM-2008-02-07:1672:1,4,uno,0.05386235062140523,-0.20129843051567106,-0.010842406643973653,7,10,68
RPM-2008-02-07:1672:1,4,uno en,0.06349406654935,-0.01692445030803765,-0.0010746021741697097,0,1,7
RPM-2008-02-07:1672:1,4,uno en uno,0.06803479869054509,-0.004263916144664714,-0.0002900946765356289,0,0,5
RPM-2008-02-07:1672:1,4,volatiles,0.03412191288692333,0.14788344952462143,0.005046066182096856,3,1,10
RPM-2015-12-17:7210:1,4,21,0.031129709301116668,0.06488777410795585,0.0020199375451771906,0,1,4
RPM-2015-12-17:7210:1,4,25,0.014241559815525485,-1.5307244415927963,-0.021799903696030656,79,29,53
RPM-2015-12-17:7210:1,4,25 puntos,0.01569462381446521,-1.718711423337167,-0.026974529234900894,68,18,35
RPM-2015-12-17:7210:1,4,25 puntos base,0.015736797594724853,-1.719701379377691,-0.027062592530635858,68,18,34
RPM-2015-12-17:7210:1,4,25 puntos base en,0.020920327032241635,-1.022184485996294,-0.021384433734326292,31,3,9
RPM-2015-12-17:7210:1,4,aconsejable,0.056224926170262715,-0.19468832390644134,-0.010946336637851857,3,0,0
RPM-2015-12-17:7210:1,4,acontecidos,0.028512195192874675,-0.018559229569351965,-0.0005291643761107346,0,0,9
RPM-2015-12-17:7210:1,4,acontecidos desde,0.028512195192874675,-0.018559229569351965,-0.0005291643761107346,0,0,9
RPM-2015-12-17:7210:1,4,acontecidos desde la,0.028512195192874675,-0.018559229569351965,-0.0005291643761107346,0,0,9
RPM-2015-12-17:7210:1,4,acontecidos desde la ultima,0.0332073471319064,-0.010793749962704805,-0.0003584318018665402,0,0,3
RPM-2015-12-17:7210:1,4,acotadas,0.02802381769438962,-0.2334349824798683,-0.006541739392508864,4,0,6
RPM-2015-12-17:7210:1,4,actividad,0.020109336665780825,-0.056490367265534136,-0.0011359838137162304,74,47,135
RPM-2015-12-17:7210:1,4,actual,0.02495603308084648,-0.009174949084705841,-0.0002289703328730011,47,29,70
RPM-2015-12-17:7210:1,4,actual la,0.056224926170262715,-0.023020057324352312,-0.0012943010234969243,1,0,2
RPM-2015-12-17:7210:1,4,actuales,0.021808186125234066,-0.27882926400331853,-0.006080760486546398,12,5,19
RPM-2015-12-17:7210:1,4,actuando,0.03206394052394867,-0.1311470078657596,-0.004205089860101544,2,0,2
RPM-2015-12-17:7210:1,4,acuerdo,0.01536917570104629,0.28146377677603585,0.004325866238750967,28,24,77
RPM-2015-12-17:7210:1,4,acuerdo con,0.018765633833967576,0.021753016880910355,0.00040820914957127917,8,8,50
RPM-2015-12-17:7210:1,4,adecuada,0.02471044489510497,0.15680723486798337,0.003874776536359086,10,7,3
RPM-2015-12-17:7210:1,4,adecuada en,0.031129709301116668,0.05164295823931476,0.0016076302774395764,3,2,0
RPM-2015-12-17:7210:1,4,adelantar,0.031129709301116668,-0.1873387431165312,-0.0058318006140541875,1,1,3
RPM-2015-12-17:7210:1,4,ademas,0.03250500613709037,0.3736972211219024,0.012147030465981054,25,23,78
RPM-2015-12-17:7210:1,4,ademas de,0.027577963970042675,0.21670806722941652,0.0059763672700704346,1,2,8
RPM-2015-12-17:7210:1,4,ademas que,0.022552111138684425,-0.08486025692111676,-0.0019137779453423393,8,5,18
RPM-2015-12-17:7210:1,4,agrega,0.010009543524054351,0.2819446352789972,0.0028221370981987527,55,50,264
RPM-2015-12-17:7210:1,4,agrega que,0.010642587556816026,-0.009996074013371567,-0.00010638409291172027,48,43,235
RPM-2015-12-17:7210:1,4,agrega que la,0.020692552405730962,-0.1882786284608718,-0.0038959653863057386,11,6,28
RPM-2015-12-17:7210:1,4,ajustes,0.01950478114508985,-0.5067551015107647,-0.009884147349125256,23,8,26
RPM-2015-12-17:7210:1,4,al,0.013748298606517719,-0.007312962666930906,-0.00010054079444328227,87,64,383
RPM-2015-12-17:7210:1,4,al alza,0.01498944012471499,-0.6895408330530359,-0.010335831030594577,30,11,98
RPM-2015-12-17:7210:1,4,al alza pero,0.0332073471319064,-0.08937583177945925,-0.002967934271103375,2,0,1
RPM-2015-12-17:7210:1,4,alberto,0.02802381769438962,0.14949571191976166,0.00418944057693239,0,2,8
RPM-2015-12-17:7210:1,4,alberto naudon,0.02905207147032694,-0.0159583187957575,-0.00046362221820060864,0,0,8
RPM-2015-12-17:7210:1,4,algo,0.029488171171378554,0.06485489255638083,0.0019124521730039226,45,36,152
RPM-2015-12-17:7210:1,4,algo la,0.03206394052394867,0.021817044714188827,0.0006995404241240792,0,0,4
RPM-2015-12-17:7210:1,4,algo mas,0.01671355259169496,0.15467387521864395,0.0025851499480280694,15,15,69
RPM-2015-12-17:7210:1,4,algo mayor,0.023236337394820714,0.08014367959327452,0.0018622455790917344,1,2,24
RPM-2015-12-17:7210:1,4,algo mayor que,0.02802381769438962,0.09187428810366952,0.0025746683006190635,0,1,9
RPM-2015-12-17:7210:1,4,algo mayor que lo,0.031129709301116668,-0.0044317034449076875,-0.00013795763994873362,0,0,5
RPM-2015-12-17:7210:1,4,algo menores,0.027167818302226,0.05553920115154169,0.0015088789255358658,2,2,8
RPM-2015-12-17:7210:1,4,alguna,0.018541185455788985,0.35236854575962984,0.006533330555715964,7,12,50
RPM-2015-12-17:7210:1,4,alimentos,0.01892092103212028,-0.29146604162119805,-0.00551480595705937,14,5,45
RPM-2015-12-17:7210:1,4,alta,0.038758225617891204,-0.19597929335966274,-0.0075958096684686964,15,10,45
RPM-2015-12-17:7210:1,4,alta inflacion,0.031129709301116668,-0.10102492210569028,-0.0031448764573180936,1,0,4
RPM-2015-12-17:7210:1,4,altos,0.019163048848339807,-0.32922109098343694,-0.006308879848419326,15,5,41
RPM-2015-12-17:7210:1,4,altos en,0.031129709301116668,-0.11521566254637072,-0.003586630082004076,2,0,3
RPM-2015-12-17:7210:1,4,alza,0.028876664951120075,-1.2661318810982651,-0.036561666114406005,61,24,160
RPM-2015-12-17:7210:1,4,alza pero,0.03206394052394867,-0.08650110598193553,-0.002773566317460561,2,0,2
RPM-2015-12-17:7210:1,4,alza que,0.02447207236331563,-0.09064485666793864,-0.0022182674917401676,6,2,13
RPM-2015-12-17:7210:1,4,ambiente,0.02905207147032694,0.07789390042323496,0.002262979162198352,2,3,3
RPM-2015-12-17:7210:1,4,analisis,0.029560634124142074,0.10764884594971048,0.003182168149005525,20,15,131
RPM-2015-12-17:7210:1,4,analisis del,0.025500326139252943,-0.22149551275060386,-0.005648207813521457,9,3,5
RPM-2015-12-17:7210:1,4,ano,0.025359010535507206,0.5353310686429392,0.013575466209700626,48,43,236
RPM-2015-12-17:7210:1,4,ano hace,0.02905207147032694,0.023654353088205116,0.0006872079565028837,1,1,6
RPM-2015-12-17:7210:1,4,ano hace presente,0.0332073471319064,0.0346384395521909,0.0011502506863171596,1,1,1
RPM-2015-12-17:7210:1,4,ano mientras,0.0303398280569687,-0.23496484227494857,-0.00712879291405471,3,0,3
RPM-2015-12-17:7210:1,4,ano mientras que,0.0303398280569687,-0.23496484227494857,-0.00712879291405471,3,0,3
RPM-2015-12-17:7210:1,4,ano que,0.025223281081440375,0.030909671206271624,0.0007796433249706934,2,3,13
RPM-2015-12-17:7210:1,4,anterior,0.012581101401598732,-0.4003227512923194,-0.005036501127375661,69,37,117
RPM-2015-12-17:7210:1,4,anterior con,0.03206394052394867,-0.0016249891373317487,-5.210355505146785e-05,0,0,4
RPM-2015-12-17:7210:1,4,antes,0.01818766009197922,-0.19510918191991944,-0.0035485794815836324,19,11,44
RPM-2015-12-17:7210:1,4,antes de,0.021538435140362275,-0.13797301306960946,-0.00297172279312014,10,6,22
RPM-2015-12-17:7210:1,4,antes de la,0.027167818302226,-0.06804372770343503,-0.0018485996308530647,1,0,11
RPM-2015-12-17:7210:1,4,anual,0.014809629206058123,0.17117070975135829,0.002534974742355414,37,26,81
RPM-2015-12-17:7210:1,4,asegurar,0.02643455736208494,-0.16775628728977965,-0.004434563199212081,8,4,2
RPM-2015-12-17:7210:1,4,asegurar la,0.031129709301116668,-0.11664317041972413,-0.003631067987126623,3,1,1
RPM-2015-12-17:7210:1,4,asegurar la convergencia,0.031129709301116668,-0.11664317041972413,-0.003631067987126623,3,1,1
RPM-2015-12-17:7210:1,4,asegurar la convergencia de,0.031129709301116668,-0.11664317041972413,-0.003631067987126623,3,1,1
RPM-2015-12-17:7210:1,4,asi,0.014305213868578701,-0.060707552727712916,-0.0008684345252079515,29,21,109
RPM-2015-12-17:7210:1,4,asociada,0.025793210731705058,-0.1271382830868592,-0.0032793045277265324,2,0,14
RPM-2015-12-17:7210:1,4,asociada la,0.03206394052394867,7.336585556687314e-05,2.3523984293848285e-06,0,0,4
RPM-2015-12-17:7210:1,4,asociado,0.023422688308463207,-0.051487189566750205,-0.0012059683931007488,3,1,22
RPM-2015-12-17:7210:1,4,asociado la,0.0332073471319064,-0.0035845397364125,-0.00011903305533516215,0,0,3
RPM-2015-12-17:7210:1,4,aumento,0.03259294223927638,-0.5480841057004775,-0.017863673599361116,63,30,134
RPM-2015-12-17:7210:1,4,aumento de,0.026156788203388306,-0.5707140988171726,-0.014928047807448408,42,15,70
RPM-2015-12-17:7210:1,4,aumento de 25,0.023616072971152008,-0.5556596109242986,-0.013122497918710169,17,0,8
RPM-2015-12-17:7210:1,4,aumento de 25 puntos,0.023616072971152008,-0.5344419011876657,-0.012621418937289124,17,0,8
RPM-2015-12-17:7210:1,4,aumento de la,0.020064327640078015,-0.078312353607986,-0.0015712847210562766,17,7,27
RPM-2015-12-17:7210:1,4,aumento de la inflacion,0.026788082725894707,0.0830988862470747,0.002226059839216351,5,4,4
RPM-2015-12-17:7210:1,4,aumento no,0.03206394052394867,-0.09120327962067397,-0.0029243365333463498,2,0,2
RPM-2015-12-17:7210:1,4,aumento que,0.02905207147032694,-0.0432238856692176,-0.0012557434156873501,1,0,7
RPM-2015-12-17:7210:1,4,aun,0.014809629206058123,-0.2099203454362275,-0.003108842478718165,40,27,77
RPM-2015-12-17:7210:1,4,aunque,0.02501525399820722,-0.34986551038879576,-0.008751974607588133,44,26,75
RPM-2015-12-17:7210:1,4,aunque en,0.02471044489510497,0.04496887737892613,0.0011112009664666865,4,3,13
RPM-2015-12-17:7210:1,4,baja,0.03356580630270247,1.101369249034164,0.03696834688083363,21,41,149
RPM-2015-12-17:7210:1,4,baja del,0.02965560180083241,-0.01122835513401596,-0.0003329836287327096,0,0,7
RPM-2015-12-17:7210:1,4,baja desde,0.03206394052394867,-0.003607737295986629,-0.00011567827408454667,0,0,4
RPM-2015-12-17:7210:1,4,baja las,0.031129709301116668,0.13170852707100472,0.004100048160198632,0,2,3
RPM-2015-12-17:7210:1,4,bajos,0.04319437846137111,0.4648776607801203,0.02008010161797341,5,11,30
RPM-2015-12-17:7210:1,4,bajos que,0.03206394052394867,0.06637119986807391,0.0021281222050730316,0,1,3
RPM-2015-12-17:7210:1,4,base,0.02570584105862264,-0.6783468546541587,-0.017437476428356396,81,44,113
RPM-2015-12-17:7210:1,4,base del,0.021808186125234066,-0.16544857017357326,-0.003608133212499135,9,3,24
RPM-2015-12-17:7210:1,4,base del ipom,0.027167818302226,0.042716537612681856,0.0011605151323615436,4,2,6
RPM-2015-12-17:7210:1,4,base en,0.018256440794160073,-1.1233630765756542,-0.02050861149784894,40,8,25
RPM-2015-12-17:7210:1,4,base en esta,0.02447207236331563,-0.4646982294793866,-0.0113721286989242,15,3,3
RPM-2015-12-17:7210:1,4,base en esta reunion,0.031129709301116668,-0.28145167903461354,-0.008761508950658713,5,0,0
RPM-2015-12-17:7210:1,4,bienes,0.017730432144592002,-0.11234735993175102,-0.0019919672418939657,13,7,61
RPM-2015-12-17:7210:1,4,cambio,0.012101048982728277,0.3314434858883002,0.004010813857740529,32,33,180
RPM-2015-12-17:7210:1,4,capacidad,0.017310681815339714,0.15632760099608572,0.0027061373597986236,34,22,32
RPM-2015-12-17:7210:1,4,claramente,0.01868972006955707,0.2402039370180304,0.0044893443424725045,19,16,32
RPM-2015-12-17:7210:1,4,claramente por,0.0332073471319064,0.05390218520241387,0.0017899485751848659,1,1,1
RPM-2015-12-17:7210:1,4,claro,0.01686962817132097,0.4669380506277571,0.007877071293131708,10,14,72
RPM-2015-12-17:7210:1,4,cobre,0.01595303581401586,0.26688888350788226,0.004257687916963952,22,17,76
RPM-2015-12-17:7210:1,4,cobre que,0.02965560180083241,0.11270279321338236,0.003342269157377625,1,1,5
RPM-2015-12-17:7210:1,4,cobre que se,0.03206394052394867,0.10726084169373913,0.003439205248616725,1,1,2
RPM-2015-12-17:7210:1,4,coherente,0.030020231195725378,0.08067254105516786,0.002421808333622786,27,15,39
RPM-2015-12-17:7210:1,4,coherente con,0.03023446012226594,0.04426172886538149,0.001338229476322924,27,14,38
RPM-2015-12-17:7210:1,4,coherente con el,0.023236337394820714,-0.1214610544268887,-0.0028223100409938678,14,4,9
RPM-2015-12-17:7210:1,4,coherente con el escenario,0.028512195192874675,0.13735847095945802,0.003916391535390875,4,3,2
RPM-2015-12-17:7210:1,4,coherente con un,0.02905207147032694,0.15077000950997466,0.004380181091865656,1,4,3
RPM-2015-12-17:7210:1,4,combustibles,0.01811979041929239,-0.4017320348315986,-0.007279300275864436,22,6,47
RPM-2015-12-17:7210:1,4,comerciales,0.021808186125234066,0.3205534263402778,0.0069906887847102864,2,9,25
RPM-2015-12-17:7210:1,4,comerciales se,0.031129709301116668,0.13314291599771044,0.004144700270511722,0,2,3
RPM-2015-12-17:7210:1,4,commodities,0.0192463691455392,-0.02761826550986956,-0.000531551333162463,11,8,41
RPM-2015-12-17:7210:1,4,como,0.020385043237720207,-0.33519033216661587,-0.0068328694140822625,77,57,257
RPM-2015-12-17:7210:1,4,como consecuencia,0.026103856469758414,-0.03569565628340454,-0.0009317942882158223,3,2,10
RPM-2015-12-17:7210:1,4,como consecuencia del,0.02965560180083241,-0.01621656847809181,-0.0004809120973622216,1,1,5
RPM-2015-12-17:7210:1,4,como el,0.01959389791957665,0.018752630361401443,0.00036743712502485367,14,10,32
RPM-2015-12-17:7210:1,4,como lo,0.023236337394820714,0.2886642491841251,0.0067074998878649305,7,8,12
RPM-2015-12-17:7210:1,4,complejo,0.02471044489510497,0.10264949090222208,0.0025365145884499378,6,6,8
RPM-2015-12-17:7210:1,4,con,0.024553735060365994,-0.14896532734031667,-0.0036576551806948303,98,68,416
RPM-2015-12-17:7210:1,4,con el,0.012911802293925257,-0.5794688079154959,-0.007481986683301435,56,28,125
RPM-2015-12-17:7210:1,4,con el escenario,0.021408704530726685,-0.12943240071330697,-0.0027709800235738067,18,9,12
RPM-2015-12-17:7210:1,4,con el escenario base,0.025793210731705058,-0.19502648533238193,-0.005030359234441913,8,2,6
RPM-2015-12-17:7210:1,4,con mayores,0.0332073471319064,0.06579386179494026,0.0021848396077732554,0,1,2
RPM-2015-12-17:7210:1,4,con nuestra,0.031129709301116668,0.12187889979325137,0.0037940547205038435,2,3,0
RPM-2015-12-17:7210:1,4,con precios,0.028512195192874675,0.06544977103210514,0.0018661166469963364,0,1,8
RPM-2015-12-17:7210:1,4,con su,0.020920327032241635,0.251099918123861,0.005253092404920271,3,7,33
RPM-2015-12-17:7210:1,4,con todo,0.01950478114508985,0.15507122797183456,0.003024630363490968,19,17,21
RPM-2015-12-17:7210:1,4,con todo manifiesta,0.031129709301116668,0.09372088631297487,0.0029175039463659115,2,2,1
RPM-2015-12-17:7210:1,4,con todo manifiesta que,0.031129709301116668,0.09372088631297487,0.0029175039463659115,2,2,1
RPM-2015-12-17:7210:1,4,con un,0.016042152588502657,0.10071003174911011,0.0016156056965121715,25,20,68
RPM-2015-12-17:7210:1,4,con un escenario,0.0303398280569687,0.1562176266807315,0.00473961593296112,1,3,2
RPM-2015-12-17:7210:1,4,con un escenario de,0.03206394052394867,0.12861832339053492,0.004124010271484108,0,2,2
RPM-2015-12-17:7210:1,4,con una,0.015997400466699233,0.25016671855937267,0.004002017180234324,27,24,63
RPM-2015-12-17:7210:1,4,con una inflacion,0.02905207147032694,0.11016687967606283,0.0032005760620118858,3,3,2
RPM-2015-12-17:7210:1,4,condiciones,0.024838790341137906,0.5535654796471703,0.013749896889047505,42,34,72
RPM-2015-12-17:7210:1,4,condiciones financieras,0.032035904099131825,0.3791968741550074,0.012147914695120377,16,16,32
RPM-2015-12-17:7210:1,4,condiciones financieras globales,0.031129709301116668,0.060834328753484004,0.00189375496962452,0,1,4
RPM-2015-12-17:7210:1,4,confianza,0.021671535750366386,-0.13579467500076817,-0.002942879153988532,3,2,32
RPM-2015-12-17:7210:1,4,conocer,0.027167818302226,-0.12132325265789515,-0.003296088084044753,1,0,11
RPM-2015-12-17:7210:1,4,conocidas,0.0303398280569687,0.14369558987560951,0.004359699489370685,0,2,4
RPM-2015-12-17:7210:1,4,consecuencia,0.017030607442998693,0.7270430086681888,0.01238198407480462,21,19,53
RPM-2015-12-17:7210:1,4,consecuencia del,0.02965560180083241,-0.01621656847809181,-0.0004809120973622216,1,1,5
RPM-2015-12-17:7210:1,4,consecuente,0.03206394052394867,0.23234187082166283,0.007449795927248762,1,3,0
RPM-2015-12-17:7210:1,4,consideran,0.025223281081440375,0.3131537427127654,0.007898764874149143,3,7,8
RPM-2015-12-17:7210:1,4,considerar,0.020064327640078015,0.24319335292095481,0.004879511112895161,14,14,23
RPM-2015-12-17:7210:1,4,considere,0.027577963970042675,0.13608855314870016,0.003753045215470091,3,3,5
RPM-2015-12-17:7210:1,4,consigna,0.022241465400631065,0.15567937877635335,0.003462537516646001,1,5,27
RPM-2015-12-17:7210:1,4,consigna que,0.022394434532525893,0.16387707012343747,0.0036699343182614755,1,5,26
RPM-2015-12-17:7210:1,4,consigna que la,0.028512195192874675,-0.06222677883702471,-0.0017742220644250916,1,0,8
RPM-2015-12-17:7210:1,4,consignado,0.026103856469758414,0.01628765612238748,0.00042517063764758463,0,1,14
RPM-2015-12-17:7210:1,4,consignado en,0.028512195192874675,-0.03255379215429346,-0.0009281800761714872,0,0,9
RPM-2015-12-17:7210:1,4,consignado en el,0.02905207147032694,-0.022831285246718236,-0.0006632961307470792,0,0,8
RPM-2015-12-17:7210:1,4,consumo,0.014024798810397613,0.37736739634086874,0.005292501811284261,19,20,129
RPM-2015-12-17:7210:1,4,consumo en,0.026103856469758414,-0.023463307297637837,-0.0006124828060033732,3,2,10
RPM-2015-12-17:7210:1,4,contexto,0.04130838240308579,0.5260181979487775,0.021728960871850177,17,22,49
RPM-2015-12-17:7210:1,4,contexto de,0.022394434532525893,0.3951994360788731,0.008850267898559475,2,9,21
RPM-2015-12-17:7210:1,4,contexto donde,0.02905207147032694,0.18545783068480695,0.005387934151786804,1,3,4
RPM-2015-12-17:7210:1,4,contexto donde el,0.0332073471319064,0.07031261954450121,0.0023348955649679184,0,1,2
RPM-2015-12-17:7210:1,4,continua,0.0282121770618108,-0.367997521851278,-0.010382011244775844,30,14,56
RPM-2015-12-17:7210:1,4,continua mostrando,0.031129709301116668,0.032122343963531835,0.0009999592296552257,1,1,3
RPM-2015-12-17:7210:1,4,continuar,0.01959389791957665,-0.5671785717675,-0.011113239037383673,27,8,21
RPM-2015-12-17:7210:1,4,contribuido,0.025793210731705058,-0.048379239562858944,-0.0012478559210844632,5,3,8
RPM-2015-12-17:7210:1,4,contribuyendo,0.027577963970042675,-0.036834878609968105,-0.001015830955146596,3,2,6
RPM-2015-12-17:7210:1,4,convergencia,0.02080517420022121,-0.21794995161107927,-0.004534486710198288,16,8,20
RPM-2015-12-17:7210:1,4,convergencia de,0.024026218638968682,-0.19087570499007672,-0.0045860214209588685,10,4,9
RPM-2015-12-17:7210:1,4,convergencia de la,0.02471044489510497,-0.23452398147285544,-0.005795191920765614,10,3,7
RPM-2015-12-17:7210:1,4,convergencia de la inflacion,0.02471044489510497,-0.24251732942260906,-0.005992711104805401,10,3,7
RPM-2015-12-17:7210:1,4,correccion,0.034140327799173746,0.19481776083950508,0.0066511422161617375,6,9,35
RPM-2015-12-17:7210:1,4,corregido,0.05185764331532346,-0.04625357126544311,-0.002398601200743243,3,1,16
RPM-2015-12-17:7210:1,4,corregido la,0.0303398280569687,0.006797700089321852,0.00020624105189286578,0,0,6
RPM-2015-12-17:7210:1,4,corregido la baja,0.0303398280569687,0.006797700089321852,0.00020624105189286578,0,0,6
RPM-2015-12-17:7210:1,4,corto,0.031005762551268707,0.24750102097435528,0.007673957887527436,35,28,82
RPM-2015-12-17:7210:1,4,corto plazo,0.0316899594700934,0.17160051315575867,0.005438013306953221,33,26,77
RPM-2015-12-17:7210:1,4,corto plazo la,0.028512195192874675,0.2076260871550344,0.00591987552409715,1,3,5
RPM-2015-12-17:7210:1,4,corto plazo la inflacion,0.0332073471319064,0.2079867520159244,0.006906688273030535,0,2,1
RPM-2015-12-17:7210:1,4,corto plazo pero,0.0332073471319064,-0.17458586366979467,-0.005797533379206558,3,0,0
RPM-2015-12-17:7210:1,4,crece,0.02447207236331563,0.14302967407855274,0.0035002325341517925,4,6,11
RPM-2015-12-17:7210:1,4,crecimiento,0.028018789323466634,-0.5932617389294529,-0.016622475676737806,78,45,197
RPM-2015-12-17:7210:1,4,crecimiento de,0.025134922525910548,0.041233399723279676,0.001036398307524536,34,20,89
RPM-2015-12-17:7210:1,4,crecimiento de la,0.01779330514659948,-0.04696805550101115,-0.0008357169436719118,25,10,45
RPM-2015-12-17:7210:1,4,crecimiento de la economia,0.025793210731705058,-0.12788227411467437,-0.003298494445089467,7,2,7
RPM-2015-12-17:7210:1,4,crecimiento de nuestros,0.0332073471319064,0.16567160952688287,0.005501514647460851,0,2,1
RPM-2015-12-17:7210:1,4,crecimiento de nuestros socios,0.0332073471319064,0.16567160952688287,0.005501514647460851,0,2,1
RPM-2015-12-17:7210:1,4,crecimiento la,0.02905207147032694,0.00011273502256030354,3.2751859326308585e-06,0,0,8
RPM-2015-12-17:7210:1,4,crecimiento para,0.021671535750366386,-0.013536724961280652,-0.0002933616189412707,8,8,21
RPM-2015-12-17:7210:1,4,crecimiento para el,0.025223281081440375,-0.07835280484564625,-0.001976314820140979,4,3,11
RPM-2015-12-17:7210:1,4,crecimiento para el ano,0.02965560180083241,-0.07018670983529496,-0.002081429118586075,2,0,5
RPM-2015-12-17:7210:1,4,cree,0.016922727976820696,0.21187148454358956,0.0035854434989763366,29,23,43
RPM-2015-12-17:7210:1,4,cree que,0.017606954232956985,0.15477916111492504,0.0027251896059659604,26,19,38
RPM-2015-12-17:7210:1,4,cuenta,0.013934636624221858,0.04057697771775792,0.0005654254398061038,24,18,129
RPM-2015-12-17:7210:1,4,cuenta de,0.01725342886914722,0.040963669649525344,0.0007067637605173304,14,11,64
RPM-2015-12-17:7210:1,4,cuenta de que,0.02643455736208494,0.02942973192473862,0.0007779619367152855,5,4,5
RPM-2015-12-17:7210:1,4,curva,0.019331066699936953,0.11673050078452196,0.002256525096582637,9,7,43
RPM-2015-12-17:7210:1,4,curva de,0.025223281081440375,-0.010196786072187772,-0.00025719640122610855,3,2,13
RPM-2015-12-17:7210:1,4,dan,0.03348523705653469,0.16031519037253922,0.005368192153387963,11,9,34
RPM-2015-12-17:7210:1,4,dan cuenta,0.020692552405730962,0.03260734976951903,0.000674729293917772,9,7,29
RPM-2015-12-17:7210:1,4,dan cuenta de,0.020920327032241635,0.058016623046178634,0.001213726727432344,8,7,28
RPM-2015-12-17:7210:1,4,dan cuenta de que,0.02905207147032694,0.039858333464312536,0.0011579671524933317,3,3,2
RPM-2015-12-17:7210:1,4,dar,0.020692552405730962,0.0515616211385073,0.0010669415475330077,11,11,23
RPM-2015-12-17:7210:1,4,dar la,0.03206394052394867,-0.07019381826688952,-0.002250690414058407,2,1,1
RPM-2015-12-17:7210:1,4,dara,0.0332073471319064,-0.0853136833198787,-0.0028330410971047445,1,0,2
RPM-2015-12-17:7210:1,4,dara conocer,0.0332073471319064,-0.0853136833198787,-0.0028330410971047445,1,0,2
RPM-2015-12-17:7210:1,4,de 25,0.017856959199652696,-1.3069894523438892,-0.02333885732488125,43,8,28
RPM-2015-12-17:7210:1,4,de 25 puntos,0.018614914574941226,-1.2631754333484815,-0.023513902784946347,40,5,23
RPM-2015-12-17:7210:1,4,de 25 puntos base,0.01868972006955707,-1.2604028577440802,-0.023556576586106617,40,5,22
RPM-2015-12-17:7210:1,4,de acuerdo,0.01666256624688745,0.20271709219970308,0.003377786978153944,15,17,68
RPM-2015-12-17:7210:1,4,de acuerdo con,0.018765633833967576,0.021753016880910355,0.00040820914957127917,8,8,50
RPM-2015-12-17:7210:1,4,de cambio,0.015026172076817786,0.3795517498967561,0.005703209906005965,19,18,101
RPM-2015-12-17:7210:1,4,de capacidad,0.01892092103212028,-0.01676837543386034,-0.0003172731074210171,31,15,18
RPM-2015-12-17:7210:1,4,de commodities,0.026103856469758414,-0.04965987207268874,-0.001296314172892031,3,2,10
RPM-2015-12-17:7210:1,4,de confianza,0.025223281081440375,-0.10322680960232981,-0.002603718833739893,2,1,15
RPM-2015-12-17:7210:1,4,de considerar,0.0332073471319064,-0.058394468299109464,-0.001939125379391632,2,0,1
RPM-2015-12-17:7210:1,4,de corto,0.017730432144592002,-0.10957641247369736,-0.0019428371460127156,21,13,47
RPM-2015-12-17:7210:1,4,de corto plazo,0.01811979041929239,-0.11474643707635303,-0.0020791813911840385,19,12,44
RPM-2015-12-17:7210:1,4,de crecimiento,0.02259397221618385,-0.08017111255999583,-0.0018113838897210939,42,26,124
RPM-2015-12-17:7210:1,4,de crecimiento para,0.02288281203101095,0.11432780686730684,0.002616141714462305,5,8,16
RPM-2015-12-17:7210:1,4,de crecimiento para el,0.026788082725894707,0.02150843812066877,0.0005761698196812623,2,3,8
RPM-2015-12-17:7210:1,4,de debilidad,0.02643455736208494,0.005481989435591486,0.00014491396419348678,5,3,6
RPM-2015-12-17:7210:1,4,de diciembre,0.047669546199484665,-0.2504944881825621,-0.011940958577134909,6,0,24
RPM-2015-12-17:7210:1,4,de division,0.02296125798981957,0.10917167725333307,0.0025067190465950973,39,25,120
RPM-2015-12-17:7210:1,4,de division estudios,0.025889818502230735,0.009263092368455735,0.00023981978018871762,30,18,83
RPM-2015-12-17:7210:1,4,de division estudios es,0.03206394052394867,-0.20068838462413452,-0.006434860428435584,3,0,1
RPM-2015-12-17:7210:1,4,de ello,0.022714794179413803,-0.02451098438040219,-0.0005567619653356622,5,4,21
RPM-2015-12-17:7210:1,4,de ello se,0.0332073471319064,-0.014646023707444507,-0.0004863555933552405,0,0,3
RPM-2015-12-17:7210:1,4,de escenarios,0.02965560180083241,0.17518615407337484,0.005195250826219279,2,4,1
RPM-2015-12-17:7210:1,4,de esta,0.016976383811334657,0.5078455740026073,0.00862138138115582,18,17,59
RPM-2015-12-17:7210:1,4,de esta forma,0.02643455736208494,0.4897688938879825,0.012946823919646765,3,5,6
RPM-2015-12-17:7210:1,4,de indexacion,0.031129709301116668,-0.009901012517247173,-0.0003082156414486219,0,0,5
RPM-2015-12-17:7210:1,4,de inflacion,0.020812217278388095,-0.5964473709722948,-0.012413392279798749,67,40,129
RPM-2015-12-17:7210:1,4,de inflacion subyacente,0.021408704530726685,-0.1224768284184615,-0.0026220702314713514,13,7,19
RPM-2015-12-17:7210:1,4,de inflacion subyacente se,0.03206394052394867,-0.1868903212230926,-0.005992440144198903,2,0,2
RPM-2015-12-17:7210:1,4,de intercambio,0.02288281203101095,0.009903079397563777,0.00022661030438262907,6,3,20
RPM-2015-12-17:7210:1,4,de la,0.025923572168241923,0.131414029670288,0.0034067210820771963,104,70,389
RPM-2015-12-17:7210:1,4,de la alta,0.03206394052394867,-0.003338168840505357,-0.00010703484716086246,0,0,4
RPM-2015-12-17:7210:1,4,de la alta inflacion,0.0332073471319064,-0.0038878992698103843,-0.00012910682066647885,0,0,3
RPM-2015-12-17:7210:1,4,de la decision,0.02905207147032694,0.21692090694747151,0.006302001692046082,1,4,3
RPM-2015-12-17:7210:1,4,de la economia,0.02723816495687764,-0.35636425423079277,-0.009706708341473013,46,22,44
RPM-2015-12-17:7210:1,4,de la gerencia,0.020920327032241635,0.048497682083673846,0.0010145873694961428,18,9,16
RPM-2015-12-17:7210:1,4,de la gerencia de,0.021158699564030978,0.13290616585815976,0.0028121216336000738,16,9,16
RPM-2015-12-17:7210:1,4,de la inflacion,0.03658167895130325,0.33109909787029546,0.012112160899357282,38,25,67
RPM-2015-12-17:7210:1,4,de la inflacion anual,0.03206394052394867,-0.08262283072111631,-0.0026492135301621525,2,0,2
RPM-2015-12-17:7210:1,4,de la inflacion con,0.03206394052394867,-0.12631653306791274,-0.00405020580348095,3,0,1
RPM-2015-12-17:7210:1,4,de la inflacion la,0.02965560180083241,-0.19041398922173594,-0.005646841441667796,5,1,1
RPM-2015-12-17:7210:1,4,de la inflacion por,0.03206394052394867,0.23502220188319375,0.007535737902990182,0,3,1
RPM-2015-12-17:7210:1,4,de la proxima,0.03206394052394867,-0.1974985551275778,-0.006332581925176452,2,0,2
RPM-2015-12-17:7210:1,4,de lo,0.012227576037788969,0.43309642921795066,0.00529571951995738,55,48,136
RPM-2015-12-17:7210:1,4,de los,0.023621369580806944,-0.5856813915112102,-0.013834596605487583,81,53,311
RPM-2015-12-17:7210:1,4,de los alimentos,0.022714794179413803,-0.0812934367064305,-0.0018465636829237719,5,3,22
RPM-2015-12-17:7210:1,4,de los combustibles,0.021038127286369845,-0.4043425119507712,-0.008506609233710844,17,3,22
RPM-2015-12-17:7210:1,4,de los niveles,0.0474484479177817,-0.060549930276354844,-0.002873000213142936,2,1,7
RPM-2015-12-17:7210:1,4,de mantener,0.0327303410802145,0.09171105081916914,0.003001733974136291,22,15,22
RPM-2015-12-17:7210:1,4,de mercado,0.019163048848339807,-0.041087139287216995,-0.0007873548571994809,14,12,35
RPM-2015-12-17:7210:1,4,de nuestros,0.04918943289941008,0.3418685882744875,0.016816321983343954,1,5,2
RPM-2015-12-17:7210:1,4,de nuestros socios,0.03206394052394867,0.15766525848746038,0.005055369470834923,0,2,2
RPM-2015-12-17:7210:1,4,de nuestros socios comerciales,0.03206394052394867,0.15766525848746038,0.005055369470834923,0,2,2
RPM-2015-12-17:7210:1,4,de politica,0.01773242097037031,-0.4605044142532976,-0.00816585813225327,98,69,170
RPM-2015-12-17:7210:1,4,de politica monetaria,0.011101278244976566,-0.640441315040563,-0.007109717237843986,93,57,148
RPM-2015-12-17:7210:1,4,de politica monetaria senala,0.028512195192874675,-0.1296455986313274,-0.003696480614073493,4,2,3
RPM-2015-12-17:7210:1,4,de proyeccion,0.036693099654136904,0.07223274215113089,0.002650443206043021,9,7,21
RPM-2015-12-17:7210:1,4,de puntos,0.02965560180083241,-0.029521063422167593,-0.000875464901584921,1,0,6
RPM-2015-12-17:7210:1,4,de puntos porcentuales,0.03206394052394867,-0.002639973394578117,-8.464794990855961e-05,0,0,4
RPM-2015-12-17:7210:1,4,de que,0.03290176048194304,0.4315615511726658,0.014199134789898857,38,32,106
RPM-2015-12-17:7210:1,4,de que el,0.036693099654136904,0.31279129872586897,0.011477282295095216,11,12,14
RPM-2015-12-17:7210:1,4,de que el crecimiento,0.0332073471319064,-0.04028753008406083,-0.0013378419965885302,1,0,2
RPM-2015-12-17:7210:1,4,de seguir,0.05021129857688783,-0.00655082650793002,-0.0003289255057150657,3,2,2
RPM-2015-12-17:7210:1,4,de septiembre,0.03503553676435229,-0.18837042034260848,-0.0065996587872299535,10,5,30
RPM-2015-12-17:7210:1,4,de septiembre en,0.0303398280569687,0.003487831007350367,0.00010582019305477407,0,0,6
RPM-2015-12-17:7210:1,4,de ser,0.026788082725894707,0.4349680679677105,0.01165196058784162,0,6,7
RPM-2015-12-17:7210:1,4,de solo,0.031129709301116668,-0.05594830553275046,-0.0017416544871245792,2,1,2
RPM-2015-12-17:7210:1,4,de subir,0.027167818302226,-0.16605365645643944,-0.004511315567028804,6,3,3
RPM-2015-12-17:7210:1,4,de tasas,0.01686962817132097,0.62284891612335,0.010507229621911196,22,22,52
RPM-2015-12-17:7210:1,4,de tiempo,0.03206394052394867,0.31760605188875496,0.010183701557807194,0,3,1
RPM-2015-12-17:7210:1,4,de trabajo,0.019331066699936953,-0.1564736267466741,-0.0030248021154209957,12,3,44
RPM-2015-12-17:7210:1,4,debajo,0.017030607442998693,0.25134970999525325,0.004280638241840723,19,15,59
RPM-2015-12-17:7210:1,4,debajo de,0.017986689809288282,0.18238499478592946,0.0032805023270831737,16,13,48
RPM-2015-12-17:7210:1,4,debajo de los,0.028512195192874675,0.06834619469621075,0.001948700043868577,1,1,7
RPM-2015-12-17:7210:1,4,debajo de los niveles,0.03206394052394867,0.07452161068509738,0.00238945649275582,0,1,3
RPM-2015-12-17:7210:1,4,debe,0.016922727976820696,0.12656119724826795,0.0021417607134531867,29,22,44
RPM-2015-12-17:7210:1,4,deben,0.023236337394820714,-0.26266539181934145,-0.006103381666256999,11,4,12
RPM-2015-12-17:7210:1,4,debil,0.021408704530726685,0.3184974373456577,0.006818617529926821,5,10,24
RPM-2015-12-17:7210:1,4,debilidad,0.019870942977389214,0.26166693466533464,0.005199568737803094,13,11,29
RPM-2015-12-17:7210:1,4,debilidad del,0.031129709301116668,0.10951043937419233,0.003409028143156168,0,2,3
RPM-2015-12-17:7210:1,4,decision,0.027958232180254193,0.13968607164944846,0.003905375623522903,44,26,33
RPM-2015-12-17:7210:1,4,decision es,0.02965560180083241,-0.10038821391875544,-0.002977072897471393,6,1,0
RPM-2015-12-17:7210:1,4,decision que,0.026788082725894707,0.4072976699493791,0.010910723676668127,3,8,2
RPM-2015-12-17:7210:1,4,decision que se,0.02905207147032694,0.2477195791177634,0.007196766917128571,1,5,2
RPM-2015-12-17:7210:1,4,del,0.02957492260439942,-0.019278964026211678,-0.000570173868968211,102,72,521
RPM-2015-12-17:7210:1,4,del ano,0.030021097616624734,0.23963790816926434,0.007194193033793239,20,18,121
RPM-2015-12-17:7210:1,4,del cobre,0.01666256624688745,0.23741872860617672,0.003956005293652212,22,16,62
RPM-2015-12-17:7210:1,4,del cobre que,0.02965560180083241,0.11270279321338236,0.003342269157377625,1,1,5
RPM-2015-12-17:7210:1,4,del cobre que se,0.03206394052394867,0.10726084169373913,0.003439205248616725,1,1,2
RPM-2015-12-17:7210:1,4,del crecimiento,0.020368818319883013,-0.25439063549778707,-0.005181636636734007,15,5,28
RPM-2015-12-17:7210:1,4,del crecimiento la,0.0332073471319064,0.00030502203761388364,1.0128972685925645e-05,0,0,3
RPM-2015-12-17:7210:1,4,del escenario,0.018396835477104957,-0.48840782956699613,-0.008985158486273945,21,6,44
RPM-2015-12-17:7210:1,4,del escenario externo,0.03206394052394867,0.08637921791330049,0.002769658105677268,0,1,3
RPM-2015-12-17:7210:1,4,del estimulo,0.02447207236331563,-0.03444464564559252,-0.0008429318607677047,8,7,6
RPM-2015-12-17:7210:1,4,del estimulo monetario,0.02447207236331563,-0.03444464564559252,-0.0008429318607677047,8,7,6
RPM-2015-12-17:7210:1,4,del horizonte,0.023817043253842946,-0.31467781595296745,-0.007494695153576656,8,2,14
RPM-2015-12-17:7210:1,4,del horizonte de,0.024244297736804955,-0.3102611317282408,-0.0075220632537775335,8,2,12
RPM-2015-12-17:7210:1,4,del horizonte de proyeccion,0.02802381769438962,-0.28176355580593215,-0.007896090520828418,5,0,5
RPM-2015-12-17:7210:1,4,del incremento,0.027167818302226,0.10321312888944718,0.0028040755320727345,1,1,10
RPM-2015-12-17:7210:1,4,del incremento de,0.03206394052394867,-0.0008808290389757095,-2.8242849917484012e-05,0,0,4
RPM-2015-12-17:7210:1,4,del ipom,0.05315116675538499,0.007571383196102656,0.000402427850824972,15,8,25
RPM-2015-12-17:7210:1,4,del ipom del,0.03206394052394867,-0.006048538249683525,-0.00019393997069468112,0,0,4
RPM-2015-12-17:7210:1,4,del ipom del mes,0.03206394052394867,-0.006048538249683525,-0.00019393997069468112,0,0,4
RPM-2015-12-17:7210:1,4,del ipom que,0.056224926170262715,-0.08074158113870336,-0.004539689438393873,2,0,1
RPM-2015-12-17:7210:1,4,del mercado,0.027393094622265378,-0.01842252067215032,-0.0005046498519528537,24,15,71
RPM-2015-12-17:7210:1,4,del mercado laboral,0.03503553676435229,-0.015426103327683658,-0.000540461810267758,9,6,30
RPM-2015-12-17:7210:1,4,del mes,0.04064004250767423,0.11926777418130177,0.004847047412523795,14,13,66
RPM-2015-12-17:7210:1,4,del mes de,0.046973231042664154,0.06081820404139822,0.002856827550036489,6,7,42
RPM-2015-12-17:7210:1,4,del mes de diciembre,0.05136979433333008,-0.010144145216459951,-0.0005211026534569818,0,0,6
RPM-2015-12-17:7210:1,4,del mes de septiembre,0.0453561667399552,0.001182122376788431,5.361653962864822e-05,1,1,11
RPM-2015-12-17:7210:1,4,del orden,0.021158699564030978,0.1862716670950577,0.003941266241355521,2,4,35
RPM-2015-12-17:7210:1,4,del orden de,0.021808186125234066,0.19860280203433914,0.004331166871757883,2,4,30
RPM-2015-12-17:7210:1,4,del precio,0.017030607442998693,-0.018458889740630653,-0.00031436610500627663,16,12,65
RPM-2015-12-17:7210:1,4,del precio de,0.023056526476163845,0.020022217742545305,0.0004616427934925133,4,3,21
RPM-2015-12-17:7210:1,4,del precio de los,0.025500326139252943,-0.2071742558233982,-0.005283011091153677,4,0,13
RPM-2015-12-17:7210:1,4,del sesgo,0.0332073471319064,0.18111809915645874,0.006014451590559569,0,2,1
RPM-2015-12-17:7210:1,4,del tipo,0.019331066699936953,0.16751168572613853,0.0032381795697908606,3,8,48
RPM-2015-12-17:7210:1,4,del tipo de,0.01941718780910859,0.17328025314752218,0.0033646152189753184,3,8,47
RPM-2015-12-17:7210:1,4,del tipo de cambio,0.01950478114508985,0.14616812391821324,0.0028509772674131222,3,7,47
RPM-2015-12-17:7210:1,4,del trabajo,0.025500326139252943,0.36264286563839876,0.009247511345852453,1,5,11
RPM-2015-12-17:7210:1,4,dentro,0.018396835477104957,-0.1814019893074969,-0.003337222552509573,18,12,41
RPM-2015-12-17:7210:1,4,dentro del,0.02447207236331563,-0.03363846549308234,-0.0008232029617376067,7,4,10
RPM-2015-12-17:7210:1,4,dentro del horizonte,0.031129709301116668,-0.06091005807188811,-0.0018961124012920117,2,1,2
RPM-2015-12-17:7210:1,4,dentro del horizonte de,0.0332073471319064,-0.029965023250063588,-0.0009950589288805077,1,1,1
RPM-2015-12-17:7210:1,4,depreciado,0.025223281081440375,0.3046391115638419,0.007683997939375057,2,7,9
RPM-2015-12-17:7210:1,4,desarrollos,0.021158699564030978,-0.4258326560126592,-0.009010065233125206,13,5,23
RPM-2015-12-17:7210:1,4,desarrollos acontecidos,0.0332073471319064,-0.010793749962704805,-0.0003584318018665402,0,0,3
RPM-2015-12-17:7210:1,4,desarrollos acontecidos desde,0.0332073471319064,-0.010793749962704805,-0.0003584318018665402,0,0,3
RPM-2015-12-17:7210:1,4,desarrollos acontecidos desde la,0.0332073471319064,-0.010793749962704805,-0.0003584318018665402,0,0,3
RPM-2015-12-17:7210:1,4,descartable,0.0303398280569687,0.35223075652578195,0.01068662058936823,1,4,1
RPM-2015-12-17:7210:1,4,desde,0.02645096803982944,0.01808801754896315,0.00047844557409149833,42,28,152
RPM-2015-12-17:7210:1,4,desde el,0.01792141395360224,0.1216660091269354,0.0021804269136465573,11,9,58
RPM-2015-12-17:7210:1,4,desde el ipom,0.03206394052394867,0.039151251950939936,0.0012553434139930674,1,1,2
RPM-2015-12-17:7210:1,4,desde la,0.030126684441807678,-0.20643893590723916,-0.006219320678579955,20,13,47
RPM-2015-12-17:7210:1,4,desde la ultima,0.03448740730964769,-0.18523763550447048,-0.006388365784718729,13,6,29
RPM-2015-12-17:7210:1,4,desde la ultima reunion,0.036248087715640816,-0.17614216732132423,-0.006384816731486442,11,4,24
RPM-2015-12-17:7210:1,4,despues,0.032586935654785626,-0.09144122891813669,-0.002979789442949843,10,6,44
RPM-2015-12-17:7210:1,4,despues de,0.021671535750366386,-0.07613948245417607,-0.0016500595160200708,9,5,23
RPM-2015-12-17:7210:1,4,despues del,0.02965560180083241,0.0016140685302782696,4.786617361318717e-05,1,1,5
RPM-2015-12-17:7210:1,4,deterioro,0.03603385878910026,0.316569179156239,0.011407209098697297,10,11,19
RPM-2015-12-17:7210:1,4,deterioro de,0.02643455736208494,0.2785773704274357,0.007364069478342833,3,5,6
RPM-2015-12-17:7210:1,4,deterioro del,0.0332073471319064,-0.18048456027625537,-0.0059934134450430965,1,0,2
RPM-2015-12-17:7210:1,4,diciembre,0.03987440117304063,-0.31738246453621344,-0.012655435716205315,16,4,43
RPM-2015-12-17:7210:1,4,difiere,0.0303398280569687,-0.06591758310240922,-0.001999928137258041,3,1,2
RPM-2015-12-17:7210:1,4,distintos,0.020920327032241635,-0.01826557840863581,-0.0003821218737417129,10,6,27
RPM-2015-12-17:7210:1,4,dividido,0.03206394052394867,0.0034139722697241054,0.00010946540380684375,0,0,4
RPM-2015-12-17:7210:1,4,division,0.022504529870330626,0.12497984733861259,0.0028126127076211686,41,27,126
RPM-2015-12-17:7210:1,4,division estudios,0.025441520886472613,-0.00986593027522966,-0.0002510042711617379,31,19,88
RPM-2015-12-17:7210:1,4,division estudios es,0.03206394052394867,-0.20068838462413452,-0.006434860428435584,3,0,1
RPM-2015-12-17:7210:1,4,donde,0.038168846971146156,0.31710907044325864,0.012103687582911147,11,15,48
RPM-2015-12-17:7210:1,4,donde el,0.04669355194146151,0.20451883116317948,0.009549710665924919,1,4,6
RPM-2015-12-17:7210:1,4,durante,0.03184810156335639,-0.07526270916953527,-0.002396974405564714,25,14,95
RPM-2015-12-17:7210:1,4,durante los,0.04183842010452888,0.01202217360224048,0.0005029887497401145,3,1,16
RPM-2015-12-17:7210:1,4,durante los primeros,0.056224926170262715,-0.0019380256769149298,-0.00010896535060061535,0,0,3
RPM-2015-12-17:7210:1,4,durante todo,0.031129709301116668,0.05251971574726254,0.0016349234837895622,0,1,4
RPM-2015-12-17:7210:1,4,durante todo el,0.03206394052394867,0.05905075695128702,0.0018933999587802154,0,1,3
RPM-2015-12-17:7210:1,4,economia,0.0214186356313413,-0.4939428980771006,-0.010579582956602171,67,39,114
RPM-2015-12-17:7210:1,4,economias,0.025955794719089285,0.33913359118039454,0.008802481875025869,25,25,80
RPM-2015-12-17:7210:1,4,economias emergentes,0.031148550119285433,0.054580493019602286,0.0017001032223563906,13,13,45
RPM-2015-12-17:7210:1,4,economias emergentes con,0.0332073471319064,-0.09951131766350917,-0.003304506869205558,1,0,2
RPM-2015-12-17:7210:1,4,economias emergentes se,0.027577963970042675,-0.015001507083514914,-0.00041371102184551426,0,0,11
RPM-2015-12-17:7210:1,4,economias emergentes se han,0.03206394052394867,0.00718693596575177,0.00023044148735529234,0,0,4
RPM-2015-12-17:7210:1,4,efecto,0.014273287999719263,0.05819189723259932,0.0008305897084509565,21,15,124
RPM-2015-12-17:7210:1,4,el analisis,0.03448740730964769,0.024441531510925818,0.0008429250524888874,17,9,22
RPM-2015-12-17:7210:1,4,el analisis del,0.026103856469758414,-0.22250760554081064,-0.005808306598466943,9,3,3
RPM-2015-12-17:7210:1,4,el ano,0.016132846732672727,0.3327328942937516,0.00536792878655969,13,16,82
RPM-2015-12-17:7210:1,4,el aumento,0.01792141395360224,0.32353535470002426,0.0057982110202046645,14,14,50
RPM-2015-12-17:7210:1,4,el consumo,0.0188426892014519,0.3866934449496475,0.007286344399424958,6,11,48
RPM-2015-12-17:7210:1,4,el consumo en,0.0332073471319064,0.03288394701511846,0.001091988643598256,1,1,1
RPM-2015-12-17:7210:1,4,el corto,0.0310288815915821,0.1357052952215957,0.0042107835367815845,17,15,40
RPM-2015-12-17:7210:1,4,el corto plazo,0.03126989238688143,0.09921214927490499,0.0031023532312974954,17,14,39
RPM-2015-12-17:7210:1,4,el corto plazo la,0.0303398280569687,0.2282680630081103,0.0069256137825633645,1,3,2
RPM-2015-12-17:7210:1,4,el crecimiento,0.025441520886472613,-0.5341659648842935,-0.013589994552446548,40,16,82
RPM-2015-12-17:7210:1,4,el crecimiento de,0.03177298001740252,-0.10357424868668287,-0.0032908625338394543,21,9,36
RPM-2015-12-17:7210:1,4,el crecimiento de la,0.021808186125234066,-0.12936527026344705,-0.002821221892046461,15,4,17
RPM-2015-12-17:7210:1,4,el del,0.022714794179413803,-0.16271630728740816,-0.0036960674296677267,8,3,19
RPM-2015-12-17:7210:1,4,el del cobre,0.0303398280569687,-0.043963930300417106,-0.0013338580860232112,3,1,2
RPM-2015-12-17:7210:1,4,el escenario,0.03489074904230986,0.07052003795006095,0.0024604969465697444,64,41,86
RPM-2015-12-17:7210:1,4,el escenario base,0.03287615679339515,-0.3088149443066299,-0.010152648529168357,21,8,29
RPM-2015-12-17:7210:1,4,el escenario base del,0.023236337394820714,-0.13741958635162282,-0.0031931278731230075,9,2,16
RPM-2015-12-17:7210:1,4,el escenario de,0.021671535750366386,-0.10800757746590214,-0.002340690076362765,12,5,20
RPM-2015-12-17:7210:1,4,el escenario de crecimiento,0.031129709301116668,-0.14526692502536465,-0.004522117147106711,2,0,3
RPM-2015-12-17:7210:1,4,el escenario externo,0.023616072971152008,0.28333921456985994,0.006691359566870708,8,9,8
RPM-2015-12-17:7210:1,4,el escenario externo se,0.03206394052394867,-0.029893209342975794,-0.0009584940864431225,2,1,1
RPM-2015-12-17:7210:1,4,el espacio,0.0332073471319064,0.07434850458931261,0.00246891660063544,0,1,2
RPM-2015-12-17:7210:1,4,el horizonte,0.017668321258355345,-0.2183882347528343,-0.0038585534906582,38,20,24
RPM-2015-12-17:7210:1,4,el horizonte de,0.019163048848339807,-0.021284275115640905,-0.00040787160374253006,24,16,21
RPM-2015-12-17:7210:1,4,el horizonte de proyeccion,0.02905207147032694,0.1317464778912825,0.003827508091661387,0,2,6
RPM-2015-12-17:7210:1,4,el informe,0.033024465203247665,-0.5332662190845296,-0.017610831696224495,24,4,29
RPM-2015-12-17:7210:1,4,el ipom,0.01818766009197922,0.03339720840998421,0.0006074170745817827,20,16,38
RPM-2015-12-17:7210:1,4,el ipom del,0.028512195192874675,-0.017058464650553433,-0.00048637427380733214,0,0,9
RPM-2015-12-17:7210:1,4,el ipom del mes,0.02905207147032694,-0.015402903684607044,-0.000447486258695766,0,0,8
RPM-2015-12-17:7210:1,4,el mediano,0.023236337394820714,-0.030283551897774406,-0.0007036788294102493,5,3,19
RPM-2015-12-17:7210:1,4,el mercado,0.021986415900124776,0.09176019331814914,0.0020174777733686774,47,38,121
RPM-2015-12-17:7210:1,4,el mercado laboral,0.020064327640078015,-0.26058203338773667,-0.005228403295009297,11,6,34
RPM-2015-12-17:7210:1,4,el mercado se,0.03206394052394867,0.05616027733686605,0.0018007197923377355,0,1,3
RPM-2015-12-17:7210:1,4,el peso,0.021408704530726685,-0.014721009818180185,-0.0003151577495913461,9,7,23
RPM-2015-12-17:7210:1,4,el peso se,0.025223281081440375,-0.16192505631082807,-0.004084281209456077,5,1,12
RPM-2015-12-17:7210:1,4,el peso se ha,0.027577963970042675,-0.17781058618252538,-0.004903653939233853,5,1,5
RPM-2015-12-17:7210:1,4,el proximo,0.01868972006955707,-0.06151276429196036,-0.001149656345321385,14,13,40
RPM-2015-12-17:7210:1,4,el segundo,0.01725342886914722,0.34050900503910864,0.005874947897746353,16,15,58
RPM-2015-12-17:7210:1,4,el segundo trimestre,0.021538435140362275,0.27125914743938145,0.005842497553353085,9,8,21
RPM-2015-12-17:7210:1,4,el senor,0.009384515650701615,0.003868070055892181,3.629996397753044e-05,59,40,318
RPM-2015-12-17:7210:1,4,el senor alberto,0.031129709301116668,0.1272953165547091,0.003962666199741719,0,2,3
RPM-2015-12-17:7210:1,4,el senor alberto naudon,0.0332073471319064,-0.011291096041828697,-0.0003749473457606999,0,0,3
RPM-2015-12-17:7210:1,4,el sesgo,0.022552111138684425,0.5471469025783897,0.012339317756134784,9,13,9
RPM-2015-12-17:7210:1,4,el sesgo al,0.0332073471319064,0.04598664254700605,0.0015270944024893263,1,1,1
RPM-2015-12-17:7210:1,4,el sesgo al alza,0.0332073471319064,0.04598664254700605,0.0015270944024893263,1,1,1
RPM-2015-12-17:7210:1,4,ello,0.024197048279986165,0.1173071510465102,0.0028384867974600367,60,41,173
RPM-2015-12-17:7210:1,4,ello en,0.027577963970042675,-0.09302177673767528,-0.002565351207300963,5,2,4
RPM-2015-12-17:7210:1,4,ello en un,0.03206394052394867,-0.12112888449201692,-0.0038838693480842787,2,0,2
RPM-2015-12-17:7210:1,4,ello se,0.018468502175067895,-0.18567567066980017,-0.0034291515276223946,18,7,45
RPM-2015-12-17:7210:1,4,embargo,0.02501525399820722,-0.5811429151601937,-0.014537437631990833,48,25,72
RPM-2015-12-17:7210:1,4,embargo en,0.0303398280569687,-0.20194007332550473,-0.006126827102507465,3,0,3
RPM-2015-12-17:7210:1,4,emergentes,0.028473779716272803,0.2172279709830202,0.006185301393983418,17,19,61
RPM-2015-12-17:7210:1,4,emergentes con,0.0332073471319064,-0.09951131766350917,-0.003304506869205558,1,0,2
RPM-2015-12-17:7210:1,4,emergentes se,0.02643455736208494,-0.0724884999585117,-0.0019162014102447693,1,0,13
RPM-2015-12-17:7210:1,4,emergentes se han,0.03206394052394867,0.00718693596575177,0.00023044148735529234,0,0,4
RPM-2015-12-17:7210:1,4,en,0.025565429584547876,0.3553108836977367,0.009083675377797968,106,80,660
RPM-2015-12-17:7210:1,4,en el,0.022701591746531205,0.033652848032724975,0.0007639732171469782,101,72,406
RPM-2015-12-17:7210:1,4,en el corto,0.03139295587870819,0.13320555996806877,0.0041817162668762,16,14,39
RPM-2015-12-17:7210:1,4,en el corto plazo,0.03151779012892597,0.13041032831112284,0.004110245358354302,16,14,38
RPM-2015-12-17:7210:1,4,en el escenario,0.016976383811334657,-0.09344111322948656,-0.0015862922019421442,38,18,38
RPM-2015-12-17:7210:1,4,en el escenario base,0.022092930786862978,-0.28892219418377574,-0.006383138038890742,11,3,20
RPM-2015-12-17:7210:1,4,en el informe,0.03716217771266032,-0.3784582021538223,-0.014064330965254269,16,2,17
RPM-2015-12-17:7210:1,4,en el mediano,0.025223281081440375,-0.03545366156165261,-0.0008942576709358222,4,2,12
RPM-2015-12-17:7210:1,4,en el segundo,0.021671535750366386,-0.1308607512364791,-0.0028359534487411592,12,3,22
RPM-2015-12-17:7210:1,4,en el segundo trimestre,0.02471044489510497,-0.0671003968089283,-0.0016580806577867003,8,2,10
RPM-2015-12-17:7210:1,4,en esta,0.02369486357335305,-0.4032114855103363,-0.009554041140376439,65,38,66
RPM-2015-12-17:7210:1,4,en esta reunion,0.03244586212849906,-0.28964931664387017,-0.00939792179344098,24,11,26
RPM-2015-12-17:7210:1,4,en este,0.031079669842451724,0.24143328574155087,0.007503666809825708,32,30,82
RPM-2015-12-17:7210:1,4,en este contexto,0.043903655392817945,0.22054907863022963,0.00968291074538511,12,12,19
RPM-2015-12-17:7210:1,4,en gran,0.027577963970042675,-0.10989801766903556,-0.0030307635716557762,3,0,8
RPM-2015-12-17:7210:1,4,en gran medida,0.031129709301116668,-0.11986558821820792,-0.0037313809164401675,3,0,2
RPM-2015-12-17:7210:1,4,en la,0.016184921875061035,0.04788877315591761,0.0007750760522210466,83,57,263
RPM-2015-12-17:7210:1,4,en la inflacion,0.021538435140362275,-0.1839144390446018,-0.003961229216738267,9,3,26
RPM-2015-12-17:7210:1,4,en la presente,0.0303398280569687,-0.05181574788262186,-0.0015720808814019872,3,2,1
RPM-2015-12-17:7210:1,4,en la presente reunion,0.031129709301116668,-0.09768338898795197,-0.003040855502742846,3,1,1
RPM-2015-12-17:7210:1,4,en las,0.012270455663545373,0.005787859150173463,7.101966908904887e-05,48,37,152
RPM-2015-12-17:7210:1,4,en las proyecciones,0.023422688308463207,-0.23201010862800614,-0.005434300458806478,9,4,13
RPM-2015-12-17:7210:1,4,en linea,0.017310681815339714,-0.031583442161491684,-0.0005467309178907677,21,10,57
RPM-2015-12-17:7210:1,4,en linea con,0.017310681815339714,-0.03150433298511883,-0.0005453614841099036,21,10,57
RPM-2015-12-17:7210:1,4,en lo,0.015213888502893584,0.218677013690589,0.003326927704434355,17,21,95
RPM-2015-12-17:7210:1,4,en lo grueso,0.02965560180083241,0.08798955626133574,0.002609383243118113,2,4,1
RPM-2015-12-17:7210:1,4,en los,0.02233466502996043,-0.2780438176229659,-0.006210015530260352,67,44,215
RPM-2015-12-17:7210:1,4,en los primeros,0.028512195192874675,-0.08661449306366142,-0.0024695693327630042,3,1,5
RPM-2015-12-17:7210:1,4,en los primeros meses,0.03206394052394867,-0.08065386550597052,-0.002586080746609994,1,0,3
RPM-2015-12-17:7210:1,4,en los ultimos,0.027010837609872784,0.07318107538619618,0.0019766821433724034,20,15,80
RPM-2015-12-17:7210:1,4,en los ultimos meses,0.01950478114508985,0.10724674118003708,0.002091824215240718,10,9,38
RPM-2015-12-17:7210:1,4,en los ultimos trimestres,0.02905207147032694,-0.12595918488252028,-0.0036593752415511036,3,1,4
RPM-2015-12-17:7210:1,4,en niveles,0.01818766009197922,0.1396870762742613,0.0025405810625186397,16,12,46
RPM-2015-12-17:7210:1,4,en niveles bajos,0.031129709301116668,-0.05408598170897137,-0.001683680887865792,2,1,2
RPM-2015-12-17:7210:1,4,en primer,0.019000365807610428,-0.31664057292777076,-0.006016286715158992,20,13,30
RPM-2015-12-17:7210:1,4,en primer lugar,0.021808186125234066,-0.3171230392063229,-0.00691587826361139,16,8,12
RPM-2015-12-17:7210:1,4,en razon,0.022714794179413803,0.20910656056259413,0.004749812484744453,2,8,20
RPM-2015-12-17:7210:1,4,en razon de,0.02288281203101095,0.21321382648930065,0.00487893191396725,2,8,19
RPM-2015-12-17:7210:1,4,en razon de ello,0.03206394052394867,-0.01966103646884083,-0.0006304103039760982,0,0,4
RPM-2015-12-17:7210:1,4,en segundo,0.01892092103212028,-0.2014887142928935,-0.0038123520519992827,19,11,34
RPM-2015-12-17:7210:1,4,en segundo termino,0.02643455736208494,0.23212787769652932,0.006136197698307941,1,4,9
RPM-2015-12-17:7210:1,4,en tercer,0.026103856469758414,0.05140282959999157,0.0013418120860176292,7,4,4
RPM-2015-12-17:7210:1,4,en tercer lugar,0.026788082725894707,-0.007983730616196325,-0.00021386883620792547,7,3,3
RPM-2015-12-17:7210:1,4,en terminos,0.01666256624688745,0.4105244973444454,0.006840391632971993,10,17,73
RPM-2015-12-17:7210:1,4,en terminos reales,0.02802381769438962,0.17503385239498426,0.0049051167698637415,0,3,7
RPM-2015-12-17:7210:1,4,en terreno,0.02905207147032694,0.09120559998818147,0.002649711609350698,0,1,7
RPM-2015-12-17:7210:1,4,en torno,0.014273287999719263,0.13896873756653888,0.001983540814244615,32,25,103
RPM-2015-12-17:7210:1,4,en torno por,0.03206394052394867,-0.0004369396394219658,-1.4010006610981488e-05,0,0,4
RPM-2015-12-17:7210:1,4,en un,0.02349309097444646,0.7099708501892443,0.016679409772701013,41,37,95
RPM-2015-12-17:7210:1,4,en un contexto,0.020692552405730962,0.3854861118808948,0.007976691571776886,5,11,29
RPM-2015-12-17:7210:1,4,en un contexto donde,0.02905207147032694,0.18545783068480695,0.005387934151786804,1,3,4
RPM-2015-12-17:7210:1,4,enfrentan,0.028512195192874675,0.015568468349783988,0.00044389120844313257,0,0,9
RPM-2015-12-17:7210:1,4,es,0.01997108011955867,0.05542485195124795,0.0011068941589330505,89,70,426
RPM-2015-12-17:7210:1,4,es descartable,0.0332073471319064,0.4054687741767834,0.013464542335237013,0,3,0
RPM-2015-12-17:7210:1,4,es la,0.016612082238767336,0.15589300790143823,0.002589707467707498,25,19,57
RPM-2015-12-17:7210:1,4,es la de,0.02965560180083241,-0.07875640753425503,-0.002335568661099945,1,0,6
RPM-2015-12-17:7210:1,4,es la de mantener,0.031129709301116668,-0.026247039559782845,-0.0008170627115109491,0,0,5
RPM-2015-12-17:7210:1,4,es lo,0.022714794179413803,-0.08486110115107393,-0.00192760244648506,6,5,19
RPM-2015-12-17:7210:1,4,es menos,0.0303398280569687,-0.07972112416338606,-0.0024187251996253857,1,0,5
RPM-2015-12-17:7210:1,4,es muy,0.020692552405730962,-0.26206043644455856,-0.005422699314597756,10,6,29
RPM-2015-12-17:7210:1,4,es muy similar,0.0332073471319064,-0.002947312579851147,-9.787243194535164e-05,0,0,3
RPM-2015-12-17:7210:1,4,escenario,0.03374842872792679,-0.12898881685904356,-0.004353169892467034,79,49,150
RPM-2015-12-17:7210:1,4,escenario base,0.0310288815915821,-0.41338213015318376,-0.01282678516859912,27,9,36
RPM-2015-12-17:7210:1,4,escenario base del,0.022714794179413803,-0.16577172747651586,-0.003765470670394934,9,3,18
RPM-2015-12-17:7210:1,4,escenario base del ipom,0.027167818302226,0.042716537612681856,0.0011605151323615436,4,2,6
RPM-2015-12-17:7210:1,4,escenario de,0.02970849116672793,0.20219203339684,0.00600682023815278,25,16,43
RPM-2015-12-17:7210:1,4,escenario de crecimiento,0.04827534290239059,-0.15424225434877234,-0.007446097718724731,5,1,3
RPM-2015-12-17:7210:1,4,escenario externo,0.03603385878910026,0.17950549959619538,0.006468275824316198,11,10,19
RPM-2015-12-17:7210:1,4,escenario externo se,0.031129709301116668,-0.030989903198440204,-0.0009647066778371892,2,1,2
RPM-2015-12-17:7210:1,4,escenarios,0.021408704530726685,0.20177690984440888,0.004319782243982027,13,10,16
RPM-2015-12-17:7210:1,4,espacio,0.02447207236331563,0.09660327837032556,0.002364082418812131,5,6,10
RPM-2015-12-17:7210:1,4,espacio de,0.0332073471319064,-0.08436648598252575,-0.002801587186320848,1,0,2
RPM-2015-12-17:7210:1,4,especialmente,0.016765051370662167,-0.2352405841576127,-0.003943820477866954,26,15,57
RPM-2015-12-17:7210:1,4,especialmente para,0.031129709301116668,-0.07935871797150715,-0.0024704138209623206,3,1,1
RPM-2015-12-17:7210:1,4,espera,0.027393094622265378,-0.4130207846110728,-0.011313917433813405,36,19,55
RPM-2015-12-17:7210:1,4,espera un,0.02471044489510497,-0.3789767030255917,-0.009364682936642445,7,0,13
RPM-2015-12-17:7210:1,4,espera un aumento,0.03206394052394867,-0.1188067426038287,-0.0038094123286932418,2,0,2
RPM-2015-12-17:7210:1,4,esperan,0.024960449861800682,-0.17271576661182322,-0.004311063232856882,4,1,14
RPM-2015-12-17:7210:1,4,esta,0.021880969111568258,-0.07571624393013385,-0.0016567447946792264,89,64,354
RPM-2015-12-17:7210:1,4,esta forma,0.026103856469758414,0.47609343790302217,0.012427874769214331,3,5,7
RPM-2015-12-17:7210:1,4,esta reunion,0.0336662585589206,0.001175990593383025,3.9591203379691385e-05,32,24,57
RPM-2015-12-17:7210:1,4,esta vez,0.0303398280569687,0.0011466152599527712,3.4788109834463545e-05,3,1,2
RPM-2015-12-17:7210:1,4,estabilizarse,0.031129709301116668,0.03876101903823888,0.0012066192548754252,1,1,3
RPM-2015-12-17:7210:1,4,estamos,0.023616072971152008,0.3691033300027486,0.00871677117524011,3,6,16
RPM-2015-12-17:7210:1,4,estan,0.014402202607223077,-0.235059708683393,-0.0033853775492530594,29,22,105
RPM-2015-12-17:7210:1,4,estara,0.027167818302226,0.1268568082111879,0.003446422715881884,3,4,5
RPM-2015-12-17:7210:1,4,este,0.022364999140267808,0.49457061530282653,0.011061071386049436,73,61,284
RPM-2015-12-17:7210:1,4,este analisis,0.0332073471319064,-0.00897772313559055,-0.00029812636861770256,0,0,3
RPM-2015-12-17:7210:1,4,este contexto,0.043661994244464944,0.21920357851977046,0.009570865383696336,12,12,20
RPM-2015-12-17:7210:1,4,estima,0.013934636624221858,-0.21907087716198348,-0.003052673068201783,44,32,95
RPM-2015-12-17:7210:1,4,estima que,0.014809629206058123,-0.343555048126413,-0.00508792287462163,38,25,81
RPM-2015-12-17:7210:1,4,estima que los,0.0332073471319064,-0.049136016266925056,-0.00163167674885478,1,0,2
RPM-2015-12-17:7210:1,4,estimulo,0.018765633833967576,0.3974944356420771,0.007459235030298809,25,21,20
RPM-2015-12-17:7210:1,4,estimulo monetario,0.0197769204242839,0.3207894436587091,0.006344227300188593,22,18,14
RPM-2015-12-17:7210:1,4,estudios,0.024440485544827875,0.01953300221911297,0.0004773960583833214,36,25,94
RPM-2015-12-17:7210:1,4,estudios es,0.0303398280569687,-0.2969405256508969,-0.009009124491394115,5,0,1
RPM-2015-12-17:7210:1,4,evolucion,0.025074881935375534,-0.4292046818864289,-0.01076225672441262,42,22,80
RPM-2015-12-17:7210:1,4,evolucion del,0.034848952568711344,0.041648665575865385,0.0014514123712034538,9,7,30
RPM-2015-12-17:7210:1,4,evolucion del mercado,0.0332073471319064,-0.003388599272724767,-0.00011252639234029692,0,0,3
RPM-2015-12-17:7210:1,4,evolucion del tipo,0.031129709301116668,-0.012422914123669453,-0.0003867217053425666,0,0,5
RPM-2015-12-17:7210:1,4,evolucion del tipo de,0.031129709301116668,-0.012422914123669453,-0.0003867217053425666,0,0,5
RPM-2015-12-17:7210:1,4,expansividad,0.025793210731705058,-0.27997799685489183,-0.007221531473118881,8,3,5
RPM-2015-12-17:7210:1,4,expansivo,0.025500326139252943,0.053448858909232996,0.0013629633339563567,6,5,6
RPM-2015-12-17:7210:1,4,expectativas,0.011817430369972294,-0.2331205721281043,-0.0027548861289319764,67,50,142
RPM-2015-12-17:7210:1,4,expectativas de,0.013846033516757257,-0.3328986363928298,-0.004609325677177908,45,32,97
RPM-2015-12-17:7210:1,4,expectativas de mercado,0.024026218638968682,0.009372661448999942,0.00022518961320270561,4,3,16
RPM-2015-12-17:7210:1,4,explicando,0.02802381769438962,0.15743350900617842,0.00441188795537719,0,3,7
RPM-2015-12-17:7210:1,4,expresa,0.01748638195529585,0.22932378679461934,0.004010043327325545,10,18,57
RPM-2015-12-17:7210:1,4,expresa que,0.017668321258355345,0.26051086723228467,0.0046027896935527625,10,18,54
RPM-2015-12-17:7210:1,4,expresa que en,0.02802381769438962,0.3484547577680885,0.009765032606435608,0,2,8
RPM-2015-12-17:7210:1,4,externo,0.02708595349648016,-0.10261424399364079,-0.0027794046408882228,38,27,49
RPM-2015-12-17:7210:1,4,externo se,0.02905207147032694,-0.06662638365130313,-0.001935634459647081,4,2,2
RPM-2015-12-17:7210:1,4,externo se ha,0.0332073471319064,-0.05469540771237068,-0.0018162893904258436,2,1,0
RPM-2015-12-17:7210:1,4,favorables,0.019966723062796322,0.08241348646290575,0.0016455272608443528,13,7,32
RPM-2015-12-17:7210:1,4,financieras,0.0282121770618108,0.08777826161736393,0.0024764158589270224,25,22,53
RPM-2015-12-17:7210:1,4,financieras globales,0.031129709301116668,0.060834328753484004,0.00189375496962452,0,1,4
RPM-2015-12-17:7210:1,4,fines,0.029407565137657053,0.10274269098818713,0.003021412377653283,12,10,65
RPM-2015-12-17:7210:1,4,fines de,0.02047447330789469,0.2827721790460056,0.0057896114320926595,3,7,37
RPM-2015-12-17:7210:1,4,fines del,0.02047447330789469,-0.11814320063936486,-0.0024189198079999225,9,5,33
RPM-2015-12-17:7210:1,4,forma,0.016463547624999252,0.6753156878739023,0.01111809198922112,23,26,55
RPM-2015-12-17:7210:1,4,fundamentalmente,0.02058235277407269,-0.00013156035539646851,-2.7078216458524927e-06,5,4,37
RPM-2015-12-17:7210:1,4,fundamentalmente por,0.025500326139252943,-0.00554927966015813,-0.00014150844117195505,2,2,13
RPM-2015-12-17:7210:1,4,gerencia,0.0310288815915821,-0.044348871996016226,-0.0013760958978846188,29,18,25
RPM-2015-12-17:7210:1,4,gerencia de,0.03177298001740252,0.0790692685174944,0.0025122662885969844,26,18,22
RPM-2015-12-17:7210:1,4,gerencia de division,0.03230704587572768,0.09788360615316372,0.00316233015447192,26,18,18
RPM-2015-12-17:7210:1,4,gerencia de division estudios,0.03348523705653469,0.02982952221378743,0.0009988486226118396,24,14,16
RPM-2015-12-17:7210:1,4,globales,0.027167818302226,-0.09229683036292947,-0.002507503517171444,3,1,8
RPM-2015-12-17:7210:1,4,grado,0.01959389791957665,0.09320232343168464,0.0018261968111877957,9,9,38
RPM-2015-12-17:7210:1,4,grado de,0.02080517420022121,0.18308939372268623,0.003809206730613375,7,8,29
RPM-2015-12-17:7210:1,4,grados,0.026788082725894707,-0.12761426688226352,-0.00341854153824648,6,3,4
RPM-2015-12-17:7210:1,4,grados de,0.028512195192874675,-0.1207405500732644,-0.003442578131383973,5,2,2
RPM-2015-12-17:7210:1,4,gran,0.019870942977389214,-0.04152135586571988,-0.0008250684947516049,11,6,36
RPM-2015-12-17:7210:1,4,gran medida,0.031129709301116668,-0.11986558821820792,-0.0037313809164401675,3,0,2
RPM-2015-12-17:7210:1,4,grueso,0.027577963970042675,0.07438192859956916,0.002051302146941205,2,4,5
RPM-2015-12-17:7210:1,4,ha,0.030915566343332285,-0.030037724802916443,-0.000928633273947321,86,59,296
RPM-2015-12-17:7210:1,4,ha corregido,0.058811128188840885,-0.0262853918710774,-0.0015458735508238491,1,0,9
RPM-2015-12-17:7210:1,4,ha corregido la,0.0332073471319064,0.003781729219644694,0.00012558119495561487,0,0,3
RPM-2015-12-17:7210:1,4,ha corregido la baja,0.0332073471319064,0.003781729219644694,0.00012558119495561487,0,0,3
RPM-2015-12-17:7210:1,4,ha depreciado,0.026788082725894707,0.1295446096145526,0.00347025171904837,2,5,6
RPM-2015-12-17:7210:1,4,ha hecho,0.0431758053060352,0.19488453737428546,0.00841429684282889,3,4,10
RPM-2015-12-17:7210:1,4,ha hecho en,0.0332073471319064,0.09474614215993296,0.003146268032113846,1,1,1
RPM-2015-12-17:7210:1,4,ha intensificado,0.0332073471319064,-0.002675696394581835,-8.88527789944694e-05,0,0,3
RPM-2015-12-17:7210:1,4,ha sido,0.017085411017550074,0.2601827747957597,0.004445329647072223,16,16,60
RPM-2015-12-17:7210:1,4,ha sido algo,0.03206394052394867,0.046832405595786004,0.0015016314676167231,1,1,2
RPM-2015-12-17:7210:1,4,ha tenido,0.022394434532525893,-0.03412223591039093,-0.0007641481781986537,4,3,25
RPM-2015-12-17:7210:1,4,ha tornado,0.03206394052394867,-0.1836843752548688,-0.005889644883350782,1,0,3
RPM-2015-12-17:7210:1,4,hace,0.02329727894483177,0.3090131124925343,0.0071991646793492505,47,44,207
RPM-2015-12-17:7210:1,4,hace notar,0.0192463691455392,-0.03391298830466449,-0.0006527018917399265,5,6,49
RPM-2015-12-17:7210:1,4,hace presente,0.01446789690930808,0.4660839653806897,0.0067432547622093345,23,28,103
RPM-2015-12-17:7210:1,4,hace presente que,0.015570145983737226,0.504936351370729,0.007861932703337885,18,22,84
RPM-2015-12-17:7210:1,4,hace presente que en,0.02471044489510497,0.24975602229398608,0.006171582426116152,2,6,12
RPM-2015-12-17:7210:1,4,hacia,0.0134788621119247,0.40092238889580667,0.005403977597510028,34,32,121
RPM-2015-12-17:7210:1,4,hacia fines,0.024960449861800682,0.0047564093745934045,0.00011872211771673742,2,1,16
RPM-2015-12-17:7210:1,4,hacia fines del,0.02802381769438962,-0.023206010758070057,-0.0006503210148981996,2,1,7
RPM-2015-12-17:7210:1,4,han,0.026168058629507638,-0.15562108305517325,-0.004072301625375251,65,42,199
RPM-2015-12-17:7210:1,4,han hecho,0.031129709301116668,0.051635761914109124,0.0016074062579278887,1,2,2
RPM-2015-12-17:7210:1,4,han vuelto,0.025500326139252943,0.15548853080799047,0.003965008246517036,5,5,7
RPM-2015-12-17:7210:1,4,hecho,0.031229025973085328,0.3369920096247221,0.010523932221292666,26,25,91
RPM-2015-12-17:7210:1,4,hecho en,0.0303398280569687,0.1193712510940538,0.0036217032331388294,2,2,2
RPM-2015-12-17:7210:1,4,hecho que,0.023056526476163845,0.09435708494536943,0.0021755466272565514,7,6,15
RPM-2015-12-17:7210:1,4,hecho que se,0.03206394052394867,-0.01544565548841018,-0.0004952485789337854,1,1,2
RPM-2015-12-17:7210:1,4,historicos,0.021538435140362275,0.624840958742231,0.013458096462911323,2,13,23
RPM-2015-12-17:7210:1,4,holguras,0.01892092103212028,0.0823086449861229,0.0015573553720432541,24,14,26
RPM-2015-12-17:7210:1,4,holguras de,0.02288281203101095,0.40096464558259254,0.00917519861594739,9,10,10
RPM-2015-12-17:7210:1,4,holguras de capacidad,0.023236337394820714,0.44857403889279557,0.010423217714270426,8,10,9
RPM-2015-12-17:7210:1,4,horizonte,0.02723816495687764,-0.45524447886793307,-0.012400024211112557,50,24,38
RPM-2015-12-17:7210:1,4,horizonte de,0.029212594444788187,-0.348532004544204,-0.010181524099778905,36,20,33
RPM-2015-12-17:7210:1,4,horizonte de proyeccion,0.0422617153090157,-0.1781327301743196,-0.0075281947298448055,6,2,11
RPM-2015-12-17:7210:1,4,importante,0.0129855314130775,-0.19781801831909568,-0.0025687720909553574,46,31,129
RPM-2015-12-17:7210:1,4,incidencia,0.02080517420022121,0.09108672330287379,0.001895075145643638,9,7,28
RPM-2015-12-17:7210:1,4,incidencia de,0.02802381769438962,-0.03821640936409108,-0.0010709696889534528,3,2,5
RPM-2015-12-17:7210:1,4,inclina,0.026103856469758414,-0.3390208305981425,-0.008849751102192193,10,3,2
RPM-2015-12-17:7210:1,4,inclina por,0.028512195192874675,-0.19995702159473314,-0.005701213629894888,6,2,1
RPM-2015-12-17:7210:1,4,incluyendo,0.02447207236331563,0.13724077335630425,0.003358566136772877,10,5,6
RPM-2015-12-17:7210:1,4,incluyendo el,0.02905207147032694,-0.05600631133322901,-0.0016270993596423507,5,1,2
RPM-2015-12-17:7210:1,4,incorporar,0.02802381769438962,-0.010303020306709113,-0.0002887299627768104,3,3,4
RPM-2015-12-17:7210:1,4,incremento,0.016976383811334657,-0.3141249242314248,-0.005332705278459086,16,4,74
RPM-2015-12-17:7210:1,4,incremento de,0.020163827569841333,-0.20829699758092307,-0.00420006474253739,8,2,40
RPM-2015-12-17:7210:1,4,incremento de la,0.023817043253842946,0.02133022081451881,0.0005080227917534157,1,1,22
RPM-2015-12-17:7210:1,4,incremento de la inflacion,0.0303398280569687,0.07903049434071666,0.0023977716095545812,0,1,5
RPM-2015-12-17:7210:1,4,indexacion,0.027577963970042675,0.027856334637673674,0.0007682209929752164,1,1,9
RPM-2015-12-17:7210:1,4,indica,0.017966565545028942,-0.1959266254408707,-0.0035201285579997384,60,47,221
RPM-2015-12-17:7210:1,4,indica que,0.019031389146565523,-0.14989512701543678,-0.002852712493404644,54,43,193
RPM-2015-12-17:7210:1,4,indica que en,0.020265297922768953,0.020331993371178067,0.00041203390303068703,10,8,31
RPM-2015-12-17:7210:1,4,indica que la,0.021538435140362275,-0.14967486330016466,-0.0032237623353331864,8,6,24
RPM-2015-12-17:7210:1,4,indicadores,0.016132846732672727,-0.055574146242833786,-0.0008965691836347774,25,15,71
RPM-2015-12-17:7210:1,4,indicadores de,0.018541185455788985,-0.1289286617002781,-0.002390490227151535,20,9,40
RPM-2015-12-17:7210:1,4,indicadores de confianza,0.03206394052394867,-0.171235861692214,-0.00549049648486625,1,0,3
RPM-2015-12-17:7210:1,4,indicios,0.0303398280569687,-0.05657427178543108,-0.0017164536784181944,2,2,2
RPM-2015-12-17:7210:1,4,indicios de,0.031129709301116668,0.025443134262409964,0.0007920373732981037,1,2,2
RPM-2015-12-17:7210:1,4,indicios de que,0.0332073471319064,0.05604366476317232,0.0018610614303348541,0,1,2
RPM-2015-12-17:7210:1,4,inflacion,0.03670944944260593,-0.08256070365293189,-0.003030757976693274,94,63,220
RPM-2015-12-17:7210:1,4,inflacion actual,0.031129709301116668,-0.04640148792238161,-0.0014444648301630155,3,1,1
RPM-2015-12-17:7210:1,4,inflacion algo,0.03206394052394867,-0.024334195616322263,-0.0007802502009398894,1,1,2
RPM-2015-12-17:7210:1,4,inflacion anual,0.022092930786862978,-0.2036413599095227,-0.004499034469823738,10,5,19
RPM-2015-12-17:7210:1,4,inflacion con,0.027167818302226,-0.05973623702868156,-0.0016229032336539254,6,3,3
RPM-2015-12-17:7210:1,4,inflacion el,0.023817043253842946,-0.1117222781317345,-0.0026608943306813924,9,3,12
RPM-2015-12-17:7210:1,4,inflacion la,0.02447207236331563,-0.12197087096844042,-0.0029848799805563073,9,4,8
RPM-2015-12-17:7210:1,4,inflacion la meta,0.02965560180083241,-0.2123898008260085,-0.006298547359854215,5,1,1
RPM-2015-12-17:7210:1,4,inflacion por,0.023056526476163845,0.22879656896061723,0.005275254149895918,7,10,11
RPM-2015-12-17:7210:1,4,inflacion que,0.020920327032241635,-0.22146825670766795,-0.004633188357584856,12,5,26
RPM-2015-12-17:7210:1,4,inflacion subyacente,0.03774708826623385,-0.01597568641530927,-0.0006030356452323521,24,13,40
RPM-2015-12-17:7210:1,4,inflacion subyacente se,0.02965560180083241,-0.2509771166565595,-0.007442877432687991,3,0,4
RPM-2015-12-17:7210:1,4,inflacionarias,0.01565279431380227,-0.1229634043353074,-0.0019247208761854692,38,25,59
RPM-2015-12-17:7210:1,4,inflacionarias de,0.025500326139252943,-0.1568840941273362,-0.00400059556630833,9,2,6
RPM-2015-12-17:7210:1,4,informa,0.018765633833967576,0.005010720011221645,9.40293369751193e-05,4,4,58
RPM-2015-12-17:7210:1,4,informa que,0.01959389791957665,-0.025383176316651684,-0.0004973553656230888,3,3,50
RPM-2015-12-17:7210:1,4,informa que el,0.027577963970042675,-0.01844419690015639,-0.0005086533975688858,1,1,9
RPM-2015-12-17:7210:1,4,informe,0.02636254877327144,-0.8855834638520185,-0.0233462372586015,45,12,67
RPM-2015-12-17:7210:1,4,informe del,0.0332073471319064,-0.2672748322598636,-0.008875488134475345,3,0,0
RPM-2015-12-17:7210:1,4,inicia,0.021282177475666,0.2157267344906439,0.00459113464967576,3,9,28
RPM-2015-12-17:7210:1,4,inicia su,0.021282177475666,0.2157267344906439,0.00459113464967576,3,9,28
RPM-2015-12-17:7210:1,4,inicia su intervencion,0.023056526476163845,0.1314935336486255,0.0030317841400138755,2,6,20
RPM-2015-12-17:7210:1,4,inicia su intervencion refiriendose,0.02965560180083241,-0.010959605725177471,-0.0003250137032799862,0,0,7
RPM-2015-12-17:7210:1,4,inicios,0.0332073471319064,0.001561133755868407,5.184111055045901e-05,0,0,3
RPM-2015-12-17:7210:1,4,intensificado,0.02802381769438962,0.09768428873718879,0.002737486699177096,3,3,4
RPM-2015-12-17:7210:1,4,intercambio,0.022394434532525893,-0.054209767086851324,-0.001213997080049969,7,3,22
RPM-2015-12-17:7210:1,4,intercambio de,0.031129709301116668,0.01351832263744729,0.0004208214539424389,1,1,3
RPM-2015-12-17:7210:1,4,interno,0.01569462381446521,-0.30624736116363993,-0.0048064371276359905,42,24,55
RPM-2015-12-17:7210:1,4,intervencion,0.020064327640078015,0.0720264707034208,0.0014451627069519155,10,11,30
RPM-2015-12-17:7210:1,4,intervencion refiriendose,0.02905207147032694,-0.047898137229364424,-0.0013915401060830227,1,0,7
RPM-2015-12-17:7210:1,4,intervencion refiriendose los,0.0303398280569687,-0.048678942207678835,-0.0014769107365760921,1,0,5
RPM-2015-12-17:7210:1,4,intervencion refiriendose los principales,0.0303398280569687,-0.048678942207678835,-0.0014769107365760921,1,0,5
RPM-2015-12-17:7210:1,4,ipom,0.03993671627693708,0.09104877317498788,0.003636189021652691,41,31,87
RPM-2015-12-17:7210:1,4,ipom del,0.04419767098351295,-0.08565062055094291,-0.003785557946644288,1,0,14
RPM-2015-12-17:7210:1,4,ipom del mes,0.0453561667399552,-0.023936607109134783,-0.0010856727432307142,0,0,13
RPM-2015-12-17:7210:1,4,ipom del mes de,0.0453561667399552,-0.023936607109134783,-0.0010856727432307142,0,0,13
RPM-2015-12-17:7210:1,4,ipom la,0.04827534290239059,-0.2413798418126932,-0.011652694633232562,5,1,3
RPM-2015-12-17:7210:1,4,ipom que,0.04599911496037884,0.0606277211737181,0.002788821516055653,3,2,7
RPM-2015-12-17:7210:1,4,la,0.028537657022182344,0.08361151897551639,0.0023860768516269773,106,80,664
RPM-2015-12-17:7210:1,4,la actividad,0.02286796858874416,0.20485159065802783,0.004684539740522057,52,41,93
RPM-2015-12-17:7210:1,4,la alta,0.026103856469758414,-0.06252556147952883,-0.001632158282552676,1,0,14
RPM-2015-12-17:7210:1,4,la alta inflacion,0.03206394052394867,-0.0038302770619799836,-0.00012281377590557104,0,0,4
RPM-2015-12-17:7210:1,4,la baja,0.03145702324598172,0.4250578737665602,0.013371055415962247,15,21,103
RPM-2015-12-17:7210:1,4,la baja desde,0.03206394052394867,-0.003607737295986629,-0.00011567827408454667,0,0,4
RPM-2015-12-17:7210:1,4,la convergencia,0.024244297736804955,-0.27550240546360993,-0.006679362345265719,10,4,8
RPM-2015-12-17:7210:1,4,la convergencia de,0.025500326139252943,-0.21878561859102338,-0.005579104628649298,9,3,5
RPM-2015-12-17:7210:1,4,la convergencia de la,0.025793210731705058,-0.21860783269629708,-0.005638597896336914,9,3,4
RPM-2015-12-17:7210:1,4,la curva,0.019966723062796322,0.08750050371407643,0.001747098325514145,8,7,37
RPM-2015-12-17:7210:1,4,la curva de,0.025500326139252943,-0.007453859025259357,-0.00019007583614012765,3,2,12
RPM-2015-12-17:7210:1,4,la de,0.032035904099131825,0.1528981843175772,0.004898231569729285,9,10,45
RPM-2015-12-17:7210:1,4,la de los,0.02965560180083241,0.17237024206165352,0.005111743260893491,0,2,5
RPM-2015-12-17:7210:1,4,la de mantener,0.02905207147032694,-0.04561365557070171,-0.0013251711816629026,1,1,6
RPM-2015-12-17:7210:1,4,la decision,0.0310288815915821,0.025162506275663132,0.0007807644277749928,30,21,21
RPM-2015-12-17:7210:1,4,la decision que,0.027577963970042675,0.3235184784697566,0.008921980942881975,2,7,2
RPM-2015-12-17:7210:1,4,la decision que se,0.02965560180083241,0.2833499903843336,0.00840291448510749,0,5,2
RPM-2015-12-17:7210:1,4,la del,0.023817043253842946,-0.05361300213527907,-0.001276903190824316,2,0,22
RPM-2015-12-17:7210:1,4,la economia,0.02259397221618385,-0.401017470361036,-0.009060577583541578,65,37,90
RPM-2015-12-17:7210:1,4,la evolucion,0.02582434022382939,-0.5557649997261219,-0.014352264437423821,39,18,75
RPM-2015-12-17:7210:1,4,la evolucion del,0.03503553676435229,-0.07463535374196442,-0.0026148896799470327,9,6,30
RPM-2015-12-17:7210:1,4,la evolucion del mercado,0.0332073471319064,-0.003388599272724767,-0.00011252639234029692,0,0,3
RPM-2015-12-17:7210:1,4,la evolucion del tipo,0.031129709301116668,-0.012422914123669453,-0.0003867217053425666,0,0,5
RPM-2015-12-17:7210:1,4,la gerencia,0.03126989238688143,-0.04322203462213478,-0.001351548371376218,29,18,23
RPM-2015-12-17:7210:1,4,la gerencia de,0.03177298001740252,0.0790692685174944,0.0025122662885969844,26,18,22
RPM-2015-12-17:7210:1,4,la gerencia de division,0.03230704587572768,0.09788360615316372,0.00316233015447192,26,18,18
RPM-2015-12-17:7210:1,4,la inflacion,0.03522158433484511,0.18699890693254695,0.006586397771048554,88,60,155
RPM-2015-12-17:7210:1,4,la inflacion anual,0.02288281203101095,-0.32972527516826994,-0.007545041493548883,9,2,18
RPM-2015-12-17:7210:1,4,la inflacion con,0.031129709301116668,-0.051976446850959236,-0.001618011680975302,3,1,1
RPM-2015-12-17:7210:1,4,la inflacion el,0.025223281081440375,-0.1083826878725671,-0.002733767000571779,8,2,8
RPM-2015-12-17:7210:1,4,la inflacion la,0.02643455736208494,-0.23401714219235498,-0.0061861395689949954,8,2,4
RPM-2015-12-17:7210:1,4,la inflacion la meta,0.02965560180083241,-0.2123898008260085,-0.006298547359854215,5,1,1
RPM-2015-12-17:7210:1,4,la inflacion por,0.02643455736208494,0.2763834903584377,0.00730607522981337,1,6,7
RPM-2015-12-17:7210:1,4,la inflacion subyacente,0.02080517420022121,0.1445283184573634,0.0030069368423704924,13,9,22
RPM-2015-12-17:7210:1,4,la mayor,0.03348523705653469,0.031738711808214214,0.0010627782887670896,12,6,36
RPM-2015-12-17:7210:1,4,la mayor inflacion,0.03206394052394867,-0.021811510409792272,-0.0006993629725170667,2,1,1
RPM-2015-12-17:7210:1,4,la mayor parte,0.02905207147032694,-0.1301115067117736,-0.00378000879210237,2,0,6
RPM-2015-12-17:7210:1,4,la menor,0.024244297736804955,0.030501222201150487,0.0007394807123811378,0,1,21
RPM-2015-12-17:7210:1,4,la meta,0.01792141395360224,0.20074635619711412,0.0035976585490857665,29,24,25
RPM-2015-12-17:7210:1,4,la opcion,0.033024465203247665,-0.2553383773423028,-0.008432413357594601,27,12,18
RPM-2015-12-17:7210:1,4,la opcion de,0.035421192731031934,-0.06265777422914746,-0.0022194130970681182,21,10,12
RPM-2015-12-17:7210:1,4,la opcion de mantener,0.025793210731705058,0.23251381648802782,0.0059972778667087,4,5,7
RPM-2015-12-17:7210:1,4,la opcion de subir,0.031129709301116668,0.06483780197760393,0.0020183819272861776,2,2,1
RPM-2015-12-17:7210:1,4,la politica,0.013730230048538178,0.12346882786527985,0.0016952554104136533,60,44,74
RPM-2015-12-17:7210:1,4,la politica monetaria,0.014273287999719263,0.1571509407674272,0.0022430606370003113,57,42,61
RPM-2015-12-17:7210:1,4,la presente,0.027167818302226,0.013728665538461339,0.00037297789088094934,3,4,5
RPM-2015-12-17:7210:1,4,la presente reunion,0.028512195192874675,-0.045555309405021,-0.0012988818738277582,3,3,3
RPM-2015-12-17:7210:1,4,la proxima,0.04067992434808663,-0.28966529408354597,-0.011783562249584914,9,3,11
RPM-2015-12-17:7210:1,4,la proyeccion,0.017030607442998693,-0.28160200535386776,-0.004795853208342938,14,7,72
RPM-2015-12-17:7210:1,4,la proyeccion de,0.02080517420022121,-0.20846214180565867,-0.004337091174417945,8,4,32
RPM-2015-12-17:7210:1,4,la proyeccion de inflacion,0.02643455736208494,-0.11529467782382385,-0.003047763774476974,3,1,10
RPM-2015-12-17:7210:1,4,la que,0.017140807074656966,0.175182519234068,0.0030027697650435426,23,19,49
RPM-2015-12-17:7210:1,4,la que es,0.03206394052394867,-0.004134811574534495,-0.0001325783524036086,0,0,4
RPM-2015-12-17:7210:1,4,la reciente,0.02643455736208494,0.29687398829022377,0.007847732472768853,1,4,9
RPM-2015-12-17:7210:1,4,la recuperacion,0.022714794179413803,-0.07332509231841305,-0.0016655643801992686,7,5,18
RPM-2015-12-17:7210:1,4,la recuperacion de,0.025500326139252943,-0.11475238238639401,-0.0029262231761093124,5,3,9
RPM-2015-12-17:7210:1,4,la recuperacion de la,0.027577963970042675,0.01940244071672912,0.0005350798110168447,2,2,7
RPM-2015-12-17:7210:1,4,la reduccion,0.022241465400631065,0.18728894033177018,0.004165580486309922,6,7,20
RPM-2015-12-17:7210:1,4,la reduccion del,0.02965560180083241,0.0156360539040291,0.00046369658831423797,2,1,4
RPM-2015-12-17:7210:1,4,la sensacion,0.027577963970042675,-0.03399701033487612,-0.0009375683261043822,0,0,11
RPM-2015-12-17:7210:1,4,la sensacion de,0.02965560180083241,-0.03152132909459233,-0.0009347839838622233,0,0,7
RPM-2015-12-17:7210:1,4,la sensacion de que,0.0303398280569687,-0.03429923535911885,-0.001040632903281167,0,0,6
RPM-2015-12-17:7210:1,4,la tasa,0.017404992273975236,0.2888041571398307,0.0050266341237106835,96,71,183
RPM-2015-12-17:7210:1,4,la tasa de,0.011050122225658682,-0.05520145819054395,-0.0006099828600400982,92,60,149
RPM-2015-12-17:7210:1,4,la tasa de politica,0.013317882840246976,-0.16552303962520304,-0.002204416449090012,71,45,77
RPM-2015-12-17:7210:1,4,la tasa real,0.0332073471319064,-0.0022915352248282558,-7.609580567586307e-05,0,0,3
RPM-2015-12-17:7210:1,4,la tpm,0.017310681815339714,0.5461782204615399,0.009454717388878183,22,30,36
RPM-2015-12-17:7210:1,4,la ultima,0.029309532109212753,0.010995719515925949,0.0003222793942159289,18,17,53
RPM-2015-12-17:7210:1,4,la ultima reunion,0.033328911553205436,-0.031103565537642198,-0.0010366479847934054,14,9,32
RPM-2015-12-17:7210:1,4,la ultima reunion de,0.023817043253842946,-0.15442954634347966,-0.003678055184933999,8,3,13
RPM-2015-12-17:7210:1,4,la ultima reunion el,0.03206394052394867,-0.0023895787475290836,-7.661931083806429e-05,1,1,2
RPM-2015-12-17:7210:1,4,laboral,0.033761003388003266,-0.13743608797061532,-0.004639980231609859,22,15,75
RPM-2015-12-17:7210:1,4,las,0.02235082271157057,-0.11286467740827955,-0.0025226183951510602,102,72,458
RPM-2015-12-17:7210:1,4,las condiciones,0.015997400466699233,0.5595490825730898,0.008951330754695874,30,29,55
RPM-2015-12-17:7210:1,4,las condiciones financieras,0.019870942977389214,0.2882240694581465,0.005727284048913897,16,13,24
RPM-2015-12-17:7210:1,4,las condiciones financieras globales,0.031129709301116668,0.060834328753484004,0.00189375496962452,0,1,4
RPM-2015-12-17:7210:1,4,las economias,0.029309532109212753,0.3289005414265852,0.009639920979679958,15,18,55
RPM-2015-12-17:7210:1,4,las economias emergentes,0.034140327799173746,0.04189268534775548,0.0014302300101600152,9,11,30
RPM-2015-12-17:7210:1,4,las economias emergentes se,0.031129709301116668,-0.001275169300455431,-3.969564963288587e-05,0,0,5
RPM-2015-12-17:7210:1,4,las expectativas,0.012581101401598732,-0.2811876050528726,-0.003537649772042886,59,46,118
RPM-2015-12-17:7210:1,4,las expectativas de,0.01470469546308608,-0.3153458079090108,-0.004637064070862846,40,29,78
RPM-2015-12-17:7210:1,4,las expectativas de mercado,0.02447207236331563,0.01681660677460301,0.00041153721789350875,4,3,14
RPM-2015-12-17:7210:1,4,las holguras,0.021538435140362275,0.25957226188340377,0.0055907803268128225,13,11,14
RPM-2015-12-17:7210:1,4,las holguras de,0.023236337394820714,0.2981413537021201,0.006927713085971042,9,9,9
RPM-2015-12-17:7210:1,4,las holguras de capacidad,0.023616072971152008,0.34510522302991475,0.008150030129800156,8,9,8
RPM-2015-12-17:7210:1,4,las noticias,0.019966723062796322,0.013405788009252087,0.00026766965661929203,19,14,19
RPM-2015-12-17:7210:1,4,las proyecciones,0.014501062626229936,-0.5090137254189115,-0.007381239909910245,40,19,94
RPM-2015-12-17:7210:1,4,las proyecciones del,0.022552111138684425,-0.2757930828273913,-0.006219716255203727,11,3,17
RPM-2015-12-17:7210:1,4,linea,0.016817072988809016,-0.2740603637185772,-0.00460889313999486,24,10,63
RPM-2015-12-17:7210:1,4,linea con,0.017310681815339714,-0.03150433298511883,-0.0005453614841099036,21,10,57
RPM-2015-12-17:7210:1,4,llevan,0.025500326139252943,0.1670172650024587,0.004258994728448733,2,4,11
RPM-2015-12-17:7210:1,4,llevar,0.023236337394820714,-0.0885959875317884,-0.0020586462581159647,10,5,12
RPM-2015-12-17:7210:1,4,llevar la,0.031129709301116668,-0.1140789514595626,-0.0035512445963123826,4,1,0
RPM-2015-12-17:7210:1,4,lo,0.022796747441162883,0.17177377241796393,0.003915883306828114,99,72,477
RPM-2015-12-17:7210:1,4,lo consignado,0.03206394052394867,-0.01633604948263842,-0.0005237981190076008,0,0,4
RPM-2015-12-17:7210:1,4,lo consignado en,0.03206394052394867,-0.015614995453562278,-0.0005006782855047497,0,0,4
RPM-2015-12-17:7210:1,4,lo consignado en el,0.0332073471319064,-0.004354159449159519,-0.00014459008429591053,0,0,3
RPM-2015-12-17:7210:1,4,lo grueso,0.02965560180083241,0.08798955626133574,0.002609383243118113,2,4,1
RPM-2015-12-17:7210:1,4,lo mas,0.018396835477104957,-0.17865046149531258,-0.0032866031480381394,18,9,44
RPM-2015-12-17:7210:1,4,lo presupuestado,0.0332073471319064,-0.02929558316558695,-0.0009728285996112793,1,0,2
RPM-2015-12-17:7210:1,4,lo previsto,0.018765633833967576,-0.23686802263574797,-0.004444978579758389,25,10,31
RPM-2015-12-17:7210:1,4,lo que,0.01544435427641004,0.6624541854603561,0.01023117713214038,58,57,324
RPM-2015-12-17:7210:1,4,lo que hace,0.027577963970042675,0.07166386779234442,0.0019763435639311763,1,1,9
RPM-2015-12-17:7210:1,4,lo que se,0.014369668622528246,0.2800040461362843,0.004023565355945516,22,24,111
RPM-2015-12-17:7210:1,4,lo que se ha,0.02471044489510497,0.0396238918689542,0.0009791239965573908,2,2,16
RPM-2015-12-17:7210:1,4,los,0.025714990775931767,-0.341920799164005,-0.008792490196601607,101,72,516
RPM-2015-12-17:7210:1,4,los ajustes,0.025500326139252943,-0.17157302583508302,-0.004375168115493088,6,1,10
RPM-2015-12-17:7210:1,4,los alimentos,0.021808186125234066,-0.10094021237364159,-0.0022013229389650306,7,4,25
RPM-2015-12-17:7210:1,4,los combustibles,0.020368818319883013,-0.4131229627652068,-0.008414826572336293,17,3,28
RPM-2015-12-17:7210:1,4,los indicadores,0.018468502175067895,-0.3036323156859602,-0.005607634082667058,17,5,48
RPM-2015-12-17:7210:1,4,los indicadores de,0.021158699564030978,-0.16256723742385612,-0.003439711335605865,9,3,29
RPM-2015-12-17:7210:1,4,los indicadores de confianza,0.0332073471319064,-0.1776582101339881,-0.005899557854752515,1,0,2
RPM-2015-12-17:7210:1,4,los niveles,0.033024465203247665,0.004528840804263426,0.00014956254555144568,7,6,44
RPM-2015-12-17:7210:1,4,los niveles actuales,0.03206394052394867,0.1591954086530176,0.005104432114736059,0,2,2
RPM-2015-12-17:7210:1,4,los niveles que,0.0303398280569687,-0.09529519108460535,-0.0028912397121629027,1,0,5
RPM-2015-12-17:7210:1,4,los patrones,0.03206394052394867,0.11187190724352788,0.0035870541801571805,0,2,2
RPM-2015-12-17:7210:1,4,los patrones historicos,0.03206394052394867,0.11187190724352788,0.0035870541801571805,0,2,2
RPM-2015-12-17:7210:1,4,los primeros,0.053515297800880844,0.0040557100778279,0.0002170425326089937,3,2,12
RPM-2015-12-17:7210:1,4,los primeros meses,0.060969034198892325,-0.0752698307944243,-0.004589128887850093,1,0,7
RPM-2015-12-17:7210:1,4,los primeros meses del,0.060969034198892325,-0.07531143390485948,-0.004591665389312996,1,0,7
RPM-2015-12-17:7210:1,4,los principales,0.022552111138684425,-0.2348084062007993,-0.005295425272937783,10,3,18
RPM-2015-12-17:7210:1,4,los principales desarrollos,0.0303398280569687,-0.010442769853994248,-0.00031683184180868163,0,0,6
RPM-2015-12-17:7210:1,4,los principales desarrollos acontecidos,0.0332073471319064,-0.010793749962704805,-0.0003584318018665402,0,0,3
RPM-2015-12-17:7210:1,4,los riesgos,0.017668321258355345,-0.5512995032956106,-0.00974053673379858,24,17,41
RPM-2015-12-17:7210:1,4,los riesgos para,0.031129709301116668,0.04983478214898843,0.0015513422813824879,1,2,2
RPM-2015-12-17:7210:1,4,los riesgos para la,0.0332073471319064,0.005798018569753984,0.00019253681532306,1,1,1
RPM-2015-12-17:7210:1,4,los ultimos,0.02466584446738714,0.2967938369602904,0.007320670621341579,25,21,105
RPM-2015-12-17:7210:1,4,los ultimos meses,0.01818766009197922,0.08171101718958089,0.0014861322064139684,14,11,49
RPM-2015-12-17:7210:1,4,los ultimos trimestres,0.02643455736208494,-0.07915006713136832,-0.0020922969897970295,4,2,8
RPM-2015-12-17:7210:1,4,lugar,0.02970849116672793,-0.5596376373000312,-0.016625989804296467,30,16,38
RPM-2015-12-17:7210:1,4,lugar un,0.0332073471319064,-0.14329048294595098,-0.004758296807884708,3,0,0
RPM-2015-12-17:7210:1,4,manifiesta,0.03057267844400623,0.01680360350600034,0.0005137311666895241,32,29,90
RPM-2015-12-17:7210:1,4,manifiesta que,0.033953034714869025,0.19492003026930943,0.0066181265543571845,19,22,69
RPM-2015-12-17:7210:1,4,manifiesta que el,0.02643455736208494,-0.14466068043213645,-0.0038240410549215493,3,2,9
RPM-2015-12-17:7210:1,4,manifiesta que la,0.025793210731705058,0.3171369212690145,0.008179979441095846,3,5,8
RPM-2015-12-17:7210:1,4,mantener,0.02411305684843279,1.0260921415415005,0.02474221814072035,47,49,65
RPM-2015-12-17:7210:1,4,mantener el,0.02802381769438962,0.2570637790497898,0.007203908479922163,3,5,2
RPM-2015-12-17:7210:1,4,mantener el sesgo,0.031129709301116668,0.22130827153917976,0.006889262158947257,1,3,1
RPM-2015-12-17:7210:1,4,manteniendose,0.02802381769438962,-0.023452612645071296,-0.0006572317412226147,1,0,9
RPM-2015-12-17:7210:1,4,manteniendose en,0.031129709301116668,-0.0019042430390628362,-5.927853224470104e-05,0,0,5
RPM-2015-12-17:7210:1,4,mantiene,0.01686962817132097,0.5946397513958159,0.010031351501934153,16,17,63
RPM-2015-12-17:7210:1,4,mantiene en,0.023817043253842946,-0.020895192454728456,-0.0004976617024916404,1,1,22
RPM-2015-12-17:7210:1,4,mantiene en torno,0.03206394052394867,-0.0004169480509680912,-1.3368997507817194e-05,0,0,4
RPM-2015-12-17:7210:1,4,mas,0.024437304715328446,-0.38345851523847607,-0.009370692582570056,95,65,356
RPM-2015-12-17:7210:1,4,mas coherente,0.031129709301116668,0.18466617689627254,0.005748604404529551,2,2,1
RPM-2015-12-17:7210:1,4,mas coherente con,0.031129709301116668,0.18466617689627254,0.005748604404529551,2,2,1
RPM-2015-12-17:7210:1,4,mas complejo,0.0303398280569687,-0.09483077578284593,-0.002877149431760497,2,1,3
RPM-2015-12-17:7210:1,4,mas persistente,0.02905207147032694,-0.03452340665044598,-0.001002976477407917,2,1,5
RPM-2015-12-17:7210:1,4,mas rapida,0.025223281081440375,0.1553794518224786,0.0039191795875985,4,6,8
RPM-2015-12-17:7210:1,4,mayor,0.033009360384609894,0.3071165342178141,0.010137720358068201,62,47,183
RPM-2015-12-17:7210:1,4,mayor inflacion,0.0431758053060352,-0.20830226611455635,-0.008993618086568018,8,2,7
RPM-2015-12-17:7210:1,4,mayor parte,0.02802381769438962,-0.12677077713917195,-0.0035526011475242505,2,0,8
RPM-2015-12-17:7210:1,4,mayor que,0.01892092103212028,0.006875516150274591,0.00013009109813441318,13,9,42
RPM-2015-12-17:7210:1,4,mayor que lo,0.025793210731705058,0.0968655171506088,0.0024984726965012432,2,2,12
RPM-2015-12-17:7210:1,4,mayores,0.015570145983737226,-0.22543710912846515,-0.0035100886992819025,28,19,77
RPM-2015-12-17:7210:1,4,mayores presiones,0.02905207147032694,-0.14555285574424667,-0.004228611967792041,3,0,5
RPM-2015-12-17:7210:1,4,mayores presiones inflacionarias,0.02965560180083241,-0.14320431007467274,-0.004246809995737428,3,0,4
RPM-2015-12-17:7210:1,4,mediano,0.016817072988809016,-0.21640888441320938,-0.003639364004603676,29,18,50
RPM-2015-12-17:7210:1,4,medida,0.028042057283627783,-0.12205092696017208,-0.003422559085337016,23,18,61
RPM-2015-12-17:7210:1,4,medida en,0.02471044489510497,0.06756012557322365,0.0016694407600835151,2,2,16
RPM-2015-12-17:7210:1,4,menor,0.013846033516757257,0.20963658801675328,0.0029026352240185986,32,27,115
RPM-2015-12-17:7210:1,4,menores,0.02883532497533646,0.10763451918438673,0.003103676339245878,17,16,60
RPM-2015-12-17:7210:1,4,menores en,0.028512195192874675,-0.1254177050594642,-0.003575934087297829,4,1,4
RPM-2015-12-17:7210:1,4,menos,0.033040711704914856,0.08081353043651486,0.0026701365610092495,33,24,117
RPM-2015-12-17:7210:1,4,menos favorables,0.0303398280569687,-0.02476854033520305,-0.0007514732549921545,1,0,5
RPM-2015-12-17:7210:1,4,mercado,0.028528221706243934,0.1286906885243469,0.0036713164937517504,68,51,189
RPM-2015-12-17:7210:1,4,mercado laboral,0.034862319926642384,-0.17011231178894037,-0.005930509837046778,21,14,66
RPM-2015-12-17:7210:1,4,mercado se,0.0303398280569687,0.14399225395363185,0.004368700226488562,0,2,4
RPM-2015-12-17:7210:1,4,mes,0.028485349123346975,0.5267174023605494,0.015003729095582672,39,38,176
RPM-2015-12-17:7210:1,4,mes de,0.04013048644373659,0.1798184177648937,0.00721620057644823,12,12,73
RPM-2015-12-17:7210:1,4,mes de diciembre,0.04419767098351295,-0.04342238686334096,-0.001919168367904759,1,0,14
RPM-2015-12-17:7210:1,4,mes de septiembre,0.04183842010452888,-0.054042392574859176,-0.0022610483240008304,2,1,17
RPM-2015-12-17:7210:1,4,meses,0.026247977711643743,-0.13099618835584054,-0.003438385032274388,69,47,188
RPM-2015-12-17:7210:1,4,meses del,0.049982739652254714,0.1680031072686799,0.008397255571380248,2,3,19
RPM-2015-12-17:7210:1,4,meses del ano,0.05547588692557351,0.1402683586104422,0.007781511601508687,2,2,10
RPM-2015-12-17:7210:1,4,meses ello,0.0332073471319064,0.04491498100764887,0.0014915073657439791,0,1,2
RPM-2015-12-17:7210:1,4,meta,0.015448620476536435,0.004408479205903426,6.810492213070475e-05,52,33,42
RPM-2015-12-17:7210:1,4,meta dentro,0.0332073471319064,0.046689322594475766,0.0015504285427483176,1,1,1
RPM-2015-12-17:7210:1,4,meta dentro del,0.0332073471319064,0.046689322594475766,0.0015504285427483176,1,1,1
RPM-2015-12-17:7210:1,4,meta dentro del horizonte,0.0332073471319064,0.046689322594475766,0.0015504285427483176,1,1,1
RPM-2015-12-17:7210:1,4,mientras,0.014210026882932155,0.10464555845046161,0.0014870161987605077,22,20,120
RPM-2015-12-17:7210:1,4,mientras que,0.015570145983737226,0.155235606449951,0.002417041054299717,17,16,91
RPM-2015-12-17:7210:1,4,monetaria,0.017209472321462187,-0.3792971982693918,-0.006527504635225253,103,72,183
RPM-2015-12-17:7210:1,4,monetaria senala,0.027167818302226,-0.15844103997554326,-0.004304497385671286,5,2,5
RPM-2015-12-17:7210:1,4,monetaria senala que,0.031129709301116668,-0.045580051272307714,-0.0014188937460369322,3,2,0
RPM-2015-12-17:7210:1,4,monetario,0.01627197071867975,-0.0558831824867258,-0.0009093295090906394,40,26,42
RPM-2015-12-17:7210:1,4,mostrando,0.01968459206374672,-0.05443555150588371,-0.0010715416251583943,12,10,33
RPM-2015-12-17:7210:1,4,mostrando un,0.025223281081440375,-0.29400096830326494,-0.007415669061728894,7,1,10
RPM-2015-12-17:7210:1,4,motivos,0.02905207147032694,0.3885383372954618,0.01128784354406975,1,4,3
RPM-2015-12-17:7210:1,4,mucho,0.0192463691455392,0.07348299855786537,0.0014142809161658018,5,8,47
RPM-2015-12-17:7210:1,4,mucho de,0.02965560180083241,0.06122968290898597,0.001815803094740122,0,1,6
RPM-2015-12-17:7210:1,4,muestra,0.016817072988809016,0.17323183016286983,0.002913252331833949,16,16,65
RPM-2015-12-17:7210:1,4,muy,0.02021120668986801,-0.0328908513405409,-0.0006647637946493944,46,37,170
RPM-2015-12-17:7210:1,4,muy similar,0.028512195192874675,0.10941792884218626,0.0031197453447484864,1,2,6
RPM-2015-12-17:7210:1,4,muy similar la,0.0332073471319064,0.06296371761256345,0.002090858027475723,0,1,2
RPM-2015-12-17:7210:1,4,naudon,0.02905207147032694,-0.0159583187957575,-0.00046362221820060864,0,0,8
RPM-2015-12-17:7210:1,4,negativo,0.020692552405730962,0.3427770756968346,0.007092932602339959,6,8,31
RPM-2015-12-17:7210:1,4,negativo en,0.02965560180083241,0.06663798933636367,0.0019761896765673175,2,1,4
RPM-2015-12-17:7210:1,4,neutral,0.019331066699936953,-0.8033395177525852,-0.01552940980037041,26,7,26
RPM-2015-12-17:7210:1,4,neutrales,0.02965560180083241,-0.08738626129078711,-0.002591492167703078,3,1,3
RPM-2015-12-17:7210:1,4,niveles,0.029690195553304967,0.03237331005291736,0.00096116990617889,35,25,104
RPM-2015-12-17:7210:1,4,niveles actuales,0.0303398280569687,0.21536273777945744,0.006534068434106776,0,3,3
RPM-2015-12-17:7210:1,4,niveles bajos,0.02965560180083241,0.031322339792475604,0.0009288828363560242,2,2,3
RPM-2015-12-17:7210:1,4,niveles que,0.026788082725894707,0.09576657596529037,0.002565402959333878,2,3,8
RPM-2015-12-17:7210:1,4,niveles que se,0.0332073471319064,0.006610714423637984,0.0002195242886556471,0,0,3
RPM-2015-12-17:7210:1,4,no,0.021587869758979993,0.14372288732297453,0.003102670972912931,88,64,424
RPM-2015-12-17:7210:1,4,no dan,0.031129709301116668,0.27409558928555866,0.00853251601517771,0,4,1
RPM-2015-12-17:7210:1,4,no difiere,0.03206394052394867,-0.12851228979643498,-0.004120610416629347,3,0,1
RPM-2015-12-17:7210:1,4,no es,0.016976383811334657,0.4920770125336803,0.008353688229506691,16,23,55
RPM-2015-12-17:7210:1,4,no lo,0.027167818302226,-0.12787834154823996,-0.0034741755479725813,2,1,9
RPM-2015-12-17:7210:1,4,no transables,0.031129709301116668,-0.07103894693802022,-0.0022114217672380217,1,0,4
RPM-2015-12-17:7210:1,4,notar,0.018765633833967576,0.018110373891539557,0.0003398526450448777,5,7,54
RPM-2015-12-17:7210:1,4,noticias,0.016817072988809016,-0.09606035691603373,-0.0016154540335879843,29,19,49
RPM-2015-12-17:7210:1,4,nuestra,0.023616072971152008,0.17334104395743255,0.004093634742994395,9,9,7
RPM-2015-12-17:7210:1,4,nuestros,0.0474484479177817,0.20282438085199483,0.009623702071312197,2,5,3
RPM-2015-12-17:7210:1,4,nuestros socios,0.03206394052394867,0.15766525848746038,0.005055369470834923,0,2,2
RPM-2015-12-17:7210:1,4,nuestros socios comerciales,0.03206394052394867,0.15766525848746038,0.005055369470834923,0,2,2
RPM-2015-12-17:7210:1,4,observada,0.024026218638968682,-0.13236015090660327,-0.003180113924768939,3,0,20
RPM-2015-12-17:7210:1,4,observada en,0.026103856469758414,-0.06312352714667756,-0.00164776749250177,1,0,14
RPM-2015-12-17:7210:1,4,observada en el,0.02965560180083241,-0.06352191783422281,-0.0018837807009169066,1,0,6
RPM-2015-12-17:7210:1,4,observe,0.0332073471319064,0.19464449437081427,0.0064636272918860305,0,2,1
RPM-2015-12-17:7210:1,4,obvia,0.031129709301116668,0.14567291599058235,0.004534755527832819,1,2,2
RPM-2015-12-17:7210:1,4,opcion,0.029506718567821343,-0.3505262123169373,-0.01034287829748026,38,18,30
RPM-2015-12-17:7210:1,4,opcion de,0.03466629675471175,-0.12612292361535024,-0.004372214697621574,23,10,14
RPM-2015-12-17:7210:1,4,opcion de mantener,0.025793210731705058,0.23251381648802782,0.0059972778667087,4,5,7
RPM-2015-12-17:7210:1,4,opcion de subir,0.031129709301116668,0.06483780197760393,0.0020183819272861776,2,2,1
RPM-2015-12-17:7210:1,4,orden,0.019163048848339807,0.11017304271775191,0.002111251399370508,8,7,46
RPM-2015-12-17:7210:1,4,orden de,0.021282177475666,0.21618564453606331,0.004600901254707743,4,5,31
RPM-2015-12-17:7210:1,4,otra,0.03130448921987974,-0.1040172797254155,-0.0032562078118454846,33,22,86
RPM-2015-12-17:7210:1,4,otra parte,0.03632840958289551,-0.06812646548027884,-0.002474926141402562,22,14,52
RPM-2015-12-17:7210:1,4,otra parte los,0.02802381769438962,-0.021804587187884056,-0.0006110477762546865,2,1,7
RPM-2015-12-17:7210:1,4,para,0.023020889960933356,-0.20273619771264934,-0.004667167698640929,96,65,360
RPM-2015-12-17:7210:1,4,para asegurar,0.02965560180083241,-0.029912662979785034,-0.000887078022131006,3,2,2
RPM-2015-12-17:7210:1,4,para asegurar la,0.0332073471319064,-0.18152650850054333,-0.006028013781420501,2,0,1
RPM-2015-12-17:7210:1,4,para asegurar la convergencia,0.0332073471319064,-0.18152650850054333,-0.006028013781420501,2,0,1
RPM-2015-12-17:7210:1,4,para el,0.012911802293925257,-0.4095737207258626,-0.005288334906799696,39,22,148
RPM-2015-12-17:7210:1,4,para el ano,0.021158699564030978,0.10779280152794526,0.002280755502695013,8,8,25
RPM-2015-12-17:7210:1,4,para esta,0.0188426892014519,-0.0022919743972114543,-4.3186961224340496e-05,14,11,40
RPM-2015-12-17:7210:1,4,para esta reunion,0.0197769204242839,0.06110569269264179,0.0012084824218531228,12,10,32
RPM-2015-12-17:7210:1,4,para la,0.015408744124506117,-0.09059051568776989,-0.0013958860763399036,42,22,64
RPM-2015-12-17:7210:1,4,para la actividad,0.02802381769438962,0.13409583706952877,0.003757877291613048,0,2,8
RPM-2015-12-17:7210:1,4,para las,0.021282177475666,0.4102485537674192,0.00873098253041352,8,11,21
RPM-2015-12-17:7210:1,4,para las economias,0.027167818302226,0.25739733099308415,0.006992923919898035,4,6,2
RPM-2015-12-17:7210:1,4,para las economias emergentes,0.02802381769438962,0.3285343887765497,0.009206787817411754,2,6,2
RPM-2015-12-17:7210:1,4,parcialmente,0.028512195192874675,0.17879036542150667,0.005097705797503389,0,2,7
RPM-2015-12-17:7210:1,4,parece,0.024838790341137906,0.44181608092314684,0.010974177003393263,38,31,79
RPM-2015-12-17:7210:1,4,parece ser,0.027577963970042675,0.08819769324575943,0.0024323128065724298,3,3,5
RPM-2015-12-17:7210:1,4,parte,0.034813088062655866,-0.227246177250235,-0.007911141180514334,57,36,166
RPM-2015-12-17:7210:1,4,parte de,0.018541185455788985,-0.1823152167025202,-0.0033803402442937848,14,8,47
RPM-2015-12-17:7210:1,4,parte del,0.019966723062796322,-0.31436460000495847,-0.0062768309090457455,15,5,32
RPM-2015-12-17:7210:1,4,parte el,0.036693099654136904,-0.03497486236312851,-0.0012833361100799965,5,3,29
RPM-2015-12-17:7210:1,4,parte los,0.025223281081440375,0.06933738098567543,0.0017489162500526109,4,3,11
RPM-2015-12-17:7210:1,4,patrones,0.02802381769438962,0.4067187157354502,0.011397811142666532,1,6,3
RPM-2015-12-17:7210:1,4,patrones historicos,0.02802381769438962,0.4067187157354502,0.011397811142666532,1,6,3
RPM-2015-12-17:7210:1,4,permanecen,0.024960449861800682,0.24154785346969992,0.006029143085756023,4,7,8
RPM-2015-12-17:7210:1,4,pero,0.01862372479353861,0.34717995210577346,0.006465783881851841,54,46,204
RPM-2015-12-17:7210:1,4,pero que,0.017986689809288282,-0.07437099666796444,-0.0013376880478742888,12,11,54
RPM-2015-12-17:7210:1,4,persistente,0.024244297736804955,0.02721879821143427,0.0006599006478760266,4,3,15
RPM-2015-12-17:7210:1,4,persistente que,0.0332073471319064,0.09810202961725581,0.0032577081518447766,1,2,0
RPM-2015-12-17:7210:1,4,pesar,0.03164444684122518,0.2277159934431772,0.0072059466494094025,19,16,32
RPM-2015-12-17:7210:1,4,pesar de,0.03431213204114357,0.35627215702214987,0.012224457294327041,11,14,24
RPM-2015-12-17:7210:1,4,pesar de la,0.026788082725894707,0.18701396610550947,0.005009745594932056,3,3,7
RPM-2015-12-17:7210:1,4,pesar de que,0.02643455736208494,0.29145458081076003,0.007704472834884456,3,7,4
RPM-2015-12-17:7210:1,4,peso,0.017986689809288282,0.3914727454551287,0.007041298841291869,14,20,43
RPM-2015-12-17:7210:1,4,peso se,0.02471044489510497,-0.16554711166678723,-0.004090742780385935,5,1,14
RPM-2015-12-17:7210:1,4,peso se ha,0.027167818302226,-0.17981233050142126,-0.004885108723562423,5,1,6
RPM-2015-12-17:7210:1,4,peso se ha depreciado,0.0332073471319064,0.06449199487298411,0.0021416080609763114,0,1,2
RPM-2015-12-17:7210:1,4,plantea,0.016225175093209906,0.4246650372540953,0.006890264585412204,16,27,66
RPM-2015-12-17:7210:1,4,plantea que,0.017310681815339714,0.020696266129463972,0.0003582664777327432,16,21,51
RPM-2015-12-17:7210:1,4,plantea que la,0.027167818302226,-0.12163387095039248,-0.003304526905376668,4,3,5
RPM-2015-12-17:7210:1,4,planteado,0.04183842010452888,0.1331923782981111,0.005572558677957707,3,4,13
RPM-2015-12-17:7210:1,4,planteado en,0.0527071795348364,-0.0799957623959404,-0.004216351010628945,2,1,2
RPM-2015-12-17:7210:1,4,plazo,0.02513627783819197,-0.04096786468093587,-0.0010297796290574558,63,41,147
RPM-2015-12-17:7210:1,4,plazo la,0.02471044489510497,0.20015171773102197,0.004945837991653023,3,4,13
RPM-2015-12-17:7210:1,4,plazo la inflacion,0.02965560180083241,0.2823803991257082,0.008374160672832127,0,3,4
RPM-2015-12-17:7210:1,4,plazo pero,0.03206394052394867,-0.28745133357796837,-0.009216822463373707,4,0,0
RPM-2015-12-17:7210:1,4,politica,0.02027587003060083,-0.3417803302108189,-0.006929893554370398,105,74,216
RPM-2015-12-17:7210:1,4,politica monetaria,0.017404992273975236,-0.4310386093412515,-0.007502223665369512,103,71,176
RPM-2015-12-17:7210:1,4,politica monetaria senala,0.027167818302226,-0.15844103997554326,-0.004304497385671286,5,2,5
RPM-2015-12-17:7210:1,4,politica monetaria senala que,0.031129709301116668,-0.045580051272307714,-0.0014188937460369322,3,2,0
RPM-2015-12-17:7210:1,4,por,0.02644203816501063,0.31096483951758125,0.00822254415450029,100,79,452
RPM-2015-12-17:7210:1,4,por debajo,0.01725342886914722,0.18218703553251797,0.003143351058441096,19,14,56
RPM-2015-12-17:7210:1,4,por debajo de,0.01818766009197922,0.09434709298263537,0.0017159528578345302,16,12,46
RPM-2015-12-17:7210:1,4,por debajo de los,0.028512195192874675,0.06834619469621075,0.001948700043868577,1,1,7
RPM-2015-12-17:7210:1,4,por otra,0.03657281711577052,0.06179437262328468,0.0022599942887351673,18,14,54
RPM-2015-12-17:7210:1,4,por otra parte,0.036950170519300524,0.06717215304494065,0.002482022509159109,18,14,51
RPM-2015-12-17:7210:1,4,por otra parte los,0.02802381769438962,-0.021804587187884056,-0.0006110477762546865,2,1,7
RPM-2015-12-17:7210:1,4,por sobre,0.017368581701167642,-0.08876061397381507,-0.0015416459756500095,17,11,59
RPM-2015-12-17:7210:1,4,por su,0.016976383811334657,0.2666210184717479,0.0045262607417453395,17,15,62
RPM-2015-12-17:7210:1,4,por su parte,0.017730432144592002,0.1489095136672941,0.0026402300277621536,16,11,54
RPM-2015-12-17:7210:1,4,por su parte el,0.02447207236331563,0.03293477917132512,0.0008059822991504886,3,2,16
RPM-2015-12-17:7210:1,4,por ultimo,0.018541185455788985,-0.13361687293638244,-0.002477415221136059,18,13,38
RPM-2015-12-17:7210:1,4,por un,0.028385699460179298,-0.46219417401232826,-0.013119704915759763,33,13,52
RPM-2015-12-17:7210:1,4,por un tiempo,0.04270672724751178,0.09370297917054807,0.004001747573715874,4,5,9
RPM-2015-12-17:7210:1,4,por un tiempo prolongado,0.02965560180083241,0.058750566054149786,0.0017422833924753678,1,2,4
RPM-2015-12-17:7210:1,4,por una,0.03845949894928017,0.04989723607774438,0.0019190226985039945,17,14,41
RPM-2015-12-17:7210:1,4,por una mayor,0.0303398280569687,0.07573260702048554,0.0022977142753075118,0,1,5
RPM-2015-12-17:7210:1,4,por una parte,0.0431758053060352,-0.1930524186787576,-0.008335193642733232,6,3,8
RPM-2015-12-17:7210:1,4,porcentuales,0.023817043253842946,-0.1725036132169963,-0.0041085260174333945,4,1,19
RPM-2015-12-17:7210:1,4,precio,0.012791230016264124,-0.0684278593170274,-0.0008752764880446596,40,23,151
RPM-2015-12-17:7210:1,4,precio de,0.017730432144592002,-0.0052627977785646846,-9.331167890355066e-05,12,8,61
RPM-2015-12-17:7210:1,4,precio de los,0.021038127286369845,-0.25322799454585726,-0.005327442781727914,9,2,31
RPM-2015-12-17:7210:1,4,precio de los combustibles,0.024960449861800682,-0.14821047335296,-0.0036994000891203043,5,1,13
RPM-2015-12-17:7210:1,4,precios,0.0117198257926906,-0.839630847570076,-0.009840327263690447,69,36,159
RPM-2015-12-17:7210:1,4,precios de,0.014337339900932595,-0.2365689292751054,-0.00339176914901687,46,28,84
RPM-2015-12-17:7210:1,4,precios de commodities,0.028512195192874675,-0.1081081041971749,-0.0030823993688014846,3,1,5
RPM-2015-12-17:7210:1,4,presente,0.022284876854393808,0.41276851823228455,0.009198495598177066,34,33,132
RPM-2015-12-17:7210:1,4,presente que,0.015408744124506117,0.4898403769619257,0.007547825030457935,19,22,87
RPM-2015-12-17:7210:1,4,presente que en,0.02471044489510497,0.24975602229398608,0.006171582426116152,2,6,12
RPM-2015-12-17:7210:1,4,presente que en este,0.03206394052394867,0.0036161179811577543,0.00011594699187542357,1,1,2
RPM-2015-12-17:7210:1,4,presente reunion,0.028512195192874675,-0.045555309405021,-0.0012988818738277582,3,3,3
RPM-2015-12-17:7210:1,4,presiones,0.016463547624999252,0.18964558284423028,0.0031222390850267263,33,26,45
RPM-2015-12-17:7210:1,4,presiones inflacionarias,0.01868972006955707,0.18323579838675905,0.0034246257785703234,19,16,32
RPM-2015-12-17:7210:1,4,presiones inflacionarias de,0.0332073471319064,-0.011204171482105882,-0.00037206081173169625,1,0,2
RPM-2015-12-17:7210:1,4,presupuestado,0.03206394052394867,-0.032394501184569546,-0.0010386953592850226,1,0,3
RPM-2015-12-17:7210:1,4,prevista,0.03874396867358939,-0.016155740176452382,-0.0006259374912951206,11,6,12
RPM-2015-12-17:7210:1,4,previsto,0.016922727976820696,-0.18739487060907833,-0.003171232419568944,34,14,47
RPM-2015-12-17:7210:1,4,primer,0.014635914760905228,-0.14108272790994072,-0.0020648747799258773,30,20,99
RPM-2015-12-17:7210:1,4,primer lugar,0.021808186125234066,-0.3171230392063229,-0.00691587826361139,16,8,12
RPM-2015-12-17:7210:1,4,primeros,0.052382306810659134,-0.09636908233895856,-0.005048034838141,4,2,13
RPM-2015-12-17:7210:1,4,primeros meses,0.060969034198892325,-0.0752698307944243,-0.004589128887850093,1,0,7
RPM-2015-12-17:7210:1,4,primeros meses del,0.060969034198892325,-0.07531143390485948,-0.004591665389312996,1,0,7
RPM-2015-12-17:7210:1,4,primeros meses del ano,0.06223561036707503,-0.07046858856936486,-0.004385655621320708,1,0,6
RPM-2015-12-17:7210:1,4,principales,0.018468502175067895,-0.03357014134271334,-0.000619990228405238,20,11,39
RPM-2015-12-17:7210:1,4,principales desarrollos,0.0303398280569687,-0.010442769853994248,-0.00031683184180868163,0,0,6
RPM-2015-12-17:7210:1,4,principales desarrollos acontecidos,0.0332073471319064,-0.010793749962704805,-0.0003584318018665402,0,0,3
RPM-2015-12-17:7210:1,4,principales desarrollos acontecidos desde,0.0332073471319064,-0.010793749962704805,-0.0003584318018665402,0,0,3
RPM-2015-12-17:7210:1,4,principalmente,0.0188426892014519,0.1903303948449252,0.0035863364756525485,11,10,44
RPM-2015-12-17:7210:1,4,principalmente la,0.031129709301116668,-0.014972332280349256,-0.00046608435144699755,0,0,5
RPM-2015-12-17:7210:1,4,probabilidad,0.02194858080817895,0.09784723838351464,0.00214760801851772,9,8,18
RPM-2015-12-17:7210:1,4,prolongado,0.024244297736804955,0.4201248588588651,0.010185632164807484,3,9,10
RPM-2015-12-17:7210:1,4,proxima,0.039985487367003955,-0.1865900686818318,-0.007460894834085787,9,4,12
RPM-2015-12-17:7210:1,4,proximo,0.029021909170977408,0.038862737635778966,0.0011278708418011024,17,16,58
RPM-2015-12-17:7210:1,4,proyeccion,0.035595772743019186,-0.3355948049579888,-0.011945756411022418,26,13,102
RPM-2015-12-17:7210:1,4,proyeccion de,0.019081061733241245,-0.392434981277673,-0.007488076104042651,13,4,45
RPM-2015-12-17:7210:1,4,proyeccion de inflacion,0.025793210731705058,-0.13607168902093425,-0.0035097257495359945,4,1,11
RPM-2015-12-17:7210:1,4,proyeccion en,0.02965560180083241,0.0015208461671146131,4.5101608332273194e-05,0,0,7
RPM-2015-12-17:7210:1,4,proyecciones,0.013317882840246976,-0.33312884549708555,-0.004436570935036922,54,29,110
RPM-2015-12-17:7210:1,4,proyecciones del,0.02194858080817895,-0.3774869102135367,-0.008285301952851602,13,3,19
RPM-2015-12-17:7210:1,4,proyecciones del ipom,0.0332073471319064,-0.1972738258078655,-0.006550940413641026,3,0,0
RPM-2015-12-17:7210:1,4,puede,0.01353366568647608,-0.3890978853393312,-0.005265920699497311,39,26,120
RPM-2015-12-17:7210:1,4,puntos,0.02194460458687931,-0.8366671709378063,-0.018360330237053118,77,34,96
RPM-2015-12-17:7210:1,4,puntos base,0.013846033516757257,-0.8870926828110012,-0.012282715018671236,75,32,67
RPM-2015-12-17:7210:1,4,puntos base en,0.018614914574941226,-1.083930440705257,-0.020177272558906757,38,7,23
RPM-2015-12-17:7210:1,4,puntos base en esta,0.02471044489510497,-0.42600555125525014,-0.010526786699301675,14,3,3
RPM-2015-12-17:7210:1,4,puntos porcentuales,0.024026218638968682,-0.12254567136735443,-0.0029443090935312617,3,1,19
RPM-2015-12-17:7210:1,4,que de,0.016612082238767336,0.32967156281508536,0.00547653111326715,20,19,62
RPM-2015-12-17:7210:1,4,que de acuerdo,0.022394434532525893,-0.04648093700284907,-0.0010409143007207638,3,2,27
RPM-2015-12-17:7210:1,4,que de acuerdo con,0.023056526476163845,-0.020072622874839265,-0.00046280496075978356,2,2,24
RPM-2015-12-17:7210:1,4,que el,0.02410211637977368,0.12743261159162272,0.0030713956351597874,76,57,350
RPM-2015-12-17:7210:1,4,que el analisis,0.03206394052394867,-0.03822106879194059,-0.0012255180765065338,1,0,3
RPM-2015-12-17:7210:1,4,que el crecimiento,0.021808186125234066,-0.12957535219311245,-0.0028258033978701526,12,4,20
RPM-2015-12-17:7210:1,4,que el crecimiento de,0.025223281081440375,-0.05480663160788876,-0.0013824030741727328,7,2,9
RPM-2015-12-17:7210:1,4,que el escenario,0.033024465203247665,0.01952900009475203,0.0006449347840833588,17,12,28
RPM-2015-12-17:7210:1,4,que el escenario de,0.02905207147032694,-0.012545537523215015,-0.00036447385275811106,2,2,4
RPM-2015-12-17:7210:1,4,que el mercado,0.01818766009197922,0.010942805938982142,0.0001990240348706987,20,17,37
RPM-2015-12-17:7210:1,4,que el mercado laboral,0.02802381769438962,0.08971122920429617,0.002514051132360798,1,3,6
RPM-2015-12-17:7210:1,4,que en,0.019617557500413017,0.4728537652863351,0.009276235929791479,77,62,281
RPM-2015-12-17:7210:1,4,que en el,0.01408580054722867,0.15910754846603054,0.002241157193251025,38,28,100
RPM-2015-12-17:7210:1,4,que en el corto,0.028512195192874675,0.22162420601356422,0.006318992621324612,0,3,6
RPM-2015-12-17:7210:1,4,que en este,0.022092930786862978,0.3495751782194962,0.00772314021720862,6,10,18
RPM-2015-12-17:7210:1,4,que en este contexto,0.027577963970042675,0.1922411698085806,0.005301620054539892,3,4,4
RPM-2015-12-17:7210:1,4,que en lo,0.025223281081440375,-0.15132077782124248,-0.0038168065124473878,3,2,13
RPM-2015-12-17:7210:1,4,que enfrentan,0.031129709301116668,-0.00013279770106340918,-4.13395382996052e-06,0,0,5
RPM-2015-12-17:7210:1,4,que es,0.013291537870256553,-0.5230695420908278,-0.006952398627477992,43,30,121
RPM-2015-12-17:7210:1,4,que es muy,0.028512195192874675,0.02380549488537249,0.0006787469168347202,2,2,5
RPM-2015-12-17:7210:1,4,que ha,0.015570145983737226,0.0658275729191018,0.0010249449201055222,27,21,76
RPM-2015-12-17:7210:1,4,que hace,0.021808186125234066,0.2503360561150282,0.005459375305613574,7,9,20
RPM-2015-12-17:7210:1,4,que hacia,0.026788082725894707,-0.013768205302936133,-0.0003688238226421553,1,1,11
RPM-2015-12-17:7210:1,4,que la,0.02801392769118839,-0.20383283372075986,-0.005710158264943393,95,68,308
RPM-2015-12-17:7210:1,4,que la decision,0.02447207236331563,-0.04470516678148305,-0.0010940280764905471,12,6,3
RPM-2015-12-17:7210:1,4,que la inflacion,0.025694847809361862,-0.0578326926331858,-0.0014860022356153121,48,34,52
RPM-2015-12-17:7210:1,4,que la mayor,0.02905207147032694,0.065716539942932,0.0019092016152046556,0,1,7
RPM-2015-12-17:7210:1,4,que la opcion,0.023616072971152008,-0.13042960355713865,-0.0030802350352038136,12,5,8
RPM-2015-12-17:7210:1,4,que la opcion de,0.025223281081440375,-0.1271701913517389,-0.0032076494816454682,9,3,6
RPM-2015-12-17:7210:1,4,que la proyeccion,0.02643455736208494,0.014400646998691896,0.00038067472913805723,1,1,12
RPM-2015-12-17:7210:1,4,que la proyeccion de,0.02905207147032694,-0.06089043609594049,-0.0017689933013186384,1,0,7
RPM-2015-12-17:7210:1,4,que la reciente,0.0332073471319064,0.07204944750583495,0.0023925710139883287,0,1,2
RPM-2015-12-17:7210:1,4,que las,0.01117029053900287,0.19707232740687977,0.002201355154332345,57,46,191
RPM-2015-12-17:7210:1,4,que las noticias,0.025793210731705058,0.37513181682745156,0.00967585400359784,3,9,4
RPM-2015-12-17:7210:1,4,que lo,0.02869494529308074,0.3144576508142174,0.009023345087104654,30,30,120
RPM-2015-12-17:7210:1,4,que lo previsto,0.02471044489510497,-0.040696343610245635,-0.0010056247562132321,5,3,12
RPM-2015-12-17:7210:1,4,que lo que,0.02047447330789469,0.3358150024111509,0.0068756353032577,5,9,33
RPM-2015-12-17:7210:1,4,que lo que se,0.02471044489510497,0.21602148719163067,0.005337987055407414,1,4,15
RPM-2015-12-17:7210:1,4,que los,0.020109336665780825,0.44955264792704247,0.009040205546158133,39,40,177
RPM-2015-12-17:7210:1,4,que los riesgos,0.02471044489510497,0.036779567000596855,0.0009088394636340698,4,6,10
RPM-2015-12-17:7210:1,4,que los riesgos para,0.0332073471319064,-0.04478919847796154,-0.0014873304616175227,1,0,2
RPM-2015-12-17:7210:1,4,que no,0.011997945194856748,0.2915452176481395,0.0034979435431649604,43,37,170
RPM-2015-12-17:7210:1,4,que pesar,0.026103856469758414,0.07666956203429856,0.0020013712429425685,3,5,7
RPM-2015-12-17:7210:1,4,que pesar de,0.027577963970042675,0.006359284819303666,0.00017537612762199585,2,3,6
RPM-2015-12-17:7210:1,4,que pesar de la,0.0332073471319064,-0.004639912778591517,-0.00015407919430045688,0,0,3
RPM-2015-12-17:7210:1,4,que por,0.017310681815339714,0.019001803662252507,0.00032893417711481003,14,14,60
RPM-2015-12-17:7210:1,4,que por una,0.0332073471319064,-0.10135582927666711,-0.0033657582066325266,1,0,2
RPM-2015-12-17:7210:1,4,que se,0.027046154225818266,0.18933225888905483,0.005120709473835928,83,68,400
RPM-2015-12-17:7210:1,4,que se consideran,0.0332073471319064,0.05782031793379201,0.0019200593689046243,0,1,2
RPM-2015-12-17:7210:1,4,que se espera,0.028512195192874675,0.07538999558137724,0.002149534269606187,0,1,8
RPM-2015-12-17:7210:1,4,que se ha,0.0165620907654076,-0.14218995053239503,-0.002354962866646343,20,14,68
RPM-2015-12-17:7210:1,4,que se ha hecho,0.031129709301116668,0.0354049564198495,0.0011021460011686193,1,1,3
RPM-2015-12-17:7210:1,4,que se han,0.03217041579676319,-0.10902802225722283,-0.00350747680951361,19,11,33
RPM-2015-12-17:7210:1,4,que se mantiene,0.024244297736804955,0.3475193028712461,0.008425361448097388,1,5,16
RPM-2015-12-17:7210:1,4,que se mantiene en,0.03206394052394867,0.047961175880311305,0.001537824290884943,0,1,3
RPM-2015-12-17:7210:1,4,que tiene,0.0192463691455392,-0.2030296316897111,-0.003907583238983044,14,8,38
RPM-2015-12-17:7210:1,4,que tiene una,0.02905207147032694,0.10492256681100384,0.003048217909843437,1,2,5
RPM-2015-12-17:7210:1,4,que una,0.019331066699936953,0.19024297934231027,0.0036775997228609275,14,15,30
RPM-2015-12-17:7210:1,4,rapida,0.03903809279662255,0.40183406018822965,0.01568683533047172,5,11,12
RPM-2015-12-17:7210:1,4,razon,0.018052807957303935,0.33685981059125636,0.006081265469137729,10,17,49
RPM-2015-12-17:7210:1,4,razon de,0.022092930786862978,0.18803140570591056,0.004154164832017235,3,8,23
RPM-2015-12-17:7210:1,4,razon de ello,0.03206394052394867,-0.01966103646884083,-0.0006304103039760982,0,0,4
RPM-2015-12-17:7210:1,4,razones,0.0192463691455392,0.011345237287806856,0.00021835462488486673,21,11,28
RPM-2015-12-17:7210:1,4,real,0.017030607442998693,0.013586601339667131,0.00023138807390039106,12,8,73
RPM-2015-12-17:7210:1,4,reales,0.020368818319883013,0.06280959385030786,0.0012793572058825621,5,7,36
RPM-2015-12-17:7210:1,4,realizado,0.02965560180083241,0.01052606266420014,0.0003121567229001285,2,1,4
RPM-2015-12-17:7210:1,4,reciente,0.016817072988809016,-0.13097842780215574,-0.002202673780308305,27,13,57
RPM-2015-12-17:7210:1,4,recomendar,0.0303398280569687,0.030432851813433293,0.0009233274913027742,3,2,1
RPM-2015-12-17:7210:1,4,recuperacion,0.018256440794160073,0.13758876094450723,0.00251188106812524,11,13,49
RPM-2015-12-17:7210:1,4,recuperacion de,0.023236337394820714,-0.07513934993728434,-0.0017459632867702396,7,6,14
RPM-2015-12-17:7210:1,4,recuperacion de la,0.025793210731705058,-0.1321982438595293,-0.0034098171622301736,4,2,10
RPM-2015-12-17:7210:1,4,recuperacion de la economia,0.02905207147032694,-0.22981474714619105,-0.006676594459026256,3,0,5
RPM-2015-12-17:7210:1,4,reduccion,0.017668321258355345,0.6668486117531915,0.011782095503143663,21,18,43
RPM-2015-12-17:7210:1,4,reduccion del,0.027577963970042675,0.07923795174784407,0.0021852213783620238,2,2,7
RPM-2015-12-17:7210:1,4,reduccion del estimulo,0.03206394052394867,-0.0681292662676644,-0.0021844927415466536,2,1,1
RPM-2015-12-17:7210:1,4,reduccion del estimulo monetario,0.03206394052394867,-0.0681292662676644,-0.0021844927415466536,2,1,1
RPM-2015-12-17:7210:1,4,referencia,0.023236337394820714,-0.1612268984459889,-0.0037463226094114933,7,2,18
RPM-2015-12-17:7210:1,4,refiriendose,0.023236337394820714,-0.13736466081309473,-0.0031918516047781766,2,0,25
RPM-2015-12-17:7210:1,4,refiriendose los,0.025500326139252943,-0.14003470470068988,-0.003570930640681569,2,0,15
RPM-2015-12-17:7210:1,4,refiriendose los principales,0.0303398280569687,-0.048678942207678835,-0.0014769107365760921,1,0,5
RPM-2015-12-17:7210:1,4,refiriendose los principales desarrollos,0.031129709301116668,-0.01012711566333591,-0.00031525416665843217,0,0,5
RPM-2015-12-17:7210:1,4,registros,0.0192463691455392,0.2120089269068717,0.004080402069399291,13,15,32
RPM-2015-12-17:7210:1,4,relevante,0.017427143314300116,0.20765473213408842,0.0036188287767933603,22,18,46
RPM-2015-12-17:7210:1,4,relevante de,0.027577963970042675,0.07606224904235337,0.0020976419635704343,3,3,5
RPM-2015-12-17:7210:1,4,resalta,0.02080517420022121,0.47722924003678546,0.009928837472404504,1,10,33
RPM-2015-12-17:7210:1,4,resalta que,0.023056526476163845,0.44317701774997065,0.010218122643379533,0,8,20
RPM-2015-12-17:7210:1,4,resalta que la,0.03206394052394867,-0.008935432549224707,-0.00028650517781409607,0,0,4
RPM-2015-12-17:7210:1,4,resiliencia,0.03206394052394867,0.14930839019885855,0.004787415343062721,0,2,2
RPM-2015-12-17:7210:1,4,respecto,0.020919312333102808,-0.1309699352509852,-0.0027398009817616105,55,44,273
RPM-2015-12-17:7210:1,4,respecto de,0.023295904515837875,-0.3247425963225996,-0.007565172516156565,29,21,127
RPM-2015-12-17:7210:1,4,respecto de la,0.017546313461599336,-0.182034500031717,-0.003194034398382021,18,11,55
RPM-2015-12-17:7210:1,4,respecto de la decision,0.0332073471319064,0.20264450289197186,0.00672928635190632,0,2,1
RPM-2015-12-17:7210:1,4,respecto de los,0.021408704530726685,-0.17026626303446615,-0.003645180116855877,6,2,31
RPM-2015-12-17:7210:1,4,respecto de los niveles,0.0332073471319064,-0.11038581872673157,-0.0036656202008982695,1,0,2
RPM-2015-12-17:7210:1,4,respecto del,0.01595303581401586,-0.1377594072323709,-0.002197680757295608,17,12,86
RPM-2015-12-17:7210:1,4,resultado,0.021282177475666,0.027912283230186435,0.0005940341654558836,9,7,24
RPM-2015-12-17:7210:1,4,reunion,0.034136451189203415,-0.09114868064803733,-0.003111492487902016,69,50,120
RPM-2015-12-17:7210:1,4,reunion de,0.01671355259169496,-0.2937915000172083,-0.0049102996865305615,34,17,48
RPM-2015-12-17:7210:1,4,reunion de politica,0.018396835477104957,-0.2966748393638275,-0.005457878209972875,25,11,35
RPM-2015-12-17:7210:1,4,reunion de politica monetaria,0.018396835477104957,-0.2966748393638275,-0.005457878209972875,25,11,35
RPM-2015-12-17:7210:1,4,reunion el,0.024960449861800682,0.07093039845483698,0.001770454654309503,3,3,13
RPM-2015-12-17:7210:1,4,reunion para,0.0332073471319064,-0.09864793601358872,-0.0032758362550493313,1,0,2
RPM-2015-12-17:7210:1,4,reunion sin,0.0332073471319064,-0.004036157628573824,-0.00013403008745114313,1,1,1
RPM-2015-12-17:7210:1,4,riesgos,0.015137974738483075,-0.4367430246847076,-0.0066114048748857936,45,29,61
RPM-2015-12-17:7210:1,4,riesgos para,0.02905207147032694,-0.00958914759292318,-0.00027858460120911777,2,2,4
RPM-2015-12-17:7210:1,4,riesgos para la,0.031129709301116668,-0.02141651385800923,-0.000666689850643164,1,1,3
RPM-2015-12-17:7210:1,4,salvo,0.02643455736208494,-0.10369529722867896,-0.002741139282769961,3,1,10
RPM-2015-12-17:7210:1,4,se,0.024889907566646,0.0049862464203156015,0.00012410721250617483,104,77,614
RPM-2015-12-17:7210:1,4,se consideran,0.02965560180083241,0.1264087672215124,0.003748728064855288,1,2,4
RPM-2015-12-17:7210:1,4,se espera,0.03348523705653469,-0.07861402515485133,-0.002632409268278578,10,8,36
RPM-2015-12-17:7210:1,4,se espera un,0.027577963970042675,-0.10421946626950518,-0.0028741606857574918,1,0,10
RPM-2015-12-17:7210:1,4,se esperan,0.0303398280569687,-0.0016092302490267624,-4.882376905954489e-05,0,0,6
RPM-2015-12-17:7210:1,4,se ha,0.03435562592959946,-0.24399344537490608,-0.008382547538574432,56,39,172
RPM-2015-12-17:7210:1,4,se ha corregido,0.058811128188840885,-0.0262853918710774,-0.0015458735508238491,1,0,9
RPM-2015-12-17:7210:1,4,se ha corregido la,0.0332073471319064,0.003781729219644694,0.00012558119495561487,0,0,3
RPM-2015-12-17:7210:1,4,se ha depreciado,0.026788082725894707,0.1295446096145526,0.00347025171904837,2,5,6
RPM-2015-12-17:7210:1,4,se ha hecho,0.028512195192874675,0.10051804327061054,0.00286599007013747,2,2,5
RPM-2015-12-17:7210:1,4,se ha tornado,0.03206394052394867,-0.1836843752548688,-0.005889644883350782,1,0,3
RPM-2015-12-17:7210:1,4,se han,0.029057456087577305,-0.11748628420644218,-0.0034138525442213206,39,27,108
RPM-2015-12-17:7210:1,4,se han vuelto,0.03206394052394867,0.2215234563221008,0.007102914928171381,0,3,1
RPM-2015-12-17:7210:1,4,se inclina,0.02643455736208494,-0.2970811442769614,-0.00785320854958317,9,3,2
RPM-2015-12-17:7210:1,4,se inclina por,0.028512195192874675,-0.19995702159473314,-0.005701213629894888,6,2,1
RPM-2015-12-17:7210:1,4,se mantiene,0.01748638195529585,0.22763086525488285,0.003980440254661365,15,14,56
RPM-2015-12-17:7210:1,4,se mantiene en,0.023817043253842946,-0.020895192454728456,-0.0004976617024916404,1,1,22
RPM-2015-12-17:7210:1,4,se mantiene en torno,0.03206394052394867,-0.0004169480509680912,-1.3368997507817194e-05,0,0,4
RPM-2015-12-17:7210:1,4,se muestra,0.02965560180083241,0.10464343189035728,0.003103263947212963,0,2,5
RPM-2015-12-17:7210:1,4,se observe,0.0332073471319064,0.19464449437081427,0.0064636272918860305,0,2,1
RPM-2015-12-17:7210:1,4,seguir,0.03380660085879483,0.06163255571598285,0.002083587210997666,16,12,24
RPM-2015-12-17:7210:1,4,segundo,0.02324730029512186,0.04120718872857504,0.0009579558906909446,40,27,111
RPM-2015-12-17:7210:1,4,segundo termino,0.02643455736208494,0.23212787769652932,0.006136197698307941,1,4,9
RPM-2015-12-17:7210:1,4,segundo trimestre,0.0197769204242839,0.37603640493790264,0.0074368420570906976,11,12,31
RPM-2015-12-17:7210:1,4,senala,0.008549303651654282,0.0970616469928317,0.0008298094930713948,80,57,354
RPM-2015-12-17:7210:1,4,senala que,0.009040806545402832,0.0863197417120921,0.0007804000858681641,74,54,318
RPM-2015-12-17:7210:1,4,senala que las,0.021408704530726685,0.10008388556630952,0.002142666334376182,9,8,22
RPM-2015-12-17:7210:1,4,senala que las noticias,0.02905207147032694,0.3446453574271202,0.01001266155588907,2,6,0
RPM-2015-12-17:7210:1,4,senor,0.005681784576716579,0.17130584038056768,0.0009733228817757815,83,69,708
RPM-2015-12-17:7210:1,4,senor alberto,0.02802381769438962,0.14949571191976166,0.00418944057693239,0,2,8
RPM-2015-12-17:7210:1,4,senor alberto naudon,0.02905207147032694,-0.0159583187957575,-0.00046362221820060864,0,0,8
RPM-2015-12-17:7210:1,4,sensacion,0.026788082725894707,-0.04367510446631525,-0.0011699723115057464,0,0,13
RPM-2015-12-17:7210:1,4,sensacion de,0.02905207147032694,-0.03335212841340537,-0.0009689484183537745,0,0,8
RPM-2015-12-17:7210:1,4,sensacion de que,0.0303398280569687,-0.03429923535911885,-0.001040632903281167,0,0,6
RPM-2015-12-17:7210:1,4,septiembre,0.031903446095605616,-0.05113987735781128,-0.0016315383206208143,17,10,38
RPM-2015-12-17:7210:1,4,septiembre en,0.02905207147032694,0.0038475251444898134,0.00011177857548159804,0,0,8
RPM-2015-12-17:7210:1,4,ser,0.026212522160909135,-0.2104383831504532,-0.005516120781837142,46,35,146
RPM-2015-12-17:7210:1,4,ser mayor,0.031129709301116668,0.07943528480968992,0.002472797324377056,0,1,4
RPM-2015-12-17:7210:1,4,sera,0.02047447330789469,0.0729774702663272,0.0014941752670455946,15,9,23
RPM-2015-12-17:7210:1,4,seria,0.015611303517265814,-0.13147552478281122,-0.0020525043224762693,30,17,76
RPM-2015-12-17:7210:1,4,servicios,0.020064327640078015,-0.05592070693175374,-0.0011220113857434888,6,3,42
RPM-2015-12-17:7210:1,4,sesgo,0.045728675408658305,0.7470990430331714,0.034163849636983136,18,23,20
RPM-2015-12-17:7210:1,4,sesgo al,0.02905207147032694,-0.26125531424463244,-0.007590008061437785,6,1,1
RPM-2015-12-17:7210:1,4,sesgo al alza,0.02905207147032694,-0.26125531424463244,-0.007590008061437785,6,1,1
RPM-2015-12-17:7210:1,4,sesgo neutral,0.028512195192874675,0.14868720768167243,0.004239398688103339,2,3,4
RPM-2015-12-17:7210:1,4,sido,0.014916756843993902,0.13168870670635052,0.00196436841703866,30,21,90
RPM-2015-12-17:7210:1,4,sido algo,0.02905207147032694,0.06401111636550771,0.0018596555275461446,2,2,4
RPM-2015-12-17:7210:1,4,siendo,0.026224834283242893,-0.5642426378210882,-0.014797169672397878,49,20,57
RPM-2015-12-17:7210:1,4,sigan,0.031129709301116668,0.20401602633061194,0.006350959592440914,0,3,2
RPM-2015-12-17:7210:1,4,signos,0.024244297736804955,0.23372693024125746,0.005666545285878488,4,6,12
RPM-2015-12-17:7210:1,4,signos de,0.024960449861800682,0.20916299332281724,0.00522080240777833,3,5,11
RPM-2015-12-17:7210:1,4,sigue,0.030088517702908765,0.18627662335402362,0.005604787479425608,46,34,78
RPM-2015-12-17:7210:1,4,sigue siendo,0.03348523705653469,-0.06094437657292961,-0.002040736896807267,20,9,25
RPM-2015-12-17:7210:1,4,siguen,0.026573308061410745,-0.6571308708759517,-0.01746214106844979,42,16,63
RPM-2015-12-17:7210:1,4,similar,0.03720930278203685,0.07752232764114109,0.0028845517615674835,15,12,54
RPM-2015-12-17:7210:1,4,similar al,0.02288281203101095,0.06769824079536829,0.0015491261189505298,8,5,16
RPM-2015-12-17:7210:1,4,similar la,0.04270672724751178,-0.04102507333020426,-0.0017520466170222032,3,2,13
RPM-2015-12-17:7210:1,4,sin,0.02674426263480725,-0.6197875108391288,-0.016575759967655104,64,34,118
RPM-2015-12-17:7210:1,4,sin embargo,0.02501525399820722,-0.5811429151601937,-0.014537437631990833,48,25,72
RPM-2015-12-17:7210:1,4,sin embargo en,0.0303398280569687,-0.20194007332550473,-0.006126827102507465,3,0,3
RPM-2015-12-17:7210:1,4,sobre,0.01023605931617087,0.12755126893434254,0.001305622354664793,56,46,251
RPM-2015-12-17:7210:1,4,sobre las,0.020368818319883013,0.21072143580584335,0.004292146642034114,11,11,26
RPM-2015-12-17:7210:1,4,sobre las expectativas,0.027577963970042675,0.0024618148504264026,6.789184124597532e-05,4,3,4
RPM-2015-12-17:7210:1,4,sobre las expectativas de,0.02965560180083241,-0.06346506943496225,-0.0018820948274254205,3,2,2
RPM-2015-12-17:7210:1,4,socios,0.025793210731705058,0.14481535388792396,0.0037352529400176662,3,5,8
RPM-2015-12-17:7210:1,4,socios comerciales,0.02643455736208494,0.21083574099972519,0.005573349489434919,2,5,7
RPM-2015-12-17:7210:1,4,socios comerciales se,0.0332073471319064,0.14537455357752188,0.004827503264794694,0,2,1
RPM-2015-12-17:7210:1,4,solo,0.016042152588502657,0.5171677617972213,0.00829648414860542,21,17,75
RPM-2015-12-17:7210:1,4,su,0.01875878576289767,0.5649123384825272,0.01059706953241126,91,69,295
RPM-2015-12-17:7210:1,4,su intervencion,0.021158699564030978,0.11161894585195568,0.002361711740935372,8,9,24
RPM-2015-12-17:7210:1,4,su intervencion refiriendose,0.02905207147032694,-0.047898137229364424,-0.0013915401060830227,1,0,7
RPM-2015-12-17:7210:1,4,su intervencion refiriendose los,0.0303398280569687,-0.048678942207678835,-0.0014769107365760921,1,0,5
RPM-2015-12-17:7210:1,4,su parte,0.017730432144592002,0.14934766358151413,0.0026479986150853905,16,11,54
RPM-2015-12-17:7210:1,4,su parte el,0.02447207236331563,0.03293477917132512,0.0008059822991504886,3,2,16
RPM-2015-12-17:7210:1,4,subir,0.0192463691455392,-0.9694196958171146,-0.018657809322652513,28,9,23
RPM-2015-12-17:7210:1,4,subir en,0.03206394052394867,-0.21037491070014744,-0.00674544862442054,3,0,1
RPM-2015-12-17:7210:1,4,subyacente,0.03562684768361327,-0.037896798152642054,-0.0013501434554808154,28,16,50
RPM-2015-12-17:7210:1,4,subyacente se,0.02802381769438962,-0.16998837170730785,-0.004763723138891734,4,1,5
RPM-2015-12-17:7210:1,4,sugerencia,0.0332073471319064,0.15430675512151645,0.005124117982118273,0,2,1
RPM-2015-12-17:7210:1,4,sugiere,0.03522622203816306,0.33392333202443114,0.011762857437615857,11,12,21
RPM-2015-12-17:7210:1,4,sugiere que,0.023236337394820714,0.4584248486042525,0.010652114452338017,8,11,8
RPM-2015-12-17:7210:1,4,sugieren,0.022714794179413803,0.11431957332186551,0.0025967455786845804,4,6,20
RPM-2015-12-17:7210:1,4,sugieren que,0.02643455736208494,0.17975240018917513,0.004751675133773198,1,3,10
RPM-2015-12-17:7210:1,4,supuesto,0.03466629675471175,0.16890919496950713,0.005855456277412399,9,7,31
RPM-2015-12-17:7210:1,4,supuesto de,0.025793210731705058,0.019647714147448106,0.0005067776314014318,5,3,8
RPM-2015-12-17:7210:1,4,supuesto de trabajo,0.027577963970042675,-0.12309888215248271,-0.0033948165367536976,5,1,5
RPM-2015-12-17:7210:1,4,supuesto del,0.02965560180083241,-0.048927312777430065,-0.0014509689049122456,1,0,6
RPM-2015-12-17:7210:1,4,tambien,0.017380309950907287,-0.1660293606869341,-0.002885641749689896,64,46,241
RPM-2015-12-17:7210:1,4,tambien han,0.02643455736208494,-0.15610859970764013,-0.004126661733686369,6,1,7
RPM-2015-12-17:7210:1,4,tasa,0.020550909794074562,0.18520280742234568,0.003806086188945989,96,72,217
RPM-2015-12-17:7210:1,4,tasa de,0.010642587556816026,-0.17025294742001046,-0.0018119318997234565,94,61,171
RPM-2015-12-17:7210:1,4,tasa de politica,0.012604027996336866,-0.3212412094521946,-0.004048933197512576,83,53,86
RPM-2015-12-17:7210:1,4,tasa que,0.02802381769438962,0.0321142066360436,0.0008999626721684432,2,2,6
RPM-2015-12-17:7210:1,4,tasa real,0.03206394052394867,-0.03894701925939188,-0.0012487949091182246,1,0,3
RPM-2015-12-17:7210:1,4,tasas,0.011456027855686349,0.8134287489129735,0.00931866240616312,52,44,182
RPM-2015-12-17:7210:1,4,tenido,0.018765633833967576,0.008906712727126419,0.00016714010970159314,11,8,47
RPM-2015-12-17:7210:1,4,tercer,0.018326157316885146,0.15714035543978114,0.0028797788746206775,16,13,43
RPM-2015-12-17:7210:1,4,tercer lugar,0.026788082725894707,-0.007983730616196325,-0.00021386883620792547,7,3,3
RPM-2015-12-17:7210:1,4,termino,0.01959389791957665,0.058079950409149005,0.0011380126194909398,8,9,39
RPM-2015-12-17:7210:1,4,terminos,0.0262934182823528,0.38660182674304844,0.01016508353927666,16,19,90
RPM-2015-12-17:7210:1,4,terminos de,0.01818766009197922,0.23783718060700665,0.004325701798114909,11,11,52
RPM-2015-12-17:7210:1,4,terminos de intercambio,0.02288281203101095,0.009903079397563777,0.00022661030438262907,6,3,20
RPM-2015-12-17:7210:1,4,terminos reales,0.02802381769438962,0.17503385239498426,0.0049051167698637415,0,3,7
RPM-2015-12-17:7210:1,4,terreno,0.027167818302226,0.20178304819506582,0.00548200518983286,0,3,9
RPM-2015-12-17:7210:1,4,tiempo,0.03208976271170939,0.6811662293363707,0.021858462666633955,20,26,85
RPM-2015-12-17:7210:1,4,tiempo mayor,0.0332073471319064,0.11447641884551814,0.0038014581790206327,1,2,0
RPM-2015-12-17:7210:1,4,tiempo prolongado,0.02802381769438962,0.12409954377209065,0.0034777429906259934,1,3,6
RPM-2015-12-17:7210:1,4,tiene,0.013136250672103849,-0.5898066173778892,-0.007747847573941594,40,20,140
RPM-2015-12-17:7210:1,4,tiene una,0.021538435140362275,-0.06103498061098296,-0.0013145979711829256,10,5,23
RPM-2015-12-17:7210:1,4,tipo,0.01408580054722867,0.46133850938165966,0.00649832222790584,24,23,119
RPM-2015-12-17:7210:1,4,tipo de,0.014434944478214288,0.46956197817642653,0.006778101084057186,21,22,112
RPM-2015-12-17:7210:1,4,tipo de cambio,0.015137974738483075,0.3690347075826941,0.005586438081010311,19,18,98
RPM-2015-12-17:7210:1,4,todavia,0.01892092103212028,-0.06301650550317477,-0.0011923303243457427,8,9,47
RPM-2015-12-17:7210:1,4,todo,0.029432615129598324,-0.21515945054849173,-0.0063327052994896,41,31,96
RPM-2015-12-17:7210:1,4,todo el,0.02471044489510497,-0.0102137351386866,-0.0002523859393177126,4,4,12
RPM-2015-12-17:7210:1,4,todo ello,0.025223281081440375,0.11777498866255104,0.0029706716433989784,4,6,8
RPM-2015-12-17:7210:1,4,todo ello en,0.0332073471319064,-0.1276928104370736,-0.0042403394824326235,2,0,1
RPM-2015-12-17:7210:1,4,todo ello en un,0.0332073471319064,-0.1276928104370736,-0.0042403394824326235,2,0,1
RPM-2015-12-17:7210:1,4,todo manifiesta,0.031129709301116668,0.09372088631297487,0.0029175039463659115,2,2,1
RPM-2015-12-17:7210:1,4,todo manifiesta que,0.031129709301116668,0.09372088631297487,0.0029175039463659115,2,2,1
RPM-2015-12-17:7210:1,4,tornado,0.03206394052394867,-0.1836843752548688,-0.005889644883350782,1,0,3
RPM-2015-12-17:7210:1,4,torno,0.014273287999719263,0.13896873756653888,0.001983540814244615,32,25,103
RPM-2015-12-17:7210:1,4,torno por,0.03206394052394867,-0.0004369396394219658,-1.4010006610981488e-05,0,0,4
RPM-2015-12-17:7210:1,4,tpm,0.016817072988809016,0.6219862578528562,0.010459988296347669,22,31,44
RPM-2015-12-17:7210:1,4,trabajo,0.029309532109212753,0.10250637482480436,0.003004413884326601,17,11,60
RPM-2015-12-17:7210:1,4,trabajo del,0.056224926170262715,0.09444655153433848,0.0053102503870540935,0,1,2
RPM-2015-12-17:7210:1,4,transables,0.02802381769438962,-0.12565969318618542,-0.003521464333382594,1,0,9
RPM-2015-12-17:7210:1,4,trayectoria,0.025759352424027642,-0.2517146232996977,-0.006484005691858272,43,22,68
RPM-2015-12-17:7210:1,4,trayectoria similar,0.05428897049576547,0.023587229350109457,0.0012805263982649457,1,1,2
RPM-2015-12-17:7210:1,4,trimestre,0.013673295180832122,0.3800188944154077,0.0051961105176353455,29,25,126
RPM-2015-12-17:7210:1,4,trimestres,0.01792141395360224,0.7321025519247912,0.013120312889532762,17,20,41
RPM-2015-12-17:7210:1,4,ultima,0.02812670020579886,-0.017906618565100133,-0.0005036540920801636,19,17,65
RPM-2015-12-17:7210:1,4,ultima reunion,0.033024465203247665,-0.0646272011130348,-0.0021342787543407065,15,9,33
RPM-2015-12-17:7210:1,4,ultima reunion de,0.023616072971152008,-0.1539410635513602,-0.003635483390085671,8,3,14
RPM-2015-12-17:7210:1,4,ultima reunion de politica,0.023616072971152008,-0.1539410635513602,-0.003635483390085671,8,3,14
RPM-2015-12-17:7210:1,4,ultima reunion el,0.03206394052394867,-0.0023895787475290836,-7.661931083806429e-05,1,1,2
RPM-2015-12-17:7210:1,4,ultimo,0.012101048982728277,0.21756329726741147,0.0026327441170768194,54,44,147
RPM-2015-12-17:7210:1,4,ultimos,0.02416677733404477,0.2607853200280651,0.0063023407611058554,27,21,112
RPM-2015-12-17:7210:1,4,ultimos meses,0.017986689809288282,0.08289638049763345,0.0014910314823236676,14,11,52
RPM-2015-12-17:7210:1,4,ultimos trimestres,0.02643455736208494,-0.07915006713136832,-0.0020922969897970295,4,2,8
RPM-2015-12-17:7210:1,4,un,0.024629197868707067,-0.08337917763978898,-0.0020535622642204386,100,71,485
RPM-2015-12-17:7210:1,4,un ambiente,0.0332073471319064,0.13687079783150682,0.004545116095811829,0,2,1
RPM-2015-12-17:7210:1,4,un aumento,0.0367697992162482,-1.0838279635738284,-0.03985213660556484,46,10,72
RPM-2015-12-17:7210:1,4,un aumento de,0.03164444684122518,-0.928065799613213,-0.029368128861019457,31,6,30
RPM-2015-12-17:7210:1,4,un aumento de 25,0.024244297736804955,-0.5421155087993095,-0.013143209803069966,16,0,6
RPM-2015-12-17:7210:1,4,un aumento de la,0.023236337394820714,-0.4236743618045069,-0.009844640416424865,12,2,13
RPM-2015-12-17:7210:1,4,un contexto,0.020692552405730962,0.38539544231551404,0.007974815387043638,5,11,29
RPM-2015-12-17:7210:1,4,un contexto donde,0.02905207147032694,0.18545783068480695,0.005387934151786804,1,3,4
RPM-2015-12-17:7210:1,4,un contexto donde el,0.0332073471319064,0.07031261954450121,0.0023348955649679184,0,1,2
RPM-2015-12-17:7210:1,4,un escenario,0.01818766009197922,0.22575812004438287,0.0041060119503714765,20,18,36
RPM-2015-12-17:7210:1,4,un escenario de,0.022714794179413803,0.02229697099091891,0.0005064711068830832,11,7,12
RPM-2015-12-17:7210:1,4,un escenario de crecimiento,0.03206394052394867,-0.023829591015010296,-0.0007640705890153117,3,1,0
RPM-2015-12-17:7210:1,4,un grado,0.025223281081440375,-0.004952200743757934,-0.00012491075133152444,3,3,12
RPM-2015-12-17:7210:1,4,un grado de,0.026788082725894707,0.0862777975906995,0.0023112167792676574,1,2,10
RPM-2015-12-17:7210:1,4,un sesgo,0.03740658347208307,0.2524638390776036,0.009443809670138926,13,10,11
RPM-2015-12-17:7210:1,4,un sesgo neutral,0.0303398280569687,0.2240775110978528,0.006798473158142349,1,3,2
RPM-2015-12-17:7210:1,4,un tiempo,0.03934253914658031,0.06099301758265499,0.0023996201819136654,5,5,17
RPM-2015-12-17:7210:1,4,un tiempo prolongado,0.02965560180083241,0.058750566054149786,0.0017422833924753678,1,2,4
RPM-2015-12-17:7210:1,4,una,0.02556539388400973,0.11486891921973703,0.0029366691648830727,95,70,435
RPM-2015-12-17:7210:1,4,una alza,0.0332073471319064,-0.15814586074035478,-0.005251604495079089,3,0,0
RPM-2015-12-17:7210:1,4,una correccion,0.03934253914658031,0.13989130621580287,0.005503679191061478,2,5,20
RPM-2015-12-17:7210:1,4,una inflacion,0.020265297922768953,0.15495175743862327,0.003140143528150331,15,10,24
RPM-2015-12-17:7210:1,4,una inflacion que,0.031129709301116668,0.25321817685813863,0.007882608235352603,0,2,3
RPM-2015-12-17:7210:1,4,una mayor,0.019081061733241245,0.5755167352682097,0.010981470354166169,8,15,39
RPM-2015-12-17:7210:1,4,una mayor inflacion,0.03206394052394867,-0.1424272708732667,-0.00456677954226875,2,0,2
RPM-2015-12-17:7210:1,4,una parte,0.037658074434600064,-0.3318141604737619,-0.012495482353575256,10,4,19
RPM-2015-12-17:7210:1,4,una probabilidad,0.02965560180083241,-0.047507200728352815,-0.0014088546274722467,2,1,4
RPM-2015-12-17:7210:1,4,una tasa,0.019163048848339807,0.040064062744060255,0.0007677495914273776,13,9,39
RPM-2015-12-17:7210:1,4,una trayectoria,0.03397185977362908,0.011219210245982943,0.0003811374372473951,15,9,27
RPM-2015-12-17:7210:1,4,una trayectoria similar,0.05428897049576547,0.023587229350109457,0.0012805263982649457,1,1,2
RPM-2015-12-17:7210:1,4,validando,0.031129709301116668,-0.17689637467206146,-0.0055067327199626905,4,1,0
RPM-2015-12-17:7210:1,4,varias,0.023817043253842946,-0.05976874857374702,-0.0014235148700089966,7,4,13
RPM-2015-12-17:7210:1,4,vaya,0.02643455736208494,0.4007153372589424,0.010592732568638725,2,7,5
RPM-2015-12-17:7210:1,4,velocidades,0.025500326139252943,-0.08126477854887668,-0.002072278356630522,3,0,14
RPM-2015-12-17:7210:1,4,velocidades de,0.027577963970042675,-0.08508209062985228,-0.002346390829885972,3,0,8
RPM-2015-12-17:7210:1,4,vez,0.015137974738483075,0.0639122992935126,0.0009675027721835634,29,22,84
RPM-2015-12-17:7210:1,4,vez el,0.0303398280569687,-0.05670716697259212,-0.0017204856955462592,1,0,5
RPM-2015-12-17:7210:1,4,vuelto,0.023236337394820714,0.1973319741765337,0.004585272330751985,7,7,13
RPM-2015-12-17:7210:1,4,ya,0.012815118569440658,0.5227745942793918,0.006699418410781639,36,38,139
RPM-2015-12-17:7210:1,4,ya que,0.015252271344354687,0.22169492132364266,0.0033813510956935615,17,21,94
RPM-2015-12-17:7210:1,4,ya que por,0.03206394052394867,-0.05194697926865683,-0.0016656248536690071,1,1,2
RPM-2008-03-13:1731:2,4,acercar,0.06678418240114957,0.06000662525882628,0.004007493406562883,2,1,2
RPM-2008-03-13:1731:2,4,acercar la,0.07124144676275455,0.12459354011790912,0.008876224055293145,1,1,1
RPM-2008-03-13:1731:2,4,activos,0.024177220607263402,-0.1332674706273052,-0.0032220370371283534,15,8,39
RPM-2008-03-13:1731:2,4,actual,0.03162127588669022,-0.009174949084705841,-0.0002901235962538193,47,29,70
RPM-2008-03-13:1731:2,4,actual coyuntura,0.037576002688089936,0.17718934982973844,0.0066580674855031595,2,4,1
RPM-2008-03-13:1731:2,4,actuales,0.02763270379632489,-0.27882926400331853,-0.007704806461950975,12,5,19
RPM-2008-03-13:1731:2,4,actuales circunstancias,0.042076346097209394,-0.004368451786203797,-0.00018380848926528355,1,1,1
RPM-2008-03-13:1731:2,4,agradece,0.027459556918785807,-0.15330430049754107,-0.004209668165406872,19,11,7
RPM-2008-03-13:1731:2,4,agradece el,0.030443127144267987,-0.1806709503421319,-0.00550018871254125,13,6,4
RPM-2008-03-13:1731:2,4,agradece el analisis,0.03349468357335072,-0.14147173555545883,-0.004738551017002844,9,4,1
RPM-2008-03-13:1731:2,4,agradece el analisis del,0.034943470553387444,-0.17447537320174195,-0.006096775065766355,8,3,0
RPM-2008-03-13:1731:2,4,agrega,0.02661646165131203,0.2819446352789972,0.007504368572696586,55,50,264
RPM-2008-03-13:1731:2,4,agrega que,0.02283209591645979,-0.009996074013371567,-0.00022823132066133078,48,43,235
RPM-2008-03-13:1731:2,4,agrega que el,0.02594278373514853,0.07750350906302074,0.002010656774337071,4,6,37
RPM-2008-03-13:1731:2,4,agrega que si,0.03307565927897048,-0.04106391837120972,-0.0013582161727055892,1,1,13
RPM-2008-03-13:1731:2,4,al,0.024551729813099332,-0.007312962666930906,-0.0001795458835317699,87,64,383
RPM-2008-03-13:1731:2,4,al alza,0.018992811078392745,-0.6895408330530359,-0.013096318773013864,30,11,98
RPM-2008-03-13:1731:2,4,al alza en,0.028575315869851025,-0.23792817538107108,-0.006798872765851419,7,2,22
RPM-2008-03-13:1731:2,4,al alza en el,0.03550840263121449,-0.1092622590956094,-0.003879728288362976,3,1,6
RPM-2008-03-13:1731:2,4,al que,0.03017808531889703,0.1600587148984151,0.004830265554237386,5,6,13
RPM-2008-03-13:1731:2,4,alguna,0.023493154487512206,0.35236854575962984,0.008278248682070997,7,12,50
RPM-2008-03-13:1731:2,4,alguna otra,0.042076346097209394,0.22479594238511386,0.009458591873044393,0,2,1
RPM-2008-03-13:1731:2,4,altamente,0.03307565927897048,-0.12636379681914917,-0.004179565888787231,6,3,6
RPM-2008-03-13:1731:2,4,alza,0.015332990109509172,-1.2661318810982651,-0.01941358761021394,61,24,160
RPM-2008-03-13:1731:2,4,alza en,0.023875183678273085,-0.43686568743541,-0.010430248530255452,20,7,38
RPM-2008-03-13:1731:2,4,alza en el,0.031310096151085355,-0.07684673607061057,-0.002406078695267896,4,2,14
RPM-2008-03-13:1731:2,4,amplia,0.037576002688089936,0.21782375871951176,0.008184946143174228,1,3,3
RPM-2008-03-13:1731:2,4,analisis,0.01784782796792566,0.10764884594971048,0.0019212980834561637,20,15,131
RPM-2008-03-13:1731:2,4,analisis del,0.03231093841868496,-0.22149551275060386,-0.00715672787249981,9,3,5
RPM-2008-03-13:1731:2,4,analisis del staff,0.03442378341906818,-0.22420261136589253,-0.007717902135648999,9,3,0
RPM-2008-03-13:1731:2,4,anterior,0.015941254649310014,-0.4003227512923194,-0.0063816469202632635,69,37,117
RPM-2008-03-13:1731:2,4,anterior no,0.040627559117172675,-0.1755783997621097,-0.007133321816033689,3,0,1
RPM-2008-03-13:1731:2,4,anteriores,0.023401058998434046,0.03166731985205984,0.000741048820180334,16,10,44
RPM-2008-03-13:1731:2,4,apreciacion,0.05031278078252932,-0.04701739680748501,-0.0023655759785401872,7,8,49
RPM-2008-03-13:1731:2,4,apreciacion de,0.03681128182780442,0.03460051035721764,0.0012736891381454041,0,1,7
RPM-2008-03-13:1731:2,4,apreciacion del,0.03017808531889703,0.02034315938904893,0.0006139175996986399,3,3,18
RPM-2008-03-13:1731:2,4,apreciacion del peso,0.037576002688089936,0.011423197227292403,0.00042923808971932087,1,1,5
RPM-2008-03-13:1731:2,4,apreciacion real,0.038442971694907305,-0.05779270987132491,-0.0022217235097553335,1,0,5
RPM-2008-03-13:1731:2,4,apreciado,0.03071945068076361,-0.18611413674270283,-0.005717324044660355,4,1,17
RPM-2008-03-13:1731:2,4,argumento,0.05470717428484246,-0.12427642153745189,-0.00679881185254593,6,3,8
RPM-2008-03-13:1731:2,4,aumento,0.026796319505458265,-0.5480841057004775,-0.014686636812213355,63,30,134
RPM-2008-03-13:1731:2,4,aumento en,0.02529942384979429,-0.1286898514638376,-0.0032557790973506973,13,6,33
RPM-2008-03-13:1731:2,4,aumento en las,0.034943470553387444,-0.22649351730417783,-0.007914469552451687,5,1,5
RPM-2008-03-13:1731:2,4,aun,0.018764976364122717,-0.2099203454362275,-0.003939150320459286,40,27,77
RPM-2008-03-13:1731:2,4,ausencia,0.038442971694907305,-0.24848460699485572,-0.009552486713323404,5,0,1
RPM-2008-03-13:1731:2,4,ausencia de,0.038442971694907305,-0.24848460699485572,-0.009552486713323404,5,0,1
RPM-2008-03-13:1731:2,4,banco,0.015999484843383482,-0.18453075255321924,-0.002952396978613379,59,37,125
RPM-2008-03-13:1731:2,4,banco central,0.018501725854287644,-0.19769597470088163,-0.0036577167264118977,49,30,71
RPM-2008-03-13:1731:2,4,banco central de,0.02295921350966635,-0.16982285498158328,-0.003898999186343276,26,14,35
RPM-2008-03-13:1731:2,4,banco central de chile,0.023132360387205432,-0.17015783159841918,-0.003936152283240044,26,14,33
RPM-2008-03-13:1731:2,4,breve,0.042076346097209394,0.12184734272147403,0.005126890963374029,1,2,0
RPM-2008-03-13:1731:2,4,cambiaria,0.050664788085499346,0.2839271224913628,0.014385107492750512,2,9,14
RPM-2008-03-13:1731:2,4,cambiario,0.07798898317212233,0.036982930461938096,0.0028842611414518606,3,4,9
RPM-2008-03-13:1731:2,4,cambiarios,0.06362170300805241,0.21141091296424358,0.013450322317272322,0,3,4
RPM-2008-03-13:1731:2,4,cambio,0.032178001465842536,0.3314434858883002,0.010665188974757683,32,33,180
RPM-2008-03-13:1731:2,4,cambio el,0.034943470553387444,0.055235079991594244,0.0019301053912002734,1,2,8
RPM-2008-03-13:1731:2,4,cambio en,0.026219107271644154,0.0376403726115543,0.0009868969672469988,5,5,35
RPM-2008-03-13:1731:2,4,cambio en los,0.042076346097209394,-0.0043887974715875674,-0.000184664561365076,0,0,3
RPM-2008-03-13:1731:2,4,cambio real,0.02594278373514853,0.2731040967091243,0.0070850805181079,4,6,37
RPM-2008-03-13:1731:2,4,cambio real se,0.037576002688089936,0.06929810883165613,0.0026039459237378595,0,1,6
RPM-2008-03-13:1731:2,4,caso,0.017253802683306542,-0.3118750770788771,-0.005381031041759965,31,17,134
RPM-2008-03-13:1731:2,4,central,0.016237772986282036,-0.4859455842907432,-0.00789067408139927,72,42,99
RPM-2008-03-13:1731:2,4,central de,0.021510426529629624,-0.30009734313082,-0.006455221851152554,36,17,41
RPM-2008-03-13:1731:2,4,central de chile,0.023132360387205432,-0.17015783159841918,-0.003936152283240044,26,14,33
RPM-2008-03-13:1731:2,4,chile,0.029958798898555426,-0.014052781819521326,-0.0004210044644963152,41,30,99
RPM-2008-03-13:1731:2,4,circunstancias,0.0287814482025148,-0.07463114830488972,-0.0021479925292313836,9,4,17
RPM-2008-03-13:1731:2,4,clara,0.0287814482025148,-0.054550369519275776,-0.001570038634747078,11,4,15
RPM-2008-03-13:1731:2,4,clara de,0.042076346097209394,-0.005412268558787556,-0.00022772848505058988,0,0,3
RPM-2008-03-13:1731:2,4,coherencia,0.042076346097209394,0.017223178681299925,0.0007246884270884541,1,1,1
RPM-2008-03-13:1731:2,4,comenta,0.018290221057007318,-0.3945797309205829,-0.007216950503151927,26,10,119
RPM-2008-03-13:1731:2,4,comenta el,0.027459556918785807,-0.4280180234015706,-0.011753185275861623,13,2,22
RPM-2008-03-13:1731:2,4,comenta el senor,0.029678406283982463,-0.2621514246236166,-0.007780236487904498,8,1,17
RPM-2008-03-13:1731:2,4,comenta el senor consejero,0.0394438139625069,-0.1107531329327636,-0.004368525971164724,3,1,1
RPM-2008-03-13:1731:2,4,como,0.012307880247007921,-0.33519033216661587,-0.004125482468261515,77,57,257
RPM-2008-03-13:1731:2,4,compensaciones,0.05250120804652602,-0.43405303107855975,-0.02278830848788069,11,1,9
RPM-2008-03-13:1731:2,4,compensaciones inflacionarias,0.05470717428484246,-0.3965002716192336,-0.02169140946346079,10,1,6
RPM-2008-03-13:1731:2,4,componente,0.024177220607263402,-0.0795497349965153,-0.0019232914922600922,10,6,46
RPM-2008-03-13:1731:2,4,componente de,0.02992344000994872,-0.06475340241431278,-0.0019376445525847571,1,1,23
RPM-2008-03-13:1731:2,4,comunicado,0.021112794752522777,-0.19827986396805597,-0.004186242071515702,47,28,25
RPM-2008-03-13:1731:2,4,con,0.027166035079756866,-0.14896532734031667,-0.004046797308194508,98,68,416
RPM-2008-03-13:1731:2,4,con nuestra,0.0394438139625069,0.12187889979325137,0.004807368649400028,2,3,0
RPM-2008-03-13:1731:2,4,con su,0.026507715812975577,0.251099918123861,0.006656085270288743,3,7,33
RPM-2008-03-13:1731:2,4,con una,0.02026997688248797,0.25016671855937267,0.005070873601966358,27,24,63
RPM-2008-03-13:1731:2,4,conjunto,0.027126528889814296,-0.024652731096622887,-0.000668743022305364,10,9,20
RPM-2008-03-13:1731:2,4,consecuencia,0.02157913217731298,0.7270430086681888,0.015688957182642155,21,19,53
RPM-2008-03-13:1731:2,4,consecuencia el,0.034943470553387444,0.7562483293874829,0.026425941228999956,2,7,2
RPM-2008-03-13:1731:2,4,consecuencia el consejero,0.042076346097209394,0.065671017081679,0.0027631964432844754,1,2,0
RPM-2008-03-13:1731:2,4,consecuencia el consejero senor,0.042076346097209394,0.065671017081679,0.0027631964432844754,1,2,0
RPM-2008-03-13:1731:2,4,consejero,0.04852278682904267,-0.16068732702517308,-0.007796996915371141,31,21,199
RPM-2008-03-13:1731:2,4,consejero senor,0.04705515388692798,-0.13374551242033167,-0.006293415668624744,31,21,195
RPM-2008-03-13:1731:2,4,consejero senor manuel,0.0660172757563927,-0.18943520301838507,-0.012505996035632962,11,6,35
RPM-2008-03-13:1731:2,4,consejero senor manuel marfan,0.0660172757563927,-0.18943520301838507,-0.012505996035632962,11,6,35
RPM-2008-03-13:1731:2,4,consejero senor marfan,0.054443844748841876,0.04791609914846957,0.0026087366630093917,8,4,35
RPM-2008-03-13:1731:2,4,consejero senor marfan que,0.05828453184020149,0.036138933673177394,0.002106340830345238,5,2,5
RPM-2008-03-13:1731:2,4,consejo,0.02049982825250294,-0.32900554139021854,-0.0067445570926212275,50,24,36
RPM-2008-03-13:1731:2,4,consejo del,0.027810595009565498,-0.10353451647842907,-0.0028793565072927764,18,9,8
RPM-2008-03-13:1731:2,4,considera,0.02208157461857641,0.13815051079559826,0.0030505808127274485,22,19,45
RPM-2008-03-13:1731:2,4,considerablemente,0.034943470553387444,0.027051749321785026,0.0009452820058434138,6,2,3
RPM-2008-03-13:1731:2,4,contenidas,0.03268204645780665,-0.36449234568819733,-0.011912355775296587,8,2,6
RPM-2008-03-13:1731:2,4,contenidas en,0.038442971694907305,-0.17144154399937256,-0.006590722423299084,2,0,4
RPM-2008-03-13:1731:2,4,contenido,0.03394262828578785,-0.12931115874787913,-0.004389160594583765,5,3,5
RPM-2008-03-13:1731:2,4,contenido en,0.03550840263121449,-0.14281781313462968,-0.005071232411693985,4,1,5
RPM-2008-03-13:1731:2,4,contrario,0.026507715812975577,0.6067662729761382,0.016083987928949835,6,11,26
RPM-2008-03-13:1731:2,4,convergencia,0.02636180802952877,-0.21794995161107927,-0.0057455547844163565,16,8,20
RPM-2008-03-13:1731:2,4,corresponde,0.026966209062450577,-0.12510164559551773,-0.0033735171291853308,10,5,25
RPM-2008-03-13:1731:2,4,corrigen,0.040627559117172675,-0.005820422224508135,-0.00023646954801310994,0,0,4
RPM-2008-03-13:1731:2,4,cosa,0.040627559117172675,-0.040838984608848806,-0.00165918826148131,1,0,3
RPM-2008-03-13:1731:2,4,coyuntura,0.04649307137646753,0.39743047122454345,0.01847776326582582,7,11,19
RPM-2008-03-13:1731:2,4,cree,0.021442440326029075,0.21187148454358956,0.004543041664113111,29,23,43
RPM-2008-03-13:1731:2,4,cual,0.018501725854287644,0.7530430157187413,0.013932595433314173,21,24,105
RPM-2008-03-13:1731:2,4,cual esta,0.0394438139625069,0.2348245238508619,0.009262374832607662,0,2,3
RPM-2008-03-13:1731:2,4,cualquier,0.03268204645780665,-0.3276695175638076,-0.010708910395827453,5,0,11
RPM-2008-03-13:1731:2,4,cuando,0.021177398500658116,-0.024192389479988623,-0.0005123318727008482,20,16,63
RPM-2008-03-13:1731:2,4,cuanto,0.016976001031125853,-0.24686416820493598,-0.004190766373995019,25,17,148
RPM-2008-03-13:1731:2,4,cuanto que,0.02799349789663166,-0.2041755610687016,-0.005715588139320288,6,4,24
RPM-2008-03-13:1731:2,4,cuanto que el,0.037576002688089936,-0.042450989036673006,-0.0015951384781541012,1,0,6
RPM-2008-03-13:1731:2,4,dando,0.027810595009565498,0.11335537417268804,0.003152480403274388,6,7,22
RPM-2008-03-13:1731:2,4,de cambio,0.03223642749318131,0.3795517498967561,0.012235392465456867,19,18,101
RPM-2008-03-13:1731:2,4,de cambio el,0.03550840263121449,0.05770575418109242,0.0020490391536001186,1,2,7
RPM-2008-03-13:1731:2,4,de cambio real,0.02594278373514853,0.2731040967091243,0.0070850805181079,4,6,37
RPM-2008-03-13:1731:2,4,de cambio real se,0.037576002688089936,0.06929810883165613,0.0026039459237378595,0,1,6
RPM-2008-03-13:1731:2,4,de chile,0.021177398500658116,-0.31949331104194,-0.006766037166229877,30,14,55
RPM-2008-03-13:1731:2,4,de convergencia,0.038442971694907305,0.2497585710623463,0.009601461677910273,0,3,3
RPM-2008-03-13:1731:2,4,de cualquier,0.038442971694907305,-0.13376619752524593,-0.005142370145198409,2,0,4
RPM-2008-03-13:1731:2,4,de desanclaje,0.03681128182780442,0.25401763720077364,0.009350714832230654,3,4,1
RPM-2008-03-13:1731:2,4,de desanclaje de,0.042076346097209394,-0.06874385944109697,-0.0028924904219015117,2,1,0
RPM-2008-03-13:1731:2,4,de esta,0.021510426529629624,0.5078455740026073,0.01092397490798067,18,17,59
RPM-2008-03-13:1731:2,4,de esta ultima,0.040627559117172675,-0.0017594631994145345,-7.148269514870378e-05,0,0,4
RPM-2008-03-13:1731:2,4,de estabilizacion,0.03612721570805321,-0.002433941902122635,-8.793154411885377e-05,2,1,6
RPM-2008-03-13:1731:2,4,de este,0.018588295445063754,0.40927241707644624,0.007607676606132339,24,27,97
RPM-2008-03-13:1731:2,4,de expectativas,0.03764301771507906,-0.051393121856670124,-0.0019345921964838502,20,12,52
RPM-2008-03-13:1731:2,4,de expectativas economicas,0.02992344000994872,-0.1004542666470289,-0.003005937221755762,4,3,18
RPM-2008-03-13:1731:2,4,de inflacion,0.01557497922903341,-0.5964473709722948,-0.009289655414105076,67,40,129
RPM-2008-03-13:1731:2,4,de inflacion que,0.03017808531889703,-0.25965560496410045,-0.007835909000136447,8,2,14
RPM-2008-03-13:1731:2,4,de la,0.023733876643505635,0.131414029670288,0.003118964369420605,104,70,389
RPM-2008-03-13:1731:2,4,de la politica,0.021048827504865246,-0.05865157467095211,-0.0012345468781375945,40,26,35
RPM-2008-03-13:1731:2,4,de la politica monetaria,0.02157913217731298,0.07938580752107308,0.0017130768334999629,35,25,33
RPM-2008-03-13:1731:2,4,de las,0.021867181564076615,0.20687492966042162,0.004523771647940018,70,55,231
RPM-2008-03-13:1731:2,4,de las compensaciones,0.038442971694907305,-0.07607822405516035,-0.0029246730139513453,3,1,2
RPM-2008-03-13:1731:2,4,de las compensaciones inflacionarias,0.0394438139625069,-0.07723623182340134,-0.0030464915592072974,3,1,1
RPM-2008-03-13:1731:2,4,de las principales,0.03349468357335072,0.20254219708963658,0.006784086801768614,3,3,8
RPM-2008-03-13:1731:2,4,de los,0.02737070339144288,-0.5856813915112102,-0.016030511648940867,81,53,311
RPM-2008-03-13:1731:2,4,de los activos,0.030443127144267987,-0.14945685359765362,-0.004549933996655616,6,2,15
RPM-2008-03-13:1731:2,4,de los precios,0.023681359639567738,0.16613246653853822,0.0039342426879075765,16,15,36
RPM-2008-03-13:1731:2,4,de los precios de,0.026966209062450577,0.4213261565765302,0.0113615692217215,8,12,20
RPM-2008-03-13:1731:2,4,de los ultimos,0.04739711203769266,0.06503295820851986,0.0030823744063518,7,5,22
RPM-2008-03-13:1731:2,4,de los ultimos meses,0.05250120804652602,-0.0668273977450711,-0.0035085191122219217,5,2,14
RPM-2008-03-13:1731:2,4,de manera,0.04195892660726982,0.35380530655606285,0.01484529089104844,26,24,69
RPM-2008-03-13:1731:2,4,de mayor,0.024386678227128495,-0.23193724029584825,-0.005656178847983032,15,7,38
RPM-2008-03-13:1731:2,4,de opciones,0.0287814482025148,0.5450926423028863,0.01568855565001245,7,14,9
RPM-2008-03-13:1731:2,4,de opciones que,0.042076346097209394,0.10025789965038216,0.004218486084668769,0,2,1
RPM-2008-03-13:1731:2,4,de politica,0.03462773823132924,-0.4605044142532976,-0.01594622631113479,98,69,170
RPM-2008-03-13:1731:2,4,de politica es,0.042076346097209394,0.06208610231609078,0.0026123563288785894,1,1,1
RPM-2008-03-13:1731:2,4,de politica monetaria,0.0295195026604251,-0.640441315040563,-0.018905509103186047,93,57,148
RPM-2008-03-13:1731:2,4,de politica monetaria en,0.03770266575404287,-0.0551222569751878,-0.002078256030343964,70,35,58
RPM-2008-03-13:1731:2,4,de riesgo,0.023401058998434046,-0.03155035772357044,-0.0007383117825109711,22,13,35
RPM-2008-03-13:1731:2,4,de riesgo que,0.03307565927897048,0.021777635289492184,0.0007203096447369271,3,3,9
RPM-2008-03-13:1731:2,4,de riesgo que se,0.040627559117172675,-0.10729911635656081,-0.0043593011929965635,2,0,2
RPM-2008-03-13:1731:2,4,de su,0.023875183678273085,0.11100894890734209,0.0026503590450948247,10,11,44
RPM-2008-03-13:1731:2,4,de un,0.016268183454612093,-0.17268433407984204,-0.0028092604265483935,47,30,135
RPM-2008-03-13:1731:2,4,de un fenomeno,0.0394438139625069,-0.09144233900778066,-0.0036068346081193883,1,0,4
RPM-2008-03-13:1731:2,4,de una,0.018544866365955627,-0.027137190905103983,-0.0005032555788825798,32,25,92
RPM-2008-03-13:1731:2,4,debajo,0.02157913217731298,0.25134970999525325,0.005423908614716855,19,15,59
RPM-2008-03-13:1731:2,4,debe,0.036305207382341005,0.12656119724826795,0.004594830512655733,29,22,44
RPM-2008-03-13:1731:2,4,decir,0.041471941546562,0.21384819853270842,0.00886869998938607,9,13,37
RPM-2008-03-13:1731:2,4,del,0.027433927414526747,-0.019278964026211678,-0.0005288976997223635,102,72,521
RPM-2008-03-13:1731:2,4,del consejero,0.060120951801228166,0.02609696502352723,0.0015689743763378178,0,1,9
RPM-2008-03-13:1731:2,4,del consejero senor,0.060120951801228166,0.02609696502352723,0.0015689743763378178,0,1,9
RPM-2008-03-13:1731:2,4,del consejo,0.03349468357335072,-0.13075852846777666,-0.004379715535545151,6,3,5
RPM-2008-03-13:1731:2,4,del consejo del,0.0394438139625069,0.052567961875415924,0.002073480908602061,1,1,3
RPM-2008-03-13:1731:2,4,del peso,0.026507715812975577,0.5219241241520104,0.013835016358957675,3,13,27
RPM-2008-03-13:1731:2,4,del rango,0.023875183678273085,-0.23973441768585496,-0.005723703256253627,26,14,25
RPM-2008-03-13:1731:2,4,del sesgo,0.042076346097209394,0.18111809915645874,0.007620787824575846,0,2,1
RPM-2008-03-13:1731:2,4,del staff,0.05250120804652602,-0.11849779472340582,-0.006221277373828062,11,6,4
RPM-2008-03-13:1731:2,4,del tipo,0.024493996755111807,0.16751168572613853,0.004103030686619346,3,8,48
RPM-2008-03-13:1731:2,4,del tipo de,0.02460311904005036,0.17328025314752218,0.004263234695478549,3,8,47
RPM-2008-03-13:1731:2,4,del tipo de cambio,0.024714106753278897,0.14616812391821324,0.0036124146184412205,3,7,47
RPM-2008-03-13:1731:2,4,desalineamiento,0.03681128182780442,0.10234216193537046,0.0037673461658697194,3,4,1
RPM-2008-03-13:1731:2,4,desalineamientos,0.06878843717227341,0.21240428212781448,0.014610958616271003,0,2,2
RPM-2008-03-13:1731:2,4,desanclaje,0.03349468357335072,0.33591022317994484,0.011251206634465872,5,6,3
RPM-2008-03-13:1731:2,4,desanclaje de,0.03612721570805321,0.05398981195383256,0.0019505015824933386,4,3,2
RPM-2008-03-13:1731:2,4,desanclaje de expectativas,0.03681128182780442,0.11811866757378763,0.004348099561183439,3,3,2
RPM-2008-03-13:1731:2,4,desconocer,0.042076346097209394,0.07049574704030179,0.0029662034508490627,0,1,2
RPM-2008-03-13:1731:2,4,desequilibrios,0.06362170300805241,0.18300914028171622,0.011643353170762349,1,2,4
RPM-2008-03-13:1731:2,4,destaca,0.03322894777654412,-0.07533253600677925,-0.0025032209048438973,16,17,93
RPM-2008-03-13:1731:2,4,destaca dos,0.042076346097209394,-0.003588892419440475,-0.0001510074795460286,0,0,3
RPM-2008-03-13:1731:2,4,destaca especialmente,0.038442971694907305,-0.003958895558145867,-0.0001521917098848958,0,0,6
RPM-2008-03-13:1731:2,4,destaca especialmente la,0.042076346097209394,-0.0026022858278293365,-0.00010949467913561022,0,0,3
RPM-2008-03-13:1731:2,4,dias,0.02358657513694166,0.3051531002059129,0.007197516526277453,10,13,45
RPM-2008-03-13:1731:2,4,dias en,0.03550840263121449,0.21970917025656325,0.007801521679240103,0,3,7
RPM-2008-03-13:1731:2,4,diciendo,0.040627559117172675,0.16101087660074642,0.00654147890760462,0,2,2
RPM-2008-03-13:1731:2,4,dificultad,0.0394438139625069,-0.00382434312098966,-0.00015084667859310917,0,0,5
RPM-2008-03-13:1731:2,4,dolares,0.02799349789663166,-0.05182514782953042,-0.0014507671667585845,3,1,30
RPM-2008-03-13:1731:2,4,donde,0.03901893195608087,0.31710907044325864,0.012373257242281563,11,15,48
RPM-2008-03-13:1731:2,4,dos,0.028347191813911782,0.32589833161120096,0.009238302518016543,34,26,137
RPM-2008-03-13:1731:2,4,duradera,0.07124144676275455,0.11892893006800219,0.008472669039990938,1,2,0
RPM-2008-03-13:1731:2,4,economia,0.016028796961426523,-0.4939428980771006,-0.00791731042381644,67,39,114
RPM-2008-03-13:1731:2,4,economia lo,0.042076346097209394,0.11468115254943136,0.004825363865496741,0,1,2
RPM-2008-03-13:1731:2,4,economias,0.032888053282015446,0.33913359118039454,0.01115344361646206,25,25,80
RPM-2008-03-13:1731:2,4,economias que,0.0623269180395446,0.20475272172732284,0.012761606105472533,1,3,4
RPM-2008-03-13:1731:2,4,economicas,0.027459556918785807,0.10957510317778743,0.0030088837825922817,7,7,23
RPM-2008-03-13:1731:2,4,efecto,0.03795422056657187,0.05819189723259932,0.0022086281027533577,21,15,124
RPM-2008-03-13:1731:2,4,el analisis,0.025808910474366297,0.024441531510925818,0.0006308092986218873,17,9,22
RPM-2008-03-13:1731:2,4,el analisis del,0.03307565927897048,-0.22250760554081064,-0.007359585747847417,9,3,3
RPM-2008-03-13:1731:2,4,el analisis del staff,0.03442378341906818,-0.22420261136589253,-0.007717902135648999,9,3,0
RPM-2008-03-13:1731:2,4,el banco,0.020158032331424283,-0.09501201913095604,-0.0019152553535157144,31,21,64
RPM-2008-03-13:1731:2,4,el banco central,0.02358657513694166,-0.24014848480060222,-0.005664280280772096,24,15,29
RPM-2008-03-13:1731:2,4,el banco central de,0.031310096151085355,-0.4671951396912235,-0.014627924745051962,11,0,9
RPM-2008-03-13:1731:2,4,el comunicado,0.026809752741965894,-0.44341105677466447,-0.011887740795182556,23,10,8
RPM-2008-03-13:1731:2,4,el consejero,0.04295398720922898,-0.10845549665067324,-0.0046585960159035945,31,21,191
RPM-2008-03-13:1731:2,4,el consejero senor,0.043103171936747696,-0.11255610412643036,-0.004851525108692005,31,21,189
RPM-2008-03-13:1731:2,4,el consejero senor manuel,0.05335322294249676,-0.18921261307545384,-0.010095102728947066,11,6,34
RPM-2008-03-13:1731:2,4,el consejero senor marfan,0.05473070794770708,0.10760799820817814,0.005889461922769184,7,4,35
RPM-2008-03-13:1731:2,4,el contrario,0.02921445016239836,0.2608820919552639,0.007621526873689284,4,6,18
RPM-2008-03-13:1731:2,4,el efecto,0.024074972460731564,-0.03390158352170493,-0.0008161796896602371,5,3,55
RPM-2008-03-13:1731:2,4,el equilibrio,0.042076346097209394,-0.007994697944340387,-0.0003363876776487146,0,0,3
RPM-2008-03-13:1731:2,4,el esfuerzo,0.040627559117172675,0.1023281635803581,0.0041573435152127145,1,1,2
RPM-2008-03-13:1731:2,4,el mercado,0.016453699593119715,0.09176019331814914,0.001509794655463417,47,38,121
RPM-2008-03-13:1731:2,4,el mercado cambiario,0.042076346097209394,0.06669449524393026,0.0028062606646622953,1,2,0
RPM-2008-03-13:1731:2,4,el peso,0.027126528889814296,-0.014721009818180185,-0.0003993298981201047,9,7,23
RPM-2008-03-13:1731:2,4,el senor,0.011890926634551987,0.003868070055892181,4.599493725192133e-05,59,40,318
RPM-2008-03-13:1731:2,4,el senor consejero,0.028575315869851025,-0.16117011776269508,-0.004605487023850099,14,7,10
RPM-2008-03-13:1731:2,4,el sentido,0.02505892883293885,-0.009687784947668775,-0.00024276551355244806,6,7,41
RPM-2008-03-13:1731:2,4,el sentido de,0.03394262828578785,0.06750893635299436,0.002291430732598598,1,3,9
RPM-2008-03-13:1731:2,4,el sesgo,0.028575315869851025,0.5471469025783897,0.015634895568388093,9,13,9
RPM-2008-03-13:1731:2,4,el sesgo al,0.042076346097209394,0.04598664254700605,0.0019349498876564816,1,1,1
RPM-2008-03-13:1731:2,4,el sesgo al alza,0.042076346097209394,0.04598664254700605,0.0019349498876564816,1,1,1
RPM-2008-03-13:1731:2,4,el tipo,0.021718763862524696,0.22031405485126626,0.004784948932909965,16,15,60
RPM-2008-03-13:1731:2,4,el tipo de,0.021718763862524696,0.22031405485126626,0.004784948932909965,16,15,60
RPM-2008-03-13:1731:2,4,el tipo de cambio,0.021861464620409315,0.26061708788154936,0.005697471246196596,15,15,59
RPM-2008-03-13:1731:2,4,elevado,0.04263016616853533,-0.2766227444787361,-0.011792473563124808,20,8,25
RPM-2008-03-13:1731:2,4,elevado que,0.040627559117172675,-0.1066645066544708,-0.004333518549808571,2,0,2
RPM-2008-03-13:1731:2,4,elevar,0.06279769892410139,-0.8641238214464451,-0.0542649875723378,19,2,4
RPM-2008-03-13:1731:2,4,elevar la,0.06707143957274994,-0.8042269566875713,-0.05394065972824702,15,1,2
RPM-2008-03-13:1731:2,4,elevar la tasa,0.06941298501864684,-0.5612611402942087,-0.03895881112279055,12,1,2
RPM-2008-03-13:1731:2,4,elevar la tasa de,0.07224217490570602,-0.6882834959928372,-0.049723096702225356,11,0,1
RPM-2008-03-13:1731:2,4,en,0.031906201737585745,0.3553108836977367,0.011336620734819855,106,80,660
RPM-2008-03-13:1731:2,4,en chile,0.025423096600829267,0.20484338376068392,0.005207753133388608,14,12,25
RPM-2008-03-13:1731:2,4,en conjunto,0.03681128182780442,-0.19667208213735127,-0.007239751443219136,4,0,4
RPM-2008-03-13:1731:2,4,en consecuencia,0.022874341410673488,0.8445334990976474,0.019318147591110297,18,17,41
RPM-2008-03-13:1731:2,4,en consecuencia el,0.034943470553387444,0.7562483293874829,0.026425941228999956,2,7,2
RPM-2008-03-13:1731:2,4,en consecuencia el consejero,0.042076346097209394,0.065671017081679,0.0027631964432844754,1,2,0
RPM-2008-03-13:1731:2,4,en cuanto,0.018248734506147835,-0.19661452823563744,-0.0035879663258236547,19,14,123
RPM-2008-03-13:1731:2,4,en cuanto que,0.02799349789663166,-0.2041755610687016,-0.005715588139320288,6,4,24
RPM-2008-03-13:1731:2,4,en cuanto que el,0.037576002688089936,-0.042450989036673006,-0.0015951384781541012,1,0,6
RPM-2008-03-13:1731:2,4,en dolares,0.03394262828578785,0.02384606028129692,0.0008093979602085509,2,1,10
RPM-2008-03-13:1731:2,4,en el,0.02330046908368441,0.033652848032724975,0.000784127145164438,101,72,406
RPM-2008-03-13:1731:2,4,en el comunicado,0.029442284876668386,-0.32667950756716335,-0.009618191125162169,16,8,3
RPM-2008-03-13:1731:2,4,en el mercado,0.022790564466126775,-0.1842900832673247,-0.004200075023171835,16,8,53
RPM-2008-03-13:1731:2,4,en el sentido,0.025178062874863006,-0.00704368462968092,-0.00017734633447681234,6,7,40
RPM-2008-03-13:1731:2,4,en el sentido de,0.03394262828578785,0.06750893635299436,0.002291430732598598,1,3,9
RPM-2008-03-13:1731:2,4,en esa,0.02665697809048751,0.12172292526692972,0.0032447653519505943,9,9,24
RPM-2008-03-13:1731:2,4,en esta,0.030023273960376917,-0.4032114855103363,-0.012105728893447375,65,38,66
RPM-2008-03-13:1731:2,4,en esta ocasion,0.025178062874863006,-0.5194558099059745,-0.013078891042525511,27,11,15
RPM-2008-03-13:1731:2,4,en esta reunion,0.024281104793395344,-0.28964931664387017,-0.007033005410765162,24,11,26
RPM-2008-03-13:1731:2,4,en esta reunion por,0.0394438139625069,-0.033043604273688625,-0.001303365779622072,3,1,1
RPM-2008-03-13:1731:2,4,en las,0.0326284722003579,0.005787859150173463,0.00018884900138102197,48,37,152
RPM-2008-03-13:1731:2,4,en las actuales,0.042076346097209394,-0.005646225862287347,-0.00023757255352461695,1,1,1
RPM-2008-03-13:1731:2,4,en las proyecciones,0.029678406283982463,-0.23201010862800614,-0.006885690265852872,9,4,13
RPM-2008-03-13:1731:2,4,en las proyecciones de,0.03550840263121449,-0.08516804758645412,-0.0030241813250142485,4,2,4
RPM-2008-03-13:1731:2,4,en los,0.02829979438083177,-0.2780438176229659,-0.007868582867591425,67,44,215
RPM-2008-03-13:1731:2,4,en los dos,0.038442971694907305,-0.02595851395938758,-0.000997922417382593,1,0,5
RPM-2008-03-13:1731:2,4,en los proximos,0.02200737240385612,0.29742637109610076,0.006545572911439397,22,19,46
RPM-2008-03-13:1731:2,4,en muchas,0.042076346097209394,-0.05058347629870126,-0.002128367855544143,1,0,2
RPM-2008-03-13:1731:2,4,en nuestro,0.031008059222095034,0.28840233114197705,0.008942796563840687,6,8,7
RPM-2008-03-13:1731:2,4,en ocasiones,0.0394438139625069,0.04024080669578406,0.0015872508930097084,2,1,2
RPM-2008-03-13:1731:2,4,en ocasiones anteriores,0.0394438139625069,0.04024080669578406,0.0015872508930097084,2,1,2
RPM-2008-03-13:1731:2,4,en opinion,0.03268204645780665,0.07513299196560184,0.0024554999339338134,1,3,12
RPM-2008-03-13:1731:2,4,en opinion del,0.03307565927897048,0.07768786977645822,0.0025695775108351606,1,3,11
RPM-2008-03-13:1731:2,4,en opinion del consejero,0.042076346097209394,-0.013966913261541165,-0.0005876766763023097,0,0,3
RPM-2008-03-13:1731:2,4,en otras,0.028181703048687196,0.23559945357189907,0.006639593838996225,8,8,17
RPM-2008-03-13:1731:2,4,en otras economias,0.0394438139625069,0.1877444204455612,0.0074053559925533925,0,2,3
RPM-2008-03-13:1731:2,4,en su,0.03327323973798227,0.22851784367339592,0.0076035289969516575,57,42,127
RPM-2008-03-13:1731:2,4,en su nivel,0.028181703048687196,-0.05855259640314628,-0.0016501118845630984,11,6,16
RPM-2008-03-13:1731:2,4,en su nivel actual,0.028575315869851025,-0.092120767577197,-0.0026323800316915354,11,5,15
RPM-2008-03-13:1731:2,4,en su opinion,0.01927720499892143,0.28562226822202935,0.005505999016772982,27,28,78
RPM-2008-03-13:1731:2,4,en su opinion si,0.03612721570805321,0.03202601179963077,0.0011570106365539183,0,1,8
RPM-2008-03-13:1731:2,4,en todas,0.03442378341906818,0.32201366360086553,0.011084928613776874,2,5,5
RPM-2008-03-13:1731:2,4,en todas sus,0.042076346097209394,0.34099451538673464,0.014347803246662441,0,3,0
RPM-2008-03-13:1731:2,4,encuentra,0.025677741909777573,-0.14322144525568736,-0.003677603307220878,10,5,34
RPM-2008-03-13:1731:2,4,encuentra por,0.0394438139625069,-0.03469854255369187,-0.0013686428572579512,3,1,1
RPM-2008-03-13:1731:2,4,encuesta,0.02397430962079254,-0.3217832697902772,-0.007714531740743125,13,3,48
RPM-2008-03-13:1731:2,4,encuesta de,0.025808910474366297,-0.14250857532917616,-0.003677991062500193,7,3,38
RPM-2008-03-13:1731:2,4,encuesta de expectativas,0.02763270379632489,-0.17880765838783158,-0.0049409390607453975,7,3,26
RPM-2008-03-13:1731:2,4,encuesta de expectativas economicas,0.02992344000994872,-0.08283662168951948,-0.0024787566797531534,4,3,18
RPM-2008-03-13:1731:2,4,equilibrio,0.0874102574122334,0.20230176859161508,0.01768324966754315,2,4,14
RPM-2008-03-13:1731:2,4,equilibrio estacionario,0.08830193698185611,0.3630243083998906,0.03205574960320903,0,2,1
RPM-2008-03-13:1731:2,4,es,0.03202671823422054,0.05542485195124795,0.0017750761166160068,89,70,426
RPM-2008-03-13:1731:2,4,es altamente,0.042076346097209394,0.04904621940599304,0.002063685702486231,1,1,1
RPM-2008-03-13:1731:2,4,es decir,0.046786234523995586,0.11301070534951987,0.0052873453642048,6,7,23
RPM-2008-03-13:1731:2,4,es la,0.021048827504865246,0.15589300790143823,0.003281365032531968,25,19,57
RPM-2008-03-13:1731:2,4,es que,0.018764976364122717,-0.057921893612396205,-0.0010869029646018453,22,23,99
RPM-2008-03-13:1731:2,4,es una,0.024827024784083315,-0.25450120327704406,-0.006318507681338199,13,8,35
RPM-2008-03-13:1731:2,4,esa,0.01812584207157538,-0.08884903169139306,-0.0016104635166505866,31,25,103
RPM-2008-03-13:1731:2,4,ese,0.03697472121699052,-0.09854345118726238,-0.0036436166354091395,25,24,123
RPM-2008-03-13:1731:2,4,ese aumento,0.042076346097209394,0.017371063784496637,0.0007309108918731805,2,1,0
RPM-2008-03-13:1731:2,4,esfuerzo,0.06878843717227341,0.1023281635803581,0.007038994451401579,1,1,2
RPM-2008-03-13:1731:2,4,especialmente,0.021242651543570596,-0.2352405841576127,-0.00499713375816616,26,15,57
RPM-2008-03-13:1731:2,4,especialmente la,0.03681128182780442,-0.10350445622663412,-0.0038101317085922743,2,0,6
RPM-2008-03-13:1731:2,4,espera,0.02049982825250294,-0.4130207846110728,-0.008466855149241,36,19,55
RPM-2008-03-13:1731:2,4,esta,0.03610217865507316,-0.07571624393013385,-0.002733521365456791,89,64,354
RPM-2008-03-13:1731:2,4,esta ocasion,0.02505892883293885,-0.5251425051391132,-0.013159508663432263,27,11,16
RPM-2008-03-13:1731:2,4,esta reunion,0.020326681374963858,0.001175990593383025,2.390398609165143e-05,32,24,57
RPM-2008-03-13:1731:2,4,esta reunion por,0.038442971694907305,-0.08527019109952541,-0.0032780395428583923,4,1,1
RPM-2008-03-13:1731:2,4,esta senalando,0.040627559117172675,-0.08034676852329153,-0.0032642930880538152,1,0,3
RPM-2008-03-13:1731:2,4,esta ultima,0.03550840263121449,0.002871876437051564,0.00010197574483392465,0,0,10
RPM-2008-03-13:1731:2,4,estabilizacion,0.031310096151085355,0.16218204646244277,0.005077935468718876,3,5,12
RPM-2008-03-13:1731:2,4,estabilizador,0.042076346097209394,0.18083252729320565,0.007608772004021985,0,2,1
RPM-2008-03-13:1731:2,4,estacionario,0.07885746100025147,0.6250182158135374,0.04928734957796278,0,4,3
RPM-2008-03-13:1731:2,4,estado,0.022790564466126775,0.3324557340168936,0.00757685383824551,11,15,51
RPM-2008-03-13:1731:2,4,estan,0.018248734506147835,-0.235059708683393,-0.004289542216855692,29,22,105
RPM-2008-03-13:1731:2,4,este,0.020106821350558954,0.49457061530282653,0.009944243007129951,73,61,284
RPM-2008-03-13:1731:2,4,evidencia,0.04513418729615717,0.4653922376125657,0.021005100418583222,13,15,14
RPM-2008-03-13:1731:2,4,evidencia que,0.03681128182780442,0.4135796462929495,0.01522439691793343,0,4,4
RPM-2008-03-13:1731:2,4,exacerbar,0.06878843717227341,0.10678346708658425,0.0073454678167230265,2,1,1
RPM-2008-03-13:1731:2,4,existe,0.021648572658692855,0.14492774587208623,0.003137478836772432,14,15,63
RPM-2008-03-13:1731:2,4,expectativas,0.025352547230911782,-0.2331205721281043,-0.0059102003153749414,67,50,142
RPM-2008-03-13:1731:2,4,expectativas economicas,0.02992344000994872,-0.1004542666470289,-0.003005937221755762,4,3,18
RPM-2008-03-13:1731:2,4,explica,0.03993554319217808,0.00929065313271292,0.00037102727946500144,4,5,59
RPM-2008-03-13:1731:2,4,explica por,0.05470717428484246,-0.016430158353173428,-0.0008988475365546189,0,0,17
RPM-2008-03-13:1731:2,4,explica por la,0.040627559117172675,0.0008243461642470466,3.349117252096142e-05,0,0,4
RPM-2008-03-13:1731:2,4,expuestas,0.034943470553387444,-0.27258351033331363,-0.009525013866671126,6,0,5
RPM-2008-03-13:1731:2,4,factores,0.022626185480694838,0.379217611300713,0.008580248010835971,11,16,52
RPM-2008-03-13:1731:2,4,fenomeno,0.025549170913984707,0.05859419137799837,0.0014970330100832095,4,6,40
RPM-2008-03-13:1731:2,4,fenomeno generalizado,0.042076346097209394,-0.0034761211838788206,-0.00014626247800872652,0,0,3
RPM-2008-03-13:1731:2,4,finalmente,0.02304520977507508,0.15293610624295137,0.003524444650551984,21,15,38
RPM-2008-03-13:1731:2,4,finalmente senala,0.037576002688089936,0.1351243118754604,0.005077431506258603,1,3,3
RPM-2008-03-13:1731:2,4,finalmente senala el,0.042076346097209394,-0.034970364156469175,-0.001471425145393043,1,1,1
RPM-2008-03-13:1731:2,4,forma,0.03532010392138554,0.6753156878739023,0.023852220275448192,23,26,55
RPM-2008-03-13:1731:2,4,fuera,0.02992344000994872,0.09144762040838081,0.0027364273833427456,3,4,18
RPM-2008-03-13:1731:2,4,fuera de,0.0394438139625069,0.17902240209164194,0.007061326323223831,0,2,3
RPM-2008-03-13:1731:2,4,fundamental,0.031008059222095034,-0.35444188760420314,-0.010990555041622283,8,3,10
RPM-2008-03-13:1731:2,4,fundamental que,0.042076346097209394,0.07604954607511251,0.003199887021192106,1,2,0
RPM-2008-03-13:1731:2,4,fundamentales,0.05600195925335026,0.04710286975921464,0.0026378529929714026,1,2,12
RPM-2008-03-13:1731:2,4,fundamentales que,0.042076346097209394,-0.002362826412395491,-9.94191018955803e-05,0,0,3
RPM-2008-03-13:1731:2,4,futuro,0.02295921350966635,-0.041586100737193,-0.0009547841658597073,25,14,36
RPM-2008-03-13:1731:2,4,generalizado,0.03394262828578785,-0.0963237512500205,-0.0032694812837721385,2,0,11
RPM-2008-03-13:1731:2,4,generalizado en,0.040627559117172675,-0.07068562901508335,-0.002871784571544835,1,0,3
RPM-2008-03-13:1731:2,4,grave,0.037576002688089936,0.07557404529314747,0.00283977052908514,0,1,6
RPM-2008-03-13:1731:2,4,ha,0.03550119878030085,-0.030037724802916443,-0.0010663752391363098,86,59,296
RPM-2008-03-13:1731:2,4,ha elevado,0.038442971694907305,-0.04325716877995191,-0.001662934115009519,4,1,1
RPM-2008-03-13:1731:2,4,ha estado,0.027126528889814296,0.1340211978251517,0.0036355298946514946,3,7,29
RPM-2008-03-13:1731:2,4,ha hecho,0.03231093841868496,0.19488453737428546,0.006296902285854445,3,4,10
RPM-2008-03-13:1731:2,4,ha profundizado,0.0394438139625069,0.021391541531002062,0.0008437639845200854,2,1,2
RPM-2008-03-13:1731:2,4,ha senalado,0.03349468357335072,0.027703235812773952,0.000927911117506781,5,3,6
RPM-2008-03-13:1731:2,4,ha senalado en,0.0394438139625069,-0.0049902705801663574,-0.0001968353043866532,2,1,2
RPM-2008-03-13:1731:2,4,ha sido,0.021648572658692855,0.2601827747957597,0.0056325857047063235,16,16,60
RPM-2008-03-13:1731:2,4,ha sido muy,0.040627559117172675,-0.007220775481351575,-0.0002933624827404421,0,0,4
RPM-2008-03-13:1731:2,4,hace,0.014066201184383483,0.3090131124925343,0.004346640608932513,47,44,207
RPM-2008-03-13:1731:2,4,hacer,0.022232572659531012,0.08912462867372697,0.001981469782742356,21,16,47
RPM-2008-03-13:1731:2,4,hacerse,0.06678418240114957,-0.14121804227808138,-0.009431131493832639,2,1,2
RPM-2008-03-13:1731:2,4,han,0.013894768832566778,-0.15562108305517325,-0.002162318974525307,65,42,199
RPM-2008-03-13:1731:2,4,han tenido,0.028575315869851025,0.03178850385771088,0.0009083665387640662,7,5,19
RPM-2008-03-13:1731:2,4,hara,0.037576002688089936,-0.056917454521837794,-0.0021387304241118135,3,2,2
RPM-2008-03-13:1731:2,4,hay,0.04429782069214018,0.35654637543323964,0.015794227407374142,32,31,127
RPM-2008-03-13:1731:2,4,hay que,0.043924951137043144,0.16604802982077635,0.007293651596279884,6,10,31
RPM-2008-03-13:1731:2,4,hay un,0.028375527087392542,0.23737897822969684,0.006735753626734327,3,7,22
RPM-2008-03-13:1731:2,4,hay un componente,0.042076346097209394,-0.07403112370859706,-0.003114959183128254,1,0,2
RPM-2008-03-13:1731:2,4,hay una,0.02799349789663166,0.014174866521503088,0.00039680409615473126,3,5,26
RPM-2008-03-13:1731:2,4,hecho,0.018855153134834365,0.3369920096247221,0.006354035946689711,26,25,91
RPM-2008-03-13:1731:2,4,hemos,0.031008059222095034,0.10994370541338815,0.0034091409285549102,6,6,9
RPM-2008-03-13:1731:2,4,hoy,0.01894660004261049,0.40237676512647713,0.007623671635290782,33,31,76
RPM-2008-03-13:1731:2,4,igual,0.02377754840804089,0.015056833969530423,0.0003580145985823441,17,10,39
RPM-2008-03-13:1731:2,4,imponen,0.042076346097209394,-0.06360825731731747,-0.0026764030495238017,1,0,2
RPM-2008-03-13:1731:2,4,indica,0.03208471648424709,-0.1959266254408707,-0.00628625022898561,60,47,221
RPM-2008-03-13:1731:2,4,indica que,0.0339862798785091,-0.14989512701543678,-0.005094377739171305,54,43,193
RPM-2008-03-13:1731:2,4,indica que en,0.025677741909777573,0.020331993371178067,0.0005220796782964189,10,8,31
RPM-2008-03-13:1731:2,4,indica que la,0.027290907875246236,-0.14967486330016466,-0.0040847629055648675,8,6,24
RPM-2008-03-13:1731:2,4,indica que lo,0.0394438139625069,-0.014572360772424495,-0.0005747894873020452,1,1,3
RPM-2008-03-13:1731:2,4,indica que lo anterior,0.042076346097209394,-0.010289183432191892,-0.0004329312431505789,1,1,1
RPM-2008-03-13:1731:2,4,indicador,0.027810595009565498,0.06648178066787469,0.0018488978776690238,2,2,31
RPM-2008-03-13:1731:2,4,inferior,0.02594278373514853,0.06697257799159077,0.0017374551070212074,10,8,29
RPM-2008-03-13:1731:2,4,inferior al,0.03162687229893375,0.19913386770427657,0.006297981404275924,4,5,10
RPM-2008-03-13:1731:2,4,inflacion,0.03273279349042389,-0.08256070365293189,-0.002702442463095505,94,63,220
RPM-2008-03-13:1731:2,4,inflacion que,0.026507715812975577,-0.22146825670766795,-0.005870617610401984,12,5,26
RPM-2008-03-13:1731:2,4,inflacion su,0.040627559117172675,-0.06625604101564403,-0.0026918212232328953,2,1,1
RPM-2008-03-13:1731:2,4,inflacionarias,0.033580752728171126,-0.1229634043353074,-0.004129203675598083,38,25,59
RPM-2008-03-13:1731:2,4,inflacionarias que,0.03612721570805321,-0.1946223282093627,-0.0070311628328231755,4,0,5
RPM-2008-03-13:1731:2,4,inflacionarias que se,0.040627559117172675,-0.10141780170481482,-0.0041203577342960596,2,0,2
RPM-2008-03-13:1731:2,4,internas,0.02322069675828687,0.21829744305501056,0.005069018728289796,22,17,33
RPM-2008-03-13:1731:2,4,interpretar,0.037576002688089936,0.1274777203547658,0.004790103162722256,1,1,5
RPM-2008-03-13:1731:2,4,intervencion,0.05335322294249676,0.0720264707034208,0.0038428443492008217,10,11,30
RPM-2008-03-13:1731:2,4,intervencion cambiaria,0.07124144676275455,0.04377777515498491,0.0031187920380956967,1,2,0
RPM-2008-03-13:1731:2,4,juicio,0.020985484337865533,0.4132319231885855,0.008671872051980114,25,29,48
RPM-2008-03-13:1731:2,4,justifica,0.03231093841868496,-0.00793868484663561,-0.00025650635720499067,7,5,5
RPM-2008-03-13:1731:2,4,la,0.029424392393219208,0.08361151897551639,0.0024602181429286877,106,80,664
RPM-2008-03-13:1731:2,4,la actual,0.029678406283982463,0.25770389030103713,0.007648240757317027,5,8,13
RPM-2008-03-13:1731:2,4,la actual coyuntura,0.037576002688089936,0.17718934982973844,0.0066580674855031595,2,4,1
RPM-2008-03-13:1731:2,4,la apreciacion,0.05836365644224617,-0.06798060656912802,-0.003967596766536091,3,3,29
RPM-2008-03-13:1731:2,4,la apreciacion de,0.040627559117172675,0.048462561563409404,0.001968915584887036,0,1,3
RPM-2008-03-13:1731:2,4,la apreciacion del,0.03195990032790526,-0.11820931798544429,-0.003777958020644458,3,1,14
RPM-2008-03-13:1731:2,4,la apreciacion del peso,0.040627559117172675,0.0020604028685657846,8.370913934784858e-05,1,1,2
RPM-2008-03-13:1731:2,4,la coyuntura,0.03071945068076361,0.16139465186082863,0.004957955047977738,5,5,12
RPM-2008-03-13:1731:2,4,la cual,0.027810595009565498,0.6089272457703627,0.016934629022409713,2,9,24
RPM-2008-03-13:1731:2,4,la economia,0.01690836892875626,-0.401017470361036,-0.006780551335740976,65,37,90
RPM-2008-03-13:1731:2,4,la encuesta,0.02460311904005036,-0.24718095748968189,-0.0060814225215522705,10,2,46
RPM-2008-03-13:1731:2,4,la encuesta de,0.026219107271644154,-0.10501774382320372,-0.002753471490726624,5,2,38
RPM-2008-03-13:1731:2,4,la encuesta de expectativas,0.028181703048687196,-0.13936599665345673,-0.003927571132772051,5,2,26
RPM-2008-03-13:1731:2,4,la inflacion,0.023633840112361096,0.18699890693254695,0.004419502267630108,88,60,155
RPM-2008-03-13:1731:2,4,la inflacion su,0.042076346097209394,0.02872447449411763,0.001208620930274957,1,1,1
RPM-2008-03-13:1731:2,4,la mayor,0.02505892883293885,0.031738711808214214,0.0007953381204511959,12,6,36
RPM-2008-03-13:1731:2,4,la mayor inflacion,0.040627559117172675,-0.021811510409792272,-0.0008861484286086628,2,1,1
RPM-2008-03-13:1731:2,4,la meta,0.022707854772855363,0.20074635619711412,0.00455851910270396,29,24,25
RPM-2008-03-13:1731:2,4,la minuta,0.025549170913984707,0.5302572759467994,0.01354763377154873,10,14,26
RPM-2008-03-13:1731:2,4,la minuta de,0.027290907875246236,0.28634228099728365,0.007814540811484739,9,11,18
RPM-2008-03-13:1731:2,4,la minuta de opciones,0.030443127144267987,0.3181895183838791,0.009686683964133828,6,10,7
RPM-2008-03-13:1731:2,4,la politica,0.0173972919071729,0.12346882786527985,0.0021480232398087573,60,44,74
RPM-2008-03-13:1731:2,4,la politica monetaria,0.018085389460222603,0.1571509407674272,0.0028421359678192943,57,42,61
RPM-2008-03-13:1731:2,4,la politica monetaria es,0.03681128182780442,0.028014924560456757,0.0010312652833796535,3,3,2
RPM-2008-03-13:1731:2,4,la tasa,0.031081858194957925,0.2888041571398307,0.008976569858334563,96,71,183
RPM-2008-03-13:1731:2,4,la tasa de,0.03341141997678787,-0.05520145819054395,-0.0018443591029353606,92,60,149
RPM-2008-03-13:1731:2,4,la tasa de politica,0.04026827646701656,-0.16552303962520304,-0.006665327521288613,71,45,77
RPM-2008-03-13:1731:2,4,la votacion,0.03307565927897048,0.6483402877439984,0.02144428245425017,1,7,7
RPM-2008-03-13:1731:2,4,las,0.027092238045715037,-0.11286467740827955,-0.0030577567072979455,102,72,458
RPM-2008-03-13:1731:2,4,las actuales,0.03681128182780442,-0.009531688116099255,-0.00035087365753646383,1,1,6
RPM-2008-03-13:1731:2,4,las actuales circunstancias,0.042076346097209394,-0.004368451786203797,-0.00018380848926528355,1,1,1
RPM-2008-03-13:1731:2,4,las compensaciones,0.053548949662869126,-0.33607745529960364,-0.017996594736663624,9,1,9
RPM-2008-03-13:1731:2,4,las compensaciones inflacionarias,0.05533551481496449,-0.3458808918139398,-0.019139497213183393,9,1,6
RPM-2008-03-13:1731:2,4,las politicas,0.03550840263121449,0.06888365730459386,0.002445948638282118,2,2,6
RPM-2008-03-13:1731:2,4,las principales,0.025808910474366297,0.04264446615499359,0.0011006072092213733,12,7,29
RPM-2008-03-13:1731:2,4,las principales noticias,0.03442378341906818,-0.003376126000798945,-0.00011621903024698769,3,2,7
RPM-2008-03-13:1731:2,4,las proyecciones,0.018373998001554023,-0.5090137254189115,-0.009352617173610649,40,19,94
RPM-2008-03-13:1731:2,4,las proyecciones de,0.023681359639567738,-0.2737777893024823,-0.006483430289797885,20,9,38
RPM-2008-03-13:1731:2,4,las proyecciones de inflacion,0.031310096151085355,-0.20467869839674502,-0.006408509726881086,9,2,9
RPM-2008-03-13:1731:2,4,las razones,0.029678406283982463,0.10076910224785804,0.0029906663573841014,9,6,11
RPM-2008-03-13:1731:2,4,lo,0.026614792117286058,0.17177377241796393,0.004571723244106115,99,72,477
RPM-2008-03-13:1731:2,4,lo anterior,0.019133451013178447,-0.6156519126725103,-0.011779545712289091,53,25,58
RPM-2008-03-13:1731:2,4,lo anterior no,0.042076346097209394,-0.14379521840676635,-0.0060503773768069155,2,0,1
RPM-2008-03-13:1731:2,4,lo mas,0.02331025160044604,-0.17865046149531258,-0.004164387205991534,18,9,44
RPM-2008-03-13:1731:2,4,lo que,0.019569223437236313,0.6624541854603561,0.012963713972206092,58,57,324
RPM-2008-03-13:1731:2,4,lo que esta,0.02799349789663166,-0.17640239793688908,-0.004938120155607086,3,2,29
RPM-2008-03-13:1731:2,4,lo que ha,0.02799349789663166,-0.41475906812910124,-0.011610557101280903,9,3,22
RPM-2008-03-13:1731:2,4,lo tanto,0.043649205805796724,-0.3659241296819479,-0.015972297645794394,26,17,62
RPM-2008-03-13:1731:2,4,lo tanto la,0.03612721570805321,-0.3597664201755687,-0.012997359066196878,4,0,5
RPM-2008-03-13:1731:2,4,lo tanto no,0.03612721570805321,-0.06303592542253389,-0.002277312475096637,4,3,2
RPM-2008-03-13:1731:2,4,lograr,0.03550840263121449,0.22755420039765512,0.008080086168144006,3,4,3
RPM-2008-03-13:1731:2,4,los,0.02761365472084975,-0.341920799164005,-0.009441682889991846,101,72,516
RPM-2008-03-13:1731:2,4,los activos,0.02921445016239836,-0.14482138355917984,-0.004230877092439237,6,2,20
RPM-2008-03-13:1731:2,4,los dos,0.031310096151085355,-0.09160816373876793,-0.002868260414885195,3,1,16
RPM-2008-03-13:1731:2,4,los precios,0.016775182245790835,-0.21818382326942093,-0.0036600733984279554,53,32,111
RPM-2008-03-13:1731:2,4,los precios de,0.019181016230448277,0.00914214451676719,0.0001753556223572152,38,27,70
RPM-2008-03-13:1731:2,4,los precios de los,0.023401058998434046,-0.176964327536991,-0.004141152669311333,24,14,32
RPM-2008-03-13:1731:2,4,los proximos,0.019676877198143948,0.19054196572066565,0.0037492708605784916,29,22,74
RPM-2008-03-13:1731:2,4,los supuestos,0.037576002688089936,0.07374489409124912,0.0027710383386056847,0,1,6
RPM-2008-03-13:1731:2,4,los ultimos,0.03125358386706324,0.2967938369602904,0.00927587107466593,25,21,105
RPM-2008-03-13:1731:2,4,los ultimos meses,0.03901893195608087,0.08171101718958089,0.0031882766197824106,14,11,49
RPM-2008-03-13:1731:2,4,luego,0.02246586565333112,0.3664012149754702,0.008231520470856207,11,12,58
RPM-2008-03-13:1731:2,4,luego de,0.026809752741965894,-0.09019973182251677,-0.0024182325075533073,7,2,32
RPM-2008-03-13:1731:2,4,luego de la,0.03550840263121449,-0.05704261229616968,-0.0020254920445486597,1,0,9
RPM-2008-03-13:1731:2,4,macroeconomicos,0.042076346097209394,0.11453329043487741,0.004819142367990104,0,1,2
RPM-2008-03-13:1731:2,4,manera,0.03891848444730239,0.23368022050668927,0.00909448002743178,29,25,95
RPM-2008-03-13:1731:2,4,manifiesta,0.03125358386706324,0.01680360350600034,0.0005251728314436595,32,29,90
RPM-2008-03-13:1731:2,4,manifiesta que,0.03470922640768846,0.19492003026930943,0.006765523462010949,19,22,69
RPM-2008-03-13:1731:2,4,manifiesta que el,0.03349468357335072,-0.14466068043213645,-0.0048453637165800185,3,2,9
RPM-2008-03-13:1731:2,4,mantener,0.018045187331041053,1.0260921415415005,0.018516024913025467,47,49,65
RPM-2008-03-13:1731:2,4,mantener la,0.019424214066930054,0.7023307784148772,0.013642223385724192,40,40,50
RPM-2008-03-13:1731:2,4,mantener la tasa,0.020985484337865533,0.7421333002863193,0.015574026749767012,30,32,40
RPM-2008-03-13:1731:2,4,mantener la tasa de,0.021861464620409315,0.3927226312290771,0.008585491908248522,26,25,38
RPM-2008-03-13:1731:2,4,manteniendo,0.03612721570805321,-0.06932767649614902,-0.002504615923314506,4,3,2
RPM-2008-03-13:1731:2,4,manuel,0.05801451798872607,-0.22165866522395303,-0.012859420620992032,13,9,62
RPM-2008-03-13:1731:2,4,manuel marfan,0.05801451798872607,-0.22165866522395303,-0.012859420620992032,13,9,62
RPM-2008-03-13:1731:2,4,manuel marfan agradece,0.03394262828578785,0.1255632970660746,0.004261948318651726,6,6,1
RPM-2008-03-13:1731:2,4,manuel marfan agradece el,0.03612721570805321,0.08881153665608096,0.003208513542137912,4,4,1
RPM-2008-03-13:1731:2,4,marfan,0.06358107843327548,-0.19031872313786258,-0.012100669663149282,15,10,96
RPM-2008-03-13:1731:2,4,marfan agradece,0.03394262828578785,0.1255632970660746,0.004261948318651726,6,6,1
RPM-2008-03-13:1731:2,4,marfan agradece el,0.03612721570805321,0.08881153665608096,0.003208513542137912,4,4,1
RPM-2008-03-13:1731:2,4,marfan agradece el analisis,0.03612721570805321,0.08881153665608096,0.003208513542137912,4,4,1
RPM-2008-03-13:1731:2,4,marfan que,0.0657077525420478,0.025010619506468573,0.0016433915974543509,6,4,10
RPM-2008-03-13:1731:2,4,marfan que el,0.042076346097209394,-0.033068566824472026,-0.0013914044626451817,2,1,0
RPM-2008-03-13:1731:2,4,mas,0.02508197087524006,-0.38345851523847607,-0.009617895311074253,95,65,356
RPM-2008-03-13:1731:2,4,mas rapidamente,0.038442971694907305,-0.08445679464324175,-0.0032467701659127414,4,1,1
RPM-2008-03-13:1731:2,4,mayor,0.024038986909372333,0.3071165342178141,0.007382770345713833,62,47,183
RPM-2008-03-13:1731:2,4,mayor inflacion,0.03231093841868496,-0.20830226611455635,-0.006730441692899957,8,2,7
RPM-2008-03-13:1731:2,4,mercado,0.013852608794043582,0.1286906885243469,0.0017827017635638912,68,51,189
RPM-2008-03-13:1731:2,4,mercado cambiario,0.040627559117172675,0.06183554824966801,0.0025122273920561706,1,2,1
RPM-2008-03-13:1731:2,4,meses,0.023597738383599794,-0.13099618835584054,-0.0030912137820698865,69,47,188
RPM-2008-03-13:1731:2,4,meses no,0.0650896091375781,-0.020254982065256083,-0.0013183888657161728,2,1,3
RPM-2008-03-13:1731:2,4,meta,0.041079557073832956,0.004408479205903426,0.0001810983731477156,52,33,42
RPM-2008-03-13:1731:2,4,meta que,0.038442971694907305,-0.21437103751693143,-0.008241059727471307,3,0,3
RPM-2008-03-13:1731:2,4,mezcla,0.042076346097209394,-0.06287713388977172,-0.0026456400471466085,1,1,1
RPM-2008-03-13:1731:2,4,minuta,0.041471941546562,0.5212048142335972,0.02161537558968245,11,15,33
RPM-2008-03-13:1731:2,4,minuta de,0.026809752741965894,0.31129175673253107,0.008345655028611355,10,12,19
RPM-2008-03-13:1731:2,4,minuta de opciones,0.030443127144267987,0.37550798190770274,0.011431637236903677,6,10,7
RPM-2008-03-13:1731:2,4,minutas,0.0394438139625069,-0.08779348566470548,-0.0034629099156786593,2,0,3
RPM-2008-03-13:1731:2,4,modelo,0.030443127144267987,0.17439473704142716,0.005309121153043349,1,3,19
RPM-2008-03-13:1731:2,4,modelos,0.03307565927897048,-0.20063683575179792,-0.006636195618137231,3,1,11
RPM-2008-03-13:1731:2,4,monetaria,0.0336065280450227,-0.3792971982693918,-0.01274686193103885,103,72,183
RPM-2008-03-13:1731:2,4,monetaria en,0.03576947200243787,-0.05521774528211987,-0.0019751095939065325,79,40,69
RPM-2008-03-13:1731:2,4,monetaria en esta,0.02921445016239836,-0.21036372298750855,-0.006145660501195143,16,5,7
RPM-2008-03-13:1731:2,4,monetaria en esta reunion,0.03394262828578785,-0.22441132322864768,-0.007617110127471776,7,1,5
RPM-2008-03-13:1731:2,4,monetaria en su,0.026219107271644154,-0.121054959923794,-0.003173952980006539,19,11,15
RPM-2008-03-13:1731:2,4,monetaria en su nivel,0.03394262828578785,-0.1258174810268049,-0.004270575990347004,6,2,5
RPM-2008-03-13:1731:2,4,monetaria es,0.031008059222095034,-0.057271940769273354,-0.0017758917311379472,10,6,5
RPM-2008-03-13:1731:2,4,muchas,0.03162687229893375,0.11431467570801711,0.0036154156505114813,3,5,11
RPM-2008-03-13:1731:2,4,muchas otras,0.040627559117172675,0.12277995737585207,0.004988249976691371,0,2,2
RPM-2008-03-13:1731:2,4,muestra,0.02130856706524684,0.17323183016286983,0.003691322070860962,16,16,65
RPM-2008-03-13:1731:2,4,muestra un,0.03349468357335072,-0.05622234745238022,-0.0018831497376684565,1,1,12
RPM-2008-03-13:1731:2,4,muestra un aumento,0.042076346097209394,-0.0009117925858814786,-3.836490041241861e-05,0,0,3
RPM-2008-03-13:1731:2,4,muestran,0.019886334818009038,-0.05953837419231585,-0.0011840000437083015,32,21,68
RPM-2008-03-13:1731:2,4,muestran que,0.028575315869851025,0.3751203071286646,0.01071918126539712,8,12,11
RPM-2008-03-13:1731:2,4,mundial,0.02157913217731298,-0.5023893069659026,-0.010841125259485877,31,14,48
RPM-2008-03-13:1731:2,4,mundial en,0.03394262828578785,-0.22620099378038705,-0.007677856249763486,6,1,6
RPM-2008-03-13:1731:2,4,muy,0.015125208437799654,-0.0328908513405409,-0.0004974809822223632,46,37,170
RPM-2008-03-13:1731:2,4,muy significativa,0.038442971694907305,-0.0424814288410435,-0.0016331123664954541,1,0,5
RPM-2008-03-13:1731:2,4,ni,0.04739711203769266,-0.40471324107931717,-0.019182238830574114,9,4,21
RPM-2008-03-13:1731:2,4,ni en,0.06878843717227341,-0.06277756604462073,-0.004318370657688638,2,1,1
RPM-2008-03-13:1731:2,4,nivel,0.03598748463205264,-0.14259166098947917,-0.005131515208517742,36,27,122
RPM-2008-03-13:1731:2,4,nivel actual,0.02607947558643244,-0.0701332474071674,-0.0018290383135524486,15,7,24
RPM-2008-03-13:1731:2,4,nivel de,0.02322069675828687,-0.12448421944628456,-0.0028906103109542112,15,10,47
RPM-2008-03-13:1731:2,4,nivel de las,0.040627559117172675,-0.116026447495933,-0.0047138713547965495,3,0,1
RPM-2008-03-13:1731:2,4,no,0.03132627606201741,0.14372288732297453,0.004502302844709723,88,64,424
RPM-2008-03-13:1731:2,4,no corresponde,0.042076346097209394,-0.007526881824500887,-0.0003167036846804942,1,1,1
RPM-2008-03-13:1731:2,4,no es,0.021510426529629624,0.4920770125336803,0.010584786425025366,16,23,55
RPM-2008-03-13:1731:2,4,no es una,0.037576002688089936,0.060421264311284806,0.0022703895901786306,1,3,3
RPM-2008-03-13:1731:2,4,no han,0.029442284876668386,0.0032790749953510827,9.654346014508664e-05,6,5,16
RPM-2008-03-13:1731:2,4,no hay,0.02665697809048751,-0.05077994995166205,-0.0013536400132975078,13,9,20
RPM-2008-03-13:1731:2,4,no hay una,0.042076346097209394,-0.003946214298670439,-0.00016604227860461383,0,0,3
RPM-2008-03-13:1731:2,4,no se,0.03541369464474046,0.17383780504633545,0.006156238945622845,32,29,132
RPM-2008-03-13:1731:2,4,no significa,0.0394438139625069,-0.0019626078508247153,-7.741273894928556e-05,1,1,3
RPM-2008-03-13:1731:2,4,nos,0.0287814482025148,-0.462833114519963,-0.013321007311964917,12,3,15
RPM-2008-03-13:1731:2,4,noticias,0.02130856706524684,-0.09606035691603373,-0.002046908557656853,29,19,49
RPM-2008-03-13:1731:2,4,nuestra,0.050664788085499346,0.17334104395743255,0.008782287258622547,9,9,7
RPM-2008-03-13:1731:2,4,nuestro,0.026507715812975577,0.4058964751426229,0.010759388412569152,13,15,15
RPM-2008-03-13:1731:2,4,nuestros,0.03550840263121449,0.20282438085199483,0.007201969778719424,2,5,3
RPM-2008-03-13:1731:2,4,ocasion,0.02397430962079254,-0.46415966418904364,-0.011127907502751224,27,11,26
RPM-2008-03-13:1731:2,4,ocasion de,0.0394438139625069,-0.007100361360832849,-0.00028006533258326325,0,0,5
RPM-2008-03-13:1731:2,4,ocasiones,0.03268204645780665,0.020853765330183224,0.0006815437273412459,5,3,8
RPM-2008-03-13:1731:2,4,ocasiones anteriores,0.038442971694907305,0.039838318049917325,0.0015315033331656865,2,1,3
RPM-2008-03-13:1731:2,4,opciones,0.022156634681368054,0.2347125290457193,0.005200439761205991,36,25,24
RPM-2008-03-13:1731:2,4,opciones que,0.03349468357335072,0.26335864338470466,0.008821114426477598,3,6,5
RPM-2008-03-13:1731:2,4,opinion,0.030553158052228205,0.22431067070375285,0.006853399374813076,31,32,98
RPM-2008-03-13:1731:2,4,opinion del,0.03231093841868496,0.0781019853354185,0.002523548438549743,1,3,13
RPM-2008-03-13:1731:2,4,opinion del consejero,0.042076346097209394,-0.013966913261541165,-0.0005876766763023097,0,0,3
RPM-2008-03-13:1731:2,4,opinion del consejero senor,0.042076346097209394,-0.013966913261541165,-0.0005876766763023097,0,0,3
RPM-2008-03-13:1731:2,4,opinion si,0.03612721570805321,0.03202601179963077,0.0011570106365539183,0,1,8
RPM-2008-03-13:1731:2,4,otra,0.018900715589314585,-0.1040172797254155,-0.001966001020464257,33,22,86
RPM-2008-03-13:1731:2,4,otras,0.03574706890897475,0.15433774047385612,0.005517121843974396,19,20,61
RPM-2008-03-13:1731:2,4,otras economias,0.05201255130848521,0.20366634244354692,0.010593206086156503,2,5,15
RPM-2008-03-13:1731:2,4,otros,0.03403695788093983,-0.11313100390439546,-0.003850635214922347,28,14,75
RPM-2008-03-13:1731:2,4,para,0.01769060393675743,-0.20273619771264934,-0.0035865257773786273,96,65,360
RPM-2008-03-13:1731:2,4,para no,0.037576002688089936,0.2376760549619285,0.008930916080144038,1,3,3
RPM-2008-03-13:1731:2,4,parte,0.014973622802553628,-0.227246177250235,-0.003402698541467262,57,36,166
RPM-2008-03-13:1731:2,4,parte de,0.023493154487512206,-0.1823152167025202,-0.004283159551416573,14,8,47
RPM-2008-03-13:1731:2,4,parte de este,0.0394438139625069,0.11466446794912039,0.004522803941894939,1,2,2
RPM-2008-03-13:1731:2,4,particularmente,0.02238716622770952,-0.021526770445636875,-0.0004819233883122173,18,13,51
RPM-2008-03-13:1731:2,4,pendiente,0.03349468357335072,-0.043627521225826235,-0.0014612900185486917,3,2,9
RPM-2008-03-13:1731:2,4,permanente,0.05201255130848521,0.05869919046464517,0.0030530946558089025,2,4,16
RPM-2008-03-13:1731:2,4,pero,0.023597738383599794,0.34717995210577346,0.008192661681822748,54,46,204
RPM-2008-03-13:1731:2,4,peso,0.03858777996919223,0.3914727454551287,0.015106064165558104,14,20,43
RPM-2008-03-13:1731:2,4,planteamiento,0.034943470553387444,-0.010245364642466892,-0.0003580085976927587,1,1,9
RPM-2008-03-13:1731:2,4,politica,0.03606372812873173,-0.3417803302108189,-0.012325872908471128,105,74,216
RPM-2008-03-13:1731:2,4,politica es,0.042076346097209394,0.06208610231609078,0.0026123563288785894,1,1,1
RPM-2008-03-13:1731:2,4,politica monetaria,0.03398833793696789,-0.4310386093412515,-0.01465028591817114,103,71,176
RPM-2008-03-13:1731:2,4,politica monetaria en,0.036358774598771765,-0.01980888158606664,-0.0007202266606415575,78,40,62
RPM-2008-03-13:1731:2,4,politica monetaria en esta,0.029442284876668386,-0.15493105704426996,-0.004561524317740756,15,5,7
RPM-2008-03-13:1731:2,4,politica monetaria en su,0.02636180802952877,-0.12254674072722052,-0.003230553653695422,19,11,14
RPM-2008-03-13:1731:2,4,politica monetaria es,0.031310096151085355,-0.162455506891596,-0.00508649754104918,10,5,5
RPM-2008-03-13:1731:2,4,politicas,0.02992344000994872,-0.20732092385261908,-0.006203755227710994,11,4,10
RPM-2008-03-13:1731:2,4,por,0.031283825600628215,0.31096483951758125,0.009728169807395352,100,79,452
RPM-2008-03-13:1731:2,4,por debajo,0.021861464620409315,0.18218703553251797,0.003982875431591397,19,14,56
RPM-2008-03-13:1731:2,4,por el,0.01460945503466321,0.5246711130688277,0.0076651590343657355,40,36,198
RPM-2008-03-13:1731:2,4,por el contrario,0.02921445016239836,0.2608820919552639,0.007621526873689284,4,6,18
RPM-2008-03-13:1731:2,4,por la,0.01718322999804925,-0.0228247960847731,-0.0003922037207832302,42,30,112
RPM-2008-03-13:1731:2,4,por la mayor,0.038442971694907305,0.16091080269832342,0.006185889433536461,0,2,4
RPM-2008-03-13:1731:2,4,por las,0.023875183678273085,-0.05773339884925752,-0.0013783955018970232,16,9,40
RPM-2008-03-13:1731:2,4,por las razones,0.03394262828578785,-0.2664107112336228,-0.009042679742755223,7,1,5
RPM-2008-03-13:1731:2,4,por lo,0.03370002402645583,-0.3087434031609102,-0.010404660104532414,54,37,128
RPM-2008-03-13:1731:2,4,por lo tanto,0.043649205805796724,-0.3659241296819479,-0.015972297645794394,26,17,62
RPM-2008-03-13:1731:2,4,por lo tanto la,0.03612721570805321,-0.3597664201755687,-0.012997359066196878,4,0,5
RPM-2008-03-13:1731:2,4,por lo tanto no,0.03612721570805321,-0.06303592542253389,-0.002277312475096637,4,3,2
RPM-2008-03-13:1731:2,4,por mantener,0.026219107271644154,0.40211679179169174,0.010543143299715762,12,19,14
RPM-2008-03-13:1731:2,4,por mantener la,0.02665697809048751,0.3102503838771924,0.008270337685579658,12,17,13
RPM-2008-03-13:1731:2,4,por mantener la tasa,0.0287814482025148,0.14424415024046636,0.004151555538661746,10,11,9
RPM-2008-03-13:1731:2,4,por su,0.021510426529629624,0.2666210184717479,0.005735131829091556,17,15,62
RPM-2008-03-13:1731:2,4,por un,0.021242651543570596,-0.46219417401232826,-0.009818229784012322,33,13,52
RPM-2008-03-13:1731:2,4,por un cambio,0.042076346097209394,-0.16291381498466273,-0.006854818063311407,2,0,1
RPM-2008-03-13:1731:2,4,posible,0.02358657513694166,-0.29010836779822124,-0.006842662814928252,19,10,39
RPM-2008-03-13:1731:2,4,precios,0.01484995005151865,-0.839630847570076,-0.012468476148129898,69,36,159
RPM-2008-03-13:1731:2,4,precios de,0.01816654830597234,-0.2365689292751054,-0.004297640881368356,46,28,84
RPM-2008-03-13:1731:2,4,precios de los,0.02238716622770952,-0.26767890959610285,-0.005992572244779984,28,16,38
RPM-2008-03-13:1731:2,4,precios de los activos,0.03231093841868496,-0.21447036434569117,-0.006929738735006553,6,1,10
RPM-2008-03-13:1731:2,4,prima,0.034943470553387444,-0.07137270647589081,-0.0024940100670558557,1,0,10
RPM-2008-03-13:1731:2,4,prima de,0.0394438139625069,-0.07141256708761938,-0.002816784010789102,1,0,4
RPM-2008-03-13:1731:2,4,prima de riesgo,0.0394438139625069,-0.07141256708761938,-0.002816784010789102,1,0,4
RPM-2008-03-13:1731:2,4,primero,0.02636180802952877,0.28276975681784533,0.007454322045788572,8,8,28
RPM-2008-03-13:1731:2,4,primero que,0.038442971694907305,0.07800390758441944,0.0029987020113600017,1,2,3
RPM-2008-03-13:1731:2,4,primero que la,0.042076346097209394,-0.009288051541285619,-0.00039080727121985285,1,1,1
RPM-2008-03-13:1731:2,4,principales,0.023401058998434046,-0.03357014134271334,-0.0007855768581466048,20,11,39
RPM-2008-03-13:1731:2,4,principales noticias,0.03442378341906818,-0.003376126000798945,-0.00011621903024698769,3,2,7
RPM-2008-03-13:1731:2,4,profundidad,0.040627559117172675,-0.03069534109383124,-0.0012470767849114084,1,1,2
RPM-2008-03-13:1731:2,4,profundizado,0.037576002688089936,0.01604880559800415,0.0006030499622912367,2,1,4
RPM-2008-03-13:1731:2,4,profundizar,0.03612721570805321,0.029167870891704167,0.0010537539634492428,2,2,5
RPM-2008-03-13:1731:2,4,pronunciados,0.038442971694907305,-0.02900744374972132,-0.0011151323390121526,2,1,3
RPM-2008-03-13:1731:2,4,propio,0.06878843717227341,0.05952030008462744,0.004094308422846255,0,1,3
RPM-2008-03-13:1731:2,4,proximos,0.019574629051612107,0.1856235223167904,0.0036335115926048136,29,22,76
RPM-2008-03-13:1731:2,4,proyecciones,0.016874815246229146,-0.33312884549708555,-0.0056214877209529324,54,29,110
RPM-2008-03-13:1731:2,4,proyecciones de,0.02246586565333112,-0.3493329332476428,-0.007848066746625632,25,11,45
RPM-2008-03-13:1731:2,4,proyecciones de inflacion,0.030443127144267987,-0.22027673109831564,-0.006705912531749753,10,2,11
RPM-2008-03-13:1731:2,4,prueba,0.042076346097209394,0.042256814069550556,0.0017780123337558366,1,1,1
RPM-2008-03-13:1731:2,4,que de,0.021048827504865246,0.32967156281508536,0.00693919985895408,20,19,62
RPM-2008-03-13:1731:2,4,que el,0.03053929560956039,0.12743261159162272,0.0038917021956948582,76,57,350
RPM-2008-03-13:1731:2,4,que el banco,0.024281104793395344,-0.04619171530080641,-0.0011215858798055635,15,11,35
RPM-2008-03-13:1731:2,4,que el banco central,0.02799349789663166,-0.1441669466713862,-0.004035737118409258,12,8,14
RPM-2008-03-13:1731:2,4,que el tipo,0.028994340164231268,-0.020048529272942556,-0.0005812938775322447,4,3,22
RPM-2008-03-13:1731:2,4,que el tipo de,0.028994340164231268,-0.020048529272942556,-0.0005812938775322447,4,3,22
RPM-2008-03-13:1731:2,4,que en,0.030907475042668196,0.4728537652863351,0.014614715949419087,77,62,281
RPM-2008-03-13:1731:2,4,que en esta,0.028994340164231268,-0.5352961538349025,-0.015520558772893833,12,2,15
RPM-2008-03-13:1731:2,4,que en esta ocasion,0.03442378341906818,-0.3097165014180905,-0.01066161376612787,7,0,5
RPM-2008-03-13:1731:2,4,que en nuestro,0.040627559117172675,0.1133796067345906,0.004606336675291369,0,1,3
RPM-2008-03-13:1731:2,4,que en su,0.028375527087392542,0.07638969876533327,0.002167597966513471,5,8,19
RPM-2008-03-13:1731:2,4,que es,0.016841434076970592,-0.5230695420908278,-0.00880924121079387,43,30,121
RPM-2008-03-13:1731:2,4,que ese,0.05154469489174528,0.15284718939523648,0.007878461742438269,1,3,19
RPM-2008-03-13:1731:2,4,que espera,0.03349468357335072,-0.08222644265773885,-0.00275414867818323,7,4,3
RPM-2008-03-13:1731:2,4,que esta,0.04296578502676167,0.19140992280866642,0.008224077595386207,29,25,108
RPM-2008-03-13:1731:2,4,que existe,0.027459556918785807,0.3424906213837529,0.009404640712037483,4,10,23
RPM-2008-03-13:1731:2,4,que ha,0.01972861152062139,0.0658275729191018,0.0012986866134663364,27,21,76
RPM-2008-03-13:1731:2,4,que hay,0.022309409332846437,0.33927086797331296,0.007568932668326739,9,16,58
RPM-2008-03-13:1731:2,4,que hemos,0.03394262828578785,-0.1546696242528657,-0.005249893563117497,5,2,6
RPM-2008-03-13:1731:2,4,que la,0.023298980012200144,-0.20383283372075986,-0.004749097118690099,95,68,308
RPM-2008-03-13:1731:2,4,que la actual,0.038442971694907305,-0.07838230000710864,-0.00301324854055501,2,1,3
RPM-2008-03-13:1731:2,4,que la apreciacion,0.06678418240114957,-0.2352309510896227,-0.015709706743965254,2,0,3
RPM-2008-03-13:1731:2,4,que la apreciacion del,0.040627559117172675,-0.23527432011376795,-0.009558621349174715,2,0,2
RPM-2008-03-13:1731:2,4,que las,0.01415364524177472,0.19707232740687977,0.0027892918090878533,57,46,191
RPM-2008-03-13:1731:2,4,que lo,0.029334030412828026,0.3144576508142174,0.00922431029253071,30,30,120
RPM-2008-03-13:1731:2,4,que lo anterior,0.031310096151085355,0.0041759970150751224,0.00013075086806864752,5,5,10
RPM-2008-03-13:1731:2,4,que lo que,0.02594278373514853,0.3358150024111509,0.00871197598257087,5,9,33
RPM-2008-03-13:1731:2,4,que lo que esta,0.042076346097209394,-0.0010499157769676172,-4.417661960460997e-05,0,0,3
RPM-2008-03-13:1731:2,4,que los,0.02548012661094862,0.44955264792704247,0.011454658387468251,39,40,177
RPM-2008-03-13:1731:2,4,que muestra,0.03268204645780665,-0.21904307630823655,-0.007158775996166674,5,1,10
RPM-2008-03-13:1731:2,4,que muestran,0.03231093841868496,-0.11752762023440577,-0.0037974276998884774,5,1,11
RPM-2008-03-13:1731:2,4,que nos,0.038442971694907305,-0.13655585009877735,-0.005249612680121303,4,2,0
RPM-2008-03-13:1731:2,4,que por,0.03713750490443674,0.019001803662252507,0.0007056795767000465,14,14,60
RPM-2008-03-13:1731:2,4,que por lo,0.05671142905596629,-0.2662424468265533,-0.015098989634890954,4,2,8
RPM-2008-03-13:1731:2,4,que por lo tanto,0.060120951801228166,-0.3287550513306945,-0.019765066595462975,3,1,6
RPM-2008-03-13:1731:2,4,que respecto,0.031008059222095034,0.025116008681366264,0.0007787986846144581,2,2,17
RPM-2008-03-13:1731:2,4,que respecto del,0.040627559117172675,0.02270665921498011,0.0009225161396100982,1,1,2
RPM-2008-03-13:1731:2,4,que se,0.024067078946560017,0.18933225888905483,0.004556674421813422,83,68,400
RPM-2008-03-13:1731:2,4,que se ha,0.020985484337865533,-0.14218995053239503,-0.002983924979899451,20,14,68
RPM-2008-03-13:1731:2,4,que se trata,0.05746986538287594,0.09715103515518686,0.005583256912175637,1,1,11
RPM-2008-03-13:1731:2,4,que se trata de,0.05828453184020149,0.07016676770521671,0.004089637206438725,1,1,10
RPM-2008-03-13:1731:2,4,que si,0.017694149240261362,-0.051359178383195564,-0.0009087569671694676,26,23,121
RPM-2008-03-13:1731:2,4,que tampoco,0.038442971694907305,-0.24443288393616547,-0.009396726438462571,3,0,3
RPM-2008-03-13:1731:2,4,que un,0.023132360387205432,-0.17621870846533236,-0.004076354671187957,19,11,43
RPM-2008-03-13:1731:2,4,que ya,0.029678406283982463,0.2607517740027821,0.007738697088123744,4,8,14
RPM-2008-03-13:1731:2,4,rango,0.020558585423819394,-0.3444179528710458,-0.007080745905596398,42,22,45
RPM-2008-03-13:1731:2,4,rango que,0.042076346097209394,0.09202139158399282,0.0038719239206349136,0,1,2
RPM-2008-03-13:1731:2,4,rapidamente,0.03394262828578785,-0.0953064750352447,-0.00323495225535003,7,3,3
RPM-2008-03-13:1731:2,4,razones,0.024386678227128495,0.011345237287806856,0.00027667265114816577,21,11,28
RPM-2008-03-13:1731:2,4,real,0.03653664680494787,0.013586601339667131,0.0004964088544270496,12,8,73
RPM-2008-03-13:1731:2,4,real se,0.03612721570805321,0.0657667181307151,0.002375968412319078,0,1,8
RPM-2008-03-13:1731:2,4,reconoce,0.037576002688089936,-0.16427894517148595,-0.0061729460853603355,3,0,4
RPM-2008-03-13:1731:2,4,referencia,0.029442284876668386,-0.1612268984459889,-0.004746888273828489,7,2,18
RPM-2008-03-13:1731:2,4,referencia al,0.042076346097209394,-0.004822405525967117,-0.00020290920393168751,0,0,3
RPM-2008-03-13:1731:2,4,respecto,0.02138522091354731,-0.1309699352509852,-0.0028008209983753055,55,44,273
RPM-2008-03-13:1731:2,4,respecto del,0.034224876414669536,-0.1377594072323709,-0.0047147986874860265,17,12,86
RPM-2008-03-13:1731:2,4,respecto del tipo,0.042076346097209394,0.04470047115972169,0.001880832495224777,0,1,2
RPM-2008-03-13:1731:2,4,respecto del tipo de,0.042076346097209394,0.04470047115972169,0.001880832495224777,0,1,2
RPM-2008-03-13:1731:2,4,reunion,0.01549330993687289,-0.09114868064803733,-0.0014121947596170904,69,50,120
RPM-2008-03-13:1731:2,4,reunion por,0.03550840263121449,-0.08070347126774695,-0.0028656513515118087,5,2,3
RPM-2008-03-13:1731:2,4,reuniones,0.025808910474366297,-0.050940157972151956,-0.0013147099766533464,15,10,23
RPM-2008-03-13:1731:2,4,reuniones en,0.042076346097209394,0.14477810744609498,0.006091733756200861,0,2,1
RPM-2008-03-13:1731:2,4,riesgo,0.01714822924957339,-0.09765098670435157,-0.001674541506453264,58,35,92
RPM-2008-03-13:1731:2,4,riesgo que,0.027126528889814296,0.07754465842115134,0.0021035174169121433,13,10,16
RPM-2008-03-13:1731:2,4,riesgo que se,0.03394262828578785,-0.2560207052970409,-0.008690015633362694,6,2,5
RPM-2008-03-13:1731:2,4,se,0.026864841542873146,0.0049862464203156015,0.0001339547199754971,104,77,614
RPM-2008-03-13:1731:2,4,se corrigen,0.040627559117172675,-0.005820422224508135,-0.00023646954801310994,0,0,4
RPM-2008-03-13:1731:2,4,se encuentra,0.026219107271644154,-0.17554630947132732,-0.004602667519169973,10,4,31
RPM-2008-03-13:1731:2,4,se encuentra por,0.0394438139625069,-0.03469854255369187,-0.0013686428572579512,3,1,1
RPM-2008-03-13:1731:2,4,se estan,0.028375527087392542,0.0926856673673652,0.002630004664995726,5,9,18
RPM-2008-03-13:1731:2,4,se explica,0.049091685301264155,0.10243407176868947,0.0050286612153956104,1,3,25
RPM-2008-03-13:1731:2,4,se explica por,0.05470717428484246,-0.016430158353173428,-0.0008988475365546189,0,0,17
RPM-2008-03-13:1731:2,4,se explica por la,0.040627559117172675,0.0008243461642470466,3.349117252096142e-05,0,0,4
RPM-2008-03-13:1731:2,4,se ha,0.02501940153829776,-0.24399344537490608,-0.006104569982547496,56,39,172
RPM-2008-03-13:1731:2,4,se ha elevado,0.038442971694907305,-0.04325716877995191,-0.001662934115009519,4,1,1
RPM-2008-03-13:1731:2,4,se ha profundizado,0.040627559117172675,0.0812616849792722,0.0033014639104564443,1,1,2
RPM-2008-03-13:1731:2,4,se justifica,0.03442378341906818,-0.029203556828322996,-0.0010052969153246404,5,3,4
RPM-2008-03-13:1731:2,4,se trata,0.04838221549864813,-0.0020479822232257056,-9.908591726150658e-05,4,2,25
RPM-2008-03-13:1731:2,4,se trata de,0.04946436392407382,-0.04195249725227565,-0.0020751535916102696,4,2,22
RPM-2008-03-13:1731:2,4,se trata de un,0.03307565927897048,0.02480253413498166,0.0008203601683036882,1,1,13
RPM-2008-03-13:1731:2,4,se trata de una,0.038442971694907305,0.05221367982083493,0.00200724901543931,0,1,5
RPM-2008-03-13:1731:2,4,segundo,0.0173972919071729,0.04120718872857504,0.0007168934909849849,40,27,111
RPM-2008-03-13:1731:2,4,segundo que,0.040627559117172675,-0.11838639358088159,-0.004809750203876138,2,0,2
RPM-2008-03-13:1731:2,4,senala,0.02584988373714396,0.0970616469928317,0.002509032290100408,80,57,354
RPM-2008-03-13:1731:2,4,senala el,0.021375158655348604,0.03002196548688621,0.0006417242754275928,28,17,51
RPM-2008-03-13:1731:2,4,senala el consejero,0.03442378341906818,0.07720755105237787,0.0026577760157437055,5,3,4
RPM-2008-03-13:1731:2,4,senala el consejero senor,0.03442378341906818,0.07720755105237787,0.0026577760157437055,5,3,4
RPM-2008-03-13:1731:2,4,senala que,0.02404048497659928,0.0863197417120921,0.0020751684538134803,74,54,318
RPM-2008-03-13:1731:2,4,senala que el,0.02246586565333112,0.1359237451225114,0.0030536445970199624,9,12,60
RPM-2008-03-13:1731:2,4,senala que lo,0.03349468357335072,-0.21707273831929144,-0.00727078268240543,3,1,10
RPM-2008-03-13:1731:2,4,senala que lo que,0.040627559117172675,-0.008466308096835254,-0.00034396543270837196,0,0,4
RPM-2008-03-13:1731:2,4,senala que se,0.028575315869851025,0.5992565404657666,0.017123944930883442,4,10,17
RPM-2008-03-13:1731:2,4,senalado,0.027810595009565498,-0.020193738690811536,-0.000561599888459153,9,8,18
RPM-2008-03-13:1731:2,4,senalado en,0.03612721570805321,0.03484784184161376,0.0012589554991721027,3,4,2
RPM-2008-03-13:1731:2,4,senalando,0.027290907875246236,-0.26224672468895655,-0.007156951204071376,8,2,28
RPM-2008-03-13:1731:2,4,senalando que,0.028994340164231268,-0.16303018693572277,-0.0047269526970525584,5,2,22
RPM-2008-03-13:1731:2,4,senor,0.023017690330381545,0.17130584038056768,0.003943064785665677,83,69,708
RPM-2008-03-13:1731:2,4,senor consejero,0.02799349789663166,-0.1066817889435478,-0.002986396434400108,14,7,13
RPM-2008-03-13:1731:2,4,senor manuel,0.05801451798872607,-0.22165866522395303,-0.012859420620992032,13,9,62
RPM-2008-03-13:1731:2,4,senor manuel marfan,0.05801451798872607,-0.22165866522395303,-0.012859420620992032,13,9,62
RPM-2008-03-13:1731:2,4,senor manuel marfan agradece,0.03394262828578785,0.1255632970660746,0.004261948318651726,6,6,1
RPM-2008-03-13:1731:2,4,senor marfan,0.05283899215404583,-0.1382710672608293,-0.007306103838126503,9,4,40
RPM-2008-03-13:1731:2,4,senor marfan que,0.05533551481496449,-0.043186751965533475,-0.002389761153198974,6,2,8
RPM-2008-03-13:1731:2,4,sentido,0.019676877198143948,0.1223460864644638,0.0024073889190347557,18,23,84
RPM-2008-03-13:1731:2,4,sentido de,0.03394262828578785,0.06750893635299436,0.002291430732598598,1,3,9
RPM-2008-03-13:1731:2,4,seria,0.019780761384275886,-0.13147552478281122,-0.0026006859836012392,30,17,76
RPM-2008-03-13:1731:2,4,seria una,0.037576002688089936,-0.25191588985860214,-0.009465992154499402,6,0,1
RPM-2008-03-13:1731:2,4,sesgo,0.050956624901857615,0.7470990430331714,0.038069645700378095,18,23,20
RPM-2008-03-13:1731:2,4,sesgo al,0.03681128182780442,-0.26125531424463244,-0.009617143001670771,6,1,1
RPM-2008-03-13:1731:2,4,sesgo al alza,0.03681128182780442,-0.26125531424463244,-0.009617143001670771,6,1,1
RPM-2008-03-13:1731:2,4,sesgo al alza en,0.042076346097209394,-0.20490135803868254,-0.008621500456623825,3,0,0
RPM-2008-03-13:1731:2,4,si,0.020185813066690775,-0.04027823493413485,-0.0008130489210367001,63,42,310
RPM-2008-03-13:1731:2,4,si se,0.019424214066930054,-0.060975290881192634,-0.0011843971028696139,25,15,90
RPM-2008-03-13:1731:2,4,sido,0.018900715589314585,0.13168870670635052,0.0024890107917813955,30,21,90
RPM-2008-03-13:1731:2,4,sido muy,0.0394438139625069,-0.08347136346014822,-0.003292428931518883,1,0,4
RPM-2008-03-13:1731:2,4,significa,0.028375527087392542,-0.2493223056768376,-0.007074651838224269,5,1,26
RPM-2008-03-13:1731:2,4,significativa,0.02295921350966635,0.20312403271209128,0.004663568035981356,11,12,52
RPM-2008-03-13:1731:2,4,simple,0.0650896091375781,-0.1663575008288983,-0.010828144706057315,2,2,2
RPM-2008-03-13:1731:2,4,sin,0.016147386981973794,-0.6197875108391288,-0.01000794878411369,64,34,118
RPM-2008-03-13:1731:2,4,solamente,0.03017808531889703,0.17452953827047774,0.0052669672965941815,2,4,18
RPM-2008-03-13:1731:2,4,solo,0.020326681374963858,0.5171677617972213,0.010512304311455323,21,17,75
RPM-2008-03-13:1731:2,4,staff,0.05335322294249676,-0.14059919134719762,-0.0075014200014817956,21,15,15
RPM-2008-03-13:1731:2,4,su,0.038484543364035756,0.5649123384825272,0.021740393387209664,91,69,295
RPM-2008-03-13:1731:2,4,su efecto,0.042076346097209394,-0.022012198173394813,-0.0009261928687041205,1,0,2
RPM-2008-03-13:1731:2,4,su juicio,0.02208157461857641,0.36134825918230007,0.007979138548426646,24,25,37
RPM-2008-03-13:1731:2,4,su nivel,0.04325850669865737,0.11816735515092719,0.005111743324359009,13,9,28
RPM-2008-03-13:1731:2,4,su nivel actual,0.02763270379632489,-0.1002817718260153,-0.0027710564970389196,11,5,20
RPM-2008-03-13:1731:2,4,su opinion,0.019133451013178447,0.20527397424554872,0.003927599530507661,28,28,80
RPM-2008-03-13:1731:2,4,su opinion si,0.03612721570805321,0.03202601179963077,0.0011570106365539183,0,1,8
RPM-2008-03-13:1731:2,4,supuestos,0.03442378341906818,0.20974417905328335,0.007220188193140483,0,3,9
RPM-2008-03-13:1731:2,4,supuestos de,0.040627559117172675,0.1875450218976321,0.007619496464277492,0,2,2
RPM-2008-03-13:1731:2,4,sus,0.02939493343025489,0.2580386046110694,0.0075850276049782474,47,31,101
RPM-2008-03-13:1731:2,4,tambien,0.013006685585617203,-0.1660293606869341,-0.002159491692435985,64,46,241
RPM-2008-03-13:1731:2,4,tambien ha,0.031310096151085355,0.008273296967540193,0.00025903772354016636,2,1,17
RPM-2008-03-13:1731:2,4,tampoco,0.028375527087392542,-0.1363679628093552,-0.0038695128225493974,8,5,19
RPM-2008-03-13:1731:2,4,tanto,0.035032406770983,-0.07786909858030111,-0.0027279419363548836,57,44,170
RPM-2008-03-13:1731:2,4,tanto en,0.026966209062450577,0.017246968605199732,0.0004650853611013376,9,7,24
RPM-2008-03-13:1731:2,4,tanto en su,0.038442971694907305,0.32436175572655235,0.01246942979430629,0,4,2
RPM-2008-03-13:1731:2,4,tanto la,0.028375527087392542,-0.23447577402342443,-0.006653373677139012,8,4,20
RPM-2008-03-13:1731:2,4,tanto no,0.03231093841868496,0.0013413578519841651,4.33405309528799e-05,6,4,7
RPM-2008-03-13:1731:2,4,tarea,0.042076346097209394,-0.18499335657981847,-0.0077838444971369105,3,0,0
RPM-2008-03-13:1731:2,4,tasa,0.029609201330141,0.18520280742234568,0.005483707211875565,96,72,217
RPM-2008-03-13:1731:2,4,tasa de,0.03217918817900869,-0.17025294742001046,-0.005478601633059388,94,61,171
RPM-2008-03-13:1731:2,4,tasa de politica,0.038109847491727716,-0.3212412094521946,-0.012242453500281296,83,53,86
RPM-2008-03-13:1731:2,4,tasa de politica monetaria,0.034269153105733356,-0.36769656451862803,-0.012600649865941027,79,50,81
RPM-2008-03-13:1731:2,4,temas,0.03071945068076361,0.20148336101098646,0.006189458171571488,1,4,17
RPM-2008-03-13:1731:2,4,temas de,0.038442971694907305,0.09493380773863566,0.0036495376837861427,1,1,4
RPM-2008-03-13:1731:2,4,tenido,0.02377754840804089,0.008906712727126419,0.0002117797930257623,11,8,47
RPM-2008-03-13:1731:2,4,tipo,0.030218999603012265,0.46133850938165966,0.013941188231858644,24,23,119
RPM-2008-03-13:1731:2,4,tipo de,0.030968036214490086,0.46956197817642653,0.01454141234511518,21,22,112
RPM-2008-03-13:1731:2,4,tipo de cambio,0.032476283550858055,0.3690347075826941,0.01198487580356356,19,18,98
RPM-2008-03-13:1731:2,4,tipo de cambio el,0.03550840263121449,0.05770575418109242,0.0020490391536001186,1,2,7
RPM-2008-03-13:1731:2,4,tipo de cambio real,0.02594278373514853,0.2731040967091243,0.0070850805181079,4,6,37
RPM-2008-03-13:1731:2,4,todas,0.02460311904005036,-0.016430047743608914,-0.0004042304204697209,11,9,38
RPM-2008-03-13:1731:2,4,todas sus,0.042076346097209394,0.34099451538673464,0.014347803246662441,0,3,0
RPM-2008-03-13:1731:2,4,trata,0.04838221549864813,-0.0020479822232257056,-9.908591726150658e-05,4,2,25
RPM-2008-03-13:1731:2,4,trata de,0.04946436392407382,-0.04195249725227565,-0.0020751535916102696,4,2,22
RPM-2008-03-13:1731:2,4,trata de un,0.03307565927897048,0.02480253413498166,0.0008203601683036882,1,1,13
RPM-2008-03-13:1731:2,4,trata de un fenomeno,0.042076346097209394,-0.005482153665612558,-0.00023066899499239914,0,0,3
RPM-2008-03-13:1731:2,4,trata de una,0.038442971694907305,0.05221367982083493,0.00200724901543931,0,1,5
RPM-2008-03-13:1731:2,4,ultima,0.021048827504865246,-0.017906618565100133,-0.00037691332537221034,19,17,65
RPM-2008-03-13:1731:2,4,ultimas,0.022232572659531012,-0.26054686764019086,-0.005792627166023753,23,12,49
RPM-2008-03-13:1731:2,4,ultimas reuniones,0.0394438139625069,-0.054297249598072715,-0.0021416906118221827,3,1,1
RPM-2008-03-13:1731:2,4,ultimos,0.030621226173904448,0.2607853200280651,0.007985566267413435,27,21,112
RPM-2008-03-13:1731:2,4,ultimos meses,0.03858777996919223,0.08289638049763345,0.0031987872908851175,14,11,52
RPM-2008-03-13:1731:2,4,un,0.02638046533538607,-0.08337917763978898,-0.0021995815054194506,100,71,485
RPM-2008-03-13:1731:2,4,un aumento,0.01952410254666556,-1.0838279635738284,-0.021160768303759132,46,10,72
RPM-2008-03-13:1731:2,4,un aumento en,0.03071945068076361,-0.11013095363483759,-0.0033831623986108573,6,1,15
RPM-2008-03-13:1731:2,4,un aumento en las,0.0394438139625069,-0.08685589330849156,-0.003425927697207489,2,0,3
RPM-2008-03-13:1731:2,4,un cambio,0.02505892883293885,0.03862419163888797,0.0009678808695086855,12,12,30
RPM-2008-03-13:1731:2,4,un cambio en,0.03307565927897048,0.08449211523541325,0.002794632415286039,3,3,9
RPM-2008-03-13:1731:2,4,un componente,0.031008059222095034,-0.3593594033901122,-0.011143037662337337,7,0,14
RPM-2008-03-13:1731:2,4,un componente de,0.037576002688089936,-0.12636171141659225,-0.004748168007861515,1,0,6
RPM-2008-03-13:1731:2,4,un fenomeno,0.028994340164231268,-0.0017205159733802954,-4.988522539018175e-05,3,4,22
RPM-2008-03-13:1731:2,4,un fenomeno generalizado,0.042076346097209394,-0.0034761211838788206,-0.00014626247800872652,0,0,3
RPM-2008-03-13:1731:2,4,un indicador,0.037576002688089936,-0.012165862639188379,-0.00045714448723307543,0,0,7
RPM-2008-03-13:1731:2,4,una,0.03048031692920649,0.11486891921973703,0.0035012410631330036,95,70,435
RPM-2008-03-13:1731:2,4,una evidencia,0.042076346097209394,0.01024258951995232,0.0004309707415731637,2,1,0
RPM-2008-03-13:1731:2,4,una forma,0.0394438139625069,0.12349340690682212,0.004871050967628856,1,2,2
RPM-2008-03-13:1731:2,4,una inflacion,0.025677741909777573,0.15495175743862327,0.0039788112359754255,15,10,24
RPM-2008-03-13:1731:2,4,una meta,0.038442971694907305,-0.015384664399129895,-0.0005914322180313986,1,1,4
RPM-2008-03-13:1731:2,4,una politica,0.02992344000994872,-0.040402973410262485,-0.0012089959510655428,10,8,7
RPM-2008-03-13:1731:2,4,una politica monetaria,0.03195990032790526,-0.26456376400892534,-0.008455431528100701,8,5,5
RPM-2008-03-13:1731:2,4,variable,0.031008059222095034,0.34576858204308347,0.010721612669131757,1,6,14
RPM-2008-03-13:1731:2,4,variable de,0.0394438139625069,0.16985378259502393,0.006699681001506217,0,2,3
RPM-2008-03-13:1731:2,4,variables,0.027810595009565498,-0.03736727000632081,-0.001039206012758872,9,6,20
RPM-2008-03-13:1731:2,4,vota,0.027126528889814296,-0.2996338551214204,-0.008128026427317641,24,11,4
RPM-2008-03-13:1731:2,4,vota por,0.028994340164231268,-0.22170965000899395,-0.006428325010053431,17,8,4
RPM-2008-03-13:1731:2,4,vota por mantener,0.03349468357335072,0.2911651803995647,0.009752485585060998,3,7,4
RPM-2008-03-13:1731:2,4,vota por mantener la,0.03394262828578785,0.21119390033603674,0.007168476055331821,3,6,4
RPM-2008-03-13:1731:2,4,votacion,0.03162687229893375,1.181549967392454,0.037368729933530485,1,11,7
RPM-2008-03-13:1731:2,4,voto,0.02460311904005036,-0.1712626360673666,-0.004213595022278242,28,17,13
RPM-2008-03-13:1731:2,4,ya,0.03407678992961456,0.5227745942793918,0.017814480029798317,36,38,139
RPM-2008-03-13:1731:2,4,ya que,0.019325839107364257,0.22169492132364266,0.004284440380420495,17,21,94
RPM-2015-12-17:7212:1,4,25,0.03752867419200983,-1.5307244415927963,-0.05744605884628223,79,29,53
RPM-2015-12-17:7212:1,4,25 puntos,0.03336714698110821,-1.718711423337167,-0.05734849668060094,68,18,35
RPM-2015-12-17:7212:1,4,25 puntos base,0.033456809450327474,-1.719701379377691,-0.05753572136130472,68,18,34
RPM-2015-12-17:7212:1,4,activos,0.023959402793859733,-0.1332674706273052,-0.0031930090080784764,15,8,39
RPM-2015-12-17:7212:1,4,agradeciendo,0.032777673505582375,-0.014770355962606393,-0.0004841379053035442,4,4,7
RPM-2015-12-17:7212:1,4,ahora,0.019813526195542858,-0.1003367844527038,-0.0019880255071301842,27,18,74
RPM-2015-12-17:7212:1,4,ahora en,0.040261536643598,-0.07006264365551595,-0.0028208296948839047,1,0,3
RPM-2015-12-17:7212:1,4,al,0.01019594998907956,-0.007312962666930906,-7.45626016240334e-05,87,64,383
RPM-2015-12-17:7212:1,4,al escenario,0.0287331238781145,0.0203686854646219,0.0005852559626893313,9,6,14
RPM-2015-12-17:7212:1,4,alternativas,0.02738375478696115,-0.08820099242585577,-0.0024152743485562522,15,7,14
RPM-2015-12-17:7212:1,4,alternativas planteadas,0.041697271188154014,0.061622422714742386,0.002569486871207675,1,1,1
RPM-2015-12-17:7212:1,4,alza,0.03188810288598326,-1.2661318810982651,-0.040374543691685,61,24,160
RPM-2015-12-17:7212:1,4,alza de,0.021736400418825866,-1.0042083560692556,-0.0218278749314522,38,9,41
RPM-2015-12-17:7212:1,4,alza de 25,0.03167196666840379,-1.0657157555373837,-0.033753313887372786,18,0,0
RPM-2015-12-17:7212:1,4,alza de 25 puntos,0.032777673505582375,-0.8677834752923191,-0.028443923426671246,15,0,0
RPM-2015-12-17:7212:1,4,alzas,0.022185475401653228,-0.182386795451437,-0.004046337764074214,29,14,39
RPM-2015-12-17:7212:1,4,ambas,0.04901872876334288,0.0776072435864604,0.0038042084234353834,5,3,20
RPM-2015-12-17:7212:1,4,ambas opciones,0.06816870725311888,-0.14014247681834663,-0.009553331475956871,3,0,1
RPM-2015-12-17:7212:1,4,analistas,0.026124308795202625,-0.39592262354543256,-0.010343204876507642,13,5,26
RPM-2015-12-17:7212:1,4,analistas las,0.041697271188154014,-0.005231308869619134,-0.00021813130460550446,0,0,3
RPM-2015-12-17:7212:1,4,ano,0.0225931326928353,0.5353310686429392,0.012094805868447248,48,43,236
RPM-2015-12-17:7212:1,4,ano lo,0.036479641022330284,0.07108982690737213,0.0025933313659205317,1,3,4
RPM-2015-12-17:7212:1,4,ano lo que,0.036479641022330284,0.07108982690737213,0.0025933313659205317,1,3,4
RPM-2015-12-17:7212:1,4,antecedentes,0.0192492171181959,0.29857354301132427,0.005747306955173983,40,31,59
RPM-2015-12-17:7212:1,4,aproxima,0.040261536643598,0.02893861448008785,0.0011651130873050128,1,1,2
RPM-2015-12-17:7212:1,4,argumento,0.032019842181044464,-0.12427642153745189,-0.003979311404454165,6,3,8
RPM-2015-12-17:7212:1,4,asi,0.017962542437168907,-0.060707552727712916,-0.0010904619921282123,29,21,109
RPM-2015-12-17:7212:1,4,asi como,0.023374078576420283,0.02349454615824977,0.0005491633680202633,11,11,46
RPM-2015-12-17:7212:1,4,asi como tambien,0.032019842181044464,0.18828639572190006,0.006028900675852926,0,3,14
RPM-2015-12-17:7212:1,4,asi como tambien las,0.041697271188154014,0.06543765219200427,0.002728571529366103,0,1,2
RPM-2015-12-17:7212:1,4,asunto,0.037237472346868195,0.37737117046570945,0.01405234852472214,0,5,2
RPM-2015-12-17:7212:1,4,asunto que,0.041697271188154014,0.22605968184688247,0.009426071858677275,0,2,1
RPM-2015-12-17:7212:1,4,aumentar,0.038667401952774086,-1.0245570719799035,-0.03961696012580422,35,6,33
RPM-2015-12-17:7212:1,4,aumentar la,0.04423229978067471,-1.1489214399448295,-0.05081943755608415,31,3,10
RPM-2015-12-17:7212:1,4,aumentar la tpm,0.06816870725311888,-0.0031248645992275293,-0.00021301798007037612,1,1,2
RPM-2015-12-17:7212:1,4,basado,0.03809663064225511,0.12273374668901302,0.00467574221495143,0,2,4
RPM-2015-12-17:7212:1,4,basado en,0.03809663064225511,0.12273374668901302,0.00467574221495143,0,2,4
RPM-2015-12-17:7212:1,4,base,0.03227789987207682,-0.6783468546541587,-0.02189561185306518,81,44,113
RPM-2015-12-17:7212:1,4,base para,0.03319292271940032,-0.3381230582712892,-0.011223292542846193,7,0,7
RPM-2015-12-17:7212:1,4,bastante,0.03061942846976656,0.19217525336850944,0.00588429642417634,17,20,119
RPM-2015-12-17:7212:1,4,bastante mas,0.030728700905133688,0.09533465652969195,0.0029295101463945542,2,3,16
RPM-2015-12-17:7212:1,4,bien,0.015655596899967494,0.10681555046047556,0.0016722612006573425,47,34,147
RPM-2015-12-17:7212:1,4,cada,0.04829219769712255,0.29325458981572555,0.014161908626969599,9,9,12
RPM-2015-12-17:7212:1,4,caida,0.01804347595299973,0.6634200569987008,0.011970403845193768,6,20,131
RPM-2015-12-17:7212:1,4,caida del,0.03044269250061797,0.1043559826141826,0.0031768770893233957,0,2,20
RPM-2015-12-17:7212:1,4,caida del precio,0.03462865726395632,0.12288853156073608,0.004255464841087609,0,2,9
RPM-2015-12-17:7212:1,4,caida del precio del,0.037237472346868195,0.13517293121706803,0.005033498288240687,0,2,5
RPM-2015-12-17:7212:1,4,caso,0.017098359440494457,-0.3118750770788771,-0.005332552168426556,31,17,134
RPM-2015-12-17:7212:1,4,certeza,0.03363683180096929,0.016379802220629743,0.0005509646522284659,4,3,6
RPM-2015-12-17:7212:1,4,certeza que,0.041697271188154014,0.05261486545033523,0.0021938963132108634,0,1,2
RPM-2015-12-17:7212:1,4,ciclo,0.04423229978067471,0.44647009594737813,0.01974839912705103,8,12,24
RPM-2015-12-17:7212:1,4,cierta,0.025194054420940346,-0.18828323347258946,-0.004743618030659036,7,6,38
RPM-2015-12-17:7212:1,4,cobre,0.020031653175095535,0.26688888350788226,0.005346225550718372,22,17,76
RPM-2015-12-17:7212:1,4,coherente,0.022263465807115582,0.08067254105516786,0.0017960503593548577,27,15,39
RPM-2015-12-17:7212:1,4,coherente con,0.022422341278454726,0.04426172886538149,0.0009924515901940144,27,14,38
RPM-2015-12-17:7212:1,4,coherente con lo,0.037237472346868195,-0.11057805917230008,-0.004117647420598879,1,1,5
RPM-2015-12-17:7212:1,4,coherentes,0.026882140119740543,-0.0024708072924511243,-6.642058784454788e-05,15,7,17
RPM-2015-12-17:7212:1,4,coherentes con,0.02738375478696115,-0.09802341877950467,-0.0026842492632375586,15,6,15
RPM-2015-12-17:7212:1,4,como,0.03182730349297868,-0.33519033216661587,-0.010668204429779218,77,57,257
RPM-2015-12-17:7212:1,4,como lo,0.029177032959683467,0.2886642491841251,0.008422366312727499,7,8,12
RPM-2015-12-17:7212:1,4,como lo ha,0.036479641022330284,-0.03894726905741784,-0.0014207823940147147,3,2,3
RPM-2015-12-17:7212:1,4,como para,0.029906204416470353,0.031117620031293515,0.0009306099056099165,6,5,13
RPM-2015-12-17:7212:1,4,como tambien,0.029177032959683467,0.27574630337269157,0.008045458982015898,1,5,21
RPM-2015-12-17:7212:1,4,como tambien las,0.041697271188154014,0.06543765219200427,0.002728571529366103,0,1,2
RPM-2015-12-17:7212:1,4,complejo,0.031028016718057418,0.10264949090222208,0.0031850101198142296,6,6,8
RPM-2015-12-17:7212:1,4,comunicacion,0.05362530106739645,-0.19246356893322727,-0.010320916828549923,8,3,7
RPM-2015-12-17:7212:1,4,comunicacion de,0.036479641022330284,0.03072245997214562,0.0011207443111067835,3,3,2
RPM-2015-12-17:7212:1,4,comunicado,0.02092258501491326,-0.19827986396805597,-0.0041485273106170876,47,28,25
RPM-2015-12-17:7212:1,4,comunicado de,0.03518849974641951,0.14880528758535305,0.005236234824463078,1,3,6
RPM-2015-12-17:7212:1,4,comunicar,0.03580173780231218,-0.04522439971775761,-0.001619112100962119,5,3,1
RPM-2015-12-17:7212:1,4,con,0.03360539650160597,-0.14896532734031667,-0.005006038890262866,98,68,416
RPM-2015-12-17:7212:1,4,con bastante,0.03518849974641951,0.17369733532072285,0.006112148639887,0,2,8
RPM-2015-12-17:7212:1,4,con el,0.034024561059113646,-0.5794688079154959,-0.01971617183677259,56,28,125
RPM-2015-12-17:7212:1,4,con el escenario,0.04551541975115609,-0.12943240071330697,-0.005891170047866001,18,9,12
RPM-2015-12-17:7212:1,4,con el escenario base,0.032387606827518546,-0.19502648533238193,-0.0063164411278979985,8,2,6
RPM-2015-12-17:7212:1,4,con el escenario del,0.041697271188154014,0.004081348728974131,0.00017018110476546206,0,0,3
RPM-2015-12-17:7212:1,4,con el ipom,0.040261536643598,-0.26037442136823286,-0.010483074306972734,3,0,1
RPM-2015-12-17:7212:1,4,con la,0.015599647593751273,0.023983972410473064,0.00037414151750163305,53,38,139
RPM-2015-12-17:7212:1,4,con la minuta,0.037237472346868195,-0.2526568112362929,-0.009408301021659354,3,0,4
RPM-2015-12-17:7212:1,4,con la minuta de,0.03809663064225511,-0.2541270262990451,-0.00968138345712937,3,0,3
RPM-2015-12-17:7212:1,4,con lo,0.03564290166134037,0.1351746018865265,0.004818015042152298,16,14,68
RPM-2015-12-17:7212:1,4,con lo que,0.026416819605195152,-0.2230906921220896,-0.005893346569387372,7,3,32
RPM-2015-12-17:7212:1,4,con que,0.028522149906159786,0.06060873622308399,0.0017286914601776983,8,6,16
RPM-2015-12-17:7212:1,4,con que la,0.040261536643598,0.0818439887212984,0.0032951647509607772,0,1,3
RPM-2015-12-17:7212:1,4,con un,0.04227350975811699,0.10071003174911011,0.004257366509886278,25,20,68
RPM-2015-12-17:7212:1,4,con un escenario,0.03809663064225511,0.1562176266807315,0.005951365223465525,1,3,2
RPM-2015-12-17:7212:1,4,con un sesgo,0.06618250924703192,0.06317145825141382,0.004180845619872686,3,2,0
RPM-2015-12-17:7212:1,4,con una,0.020087360273490323,0.25016671855937267,0.005025189004138977,27,24,63
RPM-2015-12-17:7212:1,4,concordancia,0.03580173780231218,-0.04842132785728319,-0.0017335676839862475,1,1,7
RPM-2015-12-17:7212:1,4,concordancia con,0.03580173780231218,-0.04842132785728319,-0.0017335676839862475,1,1,7
RPM-2015-12-17:7212:1,4,concuerda,0.03134193896102636,0.1485272735534664,0.004655132741760409,4,3,12
RPM-2015-12-17:7212:1,4,concuerda con,0.032777673505582375,0.19851448568774122,0.006506842998001387,3,3,9
RPM-2015-12-17:7212:1,4,concuerda con la,0.037237472346868195,0.281315033301966,0.010475460773340264,2,3,2
RPM-2015-12-17:7212:1,4,conocer,0.034113652103511985,-0.12132325265789515,-0.004138779233237921,1,0,11
RPM-2015-12-17:7212:1,4,consejero,0.02546460362034849,-0.16068732702517308,-0.004091839089509344,31,21,199
RPM-2015-12-17:7212:1,4,consejero senor,0.025638910195159754,-0.13374551242033167,-0.003429089181950507,31,21,195
RPM-2015-12-17:7212:1,4,consejero senor pablo,0.06618250924703192,0.07020572428366603,0.004646390996598301,0,1,4
RPM-2015-12-17:7212:1,4,consejero senor pablo garcia,0.06618250924703192,0.07020572428366603,0.004646390996598301,0,1,4
RPM-2015-12-17:7212:1,4,considera,0.045923170777041715,0.13815051079559826,0.006344309500201804,22,19,45
RPM-2015-12-17:7212:1,4,considera que,0.04184991525880507,-0.12987797351703534,-0.005435382185673258,18,12,25
RPM-2015-12-17:7212:1,4,considera que la,0.03518849974641951,0.003839629892616811,0.00013511081550269142,2,3,5
RPM-2015-12-17:7212:1,4,consideraciones,0.029177032959683467,0.3077853085778493,0.008980262092882255,9,9,9
RPM-2015-12-17:7212:1,4,consigna,0.027927807986232726,0.15567937877635335,0.0043477837978819905,1,5,27
RPM-2015-12-17:7212:1,4,consignado,0.032777673505582375,0.01628765612238748,0.0005338714745508166,0,1,14
RPM-2015-12-17:7212:1,4,consignado en,0.03580173780231218,-0.03255379215429346,-0.0011654823311789818,0,0,9
RPM-2015-12-17:7212:1,4,consolidacion,0.037237472346868195,0.0560001623515326,0.0020853044969853245,0,1,6
RPM-2015-12-17:7212:1,4,contemplado,0.0287331238781145,0.2882057404480235,0.008281051242676774,4,9,16
RPM-2015-12-17:7212:1,4,contemplado en,0.032019842181044464,0.0687015100421824,0.002199811509150122,2,4,11
RPM-2015-12-17:7212:1,4,contemplado en el,0.03518849974641951,0.06264329486333468,0.002204323565413335,1,2,7
RPM-2015-12-17:7212:1,4,contemplado en el ipom,0.040261536643598,0.10653153892073858,0.004289123457956203,0,1,3
RPM-2015-12-17:7212:1,4,contexto,0.0518694497504882,0.5260181979487775,0.027284274486346467,17,22,49
RPM-2015-12-17:7212:1,4,contexto donde,0.036479641022330284,0.18545783068480695,0.006765435088161868,1,3,4
RPM-2015-12-17:7212:1,4,contexto donde la,0.041697271188154014,0.10270821494722876,0.004282652291905812,1,2,0
RPM-2015-12-17:7212:1,4,corresponde,0.026723264648401402,-0.12510164559551773,-0.00334312438319954,10,5,25
RPM-2015-12-17:7212:1,4,crecimiento,0.013482668292009524,-0.5932617389294529,-0.007998751236326566,78,45,197
RPM-2015-12-17:7212:1,4,cree,0.035978125911081536,0.21187148454358956,0.007622738947877031,29,23,43
RPM-2015-12-17:7212:1,4,cree que,0.03743280735657058,0.15477916111492504,0.0057938185208265885,26,19,38
RPM-2015-12-17:7212:1,4,cualquier,0.032387606827518546,-0.3276695175638076,-0.010612431504219283,5,0,11
RPM-2015-12-17:7212:1,4,cuanto,0.016823060563526056,-0.24686416820493598,-0.004153010852676121,25,17,148
RPM-2015-12-17:7212:1,4,cuanto que,0.027741298415127458,-0.2041755610687016,-0.005664095168682931,6,4,24
RPM-2015-12-17:7212:1,4,cuanto que las,0.040261536643598,-0.08400679763709065,-0.0033822427613770475,1,1,2
RPM-2015-12-17:7212:1,4,cuatro,0.030168858422670503,0.16425585545074775,0.00495541164818824,4,4,15
RPM-2015-12-17:7212:1,4,dara,0.041697271188154014,-0.0853136833198787,-0.0035573477894492735,1,0,2
RPM-2015-12-17:7212:1,4,dara conocer,0.041697271188154014,-0.0853136833198787,-0.0035573477894492735,1,0,2
RPM-2015-12-17:7212:1,4,de 25,0.022422341278454726,-1.3069894523438892,-0.02930576354779532,43,8,28
RPM-2015-12-17:7212:1,4,de 25 puntos,0.023374078576420283,-1.2631754333484815,-0.029525561834891148,40,5,23
RPM-2015-12-17:7212:1,4,de 25 puntos base,0.023468009144946907,-1.2604028577440802,-0.02957914579185529,40,5,22
RPM-2015-12-17:7212:1,4,de activos,0.02811988582222182,0.1459668516381048,0.004104571201892699,4,6,22
RPM-2015-12-17:7212:1,4,de crecimiento,0.016756037773405102,-0.08017111255999583,-0.0013433501903912023,42,26,124
RPM-2015-12-17:7212:1,4,de diciembre,0.04829219769712255,-0.2504944881825621,-0.012096929345351816,6,0,24
RPM-2015-12-17:7212:1,4,de division,0.0170284225598335,0.10917167725333307,0.0018590214518355186,39,25,120
RPM-2015-12-17:7212:1,4,de division estudios,0.01920028813965018,0.009263092368455735,0.00017785404253854476,30,18,83
RPM-2015-12-17:7212:1,4,de estas,0.027927807986232726,-0.07012072026193379,-0.0019583180113316254,8,5,20
RPM-2015-12-17:7212:1,4,de hecho,0.0379643239171685,0.14882156008549208,0.005649909912943976,15,13,51
RPM-2015-12-17:7212:1,4,de hecho el,0.03809663064225511,0.3305848582547747,0.012594169240854412,0,5,1
RPM-2015-12-17:7212:1,4,de hoy,0.026723264648401402,-0.09566374502172563,-0.002556447575472766,18,8,14
RPM-2015-12-17:7212:1,4,de la,0.02352005301182947,0.131414029670288,0.003090864944343305,104,70,389
RPM-2015-12-17:7212:1,4,de la reunion,0.027927807986232726,-0.18438762932565345,-0.005149542306843504,10,4,19
RPM-2015-12-17:7212:1,4,de la reunion pasada,0.03809663064225511,-0.1624102857905178,-0.00618728467026445,3,0,3
RPM-2015-12-17:7212:1,4,de la tasa,0.018775906021996906,-0.1627580317074669,-0.003055929507664591,54,28,58
RPM-2015-12-17:7212:1,4,de la tpm,0.026723264648401402,0.09540817919350533,0.0025496180222101474,14,14,12
RPM-2015-12-17:7212:1,4,de la tpm en,0.03134193896102636,0.11353784111217366,0.0035584960859044563,6,7,6
RPM-2015-12-17:7212:1,4,de las,0.012798754674850312,0.20687492966042162,0.0026477414731006506,70,55,231
RPM-2015-12-17:7212:1,4,de las noticias,0.034113652103511985,-0.15509118599464153,-0.005290726763342271,6,2,4
RPM-2015-12-17:7212:1,4,de llegada,0.06816870725311888,-0.1126402236043048,-0.0076785384278077054,2,1,1
RPM-2015-12-17:7212:1,4,de lo,0.015353727354257038,0.43309642921795066,0.0066496444923146965,55,48,136
RPM-2015-12-17:7212:1,4,de lo expresado,0.041697271188154014,0.06431828512831968,0.0026818969773525587,0,1,2
RPM-2015-12-17:7212:1,4,de manera,0.019813526195542858,0.35380530655606285,0.007010130709570623,26,24,69
RPM-2015-12-17:7212:1,4,de mantener,0.041098311848921605,0.09171105081916914,0.0037691693665585103,22,15,22
RPM-2015-12-17:7212:1,4,de mantener la,0.026124308795202625,0.20050353372698007,0.005238016229612952,14,14,16
RPM-2015-12-17:7212:1,4,de mantener la tpm,0.03462865726395632,0.24095915851761984,0.008344092114917979,1,6,4
RPM-2015-12-17:7212:1,4,de mantener una,0.03908845610524214,-0.05569663916050585,-0.0021770956350349435,4,1,0
RPM-2015-12-17:7212:1,4,de normalizacion,0.022752368985832157,-0.8428672316981021,-0.019177226261662104,44,12,19
RPM-2015-12-17:7212:1,4,de normalizacion de,0.02756004333975864,-0.5486842719462288,-0.015121762314681982,19,4,12
RPM-2015-12-17:7212:1,4,de opciones,0.059856934292300906,0.5450926423028863,0.032627574473540547,7,14,9
RPM-2015-12-17:7212:1,4,de opciones en,0.037237472346868195,-0.167705180507555,-0.006244917021576619,2,1,4
RPM-2015-12-17:7212:1,4,de opciones en cuanto,0.041697271188154014,-0.09670491532004458,-0.004032331079327369,1,0,2
RPM-2015-12-17:7212:1,4,de politica,0.027598087352240546,-0.4605044142532976,-0.012709041050654873,98,69,170
RPM-2015-12-17:7212:1,4,de politica monetaria,0.029253555071713188,-0.640441315040563,-0.018735185279739525,93,57,148
RPM-2015-12-17:7212:1,4,de politica monetaria del,0.03580173780231218,0.05378330937800477,0.0019255359404919646,4,3,2
RPM-2015-12-17:7212:1,4,de politica monetaria en,0.017803666965829763,-0.0551222569751878,-0.0009813783055911303,70,35,58
RPM-2015-12-17:7212:1,4,de seguir,0.037237472346868195,-0.00655082650793002,-0.00024393622093817527,3,2,2
RPM-2015-12-17:7212:1,4,de septiembre,0.04399286314208711,-0.18837042034260848,-0.008286954122149796,10,5,30
RPM-2015-12-17:7212:1,4,de subir,0.034113652103511985,-0.16605365645643944,-0.005664696666871072,6,3,3
RPM-2015-12-17:7212:1,4,de subir la,0.03462865726395632,-0.05778724762817864,-0.002001094792343571,5,3,3
RPM-2015-12-17:7212:1,4,de subir la tpm,0.041697271188154014,-0.012857295912551667,-0.000536114154412011,2,1,0
RPM-2015-12-17:7212:1,4,de tasas,0.0211825852245521,0.62284891612335,0.013193550247802764,22,22,52
RPM-2015-12-17:7212:1,4,de un,0.027296275226850488,-0.17268433407984204,-0.004713639110408766,47,30,135
RPM-2015-12-17:7212:1,4,de un alza,0.03462865726395632,-0.25208663557625294,-0.008729421704193921,6,1,4
RPM-2015-12-17:7212:1,4,de un sesgo,0.040261536643598,0.026267334479474932,0.0010575632496750253,2,1,1
RPM-2015-12-17:7212:1,4,de una,0.01837779165098685,-0.027137190905103983,-0.0004987216404470562,32,25,92
RPM-2015-12-17:7212:1,4,debe,0.035978125911081536,0.12656119724826795,0.004553434690055411,29,22,44
RPM-2015-12-17:7212:1,4,debe ser,0.03044269250061797,-0.08788831168954461,-0.0026755568471632744,8,6,8
RPM-2015-12-17:7212:1,4,debido,0.02283759049227267,0.012092667323732074,0.00027616738429867997,14,8,52
RPM-2015-12-17:7212:1,4,debido la,0.03462865726395632,0.16852126197650785,0.005835665022673885,1,2,8
RPM-2015-12-17:7212:1,4,debiese,0.03518849974641951,0.20836686949247266,0.0073321175342981005,2,4,4
RPM-2015-12-17:7212:1,4,decision,0.03510614637570138,0.13968607164944846,0.004903839677972248,44,26,33
RPM-2015-12-17:7212:1,4,decision de,0.02460335274420611,0.022909030850307543,0.0005636389670380165,27,15,14
RPM-2015-12-17:7212:1,4,decision de politica,0.03363683180096929,0.07312706867288254,0.0024597629090476808,5,5,3
RPM-2015-12-17:7212:1,4,decision de politica monetaria,0.041697271188154014,-0.12813435869841477,-0.005342853103168002,2,1,0
RPM-2015-12-17:7212:1,4,del,0.029632999048202994,-0.019278964026211678,-0.0005712935226390704,102,72,521
RPM-2015-12-17:7212:1,4,del ano,0.017962542437168907,0.23963790816926434,0.004304506095044796,20,18,121
RPM-2015-12-17:7212:1,4,del cobre,0.02092258501491326,0.23741872860617672,0.004967413533395351,22,16,62
RPM-2015-12-17:7212:1,4,del escenario,0.02310024449847282,-0.48840782956699613,-0.011282340277966053,21,6,44
RPM-2015-12-17:7212:1,4,del informe,0.026568217876771598,-0.1590784730852973,-0.004226431532434325,9,3,29
RPM-2015-12-17:7212:1,4,del ipom,0.04330459670429411,0.007571383196102656,0.00032787569580089486,15,8,25
RPM-2015-12-17:7212:1,4,del ipom en,0.041697271188154014,0.22364104420593647,0.009325221269056874,0,1,2
RPM-2015-12-17:7212:1,4,del ipom que,0.041697271188154014,-0.08074158113870336,-0.003366703604900855,2,0,1
RPM-2015-12-17:7212:1,4,del mes,0.04487823850050184,0.11926777418130177,0.005352527615132456,14,13,66
RPM-2015-12-17:7212:1,4,del mes de,0.05187189126275599,0.06081820404139822,0.003154755266831515,6,7,42
RPM-2015-12-17:7212:1,4,del mes de diciembre,0.03809663064225511,-0.010144145216459951,-0.00038645775349287377,0,0,6
RPM-2015-12-17:7212:1,4,del mes de septiembre,0.05695210692678026,0.001182122376788431,6.732436000339434e-05,1,1,11
RPM-2015-12-17:7212:1,4,del orden,0.026568217876771598,0.1862716670950577,0.00494890623565096,2,4,35
RPM-2015-12-17:7212:1,4,del orden de,0.02738375478696115,0.19860280203433914,0.0054384904309117315,2,4,30
RPM-2015-12-17:7212:1,4,del precio,0.021384721104908775,-0.018458889740630653,-0.0003947382090096484,16,12,65
RPM-2015-12-17:7212:1,4,del precio del,0.023468009144946907,-0.03580205914533045,-0.0008402030514305451,12,8,47
RPM-2015-12-17:7212:1,4,del precio del cobre,0.03134193896102636,0.22429040851202334,0.007029696293127503,1,5,13
RPM-2015-12-17:7212:1,4,del proximo,0.029653853262226162,0.21856858242863197,0.006481400671071436,3,6,16
RPM-2015-12-17:7212:1,4,del proximo ano,0.032387606827518546,0.280569227203303,0.0090869658185613,1,4,11
RPM-2015-12-17:7212:1,4,delineado,0.06304852131527881,0.10638546117702229,0.006707446016655256,1,2,4
RPM-2015-12-17:7212:1,4,delineado en,0.03908845610524214,0.04418584141036823,0.0017271563224423691,1,1,3
RPM-2015-12-17:7212:1,4,delineado en el,0.03908845610524214,0.04418584141036823,0.0017271563224423691,1,1,3
RPM-2015-12-17:7212:1,4,dentro,0.02310024449847282,-0.1814019893074969,-0.00419043030551253,18,12,41
RPM-2015-12-17:7212:1,4,dentro de,0.025194054420940346,-0.17812389384990734,-0.004487663075324367,12,8,31
RPM-2015-12-17:7212:1,4,deteriorado,0.034113652103511985,-0.19560015767630576,-0.006672635730361584,4,0,8
RPM-2015-12-17:7212:1,4,dicen,0.03908845610524214,-0.02261592320855281,-0.0008840215216170435,2,2,1
RPM-2015-12-17:7212:1,4,dicen relacion,0.040261536643598,0.0955822215390823,0.0038482871149722645,1,2,1
RPM-2015-12-17:7212:1,4,diciembre,0.04039523381331603,-0.31738246453621344,-0.012820738863186824,16,4,43
RPM-2015-12-17:7212:1,4,diferencias,0.03167196666840379,-0.023942636823488187,-0.0007583103954272152,5,3,10
RPM-2015-12-17:7212:1,4,directo,0.037237472346868195,0.12655648733556463,0.0047126436974748625,1,2,4
RPM-2015-12-17:7212:1,4,division,0.016689705952186648,0.12497984733861259,0.002085876902030621,41,27,126
RPM-2015-12-17:7212:1,4,division estudios,0.018867823723411323,-0.00986593027522966,-0.0001861486333005002,31,19,88
RPM-2015-12-17:7212:1,4,domestico,0.036479641022330284,0.0777618521676319,0.0028367244523067278,1,2,5
RPM-2015-12-17:7212:1,4,donde,0.04792724805065341,0.31710907044325864,0.015198165078246183,11,15,48
RPM-2015-12-17:7212:1,4,donde la,0.03518849974641951,0.2519302202244408,0.008865046490483145,2,5,3
RPM-2015-12-17:7212:1,4,donde se,0.03319292271940032,-0.11529701916526368,-0.0038270450469298145,2,0,12
RPM-2015-12-17:7212:1,4,dos,0.034819069243976875,0.32589833161120096,0.011347476574866944,34,26,137
RPM-2015-12-17:7212:1,4,dos alternativas,0.041697271188154014,0.0566450516735193,0.0023619440810977313,1,1,1
RPM-2015-12-17:7212:1,4,dos reuniones,0.03908845610524214,0.15591950795989656,0.0060946528428413695,0,2,3
RPM-2015-12-17:7212:1,4,efectos,0.01804347595299973,0.33996562303862393,0.006134161544143982,34,31,92
RPM-2015-12-17:7212:1,4,efectos de,0.022263465807115582,0.43668209417993453,0.0097220568723546,17,20,44
RPM-2015-12-17:7212:1,4,el consejero,0.02581605114712061,-0.10845549665067324,-0.0027998926487201484,31,21,191
RPM-2015-12-17:7212:1,4,el consejero senor,0.02590571361633988,-0.11255610412643036,-0.0029158461992702363,31,21,189
RPM-2015-12-17:7212:1,4,el consejero senor pablo,0.06618250924703192,0.07020572428366603,0.004646390996598301,0,1,4
RPM-2015-12-17:7212:1,4,el escenario,0.03523457106097408,0.07052003795006095,0.0024847432883740115,64,41,86
RPM-2015-12-17:7212:1,4,el escenario base,0.024381464215483633,-0.3088149443066299,-0.007529360513818669,21,8,29
RPM-2015-12-17:7212:1,4,el escenario de,0.02721216782711798,-0.10800757746590214,-0.002939120324602575,12,5,20
RPM-2015-12-17:7212:1,4,el escenario del,0.03809663064225511,0.10708726643263053,0.004079664035772689,0,1,5
RPM-2015-12-17:7212:1,4,el hecho,0.026568217876771598,-0.20076798951411345,-0.0053340476880923615,13,5,23
RPM-2015-12-17:7212:1,4,el hecho que,0.029653853262226162,0.00246291588453644,7.303494623724954e-05,6,5,14
RPM-2015-12-17:7212:1,4,el informe,0.024491452016381355,-0.5332662190845296,-0.013060464016665866,24,4,29
RPM-2015-12-17:7212:1,4,el ipom,0.06375705951115482,0.03339720840998421,0.0021293078041018034,20,16,38
RPM-2015-12-17:7212:1,4,el ipom de,0.031028016718057418,-0.2448998328224266,-0.00759875610706372,9,4,7
RPM-2015-12-17:7212:1,4,el ipom del,0.060617611419131294,-0.017058464650553433,-0.0010340433815942353,0,0,9
RPM-2015-12-17:7212:1,4,el ipom del mes,0.06176540134479744,-0.015402903684607044,-0.0009513665279550133,0,0,8
RPM-2015-12-17:7212:1,4,el ipom que,0.041697271188154014,0.09396837902130385,0.003918224983162549,0,1,2
RPM-2015-12-17:7212:1,4,el lado,0.023660086980936,-0.05663034086702644,-0.0013398787906739001,15,8,42
RPM-2015-12-17:7212:1,4,el lenguaje,0.041697271188154014,-0.00685044806840094,-0.0002856449908684798,0,0,3
RPM-2015-12-17:7212:1,4,el mismo,0.0287331238781145,-0.26340585772586966,-0.007568473140258417,2,0,27
RPM-2015-12-17:7212:1,4,el punto,0.025709059581384686,-0.18252489109019884,-0.004692543300123673,10,4,33
RPM-2015-12-17:7212:1,4,el segundo,0.02166450995391681,0.34050900503910864,0.007376960729068078,16,15,58
RPM-2015-12-17:7212:1,4,el segundo trimestre,0.0270450381793143,0.27125914743938145,0.007336213998986318,9,8,21
RPM-2015-12-17:7212:1,4,el segundo trimestre del,0.041697271188154014,0.14850890464763092,0.006192416070947972,0,2,1
RPM-2015-12-17:7212:1,4,el texto,0.03908845610524214,-0.1700599670680006,-0.006647381557996466,4,0,1
RPM-2015-12-17:7212:1,4,ello,0.03038336305744866,0.1173071510465102,0.003564185759481088,60,41,173
RPM-2015-12-17:7212:1,4,ello lleva,0.041697271188154014,0.10551402801882995,0.004399647040455633,0,1,2
RPM-2015-12-17:7212:1,4,ello se,0.023190233792957867,-0.18567567066980017,-0.004305862212496916,18,7,45
RPM-2015-12-17:7212:1,4,embargo,0.018551697633984225,-0.5811429151601937,-0.01078118764418406,48,25,72
RPM-2015-12-17:7212:1,4,embargo se,0.036479641022330284,0.130536897914221,0.004761939176079357,2,2,4
RPM-2015-12-17:7212:1,4,en,0.03255423089221857,0.3553108836977367,0.011566872546414341,106,80,660
RPM-2015-12-17:7212:1,4,en 25,0.03510614637570138,-0.969110531139836,-0.03402173616042879,58,19,26
RPM-2015-12-17:7212:1,4,en 25 puntos,0.022503274794285554,-1.0958071591923262,-0.024659249624850332,50,12,16
RPM-2015-12-17:7212:1,4,en 25 puntos base,0.022503274794285554,-1.0958071591923262,-0.024659249624850332,50,12,16
RPM-2015-12-17:7212:1,4,en cuanto,0.018084327707199276,-0.19661452823563744,-0.0035556415606096525,19,14,123
RPM-2015-12-17:7212:1,4,en cuanto que,0.027741298415127458,-0.2041755610687016,-0.005664095168682931,6,4,24
RPM-2015-12-17:7212:1,4,en cuanto que las,0.040261536643598,-0.08400679763709065,-0.0033822427613770475,1,1,2
RPM-2015-12-17:7212:1,4,en el,0.028505572086135127,0.033652848032724975,0.0009592936855005924,101,72,406
RPM-2015-12-17:7212:1,4,en el informe,0.02756004333975864,-0.3784582021538223,-0.01043032445364648,16,2,17
RPM-2015-12-17:7212:1,4,en el ipom,0.05766951226549946,0.12059017512884969,0.0069543765836919255,15,13,32
RPM-2015-12-17:7212:1,4,en el ipom del,0.060617611419131294,-0.017058464650553433,-0.0010340433815942353,0,0,9
RPM-2015-12-17:7212:1,4,en ese,0.024062351064873963,0.01846076816985969,0.0004442094846304147,10,8,43
RPM-2015-12-17:7212:1,4,en esta,0.017572475759105075,-0.4032114855103363,-0.007085424054923132,65,38,66
RPM-2015-12-17:7212:1,4,en esta reunion,0.024062351064873963,-0.28964931664387017,-0.006969643542785645,24,11,26
RPM-2015-12-17:7212:1,4,en este,0.031485627199220156,0.24143328574155087,0.007601678428341266,32,30,82
RPM-2015-12-17:7212:1,4,en la,0.01200298733234162,0.04788877315591761,0.0005748083375518604,83,57,263
RPM-2015-12-17:7212:1,4,en la minuta,0.02941102709813259,0.5619879131631829,0.016528641742865356,1,9,16
RPM-2015-12-17:7212:1,4,en la minuta de,0.031028016718057418,0.43264158541642217,0.013424010345227614,1,8,11
RPM-2015-12-17:7212:1,4,en lo,0.019103532486699826,0.218677013690589,0.004177503435132669,17,21,95
RPM-2015-12-17:7212:1,4,en lo que,0.026268902063847868,0.13674133901444963,0.0035920448426499966,5,6,32
RPM-2015-12-17:7212:1,4,en lo que se,0.03319292271940032,-0.13434167579659492,-0.004459192862711107,1,0,13
RPM-2015-12-17:7212:1,4,en otras,0.027927807986232726,0.23559945357189907,0.006579776301017349,8,8,17
RPM-2015-12-17:7212:1,4,en otras ocasiones,0.036479641022330284,0.06405365651508509,0.0023366543958379515,3,2,3
RPM-2015-12-17:7212:1,4,en particular,0.01976013062211336,0.033802267278849135,0.0006679372167536473,30,20,70
RPM-2015-12-17:7212:1,4,en primer,0.023858075823010735,-0.31664057292777076,-0.0075544347975523155,20,13,30
RPM-2015-12-17:7212:1,4,en primer lugar,0.02738375478696115,-0.3171230392063229,-0.008684019542921813,16,8,12
RPM-2015-12-17:7212:1,4,en que,0.018084327707199276,-0.001035004401202494,-1.8717358769739456e-05,33,20,103
RPM-2015-12-17:7212:1,4,en razon,0.028522149906159786,0.20910656056259413,0.00596416866672779,2,8,20
RPM-2015-12-17:7212:1,4,en razon de,0.0287331238781145,0.21321382648930065,0.006126299289043887,2,8,19
RPM-2015-12-17:7212:1,4,en razon de lo,0.032777673505582375,0.1634478965238794,0.0053574417874339315,2,6,7
RPM-2015-12-17:7212:1,4,en segundo,0.023758319876384337,-0.2014887142928935,-0.004787033325651976,19,11,34
RPM-2015-12-17:7212:1,4,en segundo termino,0.03319292271940032,0.23212787769652932,0.007705002705399306,1,4,9
RPM-2015-12-17:7212:1,4,en si,0.03908845610524214,-0.1841285444067124,-0.007197300525763906,4,0,1
RPM-2015-12-17:7212:1,4,en su,0.026602791140357247,0.22851784367339592,0.0060792124670881595,57,42,127
RPM-2015-12-17:7212:1,4,en su opinion,0.019103532486699826,0.28562226822202935,0.005456394279904429,27,28,78
RPM-2015-12-17:7212:1,4,en terreno,0.036479641022330284,0.09120559998818147,0.003327147546795111,0,1,7
RPM-2015-12-17:7212:1,4,en torno,0.017922454272147427,0.13896873756653888,0.0024906608442943493,32,25,103
RPM-2015-12-17:7212:1,4,en torno lo,0.040261536643598,0.03662764583489231,0.0014746853049502464,0,1,3
RPM-2015-12-17:7212:1,4,en un,0.03656378212373149,0.7099708501892443,0.025959219480519942,41,37,95
RPM-2015-12-17:7212:1,4,en un contexto,0.04399286314208711,0.3854861118808948,0.01695863776315149,5,11,29
RPM-2015-12-17:7212:1,4,en un contexto donde,0.036479641022330284,0.18545783068480695,0.006765435088161868,1,3,4
RPM-2015-12-17:7212:1,4,encuestas,0.025576392413784566,-0.2521342331224214,-0.006448684087287688,13,2,33
RPM-2015-12-17:7212:1,4,entender,0.032019842181044464,0.3748016471781187,0.01200108959183887,2,5,10
RPM-2015-12-17:7212:1,4,es,0.030725657200093983,0.05542485195124795,0.0017029650014200046,89,70,426
RPM-2015-12-17:7212:1,4,es del,0.03518849974641951,0.10964126388240725,0.003858111586323202,1,4,5
RPM-2015-12-17:7212:1,4,es en,0.032387606827518546,-0.03100344012534694,-0.001004127229080249,4,2,10
RPM-2015-12-17:7212:1,4,es en el,0.03908845610524214,0.052587110170524934,0.0020555489476020965,1,1,3
RPM-2015-12-17:7212:1,4,es parte,0.03908845610524214,0.15424712786988615,0.006029282087101717,2,2,1
RPM-2015-12-17:7212:1,4,es por,0.023758319876384337,0.1771401725763816,0.004208552883027598,24,21,19
RPM-2015-12-17:7212:1,4,es similar,0.03462865726395632,0.07409482767721998,0.0025658043926663557,1,2,8
RPM-2015-12-17:7212:1,4,es un,0.04688806284532006,-0.006180472299559633,-0.00028979037359551184,19,18,43
RPM-2015-12-17:7212:1,4,es un tema,0.037237472346868195,-0.05232944111978874,-0.0019486161166252006,1,1,5
RPM-2015-12-17:7212:1,4,es un tema que,0.041697271188154014,-0.12624927787651039,-0.005264250376925466,1,0,2
RPM-2015-12-17:7212:1,4,escenario,0.04015924236887131,-0.12898881685904356,-0.005180093159116285,79,49,150
RPM-2015-12-17:7212:1,4,escenario base,0.02301149647527004,-0.41338213015318376,-0.00951254143095961,27,9,36
RPM-2015-12-17:7212:1,4,escenario de,0.022032274600390894,0.20219203339684,0.004454750401810585,25,16,43
RPM-2015-12-17:7212:1,4,escenario del,0.05957930913378454,0.07757835319478606,0.004622064687082081,1,1,8
RPM-2015-12-17:7212:1,4,escenario del informe,0.041697271188154014,-0.0234587715096206,-0.0009781667573775913,1,0,2
RPM-2015-12-17:7212:1,4,escenario del ipom,0.03809663064225511,0.10473708890883959,0.003990130190705096,0,1,5
RPM-2015-12-17:7212:1,4,escenario externo,0.026723264648401402,0.17950549959619538,0.0047969729715526405,11,10,19
RPM-2015-12-17:7212:1,4,escenario que,0.03462865726395632,0.26023122774193747,0.009011457994854115,2,4,5
RPM-2015-12-17:7212:1,4,ese,0.02956221858028734,-0.09854345118726238,-0.0029131630436537263,25,24,123
RPM-2015-12-17:7212:1,4,especifico,0.037237472346868195,-0.01960564220771653,-0.0007300645595524362,0,0,7
RPM-2015-12-17:7212:1,4,esta,0.03101791016717395,-0.07571624393013385,-0.0023485596524207217,89,64,354
RPM-2015-12-17:7212:1,4,esta en,0.024273325036828677,0.13220122659332184,0.0032089633433671403,13,11,35
RPM-2015-12-17:7212:1,4,esta en torno,0.041697271188154014,-0.07165396701227394,-0.0029877748942178286,1,0,2
RPM-2015-12-17:7212:1,4,esta estrategia,0.03518849974641951,-0.08747342694453232,-0.003078058661856121,7,1,2
RPM-2015-12-17:7212:1,4,esta ocasion,0.024833167519291856,-0.5251425051391132,-0.013040951801620182,27,11,16
RPM-2015-12-17:7212:1,4,esta reunion,0.034106001497186775,0.001175990593383025,4.010833693859901e-05,32,24,57
RPM-2015-12-17:7212:1,4,esta reunion con,0.041697271188154014,-0.016416255777931803,-0.0006845130690665227,1,1,1
RPM-2015-12-17:7212:1,4,estas,0.03267523647955386,-0.3990785335274223,-0.013039985456922086,30,15,84
RPM-2015-12-17:7212:1,4,estas noticias,0.03908845610524214,-0.11418210897081776,-0.0044632023545097856,1,0,4
RPM-2015-12-17:7212:1,4,este,0.02808292485907593,0.49457061530282653,0.013888989427056226,73,61,284
RPM-2015-12-17:7212:1,4,este ciclo,0.06304852131527881,0.2996199625035504,0.018890595592388135,2,3,2
RPM-2015-12-17:7212:1,4,este es,0.051543958976074715,0.09599138954425335,0.0049477762447254015,3,5,14
RPM-2015-12-17:7212:1,4,este es un,0.056200503516896795,0.18064249894572956,0.0101521993973005,2,5,7
RPM-2015-12-17:7212:1,4,esten,0.032019842181044464,0.0012484451759838533,3.9975017506689264e-05,5,4,8
RPM-2015-12-17:7212:1,4,estima,0.017497221922623516,-0.21907087716198348,-0.0038331317544870206,44,32,95
RPM-2015-12-17:7212:1,4,estima que,0.018595918630539526,-0.343555048126413,-0.006388721720069867,38,25,81
RPM-2015-12-17:7212:1,4,estrategia,0.04308450985500857,-0.2809800608794724,-0.012105888202022538,30,11,8
RPM-2015-12-17:7212:1,4,estrategia de,0.027741298415127458,-0.13308853204751023,-0.0036920486831612353,23,9,2
RPM-2015-12-17:7212:1,4,estudios,0.018125440496742657,0.01953300221911297,0.00035404426944527444,36,25,94
RPM-2015-12-17:7212:1,4,expansivo,0.032019842181044464,0.053448858909232996,0.001711424027030553,6,5,6
RPM-2015-12-17:7212:1,4,explicar,0.028522149906159786,-0.023609566419395538,-0.0006733955926334356,6,4,20
RPM-2015-12-17:7212:1,4,expresa,0.03717646779990927,0.22932378679461934,0.008525448375523425,10,18,57
RPM-2015-12-17:7212:1,4,expresa que,0.022185475401653228,0.26051086723228467,0.005779557436845202,10,18,54
RPM-2015-12-17:7212:1,4,expresa que su,0.03809663064225511,0.04597230139260955,0.0017513897859286762,1,2,3
RPM-2015-12-17:7212:1,4,expresa su,0.040261536643598,-0.022507913479800808,-0.0009062031833379337,0,0,4
RPM-2015-12-17:7212:1,4,expresado,0.028951250857667178,0.07617235672405524,0.0022052850079378344,2,5,21
RPM-2015-12-17:7212:1,4,externo,0.020087360273490323,-0.10261424399364079,-0.002061249288292103,38,27,49
RPM-2015-12-17:7212:1,4,externo que,0.040261536643598,-0.08289933533581624,-0.0033376546273528843,1,0,3
RPM-2015-12-17:7212:1,4,externos,0.03167196666840379,-0.11334331718138903,-0.003589805763855272,7,4,7
RPM-2015-12-17:7212:1,4,favor,0.03167196666840379,-0.15994418523993062,-0.005065746903724085,10,3,5
RPM-2015-12-17:7212:1,4,favor de,0.032387606827518546,-0.15978531047983469,-0.005175063812633864,10,2,4
RPM-2015-12-17:7212:1,4,fines,0.02180910322256205,0.10274269098818713,0.0022407259531251685,12,10,65
RPM-2015-12-17:7212:1,4,fines del,0.025709059581384686,-0.11814320063936486,-0.0030373505843729167,9,5,33
RPM-2015-12-17:7212:1,4,fines del ano,0.029906204416470353,-0.07941340524077004,-0.002374953530538467,4,3,17
RPM-2015-12-17:7212:1,4,fiscal,0.024381464215483633,-0.037218466601492216,-0.0009074407115994552,10,8,40
RPM-2015-12-17:7212:1,4,garcia,0.04056679528832369,0.3494876437893689,0.014177593701401918,4,8,50
RPM-2015-12-17:7212:1,4,general,0.02292395594567533,0.23744389078680112,0.005443153291966373,7,10,56
RPM-2015-12-17:7212:1,4,gerencia,0.02301149647527004,-0.044348871996016226,-0.0010205339116185297,29,18,25
RPM-2015-12-17:7212:1,4,gerencia de,0.023563331327985645,0.0790692685174944,0.001863135371939185,26,18,22
RPM-2015-12-17:7212:1,4,gerencia de division,0.023959402793859733,0.09788360615316372,0.0023452327467391766,26,18,18
RPM-2015-12-17:7212:1,4,gerencia de division estudios,0.024833167519291856,0.02982952221378743,0.0007407615221554208,24,14,16
RPM-2015-12-17:7212:1,4,globales,0.034113652103511985,-0.09229683036292947,-0.0031485819612578378,3,1,8
RPM-2015-12-17:7212:1,4,gradual,0.022668261517948964,0.09562371240728627,0.002167623320165506,24,17,35
RPM-2015-12-17:7212:1,4,gradual en,0.037237472346868195,-0.15011752310384205,-0.005589997115359666,3,1,3
RPM-2015-12-17:7212:1,4,ha,0.011424591219019056,-0.030037724802916443,-0.0003431687270227101,86,59,296
RPM-2015-12-17:7212:1,4,ha manifestado,0.040261536643598,-0.17664810657516444,-0.007112124215898188,1,0,3
RPM-2015-12-17:7212:1,4,hacia,0.028656384411849457,0.40092238889580667,0.01148898609551524,34,32,121
RPM-2015-12-17:7212:1,4,hacia el,0.024951228256846772,-0.1523846162184335,-0.0038021833420981287,13,7,33
RPM-2015-12-17:7212:1,4,hacia el segundo,0.040261536643598,-0.06834202409286863,-0.002751554907312688,1,0,3
RPM-2015-12-17:7212:1,4,hacia fines,0.03134193896102636,0.0047564093745934045,0.00014907509229216006,2,1,16
RPM-2015-12-17:7212:1,4,hacia fines del,0.03518849974641951,-0.023206010758070057,-0.0008165847036757565,2,1,7
RPM-2015-12-17:7212:1,4,hacia fines del ano,0.03908845610524214,0.05801831418802443,0.00226784632743874,0,1,4
RPM-2015-12-17:7212:1,4,hasta,0.017843019563561414,0.31879873662537184,0.005688332094445172,36,27,99
RPM-2015-12-17:7212:1,4,hasta ahora,0.026568217876771598,0.3622834113965811,0.009625224607124444,11,13,17
RPM-2015-12-17:7212:1,4,haya,0.026882140119740543,-0.03671401399705884,-0.0009869512686270514,8,5,26
RPM-2015-12-17:7212:1,4,hecho,0.039213164477402446,0.3369920096247221,0.013214523100984615,26,25,91
RPM-2015-12-17:7212:1,4,hecho el,0.037237472346868195,0.32208147186160496,0.011993499901885122,0,5,2
RPM-2015-12-17:7212:1,4,hecho que,0.028951250857667178,0.09435708494536943,0.0027317556364516013,7,6,15
RPM-2015-12-17:7212:1,4,horizonte,0.020200242636784476,-0.45524447886793307,-0.009196048932188752,50,24,38
RPM-2015-12-17:7212:1,4,hoy,0.018775906021996906,0.40237676512647713,0.007554988327449857,33,31,76
RPM-2015-12-17:7212:1,4,implica,0.02941102709813259,0.14894487321093963,0.004380621702134869,7,6,13
RPM-2015-12-17:7212:1,4,implica una,0.03908845610524214,0.018458756398671505,0.0007215242892468286,1,1,3
RPM-2015-12-17:7212:1,4,incluido,0.03518849974641951,0.17748547649276405,0.006245447644558773,1,2,7
RPM-2015-12-17:7212:1,4,incluido en,0.03908845610524214,0.13689597941233073,0.005351052482243022,0,1,4
RPM-2015-12-17:7212:1,4,incluido en el,0.040261536643598,0.14391580301887147,0.005794271376837126,0,1,3
RPM-2015-12-17:7212:1,4,inclusion,0.040261536643598,0.13182109643696188,0.005307319904596007,1,2,1
RPM-2015-12-17:7212:1,4,inclusion de,0.040261536643598,0.13182109643696188,0.005307319904596007,1,2,1
RPM-2015-12-17:7212:1,4,indicar,0.036479641022330284,-0.15185440871970352,-0.0055395943177530054,3,0,5
RPM-2015-12-17:7212:1,4,informe,0.03310250412487345,-0.8855834638520185,-0.029315030265081157,45,12,67
RPM-2015-12-17:7212:1,4,informe del,0.041697271188154014,-0.2672748322598636,-0.011144631162507907,3,0,0
RPM-2015-12-17:7212:1,4,inicia,0.026723264648401402,0.2157267344906439,0.005764922617528899,3,9,28
RPM-2015-12-17:7212:1,4,inicia su,0.026723264648401402,0.2157267344906439,0.005764922617528899,3,9,28
RPM-2015-12-17:7212:1,4,inicia su intervencion,0.028951250857667178,0.1314935336486255,0.0038069022788224573,2,6,20
RPM-2015-12-17:7212:1,4,inicia su intervencion agradeciendo,0.03580173780231218,0.1795769622064926,0.006429167316252572,0,3,6
RPM-2015-12-17:7212:1,4,inmediato,0.03809663064225511,0.003924976860818569,0.000149528393746003,1,1,4
RPM-2015-12-17:7212:1,4,intervencion,0.025194054420940346,0.0720264707034208,0.001814638822650249,10,11,30
RPM-2015-12-17:7212:1,4,intervencion agradeciendo,0.03319292271940032,-0.0722550877975872,-0.0023983575453487968,4,3,7
RPM-2015-12-17:7212:1,4,ipom,0.055314599375204894,0.09104877317498788,0.005036326411778357,41,31,87
RPM-2015-12-17:7212:1,4,ipom de,0.0270450381793143,-0.3838802407306466,-0.010382055766844702,15,7,16
RPM-2015-12-17:7212:1,4,ipom del,0.05549742548129122,-0.08565062055094291,-0.004753388931452305,1,0,14
RPM-2015-12-17:7212:1,4,ipom del mes,0.05695210692678026,-0.023936607109134783,-0.0013632402075437727,0,0,13
RPM-2015-12-17:7212:1,4,ipom del mes de,0.05695210692678026,-0.023936607109134783,-0.0013632402075437727,0,0,13
RPM-2015-12-17:7212:1,4,ipom en,0.03134193896102636,0.4638655156412608,0.014538444677353414,2,6,11
RPM-2015-12-17:7212:1,4,ipom que,0.05775943387766417,0.0606277211737181,0.0035018228522868304,3,2,7
RPM-2015-12-17:7212:1,4,juicio,0.020796421567336913,0.4132319231885855,0.008593745279711209,25,29,48
RPM-2015-12-17:7212:1,4,juicio ello,0.041697271188154014,0.062174054230283896,0.002592488400107142,0,1,2
RPM-2015-12-17:7212:1,4,justifica,0.032019842181044464,-0.00793868484663561,-0.00025419543591432143,7,5,5
RPM-2015-12-17:7212:1,4,la,0.030416316090354646,0.08361151897551639,0.002543154389953992,106,80,664
RPM-2015-12-17:7212:1,4,la caida,0.022668261517948964,0.5855333692024989,0.013273023540568009,4,14,58
RPM-2015-12-17:7212:1,4,la caida del,0.032387606827518546,0.08003602023117201,0.0025921751552865193,0,2,14
RPM-2015-12-17:7212:1,4,la caida del precio,0.036479641022330284,0.09052501489149103,0.0033023200467826963,0,2,6
RPM-2015-12-17:7212:1,4,la decision,0.03896185037756859,0.025162506275663132,0.0009803778046370175,30,21,21
RPM-2015-12-17:7212:1,4,la decision de,0.026268902063847868,-0.31169187683871447,-0.008187803386773123,22,11,10
RPM-2015-12-17:7212:1,4,la decision de politica,0.03462865726395632,0.07517604157145434,0.0026032453780388248,4,4,3
RPM-2015-12-17:7212:1,4,la gerencia,0.023190233792957867,-0.04322203462213478,-0.001002329087894625,29,18,23
RPM-2015-12-17:7212:1,4,la gerencia de,0.023563331327985645,0.0790692685174944,0.001863135371939185,26,18,22
RPM-2015-12-17:7212:1,4,la gerencia de division,0.023959402793859733,0.09788360615316372,0.0023452327467391766,26,18,18
RPM-2015-12-17:7212:1,4,la inclusion,0.040261536643598,0.13182109643696188,0.005307319904596007,1,2,1
RPM-2015-12-17:7212:1,4,la inclusion de,0.040261536643598,0.13182109643696188,0.005307319904596007,1,2,1
RPM-2015-12-17:7212:1,4,la mantencion,0.02598289365933215,-0.1724322942829667,-0.004480289965788991,22,9,14
RPM-2015-12-17:7212:1,4,la mantencion de,0.02738375478696115,-0.3115210677297019,-0.008530616529682473,19,6,11
RPM-2015-12-17:7212:1,4,la mantencion de la,0.0287331238781145,-0.18127054361266695,-0.005208468985075917,17,6,6
RPM-2015-12-17:7212:1,4,la minuta,0.05313474964360982,0.5302572759467994,0.02817508760413571,10,14,26
RPM-2015-12-17:7212:1,4,la minuta de,0.056757049470607196,0.28634228099728365,0.016251943008089336,9,11,18
RPM-2015-12-17:7212:1,4,la minuta de opciones,0.06331273702090474,0.3181895183838791,0.020145449300246872,6,10,7
RPM-2015-12-17:7212:1,4,la opcion,0.024491452016381355,-0.2553383773423028,-0.0062536076166196854,27,12,18
RPM-2015-12-17:7212:1,4,la opcion de,0.026268902063847868,-0.06265777422914746,-0.0016459509347641656,21,10,12
RPM-2015-12-17:7212:1,4,la opcion de subir,0.03908845610524214,0.06483780197760393,0.002534409576561953,2,2,1
RPM-2015-12-17:7212:1,4,la politica,0.017240555938885987,0.12346882786527985,0.0021286712335200422,60,44,74
RPM-2015-12-17:7212:1,4,la politica fiscal,0.032777673505582375,-0.12547043306830627,-0.0041126288897169695,5,3,7
RPM-2015-12-17:7212:1,4,la que,0.02152309481804633,0.175182519234068,0.0037704699719390707,23,19,49
RPM-2015-12-17:7212:1,4,la reunion,0.03373031156038171,-0.24219580836295768,-0.008169340074701065,38,22,57
RPM-2015-12-17:7212:1,4,la reunion de,0.023468009144946907,-0.38292654939931,-0.00898652376314597,31,11,25
RPM-2015-12-17:7212:1,4,la reunion de hoy,0.032777673505582375,-0.09331669083783231,-0.003058704024903838,11,3,1
RPM-2015-12-17:7212:1,4,la reunion pasada,0.03134193896102636,-0.20974590258396464,-0.0065738432761120015,7,2,10
RPM-2015-12-17:7212:1,4,la semana,0.037237472346868195,-0.07492127044703983,-0.002789878736463879,1,0,6
RPM-2015-12-17:7212:1,4,la tasa,0.02185482266899791,0.2888041571398307,0.006311763640360406,96,71,183
RPM-2015-12-17:7212:1,4,la tasa de,0.013875240960240062,-0.05520145819054395,-0.0007659335337504146,92,60,149
RPM-2015-12-17:7212:1,4,la tasa se,0.03809663064225511,0.30903849176574805,0.0117733252750393,0,3,3
RPM-2015-12-17:7212:1,4,la tpm,0.060682801696189774,0.5461782204615399,0.03314362464304544,22,30,36
RPM-2015-12-17:7212:1,4,la tpm de,0.03809663064225511,-0.10572260251679778,-0.004027674938620396,3,2,1
RPM-2015-12-17:7212:1,4,la tpm en,0.052872552209158534,0.24526375962491273,0.012967720935782707,16,18,17
RPM-2015-12-17:7212:1,4,la tpm en 25,0.05549742548129122,-0.4076286241390019,-0.022622339192195525,10,5,0
RPM-2015-12-17:7212:1,4,la tpm en esta,0.036479641022330284,0.38647822034105794,0.01409858674099086,0,5,3
RPM-2015-12-17:7212:1,4,la trayectoria,0.02180910322256205,-0.2909777527860391,-0.006345963845979868,31,17,39
RPM-2015-12-17:7212:1,4,la trayectoria de,0.026568217876771598,-0.17704755242718254,-0.004703837947434528,15,9,17
RPM-2015-12-17:7212:1,4,la trayectoria de la,0.03134193896102636,0.06952630227999565,0.002179089122245492,7,5,7
RPM-2015-12-17:7212:1,4,lado,0.034796345541262985,-0.02898314351680998,-0.001008507476682936,23,12,71
RPM-2015-12-17:7212:1,4,las,0.023781649257966792,-0.11286467740827955,-0.0026841081717372726,102,72,458
RPM-2015-12-17:7212:1,4,las dos,0.034113652103511985,-0.10104978764472988,-0.003447177300846079,2,2,8
RPM-2015-12-17:7212:1,4,las encuestas,0.02811988582222182,-0.18651329189927374,-0.005244732472534307,10,2,20
RPM-2015-12-17:7212:1,4,las noticias,0.025071495864487352,0.013405788009252087,0.0003361031586341578,19,14,19
RPM-2015-12-17:7212:1,4,las opiniones,0.06816870725311888,0.11393499775507551,0.0077668015078505,2,2,0
RPM-2015-12-17:7212:1,4,lenguaje,0.06618250924703192,-0.023539550228428435,-0.0015579065006639374,1,1,3
RPM-2015-12-17:7212:1,4,llegada,0.06816870725311888,-0.1126402236043048,-0.0076785384278077054,2,1,1
RPM-2015-12-17:7212:1,4,lleva,0.028951250857667178,-0.04914777036387696,-0.0014228894288996223,8,5,15
RPM-2015-12-17:7212:1,4,lo,0.029568358384280936,0.17177377241796393,0.00507906846387427,99,72,477
RPM-2015-12-17:7212:1,4,lo consignado,0.040261536643598,-0.01633604948263842,-0.000657714454856877,0,0,4
RPM-2015-12-17:7212:1,4,lo consignado en,0.040261536643598,-0.015614995453562278,-0.0006286837116432139,0,0,4
RPM-2015-12-17:7212:1,4,lo contemplado,0.03462865726395632,0.1687307178124917,0.005842918197030105,0,2,9
RPM-2015-12-17:7212:1,4,lo contemplado en,0.03580173780231218,0.07094744116707552,0.0025400416864086073,0,1,8
RPM-2015-12-17:7212:1,4,lo contemplado en el,0.03908845610524214,0.008952506456565982,0.00034993965565937625,0,0,5
RPM-2015-12-17:7212:1,4,lo expresado,0.031028016718057418,0.2011191347895293,0.006240327876570758,0,4,16
RPM-2015-12-17:7212:1,4,lo ha,0.032777673505582375,0.08897838176854234,0.002916504346664344,4,4,7
RPM-2015-12-17:7212:1,4,lo mismo,0.02721216782711798,-0.27084284699646927,-0.007370221007242358,6,2,29
RPM-2015-12-17:7212:1,4,lo que,0.027332069139963663,0.6624541854603561,0.018106243599060764,58,57,324
RPM-2015-12-17:7212:1,4,lo que es,0.05020833804367657,-0.09525806773249607,-0.004782749266100602,5,4,16
RPM-2015-12-17:7212:1,4,lo que se,0.01804347595299973,0.2800040461362843,0.005052246273202674,22,24,111
RPM-2015-12-17:7212:1,4,lo que se refiere,0.03518849974641951,-0.12419226908084194,-0.00437013962905847,1,0,9
RPM-2015-12-17:7212:1,4,lo tanto,0.020611697023201533,-0.3659241296819479,-0.007542317294483017,26,17,62
RPM-2015-12-17:7212:1,4,lo tanto cree,0.03809663064225511,-0.45046094854475244,-0.01716104437546932,5,0,1
RPM-2015-12-17:7212:1,4,lo tanto cree que,0.03908845610524214,-0.39678115946507414,-0.015509562935137633,4,0,1
RPM-2015-12-17:7212:1,4,los,0.022334042117926348,-0.341920799164005,-0.007636473529523923,101,72,516
RPM-2015-12-17:7212:1,4,los antecedentes,0.02159341387504144,0.25671531516075874,0.005543360048327964,29,22,39
RPM-2015-12-17:7212:1,4,los efectos,0.023468009144946907,0.3996996805891052,0.009380155759297478,15,16,36
RPM-2015-12-17:7212:1,4,los efectos de,0.027741298415127458,0.555578097197645,0.015412457787268557,3,12,19
RPM-2015-12-17:7212:1,4,los precios,0.016624050998093633,-0.21818382326942093,-0.003627099004989902,53,32,111
RPM-2015-12-17:7212:1,4,los precios de,0.019008210303661083,0.00914214451676719,0.00017377580560117278,38,27,70
RPM-2015-12-17:7212:1,4,los precios de activos,0.032777673505582375,0.015050880733320587,0.0004933328546482424,4,3,8
RPM-2015-12-17:7212:1,4,los proximos,0.019499603952573913,0.19054196572066565,0.003715492867897895,29,22,74
RPM-2015-12-17:7212:1,4,los proximos trimestres,0.02831787466429656,0.5838800806708445,0.01653424294341634,4,11,16
RPM-2015-12-17:7212:1,4,lugar,0.022032274600390894,-0.5596376373000312,-0.01233009010170825,30,16,38
RPM-2015-12-17:7212:1,4,manera,0.01837779165098685,0.23368022050668927,0.0042945264054285994,29,25,95
RPM-2015-12-17:7212:1,4,manifestado,0.03580173780231218,-0.05689108097196322,-0.0020367995642483388,1,2,6
RPM-2015-12-17:7212:1,4,manifestado en,0.03908845610524214,0.04852901025156188,0.0018969240870490224,0,1,4
RPM-2015-12-17:7212:1,4,manifiesta,0.03838901249666833,0.01680360350600034,0.0006450737449809068,32,29,90
RPM-2015-12-17:7212:1,4,manifiesta que,0.02031514086276346,0.19492003026930943,0.0039598278718951385,19,22,69
RPM-2015-12-17:7212:1,4,manifiesta que su,0.03363683180096929,-0.03947273451732158,-0.0013277377316834606,4,5,4
RPM-2015-12-17:7212:1,4,manifiesta que su voto,0.03462865726395632,0.07433841139773509,0.0025742393698391527,4,5,2
RPM-2015-12-17:7212:1,4,manifiesta su,0.03580173780231218,0.05712268973743201,0.0020450915605423696,0,2,7
RPM-2015-12-17:7212:1,4,manifiesta su concordancia,0.040261536643598,0.024333317997536543,0.0009796967742181403,0,1,3
RPM-2015-12-17:7212:1,4,manifiesta su concordancia con,0.040261536643598,0.024333317997536543,0.0009796967742181403,0,1,3
RPM-2015-12-17:7212:1,4,mantencion,0.02310024449847282,0.3364315108705311,0.0077716501580998845,24,17,30
RPM-2015-12-17:7212:1,4,mantencion de,0.02471723411839765,0.025950750543353718,0.0006414307767282089,21,13,21
RPM-2015-12-17:7212:1,4,mantencion de la,0.026416819605195152,-0.07666818786389462,-0.0020253296882577166,19,10,13
RPM-2015-12-17:7212:1,4,mantencion de la tpm,0.036479641022330284,0.08596373099647305,0.0031359260476915033,2,2,4
RPM-2015-12-17:7212:1,4,mantener,0.03027789803836566,1.0260921415415005,0.031067913239561817,47,49,65
RPM-2015-12-17:7212:1,4,mantener la,0.0192492171181959,0.7023307784148772,0.013519317642499506,40,40,50
RPM-2015-12-17:7212:1,4,mantener la tpm,0.029906204416470353,0.3711338625017635,0.01109920515785194,3,10,11
RPM-2015-12-17:7212:1,4,mantener una,0.036479641022330284,0.04550430295086053,0.0016599806366187568,4,2,2
RPM-2015-12-17:7212:1,4,mantienen,0.02092258501491326,-0.4170092706575858,-0.008724911917340311,32,14,54
RPM-2015-12-17:7212:1,4,mantienen los,0.040261536643598,0.08339393877617837,0.0033575681218910736,0,1,3
RPM-2015-12-17:7212:1,4,marginal,0.03134193896102636,-0.097314281528442,-0.0030500182717005642,2,0,17
RPM-2015-12-17:7212:1,4,mas,0.021859462115435532,-0.38345851523847607,-0.008382196886696626,95,65,356
RPM-2015-12-17:7212:1,4,mas bien,0.02328149957384164,-0.12345949049416696,-0.0028743220753266545,9,7,53
RPM-2015-12-17:7212:1,4,menciona,0.018084327707199276,0.34671472361725353,0.006270102682805437,27,29,100
RPM-2015-12-17:7212:1,4,menciona el,0.026416819605195152,0.035359972717627454,0.0009340980205261866,12,7,23
RPM-2015-12-17:7212:1,4,mencionados,0.03809663064225511,0.1484929567816886,0.0056570813274883424,0,2,4
RPM-2015-12-17:7212:1,4,mes,0.031455978213758666,0.5267174023605494,0.016568411133461,39,38,176
RPM-2015-12-17:7212:1,4,mes de,0.04431554276605589,0.1798184177648937,0.007968750782584652,12,12,73
RPM-2015-12-17:7212:1,4,mes de diciembre,0.032777673505582375,-0.04342238686334096,-0.0014232848194396792,1,0,14
RPM-2015-12-17:7212:1,4,mes de septiembre,0.052534999024545774,-0.054042392574859176,-0.0028391170412043467,2,1,17
RPM-2015-12-17:7212:1,4,minuta,0.05094029820912396,0.5212048142335972,0.0265503286650905,11,15,33
RPM-2015-12-17:7212:1,4,minuta de,0.055756388524204635,0.31129175673253107,0.017356504132761196,10,12,19
RPM-2015-12-17:7212:1,4,minuta de opciones,0.06331273702090474,0.37550798190770274,0.02377443810777304,6,10,7
RPM-2015-12-17:7212:1,4,minuta de opciones en,0.037237472346868195,-0.167705180507555,-0.006244917021576619,2,1,4
RPM-2015-12-17:7212:1,4,misma,0.025194054420940346,-0.052049702322143176,-0.0013113430328978203,13,8,30
RPM-2015-12-17:7212:1,4,mismas,0.034113652103511985,0.09825210307163901,0.0033517380626242946,2,3,7
RPM-2015-12-17:7212:1,4,mismo,0.03391653709536768,-0.3635845217018819,-0.012331527917603393,21,11,83
RPM-2015-12-17:7212:1,4,monetaria,0.03330375956001922,-0.3792971982693918,-0.012632022692952763,103,72,183
RPM-2015-12-17:7212:1,4,monetaria con,0.032019842181044464,0.04327045158669333,0.0013855130309084454,4,5,8
RPM-2015-12-17:7212:1,4,monetaria del,0.03518849974641951,-0.018888576529877105,-0.000664660670431806,5,3,2
RPM-2015-12-17:7212:1,4,monetaria en,0.028598591552101597,-0.05521774528211987,-0.001579149743751331,79,40,69
RPM-2015-12-17:7212:1,4,movimiento,0.02598289365933215,0.17120951999067663,0.004448518751383053,9,8,28
RPM-2015-12-17:7212:1,4,movimiento de,0.034113652103511985,0.07495312317575675,0.0025569247680894474,1,2,9
RPM-2015-12-17:7212:1,4,muy,0.031455978213758666,-0.0328908513405409,-0.0010346139032000295,46,37,170
RPM-2015-12-17:7212:1,4,neutral,0.024273325036828677,-0.8033395177525852,-0.019499721229337703,26,7,26
RPM-2015-12-17:7212:1,4,neutral en,0.03518849974641951,-0.01785648278516288,-0.0006283428399576483,3,2,5
RPM-2015-12-17:7212:1,4,no,0.023170172042420584,0.14372288732297453,0.003330084025706748,88,64,424
RPM-2015-12-17:7212:1,4,no cree,0.03809663064225511,0.07593712385769825,0.002892948559641909,1,2,3
RPM-2015-12-17:7212:1,4,no cree que,0.03908845610524214,0.08694330100662845,0.0033984794050424512,1,2,2
RPM-2015-12-17:7212:1,4,no es,0.02131663444127615,0.4920770125336803,0.010489425793135724,16,23,55
RPM-2015-12-17:7212:1,4,no obstante,0.02166450995391681,-0.2257294211675432,-0.004890317291776119,22,13,54
RPM-2015-12-17:7212:1,4,no sea,0.03518849974641951,0.17479072619707808,0.006150623424462364,1,3,6
RPM-2015-12-17:7212:1,4,normalizacion,0.01992166537419781,-0.6614383379814045,-0.013176953234931094,57,22,38
RPM-2015-12-17:7212:1,4,normalizacion de,0.023563331327985645,-0.6252204029609008,-0.014732275507984402,33,10,23
RPM-2015-12-17:7212:1,4,notable,0.03809663064225511,0.1283157335814094,0.0048883971078409645,0,1,5
RPM-2015-12-17:7212:1,4,noticias,0.035753500870306515,-0.09606035691603373,-0.0034344940545993664,29,19,49
RPM-2015-12-17:7212:1,4,nuestra,0.029653853262226162,0.17334104395743255,0.0051402298818348,9,9,7
RPM-2015-12-17:7212:1,4,observadores,0.041697271188154014,-0.06593614122359617,-0.002749357161700711,1,0,2
RPM-2015-12-17:7212:1,4,obstante,0.02166450995391681,-0.2257294211675432,-0.004890317291776119,22,13,54
RPM-2015-12-17:7212:1,4,ocasion,0.023758319876384337,-0.46415966418904364,-0.011027653775518434,27,11,26
RPM-2015-12-17:7212:1,4,ocasiones,0.032387606827518546,0.020853765330183224,0.0006754035523873118,5,3,8
RPM-2015-12-17:7212:1,4,opcion,0.021882636933469486,-0.3505262123169373,-0.007670437839795779,38,18,30
RPM-2015-12-17:7212:1,4,opcion de,0.025709059581384686,-0.12612292361535024,-0.003242501757805469,23,10,14
RPM-2015-12-17:7212:1,4,opcion de subir,0.03908845610524214,0.06483780197760393,0.002534409576561953,2,2,1
RPM-2015-12-17:7212:1,4,opcion de subir la,0.03908845610524214,0.06483780197760393,0.002534409576561953,2,2,1
RPM-2015-12-17:7212:1,4,opciones,0.057295482425447776,0.2347125290457193,0.01344796758297141,36,25,24
RPM-2015-12-17:7212:1,4,opciones en,0.03462865726395632,-0.1172025346488044,-0.004058566402820413,3,2,6
RPM-2015-12-17:7212:1,4,opciones en cuanto,0.041697271188154014,-0.09670491532004458,-0.004032331079327369,1,0,2
RPM-2015-12-17:7212:1,4,opciones en cuanto que,0.041697271188154014,-0.09670491532004458,-0.004032331079327369,1,0,2
RPM-2015-12-17:7212:1,4,opinion,0.01788261433264908,0.22431067070375285,0.0040112612148930585,31,32,98
RPM-2015-12-17:7212:1,4,opiniones,0.06176540134479744,0.009995055954226832,0.0006173486424765276,3,2,3
RPM-2015-12-17:7212:1,4,orden,0.024062351064873963,0.11017304271775191,0.0026510224317599024,8,7,46
RPM-2015-12-17:7212:1,4,orden de,0.026723264648401402,0.21618564453606331,0.005777186192122453,4,5,31
RPM-2015-12-17:7212:1,4,otras,0.02092258501491326,0.15433774047385612,0.0032291444960738736,19,20,61
RPM-2015-12-17:7212:1,4,otras ocasiones,0.036479641022330284,0.043523395660024736,0.00158771784975055,3,2,3
RPM-2015-12-17:7212:1,4,pablo,0.044727563633896864,0.35730325460028955,0.015981304056732905,2,7,33
RPM-2015-12-17:7212:1,4,pablo garcia,0.044727563633896864,0.35730325460028955,0.015981304056732905,2,7,33
RPM-2015-12-17:7212:1,4,para,0.027018705097784045,-0.20273619771264934,-0.005477669538644113,96,65,360
RPM-2015-12-17:7212:1,4,para esta,0.04006000956357486,-0.0022919743972114543,-9.181651627175959e-05,14,11,40
RPM-2015-12-17:7212:1,4,para esta ocasion,0.041697271188154014,-0.028664702032047743,-0.0011952398541579241,1,0,2
RPM-2015-12-17:7212:1,4,para esta reunion,0.024833167519291856,0.06110569269264179,0.0015174479030187417,12,10,32
RPM-2015-12-17:7212:1,4,para la,0.019348205680997467,-0.09059051568776989,-0.0017527639302745996,42,22,64
RPM-2015-12-17:7212:1,4,para la reunion,0.040261536643598,-0.05807658836648742,-0.002338252690652491,2,0,2
RPM-2015-12-17:7212:1,4,para la reunion de,0.041697271188154014,-0.060216216521432886,-0.002510851910218787,2,0,1
RPM-2015-12-17:7212:1,4,para los,0.024273325036828677,-0.23272051309742187,-0.005648900657151267,18,8,33
RPM-2015-12-17:7212:1,4,para los proximos,0.02831787466429656,-0.12064538462799337,-0.0034164208807213672,10,3,18
RPM-2015-12-17:7212:1,4,para los proximos trimestres,0.03518849974641951,-0.0264544714531018,-0.0009308931620191348,3,1,6
RPM-2015-12-17:7212:1,4,para que,0.026882140119740543,0.11030742872524921,0.002965299755240442,14,12,13
RPM-2015-12-17:7212:1,4,parte,0.025124140645566256,-0.227246177250235,-0.005709364918402183,57,36,166
RPM-2015-12-17:7212:1,4,parte de,0.02328149957384164,-0.1823152167025202,-0.004244571639964571,14,8,47
RPM-2015-12-17:7212:1,4,parte del,0.025071495864487352,-0.31436460000495847,-0.007881590768965538,15,5,32
RPM-2015-12-17:7212:1,4,particular,0.01776455359509417,0.05297094660797827,0.0009410052200003018,36,26,102
RPM-2015-12-17:7212:1,4,pasada,0.02831787466429656,0.01775131497094755,0.0005026795124737438,10,5,16
RPM-2015-12-17:7212:1,4,peores,0.041697271188154014,0.1895253759841766,0.007902690999449064,0,2,1
RPM-2015-12-17:7212:1,4,pero,0.028985279817966846,0.34717995210577346,0.010063108058974172,54,46,204
RPM-2015-12-17:7212:1,4,pero en,0.027741298415127458,-0.03383058559085339,-0.000938504370434375,3,3,28
RPM-2015-12-17:7212:1,4,pero por,0.03908845610524214,0.06686673122864695,0.00261371728853199,0,1,4
RPM-2015-12-17:7212:1,4,perspectivas,0.021384721104908775,0.25322794726506953,0.005415209028232059,26,21,46
RPM-2015-12-17:7212:1,4,perspectivas de,0.024833167519291856,0.3246087662588434,0.008061063870736511,16,16,22
RPM-2015-12-17:7212:1,4,perspectivas de crecimiento,0.03167196666840379,0.24227062285670664,0.007673187091851039,6,9,3
RPM-2015-12-17:7212:1,4,planteadas,0.03809663064225511,-0.02263669720837589,-0.0008623818925080636,2,1,3
RPM-2015-12-17:7212:1,4,plenamente,0.032777673505582375,-0.08481740706540075,-0.0027801172763797814,5,2,8
RPM-2015-12-17:7212:1,4,podemos,0.041697271188154014,0.19870031779486058,0.008285261036264686,0,2,1
RPM-2015-12-17:7212:1,4,politica,0.03386871636857933,-0.3417803302108189,-0.01157566106426961,105,74,216
RPM-2015-12-17:7212:1,4,politica fiscal,0.03134193896102636,-0.050492023008641834,-0.001582517903155591,5,4,10
RPM-2015-12-17:7212:1,4,politica monetaria,0.033682129644008386,-0.4310386093412515,-0.014518298321405117,103,71,176
RPM-2015-12-17:7212:1,4,politica monetaria con,0.032387606827518546,0.08986669427339315,0.00291056716101547,3,5,8
RPM-2015-12-17:7212:1,4,politica monetaria del,0.03580173780231218,0.05378330937800477,0.0019255359404919646,4,3,2
RPM-2015-12-17:7212:1,4,politica monetaria en,0.0290697537837386,-0.01980888158606664,-0.0005758393104381905,78,40,62
RPM-2015-12-17:7212:1,4,por,0.03013238436620812,0.31096483951758125,0.009370112068719983,100,79,452
RPM-2015-12-17:7212:1,4,por el,0.014477835292164206,0.5246711130688277,0.00759610195756695,40,36,198
RPM-2015-12-17:7212:1,4,por el lado,0.024381464215483633,-0.050010050804064225,-0.0012193182640938105,13,7,38
RPM-2015-12-17:7212:1,4,por la,0.02883162564656546,-0.0228247960847731,-0.000658075976175371,42,30,112
RPM-2015-12-17:7212:1,4,por la gerencia,0.03363683180096929,-0.3449398541680271,-0.011602683856100802,8,2,3
RPM-2015-12-17:7212:1,4,por la gerencia de,0.034113652103511985,-0.280270570784765,-0.009561052746604204,7,2,3
RPM-2015-12-17:7212:1,4,por lo,0.026944015901686626,-0.3087434031609102,-0.00831878716430841,54,37,128
RPM-2015-12-17:7212:1,4,por lo mismo,0.037237472346868195,-0.27008389308948544,-0.01005724150025422,4,1,2
RPM-2015-12-17:7212:1,4,por lo tanto,0.020611697023201533,-0.3659241296819479,-0.007542317294483017,26,17,62
RPM-2015-12-17:7212:1,4,por lo tanto cree,0.03809663064225511,-0.45046094854475244,-0.01716104437546932,5,0,1
RPM-2015-12-17:7212:1,4,por parte,0.02831787466429656,-0.04152111388416592,-0.0011757896988937942,5,3,23
RPM-2015-12-17:7212:1,4,por parte de,0.031028016718057418,0.1023389188947808,0.003175373686375181,1,3,16
RPM-2015-12-17:7212:1,4,por un,0.021051271898024134,-0.46219417401232826,-0.009729775226816203,33,13,52
RPM-2015-12-17:7212:1,4,por un lado,0.031028016718057418,-0.024909980277934562,-0.0007729072845102341,3,1,16
RPM-2015-12-17:7212:1,4,porque,0.030078003833439736,-0.1245304944665206,-0.0037456286899441526,22,13,129
RPM-2015-12-17:7212:1,4,porque el,0.03167196666840379,-0.08033781288510441,-0.002544456531909488,3,1,14
RPM-2015-12-17:7212:1,4,porque si,0.034113652103511985,0.011700817591722368,0.0003991576206506698,1,1,10
RPM-2015-12-17:7212:1,4,porque si se,0.041697271188154014,-0.013326731039153827,-0.0005556883181911867,0,0,3
RPM-2015-12-17:7212:1,4,practicamente,0.027927807986232726,0.417529180910907,0.011660674793128838,2,8,23
RPM-2015-12-17:7212:1,4,precedentemente,0.032019842181044464,0.07157379670302623,0.0022917816747290605,0,2,15
RPM-2015-12-17:7212:1,4,precio,0.016061487378067504,-0.0684278593170274,-0.0010990531987286143,40,23,151
RPM-2015-12-17:7212:1,4,precio del,0.018125440496742657,0.018990300972820756,0.0003442075702980968,33,17,105
RPM-2015-12-17:7212:1,4,precio del cobre,0.022752368985832157,0.2927482163014124,0.006660715437233939,11,11,53
RPM-2015-12-17:7212:1,4,precios,0.014716163637359704,-0.839630847570076,-0.01235614494781626,69,36,159
RPM-2015-12-17:7212:1,4,precios de,0.018002881940289664,-0.2365689292751054,-0.0042589225044804575,46,28,84
RPM-2015-12-17:7212:1,4,precios de activos,0.03167196666840379,0.057778847209690745,0.0018299697229641207,4,4,10
RPM-2015-12-17:7212:1,4,precisa,0.025446405575184537,0.1787255731113903,0.004547923420049734,6,9,34
RPM-2015-12-17:7212:1,4,precisa que,0.026268902063847868,0.24338350861677588,0.0063934175518097595,3,9,31
RPM-2015-12-17:7212:1,4,preferencia,0.03809663064225511,-0.0034838656915910423,-0.0001327235444597686,1,1,4
RPM-2015-12-17:7212:1,4,primer,0.01837779165098685,-0.14108272790994072,-0.002592788979081758,30,20,99
RPM-2015-12-17:7212:1,4,primer lugar,0.02738375478696115,-0.3171230392063229,-0.008684019542921813,16,8,12
RPM-2015-12-17:7212:1,4,principales,0.023190233792957867,-0.03357014134271334,-0.0007784994262001629,20,11,39
RPM-2015-12-17:7212:1,4,principalmente,0.04006000956357486,0.1903303948449252,0.007624637437726683,11,10,44
RPM-2015-12-17:7212:1,4,proxima,0.029653853262226162,-0.1865900686818318,-0.005533114516879742,9,4,12
RPM-2015-12-17:7212:1,4,proximo,0.02152309481804633,0.038862737635778966,0.0008364463870237284,17,16,58
RPM-2015-12-17:7212:1,4,proximo ano,0.026882140119740543,0.11139167928613933,0.0029944467307431977,7,8,24
RPM-2015-12-17:7212:1,4,proximo ano lo,0.041697271188154014,-0.07102911275727809,-0.0029617201768941948,1,1,1
RPM-2015-12-17:7212:1,4,proximo ano lo que,0.041697271188154014,-0.07102911275727809,-0.0029617201768941948,1,1,1
RPM-2015-12-17:7212:1,4,proximos,0.019398276981724916,0.1856235223167904,0.003600776500224497,29,22,76
RPM-2015-12-17:7212:1,4,proximos trimestres,0.02831787466429656,0.5838800806708445,0.01653424294341634,4,11,16
RPM-2015-12-17:7212:1,4,prudente,0.03134193896102636,-0.1253193441774365,-0.003927751235845069,10,5,4
RPM-2015-12-17:7212:1,4,puede,0.02877289812691286,-0.3890978853393312,-0.011195473816265797,39,26,120
RPM-2015-12-17:7212:1,4,puede ser,0.025709059581384686,-0.55842096964059,-0.014356477979984536,12,4,31
RPM-2015-12-17:7212:1,4,punto,0.018775906021996906,-0.3066708205791128,-0.005758022506882097,23,15,102
RPM-2015-12-17:7212:1,4,puntos,0.02755505054171378,-0.8366671709378063,-0.023054406181783935,77,34,96
RPM-2015-12-17:7212:1,4,puntos base,0.02943699963252242,-0.8870926828110012,-0.026113346977920768,75,32,67
RPM-2015-12-17:7212:1,4,que ambas,0.040261536643598,0.05286824296355677,0.002128556701359883,2,1,1
RPM-2015-12-17:7212:1,4,que corresponde,0.032019842181044464,0.10516718652334472,0.0033674367151019643,3,3,11
RPM-2015-12-17:7212:1,4,que de,0.020859194062035038,0.32967156281508536,0.00687668310549424,20,19,62
RPM-2015-12-17:7212:1,4,que debe,0.032777673505582375,0.04652086971188401,0.00152484587861187,5,4,6
RPM-2015-12-17:7212:1,4,que debe ser,0.03809663064225511,0.050647595501030526,0.0019295027387211015,1,2,3
RPM-2015-12-17:7212:1,4,que el,0.010840532939541722,0.12743261159162272,0.0013814374235308125,76,57,350
RPM-2015-12-17:7212:1,4,que ello,0.02124926074009887,0.35540072088153096,0.007552002585230752,11,17,67
RPM-2015-12-17:7212:1,4,que en,0.01173778566042943,0.4728537652863351,0.005550256145658008,77,62,281
RPM-2015-12-17:7212:1,4,que en este,0.027741298415127458,0.3495751782194962,0.009697669337508407,6,10,18
RPM-2015-12-17:7212:1,4,que es,0.03982655120245208,-0.5230695420908278,-0.020832055900523515,43,30,121
RPM-2015-12-17:7212:1,4,que es un,0.03580173780231218,-0.2334106327956715,-0.0083565062756224,2,0,7
RPM-2015-12-17:7212:1,4,que ese,0.030168858422670503,0.15284718939523648,0.004611225217167994,1,3,19
RPM-2015-12-17:7212:1,4,que estas,0.028522149906159786,0.025218619751741805,0.0007192892529856218,5,4,21
RPM-2015-12-17:7212:1,4,que este,0.020734255579654526,0.06858487684240043,0.0014220563653494596,19,18,66
RPM-2015-12-17:7212:1,4,que este es,0.03363683180096929,0.15527834186780354,0.005223071467740715,1,4,8
RPM-2015-12-17:7212:1,4,que este es un,0.036479641022330284,0.24705044164232434,0.009012311425520149,0,4,4
RPM-2015-12-17:7212:1,4,que haya,0.032777673505582375,-0.03587554300703573,-0.001175916835520096,2,1,12
RPM-2015-12-17:7212:1,4,que la,0.02625417209318687,-0.20383283372075986,-0.005351462294746773,95,68,308
RPM-2015-12-17:7212:1,4,que la decision,0.030728700905133688,-0.04470516678148305,-0.0013737316989423107,12,6,3
RPM-2015-12-17:7212:1,4,que la que,0.03518849974641951,0.03390409310959918,0.0011930341717897141,3,3,4
RPM-2015-12-17:7212:1,4,que la tasa,0.024491452016381355,0.07260043349605136,0.0017780900333370275,7,10,40
RPM-2015-12-17:7212:1,4,que la tasa de,0.026568217876771598,0.039003040172540845,0.0010362412691605405,6,7,28
RPM-2015-12-17:7212:1,4,que las,0.014026131988355985,0.19707232740687977,0.0027641624754614,57,46,191
RPM-2015-12-17:7212:1,4,que las dos,0.041697271188154014,-0.11873983927617184,-0.004951127279136359,1,0,2
RPM-2015-12-17:7212:1,4,que los,0.014913393782461482,0.44955264792704247,0.006704355664484251,39,40,177
RPM-2015-12-17:7212:1,4,que los efectos,0.03518849974641951,0.26597295725297343,0.009359189338850701,1,4,5
RPM-2015-12-17:7212:1,4,que los efectos de,0.03908845610524214,0.2161286500156913,0.00844813524922359,0,3,2
RPM-2015-12-17:7212:1,4,que no,0.02550791949655325,0.2915452176481395,0.007436711941373839,43,37,170
RPM-2015-12-17:7212:1,4,que no es,0.02721216782711798,0.30504695186946684,0.008300988849422713,7,10,20
RPM-2015-12-17:7212:1,4,que para,0.021957020763909336,0.08984263704413525,0.001972676647062448,15,11,59
RPM-2015-12-17:7212:1,4,que para la,0.03908845610524214,-0.04246464935427301,-0.0016598775823089996,1,0,4
RPM-2015-12-17:7212:1,4,que puede,0.025318992903320858,-0.050004056361917945,-0.0012660523481646565,7,8,35
RPM-2015-12-17:7212:1,4,que puede ser,0.032777673505582375,-0.24613506378580002,-0.008067734759046645,2,1,12
RPM-2015-12-17:7212:1,4,que se,0.026080502270682104,0.18933225888905483,0.004937880407869366,83,68,400
RPM-2015-12-17:7212:1,4,que se refiere,0.032387606827518546,-0.08975923208807723,-0.002907086718008632,2,1,13
RPM-2015-12-17:7212:1,4,que se refiere la,0.040261536643598,-0.07988500646714408,-0.003216293115150985,1,0,3
RPM-2015-12-17:7212:1,4,que se tiene,0.02941102709813259,-0.3638267768693606,-0.010700519193531004,7,3,16
RPM-2015-12-17:7212:1,4,que se ve,0.03809663064225511,-0.1431030023905161,-0.005451742225869242,3,0,3
RPM-2015-12-17:7212:1,4,que sea,0.030728700905133688,-0.18137030976144622,-0.00557327400173093,4,3,14
RPM-2015-12-17:7212:1,4,que su,0.03510614637570138,0.2689710051612564,0.009442535478010597,21,26,56
RPM-2015-12-17:7212:1,4,que su voto,0.02831787466429656,0.016468415534887496,0.00046635052703649846,10,12,9
RPM-2015-12-17:7212:1,4,que su voto es,0.028951250857667178,0.0019065130735146513,5.5195938254744734e-05,9,11,8
RPM-2015-12-17:7212:1,4,que tenemos,0.05549742548129122,0.24053902553666118,0.01334929664506326,2,4,9
RPM-2015-12-17:7212:1,4,radica,0.03908845610524214,-0.05512474887168628,-0.0021547413265834052,1,0,4
RPM-2015-12-17:7212:1,4,radica en,0.040261536643598,-0.05370966893796163,-0.0021624338040612595,1,0,3
RPM-2015-12-17:7212:1,4,razon,0.022668261517948964,0.33685981059125636,0.007636026281369353,10,17,49
RPM-2015-12-17:7212:1,4,razon de,0.027741298415127458,0.18803140570591056,0.005216235337103565,3,8,23
RPM-2015-12-17:7212:1,4,razon de lo,0.032777673505582375,0.1634478965238794,0.0053574417874339315,2,6,7
RPM-2015-12-17:7212:1,4,razones,0.024166973364692146,0.011345237287806856,0.00027418004735054043,21,11,28
RPM-2015-12-17:7212:1,4,realmente,0.041697271188154014,0.17346166846669767,0.007232878230805556,0,1,2
RPM-2015-12-17:7212:1,4,reconocer,0.041697271188154014,-0.05874270125088357,-0.0024494103443828065,2,1,0
RPM-2015-12-17:7212:1,4,reconocer que,0.041697271188154014,-0.05874270125088357,-0.0024494103443828065,2,1,0
RPM-2015-12-17:7212:1,4,refiere,0.025709059581384686,0.2044622617091538,0.005256532468425303,3,6,38
RPM-2015-12-17:7212:1,4,refiere la,0.034113652103511985,0.04195785294442776,0.0014313355983565246,1,2,9
RPM-2015-12-17:7212:1,4,refleja,0.04399286314208711,0.027872638530271505,0.0012261971722710985,6,5,34
RPM-2015-12-17:7212:1,4,refleja que,0.06304852131527881,0.06844044836272793,0.004315069067424691,0,1,6
RPM-2015-12-17:7212:1,4,relacion,0.01905569487100494,0.015495258882909854,0.00029527292521995904,11,13,110
RPM-2015-12-17:7212:1,4,relativamente,0.038667401952774086,-0.0935219193308102,-0.0036162496461593506,13,8,53
RPM-2015-12-17:7212:1,4,repite,0.041697271188154014,0.07295944691304758,0.003042209843671071,0,1,2
RPM-2015-12-17:7212:1,4,respecto,0.012516665457683457,-0.1309699352509852,-0.0016393068645510452,55,44,273
RPM-2015-12-17:7212:1,4,respecto de,0.01727660157754005,-0.3247425963225996,-0.005610448451921476,29,21,127
RPM-2015-12-17:7212:1,4,respecto de la,0.022032274600390894,-0.182034500031717,-0.004010634091443654,18,11,55
RPM-2015-12-17:7212:1,4,resultan,0.036479641022330284,-0.08934277309642878,-0.0032591922904972297,2,0,6
RPM-2015-12-17:7212:1,4,reunion,0.03663851300763579,-0.09114868064803733,-0.0033395521215519564,69,50,120
RPM-2015-12-17:7212:1,4,reunion con,0.041697271188154014,-0.016416255777931803,-0.0006845130690665227,1,1,1
RPM-2015-12-17:7212:1,4,reunion de,0.020986606733898718,-0.2937915000172083,-0.006165686672623349,34,17,48
RPM-2015-12-17:7212:1,4,reunion de hoy,0.032777673505582375,-0.09331669083783231,-0.003058704024903838,11,3,1
RPM-2015-12-17:7212:1,4,reunion pasada,0.030728700905133688,-0.11156078815406364,-0.0034281180919272032,7,3,11
RPM-2015-12-17:7212:1,4,reuniones,0.04330459670429411,-0.050940157972151956,-0.002205942997037073,15,10,23
RPM-2015-12-17:7212:1,4,ritmo,0.020859194062035038,-0.14065430235510812,-0.0029339353884853523,37,19,45
RPM-2015-12-17:7212:1,4,ritmo de,0.02301149647527004,0.11747894352489552,0.0027033662948415813,27,14,31
RPM-2015-12-17:7212:1,4,ritmo de normalizacion,0.030168858422670503,0.1771466815844718,0.005344313156767822,11,4,8
RPM-2015-12-17:7212:1,4,ritmo de normalizacion de,0.03518849974641951,0.04916287602533149,0.0017299678505506308,5,2,3
RPM-2015-12-17:7212:1,4,rpm,0.027741298415127458,0.043185684581710904,0.001198026963242811,6,6,22
RPM-2015-12-17:7212:1,4,rpm en,0.040261536643598,-0.05180912449856128,-0.002085914964471556,1,0,3
RPM-2015-12-17:7212:1,4,se,0.025958090301464776,0.0049862464203156015,0.00012943343484390788,104,77,614
RPM-2015-12-17:7212:1,4,se aproxima,0.040261536643598,0.02893861448008785,0.0011651130873050128,1,1,2
RPM-2015-12-17:7212:1,4,se debe,0.025844519946194595,0.12311109322348486,0.0031817471044121768,10,11,25
RPM-2015-12-17:7212:1,4,se justifica,0.034113652103511985,-0.029203556828322996,-0.0009962399778265525,5,3,4
RPM-2015-12-17:7212:1,4,se puede,0.022032274600390894,-0.17220318145287755,-0.0037940277808307383,19,13,52
RPM-2015-12-17:7212:1,4,se refiere,0.025709059581384686,0.2044622617091538,0.005256532468425303,3,6,38
RPM-2015-12-17:7212:1,4,se refiere la,0.034113652103511985,0.04195785294442776,0.0014313355983565246,1,2,9
RPM-2015-12-17:7212:1,4,se tiene,0.025194054420940346,-0.2752321277917107,-0.006934213205975567,9,5,37
RPM-2015-12-17:7212:1,4,se ve,0.02756004333975864,-0.28689013083766496,-0.007906704439635074,9,1,25
RPM-2015-12-17:7212:1,4,sea,0.034298819424817474,0.052468273155684766,0.00179959982649883,25,20,66
RPM-2015-12-17:7212:1,4,sea coherente,0.041697271188154014,0.02239400962985323,0.0009337690925261227,1,1,1
RPM-2015-12-17:7212:1,4,sea coherente con,0.041697271188154014,0.02239400962985323,0.0009337690925261227,1,1,1
RPM-2015-12-17:7212:1,4,seguir,0.042449732535377094,0.06163255571598285,0.0026162855056151985,16,12,24
RPM-2015-12-17:7212:1,4,seguir en,0.040261536643598,0.16243009083953158,0.006539685054358753,1,2,1
RPM-2015-12-17:7212:1,4,segundo,0.02919079867921083,0.04120718872857504,0.0012028707503120796,40,27,111
RPM-2015-12-17:7212:1,4,segundo termino,0.03319292271940032,0.23212787769652932,0.007705002705399306,1,4,9
RPM-2015-12-17:7212:1,4,segundo trimestre,0.024833167519291856,0.37603640493790264,0.009338175037175203,11,12,31
RPM-2015-12-17:7212:1,4,segundo trimestre del,0.03809663064225511,0.12975028034496872,0.0049430485060313265,0,2,4
RPM-2015-12-17:7212:1,4,semana,0.02721216782711798,-0.19961465576826662,-0.0054319475135184555,7,1,29
RPM-2015-12-17:7212:1,4,senala,0.010735053041632076,0.0970616469928317,0.0010419619287762166,80,57,354
RPM-2015-12-17:7212:1,4,senala que,0.011352215543923752,0.0863197417120921,0.0009799203136114955,74,54,318
RPM-2015-12-17:7212:1,4,senala que de,0.037237472346868195,0.0855503032583967,0.003185677051850735,2,2,3
RPM-2015-12-17:7212:1,4,senda,0.03319292271940032,-0.03426184635982884,-0.0011372508184457656,6,5,3
RPM-2015-12-17:7212:1,4,senda de,0.03462865726395632,-0.09472619625913706,-0.0032802409841759185,5,3,3
RPM-2015-12-17:7212:1,4,senor,0.012079610402102259,0.17130584038056768,0.0020693078114019745,83,69,708
RPM-2015-12-17:7212:1,4,senor pablo,0.047285889351109466,0.3282612148132902,0.015522123481922015,2,6,25
RPM-2015-12-17:7212:1,4,senor pablo garcia,0.047285889351109466,0.3282612148132902,0.015522123481922015,2,6,25
RPM-2015-12-17:7212:1,4,septiembre,0.04006000956357486,-0.05113987735781128,-0.0020486639760339655,17,10,38
RPM-2015-12-17:7212:1,4,ser,0.03291412110480677,-0.2104383831504532,-0.006926394428113746,46,35,146
RPM-2015-12-17:7212:1,4,ser mas,0.028951250857667178,0.33618457661020007,0.009732964011920532,4,7,17
RPM-2015-12-17:7212:1,4,ser muy,0.03462865726395632,-0.1664742909448614,-0.005764781164389754,3,2,6
RPM-2015-12-17:7212:1,4,sera,0.025709059581384686,0.0729774702663272,0.0018761821311757353,15,9,23
RPM-2015-12-17:7212:1,4,sesgo,0.07088552421214414,0.7470990430331714,0.05295850730379759,18,23,20
RPM-2015-12-17:7212:1,4,sesgo de,0.037237472346868195,0.18273345438413363,0.006804531954476877,4,3,0
RPM-2015-12-17:7212:1,4,sesgo en,0.037237472346868195,0.12523627678597887,0.004663482393642619,2,3,2
RPM-2015-12-17:7212:1,4,sesgo neutral,0.03580173780231218,0.14868720768167243,0.005323260423977174,2,3,4
RPM-2015-12-17:7212:1,4,sesgo que,0.037237472346868195,0.03991742500205751,0.0014864240096723017,2,2,3
RPM-2015-12-17:7212:1,4,si,0.02000395470772618,-0.04027823493413485,-0.0008057239873295879,63,42,310
RPM-2015-12-17:7212:1,4,si se,0.0192492171181959,-0.060975290881192634,-0.0011737266130172276,25,15,90
RPM-2015-12-17:7212:1,4,significativas,0.028522149906159786,-0.3049748190934172,-0.008698537507786408,7,3,20
RPM-2015-12-17:7212:1,4,significativas de,0.041697271188154014,-0.0028381924796094075,-0.00011834488150645274,0,0,3
RPM-2015-12-17:7212:1,4,similar,0.022263465807115582,0.07752232764114109,0.0017259156907265558,15,12,54
RPM-2015-12-17:7212:1,4,similar lo,0.03908845610524214,0.03838904434018452,0.0015005684746134968,1,1,3
RPM-2015-12-17:7212:1,4,sin,0.027093591640648798,-0.6197875108391288,-0.016792269722649546,64,34,118
RPM-2015-12-17:7212:1,4,sin embargo,0.018551697633984225,-0.5811429151601937,-0.01078118764418406,48,25,72
RPM-2015-12-17:7212:1,4,sin embargo se,0.036479641022330284,0.130536897914221,0.004761939176079357,2,2,4
RPM-2015-12-17:7212:1,4,sobre,0.012853051450000125,0.12755126893434254,0.0016394230221259073,56,46,251
RPM-2015-12-17:7212:1,4,sobre la,0.018250378979123173,-0.19069543005896586,-0.0034802638681630037,38,24,90
RPM-2015-12-17:7212:1,4,sobre la trayectoria,0.03580173780231218,0.10074432523171001,0.0036068219170165452,2,3,4
RPM-2015-12-17:7212:1,4,sobre la trayectoria de,0.03908845610524214,0.032670579549132564,0.0012770425146390897,2,2,1
RPM-2015-12-17:7212:1,4,son,0.025682926127819014,0.007158342975459267,0.0001838471938363125,54,40,152
RPM-2015-12-17:7212:1,4,son coherentes,0.03319292271940032,-0.13838600994230643,-0.004593436133461142,8,2,4
RPM-2015-12-17:7212:1,4,son coherentes con,0.03363683180096929,-0.13888017306958353,-0.004671489022031086,8,2,3
RPM-2015-12-17:7212:1,4,su,0.03456351704693743,0.5649123384825272,0.019525357241166115,91,69,295
RPM-2015-12-17:7212:1,4,su concordancia,0.03809663064225511,0.005588834750859882,0.00021291577322410878,0,1,5
RPM-2015-12-17:7212:1,4,su concordancia con,0.03809663064225511,0.005588834750859882,0.00021291577322410878,0,1,5
RPM-2015-12-17:7212:1,4,su intervencion,0.026568217876771598,0.11161894585195568,0.00296551647257033,8,9,24
RPM-2015-12-17:7212:1,4,su intervencion agradeciendo,0.03319292271940032,-0.0722550877975872,-0.0023983575453487968,4,3,7
RPM-2015-12-17:7212:1,4,su juicio,0.021882636933469486,0.36134825918230007,0.007907252762227503,24,25,37
RPM-2015-12-17:7212:1,4,su juicio ello,0.041697271188154014,0.062174054230283896,0.002592488400107142,0,1,2
RPM-2015-12-17:7212:1,4,su opinion,0.01896107361172872,0.20527397424554872,0.0038922149362419552,28,28,80
RPM-2015-12-17:7212:1,4,su voto,0.02460335274420611,-0.08674202720909413,-0.002134144693172867,26,17,13
RPM-2015-12-17:7212:1,4,su voto es,0.026723264648401402,-0.16442452343842925,-0.004393960054532424,16,13,11
RPM-2015-12-17:7212:1,4,su voto es por,0.026882140119740543,-0.1130804541136103,-0.0030398446122859627,15,13,11
RPM-2015-12-17:7212:1,4,subir,0.024166973364692146,-0.9694196958171146,-0.023427939968020173,28,9,23
RPM-2015-12-17:7212:1,4,subir la,0.026568217876771598,-0.961769496848702,-0.02555250153950931,24,6,11
RPM-2015-12-17:7212:1,4,subir la tpm,0.03518849974641951,-0.43296686060960143,-0.01523545426476901,8,1,1
RPM-2015-12-17:7212:1,4,subir la tpm en,0.036479641022330284,-0.31336133176493597,-0.011431308893064209,6,1,1
RPM-2015-12-17:7212:1,4,suficientemente,0.03319292271940032,0.043497282657834986,0.0014438019417654282,5,4,5
RPM-2015-12-17:7212:1,4,sugerir,0.05863141341304432,0.08730072255321127,0.005118564755274812,3,4,4
RPM-2015-12-17:7212:1,4,sugerir un,0.041697271188154014,0.05266252343159439,0.0021958835209797065,1,1,1
RPM-2015-12-17:7212:1,4,sugiere,0.04423229978067471,0.33392333202443114,0.014770196925866414,11,12,21
RPM-2015-12-17:7212:1,4,sugiere que,0.029177032959683467,0.4584248486042525,0.013375476917264179,8,11,8
RPM-2015-12-17:7212:1,4,sugiere que en,0.041697271188154014,-0.06372316165845578,-0.0026570819526392088,1,0,2
RPM-2015-12-17:7212:1,4,tambien,0.012889505539990409,-0.1660293606869341,-0.002140036364375303,64,46,241
RPM-2015-12-17:7212:1,4,tambien las,0.03580173780231218,-0.01361171567112639,-0.00048732307549729083,1,1,7
RPM-2015-12-17:7212:1,4,tanto,0.014548411462375264,-0.07786909858030111,-0.001132871686350482,57,44,170
RPM-2015-12-17:7212:1,4,tanto cree,0.03809663064225511,-0.45046094854475244,-0.01716104437546932,5,0,1
RPM-2015-12-17:7212:1,4,tanto cree que,0.03908845610524214,-0.39678115946507414,-0.015509562935137633,4,0,1
RPM-2015-12-17:7212:1,4,tasa,0.020819342279409195,0.18520280742234568,0.0038558006388333204,96,72,217
RPM-2015-12-17:7212:1,4,tasa de,0.01336351433727898,-0.17025294742001046,-0.002275177703811314,94,61,171
RPM-2015-12-17:7212:1,4,tasa se,0.03580173780231218,0.29371716970765316,0.010515585097910628,0,3,6
RPM-2015-12-17:7212:1,4,tasas,0.014384922057764411,0.8134287489129735,0.011701109152657941,52,44,182
RPM-2015-12-17:7212:1,4,tema,0.02092258501491326,0.09586432643054263,0.0020057295196404244,8,13,79
RPM-2015-12-17:7212:1,4,tema que,0.03134193896102636,0.10166455191229445,0.003186364180535229,1,3,15
RPM-2015-12-17:7212:1,4,temas,0.03044269250061797,0.20148336101098646,0.006133696003248461,1,4,17
RPM-2015-12-17:7212:1,4,tenemos,0.06448762933432044,0.3212164842176868,0.020714489570303776,3,5,13
RPM-2015-12-17:7212:1,4,tener,0.019348205680997467,-0.5370094888688857,-0.010390170043282519,33,13,82
RPM-2015-12-17:7212:1,4,tener un,0.03167196666840379,-0.20337375038782374,-0.006441246643511427,6,1,11
RPM-2015-12-17:7212:1,4,termino,0.02460335274420611,0.058079950409149005,0.001428961507282291,8,9,39
RPM-2015-12-17:7212:1,4,terreno,0.034113652103511985,0.20178304819506582,0.006883556706512667,0,3,9
RPM-2015-12-17:7212:1,4,texto,0.032777673505582375,0.03800666240795842,0.0012457699714449523,5,5,5
RPM-2015-12-17:7212:1,4,tienden,0.03363683180096929,0.04972229562168034,0.0016725004945845332,1,2,10
RPM-2015-12-17:7212:1,4,tiene,0.034616016641697146,-0.5898066173778892,-0.020416755682536113,40,20,140
RPM-2015-12-17:7212:1,4,tiene que,0.02598289365933215,-0.16641775535596065,-0.004324014840438679,9,5,31
RPM-2015-12-17:7212:1,4,tomando,0.03809663064225511,0.007903369422018431,0.0003010917456999294,1,1,4
RPM-2015-12-17:7212:1,4,torno,0.017922454272147427,0.13896873756653888,0.0024906608442943493,32,25,103
RPM-2015-12-17:7212:1,4,torno lo,0.040261536643598,0.03662764583489231,0.0014746853049502464,0,1,3
RPM-2015-12-17:7212:1,4,tpm,0.05895245006386365,0.6219862578528562,0.036667613806479926,22,31,44
RPM-2015-12-17:7212:1,4,tpm de,0.036479641022330284,-0.10139874552762247,-0.003698989836962286,3,2,3
RPM-2015-12-17:7212:1,4,tpm en,0.05261534931650486,0.26720442953406226,0.014059054398852095,16,18,18
RPM-2015-12-17:7212:1,4,tpm en 25,0.05549742548129122,-0.4076286241390019,-0.022622339192195525,10,5,0
RPM-2015-12-17:7212:1,4,tpm en 25 puntos,0.03363683180096929,-0.40879300779222205,-0.0137505016445193,9,4,0
RPM-2015-12-17:7212:1,4,tpm en esta,0.036479641022330284,0.38647822034105794,0.01409858674099086,0,5,3
RPM-2015-12-17:7212:1,4,tranquilidad,0.03462865726395632,-0.1342688558694882,-0.004649550191128057,2,0,9
RPM-2015-12-17:7212:1,4,transmitir,0.03908845610524214,-0.01992947472909603,-0.0007790123981488027,3,2,0
RPM-2015-12-17:7212:1,4,trayectoria,0.019103532486699826,-0.2517146232996977,-0.0048086384835831835,43,22,68
RPM-2015-12-17:7212:1,4,trayectoria de,0.024491452016381355,-0.01762851231320782,-0.0004317478634391172,18,13,26
RPM-2015-12-17:7212:1,4,trayectoria de la,0.029906204416470353,0.09681550136280079,0.0028953841744389845,8,7,9
RPM-2015-12-17:7212:1,4,trayectoria de la tasa,0.034113652103511985,-0.03729747805997045,-0.001272353190876203,5,3,4
RPM-2015-12-17:7212:1,4,tres,0.022752368985832157,0.312403855170957,0.007107927785446082,16,13,46
RPM-2015-12-17:7212:1,4,tres cuatro,0.041697271188154014,0.10162864515798616,0.004237637177637224,0,1,2
RPM-2015-12-17:7212:1,4,trimestre,0.01716906487368975,0.3800188944154077,0.006524569051445991,29,25,126
RPM-2015-12-17:7212:1,4,trimestre del,0.025194054420940346,0.3321163081278053,0.00836735634105372,1,7,43
RPM-2015-12-17:7212:1,4,trimestre del proximo,0.040261536643598,0.1719985378809637,0.006924925435539699,0,2,2
RPM-2015-12-17:7212:1,4,trimestre del proximo ano,0.040261536643598,0.1719985378809637,0.006924925435539699,0,2,2
RPM-2015-12-17:7212:1,4,trimestres,0.022503274794285554,0.7321025519247912,0.016474704903561285,17,20,41
RPM-2015-12-17:7212:1,4,un,0.03401696491927541,-0.08337917763978898,-0.0028363065607707343,100,71,485
RPM-2015-12-17:7212:1,4,un alza,0.0379643239171685,-1.075635967544571,-0.04083579228881904,38,10,31
RPM-2015-12-17:7212:1,4,un alza de,0.02598289365933215,-0.9132302888451524,-0.02372836548154478,30,6,9
RPM-2015-12-17:7212:1,4,un alza de 25,0.032387606827518546,-0.9300986132123542,-0.030123668195541974,16,0,0
RPM-2015-12-17:7212:1,4,un argumento,0.040261536643598,0.21851085263227754,0.008797582700278285,0,2,2
RPM-2015-12-17:7212:1,4,un comunicado,0.040261536643598,-0.009262949234834093,-0.0003729405700460609,2,1,1
RPM-2015-12-17:7212:1,4,un contexto,0.05452801992863117,0.38539544231551404,0.021014850358983973,5,11,29
RPM-2015-12-17:7212:1,4,un contexto donde,0.036479641022330284,0.18545783068480695,0.006765435088161868,1,3,4
RPM-2015-12-17:7212:1,4,un contexto donde la,0.041697271188154014,0.10270821494722876,0.004282652291905812,1,2,0
RPM-2015-12-17:7212:1,4,un escenario,0.02283759049227267,0.22575812004438287,0.00515577149587895,20,18,36
RPM-2015-12-17:7212:1,4,un escenario externo,0.03908845610524214,-0.12996444519861594,-0.005080109511388247,2,0,3
RPM-2015-12-17:7212:1,4,un horizonte,0.03462865726395632,-0.07633699539615924,-0.00264344765013381,4,2,5
RPM-2015-12-17:7212:1,4,un lado,0.030728700905133688,-0.028403836849619585,-0.0008728130071101749,3,1,17
RPM-2015-12-17:7212:1,4,un movimiento,0.03363683180096929,0.043292686728570104,0.001456228821700968,3,2,8
RPM-2015-12-17:7212:1,4,un ritmo,0.025709059581384686,-0.03876893097511447,-0.000996712756345808,16,10,21
RPM-2015-12-17:7212:1,4,un ritmo de,0.029653853262226162,-0.008328409622445916,-0.00024696943685172356,9,5,11
RPM-2015-12-17:7212:1,4,un sesgo,0.06619890397816282,0.2524638390776036,0.01671282944105663,13,10,11
RPM-2015-12-17:7212:1,4,un sesgo en,0.041697271188154014,0.13286751557435203,0.005540212829000034,1,2,0
RPM-2015-12-17:7212:1,4,un sesgo neutral,0.03809663064225511,0.2240775110978528,0.008536598175530718,1,3,2
RPM-2015-12-17:7212:1,4,un tema,0.03044269250061797,0.07032714952946005,0.002140947787570332,2,3,17
RPM-2015-12-17:7212:1,4,un tema que,0.03580173780231218,0.004510431862836163,0.00016148129892845482,1,1,7
RPM-2015-12-17:7212:1,4,una,0.027831425286418097,0.11486891921973703,0.003196965742995707,95,70,435
RPM-2015-12-17:7212:1,4,una alza,0.041697271188154014,-0.15814586074035478,-0.006594250842574612,3,0,0
RPM-2015-12-17:7212:1,4,una politica,0.029653853262226162,-0.040402973410262485,-0.001198103844865549,10,8,7
RPM-2015-12-17:7212:1,4,una politica monetaria,0.03167196666840379,-0.26456376400892534,-0.008379254715358131,8,5,5
RPM-2015-12-17:7212:1,4,una senda,0.037237472346868195,-0.1251932464430471,-0.004661880052437621,4,2,1
RPM-2015-12-17:7212:1,4,una senda de,0.03908845610524214,-0.11828458920811363,-0.004623561973187948,3,1,1
RPM-2015-12-17:7212:1,4,ve,0.026416819605195152,-0.30156216511634504,-0.00796631331563056,12,3,27
RPM-2015-12-17:7212:1,4,vinculadas,0.041697271188154014,-0.004143700025074084,-0.00017278098366787465,0,0,3
RPM-2015-12-17:7212:1,4,vinculados,0.037237472346868195,0.10509561064799675,0.003913494895282006,0,1,6
RPM-2015-12-17:7212:1,4,voto,0.024381464215483633,-0.1712626360673666,-0.004175633832725896,28,17,13
RPM-2015-12-17:7212:1,4,voto es,0.026723264648401402,-0.16442452343842925,-0.004393960054532424,16,13,11
RPM-2015-12-17:7212:1,4,voto es por,0.026882140119740543,-0.1130804541136103,-0.0030398446122859627,15,13,11
RPM-2015-09-15:7045:1,5,01,0.03627635016573408,-0.2882296050053532,-0.010455918079305413,14,8,6
RPM-2015-09-15:7045:1,5,acerca,0.033484003370031976,0.040373151404676344,0.001351854737692994,7,7,26
RPM-2015-09-15:7045:1,5,acerca de,0.03627635016573408,0.04829798122946085,0.0017520744793779735,4,5,19
RPM-2015-09-15:7045:1,5,acerca de la,0.04571172102470361,0.03930262472277105,0.0017965906168659295,1,2,5
RPM-2015-09-15:7045:1,5,acorde,0.04339187337704001,0.0669402061786969,0.002904660950338967,0,1,10
RPM-2015-09-15:7045:1,5,acorde con,0.044093526895137486,0.06808337130268513,0.0030020359636465785,0,1,9
RPM-2015-09-15:7045:1,5,acordo,0.06142120000411797,0.07160899500232995,0.0043983104041319925,12,9,7
RPM-2015-09-15:7045:1,5,acordo mantener,0.0704221559513046,0.23040816724308993,0.01622583988604715,3,5,6
RPM-2015-09-15:7045:1,5,acordo mantener la,0.0704221559513046,0.23040816724308993,0.01622583988604715,3,5,6
RPM-2015-09-15:7045:1,5,acordo mantener la tasa,0.0704221559513046,0.23040816724308993,0.01622583988604715,3,5,6
RPM-2015-09-15:7045:1,5,actividad,0.018558088392656654,0.29918090314621615,0.0055522256459823284,72,48,140
RPM-2015-09-15:7045:1,5,actividad la,0.03968623755396441,0.10157929858151449,0.004031300174071064,3,5,10
RPM-2015-09-15:7045:1,5,actividad la demanda,0.04486210136532633,0.09879756917323648,0.004432266562897576,2,4,3
RPM-2015-09-15:7045:1,5,actual,0.02329795800038053,0.14478404449029847,0.0033731725876602,48,29,67
RPM-2015-09-15:7045:1,5,acuerdo,0.024690700836376037,0.17616479739428315,0.004349632310363042,30,21,70
RPM-2015-09-15:7045:1,5,adopto,0.0421488133248953,0.01378083794973339,0.0005808459662039455,4,4,5
RPM-2015-09-15:7045:1,5,adopto el,0.04339187337704001,-0.06176956408055675,-0.0026802971031384772,4,3,4
RPM-2015-09-15:7045:1,5,adopto el siguiente,0.04339187337704001,-0.06176956408055675,-0.0026802971031384772,4,3,4
RPM-2015-09-15:7045:1,5,adopto el siguiente acuerdo,0.04339187337704001,-0.06176956408055675,-0.0026802971031384772,4,3,4
RPM-2015-09-15:7045:1,5,agosto,0.03499366384983631,-0.16333613867445324,-0.005715729931304064,9,4,20
RPM-2015-09-15:7045:1,5,al,0.02721606149170127,0.04055995724621146,0.0011038822905136657,93,61,367
RPM-2015-09-15:7045:1,5,al alza,0.023755608652533507,-0.7776873532034347,-0.018474436416725398,32,8,96
RPM-2015-09-15:7045:1,5,al concluir,0.03968623755396441,0.1395015393765008,0.005536291230839531,1,4,13
RPM-2015-09-15:7045:1,5,al concluir la,0.04666151499647757,0.10216080686786064,0.004766978021716928,1,3,3
RPM-2015-09-15:7045:1,5,al concluir la reunion,0.04666151499647757,0.10216080686786064,0.004766978021716928,1,3,3
RPM-2015-09-15:7045:1,5,al texto,0.04571172102470361,0.18635206598735393,0.008518473652791082,1,4,3
RPM-2015-09-15:7045:1,5,al texto del,0.04571172102470361,0.18635206598735393,0.008518473652791082,1,4,3
RPM-2015-09-15:7045:1,5,al texto del comunicado,0.04571172102470361,0.18635206598735393,0.008518473652791082,1,4,3
RPM-2015-09-15:7045:1,5,alcanzo,0.039272612098225176,-0.0527248504535913,-0.002070642599800823,1,0,18
RPM-2015-09-15:7045:1,5,algunos,0.022917769752660945,-0.07646154958915707,-0.0017523281884159689,36,25,90
RPM-2015-09-15:7045:1,5,alta,0.029404174582735153,-0.18392550032012367,-0.005408177521629827,15,8,44
RPM-2015-09-15:7045:1,5,alta volatilidad,0.047738302591996455,-0.09844907540132135,-0.004699791751410554,2,1,3
RPM-2015-09-15:7045:1,5,alza,0.01923450267748415,-1.0626672408449358,-0.02043987588930661,62,22,155
RPM-2015-09-15:7045:1,5,ambito,0.029768022544323026,0.03401977893394453,0.0010127015462585464,20,18,26
RPM-2015-09-15:7045:1,5,ambito externo,0.03655932405779414,0.09519034310478011,0.003480094600740266,9,10,8
RPM-2015-09-15:7045:1,5,ambito externo los,0.04571172102470361,0.28413195249246764,0.01298816054654002,1,5,2
RPM-2015-09-15:7045:1,5,america,0.023466548010822208,0.41411119745571706,0.00971776029691366,16,19,106
RPM-2015-09-15:7045:1,5,america latina,0.03388728382313787,-0.06003918273298424,-0.002034564825781875,1,1,36
RPM-2015-09-15:7045:1,5,america latina en,0.047738302591996455,-0.09848185667748256,-0.004701356673891289,1,0,5
RPM-2015-09-15:7045:1,5,antecedentes,0.023874197972811356,0.451047924853807,0.010768407453185528,43,33,58
RPM-2015-09-15:7045:1,5,antecedentes recientes,0.05045159063242749,0.2997032387964172,0.0151205051149695,0,3,1
RPM-2015-09-15:7045:1,5,anual,0.05520171932816585,0.2458104218467537,0.013569157914722544,38,29,80
RPM-2015-09-15:7045:1,5,anual al,0.04666151499647757,0.1851500900880595,0.008639383705243161,0,3,4
RPM-2015-09-15:7045:1,5,anual al concluir,0.047738302591996455,0.1940185477574457,0.009262116141304658,0,3,3
RPM-2015-09-15:7045:1,5,anual al concluir la,0.047738302591996455,0.1940185477574457,0.009262116141304658,0,3,3
RPM-2015-09-15:7045:1,5,anual de,0.03409674828686325,-0.050492870942273116,-0.001721642710799758,7,3,27
RPM-2015-09-15:7045:1,5,anual de los,0.0421488133248953,-0.0007444751495950322,-3.137874410530451e-05,2,1,10
RPM-2015-09-15:7045:1,5,anual de los salarios,0.048981362644141165,-0.02490313804076742,-0.001219789635351936,2,1,2
RPM-2015-09-15:7045:1,5,anual en,0.03409674828686325,0.09894614804397049,0.0033737419038099687,13,8,16
RPM-2015-09-15:7045:1,5,anual en el,0.036002970478787616,0.008124639424159238,0.0002925111533387991,13,7,9
RPM-2015-09-15:7045:1,5,anual en el ambito,0.0421488133248953,0.21440238315521049,0.009036806024021644,3,6,4
RPM-2015-09-15:7045:1,5,atencion,0.03368312283112402,0.08803179671535427,0.002965185821807818,7,7,25
RPM-2015-09-15:7045:1,5,aumentaron,0.03850403762803632,0.02650461125490023,0.0010205345490751534,1,1,19
RPM-2015-09-15:7045:1,5,aumentaron en,0.048981362644141165,0.005084933950485607,0.00024906699385024086,0,0,5
RPM-2015-09-15:7045:1,5,banco,0.03413238456143477,-0.33114162820956816,-0.011302653398348636,59,33,121
RPM-2015-09-15:7045:1,5,banco central,0.03973231960199821,-0.41658255856223536,-0.01655179135741287,49,26,66
RPM-2015-09-15:7045:1,5,banco central de,0.0490051875914325,-0.2519708552792461,-0.012347879030533146,28,13,30
RPM-2015-09-15:7045:1,5,banco central de chile,0.04919614759536061,-0.25111635224013396,-0.012353957128414195,28,13,29
RPM-2015-09-15:7045:1,5,brasil,0.03409674828686325,0.12297586146254431,0.004193076993648541,1,3,33
RPM-2015-09-15:7045:1,5,cambios,0.025380345523591825,0.12670843144853486,0.0032159037709161634,26,18,67
RPM-2015-09-15:7045:1,5,cambios respecto,0.04571172102470361,0.02401907394491974,0.0010979532074418985,1,1,6
RPM-2015-09-15:7045:1,5,cambios respecto del,0.052251004263578725,-0.002446703640537678,-0.0001278427223534478,0,0,3
RPM-2015-09-15:7045:1,5,central,0.034920300327472995,-0.4915322960756006,-0.01716445539961235,71,37,93
RPM-2015-09-15:7045:1,5,central de,0.04657923225872093,-0.34094737468271674,-0.01588106695334741,36,15,34
RPM-2015-09-15:7045:1,5,central de chile,0.04919614759536061,-0.25111635224013396,-0.012353957128414195,28,13,29
RPM-2015-09-15:7045:1,5,central de chile acordo,0.06458608426758726,0.1917082010205852,0.012381682025903073,9,8,5
RPM-2015-09-15:7045:1,5,chile,0.03760019191449626,-0.15605629895730994,-0.005867746790260857,45,28,92
RPM-2015-09-15:7045:1,5,chile acordo,0.06458608426758726,0.1917082010205852,0.012381682025903073,9,8,5
RPM-2015-09-15:7045:1,5,chile acordo mantener,0.07346882806754944,0.26116472507022637,0.019187466283493278,2,4,5
RPM-2015-09-15:7045:1,5,chile acordo mantener la,0.07346882806754944,0.26116472507022637,0.019187466283493278,2,4,5
RPM-2015-09-15:7045:1,5,china,0.0284018466893529,0.12422813376978262,0.0035283084098337897,3,8,65
RPM-2015-09-15:7045:1,5,china la,0.048981362644141165,0.0696477949874092,0.003411443903643087,0,1,4
RPM-2015-09-15:7045:1,5,cobre,0.025237617400324545,0.5128441043714853,0.012942963292139655,22,21,70
RPM-2015-09-15:7045:1,5,cobre en,0.04159245974588877,-0.131737869365365,-0.005479302028588097,2,0,12
RPM-2015-09-15:7045:1,5,comenzara,0.047738302591996455,-0.04567872997263787,-0.0021806250334518843,1,0,5
RPM-2015-09-15:7045:1,5,componentes,0.03204662238621187,0.05098619282925957,0.001633935268509865,5,4,39
RPM-2015-09-15:7045:1,5,componentes mas,0.048981362644141165,-0.05957631608686144,-0.002918129143252541,1,0,4
RPM-2015-09-15:7045:1,5,componentes mas volatiles,0.052251004263578725,-8.09782450888509e-05,-4.231194629394672e-06,0,0,3
RPM-2015-09-15:7045:1,5,compromiso,0.03409674828686325,-0.16635523072264966,-0.005672172428153246,18,8,11
RPM-2015-09-15:7045:1,5,compromiso de,0.03747319846707394,0.22093958985531897,0.008279313099882285,9,8,7
RPM-2015-09-15:7045:1,5,compromiso de conducir,0.04058315311693746,0.17302558308141686,0.007021923731340525,5,6,5
RPM-2015-09-15:7045:1,5,compromiso de conducir la,0.04058315311693746,0.17302558308141686,0.007021923731340525,5,6,5
RPM-2015-09-15:7045:1,5,comunicado,0.044795820346321465,0.24651830500890032,0.011042989703258378,41,30,26
RPM-2015-09-15:7045:1,5,comunicado en,0.03499366384983631,-0.1539412456070001,-0.005386968201396451,18,9,6
RPM-2015-09-15:7045:1,5,comunicado en su,0.03627635016573408,-0.05106799496821661,-0.0018525604677289717,15,8,5
RPM-2015-09-15:7045:1,5,comunicado en su reunion,0.03627635016573408,-0.05106799496821661,-0.0018525604677289717,15,8,5
RPM-2015-09-15:7045:1,5,comunicado que,0.04107202572937641,0.0003515546847714726,1.4439063058216736e-05,6,5,4
RPM-2015-09-15:7045:1,5,comunicado que es,0.04666151499647757,0.10216080686786064,0.004766978021716928,1,3,3
RPM-2015-09-15:7045:1,5,comunicado que es del,0.04666151499647757,0.10216080686786064,0.004766978021716928,1,3,3
RPM-2015-09-15:7045:1,5,con,0.03418534704071351,-0.06776194828044772,-0.0023164657181219852,102,67,401
RPM-2015-09-15:7045:1,5,con el,0.02082660595964078,-0.6674614814418256,-0.01390095726722699,57,24,115
RPM-2015-09-15:7045:1,5,con el ipom,0.052251004263578725,-0.1561283337903347,-0.008157862234544221,3,0,0
RPM-2015-09-15:7045:1,5,con ello,0.03204662238621187,-0.01179111209191525,-0.00037786531672310474,10,7,31
RPM-2015-09-15:7045:1,5,con ello la,0.04486210136532633,0.03700977041712835,0.0016603360719606678,2,2,5
RPM-2015-09-15:7045:1,5,con especial,0.048981362644141165,0.09726299444679265,0.004764074002853439,1,3,1
RPM-2015-09-15:7045:1,5,con especial atencion,0.052251004263578725,0.05310601091910328,0.002774842402955724,1,2,0
RPM-2015-09-15:7045:1,5,con flexibilidad,0.0421488133248953,0.08663278700723771,0.0036514691673834774,4,5,4
RPM-2015-09-15:7045:1,5,con la,0.01982693653344601,0.030382552664009244,0.0006023929433933923,55,38,129
RPM-2015-09-15:7045:1,5,con la meta,0.03850403762803632,-0.3295325829316287,-0.012688334972863431,13,4,4
RPM-2015-09-15:7045:1,5,con la meta de,0.0421488133248953,-0.18827044907543314,-0.007935376012674638,8,2,3
RPM-2015-09-15:7045:1,5,con los,0.026457133119110715,0.07157697255270455,0.0018937214910898382,20,15,62
RPM-2015-09-15:7045:1,5,concluir,0.035482536462275255,0.1717210952551471,0.006093100023732599,4,7,20
RPM-2015-09-15:7045:1,5,concluir la,0.04571172102470361,0.05234567454387652,0.0023928108715996132,2,3,3
RPM-2015-09-15:7045:1,5,concluir la reunion,0.04666151499647757,0.10216080686786064,0.004766978021716928,1,3,3
RPM-2015-09-15:7045:1,5,concluir la reunion se,0.04666151499647757,0.10216080686786064,0.004766978021716928,1,3,3
RPM-2015-09-15:7045:1,5,conducir,0.03968623755396441,0.07243930283131014,0.002874843380406941,6,6,6
RPM-2015-09-15:7045:1,5,conducir la,0.04058315311693746,0.1565217085679549,0.006352144464937976,5,6,5
RPM-2015-09-15:7045:1,5,conducir la politica,0.04058315311693746,0.17302558308141686,0.007021923731340525,5,6,5
RPM-2015-09-15:7045:1,5,conducir la politica monetaria,0.04058315311693746,0.17302558308141686,0.007021923731340525,5,6,5
RPM-2015-09-15:7045:1,5,confianza,0.033484003370031976,-0.11987095226723299,-0.004013759369684971,5,3,32
RPM-2015-09-15:7045:1,5,conforme,0.03747319846707394,0.2542433221113945,0.009527310468408495,1,6,17
RPM-2015-09-15:7045:1,5,conforme la,0.04486210136532633,0.19865666026784623,0.008912155229833314,1,4,4
RPM-2015-09-15:7045:1,5,conforme la votacion,0.04666151499647757,0.10216080686786064,0.004766978021716928,1,3,3
RPM-2015-09-15:7045:1,5,consejeros,0.03655932405779414,0.6033754531931608,0.022058998721807166,2,9,16
RPM-2015-09-15:7045:1,5,consejeros el,0.04571172102470361,0.09069620161073039,0.004145879466029982,1,3,4
RPM-2015-09-15:7045:1,5,consejeros el consejo,0.04666151499647757,0.10216080686786064,0.004766978021716928,1,3,3
RPM-2015-09-15:7045:1,5,consejeros el consejo adopto,0.04666151499647757,0.10216080686786064,0.004766978021716928,1,3,3
RPM-2015-09-15:7045:1,5,consejo,0.06778783954990901,-0.052543911333869486,-0.00356183823082499,46,21,36
RPM-2015-09-15:7045:1,5,consejo adopto,0.04274641470967657,-0.061845456544903005,-0.002643671533377705,4,3,5
RPM-2015-09-15:7045:1,5,consejo adopto el,0.04339187337704001,-0.06176956408055675,-0.0026802971031384772,4,3,4
RPM-2015-09-15:7045:1,5,consejo adopto el siguiente,0.04339187337704001,-0.06176956408055675,-0.0026802971031384772,4,3,4
RPM-2015-09-15:7045:1,5,consejo del,0.058469015584794906,-0.06705433614084845,-0.003920601024847344,17,9,9
RPM-2015-09-15:7045:1,5,consejo del banco,0.05924942328481283,-0.011695547558389238,-0.0006929544478346632,16,9,8
RPM-2015-09-15:7045:1,5,consejo del banco central,0.0596570182606916,-0.016263482216086006,-0.000970230855547476,16,9,7
RPM-2015-09-15:7045:1,5,consejo reafirma,0.04339187337704001,-0.042322371862623616,-0.0018364470008789648,4,2,5
RPM-2015-09-15:7045:1,5,consejo reafirma su,0.044093526895137486,0.006150177464568588,0.0002711830154438235,3,2,5
RPM-2015-09-15:7045:1,5,consejo reafirma su compromiso,0.044093526895137486,0.006150177464568588,0.0002711830154438235,3,2,5
RPM-2015-09-15:7045:1,5,considera,0.02705473450389199,0.1969580624457901,0.0053286480878718305,23,19,48
RPM-2015-09-15:7045:1,5,considera que,0.031115134729783934,-0.08349042127786231,-0.002597815706707105,17,11,26
RPM-2015-09-15:7045:1,5,considera que la,0.044093526895137486,0.08957437255652313,0.0039496500054361176,2,3,5
RPM-2015-09-15:7045:1,5,convergencia,0.031413832894190856,-0.37111976056052165,-0.011658294141980349,22,9,21
RPM-2015-09-15:7045:1,5,convergencia de,0.03627635016573408,-0.11818797028593914,-0.004287428195470102,13,6,9
RPM-2015-09-15:7045:1,5,convergencia de la,0.037156925442575414,-0.1633360664067668,-0.0060690660415597805,13,5,7
RPM-2015-09-15:7045:1,5,convergencia de la inflacion,0.037156925442575414,-0.17036546402347763,-0.006330256844710122,13,5,7
RPM-2015-09-15:7045:1,5,corto,0.023523537141630434,0.14477650665574276,0.0034056555315518707,38,25,77
RPM-2015-09-15:7045:1,5,corto plazo,0.02393415310733782,0.08236857819731311,0.0019714221618082196,37,24,72
RPM-2015-09-15:7045:1,5,corto plazo el,0.04666151499647757,-0.023912560414103955,-0.0011157962963668875,3,2,2
RPM-2015-09-15:7045:1,5,creacion,0.03475991042664291,-0.22770750217029512,-0.007915092378914053,9,2,23
RPM-2015-09-15:7045:1,5,creacion de,0.03523439600859877,-0.18636882334113022,-0.006566592925257968,8,2,22
RPM-2015-09-15:7045:1,5,creacion de empleo,0.03968623755396441,-0.0278474203325687,-0.0011051593385834199,3,2,13
RPM-2015-09-15:7045:1,5,crecimiento,0.016990610961379184,-0.3531872377336266,-0.006000866952856192,78,46,192
RPM-2015-09-15:7045:1,5,crecimiento anual,0.03523439600859877,-0.052644865885247694,-0.0018549100524203888,4,2,26
RPM-2015-09-15:7045:1,5,crecimiento anual de,0.03814558179533324,-0.06506428448201247,-0.002481914985663438,3,1,18
RPM-2015-09-15:7045:1,5,crecimiento anual de los,0.044093526895137486,-0.008003561855345101,-0.0003529052699255557,2,1,7
RPM-2015-09-15:7045:1,5,dados,0.04107202572937641,-0.023268959222128616,-0.0009557032918670771,4,2,9
RPM-2015-09-15:7045:1,5,dados los,0.0421488133248953,-0.00579760701860085,-0.00024436225595811,3,2,8
RPM-2015-09-15:7045:1,5,dados los antecedentes,0.05045159063242749,-0.02112128277393894,-0.0010656023121425099,1,0,3
RPM-2015-09-15:7045:1,5,dar,0.03255609252823209,0.06113499599738037,0.0019903165864038137,12,10,23
RPM-2015-09-15:7045:1,5,dar lectura,0.04666151499647757,0.10216080686786064,0.004766978021716928,1,3,3
RPM-2015-09-15:7045:1,5,dar lectura al,0.04666151499647757,0.10216080686786064,0.004766978021716928,1,3,3
RPM-2015-09-15:7045:1,5,dar lectura al texto,0.04666151499647757,0.10216080686786064,0.004766978021716928,1,3,3
RPM-2015-09-15:7045:1,5,de agosto,0.03747319846707394,-0.0627359771516084,-0.002350917722828038,8,4,12
RPM-2015-09-15:7045:1,5,de chile,0.04522031311855742,-0.3679818509088714,-0.01664025452004548,33,14,47
RPM-2015-09-15:7045:1,5,de chile acordo,0.06458608426758726,0.1917082010205852,0.012381682025903073,9,8,5
RPM-2015-09-15:7045:1,5,de chile acordo mantener,0.07346882806754944,0.26116472507022637,0.019187466283493278,2,4,5
RPM-2015-09-15:7045:1,5,de conducir,0.04058315311693746,0.1565217085679549,0.006352144464937976,5,6,5
RPM-2015-09-15:7045:1,5,de conducir la,0.04058315311693746,0.1565217085679549,0.006352144464937976,5,6,5
RPM-2015-09-15:7045:1,5,de conducir la politica,0.04058315311693746,0.17302558308141686,0.007021923731340525,5,6,5
RPM-2015-09-15:7045:1,5,de confianza,0.039272612098225176,-0.08662657441649742,-0.00340205185445714,3,1,15
RPM-2015-09-15:7045:1,5,de empleo,0.03388728382313787,-0.05219766558896696,-0.0017688371087185603,4,3,31
RPM-2015-09-15:7045:1,5,de inflacion,0.03308869416201913,-0.6579228196416438,-0.021769806961335625,71,38,121
RPM-2015-09-15:7045:1,5,de interes,0.035124594678327306,0.12242818928299798,0.004300240525766839,58,41,99
RPM-2015-09-15:7045:1,5,de interes de,0.04424961080205828,-0.08056306148708872,-0.003564884115825967,32,20,49
RPM-2015-09-15:7045:1,5,de interes de politica,0.05293303109540276,-0.2818426850856067,-0.014918787613648229,26,12,15
RPM-2015-09-15:7045:1,5,de la,0.02942366217732727,0.3075825823438391,0.00905020599451507,107,67,390
RPM-2015-09-15:7045:1,5,de la economia,0.02502815293659915,-0.05059236204685613,-0.0012662333747325096,43,25,48
RPM-2015-09-15:7045:1,5,de la economia china,0.047738302591996455,-0.10046827731690128,-0.004796185023450847,1,0,5
RPM-2015-09-15:7045:1,5,de la inflacion,0.024366804749913807,0.16156176799978827,0.003936744055901714,42,23,61
RPM-2015-09-15:7045:1,5,de la inflacion en,0.03814558179533324,0.5807139509638781,0.02215167151618375,3,9,10
RPM-2015-09-15:7045:1,5,de la proxima,0.048981362644141165,-0.07883950862911962,-0.0038616665628488046,2,0,3
RPM-2015-09-15:7045:1,5,de la reserva,0.03627635016573408,0.11161279602544597,0.00404890487159573,3,5,20
RPM-2015-09-15:7045:1,5,de la reserva federal,0.03655932405779414,0.11379550703364663,0.00416028681796408,3,5,19
RPM-2015-09-15:7045:1,5,de las,0.01630805874344099,0.3177602768141174,0.0051820532606166965,69,53,222
RPM-2015-09-15:7045:1,5,de las materias,0.03887917170545774,0.12548249903436176,0.0048786556259868856,3,6,11
RPM-2015-09-15:7045:1,5,de las materias primas,0.03887917170545774,0.12548249903436176,0.0048786556259868856,3,6,11
RPM-2015-09-15:7045:1,5,de lo,0.019473198747750314,0.3743225926724334,0.0072892582428834805,60,46,126
RPM-2015-09-15:7045:1,5,de lo previsto,0.03499366384983631,0.1882229338428688,0.0065866100757273295,11,7,15
RPM-2015-09-15:7045:1,5,de los,0.014328360613134448,-0.5510955339926827,-0.007896295543335052,82,52,306
RPM-2015-09-15:7045:1,5,de los salarios,0.034532742490501304,-0.11750391907540862,-0.00405773257905579,10,4,21
RPM-2015-09-15:7045:1,5,de politica,0.0453980467206657,-0.5403869352809345,-0.024532511335121215,104,68,174
RPM-2015-09-15:7045:1,5,de politica monetaria,0.045147967493014,-0.7225599674405625,-0.032622113921759774,97,55,152
RPM-2015-09-15:7045:1,5,de politica monetaria el,0.052682502640476504,-0.012215103042073197,-0.0006435221982677138,23,12,19
RPM-2015-09-15:7045:1,5,de politica monetaria en,0.04650282841450235,0.09845329764751462,0.0045783568073443,69,36,61
RPM-2015-09-15:7045:1,5,de septiembre,0.03273332885935006,-0.29810573184596034,-0.009757992955371044,13,4,27
RPM-2015-09-15:7045:1,5,de septiembre el,0.052251004263578725,0.01144716388547647,0.0005981258089859154,1,1,1
RPM-2015-09-15:7045:1,5,debiles,0.04012223175760246,-0.018690089568412078,-0.0007498881052341776,4,3,10
RPM-2015-09-15:7045:1,5,debiles los,0.05045159063242749,-0.13943788948291103,-0.007034863318841494,3,1,0
RPM-2015-09-15:7045:1,5,decision,0.02605585986662421,0.25036987647142916,0.006523602416163572,42,25,35
RPM-2015-09-15:7045:1,5,decision de,0.03156743617547426,0.1979681304646806,0.0062493463232217656,22,12,17
RPM-2015-09-15:7045:1,5,decision de la,0.05045159063242749,-0.1841084348119053,-0.00928856338510721,2,0,2
RPM-2015-09-15:7045:1,5,del,0.033187808154298795,0.007264747961282552,0.00024110106162837864,106,70,508
RPM-2015-09-15:7045:1,5,del banco,0.040729362273966806,-0.5308333331139974,-0.0216205031314973,45,22,64
RPM-2015-09-15:7045:1,5,del banco central,0.04626534676335895,-0.39268069643690406,-0.018167508587930658,32,15,40
RPM-2015-09-15:7045:1,5,del banco central de,0.053448315558010266,-0.037379939969067785,-0.0019978948270062153,18,10,23
RPM-2015-09-15:7045:1,5,del cobre,0.02637526512206006,0.45803547360343105,0.012080807051598835,22,19,57
RPM-2015-09-15:7045:1,5,del cobre en,0.04159245974588877,-0.131737869365365,-0.005479302028588097,2,0,12
RPM-2015-09-15:7045:1,5,del comunicado,0.03523439600859877,-0.04276732322035463,-0.0015068808025737166,12,6,14
RPM-2015-09-15:7045:1,5,del comunicado que,0.04571172102470361,0.06104551256648659,0.0027904954402492737,2,3,3
RPM-2015-09-15:7045:1,5,del comunicado que es,0.04666151499647757,0.10216080686786064,0.004766978021716928,1,3,3
RPM-2015-09-15:7045:1,5,del escenario,0.029768022544323026,-0.1888399637295512,-0.0056213922975704225,19,6,39
RPM-2015-09-15:7045:1,5,del mes,0.026539840802572996,0.07031670462898655,0.0018661941466148507,19,13,64
RPM-2015-09-15:7045:1,5,del mes previo,0.048981362644141165,0.07460318621271776,0.003654165718293521,0,1,4
RPM-2015-09-15:7045:1,5,del petroleo,0.02270830528893555,-0.27173002911445715,-0.006170528457302439,44,20,91
RPM-2015-09-15:7045:1,5,del petroleo en,0.04159245974588877,0.07094154639912711,0.002950633412916795,2,2,10
RPM-2015-09-15:7045:1,5,del siguiente,0.04666151499647757,0.10216080686786064,0.004766978021716928,1,3,3
RPM-2015-09-15:7045:1,5,del siguiente tenor,0.04666151499647757,0.10216080686786064,0.004766978021716928,1,3,3
RPM-2015-09-15:7045:1,5,del siguiente tenor comunicado,0.04666151499647757,0.10216080686786064,0.004766978021716928,1,3,3
RPM-2015-09-15:7045:1,5,demanda,0.02012154202557082,0.1131859324404573,0.002277475496304081,48,33,133
RPM-2015-09-15:7045:1,5,desarrollos,0.03328968243835658,-0.24751384739411175,-0.008239657378845832,11,5,25
RPM-2015-09-15:7045:1,5,destacan,0.04058315311693746,-0.06357608750662688,-0.0025801180938572537,3,2,11
RPM-2015-09-15:7045:1,5,destacan los,0.047738302591996455,-0.050924955832189076,-0.002431070951001097,1,0,5
RPM-2015-09-15:7045:1,5,deterioro,0.03409674828686325,0.2899459981997284,0.009886215717399444,10,11,16
RPM-2015-09-15:7045:1,5,deterioro del,0.05045159063242749,-0.15864652518294253,-0.008003969543786916,3,0,1
RPM-2015-09-15:7045:1,5,economia,0.01961283736159444,0.03518917991546694,0.0006901596625699387,65,44,119
RPM-2015-09-15:7045:1,5,economia china,0.04486210136532633,-0.10572708108480112,-0.004743139028686424,1,0,8
RPM-2015-09-15:7045:1,5,efectuada,0.04486210136532633,0.3226450338490835,0.01447453421355673,1,4,4
RPM-2015-09-15:7045:1,5,efectuada por,0.04571172102470361,0.3295909696556443,0.015066170457160364,1,4,3
RPM-2015-09-15:7045:1,5,efectuada por los,0.04666151499647757,0.10216080686786064,0.004766978021716928,1,3,3
RPM-2015-09-15:7045:1,5,efectuada por los senores,0.04666151499647757,0.10216080686786064,0.004766978021716928,1,3,3
RPM-2015-09-15:7045:1,5,el ambito,0.031413832894190856,-0.07961813459465229,-0.002501110775503603,19,14,19
RPM-2015-09-15:7045:1,5,el ambito externo,0.03780238410993885,0.10942869857821133,0.0041366656963042646,8,9,6
RPM-2015-09-15:7045:1,5,el ambito externo los,0.04571172102470361,0.28413195249246764,0.01298816054654002,1,5,2
RPM-2015-09-15:7045:1,5,el consejo,0.07203290979074352,0.04701227720651582,0.003386431123074382,39,18,27
RPM-2015-09-15:7045:1,5,el consejo adopto,0.04274641470967657,-0.061845456544903005,-0.002643671533377705,4,3,5
RPM-2015-09-15:7045:1,5,el consejo adopto el,0.04339187337704001,-0.06176956408055675,-0.0026802971031384772,4,3,4
RPM-2015-09-15:7045:1,5,el consejo del,0.060958327957942204,-0.052428897429066354,-0.0031959779239543397,15,8,6
RPM-2015-09-15:7045:1,5,el consejo del banco,0.060958327957942204,-0.052428897429066354,-0.0031959779239543397,15,8,6
RPM-2015-09-15:7045:1,5,el consejo reafirma,0.04339187337704001,-0.042322371862623616,-0.0018364470008789648,4,2,5
RPM-2015-09-15:7045:1,5,el consejo reafirma su,0.044093526895137486,0.006150177464568588,0.0002711830154438235,3,2,5
RPM-2015-09-15:7045:1,5,el corto,0.028722309856032868,0.09667393205808084,0.002776698631573267,18,12,43
RPM-2015-09-15:7045:1,5,el corto plazo,0.02905603727792336,0.097927206749417,0.002845376569833969,18,12,40
RPM-2015-09-15:7045:1,5,el corto plazo el,0.048981362644141165,-0.14707645299450067,-0.007204005080537619,3,1,1
RPM-2015-09-15:7045:1,5,el crecimiento,0.023638738078667395,-0.3919575063108958,-0.009265380829650888,41,18,79
RPM-2015-09-15:7045:1,5,el crecimiento anual,0.04107202572937641,-0.09425305100704212,-0.003871163736033461,3,1,11
RPM-2015-09-15:7045:1,5,el crecimiento anual de,0.04274641470967657,-0.07358423217637322,-0.003145462104704376,2,1,9
RPM-2015-09-15:7045:1,5,el deterioro,0.04107202572937641,0.09880629858772971,0.004058174837819683,4,4,7
RPM-2015-09-15:7045:1,5,el deterioro del,0.052251004263578725,-0.10329990443404483,-0.005397523747010551,2,0,1
RPM-2015-09-15:7045:1,5,el elevado,0.04571172102470361,-0.029450418293851872,-0.0013462293051093846,3,1,4
RPM-2015-09-15:7045:1,5,el horizonte,0.02751044492382321,0.03304145848413076,0.0009089852238304704,38,24,23
RPM-2015-09-15:7045:1,5,el horizonte de,0.03002004081891903,0.19783610467861293,0.005939047937907898,24,19,19
RPM-2015-09-15:7045:1,5,el horizonte de politica,0.031413832894190856,0.3114497915924628,0.009783831708016194,21,19,12
RPM-2015-09-15:7045:1,5,el ipc,0.03273332885935006,-0.07140005723553361,-0.0023371615540671384,7,5,32
RPM-2015-09-15:7045:1,5,el ipc de,0.04486210136532633,-0.21540948715906055,-0.009663722247982736,4,0,5
RPM-2015-09-15:7045:1,5,el ipom,0.0284018466893529,-0.14261232137634366,-0.004050453287743638,23,13,40
RPM-2015-09-15:7045:1,5,el ipom de,0.03850403762803632,-0.15325014379709911,-0.005900749303265482,9,3,9
RPM-2015-09-15:7045:1,5,el ipom de septiembre,0.048981362644141165,0.02188979706988911,0.0010721920884868973,2,1,2
RPM-2015-09-15:7045:1,5,el siguiente,0.035482536462275255,-0.1188504609514402,-0.004217115814267698,14,8,9
RPM-2015-09-15:7045:1,5,el siguiente acuerdo,0.037156925442575414,-0.1993900795256566,-0.007408722318924005,13,6,6
RPM-2015-09-15:7045:1,5,elevado,0.031115134729783934,-0.32292412515330066,-0.010047827661642559,22,8,24
RPM-2015-09-15:7045:1,5,ello,0.0185272511526039,0.1414045236998601,0.002619837124701638,59,40,162
RPM-2015-09-15:7045:1,5,ello la,0.04339187337704001,0.09187671095509534,0.003986702608062402,2,3,6
RPM-2015-09-15:7045:1,5,empleo,0.024690700836376037,-0.09466443084971589,-0.0023373311419561415,26,12,83
RPM-2015-09-15:7045:1,5,en,0.03231765906021722,0.2851705193644586,0.009216043618845645,111,77,658
RPM-2015-09-15:7045:1,5,en algunos,0.03475991042664291,0.18124595115550934,0.0063000930273572,10,8,16
RPM-2015-09-15:7045:1,5,en anual,0.06142120000411797,-0.06953951557938928,-0.004271200494591147,1,3,24
RPM-2015-09-15:7045:1,5,en anual al,0.048981362644141165,0.1286801007281329,0.006302926678849291,0,2,3
RPM-2015-09-15:7045:1,5,en anual al concluir,0.048981362644141165,0.1286801007281329,0.006302926678849291,0,2,3
RPM-2015-09-15:7045:1,5,en anual en,0.048981362644141165,0.05817251387616027,0.0028493689980895404,0,1,4
RPM-2015-09-15:7045:1,5,en anual en el,0.048981362644141165,0.05817251387616027,0.0028493689980895404,0,1,4
RPM-2015-09-15:7045:1,5,en el,0.025876463536535062,0.27161353562975954,0.00702839775075284,104,70,390
RPM-2015-09-15:7045:1,5,en el ambito,0.03156743617547426,-0.06259690649234048,-0.001976023850479088,19,14,18
RPM-2015-09-15:7045:1,5,en el ambito externo,0.03780238410993885,0.10942869857821133,0.0041366656963042646,8,9,6
RPM-2015-09-15:7045:1,5,en el corto,0.02905603727792336,0.13339735184069113,0.0038759984278593797,17,12,41
RPM-2015-09-15:7045:1,5,en el corto plazo,0.029286450908794538,0.1321183025770079,0.003869276182574805,17,12,39
RPM-2015-09-15:7045:1,5,en el horizonte,0.02883202486068203,-0.012195050051962308,-0.00035160798627543896,33,21,18
RPM-2015-09-15:7045:1,5,en el horizonte de,0.03156743617547426,0.2901543618190767,0.00915942929775917,19,18,14
RPM-2015-09-15:7045:1,5,en linea,0.02779676831892074,0.06539395448322645,0.001817740602228294,19,11,52
RPM-2015-09-15:7045:1,5,en linea con,0.02779676831892074,0.06550025764336657,0.001820695486542278,19,11,52
RPM-2015-09-15:7045:1,5,en linea con el,0.04107202572937641,0.036728798945306715,0.0015085261752907305,3,2,10
RPM-2015-09-15:7045:1,5,en lo,0.023814685315633997,0.3249443230149003,0.007738446797701576,19,21,95
RPM-2015-09-15:7045:1,5,en lo interno,0.05045159063242749,-0.1177612363705342,-0.005941241689734723,3,1,0
RPM-2015-09-15:7045:1,5,en los,0.017041648653565483,-0.06538063867669491,-0.0011141938730739492,69,47,198
RPM-2015-09-15:7045:1,5,en los precios,0.02917042115954175,-0.4085040534541429,-0.011916235284637304,24,9,36
RPM-2015-09-15:7045:1,5,en los precios de,0.031413832894190856,-0.2947735687100735,-0.009259967629082535,18,8,26
RPM-2015-09-15:7045:1,5,en menor,0.03887917170545774,0.1501422196446619,0.00583740513780336,1,3,16
RPM-2015-09-15:7045:1,5,en menor medida,0.04159245974588877,0.17379251027443718,0.007228457987726489,1,3,10
RPM-2015-09-15:7045:1,5,en particular,0.02430355792807294,-0.08196167272918649,-0.00199196026105554,35,21,71
RPM-2015-09-15:7045:1,5,en su,0.03326717275204772,0.10730801696263231,0.0035698343379755564,61,43,123
RPM-2015-09-15:7045:1,5,en su reunion,0.06051063481017678,-0.09896639220957842,-0.005988519217474524,16,9,5
RPM-2015-09-15:7045:1,5,en su reunion mensual,0.06142120000411797,-0.10880410851420974,-0.006682878910321032,15,8,5
RPM-2015-09-15:7045:1,5,es,0.012146834168992739,-0.06875718439587292,-0.0008351821167835235,93,67,417
RPM-2015-09-15:7045:1,5,es del,0.04486210136532633,0.03877849144946375,0.001739684614200283,2,3,4
RPM-2015-09-15:7045:1,5,es del siguiente,0.04666151499647757,0.10216080686786064,0.004766978021716928,1,3,3
RPM-2015-09-15:7045:1,5,es del siguiente tenor,0.04666151499647757,0.10216080686786064,0.004766978021716928,1,3,3
RPM-2015-09-15:7045:1,5,escenario,0.018374809402247498,-0.26710715459115975,-0.004908043055589218,78,45,143
RPM-2015-09-15:7045:1,5,escenario para,0.052251004263578725,0.3078956106138688,0.016087854862922434,0,3,0
RPM-2015-09-15:7045:1,5,especial,0.030280190103477198,0.11173800182557989,0.003383447937061241,15,12,33
RPM-2015-09-15:7045:1,5,especial atencion,0.047738302591996455,-0.03893675155925452,-0.0018587744278850823,3,2,1
RPM-2015-09-15:7045:1,5,especialmente,0.026134532963297596,-0.12546618473970086,-0.003279000140858898,28,16,57
RPM-2015-09-15:7045:1,5,este,0.014935814080322336,0.3605514404831199,0.005385129281448283,77,58,273
RPM-2015-09-15:7045:1,5,este proceso,0.044093526895137486,-0.0357640258043051,-0.001576962033680518,4,3,3
RPM-2015-09-15:7045:1,5,estimulo,0.03014906642666029,0.7090045137984419,0.021375824183311205,21,20,20
RPM-2015-09-15:7045:1,5,estimulo monetario,0.031413832894190856,0.5596273818830543,0.017580041057487797,19,18,15
RPM-2015-09-15:7045:1,5,evolucion,0.023242535593580874,-0.19337693301875375,-0.004494570248665889,40,24,81
RPM-2015-09-15:7045:1,5,evolucion se,0.052251004263578725,-0.1855746173907381,-0.009696460124495447,2,0,1
RPM-2015-09-15:7045:1,5,expectativas,0.01884106228471672,-0.35054493139389653,-0.0066046388859841544,70,47,134
RPM-2015-09-15:7045:1,5,expectativas de,0.021967975780886988,-0.3315487116738123,-0.007283454068234591,49,32,89
RPM-2015-09-15:7045:1,5,expectativas de inflacion,0.026134532963297596,-0.3624856244775807,-0.009473392501630847,40,24,37
RPM-2015-09-15:7045:1,5,externo,0.02502815293659915,-0.07901161188446969,-0.0019775147060117223,38,28,50
RPM-2015-09-15:7045:1,5,externo los,0.0421488133248953,0.14836717611466893,0.006253500409599045,4,6,3
RPM-2015-09-15:7045:1,5,federal,0.03238266802816915,0.14448126879135625,0.004678688963559166,5,7,34
RPM-2015-09-15:7045:1,5,federal el,0.052251004263578725,-0.10332951387262318,-0.00539907086991195,1,0,2
RPM-2015-09-15:7045:1,5,financieros,0.02405541747439646,-0.0049650250227617435,-0.00011943574969335852,32,19,80
RPM-2015-09-15:7045:1,5,flexibilidad,0.03968623755396441,0.2684292770002326,0.010652948053470146,4,8,6
RPM-2015-09-15:7045:1,5,ha,0.014328360613134448,-0.10863286015979956,-0.0015565307948058145,92,57,291
RPM-2015-09-15:7045:1,5,ha manifestado,0.05045159063242749,-0.0697058620917444,-0.003516771618933134,1,0,3
RPM-2015-09-15:7045:1,5,horizonte,0.025097371631531765,-0.32656671367741646,-0.008195966175650148,53,28,34
RPM-2015-09-15:7045:1,5,horizonte de,0.02714383959224891,-0.1678784526526208,-0.004556865789797693,37,23,29
RPM-2015-09-15:7045:1,5,horizonte de politica,0.029893047195174095,0.3004220449471565,0.008980530368076063,25,22,16
RPM-2015-09-15:7045:1,5,incertidumbre,0.02819506796368622,-0.22996094010418136,-0.006483764335230569,20,12,46
RPM-2015-09-15:7045:1,5,indicadores,0.02530866568765224,-0.0024457048881073393,-6.189752738376559e-05,25,16,71
RPM-2015-09-15:7045:1,5,indicadores de,0.029286450908794538,-0.11150328544347568,-0.0032655354953096552,20,10,38
RPM-2015-09-15:7045:1,5,indicadores de confianza,0.05045159063242749,-0.057921599629577075,-0.0029222368332867863,1,0,3
RPM-2015-09-15:7045:1,5,inflacion,0.0409128502617204,-0.17096031699987846,-0.00699447385011228,97,62,213
RPM-2015-09-15:7045:1,5,inflacion anual,0.033484003370031976,-0.14054471980936487,-0.004705999871736973,13,8,19
RPM-2015-09-15:7045:1,5,inflacion en,0.02696660326113094,0.23675604431159755,0.006384506316625588,28,22,41
RPM-2015-09-15:7045:1,5,inflacion en el,0.03780238410993885,0.3110949405684106,0.011760130438025656,5,6,12
RPM-2015-09-15:7045:1,5,inflacion en el horizonte,0.048981362644141165,0.21994840563884238,0.010773372619596802,1,3,1
RPM-2015-09-15:7045:1,5,inflacion subyacente,0.028093633564022863,-0.12378402518346729,-0.003477543044584108,28,12,39
RPM-2015-09-15:7045:1,5,interes,0.03498805936338694,0.12093012899955252,0.004231110532258384,58,41,101
RPM-2015-09-15:7045:1,5,interes de,0.04424961080205828,-0.07933682259484078,-0.003510623522093648,32,20,49
RPM-2015-09-15:7045:1,5,interes de politica,0.05293303109540276,-0.2818426850856067,-0.014918787613648229,26,12,15
RPM-2015-09-15:7045:1,5,interes de politica monetaria,0.056364331962239375,-0.14563551012880513,-0.008208648238390048,19,12,10
RPM-2015-09-15:7045:1,5,interno,0.024757070992493926,-0.025351165370699397,-0.0006276206008248586,42,27,51
RPM-2015-09-15:7045:1,5,interno el,0.0421488133248953,-0.11523772779686085,-0.004857133476894986,6,3,4
RPM-2015-09-15:7045:1,5,ipc,0.02530866568765224,-0.5655125577125754,-0.014312368265316714,35,11,66
RPM-2015-09-15:7045:1,5,ipc de,0.03968623755396441,-0.1850214579143941,-0.007342805531371472,6,2,10
RPM-2015-09-15:7045:1,5,ipom,0.022403969984525034,0.052042791215300116,0.001165965132298487,43,31,87
RPM-2015-09-15:7045:1,5,ipom de,0.033484003370031976,-0.18487250163351354,-0.006190271467722809,14,7,19
RPM-2015-09-15:7045:1,5,ipom de septiembre,0.04571172102470361,-0.08127143879356022,-0.0037150573374074994,4,1,3
RPM-2015-09-15:7045:1,5,la,0.03523072355565336,0.09253535412718986,0.003260087480379513,111,77,659
RPM-2015-09-15:7045:1,5,la actividad,0.021203689493966834,0.42264543466297744,0.00896164256263642,52,41,94
RPM-2015-09-15:7045:1,5,la actividad la,0.04274641470967657,0.17781057952222437,0.007600764772024928,2,4,6
RPM-2015-09-15:7045:1,5,la actividad la demanda,0.04571172102470361,0.22492677795292665,0.010281790124769638,1,4,3
RPM-2015-09-15:7045:1,5,la convergencia,0.036002970478787616,-0.2380235555380682,-0.008569555043293134,14,5,10
RPM-2015-09-15:7045:1,5,la convergencia de,0.03780238410993885,-0.1458864690534152,-0.005514856339599909,12,5,6
RPM-2015-09-15:7045:1,5,la convergencia de la,0.03814558179533324,-0.14477016051748604,-0.005522341999543287,12,5,5
RPM-2015-09-15:7045:1,5,la creacion,0.04058315311693746,-0.1737093484320457,-0.007049673085261151,5,1,10
RPM-2015-09-15:7045:1,5,la creacion de,0.04107202572937641,-0.17528666103791904,-0.0071993782521658925,5,1,9
RPM-2015-09-15:7045:1,5,la creacion de empleo,0.04486210136532633,-0.05944356050154071,-0.0026667630367360282,2,1,6
RPM-2015-09-15:7045:1,5,la demanda,0.021689881724647093,0.11964806408990195,0.0025951523586929684,41,30,105
RPM-2015-09-15:7045:1,5,la economia,0.02070473066577047,0.048867510176292706,0.001011788636506938,63,41,95
RPM-2015-09-15:7045:1,5,la economia china,0.04571172102470361,-0.09913666610474198,-0.004531707624299156,1,0,7
RPM-2015-09-15:7045:1,5,la incertidumbre,0.03499366384983631,-0.07870681944610214,-0.0027542399823866576,8,5,20
RPM-2015-09-15:7045:1,5,la inflacion,0.036702690270012606,0.03768411966769625,0.0013831085722615457,90,59,148
RPM-2015-09-15:7045:1,5,la inflacion anual,0.03523439600859877,-0.27490508037472094,-0.009686114466698592,12,4,16
RPM-2015-09-15:7045:1,5,la inflacion en,0.030827106667425698,0.4984048393151537,0.01536437914512941,15,17,24
RPM-2015-09-15:7045:1,5,la inflacion en el,0.04107202572937641,0.37529962421405066,0.015414315821944788,3,5,7
RPM-2015-09-15:7045:1,5,la inflacion subyacente,0.032914548360935166,0.06834949064901413,0.0022496926154122617,16,8,19
RPM-2015-09-15:7045:1,5,la meta,0.028093633564022863,-0.2608237709313962,-0.007327487445333283,35,20,24
RPM-2015-09-15:7045:1,5,la meta de,0.036852590138164894,0.06718860018152022,0.002476073944446596,11,8,7
RPM-2015-09-15:7045:1,5,la meta de inflacion,0.03968623755396441,-0.1022133506083084,-0.0040564633134279795,9,4,5
RPM-2015-09-15:7045:1,5,la politica,0.020950351535471843,0.13491087959443981,0.002826430353463229,71,44,78
RPM-2015-09-15:7045:1,5,la politica monetaria,0.02182773001209421,0.22854575353583528,0.0049886350035908385,67,43,63
RPM-2015-09-15:7045:1,5,la politica monetaria con,0.044093526895137486,0.09765169885225079,0.004305807809697587,1,3,6
RPM-2015-09-15:7045:1,5,la proxima,0.03850403762803632,-0.19643135401469944,-0.007563400246308111,8,2,11
RPM-2015-09-15:7045:1,5,la reserva,0.03255609252823209,0.17404184272940432,0.005666122335682504,4,7,34
RPM-2015-09-15:7045:1,5,la reserva federal,0.03273332885935006,0.17662139787219328,0.005781406300148614,4,7,33
RPM-2015-09-15:7045:1,5,la reserva federal el,0.052251004263578725,-0.10332951387262318,-0.00539907086991195,1,0,2
RPM-2015-09-15:7045:1,5,la reunion,0.024690700836376037,-0.32345933779494573,-0.007986437742227306,41,23,57
RPM-2015-09-15:7045:1,5,la reunion se,0.04666151499647757,0.10216080686786064,0.004766978021716928,1,3,3
RPM-2015-09-15:7045:1,5,la reunion se procede,0.04666151499647757,0.10216080686786064,0.004766978021716928,1,3,3
RPM-2015-09-15:7045:1,5,la tasa,0.02695521709158451,0.10941511275099469,0.0029493081173032586,102,70,189
RPM-2015-09-15:7045:1,5,la tasa de,0.02881074384168657,-0.16177289001243594,-0.004660797294677628,98,62,155
RPM-2015-09-15:7045:1,5,la tasa de interes,0.044519984344364716,0.025595518206989937,0.001139512069861094,36,25,38
RPM-2015-09-15:7045:1,5,la volatilidad,0.03431179912313402,-0.09354191536952856,-0.003209591409752467,7,4,25
RPM-2015-09-15:7045:1,5,la votacion,0.04107202572937641,0.5955707361690404,0.02446129659959848,2,6,7
RPM-2015-09-15:7045:1,5,la votacion efectuada,0.052251004263578725,0.24035885428794004,0.012558991520188053,1,2,0
RPM-2015-09-15:7045:1,5,la votacion efectuada por,0.052251004263578725,0.24035885428794004,0.012558991520188053,1,2,0
RPM-2015-09-15:7045:1,5,las,0.01941188068642001,0.06191969562291033,0.0012019777435713786,106,71,451
RPM-2015-09-15:7045:1,5,las expectativas,0.02012154202557082,-0.18137915146614972,-0.0036496282187885067,61,45,108
RPM-2015-09-15:7045:1,5,las expectativas de,0.023466548010822208,-0.20212112467607998,-0.004743085076212612,42,30,69
RPM-2015-09-15:7045:1,5,las expectativas de inflacion,0.02770019317125543,-0.23411724235084264,-0.006485092837839964,33,23,27
RPM-2015-09-15:7045:1,5,las materias,0.03887917170545774,0.12548249903436176,0.0048786556259868856,3,6,11
RPM-2015-09-15:7045:1,5,las materias primas,0.03887917170545774,0.12548249903436176,0.0048786556259868856,3,6,11
RPM-2015-09-15:7045:1,5,latina,0.03388728382313787,-0.06003918273298424,-0.002034564825781875,1,1,36
RPM-2015-09-15:7045:1,5,latina en,0.047738302591996455,-0.09848185667748256,-0.004701356673891289,1,0,5
RPM-2015-09-15:7045:1,5,lectura,0.03655932405779414,-0.0796569749747496,-0.002912205161565469,4,4,19
RPM-2015-09-15:7045:1,5,lectura al,0.04666151499647757,0.10216080686786064,0.004766978021716928,1,3,3
RPM-2015-09-15:7045:1,5,lectura al texto,0.04666151499647757,0.10216080686786064,0.004766978021716928,1,3,3
RPM-2015-09-15:7045:1,5,lectura al texto del,0.04666151499647757,0.10216080686786064,0.004766978021716928,1,3,3
RPM-2015-09-15:7045:1,5,linea,0.02723394028878621,-0.08501158550169945,-0.002315200443408326,20,11,57
RPM-2015-09-15:7045:1,5,linea con,0.02779676831892074,0.06550025764336657,0.001820695486542278,19,11,52
RPM-2015-09-15:7045:1,5,linea con el,0.04107202572937641,0.036728798945306715,0.0015085261752907305,3,2,10
RPM-2015-09-15:7045:1,5,lo,0.01921790621717291,0.2491257619567258,0.0047876755295661,102,69,466
RPM-2015-09-15:7045:1,5,lo interno,0.05045159063242749,-0.1177612363705342,-0.005941241689734723,3,1,0
RPM-2015-09-15:7045:1,5,lo previsto,0.02905603727792336,-0.19643596791873022,-0.005707650806571583,28,12,30
RPM-2015-09-15:7045:1,5,los,0.03336973128479427,-0.2282820940112686,-0.007617712134286176,105,70,504
RPM-2015-09-15:7045:1,5,los antecedentes,0.02723394028878621,0.31920165220501867,0.008693118736233381,30,23,35
RPM-2015-09-15:7045:1,5,los antecedentes recientes,0.05045159063242749,0.2997032387964172,0.0151205051149695,0,3,1
RPM-2015-09-15:7045:1,5,los desarrollos,0.03814558179533324,-0.2757055617887347,-0.010516949058640482,6,1,15
RPM-2015-09-15:7045:1,5,los indicadores,0.02917042115954175,-0.3048530135544654,-0.008892690797139245,16,5,48
RPM-2015-09-15:7045:1,5,los indicadores de,0.033484003370031976,-0.21610613257548797,-0.007236098471442216,10,3,27
RPM-2015-09-15:7045:1,5,los indicadores de confianza,0.052251004263578725,-0.05991547282908051,-0.003130643626246621,1,0,2
RPM-2015-09-15:7045:1,5,los mercados,0.024559577159559136,0.009491985279638869,0.00023311914487269032,26,18,79
RPM-2015-09-15:7045:1,5,los mercados financieros,0.0284018466893529,-0.019976147830244484,-0.0005673594881184533,16,10,50
RPM-2015-09-15:7045:1,5,los precios,0.02074515144437187,-0.28502849530248975,-0.005912959301011586,54,31,113
RPM-2015-09-15:7045:1,5,los precios de,0.023409958807033015,-0.08117183340366702,-0.0019002292762711913,41,27,74
RPM-2015-09-15:7045:1,5,los precios de las,0.03968623755396441,0.04765886592686529,0.001891401074726116,2,4,12
RPM-2015-09-15:7045:1,5,los riesgos,0.027894514102930815,-0.3203180195160306,-0.008935115512812784,25,18,38
RPM-2015-09-15:7045:1,5,los salarios,0.02799345925162619,0.2709164584571544,0.007583888840415231,18,17,45
RPM-2015-09-15:7045:1,5,los senores,0.03814558179533324,0.43105983341677656,0.016443028134282372,2,6,14
RPM-2015-09-15:7045:1,5,los senores consejeros,0.03850403762803632,0.4372096126227216,0.016834335375764457,2,6,13
RPM-2015-09-15:7045:1,5,los senores consejeros el,0.04571172102470361,0.09069620161073039,0.004145879466029982,1,3,4
RPM-2015-09-15:7045:1,5,manifestado,0.04571172102470361,-0.07417220307102984,-0.0033905390545705804,2,1,5
RPM-2015-09-15:7045:1,5,mantener,0.03719501625601797,0.9363289134472632,0.034826769156650596,50,47,73
RPM-2015-09-15:7045:1,5,mantener la,0.040321767298088035,0.7838997912849583,0.03160822496921187,39,39,57
RPM-2015-09-15:7045:1,5,mantener la tasa,0.04359621255479717,0.8686058005007171,0.03786792310495901,29,33,44
RPM-2015-09-15:7045:1,5,mantener la tasa de,0.04551082232742223,0.4370569905100028,0.0198908230420586,25,26,41
RPM-2015-09-15:7045:1,5,mas,0.02227528269908864,-0.22627780122030605,-0.005040401990710502,98,63,348
RPM-2015-09-15:7045:1,5,mas volatiles,0.048981362644141165,-0.0551900853913542,-0.0027032855869150376,1,0,4
RPM-2015-09-15:7045:1,5,materias,0.034532742490501304,-0.04866667133981228,-0.0016805936292475976,7,7,21
RPM-2015-09-15:7045:1,5,materias primas,0.03499366384983631,-0.004808812346349497,-0.0001682779627650969,6,7,20
RPM-2015-09-15:7045:1,5,mayores,0.04147331222811987,-0.2306980202070178,-0.009567811022454756,31,18,75
RPM-2015-09-15:7045:1,5,mayores cambios,0.05045159063242749,-0.03757692795560955,-0.0018958157864406337,1,0,3
RPM-2015-09-15:7045:1,5,mayores sorpresas,0.052251004263578725,-0.06835240357954328,-0.0035714817308605696,1,0,2
RPM-2015-09-15:7045:1,5,mayormente,0.04058315311693746,-0.15756675878854784,-0.006394555898055189,6,2,8
RPM-2015-09-15:7045:1,5,medida,0.02559928915667812,0.08273920369106036,0.0021180647998807435,24,20,64
RPM-2015-09-15:7045:1,5,menor,0.02187420811451827,0.4540618699212541,0.009932243839524835,30,29,113
RPM-2015-09-15:7045:1,5,menor medida,0.04159245974588877,0.17379251027443718,0.007228457987726489,1,3,10
RPM-2015-09-15:7045:1,5,mensual,0.04919614759536061,-0.36503878691179625,-0.01795850203894412,25,10,35
RPM-2015-09-15:7045:1,5,mensual de,0.05454117208082466,-0.1370954756238992,-0.0074773479275055885,18,10,19
RPM-2015-09-15:7045:1,5,mensual de politica,0.06142120000411797,-0.10880410851420974,-0.006682878910321032,15,8,5
RPM-2015-09-15:7045:1,5,mensual de politica monetaria,0.06142120000411797,-0.10880410851420974,-0.006682878910321032,15,8,5
RPM-2015-09-15:7045:1,5,mercados,0.023523537141630434,-0.030048882278022177,-0.0007068559983315352,31,20,89
RPM-2015-09-15:7045:1,5,mercados financieros,0.02751044492382321,0.05600921193676038,0.001540838340212988,19,12,54
RPM-2015-09-15:7045:1,5,mes,0.018809125892689696,0.6422109997123966,0.012079427543260574,41,37,174
RPM-2015-09-15:7045:1,5,mes previo,0.04666151499647757,0.06979043083252218,0.003256527234902364,0,1,6
RPM-2015-09-15:7045:1,5,meta,0.024240803304385657,-0.5478213123472107,-0.013279628678559151,61,29,38
RPM-2015-09-15:7045:1,5,meta de,0.036002970478787616,0.06587308257878742,0.0023716266474308224,11,8,10
RPM-2015-09-15:7045:1,5,meta de inflacion,0.03850403762803632,-0.09891884688286802,-0.003808775002499914,9,4,8
RPM-2015-09-15:7045:1,5,monetaria,0.04432129205953498,-0.3912593174765797,-0.017341118480893807,107,70,186
RPM-2015-09-15:7045:1,5,monetaria con,0.03968623755396441,-0.06038877732024978,-0.002396603362324891,5,4,9
RPM-2015-09-15:7045:1,5,monetaria con flexibilidad,0.04571172102470361,0.10770300386059503,0.004923289665998096,1,3,4
RPM-2015-09-15:7045:1,5,monetaria el,0.052194828738772514,-0.0849007917224128,-0.004431382283737531,25,12,19
RPM-2015-09-15:7045:1,5,monetaria el consejo,0.05809492594527358,0.04878252675844939,0.0028340172794554443,18,10,8
RPM-2015-09-15:7045:1,5,monetaria el consejo del,0.06142120000411797,-0.05198284237655179,-0.003192848558392727,15,8,5
RPM-2015-09-15:7045:1,5,monetaria en,0.0441420352441188,0.06191007540366672,0.0027328367304347086,77,40,74
RPM-2015-09-15:7045:1,5,monetaria en anual,0.06582815995560178,-0.05642611442766873,-0.0037144272862176665,0,3,17
RPM-2015-09-15:7045:1,5,monetaria en anual al,0.048981362644141165,0.1286801007281329,0.006302926678849291,0,2,3
RPM-2015-09-15:7045:1,5,monetaria en anual en,0.05045159063242749,0.059181652770880555,0.0029858085185469336,0,1,3
RPM-2015-09-15:7045:1,5,monetaria en su,0.03238266802816915,0.011883852443842685,0.00038483084858470436,19,13,14
RPM-2015-09-15:7045:1,5,monetaria en su reunion,0.03887917170545774,-0.08927204921040592,-0.003470823329749445,10,5,5
RPM-2015-09-15:7045:1,5,monetario,0.025452668236595314,0.15477999002611037,0.003939563735798119,38,26,46
RPM-2015-09-15:7045:1,5,monetario actual,0.047738302591996455,-0.23646282406613994,-0.01128833384702741,6,0,0
RPM-2015-09-15:7045:1,5,monitoreando,0.048981362644141165,0.041700876698870896,0.002042565764166012,1,2,2
RPM-2015-09-15:7045:1,5,mostrando,0.030280190103477198,0.014395290579085163,0.0004358921353294931,15,11,34
RPM-2015-09-15:7045:1,5,mostrando una,0.04058315311693746,0.13322790480703575,0.005406808460232701,3,5,8
RPM-2015-09-15:7045:1,5,muestran,0.024959523344084647,0.2100806844223418,0.0052435137469807195,26,21,70
RPM-2015-09-15:7045:1,5,no,0.02087696784981298,0.18381431031268464,0.003837485446733464,92,62,410
RPM-2015-09-15:7045:1,5,no muestran,0.04339187337704001,-0.021782797707368035,-0.0009451963999157912,1,0,10
RPM-2015-09-15:7045:1,5,no tuvo,0.048981362644141165,-0.0013854198106478637,-6.78597501597204e-05,0,0,5
RPM-2015-09-15:7045:1,5,para,0.01321963662558854,-0.041673339826148625,-0.0005509064094763519,99,64,342
RPM-2015-09-15:7045:1,5,para america,0.048981362644141165,-0.007179945543786629,-0.0003516835164453982,0,0,5
RPM-2015-09-15:7045:1,5,para america latina,0.048981362644141165,-0.007179945543786629,-0.0003516835164453982,0,0,5
RPM-2015-09-15:7045:1,5,parte,0.018809125892689696,-0.20393524121237255,-0.0038358436259195556,59,36,157
RPM-2015-09-15:7045:1,5,parte la,0.034532742490501304,0.10126220517051404,0.003496861655173671,4,5,26
RPM-2015-09-15:7045:1,5,particular,0.02230502483582966,-0.09964870688779032,-0.002222666881990473,39,25,99
RPM-2015-09-15:7045:1,5,pesimistas,0.05045159063242749,-0.09688389799795533,-0.004887946760666703,1,0,3
RPM-2015-09-15:7045:1,5,petroleo,0.021920955656722054,-0.29851345881953883,-0.006543700293717836,46,20,105
RPM-2015-09-15:7045:1,5,petroleo en,0.03850403762803632,-0.002686027668145084,-0.00010342291040420497,3,2,16
RPM-2015-09-15:7045:1,5,plazo,0.018714068660971785,0.19050529093808208,0.003565129094893674,63,44,148
RPM-2015-09-15:7045:1,5,plazo el,0.04058315311693746,0.008488814357626906,0.00034450285285682987,4,3,9
RPM-2015-09-15:7045:1,5,plazos,0.03238266802816915,0.19328566614397288,0.006259105561343807,15,10,21
RPM-2015-09-15:7045:1,5,politica,0.04440966095748646,-0.416114201778208,-0.01847949062056533,110,71,220
RPM-2015-09-15:7045:1,5,politica monetaria,0.0447584426611195,-0.4374162789152315,-0.019578071438867643,107,69,180
RPM-2015-09-15:7045:1,5,politica monetaria con,0.04012223175760246,-0.016322631383882867,-0.0006549003992780638,4,4,9
RPM-2015-09-15:7045:1,5,politica monetaria con flexibilidad,0.04571172102470361,0.10770300386059503,0.004923289665998096,1,3,4
RPM-2015-09-15:7045:1,5,politica monetaria el,0.052194828738772514,-0.0849007917224128,-0.004431382283737531,25,12,19
RPM-2015-09-15:7045:1,5,politica monetaria el consejo,0.05809492594527358,0.04878252675844939,0.0028340172794554443,18,10,8
RPM-2015-09-15:7045:1,5,politica monetaria en,0.044862274124129915,0.09820135809592312,0.004405536246261148,76,40,67
RPM-2015-09-15:7045:1,5,politica monetaria en anual,0.06582815995560178,-0.05642611442766873,-0.0037144272862176665,0,3,17
RPM-2015-09-15:7045:1,5,politica monetaria en su,0.03255609252823209,0.011727738965825754,0.0003818093549183762,19,13,13
RPM-2015-09-15:7045:1,5,por,0.02419558680755319,0.35790255976742746,0.008659662453498284,103,76,444
RPM-2015-09-15:7045:1,5,por los,0.028093633564022863,0.15603720587753178,0.0043836520842773724,14,16,49
RPM-2015-09-15:7045:1,5,por los senores,0.04571172102470361,0.09184715539715356,0.004198491544427284,1,3,4
RPM-2015-09-15:7045:1,5,por los senores consejeros,0.04571172102470361,0.09184715539715356,0.004198491544427284,1,3,4
RPM-2015-09-15:7045:1,5,por su,0.026879424807222736,0.2447010181493104,0.006577422617595235,19,15,58
RPM-2015-09-15:7045:1,5,por su parte,0.02799345925162619,0.2704763368361681,0.007571568313752392,17,13,50
RPM-2015-09-15:7045:1,5,por su parte la,0.03968623755396441,0.07434788825384529,0.0029505879548777044,3,3,12
RPM-2015-09-15:7045:1,5,por sus,0.048981362644141165,-0.089801432234584,-0.004398596518245427,1,0,4
RPM-2015-09-15:7045:1,5,precios,0.01831463055245984,-0.8583216218920727,-0.015719843400141438,73,37,158
RPM-2015-09-15:7045:1,5,precios de,0.022403969984525034,-0.29375387088537613,-0.006581252906154009,49,28,84
RPM-2015-09-15:7045:1,5,precios de las,0.03887917170545774,0.04789839701959625,0.0018622500021410677,2,4,14
RPM-2015-09-15:7045:1,5,precios de las materias,0.04159245974588877,0.06325685780622918,0.0026310083119569973,2,4,8
RPM-2015-09-15:7045:1,5,preve,0.04159245974588877,0.04438672634570295,0.0018461531287854306,3,2,9
RPM-2015-09-15:7045:1,5,preve que,0.047738302591996455,0.054472361133488995,0.0026004180586910045,1,1,4
RPM-2015-09-15:7045:1,5,previo,0.03814558179533324,-0.02488843273177751,-0.0009493837465276681,3,4,15
RPM-2015-09-15:7045:1,5,previo en,0.05045159063242749,-0.24084851941142071,-0.012151190905771264,3,0,1
RPM-2015-09-15:7045:1,5,previsto,0.026793178761067987,-0.044241831860871564,-0.001185379309765445,35,16,42
RPM-2015-09-15:7045:1,5,primas,0.031263100871063744,0.022899106633508384,0.0007158970805406175,12,12,29
RPM-2015-09-15:7045:1,5,privado,0.030969834790692985,0.2818688981366761,0.008729433207927528,8,9,38
RPM-2015-09-15:7045:1,5,privado el,0.047738302591996455,0.12301690223819889,0.0058726181029771845,0,1,5
RPM-2015-09-15:7045:1,5,procede,0.04339187337704001,0.26778779877341025,0.011619814256292087,1,5,5
RPM-2015-09-15:7045:1,5,procede dar,0.04666151499647757,0.10216080686786064,0.004766978021716928,1,3,3
RPM-2015-09-15:7045:1,5,procede dar lectura,0.04666151499647757,0.10216080686786064,0.004766978021716928,1,3,3
RPM-2015-09-15:7045:1,5,procede dar lectura al,0.04666151499647757,0.10216080686786064,0.004766978021716928,1,3,3
RPM-2015-09-15:7045:1,5,proceso,0.0285072590197621,-0.7095466937162658,-0.020227231384385393,30,12,33
RPM-2015-09-15:7045:1,5,proxima,0.03747319846707394,-0.1451143787573868,-0.005437899915601695,9,3,12
RPM-2015-09-15:7045:1,5,que es,0.02111835612150971,-0.8388024562491934,-0.01771412898666753,47,24,118
RPM-2015-09-15:7045:1,5,que es del,0.04666151499647757,0.10216080686786064,0.004766978021716928,1,3,3
RPM-2015-09-15:7045:1,5,que es del siguiente,0.04666151499647757,0.10216080686786064,0.004766978021716928,1,3,3
RPM-2015-09-15:7045:1,5,que este,0.026134532963297596,0.08475431612331497,0.00221501446850652,22,17,62
RPM-2015-09-15:7045:1,5,que la,0.013797647527739177,-0.2628807979838401,-0.0036271365923918335,101,67,302
RPM-2015-09-15:7045:1,5,reafirma,0.03747319846707394,0.05838197197574893,0.0021877592227463887,6,7,11
RPM-2015-09-15:7045:1,5,reafirma su,0.0421488133248953,0.1794093391409809,0.0075618907441960355,3,5,5
RPM-2015-09-15:7045:1,5,reafirma su compromiso,0.0421488133248953,0.1794093391409809,0.0075618907441960355,3,5,5
RPM-2015-09-15:7045:1,5,reafirma su compromiso de,0.0421488133248953,0.1794093391409809,0.0075618907441960355,3,5,5
RPM-2015-09-15:7045:1,5,recientes,0.026793178761067987,-0.011942308439278557,-0.0003199724048334012,25,18,50
RPM-2015-09-15:7045:1,5,recientes se,0.048981362644141165,-0.08171084513966081,-0.004002308537744986,2,0,3
RPM-2015-09-15:7045:1,5,reducir,0.03328968243835658,0.8881685828484852,0.02956685007475127,13,14,14
RPM-2015-09-15:7045:1,5,reducir el,0.04571172102470361,-0.13449953078215998,-0.006148205029067633,5,0,3
RPM-2015-09-15:7045:1,5,relacionados,0.0421488133248953,-0.07181419222297633,-0.003026882982084377,2,1,10
RPM-2015-09-15:7045:1,5,relacionados con,0.04339187337704001,-0.07251811606950986,-0.0031466969100296623,2,1,8
RPM-2015-09-15:7045:1,5,reserva,0.03156743617547426,0.17207064187053894,0.005431829004921127,4,7,40
RPM-2015-09-15:7045:1,5,reserva federal,0.03255609252823209,0.17371662922928283,0.005655534654881119,4,7,34
RPM-2015-09-15:7045:1,5,reserva federal el,0.052251004263578725,-0.10332951387262318,-0.00539907086991195,1,0,2
RPM-2015-09-15:7045:1,5,respecto,0.02658316634069743,0.024451485810601387,0.0006499979145804196,58,44,269
RPM-2015-09-15:7045:1,5,respecto de,0.02150967470701671,-0.1204419514571296,-0.002590667196921155,32,23,125
RPM-2015-09-15:7045:1,5,respecto de lo,0.035482536462275255,-0.16476637009934203,-0.005846328734806643,6,3,22
RPM-2015-09-15:7045:1,5,respecto de lo previsto,0.052251004263578725,-0.06957116016900697,-0.0036351629866129016,1,0,2
RPM-2015-09-15:7045:1,5,respecto del,0.025097371631531765,-0.2637488995249717,-0.0066194041487857465,21,11,83
RPM-2015-09-15:7045:1,5,respecto del mes,0.04012223175760246,-0.06623892626547533,-0.002657653550998142,2,0,15
RPM-2015-09-15:7045:1,5,respecto del mes previo,0.052251004263578725,0.001021256995809139,5.3361703642232926e-05,0,0,3
RPM-2015-09-15:7045:1,5,reunion,0.04022532255295956,-0.2651276659810805,-0.010664845881802287,73,50,118
RPM-2015-09-15:7045:1,5,reunion mensual,0.060958327957942204,-0.10905996475776167,-0.006648113098785255,15,8,6
RPM-2015-09-15:7045:1,5,reunion mensual de,0.06142120000411797,-0.10880410851420974,-0.006682878910321032,15,8,5
RPM-2015-09-15:7045:1,5,reunion mensual de politica,0.06142120000411797,-0.10880410851420974,-0.006682878910321032,15,8,5
RPM-2015-09-15:7045:1,5,reunion se,0.03887917170545774,0.35218546645010645,0.013692679222280414,3,8,9
RPM-2015-09-15:7045:1,5,reunion se procede,0.04666151499647757,0.10216080686786064,0.004766978021716928,1,3,3
RPM-2015-09-15:7045:1,5,reunion se procede dar,0.04666151499647757,0.10216080686786064,0.004766978021716928,1,3,3
RPM-2015-09-15:7045:1,5,riesgos,0.02399455734817983,-0.535269016396172,-0.012843543110621757,48,26,58
RPM-2015-09-15:7045:1,5,salarios,0.02637526512206006,0.21436271049175337,0.0056538733215034005,23,20,55
RPM-2015-09-15:7045:1,5,salarios no,0.052251004263578725,-0.12468433886416565,-0.006514881921593014,2,0,1
RPM-2015-09-15:7045:1,5,se,0.02514819824591853,0.013804764284991347,0.00034716494897713815,108,74,606
RPM-2015-09-15:7045:1,5,se ha,0.018558088392656654,-0.2585067838502478,-0.004797391744794286,58,36,166
RPM-2015-09-15:7045:1,5,se preve,0.04274641470967657,0.04630566428583842,0.0019794011289695082,3,2,7
RPM-2015-09-15:7045:1,5,se preve que,0.048981362644141165,0.05739399447641173,0.002811236057044958,1,1,3
RPM-2015-09-15:7045:1,5,se procede,0.04571172102470361,0.08775444272995991,0.004011406604750257,1,3,4
RPM-2015-09-15:7045:1,5,se procede dar,0.04666151499647757,0.10216080686786064,0.004766978021716928,1,3,3
RPM-2015-09-15:7045:1,5,se procede dar lectura,0.04666151499647757,0.10216080686786064,0.004766978021716928,1,3,3
RPM-2015-09-15:7045:1,5,seguira,0.04107202572937641,-0.34204433264068224,-0.014048453630805485,8,2,5
RPM-2015-09-15:7045:1,5,senores,0.03747319846707394,0.5360177847781193,0.020086300830871793,2,8,14
RPM-2015-09-15:7045:1,5,senores consejeros,0.03850403762803632,0.4372096126227216,0.016834335375764457,2,6,13
RPM-2015-09-15:7045:1,5,senores consejeros el,0.04571172102470361,0.09069620161073039,0.004145879466029982,1,3,4
RPM-2015-09-15:7045:1,5,senores consejeros el consejo,0.04666151499647757,0.10216080686786064,0.004766978021716928,1,3,3
RPM-2015-09-15:7045:1,5,septiembre,0.029644906741497615,-0.15236513138711524,-0.004516850110627062,21,9,35
RPM-2015-09-15:7045:1,5,septiembre el,0.052251004263578725,0.01060436920490625,0.0005540889405381194,1,1,1
RPM-2015-09-15:7045:1,5,siguen,0.042493544017393164,-0.5278323829587193,-0.022429468599061864,43,15,57
RPM-2015-09-15:7045:1,5,siguen debiles,0.052251004263578725,-0.1548378992385499,-0.008090435733277043,2,0,1
RPM-2015-09-15:7045:1,5,siguen mostrando,0.0421488133248953,-0.04509061336462701,-0.001900515845410693,4,2,7
RPM-2015-09-15:7045:1,5,siguen mostrando una,0.048981362644141165,0.06568066301512883,0.0032171283738516555,1,2,2
RPM-2015-09-15:7045:1,5,siguiente,0.054828623070903276,-0.16829169901159224,-0.009227202131068497,20,9,17
RPM-2015-09-15:7045:1,5,siguiente acuerdo,0.037156925442575414,-0.1993900795256566,-0.007408722318924005,13,6,6
RPM-2015-09-15:7045:1,5,siguiente tenor,0.04666151499647757,0.10216080686786064,0.004766978021716928,1,3,3
RPM-2015-09-15:7045:1,5,siguiente tenor comunicado,0.04666151499647757,0.10216080686786064,0.004766978021716928,1,3,3
RPM-2015-09-15:7045:1,5,siguiente tenor comunicado en,0.04666151499647757,0.10216080686786064,0.004766978021716928,1,3,3
RPM-2015-09-15:7045:1,5,sorprendio,0.037156925442575414,0.0005171540541319616,1.9215854631706907e-05,4,4,17
RPM-2015-09-15:7045:1,5,sorprendio al,0.044093526895137486,0.009023188952287996,0.0003978642247476182,2,3,5
RPM-2015-09-15:7045:1,5,sorprendio al alza,0.04571172102470361,-0.04780222741549239,-0.002185122083976427,2,2,4
RPM-2015-09-15:7045:1,5,sorpresas,0.031115134729783934,-0.6056003224665607,-0.018843335625947633,20,4,30
RPM-2015-09-15:7045:1,5,su,0.036824038964125796,0.34615976316454533,0.012747000606583774,97,67,288
RPM-2015-09-15:7045:1,5,su compromiso,0.04107202572937641,0.13469057552373565,0.005532014783415387,5,5,5
RPM-2015-09-15:7045:1,5,su compromiso de,0.04107202572937641,0.13469057552373565,0.005532014783415387,5,5,5
RPM-2015-09-15:7045:1,5,su compromiso de conducir,0.04159245974588877,0.15352623780361416,0.006385533865784569,4,5,5
RPM-2015-09-15:7045:1,5,su evolucion,0.048981362644141165,-0.09579456012278155,-0.004692148088709947,2,1,2
RPM-2015-09-15:7045:1,5,su parte,0.02799345925162619,0.2704763368361681,0.007571568313752392,17,13,50
RPM-2015-09-15:7045:1,5,su parte la,0.03968623755396441,0.07434788825384529,0.0029505879548777044,3,3,12
RPM-2015-09-15:7045:1,5,su reunion,0.0600771565702168,-0.10207259190813903,-0.006132231085593113,16,9,6
RPM-2015-09-15:7045:1,5,su reunion mensual,0.06142120000411797,-0.10880410851420974,-0.006682878910321032,15,8,5
RPM-2015-09-15:7045:1,5,su reunion mensual de,0.06142120000411797,-0.10880410851420974,-0.006682878910321032,15,8,5
RPM-2015-09-15:7045:1,5,subyacente,0.02662340557573654,-0.18514104670187145,-0.004929085175060304,32,14,49
RPM-2015-09-15:7045:1,5,sus,0.021076025691252328,0.13321579445248882,0.002807659506361244,50,32,108
RPM-2015-09-15:7045:1,5,sus componentes,0.044093526895137486,-0.05437194339018048,-0.002397450748215816,1,0,9
RPM-2015-09-15:7045:1,5,tambien,0.01635494218042729,-0.2319282107007837,-0.003793172476021275,71,45,226
RPM-2015-09-15:7045:1,5,tambien en,0.033484003370031976,-0.039750168152071476,-0.001330994764363299,6,3,31
RPM-2015-09-15:7045:1,5,tasa,0.03189111377540065,0.015673160405287434,0.0004998345417051262,102,71,222
RPM-2015-09-15:7045:1,5,tasa de,0.034521195876490586,-0.22746879674256715,-0.007852494888139784,100,63,175
RPM-2015-09-15:7045:1,5,tasa de interes,0.04285129595278263,-0.06622800029309059,-0.0028379556409201994,40,25,47
RPM-2015-09-15:7045:1,5,tasa de interes de,0.052436488458269134,-0.08836870210834996,-0.004633744428176716,25,13,17
RPM-2015-09-15:7045:1,5,tasa de politica,0.019648128133223388,-0.4389422710749305,-0.008624393985168309,86,53,88
RPM-2015-09-15:7045:1,5,tasa de politica monetaria,0.02015913616567389,-0.415040653897455,-0.008366861056209124,80,50,83
RPM-2015-09-15:7045:1,5,tenor,0.0421488133248953,0.14339715220376242,0.006044019799557981,1,4,8
RPM-2015-09-15:7045:1,5,tenor comunicado,0.04666151499647757,0.10216080686786064,0.004766978021716928,1,3,3
RPM-2015-09-15:7045:1,5,tenor comunicado en,0.04666151499647757,0.10216080686786064,0.004766978021716928,1,3,3
RPM-2015-09-15:7045:1,5,tenor comunicado en su,0.04666151499647757,0.10216080686786064,0.004766978021716928,1,3,3
RPM-2015-09-15:7045:1,5,texto,0.04012223175760246,-0.05375722046600742,-0.00215685965818168,7,4,6
RPM-2015-09-15:7045:1,5,texto del,0.04159245974588877,0.003929064438012716,0.00016341945447704697,6,4,4
RPM-2015-09-15:7045:1,5,texto del comunicado,0.04159245974588877,0.003929064438012716,0.00016341945447704697,6,4,4
RPM-2015-09-15:7045:1,5,texto del comunicado que,0.04666151499647757,0.10216080686786064,0.004766978021716928,1,3,3
RPM-2015-09-15:7045:1,5,tuvo,0.032914548360935166,-0.056189051901216626,-0.0018494372661576907,4,2,37
RPM-2015-09-15:7045:1,5,una,0.011926644968420191,-0.029980404594881493,-0.00035756564161274493,101,67,425
RPM-2015-09-15:7045:1,5,una alta,0.047738302591996455,-0.20682208400908209,-0.009873335229132871,3,0,3
RPM-2015-09-15:7045:1,5,volatiles,0.0421488133248953,0.0038638845036731255,0.0001628581466542743,2,1,10
RPM-2015-09-15:7045:1,5,volatilidad,0.04863109795191118,-0.1978320106552175,-0.009620787888197419,16,7,50
RPM-2015-09-15:7045:1,5,volatilidad se,0.052251004263578725,-0.0037053152533429168,-0.00019360644310032404,0,0,3
RPM-2015-09-15:7045:1,5,volvieron,0.04486210136532633,0.0074318502581573985,0.0003334084196133839,2,1,6
RPM-2015-09-15:7045:1,5,votacion,0.039272612098225176,0.6416588332344404,0.025199618457015936,3,9,7
RPM-2015-09-15:7045:1,5,votacion efectuada,0.052251004263578725,0.24035885428794004,0.012558991520188053,1,2,0
RPM-2015-09-15:7045:1,5,votacion efectuada por,0.052251004263578725,0.24035885428794004,0.012558991520188053,1,2,0
RPM-2010-10-14:3491:1,5,25,0.028713227689707937,-1.522777144785549,-0.043723846878910816,81,29,51
RPM-2010-10-14:3491:1,5,25 puntos,0.03164393254512554,-1.453953673544671,-0.04600881196938505,69,20,32
RPM-2010-10-14:3491:1,5,25 puntos base,0.03172899342521647,-1.455251253375289,-0.04617365745038257,69,20,31
RPM-2010-10-14:3491:1,5,25 puntos base hasta,0.03337622072913671,-0.47799584489327107,-0.01595369482676801,10,0,0
RPM-2010-10-14:3491:1,5,50,0.02061449982362141,-0.6059588848620481,-0.012491539325110516,33,13,42
RPM-2010-10-14:3491:1,5,50 puntos,0.023552336995583352,-0.3950543022656691,-0.009304452058516087,28,9,17
RPM-2010-10-14:3491:1,5,50 puntos base,0.023778434034505698,-0.462128604720906,-0.010988694542814223,28,9,15
RPM-2010-10-14:3491:1,5,75,0.024643057764115937,0.31001075814295,0.007639613020414091,22,11,12
RPM-2010-10-14:3491:1,5,75 en,0.03818890308068416,-0.09392785311082963,-0.0035870016790262105,4,0,0
RPM-2010-10-14:3491:1,5,actividad,0.023784294384974525,0.29918090314621615,0.007115806674792156,72,48,140
RPM-2010-10-14:3491:1,5,actividad empleo,0.03818890308068416,0.034693221370542704,0.0013248960684763757,1,1,2
RPM-2010-10-14:3491:1,5,actividad la,0.030040160490226998,0.10157929858151449,0.003051458431873383,3,5,10
RPM-2010-10-14:3491:1,5,actual,0.017635191455837217,0.14478404449029847,0.002553294344336867,48,29,67
RPM-2010-10-14:3491:1,5,actual nivel,0.032356535600392526,0.28613844281413897,0.009258448711556568,1,5,6
RPM-2010-10-14:3491:1,5,actualmente,0.027459075189390572,0.37675157249567626,0.010345249756879907,3,8,17
RPM-2010-10-14:3491:1,5,actualmente en,0.03818890308068416,-0.011718631874300384,-0.0004475216968858735,0,0,4
RPM-2010-10-14:3491:1,5,acuerda,0.03148305919025053,0.36966620929715593,0.011638223147937901,4,3,7
RPM-2010-10-14:3491:1,5,acuerda por,0.034601099033370254,0.3831037189355445,0.01325580971894122,0,2,6
RPM-2010-10-14:3491:1,5,acuerda por unanimidad,0.035320037514397655,0.4304039583081312,0.015201883953788438,0,2,5
RPM-2010-10-14:3491:1,5,adecuada,0.049828066647881884,0.3874477878540884,0.019305774195767917,8,7,5
RPM-2010-10-14:3491:1,5,advierte,0.024257418666671755,0.22951330573863138,0.005567400346873819,7,10,31
RPM-2010-10-14:3491:1,5,advierte que,0.028614193623964026,0.2045654352735145,0.005853474973686825,3,7,13
RPM-2010-10-14:3491:1,5,agrega,0.012152666957061504,0.3539162440565241,0.004301026244713036,59,49,247
RPM-2010-10-14:3491:1,5,agrega que,0.012880184388421307,0.14043763339446122,0.001808862613194174,52,43,220
RPM-2010-10-14:3491:1,5,agrega que dada,0.03955095394767761,0.05455441274426524,0.002157679066091031,0,1,2
RPM-2010-10-14:3491:1,5,agregada,0.026488156675490333,-0.008602349350493685,-0.00022786037737317923,7,6,20
RPM-2010-10-14:3491:1,5,agregada que,0.03818890308068416,0.06960231561171383,0.002658036085086929,1,1,2
RPM-2010-10-14:3491:1,5,ajustado,0.028365019347130805,0.1344584247732934,0.003813915820079199,6,6,12
RPM-2010-10-14:3491:1,5,ajustado la,0.034601099033370254,0.13557551001744292,0.004691061648613224,1,3,4
RPM-2010-10-14:3491:1,5,ajustado la baja,0.035320037514397655,0.14854036090212658,0.005246451119465277,1,3,3
RPM-2010-10-14:3491:1,5,ajuste,0.04090238027376367,-0.5650067409036573,-0.023110120573681253,40,19,47
RPM-2010-10-14:3491:1,5,ajuste de,0.026488156675490333,-0.3379035289507727,-0.008950441616049151,16,6,11
RPM-2010-10-14:3491:1,5,ajuste es,0.03707602649052393,-0.0033536206856448723,-0.00012433892938013832,2,1,2
RPM-2010-10-14:3491:1,5,ajustes,0.022723414959587376,-0.6291610884251566,-0.01429668848871048,28,9,25
RPM-2010-10-14:3491:1,5,ajustes en,0.034601099033370254,-0.17120567798121222,-0.005923904618903221,6,1,1
RPM-2010-10-14:3491:1,5,ajustes en la,0.03955095394767761,0.049186051130596625,0.0019453552431343433,1,1,1
RPM-2010-10-14:3491:1,5,algunos,0.017347411190387144,-0.07646154958915707,-0.001326409940977285,36,25,90
RPM-2010-10-14:3491:1,5,algunos meses,0.027051996230926776,0.17215298288405617,0.004657081844122289,9,10,11
RPM-2010-10-14:3491:1,5,alla,0.021908349733530397,0.3247296157367057,0.007114289990394685,18,16,37
RPM-2010-10-14:3491:1,5,alla de,0.022723414959587376,0.41546269534039415,0.009440731226448404,13,14,35
RPM-2010-10-14:3491:1,5,alla de las,0.03818890308068416,0.019543509040303195,0.0007463451725966134,1,1,2
RPM-2010-10-14:3491:1,5,altamente,0.03148305919025053,-0.15782578043323894,-0.004968838387127146,5,1,8
RPM-2010-10-14:3491:1,5,alza,0.014559393457130717,-1.0626672408449358,-0.01547179047346491,62,22,155
RPM-2010-10-14:3491:1,5,alza menor,0.03955095394767761,8.167543390855125e-05,3.230341325173697e-06,0,0,3
RPM-2010-10-14:3491:1,5,ambiente,0.034601099033370254,-0.04292528926524124,-0.0014852621849026772,3,2,3
RPM-2010-10-14:3491:1,5,ambito,0.022532651866839174,0.03401977893394453,0.0007665558353054013,20,18,26
RPM-2010-10-14:3491:1,5,anade,0.021659175456697176,0.31334307662550287,0.006786752674773074,7,15,52
RPM-2010-10-14:3491:1,5,anade que,0.0219937206658091,0.2723569926082086,0.005990143616804774,7,14,49
RPM-2010-10-14:3491:1,5,ano,0.012634101487778096,0.3469849634893234,0.004383843243457089,55,44,229
RPM-2010-10-14:3491:1,5,ano la,0.030040160490226998,-0.0035867626911888495,-0.00010774692688367153,2,1,15
RPM-2010-10-14:3491:1,5,anos,0.017635191455837217,-0.3263360473563036,-0.005754998674069575,25,8,111
RPM-2010-10-14:3491:1,5,anos en,0.0310891210811177,0.09041138803168391,0.0028108105896289368,2,3,10
RPM-2010-10-14:3491:1,5,anterior,0.014819174030562583,-0.24534511205562587,-0.003635811913100198,74,41,114
RPM-2010-10-14:3491:1,5,anterior el,0.02534543199574691,-0.2777697627471027,-0.007040194632181445,21,8,11
RPM-2010-10-14:3491:1,5,anterior el presidente,0.03955095394767761,0.025303746819798516,0.001000787325173545,2,1,0
RPM-2010-10-14:3491:1,5,anterior el presidente senor,0.03955095394767761,0.025303746819798516,0.001000787325173545,2,1,0
RPM-2010-10-14:3491:1,5,anunciado,0.03707602649052393,-0.01124810621992698,-0.00041703508417823974,1,1,3
RPM-2010-10-14:3491:1,5,apreciacion,0.044788619676270416,-0.04735663077838401,-0.002121038125082603,9,10,59
RPM-2010-10-14:3491:1,5,apreciacion del,0.05521704753772097,0.2413893488792433,0.013328807152164689,3,5,26
RPM-2010-10-14:3491:1,5,apreciacion del peso,0.06892915158878875,0.19676310616068005,0.013562713971630449,1,2,8
RPM-2010-10-14:3491:1,5,asegurar,0.030040160490226998,-0.36235810533618623,-0.010885295639233614,12,4,2
RPM-2010-10-14:3491:1,5,asegurar que,0.03707602649052393,0.04222603240395129,0.00156557349599862,2,2,1
RPM-2010-10-14:3491:1,5,asi,0.029169730101297368,-0.17502855226687739,-0.005105535629645633,31,18,105
RPM-2010-10-14:3491:1,5,asi como,0.022168130306962262,-0.049144414664818434,-0.0010894397881490822,11,8,49
RPM-2010-10-14:3491:1,5,aumentando,0.022080302573621327,-0.5750248106987796,-0.012696721807568381,32,6,31
RPM-2010-10-14:3491:1,5,aumentando las,0.03613510274045464,-0.061518271119815074,-0.002222969047329661,2,0,4
RPM-2010-10-14:3491:1,5,aumentos,0.02061449982362141,-0.8226852484848964,-0.016959244909787834,34,6,48
RPM-2010-10-14:3491:1,5,aumentos de,0.02631121900690128,-0.28471416321357534,-0.007491176702679016,12,4,18
RPM-2010-10-14:3491:1,5,aun,0.01776280423252915,-0.010397139484191825,-0.00018468235323599848,41,27,73
RPM-2010-10-14:3491:1,5,avanzadas,0.0526384577045812,-0.20431290952690967,-0.01075471644663216,5,1,9
RPM-2010-10-14:3491:1,5,baja,0.015702866212389106,1.0674729977376893,0.016762385668812874,20,37,141
RPM-2010-10-14:3491:1,5,baja mas,0.03818890308068416,0.24065166456282525,0.009190223094195047,0,2,2
RPM-2010-10-14:3491:1,5,base,0.037991833269081884,-0.699565694037864,-0.02657778320865608,88,46,105
RPM-2010-10-14:3491:1,5,base de,0.0247772152998169,-0.4784068261270808,-0.01185358893185275,19,4,21
RPM-2010-10-14:3491:1,5,base del,0.02597202496119243,-0.2306188884007185,-0.005989639526065913,12,3,21
RPM-2010-10-14:3491:1,5,base del ultimo,0.03955095394767761,-0.0268946765030899,-0.0010637101118113957,1,1,1
RPM-2010-10-14:3491:1,5,base del ultimo ipom,0.03955095394767761,-0.0268946765030899,-0.0010637101118113957,1,1,1
RPM-2010-10-14:3491:1,5,base hasta,0.029429258850021005,-0.028986926475113223,-0.000853063762502634,14,4,2
RPM-2010-10-14:3491:1,5,base hasta 75,0.035320037514397655,0.42928946912891724,0.015162520154169211,4,3,0
RPM-2010-10-14:3491:1,5,bien,0.031438304567356995,0.17923884427576084,0.005634965376642441,50,35,138
RPM-2010-10-14:3491:1,5,bien el,0.030370182600090306,0.15726515792677245,0.0047761715628681185,4,5,8
RPM-2010-10-14:3491:1,5,bien la,0.04614188867318186,0.12992807439679768,0.00599512674433793,10,7,12
RPM-2010-10-14:3491:1,5,cambiarias,0.034601099033370254,-0.08515595782209903,-0.002946489729883949,3,1,4
RPM-2010-10-14:3491:1,5,caso,0.027011316516004146,-0.3090163314371772,-0.008346937937064036,35,17,138
RPM-2010-10-14:3491:1,5,caso de,0.020895189375216932,0.20971010277971247,0.004381932311478299,10,9,65
RPM-2010-10-14:3491:1,5,caso el,0.03955095394767761,0.00023183224935692005,9.169186617902056e-06,0,0,3
RPM-2010-10-14:3491:1,5,ciclica,0.032356535600392526,0.053933705847891734,0.0017451078733284075,3,2,7
RPM-2010-10-14:3491:1,5,cifras,0.03736776800233543,-0.01849070243140136,-0.0006909562786568258,27,16,97
RPM-2010-10-14:3491:1,5,cifras de,0.022439460405423124,-0.051948878996792784,-0.0011657048133546487,15,8,42
RPM-2010-10-14:3491:1,5,cifras de actividad,0.02972707021412425,-0.3694540683419856,-0.010982787030496065,11,2,6
RPM-2010-10-14:3491:1,5,cifras en,0.03955095394767761,-0.15149797945306612,-0.005991889608514427,2,0,1
RPM-2010-10-14:3491:1,5,cifras mas,0.03613510274045464,0.1658367449172382,0.005992527815726971,0,2,4
RPM-2010-10-14:3491:1,5,cifras mas recientes,0.03707602649052393,0.17200478588304924,0.0063772539978968305,0,2,3
RPM-2010-10-14:3491:1,5,coherente,0.020967425983461102,-0.014294905104645872,-0.0002997273647222626,31,13,39
RPM-2010-10-14:3491:1,5,coherente con,0.021114515562466955,-0.059162395260999506,-0.0012491853154511954,31,12,38
RPM-2010-10-14:3491:1,5,coherente con el,0.027051996230926776,-0.039014878367286496,-0.0010554303425419009,15,5,10
RPM-2010-10-14:3491:1,5,coherente con el escenario,0.03337622072913671,0.11664915912207928,0.0038933080827267086,5,3,2
RPM-2010-10-14:3491:1,5,commodities,0.022627288214557794,-0.06305166719676161,-0.0014266882460695044,12,8,43
RPM-2010-10-14:3491:1,5,commodities han,0.03613510274045464,0.21108557553507826,0.007627598958988051,1,4,1
RPM-2010-10-14:3491:1,5,como,0.024634354761084908,-0.4297160491421064,-0.010585777601098446,81,53,246
RPM-2010-10-14:3491:1,5,como por,0.032356535600392526,-0.14250294349421358,-0.004610901564331246,3,1,8
RPM-2010-10-14:3491:1,5,como ya,0.03707602649052393,-0.04874571686586644,-0.0018072974898184434,1,0,4
RPM-2010-10-14:3491:1,5,comportamiento,0.02082379765896064,0.00047475402464783323,9.886181747043693e-06,13,9,63
RPM-2010-10-14:3491:1,5,comportamiento mas,0.03613510274045464,-0.00527715337716457,-0.0001906904794609789,0,0,6
RPM-2010-10-14:3491:1,5,con,0.027305102600786463,-0.06776194828044772,-0.001850246950226811,102,67,401
RPM-2010-10-14:3491:1,5,con el,0.026691656850819142,-0.6674614814418256,-0.017815652823784597,57,24,115
RPM-2010-10-14:3491:1,5,con el escenario,0.025809244056947043,-0.19285559413190687,-0.004977457096697909,17,7,13
RPM-2010-10-14:3491:1,5,con el escenario base,0.02972707021412425,-0.25300501578070883,-0.007521097868638745,10,2,7
RPM-2010-10-14:3491:1,5,con la,0.015007831233292758,0.030382552664009244,0.00045597622281808,55,38,129
RPM-2010-10-14:3491:1,5,con la meta,0.029145304295856753,-0.3295325829316287,-0.009604327404941968,13,4,4
RPM-2010-10-14:3491:1,5,con la meta de,0.03190418630717468,-0.18827044907543314,-0.006006615483438062,8,2,3
RPM-2010-10-14:3491:1,5,con las,0.02047885152660965,-0.3550217499950564,-0.007270437706865891,24,10,56
RPM-2010-10-14:3491:1,5,con niveles,0.03818890308068416,-0.001406322574787346,-5.370591650873215e-05,0,0,4
RPM-2010-10-14:3491:1,5,con niveles de,0.03955095394767761,-0.0010762297150394753,-4.256591189664849e-05,0,0,3
RPM-2010-10-14:3491:1,5,con todo,0.023123815665572405,-0.06553150533484026,-0.0015153384496503209,22,15,21
RPM-2010-10-14:3491:1,5,condiciones,0.017551574776238126,0.5119685586420751,0.008985854440089236,41,32,73
RPM-2010-10-14:3491:1,5,condiciones que,0.03707602649052393,-0.09896859150572941,-0.0036693621203962657,2,0,3
RPM-2010-10-14:3491:1,5,configurando,0.03955095394767761,0.0059174728009176066,0.00023404169423572708,1,1,1
RPM-2010-10-14:3491:1,5,consecuencia,0.020216276756673646,0.48266374694061126,0.009757663888564489,25,17,52
RPM-2010-10-14:3491:1,5,consecuencia el,0.03148305919025053,0.4984163000138173,0.015691669874720676,2,6,6
RPM-2010-10-14:3491:1,5,consecuencia el presidente,0.035320037514397655,0.4304039583081312,0.015201883953788438,0,2,5
RPM-2010-10-14:3491:1,5,consecuencia el presidente senor,0.035320037514397655,0.4304039583081312,0.015201883953788438,0,2,5
RPM-2010-10-14:3491:1,5,consecuencias,0.029429258850021005,0.12828172281247108,0.003775236026374856,6,5,9
RPM-2010-10-14:3491:1,5,consecuencias sobre,0.03707602649052393,0.13705355080243536,0.005081401080171461,2,2,1
RPM-2010-10-14:3491:1,5,consejo,0.03329368433391403,-0.052543911333869486,-0.0017493803976190185,46,21,36
RPM-2010-10-14:3491:1,5,consistente,0.025054714092240596,-0.3916770399901493,-0.009813356253448277,19,11,12
RPM-2010-10-14:3491:1,5,consistente con,0.026488156675490333,0.007208765550357182,0.00019094691133473833,16,8,9
RPM-2010-10-14:3491:1,5,contenido,0.03148305919025053,-0.11493175827626875,-0.0036184033486513357,6,3,5
RPM-2010-10-14:3491:1,5,continua,0.019605375116467653,-0.3960512997053742,-0.0077647342960884165,34,15,55
RPM-2010-10-14:3491:1,5,continuar,0.023442353440614776,-0.4954499095277519,-0.011614511891270175,27,8,20
RPM-2010-10-14:3491:1,5,continue,0.03395798664740421,0.03240259757767096,0.0011003269758837625,4,3,2
RPM-2010-10-14:3491:1,5,creciendo,0.020346152340493143,-0.3346668349614771,-0.006809182407436889,23,9,60
RPM-2010-10-14:3491:1,5,crecimiento,0.021775394336731462,-0.3531872377336266,-0.007690791376350641,78,46,192
RPM-2010-10-14:3491:1,5,crecimiento de,0.03007504190514499,0.05598121690652178,0.0016836374443646538,36,21,84
RPM-2010-10-14:3491:1,5,crecimiento de la,0.020967425983461102,0.06743029404538406,0.001413839699439608,26,12,45
RPM-2010-10-14:3491:1,5,crecimiento de la demanda,0.030040160490226998,0.1405525919760531,0.004222222420278026,4,3,11
RPM-2010-10-14:3491:1,5,crecimiento de las,0.03148305919025053,-0.04955428439305515,-0.0015601204686770634,4,2,8
RPM-2010-10-14:3491:1,5,crecimiento de las economias,0.03955095394767761,-0.11576134701037864,-0.004578471704528613,2,0,1
RPM-2010-10-14:3491:1,5,cree,0.02028086912828102,0.05286190145005798,0.0010720853051807146,32,19,42
RPM-2010-10-14:3491:1,5,cree que,0.021114515562466955,0.1568229188886545,0.0033112399614259884,26,16,39
RPM-2010-10-14:3491:1,5,cree que la,0.034601099033370254,0.0918225522831961,0.003177161225047686,4,3,1
RPM-2010-10-14:3491:1,5,cual,0.017551574776238126,0.7590326270441765,0.01332221791117033,22,23,101
RPM-2010-10-14:3491:1,5,cumplir,0.03337622072913671,-0.08887957002527493,-0.0029664641474743386,6,2,2
RPM-2010-10-14:3491:1,5,cumplir con,0.034601099033370254,-0.14686299275740622,-0.005081620956736151,6,1,1
RPM-2010-10-14:3491:1,5,cumplir con la,0.03955095394767761,-0.2100675506212571,-0.008308372020522774,3,0,0
RPM-2010-10-14:3491:1,5,cumplir con la meta,0.03955095394767761,-0.2100675506212571,-0.008308372020522774,3,0,0
RPM-2010-10-14:3491:1,5,dada,0.02631121900690128,0.10828010656192348,0.002848981597841377,10,8,16
RPM-2010-10-14:3491:1,5,dada la,0.02789525514293662,0.12223242565758959,0.003409704700458494,8,7,11
RPM-2010-10-14:3491:1,5,de actividad,0.019157179564244876,0.16643779405436976,0.0031884787069763696,27,20,65
RPM-2010-10-14:3491:1,5,de desempleo,0.023123815665572405,0.17451950431048913,0.004035556847722819,5,8,45
RPM-2010-10-14:3491:1,5,de dos,0.027673269873894728,-0.06447374909038911,-0.0017841994583601127,10,5,12
RPM-2010-10-14:3491:1,5,de dos anos,0.03337622072913671,-0.11674128615863744,-0.003896382935033995,5,2,3
RPM-2010-10-14:3491:1,5,de gregorio,0.05326421546264647,0.015185475742450764,0.0008088424518486889,10,8,73
RPM-2010-10-14:3491:1,5,de gregorio hace,0.03955095394767761,-0.1090746273546916,-0.004314005563365504,1,0,2
RPM-2010-10-14:3491:1,5,de gregorio hace presente,0.03955095394767761,-0.1090746273546916,-0.004314005563365504,1,0,2
RPM-2010-10-14:3491:1,5,de gregorio senala,0.027459075189390572,0.136302707928003,0.003742746305512577,3,4,21
RPM-2010-10-14:3491:1,5,de gregorio senala que,0.02789525514293662,0.1401579385591269,0.003909741456414879,3,4,19
RPM-2010-10-14:3491:1,5,de hecho,0.03613517634273314,0.05582910647112631,0.002017394607391373,18,11,49
RPM-2010-10-14:3491:1,5,de hecho indica,0.03818890308068416,-0.05282674903594189,-0.00201739559900121,1,0,3
RPM-2010-10-14:3491:1,5,de hecho indica que,0.03955095394767761,-0.0031569317693608424,-0.00012485966302595107,0,0,3
RPM-2010-10-14:3491:1,5,de inflacion,0.025046206047814136,-0.6579228196416438,-0.01647847050430347,71,38,121
RPM-2010-10-14:3491:1,5,de inflacion las,0.03613510274045464,-0.14054236516206395,-0.005078512804517673,3,0,3
RPM-2010-10-14:3491:1,5,de interes,0.015702866212389106,0.12242818928299798,0.001922473476935967,58,41,99
RPM-2010-10-14:3491:1,5,de interes se,0.03613510274045464,0.0503272505226516,0.001818580368280615,1,1,4
RPM-2010-10-14:3491:1,5,de la,0.009333295830691523,0.3075825823438391,0.0028707592333830855,107,67,390
RPM-2010-10-14:3491:1,5,de la demanda,0.019782312785056703,0.3824109016954839,0.007564972069755634,20,20,61
RPM-2010-10-14:3491:1,5,de la demanda agregada,0.03337622072913671,-0.3043032944690611,-0.010156493924802869,6,0,4
RPM-2010-10-14:3491:1,5,de las,0.03801338569889435,0.3177602768141174,0.01207914396232248,69,53,222
RPM-2010-10-14:3491:1,5,de las economias,0.0686574923989649,0.2119614852498257,0.01455274406241322,7,8,19
RPM-2010-10-14:3491:1,5,de las economias avanzadas,0.06696558616496658,-0.09630014057674376,-0.006448795361490328,1,0,2
RPM-2010-10-14:3491:1,5,de las economias emergentes,0.05142118904243361,0.06275445273255637,0.0032269085772152453,3,3,11
RPM-2010-10-14:3491:1,5,de las presiones,0.03284511005724398,0.03960097371659402,0.0013006983400955566,3,2,6
RPM-2010-10-14:3491:1,5,de las ultimas,0.034601099033370254,-0.04905435866705521,-0.0016973347222572416,2,0,6
RPM-2010-10-14:3491:1,5,de los,0.022760984116536584,-0.5510955339926827,-0.012543476695901699,82,52,306
RPM-2010-10-14:3491:1,5,de los ajustes,0.03818890308068416,-0.030518996084114163,-0.001165486983576015,1,0,3
RPM-2010-10-14:3491:1,5,de los commodities,0.0249143878625768,0.006580686490803334,0.00016395377563389372,10,7,26
RPM-2010-10-14:3491:1,5,de los commodities han,0.03818890308068416,0.0958747443726707,0.00366135132073329,1,2,1
RPM-2010-10-14:3491:1,5,de los paises,0.032356535600392526,-0.08346538852674268,-0.0027006508152661434,3,1,8
RPM-2010-10-14:3491:1,5,de monedas,0.03613510274045464,-0.003059504605893144,-0.00011055551326884293,0,0,6
RPM-2010-10-14:3491:1,5,de no,0.028873974197395885,-0.18606698853991943,-0.005372493426088789,6,2,14
RPM-2010-10-14:3491:1,5,de politica,0.025831742456690017,-0.5403869352809345,-0.013959136139137117,104,68,174
RPM-2010-10-14:3491:1,5,de politica monetaria,0.02748436884650752,-0.7225599674405625,-0.019859104658856885,97,55,152
RPM-2010-10-14:3491:1,5,de politica monetaria en,0.016772950984729317,0.09845329764751462,0.001651352335726729,69,36,61
RPM-2010-10-14:3491:1,5,de politica monetaria es,0.032356535600392526,-0.07554390061413747,-0.002444338909613854,6,2,4
RPM-2010-10-14:3491:1,5,de politica monetaria que,0.028614193623964026,-0.31496974281595225,-0.00901260520662581,12,3,8
RPM-2010-10-14:3491:1,5,de politicas,0.03955095394767761,-0.20218247817358326,-0.007996509883270725,2,0,1
RPM-2010-10-14:3491:1,5,de recuperacion,0.028614193623964026,0.272543856840212,0.0077986226906477584,2,7,14
RPM-2010-10-14:3491:1,5,de retiro,0.032356535600392526,0.10043014833435178,0.0032495716699331555,5,3,4
RPM-2010-10-14:3491:1,5,de riesgos,0.028125619167112575,-0.4005462861092148,-0.01126561230190909,12,1,12
RPM-2010-10-14:3491:1,5,de su,0.021908349733530397,0.12042593789506528,0.0026383335643935016,14,14,43
RPM-2010-10-14:3491:1,5,debe,0.020216276756673646,0.192976264737784,0.003901261575408163,30,22,42
RPM-2010-10-14:3491:1,5,debilidad,0.023552336995583352,0.18704972572192152,0.004405458175134131,15,10,29
RPM-2010-10-14:3491:1,5,decision,0.019722761852642965,0.25036987647142916,0.004937985448721634,42,25,35
RPM-2010-10-14:3491:1,5,decision de,0.023894702733832623,0.1979681304646806,0.004730389628226137,22,12,17
RPM-2010-10-14:3491:1,5,decision de politica,0.0310891210811177,-0.07634179846289064,-0.0023733994159630925,6,3,6
RPM-2010-10-14:3491:1,5,decision de politica monetaria,0.03707602649052393,-0.15025637606757458,-0.005570909379451521,3,1,1
RPM-2010-10-14:3491:1,5,del,0.029686419845449997,0.007264747961282552,0.00021566435805001077,106,70,508
RPM-2010-10-14:3491:1,5,del ajuste,0.03190418630717468,0.18114345731358683,0.0057792346104584185,6,5,2
RPM-2010-10-14:3491:1,5,del consejo,0.0310891210811177,-0.09606075513282475,-0.002986444447467987,6,3,6
RPM-2010-10-14:3491:1,5,del crecimiento,0.04172432377368877,-0.2240127627598071,-0.009346781042828723,15,5,25
RPM-2010-10-14:3491:1,5,del crecimiento de,0.05086241303759611,0.04025498110499863,0.0020474654757830675,5,3,10
RPM-2010-10-14:3491:1,5,del crecimiento de la,0.03613510274045464,0.08141413038405573,0.0029419079659526236,0,1,5
RPM-2010-10-14:3491:1,5,del empleo,0.025054714092240596,0.22272829263180455,0.005580393692142761,6,5,31
RPM-2010-10-14:3491:1,5,del estimulo,0.048448041258411054,0.11172464736843676,0.00541284032528745,8,8,7
RPM-2010-10-14:3491:1,5,del estimulo monetario,0.048448041258411054,0.11172464736843676,0.00541284032528745,8,8,7
RPM-2010-10-14:3491:1,5,del peso,0.06362664793076067,0.4003617659018238,0.025473677123972967,5,13,29
RPM-2010-10-14:3491:1,5,del peso los,0.03955095394767761,0.11687334267366531,0.004622452193797281,0,2,1
RPM-2010-10-14:3491:1,5,del ultimo,0.02225724024221038,0.22619021361324482,0.005034369924826875,16,14,37
RPM-2010-10-14:3491:1,5,del ultimo ipom,0.02972707021412425,-0.17443794006661198,-0.005185528892367372,8,4,7
RPM-2010-10-14:3491:1,5,demanda,0.02578803747939812,0.1131859324404573,0.0029188430679151366,48,33,133
RPM-2010-10-14:3491:1,5,demanda agregada,0.027673269873894728,-0.04255087452667851,-0.001177521834147007,7,5,15
RPM-2010-10-14:3491:1,5,demanda agregada que,0.03818890308068416,0.06960231561171383,0.002658036085086929,1,1,2
RPM-2010-10-14:3491:1,5,depreciado,0.030719073108770287,0.3437344872093238,0.010559204842588883,1,7,8
RPM-2010-10-14:3491:1,5,desacoplamiento,0.06696558616496658,0.06035207821222796,0.004041512293755754,1,1,1
RPM-2010-10-14:3491:1,5,desarrollo,0.027459075189390572,0.2827379115037867,0.007763721570873737,5,8,15
RPM-2010-10-14:3491:1,5,desempeno,0.027673269873894728,-0.1390615652655978,-0.0038482882246811127,7,3,17
RPM-2010-10-14:3491:1,5,desempeno de,0.030040160490226998,-0.23704187089330997,-0.007120775844538699,6,1,11
RPM-2010-10-14:3491:1,5,desempleo,0.021419775276678946,0.3458110207637865,0.007407194352959264,10,15,52
RPM-2010-10-14:3491:1,5,destaca,0.018541135613577446,-0.10487627767176064,-0.0019445252869593182,16,18,90
RPM-2010-10-14:3491:1,5,destaca que,0.021908349733530397,-0.14019264893625652,-0.003071389582965556,10,10,51
RPM-2010-10-14:3491:1,5,destacando,0.028614193623964026,0.045397992670279705,0.001299026952406683,5,3,15
RPM-2010-10-14:3491:1,5,destacando que,0.03395798664740421,-0.1569109827731187,-0.005328381057840637,3,0,6
RPM-2010-10-14:3491:1,5,destacando que la,0.03955095394767761,-0.06444605100435595,-0.0025489027953829644,1,0,2
RPM-2010-10-14:3491:1,5,dia,0.02028086912828102,0.3672192757467403,0.0074475260728017805,14,18,61
RPM-2010-10-14:3491:1,5,dia en,0.03818890308068416,-0.24565190716614888,-0.00938117687435328,4,0,0
RPM-2010-10-14:3491:1,5,dificil,0.02333431659979337,0.13086619481265005,0.003053673221968613,12,11,33
RPM-2010-10-14:3491:1,5,dificil pensar,0.03818890308068416,0.03413524772106854,0.0013035876668550312,1,1,2
RPM-2010-10-14:3491:1,5,dificil pensar que,0.03955095394767761,0.04267354358867561,0.001687779357259922,1,1,1
RPM-2010-10-14:3491:1,5,direccion,0.0254961537808443,0.3766790222554287,0.009603866277442483,13,12,14
RPM-2010-10-14:3491:1,5,direccion de,0.03613510274045464,0.13866081042585673,0.005010522630813036,2,3,1
RPM-2010-10-14:3491:1,5,distinta,0.02613926616681035,-0.08188071412376041,-0.0021403017804094812,9,3,23
RPM-2010-10-14:3491:1,5,dolar,0.021040527721344123,0.3086308160652289,0.006493755241081508,6,10,66
RPM-2010-10-14:3491:1,5,dolar se,0.03284511005724398,0.05859780362852248,0.0019246513092915913,1,2,8
RPM-2010-10-14:3491:1,5,dolar se ha,0.03707602649052393,-0.007893130871110012,-0.00029264592927044706,0,0,5
RPM-2010-10-14:3491:1,5,dos,0.015858190678732644,0.33551368032771,0.005320639917960175,37,27,129
RPM-2010-10-14:3491:1,5,dos anos,0.022723414959587376,-0.14648591601556624,-0.003328660255356978,13,5,44
RPM-2010-10-14:3491:1,5,dos anos en,0.03955095394767761,0.12005551198026895,0.004748310025496475,1,2,0
RPM-2010-10-14:3491:1,5,economia,0.035426378868151594,0.03518917991546694,0.0012466252197448826,65,44,119
RPM-2010-10-14:3491:1,5,economia nacional,0.028873974197395885,-0.08631154781623648,-0.0024921574045833135,13,5,4
RPM-2010-10-14:3491:1,5,economias,0.05070526552023911,0.5126278379210205,0.025992930634851443,25,26,81
RPM-2010-10-14:3491:1,5,economias avanzadas,0.0526384577045812,-0.20357153097917097,-0.010715691423303933,5,1,9
RPM-2010-10-14:3491:1,5,economias emergentes,0.045977131975225606,0.32946559557986976,0.015147883169271978,11,14,46
RPM-2010-10-14:3491:1,5,economias emergentes con,0.03955095394767761,0.0035654452936251437,0.00014101676261113192,1,1,1
RPM-2010-10-14:3491:1,5,economias emergentes que,0.03818890308068416,0.07034293532730787,0.002686319539625394,0,1,3
RPM-2010-10-14:3491:1,5,economias en,0.03613510274045464,0.13674313742775274,0.004941227320003953,0,2,4
RPM-2010-10-14:3491:1,5,efectos,0.016772950984729317,0.5280329372631065,0.008856670575036736,38,35,93
RPM-2010-10-14:3491:1,5,el actual,0.02972707021412425,0.48891636841160635,0.014534051212606461,3,8,8
RPM-2010-10-14:3491:1,5,el ajuste,0.04685491886385934,-0.04732286453226908,-0.0022173089780648746,9,4,14
RPM-2010-10-14:3491:1,5,el ajuste de,0.03284511005724398,0.02224555810891498,0.0007306578043721287,4,3,4
RPM-2010-10-14:3491:1,5,el ambiente,0.03818890308068416,-0.10764003431360405,-0.004110654838003742,2,1,1
RPM-2010-10-14:3491:1,5,el ambito,0.023778434034505698,-0.07961813459465229,-0.0018931945614093356,19,14,19
RPM-2010-10-14:3491:1,5,el consejo,0.020895189375216932,0.04701227720651582,0.0009823304351903425,39,18,27
RPM-2010-10-14:3491:1,5,el desempeno,0.03395798664740421,-0.1233347003455188,-0.004188198107494726,2,0,7
RPM-2010-10-14:3491:1,5,el desempeno de,0.034601099033370254,-0.10895692523846487,-0.003770029360547642,2,0,6
RPM-2010-10-14:3491:1,5,el dolar,0.02597202496119243,0.12963948908872358,0.0033670000465685626,3,5,28
RPM-2010-10-14:3491:1,5,el dolar se,0.03395798664740421,0.06023868469189031,0.0020455844504244035,1,2,6
RPM-2010-10-14:3491:1,5,el dolar se ha,0.03955095394767761,-0.008801430937124884,-0.00034810498966789127,0,0,3
RPM-2010-10-14:3491:1,5,el escenario,0.01618122489755603,-0.12783339152725018,-0.0020685008577197685,64,37,82
RPM-2010-10-14:3491:1,5,el escenario base,0.023552336995583352,-0.6095882334357465,-0.014357227502421034,23,6,25
RPM-2010-10-14:3491:1,5,el escenario base del,0.027252142756970577,-0.18784276349012186,-0.005119117806496661,11,2,16
RPM-2010-10-14:3491:1,5,el esperado,0.03395798664740421,0.15482472002133382,0.005257535775172549,1,2,6
RPM-2010-10-14:3491:1,5,el horizonte,0.02082379765896064,0.03304145848413076,0.0006880486458304873,38,24,23
RPM-2010-10-14:3491:1,5,el horizonte de,0.022723414959587376,0.19783610467861293,0.004495511900600487,24,19,19
RPM-2010-10-14:3491:1,5,el margen,0.021908349733530397,0.026368014534722067,0.0005776796842055039,13,7,51
RPM-2010-10-14:3491:1,5,el mercado,0.01564182648215421,-0.09945544017335795,-0.001555664737897934,51,36,113
RPM-2010-10-14:3491:1,5,el plazo,0.03395798664740421,-0.07034183413272302,-0.00238866706423293,4,1,4
RPM-2010-10-14:3491:1,5,el plazo de,0.03707602649052393,-0.03327922370366343,-0.0012338613796210973,2,1,2
RPM-2010-10-14:3491:1,5,el presidente,0.04903214701442305,0.31614694642141633,0.015501363555095814,13,12,94
RPM-2010-10-14:3491:1,5,el presidente senor,0.049849136650900024,0.3252208317688655,0.016211977684565546,13,12,88
RPM-2010-10-14:3491:1,5,el presidente senor jose,0.06734761993346211,0.0859897278085783,0.005791203506633989,4,4,29
RPM-2010-10-14:3491:1,5,el proceso,0.025054714092240596,-0.7025336818066499,-0.017601780537834743,20,6,16
RPM-2010-10-14:3491:1,5,el proceso de,0.02597202496119243,-0.5234030882323313,-0.013593838072335312,18,6,12
RPM-2010-10-14:3491:1,5,el proximo,0.022627288214557794,0.01379965671493473,0.00031224880975078595,14,13,36
RPM-2010-10-14:3491:1,5,el proximo ano,0.028365019347130805,0.06211817541786453,0.0017619832475361927,5,6,13
RPM-2010-10-14:3491:1,5,el que,0.022920332751275703,0.2511819547351023,0.005757173983644416,17,14,29
RPM-2010-10-14:3491:1,5,el retiro,0.03337622072913671,0.26627060358308585,0.008887106438869533,3,5,2
RPM-2010-10-14:3491:1,5,el retiro del,0.03818890308068416,-0.004690301182091631,-0.00017911745726211564,2,1,1
RPM-2010-10-14:3491:1,5,el senor,0.019294673546052077,0.08840589120061701,0.0017057628102637031,62,40,300
RPM-2010-10-14:3491:1,5,el senor presidente,0.043430396348129285,-0.16591423597885557,-0.007205721028358749,11,5,22
RPM-2010-10-14:3491:1,5,el senor presidente hace,0.03818890308068416,0.05004145804479485,0.0019110283912887932,1,1,2
RPM-2010-10-14:3491:1,5,el vigor,0.03707602649052393,-0.10328217372865371,-0.00382929260916246,4,1,0
RPM-2010-10-14:3491:1,5,elevados,0.02413410291385085,-0.6366112605708646,-0.015364041678733566,20,2,27
RPM-2010-10-14:3491:1,5,elevados en,0.03707602649052393,-0.20279055096994947,-0.00751866783978979,3,0,2
RPM-2010-10-14:3491:1,5,ello,0.023744772965531076,0.1414045236998601,0.0033576183115522364,59,40,162
RPM-2010-10-14:3491:1,5,ello en,0.03190418630717468,-0.16834366339421641,-0.005370867600561383,6,2,5
RPM-2010-10-14:3491:1,5,ello en un,0.03818890308068416,-0.08730491188682374,-0.003334078818513582,2,0,2
RPM-2010-10-14:3491:1,5,ello es,0.030370182600090306,-0.21779702937004036,-0.006614535551725358,6,1,10
RPM-2010-10-14:3491:1,5,emergentes,0.04189781418275764,0.5059337686871015,0.021197519029234464,14,21,63
RPM-2010-10-14:3491:1,5,emergentes con,0.03955095394767761,0.0035654452936251437,0.00014101676261113192,1,1,1
RPM-2010-10-14:3491:1,5,emergentes que,0.03613510274045464,0.06536699234184604,0.002362042984107118,0,1,5
RPM-2010-10-14:3491:1,5,empleo,0.03164393254512554,-0.09466443084971589,-0.002995554864231111,26,12,83
RPM-2010-10-14:3491:1,5,en,0.028949801749797523,0.2851705193644586,0.008255630000487872,111,77,658
RPM-2010-10-14:3491:1,5,en 25,0.033096824313461275,-0.9643176737363734,-0.03191585263001842,60,20,25
RPM-2010-10-14:3491:1,5,en 25 puntos,0.03587679191990063,-0.8662826272327836,-0.031079441561055424,51,14,15
RPM-2010-10-14:3491:1,5,en 25 puntos base,0.03587679191990063,-0.8662826272327836,-0.031079441561055424,51,14,15
RPM-2010-10-14:3491:1,5,en 50,0.027673269873894728,0.22238268420811727,0.006154056035372337,14,8,5
RPM-2010-10-14:3491:1,5,en 50 puntos,0.028614193623964026,0.041777101591660856,0.0011954180739917994,14,5,4
RPM-2010-10-14:3491:1,5,en 50 puntos base,0.028614193623964026,0.041777101591660856,0.0011954180739917994,14,5,4
RPM-2010-10-14:3491:1,5,en consecuencia,0.02157832762366709,0.6108066545013711,0.013180186105546617,20,15,40
RPM-2010-10-14:3491:1,5,en consecuencia el,0.03148305919025053,0.4984163000138173,0.015691669874720676,2,6,6
RPM-2010-10-14:3491:1,5,en consecuencia el presidente,0.035320037514397655,0.4304039583081312,0.015201883953788438,0,2,5
RPM-2010-10-14:3491:1,5,en desarrollo,0.03395798664740421,-0.05135860181926146,-0.0017440347148078303,3,2,4
RPM-2010-10-14:3491:1,5,en el,0.02605631701443978,0.27161353562975954,0.0070772483897818496,104,70,390
RPM-2010-10-14:3491:1,5,en el ambito,0.023894702733832623,-0.06259690649234048,-0.0014957344726919933,19,14,18
RPM-2010-10-14:3491:1,5,en el horizonte,0.021824156368952213,-0.012195050051962308,-0.00026614667926122424,33,21,18
RPM-2010-10-14:3491:1,5,en el horizonte de,0.023894702733832623,0.2901543618190767,0.006933152222591753,19,18,14
RPM-2010-10-14:3491:1,5,en el margen,0.022168130306962262,0.029657813803032118,0.00065745828100524,13,7,48
RPM-2010-10-14:3491:1,5,en el plazo,0.03955095394767761,-0.1413172100745636,-0.005589230467673348,2,0,1
RPM-2010-10-14:3491:1,5,en el que,0.03613510274045464,0.045706137025012035,0.0016515959572681075,2,3,1
RPM-2010-10-14:3491:1,5,en en,0.02631121900690128,0.22309054422301494,0.005869784167420541,8,10,16
RPM-2010-10-14:3491:1,5,en en el,0.028125619167112575,0.1845668392709044,0.0051910566322111345,8,9,8
RPM-2010-10-14:3491:1,5,en estas,0.02972707021412425,-0.09020783440028918,-0.0026816146270814893,8,3,8
RPM-2010-10-14:3491:1,5,en la,0.01139574501708179,0.05578255247680533,0.0006356837444276578,86,55,261
RPM-2010-10-14:3491:1,5,en la economia,0.028125619167112575,0.03448400317050679,0.0009698839405311765,10,7,8
RPM-2010-10-14:3491:1,5,en las,0.025001563047122116,0.09606798055627938,0.0024018496726875204,50,36,145
RPM-2010-10-14:3491:1,5,en las economias,0.023894702733832623,-0.0584613714411437,-0.0013969170919983008,9,6,36
RPM-2010-10-14:3491:1,5,en las economias emergentes,0.030370182600090306,-0.056143754435934536,-0.001705096074073962,2,1,14
RPM-2010-10-14:3491:1,5,en los,0.012899531226034022,-0.06538063867669491,-0.0008433795901880738,69,47,198
RPM-2010-10-14:3491:1,5,en los paises,0.030040160490226998,-0.0878854871367988,-0.0026400941383512167,4,3,11
RPM-2010-10-14:3491:1,5,en su,0.031211577125580318,0.10730801696263231,0.0033492524476222796,61,43,123
RPM-2010-10-14:3491:1,5,en su opinion,0.030597491550648896,0.1333428847341091,0.0040799577889910526,31,26,77
RPM-2010-10-14:3491:1,5,en su opinion la,0.03190418630717468,0.3161552221358123,0.010086675109007154,1,5,7
RPM-2010-10-14:3491:1,5,en todo,0.023228158756110617,-0.3619500815086289,-0.008407433955069609,15,6,36
RPM-2010-10-14:3491:1,5,en todo caso,0.023442353440614776,-0.32295167162082816,-0.007570747230372815,14,6,35
RPM-2010-10-14:3491:1,5,en un,0.016383583390341457,0.7182946836153242,0.011768240847850598,43,36,98
RPM-2010-10-14:3491:1,5,en una,0.03412091279802568,0.14125351461674882,0.004819698854652731,27,17,51
RPM-2010-10-14:3491:1,5,en una posicion,0.03955095394767761,-0.0834764907751441,-0.003301574842361459,1,0,2
RPM-2010-10-14:3491:1,5,enfatizar,0.03395798664740421,0.04524713457674995,0.001536501591790576,3,2,4
RPM-2010-10-14:3491:1,5,enfatizar que,0.03818890308068416,0.06406786708253633,0.0024466815666011345,1,1,2
RPM-2010-10-14:3491:1,5,es,0.028313749634495275,-0.06875718439587292,-0.001946773704557571,93,67,417
RPM-2010-10-14:3491:1,5,es coherente,0.025809244056947043,-0.0771663301876509,-0.0019916046487920423,11,6,20
RPM-2010-10-14:3491:1,5,es coherente con,0.02597202496119243,-0.0626868850786034,-0.0016281053440008889,11,6,19
RPM-2010-10-14:3491:1,5,es coherente con el,0.03395798664740421,0.07484790164083249,0.0025416840445056134,4,2,3
RPM-2010-10-14:3491:1,5,es dificil,0.030040160490226998,0.06508099341246185,0.00195504348697376,6,4,8
RPM-2010-10-14:3491:1,5,es dificil pensar,0.03818890308068416,0.03413524772106854,0.0013035876668550312,1,1,2
RPM-2010-10-14:3491:1,5,es dificil pensar que,0.03955095394767761,0.04267354358867561,0.001687779357259922,1,1,1
RPM-2010-10-14:3491:1,5,es esperable,0.03613510274045464,-0.12433686253705474,-0.004492925302202258,4,1,1
RPM-2010-10-14:3491:1,5,es esperable que,0.03818890308068416,0.0062131351742318874,0.00023727281699593124,2,1,1
RPM-2010-10-14:3491:1,5,es importante,0.032356535600392526,-0.11585771018045768,-0.0037487541240339385,4,2,6
RPM-2010-10-14:3491:1,5,es muy,0.024383277190684075,-0.24827947331654796,-0.006053867218634439,10,5,32
RPM-2010-10-14:3491:1,5,es muy distinta,0.03818890308068416,-0.06881270342907303,-0.002627881661972732,1,0,3
RPM-2010-10-14:3491:1,5,es por,0.03783789508343012,0.3284137502644853,0.012426485026463418,23,20,23
RPM-2010-10-14:3491:1,5,es por subir,0.03613510274045464,-0.30090063839647463,-0.010873075483125,6,0,0
RPM-2010-10-14:3491:1,5,es por subir la,0.03613510274045464,-0.30090063839647463,-0.010873075483125,6,0,0
RPM-2010-10-14:3491:1,5,es por un,0.03818890308068416,-0.15428386097909746,-0.005891931413844502,3,0,1
RPM-2010-10-14:3491:1,5,escenario,0.013908655933187783,-0.26710715459115975,-0.0037151015105012404,78,45,143
RPM-2010-10-14:3491:1,5,escenario base,0.0219937206658091,-0.7742820479957473,-0.01702934308016906,31,7,32
RPM-2010-10-14:3491:1,5,escenario base del,0.026488156675490333,-0.23131707856872885,-0.006127163018845197,12,3,18
RPM-2010-10-14:3491:1,5,escenario base del ultimo,0.03955095394767761,-0.0268946765030899,-0.0010637101118113957,1,1,1
RPM-2010-10-14:3491:1,5,eso,0.021040527721344123,0.028433062160000744,0.0005982466325801962,7,7,68
RPM-2010-10-14:3491:1,5,espera,0.01949020335705862,-0.37252057678207323,-0.007260501796171377,38,20,48
RPM-2010-10-14:3491:1,5,espera que,0.027252142756970577,0.16378374396960657,0.004463457971930837,9,7,13
RPM-2010-10-14:3491:1,5,esperable,0.03395798664740421,-0.04499130962495358,-0.0015278142914934023,4,2,3
RPM-2010-10-14:3491:1,5,esperable que,0.03707602649052393,0.08226398349128874,0.003050021631139045,2,2,1
RPM-2010-10-14:3491:1,5,esperado,0.020683471429296846,0.46740382415010595,0.009667533642752803,24,20,43
RPM-2010-10-14:3491:1,5,esperado que,0.035320037514397655,-0.030239146885586154,-0.001068047802402284,2,1,4
RPM-2010-10-14:3491:1,5,esta,0.021203890422511668,-0.10997614295185226,-0.0023319220842415544,95,62,340
RPM-2010-10-14:3491:1,5,esta creciendo,0.03190418630717468,-0.2820415854345074,-0.00899830728807345,3,0,10
RPM-2010-10-14:3491:1,5,esta decision,0.030040160490226998,-0.09006480457063036,-0.0027055611838226663,10,4,4
RPM-2010-10-14:3491:1,5,estabilidad,0.024643057764115937,-0.07175473587378901,-0.0017682561009866647,9,5,31
RPM-2010-10-14:3491:1,5,estabilidad financiera,0.03707602649052393,-0.014125246231337027,-0.0005237080034582249,0,0,5
RPM-2010-10-14:3491:1,5,estas,0.018208543972143172,-0.402772405193913,-0.007333899050739232,33,15,83
RPM-2010-10-14:3491:1,5,estas ultimas,0.03613510274045464,-0.06288473813106929,-0.002272346473172774,1,0,5
RPM-2010-10-14:3491:1,5,estimulo,0.03863944691671924,0.7090045137984419,0.02739554227462923,21,20,20
RPM-2010-10-14:3491:1,5,estimulo monetario,0.04026038854365396,0.5596273818830543,0.02253081583427958,19,18,15
RPM-2010-10-14:3491:1,5,esto,0.01714985601320701,0.3363372070291816,0.00576813467243466,42,27,87
RPM-2010-10-14:3491:1,5,esto podria,0.03707602649052393,0.17126054549688666,0.006349660521624148,2,2,1
RPM-2010-10-14:3491:1,5,evolucion,0.01759323993567226,-0.19337693301875375,-0.0034021267806233577,40,24,81
RPM-2010-10-14:3491:1,5,evolucion del,0.024383277190684075,0.061817633101595035,0.001507316483188199,9,8,30
RPM-2010-10-14:3491:1,5,existen,0.022627288214557794,0.24103218724552442,0.005453904769789742,13,15,35
RPM-2010-10-14:3491:1,5,existen riesgos,0.03818890308068416,-0.03625751516099754,-0.0013846347324297714,2,1,1
RPM-2010-10-14:3491:1,5,expectativas,0.014261582093027473,-0.35054493139389653,-0.004999325316368739,70,47,134
RPM-2010-10-14:3491:1,5,expectativas se,0.035320037514397655,-0.18620280293125074,-0.00657668998481777,5,1,1
RPM-2010-10-14:3491:1,5,expresa,0.020546298866536947,0.3019948352999458,0.0062048761422232885,13,20,56
RPM-2010-10-14:3491:1,5,expresa que,0.020683471429296846,0.34993823445318256,0.007237937474330983,13,20,54
RPM-2010-10-14:3491:1,5,expresa que el,0.03148305919025053,0.28709059232738027,0.009038490111206998,0,5,9
RPM-2010-10-14:3491:1,5,federal,0.024511785561560976,0.14448126879135625,0.003541493878275977,5,7,34
RPM-2010-10-14:3491:1,5,financiera,0.023123815665572405,0.07633015399298174,0.0017650444106584653,9,9,40
RPM-2010-10-14:3491:1,5,financiera en,0.03818890308068416,0.02633230222105786,0.0010056017374112628,1,1,2
RPM-2010-10-14:3491:1,5,financieras,0.01996453294826945,0.13054924141785668,0.0026063546316583822,23,21,54
RPM-2010-10-14:3491:1,5,fortaleza,0.027051996230926776,-0.15555532872057026,-0.004208082166249442,9,3,18
RPM-2010-10-14:3491:1,5,fuente,0.032356535600392526,-0.1681318011090458,-0.005440162608142956,5,1,6
RPM-2010-10-14:3491:1,5,fuente de,0.03613510274045464,0.010162957353885997,0.0003672395081295295,1,1,4
RPM-2010-10-14:3491:1,5,fuera,0.02789525514293662,0.19663457881320018,0.005485171745918099,3,5,18
RPM-2010-10-14:3491:1,5,fuerte,0.019842450435609664,-0.007437629859623915,-0.000147580801847998,11,10,79
RPM-2010-10-14:3491:1,5,fuerza,0.022532651866839174,-0.23348325175951024,-0.005260996828634609,15,6,43
RPM-2010-10-14:3491:1,5,fuerza de,0.027252142756970577,-0.06203678726794383,-0.0016906353828098199,6,2,21
RPM-2010-10-14:3491:1,5,fundamentalmente,0.024643057764115937,0.0769644175016859,0.001896638586275581,5,5,35
RPM-2010-10-14:3491:1,5,fundamentalmente por,0.030719073108770287,0.07659010607475719,0.0023527770679189373,2,3,11
RPM-2010-10-14:3491:1,5,fundamentalmente por la,0.03955095394767761,0.06234335572759282,0.002465739191325707,0,1,2
RPM-2010-10-14:3491:1,5,global,0.048312628463106924,0.08697239426121363,0.004201864970488867,16,12,31
RPM-2010-10-14:3491:1,5,gran,0.023778434034505698,0.06442881882318897,0.001532016418308318,13,7,32
RPM-2010-10-14:3491:1,5,gregorio,0.05326421546264647,0.015185475742450764,0.0008088424518486889,10,8,73
RPM-2010-10-14:3491:1,5,gregorio hace,0.03955095394767761,-0.1090746273546916,-0.004314005563365504,1,0,2
RPM-2010-10-14:3491:1,5,gregorio hace presente,0.03955095394767761,-0.1090746273546916,-0.004314005563365504,1,0,2
RPM-2010-10-14:3491:1,5,gregorio hace presente que,0.03955095394767761,-0.1090746273546916,-0.004314005563365504,1,0,2
RPM-2010-10-14:3491:1,5,gregorio senala,0.027459075189390572,0.136302707928003,0.003742746305512577,3,4,21
RPM-2010-10-14:3491:1,5,gregorio senala que,0.02789525514293662,0.1401579385591269,0.003909741456414879,3,4,19
RPM-2010-10-14:3491:1,5,ha,0.03339879423962642,-0.10863286015979956,-0.003628206544139256,92,57,291
RPM-2010-10-14:3491:1,5,ha depreciado,0.03337622072913671,0.14478073247489215,0.004832233684408091,1,4,5
RPM-2010-10-14:3491:1,5,ha sido,0.042159247053639555,0.2313808431279007,0.009754842128908583,19,16,61
RPM-2010-10-14:3491:1,5,ha tenido,0.027252142756970577,0.011879553375913905,0.00032374328448945747,4,3,22
RPM-2010-10-14:3491:1,5,ha tenido un,0.03818890308068416,-0.012411703750691009,-0.000473989351601303,0,0,4
RPM-2010-10-14:3491:1,5,ha tomado,0.03707602649052393,-0.0782598033544682,-0.0029015625423134566,1,0,4
RPM-2010-10-14:3491:1,5,ha visto,0.030040160490226998,0.15235914359605474,0.0045768931257790255,1,4,13
RPM-2010-10-14:3491:1,5,haber,0.023894702733832623,0.07306794354647063,0.0017459367904153794,8,6,37
RPM-2010-10-14:3491:1,5,habra,0.047620812794299416,-0.15130055012672422,-0.007205055173259249,8,4,13
RPM-2010-10-14:3491:1,5,habra que,0.03284511005724398,-0.28378003468733204,-0.009320786471353934,5,1,5
RPM-2010-10-14:3491:1,5,hace,0.028086280659285576,0.29039053651920405,0.008155990109478883,49,44,197
RPM-2010-10-14:3491:1,5,hace algunos,0.030719073108770287,0.06855007919442563,0.0021057948943855537,3,5,8
RPM-2010-10-14:3491:1,5,hace algunos meses,0.032356535600392526,0.05216299417563027,0.0016878137780668488,3,5,4
RPM-2010-10-14:3491:1,5,hace presente,0.02985897469208562,0.4287377087004831,0.012801668393630502,24,25,95
RPM-2010-10-14:3491:1,5,hace presente que,0.018892899232292454,0.5051040387473607,0.009542879705877827,19,21,77
RPM-2010-10-14:3491:1,5,hace presente que la,0.029429258850021005,0.08314949455146306,0.0024470279984034177,3,4,13
RPM-2010-10-14:3491:1,5,han,0.02735898677488903,0.06920946379065496,0.00189350080454569,68,45,194
RPM-2010-10-14:3491:1,5,han ajustado,0.03148305919025053,0.08871427028939913,0.002792996622541037,4,4,6
RPM-2010-10-14:3491:1,5,han ajustado la,0.03613510274045464,0.1492803548768274,0.005394260960605687,1,3,2
RPM-2010-10-14:3491:1,5,han ajustado la baja,0.03613510274045464,0.1492803548768274,0.005394260960605687,1,3,2
RPM-2010-10-14:3491:1,5,han reducido,0.035320037514397655,0.05941606064789306,0.002098577491041309,0,1,6
RPM-2010-10-14:3491:1,5,han seguido,0.02972707021412425,-0.1789837628138891,-0.005320662884356643,8,4,7
RPM-2010-10-14:3491:1,5,han seguido aumentando,0.03707602649052393,-0.14454556737302443,-0.005359175285010066,4,0,1
RPM-2010-10-14:3491:1,5,hasta,0.016920932102794193,0.2535758296278401,0.00429073939604239,41,28,93
RPM-2010-10-14:3491:1,5,hasta 75,0.034601099033370254,0.3765540797262305,0.0130291850040269,5,3,0
RPM-2010-10-14:3491:1,5,hecho,0.02993049635185553,0.10528172894817375,0.0031511344042003575,31,22,90
RPM-2010-10-14:3491:1,5,hecho indica,0.03818890308068416,-0.05282674903594189,-0.00201739559900121,1,0,3
RPM-2010-10-14:3491:1,5,hecho indica que,0.03955095394767761,-0.0031569317693608424,-0.00012485966302595107,0,0,3
RPM-2010-10-14:3491:1,5,heterogeneidad,0.035320037514397655,0.029344812622968546,0.0010364598826962188,1,1,5
RPM-2010-10-14:3491:1,5,horizonte,0.018997242322830662,-0.32656671367741646,-0.006203866994300339,53,28,34
RPM-2010-10-14:3491:1,5,horizonte de,0.020546298866536947,-0.1678784526526208,-0.0034492808614525194,37,23,29
RPM-2010-10-14:3491:1,5,hoy,0.018071371409383273,0.5450085308422696,0.009849051582132973,34,28,72
RPM-2010-10-14:3491:1,5,hoy dia,0.023778434034505698,0.20607043283748724,0.004900032193688227,7,9,36
RPM-2010-10-14:3491:1,5,hoy dia en,0.03818890308068416,-0.24565190716614888,-0.00938117687435328,4,0,0
RPM-2010-10-14:3491:1,5,hubiera,0.03284511005724398,-0.07606629237131103,-0.002498405744582209,3,1,7
RPM-2010-10-14:3491:1,5,hubiera sido,0.03955095394767761,-0.012986815932480808,-0.0005136409588725143,2,1,0
RPM-2010-10-14:3491:1,5,impacto,0.021114515562466955,0.2171816837080038,0.0045856860405354225,16,16,49
RPM-2010-10-14:3491:1,5,implicancias,0.039691354633666645,-0.13513004304142812,-0.005363494460019961,18,11,26
RPM-2010-10-14:3491:1,5,implicancias para,0.032356535600392526,0.2600211119981237,0.008413382367220942,3,6,3
RPM-2010-10-14:3491:1,5,implicancias para la,0.03395798664740421,0.06646670638631377,0.002257075527963379,3,3,3
RPM-2010-10-14:3491:1,5,implicancias sobre,0.03148305919025053,-0.10153783581367434,-0.0031967216949718496,8,4,2
RPM-2010-10-14:3491:1,5,importante,0.02663932844236586,-0.3771924165140292,-0.010048152669486887,47,26,124
RPM-2010-10-14:3491:1,5,importante lo,0.03395798664740421,0.10284842333644181,0.0034925253863654668,1,2,6
RPM-2010-10-14:3491:1,5,importantes,0.022627288214557794,0.2712346426224651,0.0061373044323911,15,13,35
RPM-2010-10-14:3491:1,5,incluso,0.03562471018888718,-0.1621516159605165,-0.005776604325253133,27,15,40
RPM-2010-10-14:3491:1,5,incluso el,0.03955095394767761,0.10008688989471254,0.003958531972992055,1,1,1
RPM-2010-10-14:3491:1,5,indica,0.012860898678359468,-0.2908315558150261,-0.0037403551718066972,63,43,210
RPM-2010-10-14:3491:1,5,indica que,0.013531887799249194,-0.2459100554075983,-0.003327627278482773,57,40,186
RPM-2010-10-14:3491:1,5,indica que si,0.03190418630717468,-0.03717909756371114,-0.0011861688554052647,4,2,7
RPM-2010-10-14:3491:1,5,indica que si bien,0.03707602649052393,-0.03999355161634029,-0.0014828019791775686,2,1,2
RPM-2010-10-14:3491:1,5,inflacion,0.030968634562636543,-0.17096031699987846,-0.005294407581881736,97,62,213
RPM-2010-10-14:3491:1,5,inflacion ha,0.03284511005724398,-0.17691901700878382,-0.005810924584872924,7,2,2
RPM-2010-10-14:3491:1,5,inflacion las,0.03395798664740421,-0.24306193488036837,-0.008253893939159781,5,0,4
RPM-2010-10-14:3491:1,5,inflacion mas,0.03337622072913671,0.3852423505977257,0.012857933727761164,0,4,6
RPM-2010-10-14:3491:1,5,inflacion mas alla,0.03955095394767761,0.27020773615001503,0.010686973728775468,0,2,1
RPM-2010-10-14:3491:1,5,inflacion se,0.024257418666671755,0.3266350956511824,0.007923324266439108,17,17,14
RPM-2010-10-14:3491:1,5,inflacionarias,0.018492498526307424,-0.15334206386631427,-0.0028356778900687557,41,25,59
RPM-2010-10-14:3491:1,5,inflacionarias agrega,0.03818890308068416,0.06516968079606132,0.0024887586237199093,1,1,2
RPM-2010-10-14:3491:1,5,inflacionarias agrega que,0.03955095394767761,0.10568637348325183,0.004179996890533149,0,1,2
RPM-2010-10-14:3491:1,5,inflacionario,0.024383277190684075,-0.8433554581545901,-0.020563769906459736,25,4,18
RPM-2010-10-14:3491:1,5,inicia,0.025054714092240596,0.2823713922673687,0.00707473450108684,4,11,27
RPM-2010-10-14:3491:1,5,inicia su,0.025054714092240596,0.2823713922673687,0.00707473450108684,4,11,27
RPM-2010-10-14:3491:1,5,inicia su intervencion,0.027051996230926776,0.11969883229861832,0.003238092360188559,3,6,21
RPM-2010-10-14:3491:1,5,interes,0.01564182648215421,0.12093012899955252,0.0018915680942755255,58,41,101
RPM-2010-10-14:3491:1,5,interes se,0.03613510274045464,0.0503272505226516,0.001818580368280615,1,1,4
RPM-2010-10-14:3491:1,5,internacional,0.01711110082170126,-0.021797979685284158,-0.00037298742810429314,40,22,95
RPM-2010-10-14:3491:1,5,intervencion,0.023778434034505698,-0.016568310860390248,-0.00039396848685697386,11,10,31
RPM-2010-10-14:3491:1,5,ipom,0.016958494819223045,0.052042791215300116,0.0008825674052025735,43,31,87
RPM-2010-10-14:3491:1,5,ipom no,0.03613510274045464,-0.03555340729267827,-0.0012847260252941586,1,0,5
RPM-2010-10-14:3491:1,5,jose,0.05955019082666353,0.07163110817207088,0.004265646160772199,7,7,47
RPM-2010-10-14:3491:1,5,jose de,0.05955019082666353,0.07163110817207088,0.004265646160772199,7,7,47
RPM-2010-10-14:3491:1,5,jose de gregorio,0.05955019082666353,0.07163110817207088,0.004265646160772199,7,7,47
RPM-2010-10-14:3491:1,5,jose de gregorio senala,0.030719073108770287,0.14251686443492362,0.004377985977809123,2,4,10
RPM-2010-10-14:3491:1,5,juicio,0.03359618901045296,0.5123460920819839,0.01721287614835327,25,27,48
RPM-2010-10-14:3491:1,5,juicio del,0.03707602649052393,0.06407422879809203,0.0023756178042779515,1,2,2
RPM-2010-10-14:3491:1,5,juicio si,0.03707602649052393,0.10529069691334894,0.003903760667965052,1,2,2
RPM-2010-10-14:3491:1,5,la,0.030611584908872447,0.09253535412718986,0.0028326538499370527,111,77,659
RPM-2010-10-14:3491:1,5,la actividad,0.01604995269500107,0.42264543466297744,0.006783439233098953,52,41,94
RPM-2010-10-14:3491:1,5,la actividad la,0.032356535600392526,0.17781057952222437,0.005753334346437279,2,4,6
RPM-2010-10-14:3491:1,5,la apreciacion,0.05117104515037043,-0.1592509673483932,-0.008149038440424795,5,4,38
RPM-2010-10-14:3491:1,5,la apreciacion del,0.058541325238499094,0.012711422852608742,0.0007441435394586584,3,2,21
RPM-2010-10-14:3491:1,5,la apreciacion del peso,0.07261429163285307,0.1628586625952689,0.011825866420629277,1,2,5
RPM-2010-10-14:3491:1,5,la baja,0.018254961854823504,0.507414035855638,0.009262823869146718,12,19,99
RPM-2010-10-14:3491:1,5,la base,0.029145304295856753,-0.14005691608100096,-0.004082001437920046,5,2,14
RPM-2010-10-14:3491:1,5,la base de,0.032356535600392526,-0.13745101710027036,-0.004447438728115059,4,1,7
RPM-2010-10-14:3491:1,5,la debilidad,0.028125619167112575,0.27833644252504797,0.007828384782788416,3,7,15
RPM-2010-10-14:3491:1,5,la demanda,0.027798042621588977,0.11964806408990195,0.003325981985161704,41,30,105
RPM-2010-10-14:3491:1,5,la demanda agregada,0.029429258850021005,-0.15253947203402465,-0.004489123607334852,7,3,10
RPM-2010-10-14:3491:1,5,la direccion,0.03148305919025053,0.15314258336015288,0.004821397016475569,6,5,3
RPM-2010-10-14:3491:1,5,la direccion de,0.03707602649052393,-0.016392027693169525,-0.0006077512529853552,2,2,1
RPM-2010-10-14:3491:1,5,la economia,0.03289001851256992,0.048867510176292706,0.001607253314361466,63,41,95
RPM-2010-10-14:3491:1,5,la economia nacional,0.028873974197395885,-0.08631154781623648,-0.0024921574045833135,13,5,4
RPM-2010-10-14:3491:1,5,la estabilidad,0.03190418630717468,-0.03858479586869073,-0.001231016516019013,2,0,11
RPM-2010-10-14:3491:1,5,la evolucion,0.01816247641644412,-0.3146497241398386,-0.005714818194130467,37,20,75
RPM-2010-10-14:3491:1,5,la evolucion del,0.024643057764115937,-0.05598650310409371,-0.0013796786300050376,9,7,29
RPM-2010-10-14:3491:1,5,la fuerza,0.026670376838703075,-0.100474913919026,-0.002679703817056676,7,3,22
RPM-2010-10-14:3491:1,5,la fuerza de,0.02789525514293662,-0.05009424469900716,-0.0013973917370715052,5,2,19
RPM-2010-10-14:3491:1,5,la inflacion,0.027781789710728907,0.03768411966769625,0.0010469322880418805,90,59,148
RPM-2010-10-14:3491:1,5,la inflacion ha,0.03337622072913671,-0.11864404423011694,-0.003959889808421842,6,2,2
RPM-2010-10-14:3491:1,5,la inflacion mas,0.03707602649052393,0.333623362560976,0.012369428628168417,0,3,2
RPM-2010-10-14:3491:1,5,la inflacion mas alla,0.03955095394767761,0.27020773615001503,0.010686973728775468,0,2,1
RPM-2010-10-14:3491:1,5,la inflacion se,0.02685820464783775,0.2875004349873841,0.007721745519233534,8,11,12
RPM-2010-10-14:3491:1,5,la magnitud,0.028365019347130805,0.05347178674841639,0.0015167282656444836,5,4,15
RPM-2010-10-14:3491:1,5,la mas,0.03190418630717468,-0.16806777134237616,-0.005362065489138803,5,3,5
RPM-2010-10-14:3491:1,5,la mejor,0.03190418630717468,0.030478448371733927,0.0009723900952054041,5,3,5
RPM-2010-10-14:3491:1,5,la mejor opcion,0.03955095394767761,0.2502160514744508,0.009896283528835734,1,2,0
RPM-2010-10-14:3491:1,5,la meta,0.021265237347564348,-0.2608237709313962,-0.005546479394742895,35,20,24
RPM-2010-10-14:3491:1,5,la meta de,0.02789525514293662,0.06718860018152022,0.0018742431447602642,11,8,7
RPM-2010-10-14:3491:1,5,la meta de inflacion,0.030040160490226998,-0.1022133506083084,-0.0030705054565174257,9,4,5
RPM-2010-10-14:3491:1,5,la necesidad,0.027459075189390572,-0.05530409295855172,-0.0015185992468299174,13,7,8
RPM-2010-10-14:3491:1,5,la necesidad de,0.027459075189390572,-0.05530409295855172,-0.0015185992468299174,13,7,8
RPM-2010-10-14:3491:1,5,la opcion,0.02333431659979337,-0.20006725177307785,-0.00466843259412357,27,12,17
RPM-2010-10-14:3491:1,5,la opcion mas,0.03818890308068416,-0.04783203328079183,-0.0018266528831122183,3,1,0
RPM-2010-10-14:3491:1,5,la principal,0.03190418630717468,-0.18869914314932681,-0.006020292619040348,6,1,6
RPM-2010-10-14:3491:1,5,la recuperacion,0.026488156675490333,0.09652618628242463,0.002556800745536429,7,7,19
RPM-2010-10-14:3491:1,5,la recuperacion de,0.029429258850021005,0.016434692359832775,0.0004836608155779813,5,5,10
RPM-2010-10-14:3491:1,5,la reserva,0.024643057764115937,0.17404184272940432,0.0042889231837538915,4,7,34
RPM-2010-10-14:3491:1,5,la reserva federal,0.0247772152998169,0.17662139787219328,0.004376186401633955,4,7,33
RPM-2010-10-14:3491:1,5,la tasa,0.020403522666492244,0.10941511275099469,0.0022324537330717245,102,70,189
RPM-2010-10-14:3491:1,5,la tasa de,0.012880184388421307,-0.16177289001243594,-0.0020836646524079747,98,62,155
RPM-2010-10-14:3491:1,5,la tasa de politica,0.01564182648215421,-0.34905110735513456,-0.005459796854652796,76,46,78
RPM-2010-10-14:3491:1,5,la tasa en,0.027051996230926776,0.5576195640931595,0.015084722346139182,13,11,6
RPM-2010-10-14:3491:1,5,la tasa en 50,0.03818890308068416,-0.16443369071788155,-0.0062795422780243726,3,0,1
RPM-2010-10-14:3491:1,5,la tpm,0.020026502233391804,0.3538667141797298,0.0070867125418433785,25,30,42
RPM-2010-10-14:3491:1,5,la tpm en,0.02333431659979337,0.08627345219357237,0.0020131320476419554,17,16,23
RPM-2010-10-14:3491:1,5,la tpm en 25,0.030370182600090306,-0.35616924072930767,-0.010816924877484596,11,6,0
RPM-2010-10-14:3491:1,5,la trayectoria,0.02047885152660965,-0.12123156869192307,-0.0024826832955798716,32,19,39
RPM-2010-10-14:3491:1,5,la trayectoria de,0.024643057764115937,0.015761777354935502,0.00038841838982281007,17,11,17
RPM-2010-10-14:3491:1,5,las,0.03509962459532831,0.06191969562291033,0.002173358071421146,106,71,451
RPM-2010-10-14:3491:1,5,las cifras,0.02015236075740412,-0.1193863448864953,-0.002405916691660522,19,9,67
RPM-2010-10-14:3491:1,5,las cifras mas,0.03707602649052393,0.17200478588304924,0.0063772539978968305,0,2,3
RPM-2010-10-14:3491:1,5,las cifras mas recientes,0.03707602649052393,0.17200478588304924,0.0063772539978968305,0,2,3
RPM-2010-10-14:3491:1,5,las de,0.025054714092240596,-0.141281517717092,-0.003539768032919564,11,4,27
RPM-2010-10-14:3491:1,5,las economias,0.05643898206797868,0.4421638822795497,0.024955279423083343,16,20,58
RPM-2010-10-14:3491:1,5,las economias avanzadas,0.053305452903374566,-0.19931124578789935,-0.01062437622545978,5,1,8
RPM-2010-10-14:3491:1,5,las economias emergentes,0.049427223845783776,0.33239583087309554,0.01642940313796978,8,13,33
RPM-2010-10-14:3491:1,5,las economias emergentes con,0.03955095394767761,0.0035654452936251437,0.00014101676261113192,1,1,1
RPM-2010-10-14:3491:1,5,las economias en,0.03955095394767761,0.058635091944739565,0.002319073821224237,0,1,2
RPM-2010-10-14:3491:1,5,las expectativas,0.015230830358687239,-0.18137915146614972,-0.002762555086583564,61,45,108
RPM-2010-10-14:3491:1,5,las expectativas se,0.03707602649052393,-0.2681972559513015,-0.009943688566336283,5,0,0
RPM-2010-10-14:3491:1,5,las monedas,0.029145304295856753,0.2519001690191846,0.007341707078241883,0,5,16
RPM-2010-10-14:3491:1,5,las monedas de,0.034601099033370254,0.16853463129935242,0.0058314834681414355,0,3,5
RPM-2010-10-14:3491:1,5,las noticias,0.039877572979669644,-0.1780441898936037,-0.007099970176088342,22,13,19
RPM-2010-10-14:3491:1,5,las nuevas,0.035320037514397655,-0.003943118674509711,-0.00013927109950740495,2,2,3
RPM-2010-10-14:3491:1,5,las nuevas condiciones,0.03955095394767761,0.02411568728145389,0.0009537984370853775,1,1,1
RPM-2010-10-14:3491:1,5,las otras,0.035320037514397655,0.02698270293660638,0.0009530300799607851,1,1,5
RPM-2010-10-14:3491:1,5,las presiones,0.041951472227011725,-0.04360340152797043,-0.0018292268882038921,15,8,21
RPM-2010-10-14:3491:1,5,las presiones inflacionarias,0.026488156675490333,-0.04169311700190117,-0.0011043738154359079,12,5,16
RPM-2010-10-14:3491:1,5,las que,0.024643057764115937,0.13353808709368467,0.003290786793959216,8,8,29
RPM-2010-10-14:3491:1,5,las recientes,0.03613510274045464,0.10506052092619331,0.0037963727176336796,2,2,2
RPM-2010-10-14:3491:1,5,las tasas,0.016592881225680686,0.7544570070241033,0.012518615507433486,30,30,111
RPM-2010-10-14:3491:1,5,las tasas de,0.018348870201806967,0.5328969316896012,0.009778056630513685,24,24,80
RPM-2010-10-14:3491:1,5,las tasas de interes,0.020683471429296846,0.11570638434991531,0.0023932096948887133,21,15,51
RPM-2010-10-14:3491:1,5,las tensiones,0.027673269873894728,-0.0553167451934876,-0.0015307952182848515,5,6,16
RPM-2010-10-14:3491:1,5,las tensiones financieras,0.03395798664740421,-0.19712607175509334,-0.006694004512514703,3,1,5
RPM-2010-10-14:3491:1,5,las ultimas,0.0219937206658091,-0.05803488148407985,-0.0012764029722341888,18,11,41
RPM-2010-10-14:3491:1,5,las ultimas cifras,0.03337622072913671,-0.16669449553129767,-0.005563632277184684,4,1,5
RPM-2010-10-14:3491:1,5,lento,0.029145304295856753,0.419846008651635,0.01223653967955281,1,6,14
RPM-2010-10-14:3491:1,5,limitado,0.03818890308068416,0.03735530744922219,0.0014265582157275052,1,1,2
RPM-2010-10-14:3491:1,5,lo,0.020502069143869688,0.2491257619567258,0.0051075935971560136,102,69,466
RPM-2010-10-14:3491:1,5,lo anterior,0.017849386140341372,-0.5423233768725929,-0.00968013936673279,55,25,59
RPM-2010-10-14:3491:1,5,lo anterior el,0.02597202496119243,-0.3399653898964565,-0.008829589592332286,21,7,8
RPM-2010-10-14:3491:1,5,lo anterior el presidente,0.03955095394767761,0.025303746819798516,0.001000787325173545,2,1,0
RPM-2010-10-14:3491:1,5,lo cual,0.021908349733530397,0.3713782213277622,0.008136283956265072,10,11,50
RPM-2010-10-14:3491:1,5,lo que,0.018576515675492695,0.5958347616229904,0.011068533789292935,64,54,313
RPM-2010-10-14:3491:1,5,lo que ha,0.02631121900690128,-0.32130996538205925,-0.008454056868267229,9,4,21
RPM-2010-10-14:3491:1,5,lo que se,0.017551574776238126,0.36579914835882954,0.00642035110550422,24,25,97
RPM-2010-10-14:3491:1,5,los,0.02289923975120962,-0.2282820940112686,-0.005227486401672214,105,70,504
RPM-2010-10-14:3491:1,5,los ajustes,0.030370182600090306,-0.13170281916318635,-0.003999838666932642,7,2,8
RPM-2010-10-14:3491:1,5,los commodities,0.02413410291385085,0.02519341487638764,0.0006080204673780803,10,7,32
RPM-2010-10-14:3491:1,5,los commodities han,0.03707602649052393,0.15284935925729873,0.005667046892883217,1,3,1
RPM-2010-10-14:3491:1,5,los menores,0.03818890308068416,-0.005186369056459729,-0.00019806174523779994,0,0,4
RPM-2010-10-14:3491:1,5,los paises,0.04266450241768919,-0.08097537624160303,-0.003454774135433164,7,6,28
RPM-2010-10-14:3491:1,5,los precios,0.015702866212389106,-0.28502849530248975,-0.0044757643284535735,54,31,113
RPM-2010-10-14:3491:1,5,los precios de,0.01771996951529172,-0.08117183340366702,-0.0014383624134133178,41,27,74
RPM-2010-10-14:3491:1,5,los precios de los,0.022168130306962262,-0.2663290181611967,-0.005904016379122727,25,13,30
RPM-2010-10-14:3491:1,5,magnitud,0.022168130306962262,-0.30873985987010155,-0.00684418544455368,21,6,41
RPM-2010-10-14:3491:1,5,manifiesta,0.017551574776238126,-0.3475345927685586,-0.006099779392306822,37,30,79
RPM-2010-10-14:3491:1,5,manifiesta que,0.019433422276376722,-0.12986107392318458,-0.0025236450868130196,24,23,60
RPM-2010-10-14:3491:1,5,manifiesta que su,0.03190418630717468,-0.05277320698211457,-0.0016836862275844751,4,5,4
RPM-2010-10-14:3491:1,5,manifiesta que su voto,0.032356535600392526,0.05937442041925271,0.0019211505480482233,4,5,3
RPM-2010-10-14:3491:1,5,margen,0.021265237347564348,0.07166445844302674,0.0015239617181756254,16,10,53
RPM-2010-10-14:3491:1,5,mas,0.027801538603170237,-0.22627780122030605,-0.00629087102566682,98,63,348
RPM-2010-10-14:3491:1,5,mas adecuada,0.0585847532726263,0.03424834169896534,0.0020064306484304834,4,2,2
RPM-2010-10-14:3491:1,5,mas alla,0.021908349733530397,0.3247296157367057,0.007114289990394685,18,16,37
RPM-2010-10-14:3491:1,5,mas alla de,0.022723414959587376,0.41546269534039415,0.009440731226448404,13,14,35
RPM-2010-10-14:3491:1,5,mas alla de las,0.03818890308068416,0.019543509040303195,0.0007463451725966134,1,1,2
RPM-2010-10-14:3491:1,5,mas aun,0.0310891210811177,0.33735378382965614,0.010488032632653386,5,5,5
RPM-2010-10-14:3491:1,5,mas recientes,0.026670376838703075,0.15967048423174005,0.004258471984478704,7,7,18
RPM-2010-10-14:3491:1,5,mejor,0.022920332751275703,0.1654556990678814,0.003792299678230779,16,12,32
RPM-2010-10-14:3491:1,5,mejor opcion,0.03955095394767761,0.2502160514744508,0.009896283528835734,1,2,0
RPM-2010-10-14:3491:1,5,menciona,0.01742825902341722,0.11420610817132516,0.001990413635266261,30,25,94
RPM-2010-10-14:3491:1,5,menciona que,0.018997242322830662,0.3318264823677613,0.0063037880946728575,18,21,76
RPM-2010-10-14:3491:1,5,menciona que las,0.03190418630717468,0.024225156368038698,0.0007728839020863458,3,3,7
RPM-2010-10-14:3491:1,5,menor,0.016557496070602286,0.4540618699212541,0.00751812762703149,30,29,113
RPM-2010-10-14:3491:1,5,menores,0.020546298866536947,-0.062042583693914334,-0.0012747454670272958,17,12,60
RPM-2010-10-14:3491:1,5,mercado,0.013076468894623074,-0.03709055808528566,-0.00048501352908644833,72,49,184
RPM-2010-10-14:3491:1,5,meses,0.013238171653116878,-0.2603740613574896,-0.0034468765182696336,75,45,177
RPM-2010-10-14:3491:1,5,meta,0.018348870201806967,-0.5478213123472107,-0.01005190215404252,61,29,38
RPM-2010-10-14:3491:1,5,meta de,0.027252142756970577,0.06587308257878742,0.0017951826502788262,11,8,10
RPM-2010-10-14:3491:1,5,meta de inflacion,0.029145304295856753,-0.09891884688286802,-0.0028830198929964495,9,4,8
RPM-2010-10-14:3491:1,5,moderacion,0.025809244056947043,-0.11062677140668994,-0.0028551933424673516,12,6,19
RPM-2010-10-14:3491:1,5,moderacion del,0.034601099033370254,0.04690308118136778,0.0016228981569267112,2,2,4
RPM-2010-10-14:3491:1,5,moderar,0.03337622072913671,-0.07706127024195936,-0.0025720139652632896,4,2,4
RPM-2010-10-14:3491:1,5,monedas,0.05288155104983965,0.25166611727651267,0.013308494628272837,1,7,33
RPM-2010-10-14:3491:1,5,monedas de,0.054784377024492105,0.10486927144366508,0.005745197705053551,1,3,8
RPM-2010-10-14:3491:1,5,monedas de las,0.03955095394767761,0.06323714479263333,0.0025010894014760618,1,2,0
RPM-2010-10-14:3491:1,5,monedas en,0.03818890308068416,0.14434959749779183,0.00551255278857894,0,2,2
RPM-2010-10-14:3491:1,5,monetaria,0.02521906303313438,-0.3912593174765797,-0.009867193389743,107,70,186
RPM-2010-10-14:3491:1,5,monetaria en,0.01592144432412417,0.06191007540366672,0.0009856978186418089,77,40,74
RPM-2010-10-14:3491:1,5,monetaria en 25,0.022532651866839174,-0.6390807489464513,-0.014400184030809234,42,11,11
RPM-2010-10-14:3491:1,5,monetaria en 25 puntos,0.024383277190684075,-0.5111857741494811,-0.012464384427021222,35,5,7
RPM-2010-10-14:3491:1,5,monetaria es,0.029429258850021005,0.028609309393695548,0.0008419507716674038,9,6,5
RPM-2010-10-14:3491:1,5,monetaria que,0.0249143878625768,-0.6640217235119195,-0.016543694768752695,25,5,13
RPM-2010-10-14:3491:1,5,monetario,0.03262048016011265,0.15477999002611037,0.005048997593829168,38,26,46
RPM-2010-10-14:3491:1,5,monetarios,0.02519834241674105,0.054772307014528926,0.0013801713471069676,12,8,21
RPM-2010-10-14:3491:1,5,muestran,0.018892899232292454,0.2100806844223418,0.0039690332014423345,26,21,70
RPM-2010-10-14:3491:1,5,muestran que,0.027459075189390572,0.4211011554874651,0.011563048290869554,6,11,11
RPM-2010-10-14:3491:1,5,muestran que la,0.03818890308068416,0.06387922547061337,0.0024394775503664245,0,1,3
RPM-2010-10-14:3491:1,5,muy,0.023784294384974525,-0.16745032097163115,-0.003982687728847749,50,35,175
RPM-2010-10-14:3491:1,5,muy distinta,0.03395798664740421,-0.10414822207692567,-0.00353666393463913,3,0,6
RPM-2010-10-14:3491:1,5,nacional,0.023123815665572405,0.0807611988308022,0.0018675070746941116,14,8,36
RPM-2010-10-14:3491:1,5,necesidad,0.02685820464783775,0.06637785465671187,0.0017827900044543972,13,9,9
RPM-2010-10-14:3491:1,5,necesidad de,0.027051996230926776,0.0701605622765448,0.0018979832662647932,13,9,8
RPM-2010-10-14:3491:1,5,negativos,0.02972707021412425,0.15891105086793578,0.004723959966951397,2,4,13
RPM-2010-10-14:3491:1,5,nivel,0.01595331866369181,-0.20992608915822872,-0.0033490177961638013,42,28,120
RPM-2010-10-14:3491:1,5,nivel del,0.03190418630717468,0.1362109818464219,0.004345700541911433,1,2,10
RPM-2010-10-14:3491:1,5,niveles,0.016958494819223045,0.001982227810935988,3.361560006227779e-05,37,26,98
RPM-2010-10-14:3491:1,5,niveles de,0.024013229218336655,-0.1428409016099495,-0.003430071312113591,6,4,40
RPM-2010-10-14:3491:1,5,no,0.02227199121144297,0.18381431031268464,0.004093910703821563,92,62,410
RPM-2010-10-14:3491:1,5,no es,0.019903186480570895,0.2909670931793527,0.0057911723152583045,19,20,60
RPM-2010-10-14:3491:1,5,no es muy,0.03707602649052393,0.047943089309834104,0.001777539249288964,1,1,3
RPM-2010-10-14:3491:1,5,no haber,0.03955095394767761,-0.0069326137117739165,-0.0002741914856514085,0,0,3
RPM-2010-10-14:3491:1,5,no obstante,0.02061449982362141,-0.2291062119481895,-0.004722909965796522,22,15,51
RPM-2010-10-14:3491:1,5,no se,0.01595331866369181,0.23400977283193852,0.0037332324764060456,33,27,130
RPM-2010-10-14:3491:1,5,no se ha,0.032356535600392526,0.24072817628163462,0.0077891298058742784,0,3,9
RPM-2010-10-14:3491:1,5,noticias,0.03369902407373744,-0.29936751745831636,-0.010088393177722817,34,19,46
RPM-2010-10-14:3491:1,5,nuestra,0.027051996230926776,0.09718933478670588,0.002629165518336248,12,10,8
RPM-2010-10-14:3491:1,5,nuestra economia,0.03707602649052393,0.22700576312708848,0.008416471687201534,0,3,2
RPM-2010-10-14:3491:1,5,nuevas,0.02631121900690128,-0.0017750555778967697,-4.670387605946362e-05,11,8,15
RPM-2010-10-14:3491:1,5,nuevas condiciones,0.03955095394767761,0.02411568728145389,0.0009537984370853775,1,1,1
RPM-2010-10-14:3491:1,5,nuevos,0.024643057764115937,-0.1927344355584807,-0.0047495658286019204,11,3,31
RPM-2010-10-14:3491:1,5,observa,0.02082379765896064,0.10220046702372615,0.0021282018459533526,8,9,68
RPM-2010-10-14:3491:1,5,observa una,0.02972707021412425,0.05536952210925054,0.0016459736714641959,2,3,14
RPM-2010-10-14:3491:1,5,obstante,0.02061449982362141,-0.2291062119481895,-0.004722909965796522,22,15,51
RPM-2010-10-14:3491:1,5,ocurrido,0.030370182600090306,0.15439218770401833,0.0046889189325984544,1,4,12
RPM-2010-10-14:3491:1,5,opcion,0.03502016133470614,-0.3188503568561349,-0.01116619093873047,40,18,29
RPM-2010-10-14:3491:1,5,opcion mas,0.03707602649052393,-0.0482308579956353,-0.0017882085687068723,3,1,1
RPM-2010-10-14:3491:1,5,opinion,0.028777220702774216,0.05683400960576281,0.0016355248378486264,33,29,98
RPM-2010-10-14:3491:1,5,opinion la,0.03190418630717468,0.3161552221358123,0.010086675109007154,1,5,7
RPM-2010-10-14:3491:1,5,oportunidad,0.02015236075740412,-0.31103103048246766,-0.006268009533029846,38,21,36
RPM-2010-10-14:3491:1,5,otras,0.020346152340493143,0.08100846407433503,0.0016482105509257863,18,16,58
RPM-2010-10-14:3491:1,5,otras monedas,0.03707602649052393,0.07306065519680283,0.0027087987874916965,0,1,4
RPM-2010-10-14:3491:1,5,paises,0.03587679191990063,-0.27504289007063687,-0.009867656536112343,15,10,55
RPM-2010-10-14:3491:1,5,paises que,0.03707602649052393,-0.07055625605144246,-0.00261594561843547,1,0,4
RPM-2010-10-14:3491:1,5,panorama,0.021265237347564348,-0.23331081293804157,-0.004961409812880641,29,11,39
RPM-2010-10-14:3491:1,5,panorama en,0.03818890308068416,-0.04133199123641211,-0.001578423407459029,1,0,3
RPM-2010-10-14:3491:1,5,para,0.01694246317362102,-0.041673339826148625,-0.0007060490253263174,99,64,342
RPM-2010-10-14:3491:1,5,para cumplir,0.03818890308068416,0.078909004533806,0.003013448326334784,2,1,1
RPM-2010-10-14:3491:1,5,para cumplir con,0.03818890308068416,0.078909004533806,0.003013448326334784,2,1,1
RPM-2010-10-14:3491:1,5,para la,0.01816247641644412,0.1680976648223758,0.0030530698729957285,42,26,64
RPM-2010-10-14:3491:1,5,para la demanda,0.03955095394767761,0.06401493050905503,0.002531851568527418,0,1,2
RPM-2010-10-14:3491:1,5,parte,0.014237408112295083,-0.20393524121237255,-0.0029035092576198875,59,36,157
RPM-2010-10-14:3491:1,5,parte de,0.02149853665535383,0.03686541483977561,0.0007925524722477409,16,13,47
RPM-2010-10-14:3491:1,5,parte de su,0.03955095394767761,-0.06566953956116012,-0.002597292934948637,1,0,2
RPM-2010-10-14:3491:1,5,pensar,0.025809244056947043,0.24409668463153025,0.006299950907146799,10,9,18
RPM-2010-10-14:3491:1,5,pensar que,0.027673269873894728,0.27391808278408625,0.007580209028223856,8,8,11
RPM-2010-10-14:3491:1,5,pensar que el,0.03818890308068416,-0.09123102170183772,-0.0034840126457232738,2,1,1
RPM-2010-10-14:3491:1,5,pero,0.013299931932019051,0.3741804404392141,0.004976574388134457,56,44,194
RPM-2010-10-14:3491:1,5,pero que,0.02149853665535383,-0.06417857074606753,-0.0013797453556725517,13,10,53
RPM-2010-10-14:3491:1,5,persiste,0.02972707021412425,0.1264492256902056,0.0037589650106143865,2,5,12
RPM-2010-10-14:3491:1,5,persiste la,0.03613510274045464,0.00589077662813846,0.0002128638186788522,1,1,4
RPM-2010-10-14:3491:1,5,pesar,0.0219937206658091,0.2389529163215839,0.005255463693857373,20,16,34
RPM-2010-10-14:3491:1,5,pesar que,0.035320037514397655,0.02088828238613482,0.0007377749174896135,2,2,3
RPM-2010-10-14:3491:1,5,peso,0.05490395073369603,0.30959114919928404,0.016997777203225827,16,20,46
RPM-2010-10-14:3491:1,5,peso ha,0.035320037514397655,0.2447640026743526,0.008645073756632262,1,4,2
RPM-2010-10-14:3491:1,5,peso los,0.03955095394767761,0.11687334267366531,0.004622452193797281,0,2,1
RPM-2010-10-14:3491:1,5,peso no,0.03955095394767761,0.020545971550003633,0.000812612774584488,1,1,1
RPM-2010-10-14:3491:1,5,plantea,0.019547517601225743,0.42549631841311825,0.008317396773437182,16,26,63
RPM-2010-10-14:3491:1,5,plantea que,0.020967425983461102,-0.05792675226877195,-0.0012145748906577632,16,19,48
RPM-2010-10-14:3491:1,5,plantea que es,0.03955095394767761,-0.2486863099297819,-0.009835780791450685,2,0,1
RPM-2010-10-14:3491:1,5,plazo,0.014165455347997891,0.19050529093808208,0.002698594192340749,63,44,148
RPM-2010-10-14:3491:1,5,plazo de,0.02631121900690128,-0.10568258508332487,-0.002780637641342839,10,4,20
RPM-2010-10-14:3491:1,5,plazo de dos,0.03955095394767761,-0.1410931001794915,-0.005580366707534132,2,0,1
RPM-2010-10-14:3491:1,5,plazo de dos anos,0.03955095394767761,-0.1410931001794915,-0.005580366707534132,2,0,1
RPM-2010-10-14:3491:1,5,podria,0.02773981802482539,-0.11085489233988209,-0.0030750945406699394,44,31,102
RPM-2010-10-14:3491:1,5,podria seguir,0.03955095394767761,0.022020472609734755,0.0008709306980937154,2,1,0
RPM-2010-10-14:3491:1,5,podria tener,0.02972707021412425,0.0454921135224788,0.0013523472528716384,6,4,9
RPM-2010-10-14:3491:1,5,politica,0.02394707605345394,-0.416114201778208,-0.009964718436905027,110,71,220
RPM-2010-10-14:3491:1,5,politica monetaria,0.02546780417004717,-0.4374162789152315,-0.01114003213220385,107,69,180
RPM-2010-10-14:3491:1,5,politica monetaria en,0.01618122489755603,0.09820135809592312,0.0015890182605955666,76,40,67
RPM-2010-10-14:3491:1,5,politica monetaria en 25,0.022532651866839174,-0.6390807489464513,-0.014400184030809234,42,11,11
RPM-2010-10-14:3491:1,5,politica monetaria es,0.02972707021412425,-0.07344295343323345,-0.0021832438334423885,9,5,5
RPM-2010-10-14:3491:1,5,politica monetaria que,0.02534543199574691,-0.600853893927497,-0.015228901507919102,23,5,12
RPM-2010-10-14:3491:1,5,politicas,0.02685820464783775,-0.10501527171229458,-0.0028205216587970944,10,5,16
RPM-2010-10-14:3491:1,5,por,0.027902261940201567,0.35790255976742746,0.009986290971699409,103,76,444
RPM-2010-10-14:3491:1,5,por la,0.02751014549319217,-0.1664890227944545,-0.004580137240094831,46,28,107
RPM-2010-10-14:3491:1,5,por la reserva,0.03955095394767761,-0.0038661109558706056,-0.0001529083763722502,0,0,3
RPM-2010-10-14:3491:1,5,por la reserva federal,0.03955095394767761,-0.0038661109558706056,-0.0001529083763722502,0,0,3
RPM-2010-10-14:3491:1,5,por las,0.022627288214557794,-0.030467928994805597,-0.0006894066106661483,17,10,36
RPM-2010-10-14:3491:1,5,por lo,0.015230830358687239,-0.2708231542135705,-0.004124861519031486,55,34,125
RPM-2010-10-14:3491:1,5,por lo anterior,0.028365019347130805,-0.20658131287442136,-0.005859682936438644,15,6,3
RPM-2010-10-14:3491:1,5,por lo anterior el,0.03707602649052393,0.2548928207732833,0.00945041297523462,2,3,0
RPM-2010-10-14:3491:1,5,por subir,0.03284511005724398,-0.5518168200478528,-0.01812448418591012,11,0,0
RPM-2010-10-14:3491:1,5,por subir la,0.03284511005724398,-0.5518168200478528,-0.01812448418591012,11,0,0
RPM-2010-10-14:3491:1,5,por subir la tpm,0.03707602649052393,-0.330673750457582,-0.01226006873168621,5,0,0
RPM-2010-10-14:3491:1,5,por sus,0.03707602649052393,-0.089801432234584,-0.0033294802804164263,1,0,4
RPM-2010-10-14:3491:1,5,por un,0.03380289267255855,-0.42489278829750576,-0.01436260532016473,36,14,48
RPM-2010-10-14:3491:1,5,por un alza,0.03395798664740421,-0.2600077604283226,-0.008829340056846451,7,1,1
RPM-2010-10-14:3491:1,5,por un tiempo,0.030370182600090306,0.03245995317531854,0.0009858147051248051,4,4,9
RPM-2010-10-14:3491:1,5,por un tiempo prolongado,0.035320037514397655,0.10284293344720487,0.003632416267445977,1,2,4
RPM-2010-10-14:3491:1,5,por unanimidad,0.030370182600090306,0.11849695096690104,0.003598774038418732,8,2,7
RPM-2010-10-14:3491:1,5,posicion,0.02972707021412425,-0.3062214303399965,-0.009103065960786635,4,0,15
RPM-2010-10-14:3491:1,5,posicion ciclica,0.03613510274045464,-0.08051414401417359,-0.0029093868660119235,1,0,5
RPM-2010-10-14:3491:1,5,precios,0.013863104063896058,-0.8583216218920727,-0.01189900196458185,73,37,158
RPM-2010-10-14:3491:1,5,precios de,0.016958494819223045,-0.29375387088537613,-0.004981623497536366,49,28,84
RPM-2010-10-14:3491:1,5,precios de los,0.021189411252502996,-0.2857288923254287,-0.006054427006205656,29,16,35
RPM-2010-10-14:3491:1,5,precios de los commodities,0.02685820464783775,0.15079379193598075,0.0040500505234400365,8,7,16
RPM-2010-10-14:3491:1,5,presente,0.02690366097390356,0.3773011287171553,0.010150781652077496,33,29,130
RPM-2010-10-14:3491:1,5,presente que,0.01868941631799575,0.49391626575933056,0.00923100671700596,20,21,80
RPM-2010-10-14:3491:1,5,presente que la,0.029145304295856753,0.041538063818462555,0.0012106395098498085,4,4,13
RPM-2010-10-14:3491:1,5,presidente,0.05182810408126216,0.2792625019295155,0.014473646015996605,15,14,116
RPM-2010-10-14:3491:1,5,presidente hace,0.03818890308068416,0.05004145804479485,0.0019110283912887932,1,1,2
RPM-2010-10-14:3491:1,5,presidente hace presente,0.03818890308068416,0.05004145804479485,0.0019110283912887932,1,1,2
RPM-2010-10-14:3491:1,5,presidente senor,0.04903214701442305,0.42438977710598996,0.02080874194247913,13,14,92
RPM-2010-10-14:3491:1,5,presidente senor jose,0.06693388742812584,0.08516469002943276,0.005700403775281283,4,4,30
RPM-2010-10-14:3491:1,5,presidente senor jose de,0.06693388742812584,0.08516469002943276,0.005700403775281283,4,4,30
RPM-2010-10-14:3491:1,5,presion,0.02972707021412425,-0.10833052910134601,-0.0032203492449289434,4,3,12
RPM-2010-10-14:3491:1,5,presion sobre,0.03707602649052393,-0.06987294138794498,-0.002590611025870274,2,1,2
RPM-2010-10-14:3491:1,5,presiones,0.032999782862543785,0.1653180526098224,0.005455459839382729,33,26,47
RPM-2010-10-14:3491:1,5,presiones inflacionarias,0.021908349733530397,0.025015306885556116,0.0005480440919403544,22,15,34
RPM-2010-10-14:3491:1,5,presiones inflacionarias agrega,0.03955095394767761,-0.04294359975869599,-0.0016984603364036844,1,0,2
RPM-2010-10-14:3491:1,5,presiones salariales,0.03955095394767761,0.17403226991349768,0.006883142292758547,0,2,1
RPM-2010-10-14:3491:1,5,principal,0.02519834241674105,-0.15354673853096568,-0.00386912329447708,13,6,22
RPM-2010-10-14:3491:1,5,proceso,0.02157832762366709,-0.7095466937162658,-0.015310831021299352,30,12,33
RPM-2010-10-14:3491:1,5,proceso de,0.022920332751275703,-0.45680957106771075,-0.010470227372839456,25,10,25
RPM-2010-10-14:3491:1,5,prolongado,0.029145304295856753,0.43638166074916784,0.012718476291665826,3,9,9
RPM-2010-10-14:3491:1,5,proximo,0.020412141330835985,0.031341622495582894,0.0006397496279175464,19,15,57
RPM-2010-10-14:3491:1,5,proximo ano,0.025809244056947043,0.19131776775706322,0.0049377669604723584,7,8,22
RPM-2010-10-14:3491:1,5,proximo ano la,0.03818890308068416,0.07996456811904826,0.0030537591417871,0,1,3
RPM-2010-10-14:3491:1,5,puesto,0.034601099033370254,-0.1012194734275286,-0.0035023050241715058,3,0,5
RPM-2010-10-14:3491:1,5,puntos,0.03202332705455451,-0.6217274456731616,-0.019909781331584428,82,37,94
RPM-2010-10-14:3491:1,5,puntos base,0.03402792557783536,-0.6680766844177464,-0.022733263697654077,80,35,67
RPM-2010-10-14:3491:1,5,puntos base hasta,0.029429258850021005,-0.028986926475113223,-0.000853063762502634,14,4,2
RPM-2010-10-14:3491:1,5,puntos base hasta 75,0.035320037514397655,0.42928946912891724,0.015162520154169211,4,3,0
RPM-2010-10-14:3491:1,5,que dada,0.03284511005724398,-0.04139772929057256,-0.0013597129746688484,4,2,5
RPM-2010-10-14:3491:1,5,que dada la,0.03613510274045464,-0.07066929031813365,-0.002553642066240776,3,1,2
RPM-2010-10-14:3491:1,5,que el,0.027388846840899338,0.045951670119885865,0.0012585632549970845,80,54,332
RPM-2010-10-14:3491:1,5,que el consejo,0.030040160490226998,-0.03097994706767327,-0.0009306425818916423,7,4,7
RPM-2010-10-14:3491:1,5,que el esperado,0.035320037514397655,0.07563094508718043,0.002671287817728562,1,1,5
RPM-2010-10-14:3491:1,5,que el mercado,0.02149853665535383,-0.07748496398648,-0.0016658133385021117,21,16,39
RPM-2010-10-14:3491:1,5,que el proceso,0.03190418630717468,-0.1318149204247909,-0.0042054477792979345,5,2,6
RPM-2010-10-14:3491:1,5,que el proceso de,0.03284511005724398,-0.09186467404541346,-0.0030173053293944493,4,2,5
RPM-2010-10-14:3491:1,5,que en,0.02687189134046154,0.5761569625761285,0.01548242729339609,80,59,272
RPM-2010-10-14:3491:1,5,que en el,0.03543212860945805,0.3489464269845846,0.012363914678728664,39,31,93
RPM-2010-10-14:3491:1,5,que en el margen,0.03395798664740421,-0.3175778573649438,-0.01078430463991,4,0,5
RPM-2010-10-14:3491:1,5,que en su,0.027051996230926776,0.14290100686601834,0.0038657574991351694,5,8,17
RPM-2010-10-14:3491:1,5,que es,0.015985360323393694,-0.8388024562491934,-0.01340855950329103,47,24,118
RPM-2010-10-14:3491:1,5,que esta,0.02858641826328732,0.22901104016794277,0.0065466053811513054,30,25,108
RPM-2010-10-14:3491:1,5,que esta decision,0.03955095394767761,0.029788698890187496,0.0011781714579670408,1,1,1
RPM-2010-10-14:3491:1,5,que esto,0.027459075189390572,0.4604267857677318,0.012642893729605573,6,9,13
RPM-2010-10-14:3491:1,5,que ha,0.018348870201806967,-0.10275480952278802,-0.0018854346625450358,31,18,79
RPM-2010-10-14:3491:1,5,que habra,0.03284511005724398,-0.12779598627458705,-0.004197473234062853,4,2,5
RPM-2010-10-14:3491:1,5,que hace,0.026670376838703075,0.16770649573569404,0.0044727954395693105,8,8,16
RPM-2010-10-14:3491:1,5,que hace algunos,0.03955095394767761,0.1346239056562496,0.005324503892866823,0,2,1
RPM-2010-10-14:3491:1,5,que incluso,0.035320037514397655,-0.14743295520838584,-0.005207337508818697,3,1,3
RPM-2010-10-14:3491:1,5,que la,0.03339185224492849,-0.2628807979838401,-0.008778076764305283,101,67,302
RPM-2010-10-14:3491:1,5,que la apreciacion,0.0585847532726263,-0.24435200973187185,-0.014315302201812093,3,0,5
RPM-2010-10-14:3491:1,5,que la apreciacion del,0.06277516971879644,-0.14362676696628002,-0.009016194672470255,2,0,3
RPM-2010-10-14:3491:1,5,que la economia,0.0247772152998169,-0.2274508424483327,-0.005635598493467071,15,8,21
RPM-2010-10-14:3491:1,5,que la inflacion,0.030751745736488863,-0.17378950250884612,-0.005344330592822929,51,34,47
RPM-2010-10-14:3491:1,5,que la inflacion ha,0.03955095394767761,-0.13372664346724994,-0.005289016317350705,3,0,0
RPM-2010-10-14:3491:1,5,que la inflacion se,0.030719073108770287,0.28772633137577835,0.008838686208850801,2,6,8
RPM-2010-10-14:3491:1,5,que la magnitud,0.035320037514397655,0.1551935692744923,0.005481442688768339,1,3,3
RPM-2010-10-14:3491:1,5,que la opcion,0.028125619167112575,-0.06607384468459436,-0.0018583677925058464,12,5,8
RPM-2010-10-14:3491:1,5,que la principal,0.035320037514397655,-0.24141547729427398,-0.008526803714589972,5,0,2
RPM-2010-10-14:3491:1,5,que la recuperacion,0.03613510274045464,0.059141804875928884,0.002137095195447611,1,1,4
RPM-2010-10-14:3491:1,5,que las,0.022553835116581947,0.17171377771238533,0.0038728042297705425,62,47,184
RPM-2010-10-14:3491:1,5,que las expectativas,0.021908349733530397,0.13043023431095047,0.0028575111891106187,19,18,34
RPM-2010-10-14:3491:1,5,que las noticias,0.02972707021412425,0.1537910785400084,0.0045717581900647265,6,8,5
RPM-2010-10-14:3491:1,5,que los,0.014261582093027473,0.33049768261634627,0.004713419832188361,48,39,164
RPM-2010-10-14:3491:1,5,que los precios,0.027252142756970577,0.14776557704439833,0.0040269286001800774,3,6,20
RPM-2010-10-14:3491:1,5,que los precios de,0.029429258850021005,0.19693068872364833,0.005795524213961159,1,5,14
RPM-2010-10-14:3491:1,5,que se,0.016137253853474098,0.013217884625325423,0.0002133003596048087,88,65,393
RPM-2010-10-14:3491:1,5,que si,0.0356686233151827,-0.08938820979341851,-0.00318835438393997,28,20,112
RPM-2010-10-14:3491:1,5,que si bien,0.0452845435199343,-0.35194710763644577,-0.01593776411247763,22,12,41
RPM-2010-10-14:3491:1,5,que si bien el,0.034601099033370254,0.07087289931387038,0.0024522802079413077,3,3,2
RPM-2010-10-14:3491:1,5,que si bien la,0.053305452903374566,-0.2589258637476678,-0.013802160435466886,8,2,4
RPM-2010-10-14:3491:1,5,que su,0.019663786300552672,0.3453966634930725,0.0067918061798516805,21,24,58
RPM-2010-10-14:3491:1,5,que su voto,0.02685820464783775,0.13600601701420828,0.003652877438304909,9,12,10
RPM-2010-10-14:3491:1,5,que su voto es,0.027252142756970577,0.18811806353179275,0.005126620322533276,8,12,9
RPM-2010-10-14:3491:1,5,que todo,0.030370182600090306,-0.00838420973405573,-0.0002546299805807271,5,6,6
RPM-2010-10-14:3491:1,5,que todo ello,0.03818890308068416,0.06086183784893409,0.0023242468269252586,1,2,1
RPM-2010-10-14:3491:1,5,reafirma,0.028365019347130805,0.05838197197574893,0.0016560057646157669,6,7,11
RPM-2010-10-14:3491:1,5,recientes,0.048396123639427475,-0.011942308439278557,-0.0005779614357675032,25,18,50
RPM-2010-10-14:3491:1,5,recientes muestran,0.03613510274045464,0.39571462106781663,0.01429918848818563,0,5,1
RPM-2010-10-14:3491:1,5,recientes muestran que,0.03818890308068416,0.2396772176096244,0.009153010033941993,0,3,1
RPM-2010-10-14:3491:1,5,recientes que,0.03818890308068416,-0.07811795144263023,-0.002983238876504197,1,0,3
RPM-2010-10-14:3491:1,5,recientes sugieren,0.03818890308068416,0.05678693175864245,0.0021686306331802217,0,1,3
RPM-2010-10-14:3491:1,5,recuperacion,0.036951508824190814,0.34974110005000636,0.012923461344680013,10,14,48
RPM-2010-10-14:3491:1,5,recuperacion de,0.027051996230926776,0.04483616075153469,0.0012129076516597434,7,8,15
RPM-2010-10-14:3491:1,5,recuperacion de las,0.03818890308068416,0.14419667988186394,0.005506713032564941,0,2,2
RPM-2010-10-14:3491:1,5,reducido,0.028614193623964026,-0.16897517019914587,-0.004835088237720636,8,2,13
RPM-2010-10-14:3491:1,5,reflejado,0.02685820464783775,-0.03301027498623861,-0.000886596721061796,7,4,20
RPM-2010-10-14:3491:1,5,reflejado en,0.028365019347130805,-0.06801543010583747,-0.0019292589908555028,5,2,17
RPM-2010-10-14:3491:1,5,registros,0.02333431659979337,0.1630814692308264,0.003805394634591564,14,16,26
RPM-2010-10-14:3491:1,5,registros de,0.028614193623964026,0.2642312617819058,0.007560764486131779,6,9,8
RPM-2010-10-14:3491:1,5,registros de inflacion,0.030719073108770287,0.12510860263369622,0.003843220310840605,5,6,5
RPM-2010-10-14:3491:1,5,reserva,0.023894702733832623,0.17207064187053894,0.004111576836716301,4,7,40
RPM-2010-10-14:3491:1,5,reserva federal,0.024643057764115937,0.17371662922928283,0.004280908928684728,4,7,34
RPM-2010-10-14:3491:1,5,retiro,0.04723077259626346,0.38229536683278464,0.01805610553548437,9,11,6
RPM-2010-10-14:3491:1,5,retiro del,0.0585847532726263,0.06488691975483941,0.0038013841844579685,3,3,2
RPM-2010-10-14:3491:1,5,retiro del estimulo,0.06277516971879644,0.15784380980776547,0.009908671949743904,1,3,1
RPM-2010-10-14:3491:1,5,retiro del estimulo monetario,0.06277516971879644,0.15784380980776547,0.009908671949743904,1,3,1
RPM-2010-10-14:3491:1,5,revirtiendo,0.035320037514397655,0.019425241445547626,0.0006861002565829743,1,1,5
RPM-2010-10-14:3491:1,5,riesgos,0.030751745736488863,-0.535269016396172,-0.01646045669283557,48,26,58
RPM-2010-10-14:3491:1,5,salariales,0.034601099033370254,0.12411845222607883,0.004294634857343188,3,3,2
RPM-2010-10-14:3491:1,5,se,0.023323588526538392,0.013804764284991347,0.00032197664188899115,108,74,606
RPM-2010-10-14:3491:1,5,se espera,0.023778434034505698,-0.031868926049060525,-0.000757793155808126,11,9,32
RPM-2010-10-14:3491:1,5,se espera que,0.029145304295856753,0.16388778701552847,0.0047765594229421384,6,6,9
RPM-2010-10-14:3491:1,5,se ha,0.023784294384974525,-0.2585067838502478,-0.006148401447607272,58,36,166
RPM-2010-10-14:3491:1,5,se ha depreciado,0.03337622072913671,0.14478073247489215,0.004832233684408091,1,4,5
RPM-2010-10-14:3491:1,5,se ha visto,0.030719073108770287,0.16478404437565103,0.005062013106334471,1,4,11
RPM-2010-10-14:3491:1,5,se han,0.027798042621588977,-0.06124130864392445,-0.0017023885078856972,44,31,101
RPM-2010-10-14:3491:1,5,se han ajustado,0.03148305919025053,0.08871427028939913,0.002792996622541037,4,4,6
RPM-2010-10-14:3491:1,5,se han ajustado la,0.03613510274045464,0.1492803548768274,0.005394260960605687,1,3,2
RPM-2010-10-14:3491:1,5,se han reducido,0.03707602649052393,0.06532503239946674,0.002421992631736963,0,1,4
RPM-2010-10-14:3491:1,5,se observa,0.02149853665535383,0.11741077669305898,0.0025241598864692914,8,9,59
RPM-2010-10-14:3491:1,5,se observa una,0.02972707021412425,0.05536952210925054,0.0016459736714641959,2,3,14
RPM-2010-10-14:3491:1,5,se reafirma,0.03955095394767761,-0.08627267227944527,-0.0034121664882674225,1,1,1
RPM-2010-10-14:3491:1,5,se ubique,0.02789525514293662,0.10905105937004635,0.003042007124734972,10,8,8
RPM-2010-10-14:3491:1,5,se ubique en,0.028365019347130805,0.13077523554745224,0.003709442086429071,9,8,7
RPM-2010-10-14:3491:1,5,se ubique en en,0.030370182600090306,0.30016786384540795,0.009116152835664084,4,8,5
RPM-2010-10-14:3491:1,5,se vayan,0.03955095394767761,0.07340421902376629,0.002903206886174221,1,1,1
RPM-2010-10-14:3491:1,5,seguido,0.024383277190684075,-0.27055206487585404,-0.00659694599237989,20,9,18
RPM-2010-10-14:3491:1,5,seguido aumentando,0.035320037514397655,-0.16884519935281495,-0.005963618775267374,5,0,2
RPM-2010-10-14:3491:1,5,seguir,0.023123815665572405,0.03189697941879083,0.0007375798723686759,19,12,27
RPM-2010-10-14:3491:1,5,segun,0.027051996230926776,0.029894081877127873,0.0008086945902670797,6,5,19
RPM-2010-10-14:3491:1,5,segun las,0.03818890308068416,0.13113488125174994,0.005007897270620104,0,2,2
RPM-2010-10-14:3491:1,5,senala,0.017316804084740154,0.04032254658842189,0.0006982576394695093,83,54,350
RPM-2010-10-14:3491:1,5,senala que,0.018246902908776425,0.002320503871702375,4.234200884639302e-05,78,51,316
RPM-2010-10-14:3491:1,5,senala que el,0.021114515562466955,0.07089386544883348,0.001496889625302833,10,11,60
RPM-2010-10-14:3491:1,5,senala que en,0.021741108527912476,-0.051042137785904836,-0.0011097126571000193,16,7,50
RPM-2010-10-14:3491:1,5,senala que en su,0.03818890308068416,0.001741936731414432,6.652265300866949e-05,0,0,4
RPM-2010-10-14:3491:1,5,senda,0.03284511005724398,-0.016204453885366628,-0.0005322370712824017,5,4,2
RPM-2010-10-14:3491:1,5,senda de,0.034601099033370254,-0.08764641132433454,-0.0030326621581528036,4,2,2
RPM-2010-10-14:3491:1,5,senor,0.01989908927204273,0.15727252812984077,0.003129580077295553,89,66,706
RPM-2010-10-14:3491:1,5,senor jose,0.059809185246783816,0.07193350200608589,0.004302284146931887,7,7,46
RPM-2010-10-14:3491:1,5,senor jose de,0.059809185246783816,0.07193350200608589,0.004302284146931887,7,7,46
RPM-2010-10-14:3491:1,5,senor jose de gregorio,0.059809185246783816,0.07193350200608589,0.004302284146931887,7,7,46
RPM-2010-10-14:3491:1,5,senor presidente,0.04291354672367271,-0.20189473901867738,-0.008664019316141719,11,5,24
RPM-2010-10-14:3491:1,5,senor presidente hace,0.03818890308068416,0.05004145804479485,0.0019110283912887932,1,1,2
RPM-2010-10-14:3491:1,5,senor presidente hace presente,0.03818890308068416,0.05004145804479485,0.0019110283912887932,1,1,2
RPM-2010-10-14:3491:1,5,si,0.02733889759424157,-0.0665945113854004,-0.0018206205271040158,62,39,297
RPM-2010-10-14:3491:1,5,si bien,0.03840824688481997,0.15021468596831955,0.005769482744396919,31,22,76
RPM-2010-10-14:3491:1,5,si bien el,0.03148305919025053,0.1596820425238353,0.005027279196398009,4,5,5
RPM-2010-10-14:3491:1,5,si bien la,0.04685491886385934,-0.09853185828457975,-0.004616702225429271,10,5,12
RPM-2010-10-14:3491:1,5,si en,0.030719073108770287,-0.020138150318157483,-0.0006186253118988853,2,1,13
RPM-2010-10-14:3491:1,5,sido,0.041982649252323985,0.10057724175154813,0.0042224990632214405,33,21,91
RPM-2010-10-14:3491:1,5,significativa,0.02157832762366709,0.08156492519328895,0.0017600346784206868,13,11,51
RPM-2010-10-14:3491:1,5,sigue,0.017072590144072065,0.018509353805949702,0.00031600261136059964,50,33,75
RPM-2010-10-14:3491:1,5,sigue en,0.03190418630717468,0.1397978073503248,0.0044601352910392765,3,3,7
RPM-2010-10-14:3491:1,5,sobre,0.03225777960146602,0.1281009972067959,0.004132253734624837,60,43,240
RPM-2010-10-14:3491:1,5,sobre la,0.036155128597544495,-0.06523256226313336,-0.0023584916773709145,41,25,88
RPM-2010-10-14:3491:1,5,sobre la actividad,0.035320037514397655,-0.10947076178955145,-0.003866511413136647,3,1,3
RPM-2010-10-14:3491:1,5,sobre la base,0.032356535600392526,-0.1337452875226807,-0.004327534157112352,4,1,7
RPM-2010-10-14:3491:1,5,sobre la base de,0.03284511005724398,-0.13462212883571315,-0.0044216786377494766,4,1,6
RPM-2010-10-14:3491:1,5,sobre la inflacion,0.027051996230926776,-0.08218530596190435,-0.0022232765871190003,16,6,8
RPM-2010-10-14:3491:1,5,sobre las,0.0247772152998169,0.24322096296985074,0.006026338164932785,11,10,23
RPM-2010-10-14:3491:1,5,son,0.014740072420447201,-0.09566132683074502,-0.0014100548853212505,55,35,142
RPM-2010-10-14:3491:1,5,su,0.03146779201189187,0.34615976316454533,0.010892883430147661,97,67,288
RPM-2010-10-14:3491:1,5,su intervencion,0.0249143878625768,0.14533574343612488,0.0036209510822635656,9,9,25
RPM-2010-10-14:3491:1,5,su juicio,0.020967425983461102,0.400884925557341,0.00840552500450886,24,23,36
RPM-2010-10-14:3491:1,5,su juicio si,0.03707602649052393,0.10529069691334894,0.003903760667965052,1,2,2
RPM-2010-10-14:3491:1,5,su opinion,0.030370343097325933,0.059941190387198015,0.0018204345177213388,32,26,79
RPM-2010-10-14:3491:1,5,su opinion la,0.03190418630717468,0.3161552221358123,0.010086675109007154,1,5,7
RPM-2010-10-14:3491:1,5,su voto,0.022920332751275703,0.05770356032752036,0.0013225848036400782,27,18,15
RPM-2010-10-14:3491:1,5,su voto es,0.0247772152998169,0.04485448959597242,0.0011113693458828058,16,15,13
RPM-2010-10-14:3491:1,5,su voto es por,0.025054714092240596,0.15406982994328472,0.0038601755394691278,14,15,13
RPM-2010-10-14:3491:1,5,subir,0.047485905106306084,-1.174171516170318,-0.05575659719539126,30,7,26
RPM-2010-10-14:3491:1,5,subir la,0.05350654163825174,-1.2780721483652528,-0.06838522062319526,25,3,11
RPM-2010-10-14:3491:1,5,subir la tasa,0.0454748934743885,-1.0119638508490323,-0.04601894831729172,19,3,9
RPM-2010-10-14:3491:1,5,subir la tasa de,0.028873974197395885,-1.0899318372962883,-0.031470663747013315,15,2,5
RPM-2010-10-14:3491:1,5,subir la tasa en,0.034601099033370254,-0.1239454844303764,-0.0042886499815145045,5,1,2
RPM-2010-10-14:3491:1,5,subir la tpm,0.034601099033370254,-0.4445611229677626,-0.015382303442193846,7,0,1
RPM-2010-10-14:3491:1,5,subir la tpm en,0.035320037514397655,-0.3695404555884426,-0.013052182754471394,6,0,1
RPM-2010-10-14:3491:1,5,subraya,0.028873974197395885,-0.1159226135914285,-0.0033471465537336,6,3,13
RPM-2010-10-14:3491:1,5,subraya que,0.030040160490226998,-0.1745509840453802,-0.005243539574450273,5,2,11
RPM-2010-10-14:3491:1,5,subraya que la,0.03818890308068416,-0.06501642326256687,-0.0024829058866269052,1,0,3
RPM-2010-10-14:3491:1,5,sugiere,0.024257418666671755,0.24235211267072052,0.005878836661806072,13,12,23
RPM-2010-10-14:3491:1,5,sugieren,0.027252142756970577,0.1905754183935703,0.005193588508030975,5,7,17
RPM-2010-10-14:3491:1,5,sus,0.027011316516004146,0.13321579445248882,0.003598333988887125,50,32,108
RPM-2010-10-14:3491:1,5,sus implicancias,0.04934728979509153,0.05093122713604918,0.0025133180251022485,8,6,7
RPM-2010-10-14:3491:1,5,sus implicancias para,0.035320037514397655,0.09316695443566865,0.003290660325769994,2,3,2
RPM-2010-10-14:3491:1,5,sus implicancias para la,0.03707602649052393,-0.0438146973457466,-0.0016244748794651894,2,1,2
RPM-2010-10-14:3491:1,5,sus implicancias sobre,0.03284511005724398,-0.05505427726663133,-0.001808263795944531,6,3,2
RPM-2010-10-14:3491:1,5,tal,0.02061449982362141,-0.2992005058740025,-0.00616786877556706,25,13,50
RPM-2010-10-14:3491:1,5,tal como,0.02519834241674105,-0.20037572972475515,-0.005049136249608738,16,8,17
RPM-2010-10-14:3491:1,5,tambien,0.012379734592888877,-0.2319282107007837,-0.0028712096930793123,71,45,226
RPM-2010-10-14:3491:1,5,tambien se,0.022532651866839174,0.6656432967173841,0.014998708672427946,11,14,39
RPM-2010-10-14:3491:1,5,tanto,0.013750689797211535,0.016643802346852032,0.00022886376311766365,58,44,171
RPM-2010-10-14:3491:1,5,tanto por,0.03337622072913671,-0.09576709028359229,-0.0031963435438923395,3,1,6
RPM-2010-10-14:3491:1,5,tasa,0.019475764212173164,0.015673160405287434,0.00030524677651294646,102,71,222
RPM-2010-10-14:3491:1,5,tasa de,0.012451335673811247,-0.22746879674256715,-0.002832290343559646,100,63,175
RPM-2010-10-14:3491:1,5,tasa de politica,0.014872483733233466,-0.4389422710749305,-0.006528161786390458,86,53,88
RPM-2010-10-14:3491:1,5,tasa de politica monetaria,0.015259286923778665,-0.415040653897455,-0.006333224422853981,80,50,83
RPM-2010-10-14:3491:1,5,tasa en,0.02534543199574691,0.495250395881394,0.012552335229678607,14,12,14
RPM-2010-10-14:3491:1,5,tasa en 50,0.03707602649052393,-0.161194657640987,-0.00597645739682817,3,0,2
RPM-2010-10-14:3491:1,5,tasa en 50 puntos,0.03707602649052393,-0.161194657640987,-0.00597645739682817,3,0,2
RPM-2010-10-14:3491:1,5,tasas,0.013575025237847394,0.8130079046151305,0.011036602823719823,56,45,180
RPM-2010-10-14:3491:1,5,tasas de,0.01582680797640555,0.5387314438630062,0.008526399112871504,37,34,123
RPM-2010-10-14:3491:1,5,tasas de interes,0.018590163364366866,0.2644264492187158,0.004915730888835386,29,22,72
RPM-2010-10-14:3491:1,5,tasas de interes se,0.03707602649052393,0.05376786049532157,0.0019934986200633377,1,1,3
RPM-2010-10-14:3491:1,5,tener,0.018301735433559223,-0.4608229324701476,-0.00843385939178557,33,12,84
RPM-2010-10-14:3491:1,5,tener efectos,0.03818890308068416,-0.039370077041045524,-0.001503500056399556,1,0,3
RPM-2010-10-14:3491:1,5,tenido,0.022821079797646818,0.004073111239632748,9.295279662435108e-05,12,7,42
RPM-2010-10-14:3491:1,5,tenido un,0.030040160490226998,-0.028931973946389224,-0.0008691211406485984,1,1,16
RPM-2010-10-14:3491:1,5,tenido un comportamiento,0.03707602649052393,-0.06438577362811328,-0.002387168648648805,1,0,4
RPM-2010-10-14:3491:1,5,tensiones,0.026670376838703075,-0.16617798601530176,-0.004432029509324828,7,6,19
RPM-2010-10-14:3491:1,5,tensiones financieras,0.03337622072913671,-0.2973639883121437,-0.009924886110802536,4,1,5
RPM-2010-10-14:3491:1,5,tiempo,0.018590163364366866,0.7124764806354185,0.013245054168281596,20,26,77
RPM-2010-10-14:3491:1,5,tiempo prolongado,0.03395798664740421,0.15796212491106032,0.005364075728525382,1,3,5
RPM-2010-10-14:3491:1,5,tiene,0.027011316516004146,-0.3741110236691233,-0.010105231272453009,38,19,133
RPM-2010-10-14:3491:1,5,tiene un,0.026670376838703075,-0.2401370300469967,-0.006404545084280366,8,1,23
RPM-2010-10-14:3491:1,5,todo,0.03959549890357393,-0.26623348048209855,-0.010541647484523605,46,32,93
RPM-2010-10-14:3491:1,5,todo caso,0.023442353440614776,-0.32295167162082816,-0.007570747230372815,14,6,35
RPM-2010-10-14:3491:1,5,todo ello,0.049828066647881884,0.24418252773224125,0.012167143266090384,5,7,8
RPM-2010-10-14:3491:1,5,todo ello en,0.03955095394767761,-0.09174570945253474,-0.003628630329454212,2,0,1
RPM-2010-10-14:3491:1,5,todo ello en un,0.03955095394767761,-0.09174570945253474,-0.003628630329454212,2,0,1
RPM-2010-10-14:3491:1,5,tomado,0.03337622072913671,-0.08779285663146857,-0.0029301937613733487,1,0,9
RPM-2010-10-14:3491:1,5,tpm,0.019547517601225743,0.4052677303353926,0.007921978091939895,25,31,49
RPM-2010-10-14:3491:1,5,tpm en,0.023228158756110617,0.08511728317429641,0.00197711776646138,17,16,24
RPM-2010-10-14:3491:1,5,tpm en 25,0.030370182600090306,-0.35616924072930767,-0.010816924877484596,11,6,0
RPM-2010-10-14:3491:1,5,tpm en 25 puntos,0.0310891210811177,-0.32443189819781687,-0.01008630256564878,10,5,0
RPM-2010-10-14:3491:1,5,trayectoria,0.017849386140341372,-0.15846756986214305,-0.0028285488451909144,47,24,68
RPM-2010-10-14:3491:1,5,trayectoria de,0.023021226323690625,0.08990473409159697,0.002069717231093878,20,14,25
RPM-2010-10-14:3491:1,5,ubique,0.02789525514293662,0.10905105937004635,0.003042007124734972,10,8,8
RPM-2010-10-14:3491:1,5,ubique en,0.028365019347130805,0.13077523554745224,0.003709442086429071,9,8,7
RPM-2010-10-14:3491:1,5,ubique en en,0.030370182600090306,0.30016786384540795,0.009116152835664084,4,8,5
RPM-2010-10-14:3491:1,5,ubique en en el,0.030370182600090306,0.30016786384540795,0.009116152835664084,4,8,5
RPM-2010-10-14:3491:1,5,ultimas,0.03640018672417697,-0.18543705946627506,-0.006749943590154721,21,11,44
RPM-2010-10-14:3491:1,5,ultimas cifras,0.03284511005724398,-0.23330257802731197,-0.007662848851945812,5,1,5
RPM-2010-10-14:3491:1,5,ultimo,0.014534013286856471,0.4836019164461235,0.007028676679177212,54,46,140
RPM-2010-10-14:3491:1,5,ultimo ipom,0.022821079797646818,0.4214430703563557,0.009617785938767675,18,20,23
RPM-2010-10-14:3491:1,5,un,0.022196110761320796,-0.08739089675949456,-0.001939738024004892,105,68,473
RPM-2010-10-14:3491:1,5,un alza,0.021265237347564348,-0.797997305231908,-0.01696960209847328,40,10,29
RPM-2010-10-14:3491:1,5,un comportamiento,0.028873974197395885,-0.0784450644856286,-0.0022650207678710965,5,2,15
RPM-2010-10-14:3491:1,5,un comportamiento mas,0.03613510274045464,-0.00527715337716457,-0.0001906904794609789,0,0,6
RPM-2010-10-14:3491:1,5,un impacto,0.028873974197395885,0.1803845113953747,0.005208417727639913,2,5,15
RPM-2010-10-14:3491:1,5,un panorama,0.028125619167112575,0.06572203021642056,0.00184847279275651,8,4,13
RPM-2010-10-14:3491:1,5,un tiempo,0.028614193623964026,-0.020160560010885745,-0.000576878167719031,5,4,14
RPM-2010-10-14:3491:1,5,un tiempo prolongado,0.035320037514397655,0.10284293344720487,0.003632416267445977,1,2,4
RPM-2010-10-14:3491:1,5,una,0.0189457945691945,-0.029980404594881493,-0.0005680025865559596,101,67,425
RPM-2010-10-14:3491:1,5,una moderacion,0.0310891210811177,0.015024300408531574,0.00046709229455992426,5,2,8
RPM-2010-10-14:3491:1,5,una moderacion del,0.03955095394767761,0.057007471545450814,0.002254699881767667,0,1,2
RPM-2010-10-14:3491:1,5,una posicion,0.03818890308068416,-0.08157921768197869,-0.0031154208374551194,1,0,3
RPM-2010-10-14:3491:1,5,unanimidad,0.02789525514293662,-0.029604410375646775,-0.000825822580784867,12,5,9
RPM-2010-10-14:3491:1,5,vayan,0.03707602649052393,-0.012582399639009433,-0.0004665053823302725,3,1,1
RPM-2010-10-14:3491:1,5,vigor,0.030370182600090306,-0.09278330817313964,-0.002817846011458702,8,3,6
RPM-2010-10-14:3491:1,5,vigorosa,0.03395798664740421,-0.06516194442170999,-0.002212768438591323,3,1,5
RPM-2010-10-14:3491:1,5,visto,0.0254961537808443,0.050083489889469285,0.0012769363601032695,7,8,24
RPM-2010-10-14:3491:1,5,voto,0.022627288214557794,-0.11355670432877282,-0.0025694802775424654,30,18,15
RPM-2010-10-14:3491:1,5,voto es,0.0247772152998169,0.04485448959597242,0.0011113693458828058,16,15,13
RPM-2010-10-14:3491:1,5,voto es por,0.025054714092240596,0.15406982994328472,0.0038601755394691278,14,15,13
RPM-2010-10-14:3491:1,5,voto es por subir,0.03818890308068416,-0.23493618275103356,-0.008971955113225122,4,0,0
RPM-2010-10-14:3491:1,5,ya,0.015462286416528633,0.24848413429696256,0.0038421328544628007,40,34,132
RPM-2010-10-14:3491:1,5,ya ha,0.03707602649052393,0.3702085026102568,0.013725860249795078,0,3,2
RPM-2015-08-13:6965:1,5,2008,0.038899556793278514,0.1872305398153114,0.0072831850169819,10,3,11
RPM-2015-08-13:6965:1,5,actual,0.024184758106504535,-0.14478404449029847,-0.0035015670936792594,48,29,67
RPM-2015-08-13:6965:1,5,actual es,0.04437348971343196,0.1673203509475296,0.00742458787161803,7,2,3
RPM-2015-08-13:6965:1,5,ajustar,0.046569706652067236,0.06946144115434968,0.0032347989381878955,4,1,4
RPM-2015-08-13:6965:1,5,al,0.022793534130520227,-0.04055995724621146,-0.0009245047698239622,93,61,367
RPM-2015-08-13:6965:1,5,al banco,0.04375314157241414,-0.1301982030570888,-0.005696580410830729,2,3,8
RPM-2015-08-13:6965:1,5,al banco central,0.04955538595200899,-0.0953847351637783,-0.004726827364971197,2,2,2
RPM-2015-08-13:6965:1,5,al mercado,0.03326642663397232,-0.2966851119241713,-0.009869653509217311,7,12,29
RPM-2015-08-13:6965:1,5,algo,0.02010732394053351,0.0007457934823071333,1.4995911141488075e-05,48,35,152
RPM-2015-08-13:6965:1,5,alta,0.030523398213408385,0.18392550032012367,0.005614031287871506,15,8,44
RPM-2015-08-13:6965:1,5,alza,0.01996663375160476,1.0626672408449358,0.0212178875977792,62,22,155
RPM-2015-08-13:6965:1,5,alza de,0.027993044575575075,0.8972879645666808,0.025117821989242124,40,9,42
RPM-2015-08-13:6965:1,5,alza de tasa,0.04504351674917803,-0.0008379165666153876,-3.774270890275396e-05,2,1,8
RPM-2015-08-13:6965:1,5,ancladas,0.03825532598501188,0.02165306269071527,0.000828344971807211,11,7,8
RPM-2015-08-13:6965:1,5,ano,0.017326304006402206,-0.3469849634893234,-0.006011966963066387,55,44,229
RPM-2015-08-13:6965:1,5,ano 2008,0.04577187760421469,0.10124527956773344,0.004634186544378793,4,1,5
RPM-2015-08-13:6965:1,5,antecedentes,0.02478293174662831,-0.451047924853807,-0.011178289936110234,43,33,58
RPM-2015-08-13:6965:1,5,antecedentes de,0.04437348971343196,-0.5078749181106958,-0.02253618245449506,1,7,4
RPM-2015-08-13:6965:1,5,anterior,0.02032289471678635,0.24534511205562587,0.004986122881584634,74,41,114
RPM-2015-08-13:6965:1,5,autoridades,0.06902531380522056,0.1731990401517482,0.011955118097237415,3,1,15
RPM-2015-08-13:6965:1,5,banco,0.049936698169473354,0.33114162820956816,0.016536119539249168,59,33,121
RPM-2015-08-13:6965:1,5,banco central,0.05112170266153545,0.41658255856223536,0.021296409692800274,49,26,66
RPM-2015-08-13:6965:1,5,beltran,0.04577187760421469,0.040006260163570194,0.0018311616436093047,3,1,6
RPM-2015-08-13:6965:1,5,beltran de,0.04577187760421469,0.040006260163570194,0.0018311616436093047,3,1,6
RPM-2015-08-13:6965:1,5,beltran de ramon,0.04577187760421469,0.040006260163570194,0.0018311616436093047,3,1,6
RPM-2015-08-13:6965:1,5,bien,0.02054416405403474,-0.17923884427576084,-0.003682312221656816,50,35,138
RPM-2015-08-13:6965:1,5,bien es,0.04577187760421469,-0.03924970144175424,-0.001796532530393944,5,3,2
RPM-2015-08-13:6965:1,5,brecha,0.03171181269972321,-0.07700417578004434,-0.0024419419994333286,16,12,30
RPM-2015-08-13:6965:1,5,brecha de,0.042635367751666264,-0.1537202410763556,-0.0065539190091652155,5,5,5
RPM-2015-08-13:6965:1,5,caida,0.023572661192564334,-0.4790941602395451,-0.011293524318662923,11,20,124
RPM-2015-08-13:6965:1,5,caida de,0.03171181269972321,-0.4036951571619771,-0.012801905211705943,5,12,41
RPM-2015-08-13:6965:1,5,caida de los,0.04212788697259809,-0.08686792453144163,-0.0036595621062047536,2,3,11
RPM-2015-08-13:6965:1,5,caida de los precios,0.04843761213126111,-0.09998745761617109,-0.004843153690003005,1,2,4
RPM-2015-08-13:6965:1,5,cambiaria,0.03795089719281929,-0.007966989647243614,-0.00030235440503879803,5,7,15
RPM-2015-08-13:6965:1,5,capacidad,0.028956274883268414,0.0924203224836416,0.0026761482626366383,34,18,29
RPM-2015-08-13:6965:1,5,central,0.04493030429823718,0.4915322960756006,0.02208469563508795,71,37,93
RPM-2015-08-13:6965:1,5,central es,0.046569706652067236,-0.35618925771405385,-0.016587629244361066,1,4,4
RPM-2015-08-13:6965:1,5,chile,0.048378394473925376,0.15605629895730994,0.007549753191097569,45,28,92
RPM-2015-08-13:6965:1,5,chile en,0.07218795270087014,0.1898339611155444,0.01370372500602774,5,0,10
RPM-2015-08-13:6965:1,5,china,0.02948291828617802,-0.12422813376978262,-0.003662607916778893,3,8,65
RPM-2015-08-13:6965:1,5,commodities,0.05253984527640852,0.06305166719676161,0.0033127248389374577,12,8,43
RPM-2015-08-13:6965:1,5,como,0.016097949063783343,0.4297160491421064,0.006917547070979849,81,53,246
RPM-2015-08-13:6965:1,5,como opcion,0.054239856510855965,0.08600508072120744,0.004664903237522876,1,0,2
RPM-2015-08-13:6965:1,5,complejo,0.03996963322461984,0.013404441301184011,0.0005357706023892709,7,5,9
RPM-2015-08-13:6965:1,5,comunicacional,0.04843761213126111,0.08064771108155355,0.0039063825486423,4,1,2
RPM-2015-08-13:6965:1,5,con,0.021521899395256627,0.06776194828044772,0.0014583658337183787,102,67,401
RPM-2015-08-13:6965:1,5,con la,0.02058161766995105,-0.030382552664009244,-0.000625322082767791,55,38,129
RPM-2015-08-13:6965:1,5,con la inflacion,0.043175611269984156,-0.12384737173430796,-0.005347185978809704,4,4,6
RPM-2015-08-13:6965:1,5,con todo,0.03171181269972321,0.06553150533484026,0.0020781228231093666,22,15,21
RPM-2015-08-13:6965:1,5,con todo le,0.054239856510855965,-0.07570371543497273,-0.0041061586625315925,2,1,0
RPM-2015-08-13:6965:1,5,con todo le parece,0.054239856510855965,-0.07570371543497273,-0.0041061586625315925,2,1,0
RPM-2015-08-13:6965:1,5,concluir,0.03683312337207141,-0.1717210952551471,-0.006325024287120059,4,7,20
RPM-2015-08-13:6965:1,5,consecutivo,0.046569706652067236,0.07606701262563005,0.0035424184638746864,2,0,7
RPM-2015-08-13:6965:1,5,considerar,0.03343902798998834,0.012644223349779507,0.000422810538504941,16,11,20
RPM-2015-08-13:6965:1,5,considerar un,0.054239856510855965,0.07625307680007729,0.004135955944147472,2,0,1
RPM-2015-08-13:6965:1,5,contexto,0.02808453039539529,-0.4216496962156925,-0.011841833709578805,20,24,46
RPM-2015-08-13:6965:1,5,contexto de,0.03737336689038931,-0.1999175712493468,-0.007471592738137384,3,7,19
RPM-2015-08-13:6965:1,5,contiene,0.04212788697259809,0.06206614729986536,0.002614715638273352,3,1,12
RPM-2015-08-13:6965:1,5,correcta,0.04504351674917803,-0.06801939913095915,-0.003063832944024384,3,3,5
RPM-2015-08-13:6965:1,5,correcto,0.043175611269984156,0.014039411757484901,0.0006061601845004131,3,3,8
RPM-2015-08-13:6965:1,5,coyuntura,0.03435983109488178,-0.299770727354533,-0.01030007155909161,9,12,21
RPM-2015-08-13:6965:1,5,credibilidad,0.04375314157241414,0.31290855480591273,0.013690732297642609,7,2,4
RPM-2015-08-13:6965:1,5,credibilidad del,0.054239856510855965,0.1404909489222967,0.007620208910619367,2,0,1
RPM-2015-08-13:6965:1,5,credibilidad del banco,0.054239856510855965,0.1404909489222967,0.007620208910619367,2,0,1
RPM-2015-08-13:6965:1,5,cree,0.027813018944844028,-0.05286190145005798,-0.0014702490664909407,32,19,42
RPM-2015-08-13:6965:1,5,cuatro,0.03825532598501188,-0.12357400477309471,-0.004727363835868152,6,4,16
RPM-2015-08-13:6965:1,5,dato,0.03475851926286327,-0.12232066133927412,-0.004251685063407334,3,4,33
RPM-2015-08-13:6965:1,5,dato de,0.043175611269984156,0.06257309574950055,0.0027016316580399337,1,1,12
RPM-2015-08-13:6965:1,5,de capacidad,0.03157112251079446,0.21505293271615086,0.006789462485087237,31,13,15
RPM-2015-08-13:6965:1,5,de china,0.038899556793278514,0.07272042663341208,0.0028287923658578567,1,0,23
RPM-2015-08-13:6965:1,5,de commodities,0.042635367751666264,0.21069582332363457,0.008983093911143263,4,1,10
RPM-2015-08-13:6965:1,5,de demanda,0.035617823758563615,-0.015883449777001638,-0.0005657339148352409,5,4,27
RPM-2015-08-13:6965:1,5,de desanclaje,0.10399754192857709,0.12858841014118635,0.013372878575187095,4,1,1
RPM-2015-08-13:6965:1,5,de division,0.022190800195980225,0.028415476459662296,0.0006305621605899455,42,22,119
RPM-2015-08-13:6965:1,5,de division operaciones,0.04437348971343196,0.09813903484045985,0.004354771452979286,2,1,9
RPM-2015-08-13:6965:1,5,de division operaciones financieras,0.04437348971343196,0.09813903484045985,0.004354771452979286,2,1,9
RPM-2015-08-13:6965:1,5,de esta,0.05763667037725719,-0.35890756846761546,-0.02068623721967082,20,16,61
RPM-2015-08-13:6965:1,5,de esta forma,0.043175611269984156,-0.36270945309725744,-0.015660202350875736,4,4,6
RPM-2015-08-13:6965:1,5,de esta reunion,0.04437348971343196,-0.14104224706435803,-0.00625853669926962,4,5,3
RPM-2015-08-13:6965:1,5,de inflacion,0.04257366298654647,0.6579228196416438,0.028010184394581736,71,38,121
RPM-2015-08-13:6965:1,5,de inflacion en,0.03737336689038931,0.23135210290906666,0.008646407022883652,12,4,13
RPM-2015-08-13:6965:1,5,de inflacion que,0.039241272369583184,0.3721817999107488,0.014604887381299404,9,1,13
RPM-2015-08-13:6965:1,5,de la,0.02167161677588879,-0.3075825823438391,-0.0066658118514939385,107,67,390
RPM-2015-08-13:6965:1,5,de la discusion,0.04577187760421469,-0.20222402479283372,-0.009256173311449262,1,2,7
RPM-2015-08-13:6965:1,5,de la moneda,0.046569706652067236,0.08729219335877325,0.004065171837733602,1,0,8
RPM-2015-08-13:6965:1,5,de los,0.03549313885878733,0.5510955339926827,0.019560110312459845,82,52,306
RPM-2015-08-13:6965:1,5,de los antecedentes,0.04119683173024129,0.16841249817295575,0.006938061348500827,9,4,5
RPM-2015-08-13:6965:1,5,de los commodities,0.03416738884502499,-0.006580686490803334,-0.00022484487419848048,10,7,26
RPM-2015-08-13:6965:1,5,de los precios,0.029929470512605912,-0.02698491950293496,-0.0008076443525481361,19,13,40
RPM-2015-08-13:6965:1,5,de los precios de,0.03379528895516993,-0.271017430470442,-0.009159112374636263,11,11,23
RPM-2015-08-13:6965:1,5,de oferta,0.035617823758563615,0.3315041590475519,0.011807456712186547,11,3,22
RPM-2015-08-13:6965:1,5,de pib,0.04577187760421469,-0.012140469235544894,-0.0005556920719070947,1,1,8
RPM-2015-08-13:6965:1,5,de politica,0.01688041267285264,0.5403869352809345,0.009121954470560285,104,68,174
RPM-2015-08-13:6965:1,5,de politica de,0.042635367751666264,0.1024630995552695,0.0043685519305145075,11,2,2
RPM-2015-08-13:6965:1,5,de por,0.04577187760421469,-0.019103669596181563,-0.0008744108265477799,4,3,3
RPM-2015-08-13:6965:1,5,de que,0.02232840662388958,-0.26672053828278197,-0.0059554446337206635,43,32,105
RPM-2015-08-13:6965:1,5,de que la,0.03326642663397232,-0.156606008675346,-0.00520972229803763,15,9,24
RPM-2015-08-13:6965:1,5,de que la inflacion,0.04843761213126111,-0.16041021992521176,-0.0077698880146277,3,3,1
RPM-2015-08-13:6965:1,5,de ramon,0.04577187760421469,0.02989386738131624,0.0013682984388942328,3,1,6
RPM-2015-08-13:6965:1,5,de riesgo,0.030280747334030564,0.12399810495185508,0.003754755285945728,22,12,35
RPM-2015-08-13:6965:1,5,de riesgo que,0.04212788697259809,0.11563365140032672,0.004871401396421773,4,2,10
RPM-2015-08-13:6965:1,5,de ser,0.04504351674917803,-0.26733058210783234,-0.012041509552741659,1,4,6
RPM-2015-08-13:6965:1,5,de subir,0.04504351674917803,0.36056646352949795,0.01624118153918283,7,1,3
RPM-2015-08-13:6965:1,5,de subir la,0.047451665746689804,0.2242943373916314,0.010643139926782962,5,1,2
RPM-2015-08-13:6965:1,5,de subir la tasa,0.04955538595200899,0.11305329863689853,0.005602399847099239,3,1,2
RPM-2015-08-13:6965:1,5,de tasa,0.034965217892877536,-0.08306183673247679,-0.00290427521993367,7,6,26
RPM-2015-08-13:6965:1,5,de una,0.040187199572689895,0.0681575082840131,0.0027390593877868992,36,24,92
RPM-2015-08-13:6965:1,5,del,0.029192915132535687,-0.007264747961282552,-0.00021207917069298319,106,70,508
RPM-2015-08-13:6965:1,5,del ano,0.023360729133687835,-0.05419224172939091,-0.0012659702801876358,24,19,116
RPM-2015-08-13:6965:1,5,del ano 2008,0.054239856510855965,0.03249901337786129,0.001762741822359585,2,1,0
RPM-2015-08-13:6965:1,5,del banco,0.052404550467246694,0.5308333331139974,0.02781808219486925,45,22,64
RPM-2015-08-13:6965:1,5,del banco central,0.04802636437781858,0.39268069643690406,0.018859026211214318,32,15,40
RPM-2015-08-13:6965:1,5,del petroleo,0.023572661192564334,0.27173002911445715,0.006405399912160741,44,20,91
RPM-2015-08-13:6965:1,5,del petroleo que,0.043175611269984156,-0.09739198370266144,-0.004204958429158742,6,3,5
RPM-2015-08-13:6965:1,5,demanda,0.035365504822703835,-0.1131859324404573,-0.004002877639585223,48,33,133
RPM-2015-08-13:6965:1,5,demanda de,0.042635367751666264,-0.05492745103236791,-0.0023418520744266464,1,2,12
RPM-2015-08-13:6965:1,5,depreciacion,0.030523398213408385,-0.43958025496434877,-0.013417483169028405,5,14,48
RPM-2015-08-13:6965:1,5,depreciacion cambiaria,0.05237195103166209,-0.07571205646956665,-0.003965188113930579,0,1,3
RPM-2015-08-13:6965:1,5,desacelerando,0.04843761213126111,-0.1817387460439997,-0.008802990890101023,0,3,4
RPM-2015-08-13:6965:1,5,desafio,0.050845761128772884,-0.004427508989169205,-0.0002251200644587921,2,2,1
RPM-2015-08-13:6965:1,5,desanclaje,0.09312275080369628,0.22197667350183473,0.020671078450744805,8,2,2
RPM-2015-08-13:6965:1,5,desarrollo,0.03765715234488812,-0.2827379115037867,-0.01064710460717359,5,8,15
RPM-2015-08-13:6965:1,5,dicho,0.028557586715286937,-0.24419716921958678,-0.006973681835615948,17,17,51
RPM-2015-08-13:6965:1,5,direccion,0.034965217892877536,-0.3766790222554287,-0.01317066408883713,13,12,14
RPM-2015-08-13:6965:1,5,direccion correcta,0.054239856510855965,-0.19876705930045707,-0.01078109677554159,0,2,1
RPM-2015-08-13:6965:1,5,directamente,0.04577187760421469,0.0067603109331284775,0.00030943212459759104,2,1,7
RPM-2015-08-13:6965:1,5,discusion,0.03435983109488178,0.027464169324777972,0.0009436642191606046,9,6,27
RPM-2015-08-13:6965:1,5,discusion sobre,0.04955538595200899,-0.06543310871296391,-0.003242562956310689,0,1,5
RPM-2015-08-13:6965:1,5,distinto,0.03683312337207141,-0.021683379113119683,-0.0007986665779969337,5,5,21
RPM-2015-08-13:6965:1,5,division,0.02174779369605468,-0.02865684208000839,-0.000623223089536441,44,25,124
RPM-2015-08-13:6965:1,5,division operaciones,0.04437348971343196,0.09813903484045985,0.004354771452979286,2,1,9
RPM-2015-08-13:6965:1,5,division operaciones financieras,0.04437348971343196,0.09813903484045985,0.004354771452979286,2,1,9
RPM-2015-08-13:6965:1,5,division operaciones financieras senor,0.04577187760421469,0.08270215243846134,0.0037854327990183576,2,1,7
RPM-2015-08-13:6965:1,5,economias,0.02490787241220462,-0.5126278379210205,-0.012768468781881087,25,26,81
RPM-2015-08-13:6965:1,5,economias emergentes,0.030044932607905257,-0.32946559557986976,-0.009898771615820555,11,14,46
RPM-2015-08-13:6965:1,5,economias emergentes que,0.05237195103166209,-0.07034293532730787,-0.0036839967643851413,0,1,3
RPM-2015-08-13:6965:1,5,economicos,0.04212788697259809,-0.03219445889334975,-0.0013562845254029936,0,1,15
RPM-2015-08-13:6965:1,5,el del,0.03795089719281929,0.15406404805070087,0.00584686884868172,8,4,15
RPM-2015-08-13:6965:1,5,el del petroleo,0.047451665746689804,0.05850299271599046,0.0027760644555402075,4,1,3
RPM-2015-08-13:6965:1,5,el episodio,0.05237195103166209,0.004022143308443461,0.00021064749239212827,0,0,4
RPM-2015-08-13:6965:1,5,el escenario,0.022190800195980225,0.12783339152725018,0.00283672524975572,64,37,82
RPM-2015-08-13:6965:1,5,el escenario actual,0.05237195103166209,0.014933641888053413,0.0007821039616855111,0,0,4
RPM-2015-08-13:6965:1,5,el esperado,0.046569706652067236,-0.15482472002133382,-0.007210141793881957,1,2,6
RPM-2015-08-13:6965:1,5,el gerente,0.020432798298035376,-0.2623984759587208,-0.0053615351329764265,18,15,193
RPM-2015-08-13:6965:1,5,el gerente de,0.021204853811408922,-0.27176194814110277,-0.0057626723818357765,17,14,175
RPM-2015-08-13:6965:1,5,el gerente de division,0.026421483996885688,-0.06209390830300728,-0.0016406132045319942,11,8,91
RPM-2015-08-13:6965:1,5,el mercado,0.036319824780597226,0.09945544017335795,0.003612204160573531,51,36,113
RPM-2015-08-13:6965:1,5,el mundo,0.035177149951754035,-0.16552875247423904,-0.005822829747113083,10,10,18
RPM-2015-08-13:6965:1,5,el riesgo,0.052989823183386214,0.3108419599143373,0.016471460493837957,25,11,25
RPM-2015-08-13:6965:1,5,el riesgo de,0.06236389898863934,0.16530971493373953,0.010309358363968495,13,6,12
RPM-2015-08-13:6965:1,5,el unico,0.04955538595200899,0.11555030500904687,0.005726139961595675,2,0,4
RPM-2015-08-13:6965:1,5,ello,0.04589431516877105,-0.1414045236998601,-0.006489663776971334,59,40,162
RPM-2015-08-13:6965:1,5,ello no,0.06767447180228021,-0.23590511840907846,-0.015964754283788754,4,6,11
RPM-2015-08-13:6965:1,5,ello que,0.04504351674917803,-0.33574313211527906,-0.015123051394856065,2,5,4
RPM-2015-08-13:6965:1,5,ello senala,0.05237195103166209,-0.0430093366483277,-0.002252482872850488,0,1,3
RPM-2015-08-13:6965:1,5,ello senala que,0.054239856510855965,0.007794505683916516,0.000422772869868683,0,0,3
RPM-2015-08-13:6965:1,5,embargo,0.02373520744924223,0.44335232357041066,0.010523059373047263,51,27,74
RPM-2015-08-13:6965:1,5,embargo estima,0.04843761213126111,-0.22747756215332032,-0.011018469924147373,2,5,0
RPM-2015-08-13:6965:1,5,embargo estima que,0.04843761213126111,-0.22747756215332032,-0.011018469924147373,2,5,0
RPM-2015-08-13:6965:1,5,emergentes,0.027379198080858837,-0.5059337686871015,-0.013852060868679569,14,21,63
RPM-2015-08-13:6965:1,5,emergentes que,0.04955538595200899,-0.06536699234184604,-0.0032392865340221963,0,1,5
RPM-2015-08-13:6965:1,5,en,0.03354777989242973,-0.2851705193644586,-0.009566837815448726,111,77,658
RPM-2015-08-13:6965:1,5,en chile,0.055212769344779006,-0.043912765569917495,-0.0024245453967032078,16,10,26
RPM-2015-08-13:6965:1,5,en chile en,0.08608935709860628,0.060653990539255354,0.0052216630509894415,1,0,4
RPM-2015-08-13:6965:1,5,en el,0.012799605979157528,-0.27161353562975954,-0.0034765462346667865,104,70,390
RPM-2015-08-13:6965:1,5,en esta,0.022755342335692087,0.6340404567250707,0.014427807647457548,73,36,62
RPM-2015-08-13:6965:1,5,en esta coyuntura,0.054239856510855965,0.007915273984822405,0.00042932332518087833,0,0,3
RPM-2015-08-13:6965:1,5,en la,0.03279718003664451,-0.05578255247680533,-0.0018295104164853546,86,55,261
RPM-2015-08-13:6965:1,5,en la direccion,0.04504351674917803,-0.17744795577933728,-0.007992879968253982,4,4,3
RPM-2015-08-13:6965:1,5,en la direccion correcta,0.054239856510855965,-0.19876705930045707,-0.01078109677554159,0,2,1
RPM-2015-08-13:6965:1,5,en la inflacion,0.03584717698750011,0.3532071651698219,0.012661479763095791,10,1,24
RPM-2015-08-13:6965:1,5,en la sesion,0.054239856510855965,-0.07178218553053027,-0.003893455443211603,0,1,2
RPM-2015-08-13:6965:1,5,en su,0.034533435328642614,-0.10730801696263231,-0.0037057144640239474,61,43,123
RPM-2015-08-13:6965:1,5,en su opinion,0.04196115101281329,-0.1333428847341091,-0.005595220922812108,31,26,77
RPM-2015-08-13:6965:1,5,en su opinion el,0.04437348971343196,0.32054003166681133,0.014223479797910409,4,1,7
RPM-2015-08-13:6965:1,5,en su opinion ello,0.04843761213126111,-0.07058006051720601,-0.0034187295955333615,1,2,4
RPM-2015-08-13:6965:1,5,en tanto,0.028754557431141366,-0.26749497766021224,-0.007691699697672449,13,15,55
RPM-2015-08-13:6965:1,5,en tanto los,0.05237195103166209,0.007882747913831699,0.0004128348877381302,0,0,4
RPM-2015-08-13:6965:1,5,en terreno,0.047451665746689804,0.12682076005479495,0.00601785631586128,2,0,6
RPM-2015-08-13:6965:1,5,en terreno negativo,0.054239856510855965,0.003787193142221268,0.0002054168126129793,0,0,3
RPM-2015-08-13:6965:1,5,en un,0.022468312986871557,-0.7182946836153242,-0.016138869768274985,43,36,98
RPM-2015-08-13:6965:1,5,en un contexto,0.03416738884502499,-0.28116235253095617,-0.009606583427507176,7,11,25
RPM-2015-08-13:6965:1,5,en un contexto de,0.03996963322461984,-0.14845227458373933,-0.005933582966472615,1,5,15
RPM-2015-08-13:6965:1,5,encima,0.03214865281322444,0.4538099423418216,0.014589378279536623,27,8,20
RPM-2015-08-13:6965:1,5,encima de,0.03397927150830623,0.19903839899598216,0.006763179800063064,22,7,15
RPM-2015-08-13:6965:1,5,episodio,0.050845761128772884,0.005044742797710323,0.0002565037872484765,0,0,5
RPM-2015-08-13:6965:1,5,era,0.06843480446870034,-0.06010438243303916,-0.004113231659517023,13,9,30
RPM-2015-08-13:6965:1,5,es,0.04394183019998433,0.06875718439587292,0.00302131652175246,93,67,417
RPM-2015-08-13:6965:1,5,es alta,0.050845761128772884,-0.04899479637391303,-0.00249117771298085,0,1,4
RPM-2015-08-13:6965:1,5,es correcto,0.05237195103166209,-0.0649336303352818,-0.003400700908227426,0,1,3
RPM-2015-08-13:6965:1,5,es distinto,0.050845761128772884,-0.015711348417507195,-0.0007988554686474947,1,1,3
RPM-2015-08-13:6965:1,5,es la,0.06435061915177386,0.12245444741394454,0.007880019508975664,26,16,61
RPM-2015-08-13:6965:1,5,es por,0.05189058151955352,-0.3284137502644853,-0.01704158048024157,23,20,23
RPM-2015-08-13:6965:1,5,es por ello,0.04577187760421469,-0.4525532734658756,-0.020714213042466754,2,6,2
RPM-2015-08-13:6965:1,5,es por ello que,0.046569706652067236,-0.3520407864138022,-0.016394436152853825,2,5,2
RPM-2015-08-13:6965:1,5,escenario,0.01907421760478848,0.26710715459115975,0.005094859990467658,78,45,143
RPM-2015-08-13:6965:1,5,escenario actual,0.050845761128772884,0.07469058206662478,0.0037976994943286113,1,0,4
RPM-2015-08-13:6965:1,5,esperado,0.02836514446543014,-0.46740382415010595,-0.01325797699571226,24,20,43
RPM-2015-08-13:6965:1,5,esquema,0.04955538595200899,-0.15464217148221324,-0.007663352492257835,1,3,2
RPM-2015-08-13:6965:1,5,esquema de,0.050845761128772884,-0.16062746953122123,-0.00816722594650372,1,3,1
RPM-2015-08-13:6965:1,5,esta,0.03868324572822101,0.10997614295185226,0.004254234162048462,95,62,340
RPM-2015-08-13:6965:1,5,esta coyuntura,0.050845761128772884,0.0916742432658113,0.004661246674754458,1,0,4
RPM-2015-08-13:6965:1,5,esta forma,0.042635367751666264,-0.353599183923946,-0.015075831243286516,4,4,7
RPM-2015-08-13:6965:1,5,esta manana,0.05237195103166209,0.07144992872763693,0.003741972168539548,1,0,3
RPM-2015-08-13:6965:1,5,esta reunion,0.026497238986236266,0.241872031733396,0.006408941028926316,36,22,51
RPM-2015-08-13:6965:1,5,esta reunion que,0.054239856510855965,0.014466119069741986,0.0007846402226117625,1,1,1
RPM-2015-08-13:6965:1,5,estabilidad,0.03379528895516993,0.07175473587378901,0.0024249720327565974,9,5,31
RPM-2015-08-13:6965:1,5,estabilidad de,0.04212788697259809,0.2741415518256959,0.011549004309805558,7,0,9
RPM-2015-08-13:6965:1,5,estan,0.05703475626476201,0.20382184030667935,0.011624928983326703,31,23,95
RPM-2015-08-13:6965:1,5,estan en,0.039241272369583184,0.1294224984439914,0.005078703512192622,5,3,15
RPM-2015-08-13:6965:1,5,este,0.01550432233805299,-0.3605514404831199,-0.0055901057526996185,77,58,273
RPM-2015-08-13:6965:1,5,estima,0.023103143604153185,0.42847516532509944,0.00989912327531905,48,28,88
RPM-2015-08-13:6965:1,5,estima que,0.02424268822831041,0.5059982045387561,0.012266756716717906,43,22,78
RPM-2015-08-13:6965:1,5,ex,0.047451665746689804,0.061223660048078186,0.0029051646523903726,4,1,3
RPM-2015-08-13:6965:1,5,ex post,0.054239856510855965,-0.0815224124018515,-0.00442176395109525,1,1,1
RPM-2015-08-13:6965:1,5,exceso,0.04843761213126111,0.06649333744309868,0.0032207784883818754,1,1,5
RPM-2015-08-13:6965:1,5,exceso de,0.05237195103166209,0.1432049662545316,0.007499923480173152,1,0,3
RPM-2015-08-13:6965:1,5,expandiendo,0.05237195103166209,-0.1549204939648945,-0.008113488523730356,1,2,1
RPM-2015-08-13:6965:1,5,expectativas,0.04104511594558174,0.35054493139389653,0.01438815735319848,70,47,134
RPM-2015-08-13:6965:1,5,expectativas de,0.047857074054027775,0.3315487116738123,0.015866951247091136,49,32,89
RPM-2015-08-13:6965:1,5,expectativas de inflacion,0.05693388830481784,0.3624856244775807,0.020637716056108722,40,24,37
RPM-2015-08-13:6965:1,5,expectativas de inflacion en,0.04375314157241414,0.3101773061589581,0.013571231588922938,9,2,2
RPM-2015-08-13:6965:1,5,expectativas de inflacion que,0.046569706652067236,0.21604648625259248,0.010061221487993108,4,0,5
RPM-2015-08-13:6965:1,5,expresado,0.039241272369583184,0.12077006042147286,0.0047391708350900345,3,2,18
RPM-2015-08-13:6965:1,5,externos,0.043175611269984156,0.25947252198421605,0.01120288474443293,5,1,8
RPM-2015-08-13:6965:1,5,factor,0.039241272369583184,0.04861620919521306,0.0019077619066059902,4,4,15
RPM-2015-08-13:6965:1,5,fenomeno,0.03309731241368366,0.06447111226314346,0.002133820544230931,6,5,38
RPM-2015-08-13:6965:1,5,fenomeno transitorio,0.054239856510855965,-0.0027237810794810205,-0.0001477374949180349,1,1,1
RPM-2015-08-13:6965:1,5,finalmente,0.029929470512605912,-0.24136183117714025,-0.007223831809084785,22,15,35
RPM-2015-08-13:6965:1,5,financieras,0.027379198080858837,-0.13054924141785668,-0.0035743335400853587,23,21,54
RPM-2015-08-13:6965:1,5,financieras senor,0.04577187760421469,0.08270215243846134,0.0037854327990183576,2,1,7
RPM-2015-08-13:6965:1,5,financieras senor beltran,0.050845761128772884,0.17552670267770243,0.008924788796071597,2,0,3
RPM-2015-08-13:6965:1,5,financieras senor beltran de,0.050845761128772884,0.17552670267770243,0.008924788796071597,2,0,3
RPM-2015-08-13:6965:1,5,flotacion,0.050845761128772884,-0.15415126692552705,-0.007837938495793057,0,2,3
RPM-2015-08-13:6965:1,5,forma,0.046073540315847816,-0.5649670036069718,-0.026030030017809555,26,25,49
RPM-2015-08-13:6965:1,5,forma de,0.043175611269984156,-0.12762983128712996,-0.005510495982106785,4,5,5
RPM-2015-08-13:6965:1,5,gerente,0.01898068736703346,-0.08961455623521486,-0.0017009458754360521,26,15,228
RPM-2015-08-13:6965:1,5,gerente de,0.02000158523951186,-0.16237858097753283,-0.003247829028493102,25,14,199
RPM-2015-08-13:6965:1,5,gerente de division,0.025098851095453536,0.07371401160644575,0.0018501370009587155,18,8,103
RPM-2015-08-13:6965:1,5,gerente de division operaciones,0.04437348971343196,0.09813903484045985,0.004354771452979286,2,1,9
RPM-2015-08-13:6965:1,5,ha,0.014873747110616465,0.10863286015979956,0.0016157776899198212,92,57,291
RPM-2015-08-13:6965:1,5,ha mantenido,0.035177149951754035,0.012968313838281271,0.0004561883205106272,9,6,23
RPM-2015-08-13:6965:1,5,hay,0.02205541930676711,-0.15552727456023369,-0.0034302192540646473,36,26,124
RPM-2015-08-13:6965:1,5,hay una,0.03608299171362542,-0.024480693974949303,-0.0008833366778418954,3,5,26
RPM-2015-08-13:6965:1,5,headline,0.050845761128772884,0.007616555258985554,0.0003872695493224784,0,0,5
RPM-2015-08-13:6965:1,5,hoy,0.02478293174662831,-0.5450085308422696,-0.013506909221194139,34,28,72
RPM-2015-08-13:6965:1,5,iba,0.046569706652067236,0.005217415469020992,0.00024297350787426538,0,0,9
RPM-2015-08-13:6965:1,5,importante,0.021576953701263987,0.3771924165140292,0.008138663307591089,47,26,124
RPM-2015-08-13:6965:1,5,importante de,0.037098887572693875,0.2926968426846025,0.010858727259638533,9,2,19
RPM-2015-08-13:6965:1,5,incide,0.04843761213126111,-0.320884100044194,-0.015542859577029455,0,3,4
RPM-2015-08-13:6965:1,5,incluyendo,0.03996963322461984,-0.01317557444949504,-0.0005266228782699892,12,4,5
RPM-2015-08-13:6965:1,5,incluyendo el,0.04577187760421469,0.17852986102940446,0.008171646947735358,7,1,2
RPM-2015-08-13:6965:1,5,indica,0.01763733182865076,0.2908315558150261,0.00512949265615238,63,43,210
RPM-2015-08-13:6965:1,5,indica que,0.018557520850780305,0.2459100554075983,0.004563480980643046,57,40,186
RPM-2015-08-13:6965:1,5,indica que el,0.03276900095424226,0.051139910278857934,0.0016758037687277592,10,6,35
RPM-2015-08-13:6965:1,5,inflacion,0.05011971843438746,0.17096031699987846,0.008568482951487532,97,62,213
RPM-2015-08-13:6965:1,5,inflacion el,0.03996963322461984,0.2894095350268126,0.011567592966729469,11,2,8
RPM-2015-08-13:6965:1,5,inflacion en,0.047396344498423816,-0.23675604431159755,-0.011221371038276572,28,22,41
RPM-2015-08-13:6965:1,5,inflacion que,0.03475851926286327,0.3685655307336453,0.012810792099632833,13,4,23
RPM-2015-08-13:6965:1,5,inflacionario,0.03343902798998834,0.8433554581545901,0.028200986770740778,25,4,18
RPM-2015-08-13:6965:1,5,inflacionario del,0.05237195103166209,0.05868852018955244,0.003073632305487952,1,0,3
RPM-2015-08-13:6965:1,5,juicio,0.02721177511609517,-0.5123460920819839,-0.013941846639345133,25,27,48
RPM-2015-08-13:6965:1,5,juicio si,0.050845761128772884,-0.10529069691334894,-0.005353585624338165,1,2,2
RPM-2015-08-13:6965:1,5,justificacion,0.05237195103166209,0.009042793862789337,0.00047358875737141764,2,1,1
RPM-2015-08-13:6965:1,5,justificaria,0.05237195103166209,-0.05011161480533406,-0.0026244430367024685,2,2,0
RPM-2015-08-13:6965:1,5,la,0.037079988490260826,-0.09253535412718986,-0.0034312098659784094,111,77,659
RPM-2015-08-13:6965:1,5,la brecha,0.03475851926286327,-0.01668455906218736,-0.0005799305675554193,12,7,21
RPM-2015-08-13:6965:1,5,la brecha de,0.04504351674917803,0.01648550579078384,0.0007425651562058432,5,3,3
RPM-2015-08-13:6965:1,5,la credibilidad,0.05237195103166209,0.17465076317832187,0.009146801216817485,3,0,1
RPM-2015-08-13:6965:1,5,la depreciacion,0.03455680181073621,-0.376720275245281,-0.013018247889737171,2,9,30
RPM-2015-08-13:6965:1,5,la depreciacion cambiaria,0.05237195103166209,-0.07571205646956665,-0.003965188113930579,0,1,3
RPM-2015-08-13:6965:1,5,la direccion,0.043175611269984156,-0.15314258336015288,-0.006612024648039104,6,5,3
RPM-2015-08-13:6965:1,5,la direccion correcta,0.054239856510855965,-0.19876705930045707,-0.01078109677554159,0,2,1
RPM-2015-08-13:6965:1,5,la discusion,0.03683312337207141,-0.021166530641592414,-0.0007796294344805032,8,6,17
RPM-2015-08-13:6965:1,5,la discusion sobre,0.05237195103166209,-0.07355547559894117,-0.0038522437661783625,0,1,3
RPM-2015-08-13:6965:1,5,la estabilidad,0.04375314157241414,0.03858479586869073,0.0016882060361855258,2,0,11
RPM-2015-08-13:6965:1,5,la estabilidad de,0.04577187760421469,0.040293374274203354,0.0018443033955396488,2,0,8
RPM-2015-08-13:6965:1,5,la forma,0.043175611269984156,-0.08506474459415114,-0.0036727223453775558,4,3,7
RPM-2015-08-13:6965:1,5,la inflacion,0.04737361705113559,-0.03768411966769625,-0.001785233054046609,90,59,148
RPM-2015-08-13:6965:1,5,la inflacion el,0.042635367751666264,0.30728121162766153,0.013101047460922938,10,1,4
RPM-2015-08-13:6965:1,5,la inflacion en,0.03200049196856336,-0.4984048393151537,-0.01594920005759769,15,17,24
RPM-2015-08-13:6965:1,5,la mayor,0.032931547210920155,0.13596465059223128,0.004477526309994328,13,4,33
RPM-2015-08-13:6965:1,5,la moneda,0.04577187760421469,0.08773803786678833,0.004015934730472589,1,0,9
RPM-2015-08-13:6965:1,5,la opcion,0.03200049196856336,0.20006725177307785,0.006402250483536921,27,12,17
RPM-2015-08-13:6965:1,5,la opcion de,0.03416738884502499,0.0771863609030205,0.0026372564065059354,21,10,12
RPM-2015-08-13:6965:1,5,la opcion de subir,0.054239856510855965,0.13861408704463854,0.007518408191684493,2,0,1
RPM-2015-08-13:6965:1,5,la publicacion,0.046569706652067236,0.019503379976670884,0.000908266684237365,1,1,7
RPM-2015-08-13:6965:1,5,la publicacion de,0.05237195103166209,-0.07202873820010028,-0.0037722855498880602,0,1,3
RPM-2015-08-13:6965:1,5,la sesion,0.04577187760421469,0.11633027371063617,0.005324655049948033,5,1,4
RPM-2015-08-13:6965:1,5,la significativa,0.04375314157241414,0.05981559914345321,0.0026171203775622823,3,1,9
RPM-2015-08-13:6965:1,5,la significativa caida,0.054239856510855965,0.008012350467378552,0.0004345887396653024,0,0,3
RPM-2015-08-13:6965:1,5,la significativa caida de,0.054239856510855965,0.008012350467378552,0.0004345887396653024,0,0,3
RPM-2015-08-13:6965:1,5,la tasa,0.016526162244294734,-0.10941511275099469,-0.0018082119053007399,102,70,189
RPM-2015-08-13:6965:1,5,la tasa es,0.054239856510855965,-0.1989223763887067,-0.010789521152121933,1,2,0
RPM-2015-08-13:6965:1,5,largo,0.02484516897899613,0.03664966364553968,0.0009105670862968048,29,21,83
RPM-2015-08-13:6965:1,5,las,0.028400161289488225,-0.06191969562291033,-0.0017585293426866716,106,71,451
RPM-2015-08-13:6965:1,5,las autoridades,0.07408050829397313,0.1270572707319809,0.009412467198270099,2,1,10
RPM-2015-08-13:6965:1,5,las expectativas,0.035365504822703835,0.18137915146614972,0.0064145652559140474,61,45,108
RPM-2015-08-13:6965:1,5,las expectativas de,0.04124466781891188,0.20212112467607998,0.008336418646449793,42,30,69
RPM-2015-08-13:6965:1,5,las expectativas de inflacion,0.04868569784278603,0.23411724235084264,0.011398161320879433,33,23,27
RPM-2015-08-13:6965:1,5,le,0.03828306936598154,-0.42513458760096545,-0.016275456907005714,37,28,109
RPM-2015-08-13:6965:1,5,le parece,0.026421483996885688,-0.11427743065208602,-0.003019379305179305,31,20,59
RPM-2015-08-13:6965:1,5,liderado,0.04843761213126111,0.1095808446381091,0.005307834449596712,3,0,4
RPM-2015-08-13:6965:1,5,liderado por,0.050845761128772884,0.11099225107176455,0.005643485485139726,3,0,2
RPM-2015-08-13:6965:1,5,lo,0.034710010458824284,-0.2491257619567258,-0.008647157803080521,102,69,466
RPM-2015-08-13:6965:1,5,lo anterior,0.024478502954435714,0.5423233768725929,0.013275264383035319,55,25,59
RPM-2015-08-13:6965:1,5,lo es,0.050845761128772884,0.03203468659588443,0.0016288280224894423,2,1,2
RPM-2015-08-13:6965:1,5,lo expresado,0.041649421367094965,-0.02907806732941328,-0.0012110846787434914,1,2,14
RPM-2015-08-13:6965:1,5,lo que,0.0315764517916575,-0.5958347616229904,-0.018814347626182098,64,54,313
RPM-2015-08-13:6965:1,5,lo que se,0.02407008687229439,-0.36579914835882954,-0.008804817278808332,24,25,97
RPM-2015-08-13:6965:1,5,lo que se suma,0.054239856510855965,-0.1519374526358419,-0.00824106562959304,0,2,1
RPM-2015-08-13:6965:1,5,los,0.03313783505646046,0.2282820940112686,0.007564774377688818,105,70,504
RPM-2015-08-13:6965:1,5,los antecedentes,0.028270557366466408,-0.31920165220501867,-0.00902400862013284,30,23,35
RPM-2015-08-13:6965:1,5,los antecedentes de,0.047451665746689804,-0.16586814909368414,-0.00787071996881561,1,4,3
RPM-2015-08-13:6965:1,5,los commodities,0.03309731241368366,-0.02519341487638764,-0.0008338343229313472,10,7,32
RPM-2015-08-13:6965:1,5,los precios,0.04519316020910326,0.28502849530248975,0.012881338452365054,54,31,113
RPM-2015-08-13:6965:1,5,los precios de,0.04114520696462068,0.08117183340366702,0.0033398318850915896,41,27,74
RPM-2015-08-13:6965:1,5,los precios de los,0.03040119357308685,0.2663290181611967,0.008096720035248703,25,13,30
RPM-2015-08-13:6965:1,5,los salarios,0.029058986223333954,-0.2709164584571544,-0.007872557633980875,18,17,45
RPM-2015-08-13:6965:1,5,los salarios se,0.050845761128772884,-0.13492902377436364,-0.006860568912169811,1,2,2
RPM-2015-08-13:6965:1,5,macroeconomica,0.04437348971343196,-0.052376737345171724,-0.002324138615809105,6,5,1
RPM-2015-08-13:6965:1,5,manana,0.039241272369583184,-0.25025077461796896,-0.009820158807482894,6,6,11
RPM-2015-08-13:6965:1,5,mantenido,0.03157112251079446,0.07883826470432483,0.002489012513518682,16,9,34
RPM-2015-08-13:6965:1,5,mantenido por,0.050845761128772884,0.04301734474650859,0.002187249635375049,2,0,3
RPM-2015-08-13:6965:1,5,mas,0.013656908592941733,0.22627780122030605,0.003090255247877559,98,63,348
RPM-2015-08-13:6965:1,5,mas tiempo,0.054239856510855965,-0.08570795403866328,-0.004648787128896135,0,1,2
RPM-2015-08-13:6965:1,5,mayor,0.018353698313971604,-0.15016919945915935,-0.0027561601829240385,67,46,177
RPM-2015-08-13:6965:1,5,mayor demanda,0.046569706652067236,-0.08527373023047458,-0.0039711726019607185,0,2,7
RPM-2015-08-13:6965:1,5,mencionar,0.04437348971343196,0.06762337156594574,0.0030006849825690803,2,1,9
RPM-2015-08-13:6965:1,5,mercado,0.037634336670193384,0.03709055808528566,0.001395878550267004,72,49,184
RPM-2015-08-13:6965:1,5,mercado lo,0.054239856510855965,0.11933194650219146,0.006472547655440006,2,0,1
RPM-2015-08-13:6965:1,5,mes,0.019525065668933802,-0.6422109997123966,-0.012539211942696171,41,37,174
RPM-2015-08-13:6965:1,5,mes consecutivo,0.047451665746689804,0.055358931493213824,0.002626873513309882,1,0,7
RPM-2015-08-13:6965:1,5,moneda,0.038899556793278514,-0.03471202872589918,-0.0013502825328330305,1,2,21
RPM-2015-08-13:6965:1,5,mostrar,0.06586267490957098,-0.1684905837251585,-0.011097240541213966,6,7,11
RPM-2015-08-13:6965:1,5,motivo,0.042635367751666264,0.042395173798520785,0.0018075338257957396,2,1,12
RPM-2015-08-13:6965:1,5,mundo,0.03040119357308685,-0.23925930165030002,-0.007273768343632348,16,16,36
RPM-2015-08-13:6965:1,5,muy,0.04042865939798041,0.16745032097163115,0.006769791992644572,50,35,175
RPM-2015-08-13:6965:1,5,negativo,0.03343902798998834,-0.20203212049081049,-0.0067557577319689085,8,7,32
RPM-2015-08-13:6965:1,5,no,0.03054362757262005,-0.18381431031268464,-0.005614355836708653,92,62,410
RPM-2015-08-13:6965:1,5,no es,0.02729506803408881,-0.2909670931793527,-0.00794196660401149,19,20,60
RPM-2015-08-13:6965:1,5,no esta,0.04577187760421469,0.1405022487982549,0.0064310517351106435,5,1,4
RPM-2015-08-13:6965:1,5,no solo,0.036325642593003235,-0.3291582420452958,-0.011956884657078665,4,9,20
RPM-2015-08-13:6965:1,5,nuestro,0.05920126009298976,-0.021863006904196153,-0.0012943175581501473,14,10,15
RPM-2015-08-13:6965:1,5,numerosas,0.054239856510855965,-0.06006721605509849,-0.0032580371798351256,0,1,2
RPM-2015-08-13:6965:1,5,ocurrio,0.04504351674917803,0.07879706916136148,0.0035492971045559254,1,0,10
RPM-2015-08-13:6965:1,5,oferta,0.03143275788631808,0.3990998756406589,0.012544809763472487,13,3,44
RPM-2015-08-13:6965:1,5,opcion,0.04802636437781858,0.3188503568561349,0.015313223420370219,40,18,29
RPM-2015-08-13:6965:1,5,opcion de,0.03343902798998834,0.14054338658962262,0.004699634237978143,23,10,14
RPM-2015-08-13:6965:1,5,opcion de subir,0.054239856510855965,0.13861408704463854,0.007518408191684493,2,0,1
RPM-2015-08-13:6965:1,5,operaciones,0.03795089719281929,-0.06750201986296316,-0.0025617622161269605,2,4,21
RPM-2015-08-13:6965:1,5,operaciones financieras,0.04437348971343196,0.09813903484045985,0.004354771452979286,2,1,9
RPM-2015-08-13:6965:1,5,operaciones financieras senor,0.04577187760421469,0.08270215243846134,0.0037854327990183576,2,1,7
RPM-2015-08-13:6965:1,5,operaciones financieras senor beltran,0.050845761128772884,0.17552670267770243,0.008924788796071597,2,0,3
RPM-2015-08-13:6965:1,5,opinion,0.03946484637929599,-0.05683400960576281,-0.002242945458210862,33,29,98
RPM-2015-08-13:6965:1,5,opinion el,0.04437348971343196,0.32054003166681133,0.014223479797910409,4,1,7
RPM-2015-08-13:6965:1,5,opinion ello,0.04843761213126111,-0.07058006051720601,-0.0034187295955333615,1,2,4
RPM-2015-08-13:6965:1,5,otras,0.027902547811015945,-0.08100846407433503,-0.0022603425419311005,18,16,58
RPM-2015-08-13:6965:1,5,otras economias,0.04076746227247239,-0.15798988728723773,-0.006440846769414629,1,4,14
RPM-2015-08-13:6965:1,5,otras economias emergentes,0.05237195103166209,-0.0876920879824322,-0.004592605737680143,0,1,3
RPM-2015-08-13:6965:1,5,para,0.028798881393003083,0.041673339826148625,0.001200145570903566,99,64,342
RPM-2015-08-13:6965:1,5,para chile,0.04577187760421469,-0.017159952384767526,-0.0007854432402497312,3,2,5
RPM-2015-08-13:6965:1,5,para el,0.021661937874782617,0.40030540605057896,0.00867139083680727,39,21,135
RPM-2015-08-13:6965:1,5,para el mundo,0.054239856510855965,-0.017348236470771702,-0.0009409658568910554,1,2,0
RPM-2015-08-13:6965:1,5,para ello,0.04504351674917803,0.196064065494296,0.00883141501800426,5,1,5
RPM-2015-08-13:6965:1,5,parece,0.023360729133687835,-0.08617893763832946,-0.0020132028191979902,47,29,83
RPM-2015-08-13:6965:1,5,pareciera,0.043175611269984156,-0.2754937398685791,-0.011894610619879908,2,5,7
RPM-2015-08-13:6965:1,5,pareciera ser,0.050845761128772884,-0.1393256081429266,-0.00708411659075626,0,2,3
RPM-2015-08-13:6965:1,5,pero,0.018239418461339633,-0.3741804404392141,-0.006824833633219197,56,44,194
RPM-2015-08-13:6965:1,5,pero que,0.02948291828617802,0.06417857074606753,0.0018921715570300042,13,10,53
RPM-2015-08-13:6965:1,5,pesar,0.03016200960997,-0.2389529163215839,-0.0072073001584219715,20,16,34
RPM-2015-08-13:6965:1,5,pesar de,0.032931547210920155,-0.29809947740736276,-0.009816877013791192,13,14,23
RPM-2015-08-13:6965:1,5,pesar de que,0.043175611269984156,-0.15428367428004766,-0.006661291946020191,4,6,4
RPM-2015-08-13:6965:1,5,petroleo,0.022755342335692087,0.29851345881953883,0.006792775947250128,46,20,105
RPM-2015-08-13:6965:1,5,petroleo que,0.04212788697259809,-0.08514156455094367,-0.003586834208072319,6,3,7
RPM-2015-08-13:6965:1,5,pib,0.027550038075649527,0.2895405502034,0.007976853182548184,18,5,73
RPM-2015-08-13:6965:1,5,plantea,0.026807306626195113,-0.42549631841311825,-0.01140641027601761,16,26,63
RPM-2015-08-13:6965:1,5,plantea que,0.028754557431141366,0.05792675226877195,0.0016656581249119013,16,19,48
RPM-2015-08-13:6965:1,5,plantea que el,0.04375314157241414,-0.36334595866521546,-0.015897527169243707,1,6,6
RPM-2015-08-13:6965:1,5,politica,0.015648829217318205,0.416114201778208,0.006511700078527864,110,71,220
RPM-2015-08-13:6965:1,5,politica de,0.038899556793278514,0.028786520425470294,0.0011197828861714536,15,4,5
RPM-2015-08-13:6965:1,5,por,0.03952590786884535,-0.35790255976742746,-0.014146423603391254,103,76,444
RPM-2015-08-13:6965:1,5,por ello,0.03657553784253676,-0.42701302250909257,-0.015618230964037317,11,11,10
RPM-2015-08-13:6965:1,5,por ello que,0.046569706652067236,-0.3520407864138022,-0.016394436152853825,2,5,2
RPM-2015-08-13:6965:1,5,por encima,0.03229948336583111,0.4311119003862139,0.013924691655336354,26,8,20
RPM-2015-08-13:6965:1,5,por encima de,0.03397927150830623,0.19903839899598216,0.006763179800063064,22,7,15
RPM-2015-08-13:6965:1,5,por este,0.046569706652067236,-0.08082031905173534,-0.0037637785497657956,0,1,8
RPM-2015-08-13:6965:1,5,por la,0.03772718974408281,0.1664890227944545,0.006281162953273313,46,28,107
RPM-2015-08-13:6965:1,5,por la inflacion,0.047451665746689804,-0.08214015323665777,-0.003897687095767765,1,2,5
RPM-2015-08-13:6965:1,5,por la mayor,0.04955538595200899,0.02772431098949122,0.0013738889313377617,1,1,4
RPM-2015-08-13:6965:1,5,por mas,0.047451665746689804,0.03292124072670682,0.0015621677109300032,4,2,2
RPM-2015-08-13:6965:1,5,por su,0.027902547811015945,-0.2447010181493104,-0.006827781858315413,19,15,58
RPM-2015-08-13:6965:1,5,porque,0.039731433177344205,0.19969543236693937,0.00793418572690791,24,11,122
RPM-2015-08-13:6965:1,5,post,0.05237195103166209,-0.07552637147868729,-0.003955463428680931,1,1,2
RPM-2015-08-13:6965:1,5,precios,0.039898288279423856,0.8583216218920727,0.03424556350671256,73,37,158
RPM-2015-08-13:6965:1,5,precios de,0.03937708688173737,0.29375387088537613,0.011567171695700117,49,28,84
RPM-2015-08-13:6965:1,5,precios de los,0.029058986223333954,0.2857288923254287,0.008302991945693103,29,16,35
RPM-2015-08-13:6965:1,5,precios de los commodities,0.03683312337207141,-0.15079379193598075,-0.005554206342120446,8,7,16
RPM-2015-08-13:6965:1,5,preocupacion,0.05276304852829134,0.3953116104704161,0.020857845687047568,16,6,40
RPM-2015-08-13:6965:1,5,preocupacion por,0.06833380526724764,-0.071817451827577,-0.004907559767975585,4,4,12
RPM-2015-08-13:6965:1,5,preocupacion por la,0.046569706652067236,-0.035683251525005316,-0.0016617585559114284,2,3,4
RPM-2015-08-13:6965:1,5,preocupacion por la inflacion,0.04955538595200899,-0.08761925699675902,-0.004342006097302657,1,2,3
RPM-2015-08-13:6965:1,5,presenta,0.03229948336583111,-0.3653680166800797,-0.011801198177164938,7,10,37
RPM-2015-08-13:6965:1,5,presente,0.02179105409824158,-0.3773011287171553,-0.008221789307203142,33,29,130
RPM-2015-08-13:6965:1,5,presidente,0.024127226133011062,-0.2792625019295155,-0.006737829534523859,15,14,116
RPM-2015-08-13:6965:1,5,produciendo,0.047451665746689804,-0.08674662518048029,-0.004116271862717536,0,1,7
RPM-2015-08-13:6965:1,5,pronto,0.047451665746689804,-0.2463593838104522,-0.01169016313413404,1,4,3
RPM-2015-08-13:6965:1,5,proposito,0.042635367751666264,-0.08926807785649718,-0.0038059773278961333,0,1,14
RPM-2015-08-13:6965:1,5,proposito de,0.04577187760421469,0.02305719668203552,0.0010553711844264349,0,0,10
RPM-2015-08-13:6965:1,5,proposito de la,0.05237195103166209,0.007987998004602887,0.0004183470403380769,0,0,4
RPM-2015-08-13:6965:1,5,publicacion,0.04437348971343196,0.043548291788041316,0.001932389677694185,2,1,9
RPM-2015-08-13:6965:1,5,publicacion de,0.05237195103166209,-0.07202873820010028,-0.0037722855498880602,0,1,3
RPM-2015-08-13:6965:1,5,que de,0.02721177511609517,-0.19450849607712492,-0.005292921453420603,24,19,57
RPM-2015-08-13:6965:1,5,que de los,0.05237195103166209,-0.12383043406515991,-0.006485241429090016,1,3,0
RPM-2015-08-13:6965:1,5,que el,0.030207901752577614,-0.045951670119885865,-0.0013881035363483686,80,54,332
RPM-2015-08-13:6965:1,5,que el esperado,0.04843761213126111,-0.07563094508718043,-0.003663382383253554,1,1,5
RPM-2015-08-13:6965:1,5,que el mercado,0.02948291828617802,0.07748496398648,0.0022844828616208363,21,16,39
RPM-2015-08-13:6965:1,5,que ello,0.02808453039539529,-0.43514281863435966,-0.012220781716274654,11,18,61
RPM-2015-08-13:6965:1,5,que ello no,0.04504351674917803,-0.3550519544442418,-0.015992788656837603,1,5,5
RPM-2015-08-13:6965:1,5,que en,0.015443146407849133,-0.5761569625761285,-0.008897676326964806,80,59,272
RPM-2015-08-13:6965:1,5,que en el,0.023154030503673564,-0.3489464269845846,-0.008079516214548972,39,31,93
RPM-2015-08-13:6965:1,5,que es,0.03711749945971853,0.8388024562491934,0.031134249716640014,47,24,118
RPM-2015-08-13:6965:1,5,que es la,0.04437348971343196,0.04890258620170323,0.002169978405781498,1,0,11
RPM-2015-08-13:6965:1,5,que es por,0.050845761128772884,-0.008522891383820497,-0.00043335289942821357,2,2,1
RPM-2015-08-13:6965:1,5,que estan,0.035617823758563615,-0.05942402947631795,-0.002116554608911182,8,6,22
RPM-2015-08-13:6965:1,5,que hoy,0.03765715234488812,0.034240545986860535,0.0012894014565993546,5,5,18
RPM-2015-08-13:6965:1,5,que la,0.03005807390232501,0.2628807979838401,0.007901690453300438,101,67,302
RPM-2015-08-13:6965:1,5,que la inflacion,0.0421726939484711,0.17378950250884612,0.007329171500762617,51,34,47
RPM-2015-08-13:6965:1,5,que la opcion,0.03857124533383711,0.06607384468459436,0.002548550473479338,12,5,8
RPM-2015-08-13:6965:1,5,que la opcion de,0.04076746227247239,0.14124691126612662,0.005758278126145072,10,3,6
RPM-2015-08-13:6965:1,5,que las,0.03833711874263274,-0.17171377771238533,-0.006583011485905761,62,47,184
RPM-2015-08-13:6965:1,5,que las expectativas,0.030044932607905257,-0.13043023431095047,-0.003918767599905799,19,18,34
RPM-2015-08-13:6965:1,5,que las expectativas de,0.033615263324438885,-0.04340768464628563,-0.0014591607496890944,12,10,24
RPM-2015-08-13:6965:1,5,que no,0.019931827592549346,-0.12768166775525217,-0.002544928988426853,45,30,165
RPM-2015-08-13:6965:1,5,que no es,0.035177149951754035,-0.2482125456030363,-0.008731409936584594,7,9,22
RPM-2015-08-13:6965:1,5,que para,0.02916297351328269,0.11458233450647592,0.0033415615863024543,19,9,51
RPM-2015-08-13:6965:1,5,que queda,0.04843761213126111,-0.36130909658892785,-0.017500949880070844,0,3,4
RPM-2015-08-13:6965:1,5,que se,0.027430182670165858,-0.013217884625325423,-0.0003625689897858531,88,65,393
RPM-2015-08-13:6965:1,5,que se iba,0.054239856510855965,0.005651836869440506,0.0003065548208212184,0,0,3
RPM-2015-08-13:6965:1,5,que se suma,0.04843761213126111,-0.1462884307885588,-0.007085862269827047,2,3,2
RPM-2015-08-13:6965:1,5,que si,0.023308574016728104,0.08938820979341851,0.002083511704192715,28,20,112
RPM-2015-08-13:6965:1,5,que si bien,0.02959234297105159,0.35194710763644577,0.010414939516847313,22,12,41
RPM-2015-08-13:6965:1,5,que si bien es,0.05237195103166209,0.03648868782178645,0.0019109837718122049,2,1,1
RPM-2015-08-13:6965:1,5,que va,0.03795089719281929,-0.22394989170395377,-0.008499099316399764,4,5,18
RPM-2015-08-13:6965:1,5,queda,0.04119683173024129,-0.10712777767210274,-0.004413325030392316,4,3,11
RPM-2015-08-13:6965:1,5,ramon,0.04577187760421469,0.02989386738131624,0.0013682984388942328,3,1,6
RPM-2015-08-13:6965:1,5,recuerda,0.04212788697259809,-0.016085389314700556,-0.000677643462959942,2,2,12
RPM-2015-08-13:6965:1,5,recuerda que,0.04437348971343196,-0.020915086223941913,-0.000928075363413629,2,2,8
RPM-2015-08-13:6965:1,5,recuerda que en,0.05237195103166209,-0.0634473108065548,-0.003322859454651533,0,1,3
RPM-2015-08-13:6965:1,5,reflexiones,0.054239856510855965,-0.14828233548947073,-0.008042812600043497,0,1,2
RPM-2015-08-13:6965:1,5,representa,0.04035904619033106,0.05206523777632644,0.0021013033363253284,6,3,11
RPM-2015-08-13:6965:1,5,representa un,0.047451665746689804,0.14403738683850395,0.006834813935287347,3,1,4
RPM-2015-08-13:6965:1,5,reunion,0.019897165558788867,0.2651276659810805,0.005275289064240834,73,50,118
RPM-2015-08-13:6965:1,5,reunion que,0.04955538595200899,-0.012469824030215676,-0.000617946942570974,2,2,2
RPM-2015-08-13:6965:1,5,revertir,0.050845761128772884,0.01083954826045341,0.0005511450815948197,0,0,5
RPM-2015-08-13:6965:1,5,riesgo,0.052845513588583595,0.201655009289252,0.010656562533601118,59,33,92
RPM-2015-08-13:6965:1,5,riesgo de,0.05029191817061468,0.08324046258283982,0.004186322532700293,27,16,31
RPM-2015-08-13:6965:1,5,riesgo que,0.035617823758563615,0.1359886769471424,0.004843620728663561,13,6,17
RPM-2015-08-13:6965:1,5,sabe,0.06833380526724764,0.1636516434172715,0.01118293953294088,4,1,15
RPM-2015-08-13:6965:1,5,salarios,0.027379198080858837,-0.21436271049175337,-0.005869079111703513,23,20,55
RPM-2015-08-13:6965:1,5,salarios se,0.050845761128772884,-0.13492902377436364,-0.006860568912169811,1,2,2
RPM-2015-08-13:6965:1,5,se,0.030807450645815554,-0.013804764284991347,-0.00042528959438698817,108,74,606
RPM-2015-08-13:6965:1,5,se esta,0.027993044575575075,-0.10235693309849775,-0.002865282190845403,14,13,64
RPM-2015-08-13:6965:1,5,se estan,0.03795089719281929,0.007352806289492475,0.000279045595571244,6,8,13
RPM-2015-08-13:6965:1,5,se ha,0.019264472821532257,0.2585067838502478,0.004979996911664812,58,36,166
RPM-2015-08-13:6965:1,5,se ha mantenido,0.03608299171362542,0.05812651180139076,0.0020973784436715327,9,5,20
RPM-2015-08-13:6965:1,5,se iba,0.054239856510855965,0.005651836869440506,0.0003065548208212184,0,0,3
RPM-2015-08-13:6965:1,5,se sabe,0.04375314157241414,-0.059137309073956736,-0.00258744305612444,1,1,11
RPM-2015-08-13:6965:1,5,se suma,0.03825532598501188,0.08873348444901645,0.0033945283733831065,9,3,14
RPM-2015-08-13:6965:1,5,se suma la,0.050845761128772884,-0.0808866574304905,-0.004112743662215602,1,1,3
RPM-2015-08-13:6965:1,5,senala,0.014026024747533531,-0.04032254658842189,-0.0005655650363327792,83,54,350
RPM-2015-08-13:6965:1,5,senala que,0.014779373290356196,-0.002320503871702375,-3.4295592941606224e-05,78,51,316
RPM-2015-08-13:6965:1,5,senala que es,0.043175611269984156,0.17858753909193775,0.007710626165496603,5,2,7
RPM-2015-08-13:6965:1,5,senor,0.009263503560824395,-0.15727252812984077,-0.0014568946243506348,89,66,706
RPM-2015-08-13:6965:1,5,senor beltran,0.046569706652067236,0.21047508412050406,0.009801762925061049,3,0,6
RPM-2015-08-13:6965:1,5,senor beltran de,0.046569706652067236,0.21047508412050406,0.009801762925061049,3,0,6
RPM-2015-08-13:6965:1,5,senor beltran de ramon,0.046569706652067236,0.21047508412050406,0.009801762925061049,3,0,6
RPM-2015-08-13:6965:1,5,ser,0.034784293445049894,0.08715765848770816,0.003031717568819884,45,35,143
RPM-2015-08-13:6965:1,5,ser un,0.04437348971343196,0.17970110204249642,0.007973965002975102,3,1,8
RPM-2015-08-13:6965:1,5,ser una,0.04843761213126111,0.1663517388994637,0.008057681006173044,3,0,4
RPM-2015-08-13:6965:1,5,sesion,0.04437348971343196,0.12422944808995229,0.005512494136924828,5,1,6
RPM-2015-08-13:6965:1,5,shock,0.03584717698750011,0.27425061298617726,0.009831110262645892,12,2,21
RPM-2015-08-13:6965:1,5,shock de,0.041649421367094965,0.3523336782579858,0.014674493827585315,9,0,8
RPM-2015-08-13:6965:1,5,shock de oferta,0.04577187760421469,0.21886365676614766,0.010017800509510965,5,0,5
RPM-2015-08-13:6965:1,5,si,0.0266019372095148,0.0665945113854004,0.00177154301037274,62,39,297
RPM-2015-08-13:6965:1,5,si bien,0.025098851095453536,-0.15021468596831955,-0.003770216035469166,31,22,76
RPM-2015-08-13:6965:1,5,si bien es,0.046569706652067236,-0.0914013613040369,-0.0042565345835286076,4,3,2
RPM-2015-08-13:6965:1,5,si el,0.035177149951754035,0.22848564573629615,0.00803747382188904,7,3,28
RPM-2015-08-13:6965:1,5,significativa,0.02959234297105159,-0.08156492519328895,-0.002413697240727973,13,11,51
RPM-2015-08-13:6965:1,5,significativa caida,0.04955538595200899,0.06441623072072014,0.003192171174938945,1,0,5
RPM-2015-08-13:6965:1,5,significativa caida de,0.05237195103166209,0.07332896445658965,0.003840380935723003,1,0,3
RPM-2015-08-13:6965:1,5,significativamente,0.03326642663397232,0.21283209912253,0.007080163410813969,14,5,29
RPM-2015-08-13:6965:1,5,significativamente las,0.054239856510855965,0.06329349525771155,0.003433030100848817,1,0,2
RPM-2015-08-13:6965:1,5,sin,0.020432798298035376,0.580824860848205,0.011867877228195836,69,36,121
RPM-2015-08-13:6965:1,5,sin embargo,0.023790098591456744,0.44437271053033284,0.010571670594869487,51,27,73
RPM-2015-08-13:6965:1,5,sin embargo estima,0.04843761213126111,-0.22747756215332032,-0.011018469924147373,2,5,0
RPM-2015-08-13:6965:1,5,sin embargo estima que,0.04843761213126111,-0.22747756215332032,-0.011018469924147373,2,5,0
RPM-2015-08-13:6965:1,5,sino,0.028460812583210184,-0.27252741977795225,-0.007756351818086147,11,15,60
RPM-2015-08-13:6965:1,5,sino que,0.02937490557215918,-0.1967739110817691,-0.005780215057091414,10,13,54
RPM-2015-08-13:6965:1,5,sobre,0.028704090006122607,-0.1281009972067959,-0.0036770225536979307,60,43,240
RPM-2015-08-13:6965:1,5,sobre el,0.025427162554894935,-0.35292070115257845,-0.008973772037194109,19,19,86
RPM-2015-08-13:6965:1,5,solo,0.044482363096,-0.3655830915892967,-0.01626199982183332,25,18,69
RPM-2015-08-13:6965:1,5,spot,0.04955538595200899,0.0031439493785857357,0.00015579962486939497,0,0,6
RPM-2015-08-13:6965:1,5,su,0.03495685542929685,-0.34615976316454533,-0.012100656796382649,97,67,288
RPM-2015-08-13:6965:1,5,su juicio,0.028754557431141366,-0.400884925557341,-0.011527268615217393,24,23,36
RPM-2015-08-13:6965:1,5,su juicio si,0.050845761128772884,-0.10529069691334894,-0.005353585624338165,1,2,2
RPM-2015-08-13:6965:1,5,su opinion,0.041649641471698313,-0.059941190387198015,-0.0024965290890136068,32,26,79
RPM-2015-08-13:6965:1,5,su opinion el,0.04437348971343196,0.32054003166681133,0.014223479797910409,4,1,7
RPM-2015-08-13:6965:1,5,su opinion ello,0.04843761213126111,-0.07058006051720601,-0.0034187295955333615,1,2,4
RPM-2015-08-13:6965:1,5,subir,0.03103087899247656,1.174171516170318,0.03643557423469387,30,7,26
RPM-2015-08-13:6965:1,5,subir la,0.034965217892877536,1.2780721483652528,0.044688071150409174,25,3,11
RPM-2015-08-13:6965:1,5,subir la tasa,0.03683312337207141,1.0119638508490323,0.03727378936639888,19,3,9
RPM-2015-08-13:6965:1,5,suma,0.03475851926286327,-0.0012896623481317808,-4.482675357012798e-05,13,7,20
RPM-2015-08-13:6965:1,5,suma la,0.04955538595200899,-0.07933242058646822,-0.0039313487206695365,1,1,4
RPM-2015-08-13:6965:1,5,sus,0.021878251440795252,-0.13321579445248882,-0.0029145286469168478,50,32,108
RPM-2015-08-13:6965:1,5,tambien,0.028745350919025067,0.2319282107007837,0.006666857804615612,71,45,226
RPM-2015-08-13:6965:1,5,tambien hay,0.04504351674917803,0.07202434636623481,0.0032442298518960975,2,0,9
RPM-2015-08-13:6965:1,5,tambien lo,0.047451665746689804,-0.031925316752665626,-0.0015149094594046858,2,2,4
RPM-2015-08-13:6965:1,5,tambien lo es,0.054239856510855965,0.10640071582087302,0.005771159558776514,2,0,1
RPM-2015-08-13:6965:1,5,tanto,0.018857584130909173,-0.016643802346852032,-0.0003138619030139857,58,44,171
RPM-2015-08-13:6965:1,5,tanto los,0.046569706652067236,0.06068761126734573,0.002826204254134981,1,0,8
RPM-2015-08-13:6965:1,5,tasa,0.03310499883262224,-0.015673160405287434,-0.0005188599569205416,102,71,222
RPM-2015-08-13:6965:1,5,tasa es,0.05237195103166209,-0.265725926398923,-0.01391658520520744,1,3,0
RPM-2015-08-13:6965:1,5,tasa que,0.04577187760421469,0.10462201172624228,0.004788745915440275,3,1,6
RPM-2015-08-13:6965:1,5,tendencia,0.023466024474142002,0.36845117337216504,0.008646084251877562,49,22,86
RPM-2015-08-13:6965:1,5,tendencia la,0.041649421367094965,-0.15158961016773687,-0.006313619548749736,4,4,9
RPM-2015-08-13:6965:1,5,tercer,0.029929470512605912,-0.07509851759717137,-0.002247658867964957,19,12,41
RPM-2015-08-13:6965:1,5,termino,0.03229948336583111,0.1868722948871266,0.006035878580241432,11,8,35
RPM-2015-08-13:6965:1,5,terreno,0.04504351674917803,0.04446343793113658,0.0020027896111771883,2,1,8
RPM-2015-08-13:6965:1,5,terreno negativo,0.05237195103166209,0.008189427524988257,0.00042889629731603064,0,0,4
RPM-2015-08-13:6965:1,5,tiempo,0.043165769471155406,-0.7124764806354185,-0.030754595516728593,20,26,77
RPM-2015-08-13:6965:1,5,tiempo que,0.04212788697259809,-0.15404564769467324,-0.00648961763470186,3,4,9
RPM-2015-08-13:6965:1,5,todo,0.03852814371835341,0.26623348048209855,0.01025748179865173,46,32,93
RPM-2015-08-13:6965:1,5,todo le,0.054239856510855965,-0.07570371543497273,-0.0041061586625315925,2,1,0
RPM-2015-08-13:6965:1,5,todo le parece,0.054239856510855965,-0.07570371543497273,-0.0041061586625315925,2,1,0
RPM-2015-08-13:6965:1,5,todo lo,0.035617823758563615,0.6763601497810379,0.024090476612216697,16,2,18
RPM-2015-08-13:6965:1,5,todo lo anterior,0.043175611269984156,0.3963945100875215,0.017114575277094642,10,1,3
RPM-2015-08-13:6965:1,5,transitorio,0.03539458735064644,-0.19659208336787581,-0.006958295667209848,8,6,23
RPM-2015-08-13:6965:1,5,un,0.035922243179492816,0.08739089675949456,0.0031392770450685142,105,68,473
RPM-2015-08-13:6965:1,5,un alza,0.02916297351328269,0.797997305231908,0.023271974276149094,40,10,29
RPM-2015-08-13:6965:1,5,un alza de,0.03416738884502499,0.9704252146598744,0.03315689565430077,33,5,5
RPM-2015-08-13:6965:1,5,un alza de tasa,0.054239856510855965,-0.02291486577829941,-0.0012428990317804838,2,1,0
RPM-2015-08-13:6965:1,5,un contexto,0.03416738884502499,-0.26295924945182503,-0.00898463092641643,7,11,25
RPM-2015-08-13:6965:1,5,un contexto de,0.03996963322461984,-0.1483322097467106,-0.005928784018973403,1,5,15
RPM-2015-08-13:6965:1,5,un dato,0.05237195103166209,-0.0012671912385685546,-6.636527749406358e-05,1,1,2
RPM-2015-08-13:6965:1,5,un fenomeno,0.03683312337207141,0.12312168790245828,0.004534956320288918,5,4,22
RPM-2015-08-13:6965:1,5,un fenomeno transitorio,0.054239856510855965,-0.0027237810794810205,-0.0001477374949180349,1,1,1
RPM-2015-08-13:6965:1,5,un shock,0.039241272369583184,0.19047722876190507,0.007474568814049321,8,1,14
RPM-2015-08-13:6965:1,5,un shock de,0.04375314157241414,0.29235284858415844,0.012791355573201239,8,0,5
RPM-2015-08-13:6965:1,5,un shock de oferta,0.04955538595200899,0.16227289427328562,0.008041495905262219,4,0,2
RPM-2015-08-13:6965:1,5,una,0.032306443393165976,0.029980404594881493,0.0009685602439487521,101,67,425
RPM-2015-08-13:6965:1,5,una tasa,0.031854907965293264,-0.01624421540324612,-0.0005174579866388043,14,8,35
RPM-2015-08-13:6965:1,5,una tendencia,0.03475851926286327,0.2548765833143703,0.008859132630785315,11,4,25
RPM-2015-08-13:6965:1,5,una tendencia la,0.04843761213126111,-0.05672616399498466,-0.002747679929283376,0,1,6
RPM-2015-08-13:6965:1,5,una vez,0.03737336689038931,-0.05293404392515781,-0.001978323444606906,8,6,15
RPM-2015-08-13:6965:1,5,unicamente,0.05237195103166209,0.010247662655144471,0.0005366900867642186,0,0,4
RPM-2015-08-13:6965:1,5,unico,0.04437348971343196,0.10530749060097158,0.004672860850929546,3,1,8
RPM-2015-08-13:6965:1,5,uno,0.02937490557215918,-0.22603139495911043,-0.006639650883267285,7,8,62
RPM-2015-08-13:6965:1,5,uno se,0.054239856510855965,-0.004278629702059009,-0.00023207226110276706,0,0,3
RPM-2015-08-13:6965:1,5,uso,0.04504351674917803,0.0688331560376747,0.0031004874168817855,3,2,6
RPM-2015-08-13:6965:1,5,uso de,0.04843761213126111,0.05383357274764733,0.00260756971639057,2,1,4
RPM-2015-08-13:6965:1,5,va,0.02808453039539529,-0.2759899516521278,-0.0077510481859978594,15,12,63
RPM-2015-08-13:6965:1,5,va en,0.05237195103166209,0.002210972134464268,0.00011579292435853206,1,1,2
RPM-2015-08-13:6965:1,5,vez,0.02490787241220462,0.12327014996469975,0.0030703971675540708,34,20,78
RPM-2015-08-13:6965:1,5,ya,0.021204853811408922,-0.24848413429696256,-0.005269069742221593,40,34,132
RPM-2015-08-13:6965:1,5,ya que,0.02503470619006185,-0.15543033472570417,-0.0038911527628809712,20,21,89
