meeting_id,fecha,anio,n_intervenciones,eje_tematico,peso_medio_bruto,proporcion_seis_ejes,proporcion_corpus,indice_vs_corpus_base100,ranking_periodo,media_movil_12_reuniones,cambio_12_reuniones
RPM-2005-01-11,2005-01-11,2005,58,actividad_demanda,0.08084962530001327,0.1719062258046346,0.20378171244669416,84.35802395644426,2,,
RPM-2005-01-11,2005-01-11,2005,58,entorno_externo_commodities,0.07075437724969845,0.15044124084704902,0.32296667399977397,46.581041623865595,5,,
RPM-2005-01-11,2005-01-11,2005,58,inflacion_expectativas,0.05290372740128504,0.11248636063314753,0.1114496209181575,100.93023171047962,6,,
RPM-2005-01-11,2005-01-11,2005,58,mercado_laboral,0.11450688752539363,0.24346985889027967,0.1720143210368341,141.54045862154962,1,,
RPM-2005-01-11,2005-01-11,2005,58,mercados_estructura_tasas,0.07833462407659358,0.16655871347408524,0.0867820376501816,191.92763616070349,3,,
RPM-2005-01-11,2005-01-11,2005,58,tipo_cambio,0.07296313324079474,0.1551376003508039,0.1030056339483587,150.61079127825306,4,,
RPM-2005-02-10,2005-02-10,2005,82,actividad_demanda,0.10542268232516953,0.178099633888574,0.20378171244669416,87.39726040684924,3,,
RPM-2005-02-10,2005-02-10,2005,82,entorno_externo_commodities,0.13625604350607542,0.2301890914583938,0.32296667399977397,71.27332631804448,2,,
RPM-2005-02-10,2005-02-10,2005,82,inflacion_expectativas,0.0737038525803327,0.12451427786903045,0.1114496209181575,111.72247769282852,4,,
RPM-2005-02-10,2005-02-10,2005,82,mercado_laboral,0.17338907258353636,0.2929211215870811,0.1720143210368341,170.28879910781194,1,,
RPM-2005-02-10,2005-02-10,2005,82,mercados_estructura_tasas,0.06139938105701644,0.10372727240529439,0.0867820376501816,119.52620059858359,5,,
RPM-2005-02-10,2005-02-10,2005,82,tipo_cambio,0.0417599002210152,0.07054860279162631,0.1030056339483587,68.49004281357605,6,,
RPM-2005-03-10,2005-03-10,2005,62,actividad_demanda,0.08650611901330194,0.15223876102897144,0.20378171244669416,74.70678266519843,4,,
RPM-2005-03-10,2005-03-10,2005,62,entorno_externo_commodities,0.12307073143242923,0.2165874031329655,0.32296667399977397,67.06184277487314,2,,
RPM-2005-03-10,2005-03-10,2005,62,inflacion_expectativas,0.055943484860920614,0.09845276750376425,0.1114496209181575,88.33836014216914,6,,
RPM-2005-03-10,2005-03-10,2005,62,mercado_laboral,0.10553145940950388,0.18572071910440943,0.1720143210368341,107.96817264106768,3,,
RPM-2005-03-10,2005-03-10,2005,62,mercados_estructura_tasas,0.06503553830554626,0.11445351944370688,0.0867820376501816,131.88618583153007,5,,
RPM-2005-03-10,2005-03-10,2005,62,tipo_cambio,0.1321393027484065,0.23254682978618244,0.1030056339483587,225.76127234241238,1,,
RPM-2005-04-07,2005-04-07,2005,60,actividad_demanda,0.17014994659198715,0.26680981715462093,0.20378171244669416,130.92922517491056,2,,
RPM-2005-04-07,2005-04-07,2005,60,entorno_externo_commodities,0.19689883525406676,0.30875438567178126,0.32296667399977397,95.59945670183832,1,,
RPM-2005-04-07,2005-04-07,2005,60,inflacion_expectativas,0.0786790919199369,0.12337561397764533,0.1114496209181575,110.70079284365232,4,,
RPM-2005-04-07,2005-04-07,2005,60,mercado_laboral,0.09065658314108317,0.14215735506363172,0.1720143210368341,82.64274404989281,3,,
RPM-2005-04-07,2005-04-07,2005,60,mercados_estructura_tasas,0.030010334873019233,0.04705879796377368,0.0867820376501816,54.22642661776127,6,,
RPM-2005-04-07,2005-04-07,2005,60,tipo_cambio,0.07132517072556789,0.1118440301685471,0.1030056339483587,108.5804978634659,5,,
RPM-2005-05-12,2005-05-12,2005,60,actividad_demanda,0.14029944416817347,0.24211251501105066,0.20378171244669416,118.8097362143736,2,,
RPM-2005-05-12,2005-05-12,2005,60,entorno_externo_commodities,0.16910632780352866,0.29182409503859774,0.32296667399977397,90.35733979128818,1,,
RPM-2005-05-12,2005-05-12,2005,60,inflacion_expectativas,0.05329655787710439,0.0919730206029209,0.1114496209181575,82.52430097582912,5,,
RPM-2005-05-12,2005-05-12,2005,60,mercado_laboral,0.10688239253846077,0.18444524154255593,0.1720143210368341,107.22667765729805,3,,
RPM-2005-05-12,2005-05-12,2005,60,mercados_estructura_tasas,0.06151623242021179,0.10615758197451532,0.0867820376501816,122.32667594466558,4,,
RPM-2005-05-12,2005-05-12,2005,60,tipo_cambio,0.04837939201296434,0.0834875458303594,0.1030056339483587,81.05143634397263,6,,
RPM-2005-06-09,2005-06-09,2005,38,actividad_demanda,0.07896664284606059,0.18645665841029152,0.20378171244669416,91.49822924324745,2,0.1996039352163572,
RPM-2005-06-09,2005-06-09,2005,38,entorno_externo_commodities,0.09763823856723419,0.2305441771382275,0.32296667399977397,71.383271308788,1,0.2380567322145025,
RPM-2005-06-09,2005-06-09,2005,38,inflacion_expectativas,0.07616594626170016,0.1798436315989711,0.1114496209181575,161.36764765762499,4,0.12177427869757991,
RPM-2005-06-09,2005-06-09,2005,38,mercado_laboral,0.06537505017897327,0.15436408286394046,0.1720143210368341,89.7390879628481,5,0.2005130631753164,
RPM-2005-06-09,2005-06-09,2005,38,mercados_estructura_tasas,0.07764869920279309,0.183344719510017,0.0867820376501816,211.27035556491492,3,0.12021676746189874,
RPM-2005-06-09,2005-06-09,2005,38,tipo_cambio,0.027717479414277556,0.06544673047855243,0.1030056339483587,63.53703964519434,6,0.11983522323434526,
RPM-2005-07-12,2005-07-12,2005,52,actividad_demanda,0.13907491856599052,0.27012392881939346,0.20378171244669416,132.55552992276148,1,0.20967822001679096,
RPM-2005-07-12,2005-07-12,2005,52,entorno_externo_commodities,0.10684149356057458,0.20751724537462274,0.32296667399977397,64.25345463809927,2,0.2336939483802339,
RPM-2005-07-12,2005-07-12,2005,52,inflacion_expectativas,0.07758952471240042,0.15070141666556613,0.1114496209181575,135.21931741358998,4,0.12590672697872082,
RPM-2005-07-12,2005-07-12,2005,52,mercado_laboral,0.08230262559058876,0.15985562893666144,0.1720143210368341,92.9315814945611,3,0.19470485828407996,
RPM-2005-07-12,2005-07-12,2005,52,mercados_estructura_tasas,0.06021314956688161,0.11695144383549023,0.0867820376501816,134.76457456198656,5,0.1197502926581261,
RPM-2005-07-12,2005-07-12,2005,52,tipo_cambio,0.048834262347758166,0.09485033636826606,0.1030056339483587,92.08266842551424,6,0.11626595368204824,
RPM-2005-08-11,2005-08-11,2005,56,actividad_demanda,0.11525360401873573,0.21666092948432705,0.20378171244669416,106.32010443086344,2,0.21055105870023297,
RPM-2005-08-11,2005-08-11,2005,56,entorno_externo_commodities,0.14581406205965627,0.27411038888289185,0.32296667399977397,84.87265434794789,1,0.23874600344306618,
RPM-2005-08-11,2005-08-11,2005,56,inflacion_expectativas,0.05951045541900769,0.1118714741711836,0.1114496209181575,100.37851474913126,6,0.12415232037777865,
RPM-2005-08-11,2005-08-11,2005,56,mercado_laboral,0.06347027297779878,0.11931538675144936,0.1720143210368341,69.363635557937,4,0.18528117434250113,
RPM-2005-08-11,2005-08-11,2005,56,mercados_estructura_tasas,0.06281936617777742,0.11809177145975425,0.0867820376501816,136.07858798589427,5,0.11954297750832962,
RPM-2005-08-11,2005-08-11,2005,56,tipo_cambio,0.08508603596854658,0.159950049250394,0.1030056339483587,155.28281621040657,3,0.12172646562809145,
RPM-2005-09-08,2005-09-08,2005,34,actividad_demanda,0.10374667541825361,0.208988578346599,0.20378171244669416,102.5551193173268,2,0.21037744977205142,
RPM-2005-09-08,2005-09-08,2005,34,entorno_externo_commodities,0.10297783441485328,0.20743981557779284,0.32296667399977397,64.22948009116818,3,0.23526753812470247,
RPM-2005-09-08,2005-09-08,2005,34,inflacion_expectativas,0.08394815059896217,0.16910618656235513,0.1114496209181575,151.7332990181613,4,0.12914719439828715,
RPM-2005-09-08,2005-09-08,2005,34,mercado_laboral,0.1121753171764705,0.2259673379197718,0.1720143210368341,131.36542152870197,1,0.1898018591844201,
RPM-2005-09-08,2005-09-08,2005,34,mercados_estructura_tasas,0.07271132017296617,0.14647057721503592,0.0867820376501816,168.77983184199806,5,0.12253493303129698,
RPM-2005-09-08,2005-09-08,2005,34,tipo_cambio,0.02086340741625872,0.04202750437844533,0.1030056339483587,40.801170545210745,6,0.1128710254892419,
RPM-2005-10-11,2005-10-11,2005,50,actividad_demanda,0.11515579476816792,0.21310858654634804,0.20378171244669416,104.57689455431071,2,0.21065056344948108,
RPM-2005-10-11,2005-10-11,2005,50,entorno_externo_commodities,0.16330005762975802,0.3022048915078542,0.32296667399977397,93.57154029708516,1,0.24196127346301766,
RPM-2005-10-11,2005-10-11,2005,50,inflacion_expectativas,0.09983844454267946,0.18476212892551488,0.1114496209181575,165.78085004092932,3,0.13470868785100992,
RPM-2005-10-11,2005-10-11,2005,50,mercado_laboral,0.05784888842964052,0.10705579229718352,0.1720143210368341,62.23655777722092,4,0.18152725249569643,
RPM-2005-10-11,2005-10-11,2005,50,mercados_estructura_tasas,0.05465071714469334,0.10113722116977891,0.0867820376501816,116.54165298291689,5,0.12039516184514518,
RPM-2005-10-11,2005-10-11,2005,50,tipo_cambio,0.049568157195513496,0.09173137955332034,0.1030056339483587,89.05472063723171,6,0.11075706089564971,
RPM-2005-11-10,2005-11-10,2005,58,actividad_demanda,0.09599936586363046,0.15756645394289798,0.20378171244669416,77.32119435600224,4,0.205824735312519,
RPM-2005-11-10,2005-11-10,2005,58,entorno_externo_commodities,0.14198845709602728,0.23304964031976214,0.32296667399977397,72.15903654502917,1,0.24115112499544897,
RPM-2005-11-10,2005-11-10,2005,58,inflacion_expectativas,0.1312777546941778,0.21546986381275426,0.1114496209181575,193.33386873606645,2,0.14205061293844123,
RPM-2005-11-10,2005-11-10,2005,58,mercado_laboral,0.08578821465878989,0.1408066048381965,0.1720143210368341,81.85748953312151,5,0.17782537543592372,
RPM-2005-11-10,2005-11-10,2005,58,mercados_estructura_tasas,0.12122379647891476,0.19896801997433336,0.0867820376501816,229.2732751636617,3,0.12753814894779866,
RPM-2005-11-10,2005-11-10,2005,58,tipo_cambio,0.03298512837553267,0.05413941711205586,0.1030056339483587,52.55966594914445,6,0.10561000236986846,
RPM-2005-12-13,2005-12-13,2005,65,actividad_demanda,0.10161016731918722,0.17324637080971775,0.20378171244669416,85.0156614789642,2,0.20310987160395222,
RPM-2005-12-13,2005-12-13,2005,65,entorno_externo_commodities,0.18196366076973164,0.31024989604218267,0.32296667399977397,96.06251078475044,1,0.24690935591601013,
RPM-2005-12-13,2005-12-13,2005,65,inflacion_expectativas,0.04649050943960895,0.07926679238905521,0.1114496209181575,71.12342934505305,6,0.13681862789265906,
RPM-2005-12-13,2005-12-13,2005,65,mercado_laboral,0.08417515768956224,0.1435195017073712,0.1720143210368341,83.43462383962718,4,0.17496655262521102,
RPM-2005-12-13,2005-12-13,2005,65,mercados_estructura_tasas,0.07176891602307439,0.12236673323140138,0.0867820376501816,141.00467855417466,5,0.12710719763809888,
RPM-2005-12-13,2005-12-13,2005,65,tipo_cambio,0.10049834699153208,0.17135070582027184,0.1030056339483587,166.35080941900475,3,0.11108839432406875,
RPM-2006-01-12,2006-01-12,2006,50,actividad_demanda,0.11414168487358985,0.2164688925152192,0.20378171244669416,106.22586782503548,2,0.2068234271631676,0.04456266671058459
RPM-2006-01-12,2006-01-12,2006,50,entorno_externo_commodities,0.17033864031453302,0.3230460183084868,0.32296667399977397,100.02456733623012,1,0.26129308737112994,0.17260477746143776
RPM-2006-01-12,2006-01-12,2006,50,inflacion_expectativas,0.0666660408771911,0.1264316717686631,0.1114496209181575,113.44289081208056,4,0.13798073715395204,0.013945311135515573
RPM-2006-01-12,2006-01-12,2006,50,mercado_laboral,0.07557943944030404,0.1433358686678123,0.1720143210368341,83.32786933311165,3,0.16662205344000539,-0.10013399022246736
RPM-2006-01-12,2006-01-12,2006,50,mercados_estructura_tasas,0.04992168102269606,0.0946761125477434,0.0867820376501816,109.09643874621015,6,0.12111698089423707,-0.07188260092634184
RPM-2006-01-12,2006-01-12,2006,50,tipo_cambio,0.05064160128168123,0.09604143619207525,0.1030056339483587,93.2390127711122,5,0.10616371397750803,-0.05909616415872865
RPM-2006-02-09,2006-02-09,2006,47,actividad_demanda,0.08878119902875589,0.17295797672360233,0.20378171244669416,84.874140396109,3,0.20639495573275327,-0.005141657164971669
RPM-2006-02-09,2006-02-09,2006,47,entorno_externo_commodities,0.16210080865487025,0.31579465243677557,0.32296667399977397,97.77933076680122,1,0.2684268841193284,0.08560556097838176
RPM-2006-02-09,2006-02-09,2006,47,inflacion_expectativas,0.041600735273433734,0.08104394941519998,0.1114496209181575,72.7180126298628,5,0.1343582097827995,-0.043470328453830476
RPM-2006-02-09,2006-02-09,2006,47,mercado_laboral,0.11925789393627273,0.23233076675225817,0.1720143210368341,135.0647814390456,2,0.16157285720377015,-0.060590354834822946
RPM-2006-02-09,2006-02-09,2006,47,mercados_estructura_tasas,0.07490633643737872,0.14592783760208272,0.0867820376501816,168.154426369104,4,0.12463369466063608,0.04220056519678833
RPM-2006-02-09,2006-02-09,2006,47,tipo_cambio,0.026663836095752996,0.05194481707008119,0.1030056339483587,50.42910283540746,6,0.10461339850071259,-0.01860378572154512
RPM-2006-03-16,2006-03-16,2006,36,actividad_demanda,0.09952814658613113,0.19254171253358396,0.20378171244669416,94.48429411149914,3,0.20975353502480432,0.04030295150461252
RPM-2006-03-16,2006-03-16,2006,36,entorno_externo_commodities,0.17098735893838446,0.33078279904569974,0.32296667399977397,102.42010265304687,1,0.27794316711205624,0.11419539591273423
RPM-2006-03-16,2006-03-16,2006,36,inflacion_expectativas,0.04076933676821871,0.07887013060589919,0.1114496209181575,70.76751805537059,4,0.13272632337464407,-0.01958263689786506
RPM-2006-03-16,2006-03-16,2006,36,mercado_laboral,0.14122935532498698,0.2732145917210942,0.1720143210368341,158.83246817722213,2,0.16886401325516054,0.08749387261668476
RPM-2006-03-16,2006-03-16,2006,36,mercados_estructura_tasas,0.03321111925471418,0.06424841610936625,0.0867820376501816,74.03423317662997,5,0.12044993604944104,-0.050205103334340626
RPM-2006-03-16,2006-03-16,2006,36,tipo_cambio,0.03119200601037097,0.06034234998435659,0.1030056339483587,58.58160148270035,6,0.09026302518389379,-0.17220447980182585
RPM-2006-04-13,2006-04-13,2006,78,actividad_demanda,0.06909839039339125,0.11723421708185253,0.20378171244669416,57.52931196538012,5,0.197288901685407,-0.1495756000727684
RPM-2006-04-13,2006-04-13,2006,78,entorno_externo_commodities,0.18875985555052813,0.3202551283172325,0.32296667399977397,99.16042554825849,1,0.2789015623325105,0.011500742645451256
RPM-2006-04-13,2006-04-13,2006,78,inflacion_expectativas,0.09545318122600996,0.16194847528711376,0.1114496209181575,145.31092519914432,2,0.13594072848376643,0.03857286130946842
RPM-2006-04-13,2006-04-13,2006,78,mercado_laboral,0.09529074444691796,0.1616728806095282,0.1720143210368341,93.9880352025507,3,0.17049030705065193,0.019515525545896473
RPM-2006-04-13,2006-04-13,2006,78,mercados_estructura_tasas,0.05719654520447721,0.09704122134623548,0.0867820376501816,111.82178244927672,6,0.12461513799797952,0.0499824233824618
RPM-2006-04-13,2006-04-13,2006,78,tipo_cambio,0.0836059136130391,0.14184807735803745,0.1030056339483587,137.7090474771042,4,0.09276336244968464,0.030004047189490346
RPM-2006-05-11,2006-05-11,2006,42,actividad_demanda,0.07235913097728314,0.12766960293574264,0.20378171244669416,62.65017670274944,4,0.18775199234579798,-0.11444291207530802
RPM-2006-05-11,2006-05-11,2006,42,entorno_externo_commodities,0.17317386284702438,0.30554593469992614,0.32296667399977397,94.60602572887753,1,0.28004504897095456,0.013721839661328394
RPM-2006-05-11,2006-05-11,2006,42,inflacion_expectativas,0.05429524855302962,0.09579790042308516,0.1114496209181575,85.9562371176066,6,0.13625946846878012,0.003824879820164259
RPM-2006-05-11,2006-05-11,2006,42,mercado_laboral,0.09833084205700848,0.1734937856798851,0.1720143210368341,100.86008225020649,3,0.16957768572876267,-0.010951455862670822
RPM-2006-05-11,2006-05-11,2006,42,mercados_estructura_tasas,0.05480788499142072,0.09670239014892684,0.0867820376501816,111.43134312970871,5,0.12382720534584714,-0.009455191825588474
RPM-2006-05-11,2006-05-11,2006,42,tipo_cambio,0.11380169996300118,0.2007903861124342,0.1030056339483587,194.93145997538284,2,0.10253859913985754,0.11730284028207479
RPM-2006-06-15,2006-06-15,2006,71,actividad_demanda,0.12363252334357705,0.21371475684949584,0.20378171244669416,104.87435515363038,3,0.19002350054906494,0.02725809843920432
RPM-2006-06-15,2006-06-15,2006,71,entorno_externo_commodities,0.16800509519016968,0.2904184683528815,0.32296667399977397,89.92211634599944,1,0.2850345732388424,0.059874291214653985
RPM-2006-06-15,2006-06-15,2006,71,inflacion_expectativas,0.053305247016490975,0.09214499224668235,0.1114496209181575,82.678605353309,5,0.12895124852275605,-0.08769863935228875
RPM-2006-06-15,2006-06-15,2006,71,mercado_laboral,0.12463151758334094,0.21544164719575098,0.1720143210368341,125.24634338417535,2,0.17466748275641356,0.061077564331810524
RPM-2006-06-15,2006-06-15,2006,71,mercados_estructura_tasas,0.034427525262281676,0.05951241624270099,0.0867820376501816,68.57688279064793,6,0.11350784674023746,-0.12383230326731601
RPM-2006-06-15,2006-06-15,2006,71,tipo_cambio,0.07449124372017575,0.1287677191124884,0.1030056339483587,125.01036513890628,4,0.10781534819268553,0.06332098863393598
RPM-2006-07-13,2006-07-13,2006,72,actividad_demanda,0.12209714101956647,0.21814251030677792,0.20378171244669416,107.04714750291457,2,0.18569171567301368,-0.051981418512615535
RPM-2006-07-13,2006-07-13,2006,72,entorno_externo_commodities,0.18505008259503472,0.3306161734228361,0.32296667399977397,102.36851044980186,1,0.29529281724286016,0.12309892804821337
RPM-2006-07-13,2006-07-13,2006,72,inflacion_expectativas,0.05069294497554936,0.09056957582682117,0.1114496209181575,81.26503713577502,5,0.12394026178619398,-0.06013184083874497
RPM-2006-07-13,2006-07-13,2006,72,mercado_laboral,0.08770502674569912,0.15669650035264876,0.1720143210368341,91.09503174395273,3,0.1744042220410792,-0.0031591285840126826
RPM-2006-07-13,2006-07-13,2006,72,mercados_estructura_tasas,0.04634622445191867,0.08280359114684542,0.0867820376501816,95.41558759040286,6,0.11066219234951707,-0.034147852688644814
RPM-2006-07-13,2006-07-13,2006,72,tipo_cambio,0.0678213150105017,0.12117164894407068,0.1030056339483587,117.63594310270389,4,0.11000879090733591,0.026321312575804612
RPM-2006-08-10,2006-08-10,2006,47,actividad_demanda,0.10245233907159816,0.18775246879013444,0.20378171244669416,92.13411082667554,3,0.18328267728183098,-0.028908460694192617
RPM-2006-08-10,2006-08-10,2006,47,entorno_externo_commodities,0.1833500217291429,0.33600422932573637,0.32296667399977397,104.03681134170874,1,0.3004506372797639,0.06189384044284452
RPM-2006-08-10,2006-08-10,2006,47,inflacion_expectativas,0.04476983937925912,0.08204447011131144,0.1114496209181575,73.61574623170806,5,0.12145467811453797,-0.029827004059872153
RPM-2006-08-10,2006-08-10,2006,47,mercado_laboral,0.10307309465516291,0.1888900552462923,0.1720143210368341,109.81065652425796,2,0.1802021110823161,0.06957466849484294
RPM-2006-08-10,2006-08-10,2006,47,mercados_estructura_tasas,0.07413480328392073,0.13585821920668775,0.0867820376501816,156.5510823268892,4,0.11214272966176153,0.017766447746933506
RPM-2006-08-10,2006-08-10,2006,47,tipo_cambio,0.03789762176281626,0.06945055731983774,0.1030056339483587,67.42403755765086,6,0.10246716657978956,-0.09049949193055626
RPM-2006-09-07,2006-09-07,2006,53,actividad_demanda,0.0813922334381465,0.14956204785868352,0.20378171244669416,73.39326285120232,3,0.178330466407838,-0.05942653048791549
RPM-2006-09-07,2006-09-07,2006,53,entorno_externo_commodities,0.16666452602815118,0.3062538864609241,0.32296667399977397,94.8252284572056,1,0.3086851431866915,0.09881407088313127
RPM-2006-09-07,2006-09-07,2006,53,inflacion_expectativas,0.060869714710726094,0.1118509567823618,0.1114496209181575,100.36010518555199,4,0.1166834089662052,-0.057255229779993325
RPM-2006-09-07,2006-09-07,2006,53,mercado_laboral,0.1620729462942278,0.2978166432633421,0.1720143210368341,173.13479567760496,2,0.1861895531942803,0.07184930534357031
RPM-2006-09-07,2006-09-07,2006,53,mercados_estructura_tasas,0.038383635708985675,0.07053173157191003,0.0867820376501816,81.2745741880635,5,0.10581449252483438,-0.07593884564312589
RPM-2006-09-07,2006-09-07,2006,53,tipo_cambio,0.03482073484468546,0.0639847340627783,0.1030056339483587,62.117703284906426,6,0.10429693572015065,0.021957229684332967
RPM-2006-10-12,2006-10-12,2006,68,actividad_demanda,0.1139861868708395,0.18940020528828505,0.20378171244669416,92.94269000601756,2,0.1763547679696661,-0.023708381258062988
RPM-2006-10-12,2006-10-12,2006,68,entorno_externo_commodities,0.21936876681439535,0.3645046001544381,0.32296667399977397,112.86136604753628,1,0.3138767855739068,0.06229970864658391
RPM-2006-10-12,2006-10-12,2006,68,inflacion_expectativas,0.08094856794092509,0.1345046782131294,0.1114496209181575,120.68652823135422,3,0.1124952880735064,-0.05025745071238549
RPM-2006-10-12,2006-10-12,2006,68,mercado_laboral,0.05722322849076291,0.0950824965808343,0.1720143210368341,55.2759188930984,6,0.1851917785512512,-0.011973295716349225
RPM-2006-10-12,2006-10-12,2006,68,mercados_estructura_tasas,0.07036932077610034,0.116926130848581,0.0867820376501816,134.73540609856414,4,0.10713023499806788,0.015788909678802088
RPM-2006-10-12,2006-10-12,2006,68,tipo_cambio,0.059931084982239584,0.0995818889147321,0.1030056339483587,96.67615750479914,5,0.10495114483360163,0.007850509361411767
RPM-2006-11-16,2006-11-16,2006,45,actividad_demanda,0.17144583676173483,0.293799948537673,0.20378171244669416,144.17385397844572,1,0.18770755918589735,0.13623349459477502
RPM-2006-11-16,2006-11-16,2006,45,entorno_externo_commodities,0.13841166988554218,0.23719060350179244,0.32296667399977397,73.44120077911148,2,0.314221865839076,0.004140963182030305
RPM-2006-11-16,2006-11-16,2006,45,inflacion_expectativas,0.10691043840755311,0.18320818921914853,0.1114496209181575,164.3865521567692,3,0.10980681519070594,-0.03226167459360574
RPM-2006-11-16,2006-11-16,2006,45,mercado_laboral,0.08406207417321353,0.14405385124856196,0.1720143210368341,83.74526631286423,4,0.18546238241878166,0.003247246410365473
RPM-2006-11-16,2006-11-16,2006,45,mercados_estructura_tasas,0.036508381997719275,0.0625629700593442,0.0867820376501816,72.09207314483159,6,0.09576314750515212,-0.13640504991498914
RPM-2006-11-16,2006-11-16,2006,45,tipo_cambio,0.04620777573944811,0.07918443743347985,0.1030056339483587,76.87388970702177,5,0.10703822986038695,0.025045020321423986
RPM-2006-12-14,2006-12-14,2006,67,actividad_demanda,0.08485921874492366,0.1489091652025968,0.20378171244669416,73.07287951147674,3,0.18567945871863725,-0.024337205607120938
RPM-2006-12-14,2006-12-14,2006,67,entorno_externo_commodities,0.15922698586365677,0.27940815262456303,0.32296667399977397,86.51299812585573,1,0.31165172055427437,-0.030841743417619638
RPM-2006-12-14,2006-12-14,2006,67,inflacion_expectativas,0.05644052774109344,0.09904064630600896,0.1114496209181575,88.86584403794338,5,0.11145463635045207,0.019773853916953757
RPM-2006-12-14,2006-12-14,2006,67,mercado_laboral,0.15556660565363686,0.2729849947230442,0.1720143210368341,158.698992663866,2,0.19625117350342103,0.129465493015673
RPM-2006-12-14,2006-12-14,2006,67,mercados_estructura_tasas,0.039823034594411374,0.06988062022009445,0.0867820376501816,80.52429063924868,6,0.09138930475420988,-0.05248611301130693
RPM-2006-12-14,2006-12-14,2006,67,tipo_cambio,0.07395599643657703,0.1297764209236925,0.1030056339483587,125.98963372115664,4,0.10357370611900536,-0.041574284896579355
RPM-2007-01-11,2007-01-11,2007,53,actividad_demanda,0.1156567272772891,0.20709613757013867,0.20378171244669416,101.62645856865664,2,0.18489839580654724,-0.009372754945080525
RPM-2007-01-11,2007-01-11,2007,53,entorno_externo_commodities,0.1480857404534803,0.26516386551041476,0.32296667399977397,82.1025470605058,1,0.3068282078211017,-0.05788215279807202
RPM-2007-01-11,2007-01-11,2007,53,inflacion_expectativas,0.07611068509186193,0.1362845835378993,0.1114496209181575,122.28357747217395,4,0.11227571233122174,0.009852911769236194
RPM-2007-01-11,2007-01-11,2007,53,mercado_laboral,0.10082142708262548,0.18053189489844015,0.1720143210368341,104.9516655417209,3,0.19935084235597336,0.03719602623062784
RPM-2007-01-11,2007-01-11,2007,53,mercados_estructura_tasas,0.05222822019090071,0.09352039374040112,0.0867820376501816,107.76468987439756,6,0.09129299485359803,-0.0011557188073422764
RPM-2007-01-11,2007-01-11,2007,53,tipo_cambio,0.06556597983518635,0.11740312474270591,0.1030056339483587,113.97738186006923,5,0.1053538468315579,0.021361688550630656
RPM-2007-02-08,2007-02-08,2007,64,actividad_demanda,0.06870876151831244,0.13518298201527593,0.20378171244669416,66.3371508621695,3,0.18175047958085336,-0.037774994708326404
RPM-2007-02-08,2007-02-08,2007,64,entorno_externo_commodities,0.16594261164741075,0.3264884505292829,0.32296667399977397,101.09044579921932,1,0.307719357662144,0.010693798092507312
RPM-2007-02-08,2007-02-08,2007,64,inflacion_expectativas,0.06659022067497886,0.1310147993498576,0.1114496209181575,117.55517719173555,4,0.11643994982577655,0.04997084993465763
RPM-2007-02-08,2007-02-08,2007,64,mercado_laboral,0.10431711857082629,0.20524164388972346,0.1720143210368341,119.31660262506531,2,0.19709341545076217,-0.027089122862534704
RPM-2007-02-08,2007-02-08,2007,64,mercados_estructura_tasas,0.04392580978035956,0.08642306777662061,0.0867820376501816,99.58635463826282,6,0.08633426403480952,-0.059504769825462114
RPM-2007-02-08,2007-02-08,2007,64,tipo_cambio,0.05878035326816239,0.11564905643923949,0.1030056339483587,112.2744960700106,5,0.11066253344565442,0.06370423936915831
RPM-2007-03-15,2007-03-15,2007,69,actividad_demanda,0.10284530800959564,0.21429889512963665,0.20378171244669416,105.16100417288112,2,0.1835635781305244,0.021757182596052693
RPM-2007-03-15,2007-03-15,2007,69,entorno_externo_commodities,0.16237791933556167,0.33834707076586784,0.32296667399977397,104.76222409439823,1,0.30834971363882463,0.007564271720168103
RPM-2007-03-15,2007-03-15,2007,69,inflacion_expectativas,0.061848044908078006,0.1288728474466978,0.1114496209181575,115.63327572135483,4,0.1206068428958431,0.050002716840798614
RPM-2007-03-15,2007-03-15,2007,69,mercado_laboral,0.08370020074449767,0.1744062115113808,0.1720143210368341,101.3905182197211,3,0.18885938376661937,-0.09880838020971339
RPM-2007-03-15,2007-03-15,2007,69,mercados_estructura_tasas,0.031383483972685186,0.06539380425636529,0.0867820376501816,75.35407790258132,6,0.08642971304705943,0.0011453881469990351
RPM-2007-03-15,2007-03-15,2007,69,tipo_cambio,0.037760293863614514,0.07868117089005162,0.1030056339483587,76.38530813712383,5,0.11219076852112903,0.01833882090569503
RPM-2007-04-12,2007-04-12,2007,73,actividad_demanda,0.09092050213609125,0.14439850988409042,0.20378171244669416,70.85940546400238,2,0.18582726919737758,0.027164292802237894
RPM-2007-04-12,2007-04-12,2007,73,entorno_externo_commodities,0.30985259178143953,0.4921030074162186,0.32296667399977397,152.3695932220434,1,0.32267037023040684,0.17184787909898608
RPM-2007-04-12,2007-04-12,2007,73,inflacion_expectativas,0.06305915746258127,0.1001495609704561,0.1114496209181575,89.86083590540022,4,0.11545693336945496,-0.061798914316657655
RPM-2007-04-12,2007-04-12,2007,73,mercado_laboral,0.08394912980525393,0.13332668611750687,0.1720143210368341,77.50906163734885,3,0.18649720089228428,-0.02834619449202133
RPM-2007-04-12,2007-04-12,2007,73,mercados_estructura_tasas,0.03351833406279067,0.0532332903883388,0.0867820376501816,61.34136951580027,6,0.08277905213390137,-0.04380793095789668
RPM-2007-04-12,2007-04-12,2007,73,tipo_cambio,0.04835014893031508,0.07678894522338914,0.1030056339483587,74.54829632123506,5,0.106769174176575,-0.06505913213464831
RPM-2007-05-10,2007-05-10,2007,52,actividad_demanda,0.1019462049255844,0.16028963513273595,0.20378171244669416,78.65751701083825,3,0.18854560521379368,0.032620032196993304
RPM-2007-05-10,2007-05-10,2007,52,entorno_externo_commodities,0.20776668013547475,0.32667077088317814,0.32296667399977397,101.14689755371067,1,0.3244307732456778,0.021124836183252005
RPM-2007-05-10,2007-05-10,2007,52,inflacion_expectativas,0.07174038251616298,0.11279713400015763,0.1114496209181575,101.20907821031503,5,0.11687353616754435,0.016999233577072476
RPM-2007-05-10,2007-05-10,2007,52,mercado_laboral,0.08175948814920633,0.12855013615898372,0.1720143210368341,74.73222891218272,4,0.18275189676554246,-0.04494364952090138
RPM-2007-05-10,2007-05-10,2007,52,mercados_estructura_tasas,0.03363319436624482,0.052881345188366444,0.0867820376501816,60.93581877108158,6,0.07912729838718802,-0.0438210449605604
RPM-2007-05-10,2007-05-10,2007,52,tipo_cambio,0.13916650848683926,0.21881097863657817,0.1030056339483587,212.42622393477802,2,0.10827089022025366,0.01802059252414398
RPM-2007-06-14,2007-06-14,2007,63,actividad_demanda,0.1567682763254314,0.2563134467280656,0.20378171244669416,125.77843401679768,2,0.19209549603700785,0.04259868987856977
RPM-2007-06-14,2007-06-14,2007,63,entorno_externo_commodities,0.21239915499903678,0.3472689805360846,0.32296667399977397,107.52471028522518,1,0.3291683159276114,0.05685051218320314
RPM-2007-06-14,2007-06-14,2007,63,inflacion_expectativas,0.064026696666504,0.10468255242621281,0.1114496209181575,93.92813682433783,5,0.11791833284917187,0.012537560179530463
RPM-2007-06-14,2007-06-14,2007,63,mercado_laboral,0.0650060940847887,0.10628385043038306,0.1720143210368341,61.78779173137805,4,0.17365541370176182,-0.10915779676536792
RPM-2007-06-14,2007-06-14,2007,63,mercados_estructura_tasas,0.06743253206482396,0.11025103496868642,0.0867820376501816,127.04361173576997,3,0.08335551661435348,0.05073861872598543
RPM-2007-06-14,2007-06-14,2007,63,tipo_cambio,0.04599444812537301,0.07520013491056755,0.1030056339483587,73.00584640668173,6,0.10380692487009359,-0.053567584201920856
RPM-2007-07-12,2007-07-12,2007,64,actividad_demanda,0.13775162578502848,0.23629252422220026,0.20378171244669416,115.95374353525976,2,0.19360799719662636,0.01815001391542234
RPM-2007-07-12,2007-07-12,2007,64,entorno_externo_commodities,0.16925374557701892,0.2903297478235828,0.32296667399977397,89.89464585556155,1,0.3258111137943403,-0.04028642559925333
RPM-2007-07-12,2007-07-12,2007,64,inflacion_expectativas,0.07105185739709532,0.12187894436350223,0.1114496209181575,109.35788148889574,4,0.12052744689389529,0.031309368536681065
RPM-2007-07-12,2007-07-12,2007,64,mercado_laboral,0.10246374657772744,0.17576139070691438,0.1720143210368341,102.17834750472775,3,0.17524415456461728,0.019064890354265618
RPM-2007-07-12,2007-07-12,2007,64,mercados_estructura_tasas,0.05591801715802517,0.09591908152423509,0.0867820376501816,110.5287270516566,5,0.0844484741458026,0.013115490377389669
RPM-2007-07-12,2007-07-12,2007,64,tipo_cambio,0.046531739391197854,0.07981831135956531,0.1030056339483587,77.48926762547937,6,0.10036081340471814,-0.041353337584505365
RPM-2007-08-09,2007-08-09,2007,65,actividad_demanda,0.05744428495465955,0.1051117239908156,0.20378171244669416,51.58054799363366,4,0.1867212684633498,-0.08264074479931884
RPM-2007-08-09,2007-08-09,2007,65,entorno_externo_commodities,0.19869555108916911,0.3635737121764565,0.32296667399977397,112.57313569656755,1,0.32810857069856697,0.02756948285072014
RPM-2007-08-09,2007-08-09,2007,65,inflacion_expectativas,0.09280448689085656,0.16981392698821857,0.1114496209181575,152.3683307213047,3,0.12784156830030421,0.08776945687690713
RPM-2007-08-09,2007-08-09,2007,65,mercado_laboral,0.12303754178547968,0.2251344610324853,0.1720143210368341,130.88123109486702,2,0.1782645217134667,0.03624440578619301
RPM-2007-08-09,2007-08-09,2007,65,mercados_estructura_tasas,0.04111701659504742,0.0752360396351986,0.0867820376501816,86.69540572263939,5,0.07939662584817851,-0.060622179571489146
RPM-2007-08-09,2007-08-09,2007,65,tipo_cambio,0.03340804268575724,0.0611301361768254,0.1030056339483587,59.346400612875854,6,0.09966744497613378,-0.008320421143012333
RPM-2007-09-13,2007-09-13,2007,88,actividad_demanda,0.08791956372231555,0.15558552548270935,0.20378171244669416,76.34911082779712,3,0.1872232249320186,0.00602347762402583
RPM-2007-09-13,2007-09-13,2007,88,entorno_externo_commodities,0.13750913152745986,0.2433409537260994,0.32296667399977397,75.34553045750773,1,0.32286582630399824,-0.0629129327348247
RPM-2007-09-13,2007-09-13,2007,88,inflacion_expectativas,0.046963121732353286,0.08310757769583929,0.1114496209181575,74.56963694552982,6,0.12544628670976068,-0.02874337908652251
RPM-2007-09-13,2007-09-13,2007,88,mercado_laboral,0.12373839272059434,0.21897177418469208,0.1720143210368341,127.29857192402184,2,0.17169411595691253,-0.07884486907865004
RPM-2007-09-13,2007-09-13,2007,88,mercados_estructura_tasas,0.08581432171595985,0.1518600158241123,0.0867820376501816,174.99014765735282,4,0.08617398286919536,0.08132828425220226
RPM-2007-09-13,2007-09-13,2007,88,tipo_cambio,0.08314379186551814,0.14713415308654762,0.1030056339483587,142.84087913124492,5,0.10659656322811455,0.08314941902376932
RPM-2007-10-11,2007-10-11,2007,71,actividad_demanda,0.07098414348331178,0.11016873161963812,0.20378171244669416,54.062128685102884,5,0.18062060212629805,-0.07923147366864693
RPM-2007-10-11,2007-10-11,2007,71,entorno_externo_commodities,0.2609916252114543,0.4050639326183274,0.32296667399977397,125.4197306495502,1,0.3262457706759891,0.04055933246388932
RPM-2007-10-11,2007-10-11,2007,71,inflacion_expectativas,0.07132054686506395,0.11069083602298148,0.1114496209181575,99.31916780970191,4,0.1234617998605817,-0.023813842190147913
RPM-2007-10-11,2007-10-11,2007,71,mercado_laboral,0.08789946807394672,0.136421634925048,0.1720143210368341,79.30830067098628,3,0.17513904415226367,0.0413391383442137
RPM-2007-10-11,2007-10-11,2007,71,mercados_estructura_tasas,0.04716158429647329,0.073195669739068,0.0867820376501816,84.344262615865,6,0.08252977777673594,-0.043730461109512994
RPM-2007-10-11,2007-10-11,2007,71,tipo_cambio,0.1059646864289426,0.16445919507493698,0.1030056339483587,159.66038824380004,2,0.11200300540813163,0.06487730616020487
RPM-2007-11-13,2007-11-13,2007,76,actividad_demanda,0.09245339142330383,0.15114644848343226,0.20378171244669416,74.1707617767564,2,0.16873281045511132,-0.14265350005424074
RPM-2007-11-13,2007-11-13,2007,76,entorno_externo_commodities,0.27638517688398107,0.4518453812928406,0.32296667399977397,139.90464579424588,1,0.34413366882524304,0.21465477779104813
RPM-2007-11-13,2007-11-13,2007,76,inflacion_expectativas,0.0775523747009565,0.12678567900053653,0.1114496209181575,113.76052960614464,3,0.11875992400903068,-0.056422510218612
RPM-2007-11-13,2007-11-13,2007,76,mercado_laboral,0.06774987510617374,0.11076016628323622,0.1720143210368341,64.39008427648226,5,0.17236457040515318,-0.03329368496532574
RPM-2007-11-13,2007-11-13,2007,76,mercados_estructura_tasas,0.027191811708584045,0.04445424558591946,0.0867820376501816,51.22516915898487,6,0.08102071740395055,-0.018108724473424744
RPM-2007-11-13,2007-11-13,2007,76,tipo_cambio,0.07034824227792882,0.11500807935403494,0.1030056339483587,111.65222225775882,4,0.11498830890151122,0.035823641920555094
RPM-2007-12-13,2007-12-13,2007,80,actividad_demanda,0.15473077440876046,0.2539696306899258,0.20378171244669416,124.62827387239665,2,0.17748784924572203,0.10506046548732897
RPM-2007-12-13,2007-12-13,2007,80,entorno_externo_commodities,0.20984411637595177,0.34443072454135476,0.32296667399977397,106.64590258671575,1,0.34955221648497564,0.06502257191679173
RPM-2007-12-13,2007-12-13,2007,80,inflacion_expectativas,0.05948663097389863,0.09763925603783168,0.1114496209181575,87.608423638814,4,0.11864314148668258,-0.0014013902681772883
RPM-2007-12-13,2007-12-13,2007,80,mercado_laboral,0.09420165305762292,0.15461926774968998,0.1720143210368341,89.88743891654275,3,0.16250075982404033,-0.11836572697335423
RPM-2007-12-13,2007-12-13,2007,80,mercados_estructura_tasas,0.03516702552899104,0.05772191420994644,0.0867820376501816,66.51366546914176,6,0.08000749190310488,-0.012158706010148006
RPM-2007-12-13,2007-12-13,2007,80,tipo_cambio,0.05581892124629689,0.09161920677125138,0.1030056339483587,88.94582098022343,5,0.11180854105547444,-0.03815721415244111
RPM-2008-01-10,2008-01-10,2008,49,actividad_demanda,0.0863664342684574,0.167376425423225,0.20378171244669416,82.1351550213358,3,0.17417787323347925,-0.039719712146913666
RPM-2008-01-10,2008-01-10,2008,49,entorno_externo_commodities,0.1539906158377477,0.2984307392791895,0.32296667399977397,92.40295154397211,1,0.3523244559657069,0.03326687376877474
RPM-2008-01-10,2008-01-10,2008,49,inflacion_expectativas,0.06349913117959671,0.12306004855179004,0.1114496209181575,110.41764659043443,5,0.11754109690450681,-0.01322453498610926
RPM-2008-01-10,2008-01-10,2008,49,mercado_laboral,0.05047609348525413,0.09782166148748739,0.1720143210368341,56.86832404293853,6,0.1556082403731276,-0.08271023341095277
RPM-2008-01-10,2008-01-10,2008,49,mercados_estructura_tasas,0.06518020393362874,0.1263179339887603,0.0867820376501816,145.55769535851175,4,0.08274062025713481,0.03279754024835917
RPM-2008-01-10,2008-01-10,2008,49,tipo_cambio,0.09648870873896401,0.18699319126954786,0.1030056339483587,181.53685784148067,2,0.11760771326604462,0.06959006652684195
RPM-2008-02-07,2008-02-07,2008,68,actividad_demanda,0.07745563382954213,0.13719071968364363,0.20378171244669416,67.32239023633213,4,0.17434518470584323,0.002007737668367704
RPM-2008-02-07,2008-02-07,2008,68,entorno_externo_commodities,0.18354903844145726,0.32510514001397267,0.32296667399977397,100.66213209793906,1,0.3522091800894311,-0.0013833105153102099
RPM-2008-02-07,2008-02-07,2008,68,inflacion_expectativas,0.05660342734689285,0.10025694130101175,0.1114496209181575,89.9571846678913,6,0.11497794206710299,-0.030757858048845857
RPM-2008-02-07,2008-02-07,2008,68,mercado_laboral,0.0851387634015823,0.1507992078373982,0.1720143210368341,87.66665875750367,3,0.1510713707021005,-0.054442436052325266
RPM-2008-02-07,2008-02-07,2008,68,mercados_estructura_tasas,0.06213919070710663,0.110061978350446,0.0867820376501816,126.82575948966057,5,0.08471052947162026,0.02363891057382539
RPM-2008-02-07,2008-02-07,2008,68,tipo_cambio,0.09969757123108182,0.17658601281352773,0.1030056339483587,171.43335373486283,2,0.12268579296390197,0.06093695637428824
RPM-2008-03-13,2008-03-13,2008,110,actividad_demanda,0.06310582793963113,0.10659466939530174,0.20378171244669416,52.30826069497532,5,0.1653698325613153,-0.10770422573433491
RPM-2008-03-13,2008-03-13,2008,110,entorno_externo_commodities,0.18464061351914193,0.31188411272959937,0.32296667399977397,96.56851243104347,1,0.3500039335864087,-0.02646295803626847
RPM-2008-03-13,2008-03-13,2008,110,inflacion_expectativas,0.08846634340777074,0.14943216713967536,0.1114496209181575,134.08046246241625,3,0.11669121870818445,0.020559319692977557
RPM-2008-03-13,2008-03-13,2008,110,mercado_laboral,0.12245137795049604,0.2068376974963204,0.1720143210368341,120.2444635130289,2,0.1537739945341788,0.032431485984939584
RPM-2008-03-13,2008-03-13,2008,110,mercados_estructura_tasas,0.04892922958987044,0.0826483895732807,0.0867820376501816,95.23674692502193,6,0.08614841158136322,0.017254585316915413
RPM-2008-03-13,2008-03-13,2008,110,tipo_cambio,0.08442334067761087,0.14260296366582242,0.1030056339483587,138.44190671872923,4,0.12801260902854952,0.0639217927757708
RPM-2008-04-10,2008-04-10,2008,43,actividad_demanda,0.15297692805090554,0.28036732510285756,0.20378171244669416,137.58218131383938,2,0.17670056716287927,0.13596881521876714
RPM-2008-04-10,2008-04-10,2008,43,entorno_externo_commodities,0.17158064240067528,0.31446314396703895,0.32296667399977397,97.36705650542106,1,0.33520061163231035,-0.17763986344917965
RPM-2008-04-10,2008-04-10,2008,43,inflacion_expectativas,0.059219783629274485,0.10853461721877869,0.1114496209181575,97.38446512840144,4,0.11738997339554468,0.008385056248322587
RPM-2008-04-10,2008-04-10,2008,43,mercado_laboral,0.09511431737828721,0.17432005650852636,0.1720143210368341,101.34043227203074,3,0.15719010873343042,0.040993370391019496
RPM-2008-04-10,2008-04-10,2008,43,mercados_estructura_tasas,0.02302711483833765,0.04220277315225399,0.0867820376501816,48.63077002452209,6,0.08522920181168948,-0.011030517236084808
RPM-2008-04-10,2008-04-10,2008,43,tipo_cambio,0.043711586267451676,0.0801120840505444,0.1030056339483587,77.77446823026024,5,0.1282895372641458,0.003323138827155264
RPM-2008-05-08,2008-05-08,2008,95,actividad_demanda,0.10180313674384318,0.1517695015195687,0.20378171244669416,74.47650709053151,3,0.17599055602844862,-0.008520133613167252
RPM-2008-05-08,2008-05-08,2008,95,entorno_externo_commodities,0.22042936430317978,0.3286190957430617,0.32296667399977397,101.75015634687178,1,0.33536297203730064,0.0019483248598835545
RPM-2008-05-08,2008-05-08,2008,95,inflacion_expectativas,0.07214347355006609,0.10755247204350903,0.1114496209181575,96.50321926396653,5,0.11695291823249061,-0.005244661956648605
RPM-2008-05-08,2008-05-08,2008,95,mercado_laboral,0.1400264061956125,0.2087532717322682,0.1720143210368341,121.35807674267254,2,0.16387370336453747,0.08020313557328448
RPM-2008-05-08,2008-05-08,2008,95,mercados_estructura_tasas,0.061586952714310556,0.09181466713623093,0.0867820376501816,105.79916031280098,6,0.08847364530734485,0.03893332194786449
RPM-2008-05-08,2008-05-08,2008,95,tipo_cambio,0.07478533284264968,0.11149099182536143,0.1030056339483587,108.23776093767532,4,0.11934620502987775,-0.10731998681121674
RPM-2008-06-10,2008-06-10,2008,107,actividad_demanda,0.10397577975685958,0.15339240529776954,0.20378171244669416,75.27290032852895,4,0.16741380257592395,-0.10292104143029607
RPM-2008-06-10,2008-06-10,2008,107,entorno_externo_commodities,0.267619677713287,0.39481142786762063,0.32296667399977397,122.24525304053412,1,0.339324842648262,0.04754244733153601
RPM-2008-06-10,2008-06-10,2008,107,inflacion_expectativas,0.10960031297369513,0.1616901134835135,0.1114496209181575,145.079105834061,3,0.12170354832059903,0.05700756105730069
RPM-2008-06-10,2008-06-10,2008,107,mercado_laboral,0.13046124535533857,0.19246563257322064,0.1720143210368341,111.88930747923438,2,0.17105551854310727,0.08618178214283757
RPM-2008-06-10,2008-06-10,2008,107,mercados_estructura_tasas,0.021337632467494604,0.03147878068529558,0.0867820376501816,36.2733827617491,6,0.08190929078372895,-0.07877225428339084
RPM-2008-06-10,2008-06-10,2008,107,tipo_cambio,0.044847123332244554,0.06616164009258005,0.1030056339483587,64.23108868564395,5,0.11859299712837879,-0.009038494817987505
RPM-2008-07-10,2008-07-10,2008,97,actividad_demanda,0.08922871948822018,0.1538269903082656,0.20378171244669416,75.48616039258387,3,0.16054167474976275,-0.08246553391393466
RPM-2008-07-10,2008-07-10,2008,97,entorno_externo_commodities,0.2151409874879633,0.37089505247904736,0.32296667399977397,114.84003841192202,1,0.3460386180362174,0.08056530465546458
RPM-2008-07-10,2008-07-10,2008,97,inflacion_expectativas,0.09384938667024671,0.16179284849724423,0.1114496209181575,145.1712865098537,2,0.12502970699841084,0.039913904133742004
RPM-2008-07-10,2008-07-10,2008,97,mercado_laboral,0.08338167737830175,0.14374690740297202,0.1720143210368341,83.56682544599931,4,0.16838764493444539,-0.032014483303942354
RPM-2008-07-10,2008-07-10,2008,97,mercados_estructura_tasas,0.03557719037202649,0.06133375162102981,0.0867820376501816,70.67562975216849,6,0.07902717995846184,-0.03458532990320528
RPM-2008-07-10,2008-07-10,2008,97,tipo_cambio,0.06288096915507763,0.10840444969144108,0.1030056339483587,105.24128199219574,5,0.12097517532270179,0.028586138331875774
RPM-2008-08-14,2008-08-14,2008,99,actividad_demanda,0.1330696724443686,0.1941454872108676,0.20378171244669416,95.2713002947469,2,0.1679611550181004,0.089033763220052
RPM-2008-08-14,2008-08-14,2008,99,entorno_externo_commodities,0.27286091128322926,0.3980975799277675,0.32296667399977397,123.26274256025751,1,0.3489156070154933,0.034523867751311
RPM-2008-08-14,2008-08-14,2008,99,inflacion_expectativas,0.05346488179498467,0.07800399094766101,0.1114496209181575,69.99036004343422,5,0.11737887899503106,-0.09180993604055755
RPM-2008-08-14,2008-08-14,2008,99,mercado_laboral,0.11509765740004493,0.16792474470171356,0.1720143210368341,97.6225372919707,3,0.16362016857354775,-0.05720971633077174
RPM-2008-08-14,2008-08-14,2008,99,mercados_estructura_tasas,0.03752779001682352,0.054752153085890216,0.0867820376501816,63.091573519621825,6,0.07732018941268615,-0.02048388654930839
RPM-2008-08-14,2008-08-14,2008,99,tipo_cambio,0.07339121976614929,0.1070760441261002,0.1030056339483587,103.95163839269429,4,0.12480400098514133,0.04594590794927479
RPM-2008-09-04,2008-09-04,2008,74,actividad_demanda,0.10783228428705185,0.18959433757355978,0.20378171244669416,93.03795482784278,3,0.17079522269233793,0.03400881209085044
RPM-2008-09-04,2008-09-04,2008,74,entorno_externo_commodities,0.22171328976207355,0.38982373953792376,0.32296667399977397,120.70091774800163,1,0.36112250583314537,0.14648278581182436
RPM-2008-09-04,2008-09-04,2008,74,inflacion_expectativas,0.054596552132663116,0.09599348844208361,0.1114496209181575,86.13173167504624,4,0.11845270489055139,0.012885910746244317
RPM-2008-09-04,2008-09-04,2008,74,mercado_laboral,0.11046061998354556,0.19421556551649322,0.1720143210368341,112.90662564944525,2,0.16155715118453118,-0.02475620866819886
RPM-2008-09-04,2008-09-04,2008,74,mercados_estructura_tasas,0.04216418184050991,0.07413447816891419,0.0867820376501816,85.42606301519479,5,0.07084306127475297,-0.0777255376551981
RPM-2008-09-04,2008-09-04,2008,74,tipo_cambio,0.03198573447920796,0.05623839076102543,0.1030056339483587,54.59739298262097,6,0.11722935412468116,-0.09089576232552218
RPM-2008-10-09,2008-10-09,2008,45,actividad_demanda,0.0479424182121005,0.08760257844517487,0.20378171244669416,42.98843963640271,5,0.16891470992779933,-0.022566153174463255
RPM-2008-10-09,2008-10-09,2008,45,entorno_externo_commodities,0.25748152300716165,0.4704820106826591,0.32296667399977397,145.6750954691345,1,0.36657401233850634,0.0654180780643317
RPM-2008-10-09,2008-10-09,2008,45,inflacion_expectativas,0.03686486344439045,0.06736116391690002,0.1114496209181575,60.44090896133812,6,0.11484189888171127,-0.04332967210608146
RPM-2008-10-09,2008-10-09,2008,45,mercado_laboral,0.07734938556133462,0.14133633364811482,0.1720143210368341,82.1654457583505,2,0.1619667094114534,0.004914698723066824
RPM-2008-10-09,2008-10-09,2008,45,mercados_estructura_tasas,0.064637759854781,0.11810906999200238,0.0867820376501816,136.09852129550134,3,0.07458584462916416,0.044913400252934374
RPM-2008-10-09,2008-10-09,2008,45,tipo_cambio,0.06299582048923105,0.11510884331514891,0.1030056339483587,111.75004599540458,4,0.11311682481136548,-0.049350351759788066
RPM-2008-11-13,2008-11-13,2008,60,actividad_demanda,0.08100184578525817,0.1430295316125678,0.20378171244669416,70.18761884729076,4,0.16823830018856065,-0.008116916870864466
RPM-2008-11-13,2008-11-13,2008,60,entorno_externo_commodities,0.19678984379672543,0.34748293587006823,0.32296667399977397,107.59095716182512,1,0.35787714188660863,-0.10436244542277234
RPM-2008-11-13,2008-11-13,2008,60,inflacion_expectativas,0.03570415873579587,0.06304484855987134,0.1114496209181575,56.56802422519501,6,0.10953016301165586,-0.06374083044066518
RPM-2008-11-13,2008-11-13,2008,60,mercado_laboral,0.09178663139988207,0.1620728363675114,0.1720143210368341,94.22054826051728,2,0.16624276525180967,0.05131267008427519
RPM-2008-11-13,2008-11-13,2008,60,mercados_estructura_tasas,0.08216185981620151,0.14507783386915699,0.0867820376501816,167.1749567047109,3,0.0829711436527673,0.10062358828323753
RPM-2008-11-13,2008-11-13,2008,60,tipo_cambio,0.07888517907682821,0.13929201372082428,0.1030056339483587,135.22756802861633,5,0.11514048600859794,0.024283934366789342
RPM-2008-12-11,2008-12-11,2008,110,actividad_demanda,0.14411341763779129,0.2105764407001241,0.20378171244669416,103.33431698647018,2,0.16462220102274383,-0.043393189989801684
RPM-2008-12-11,2008-12-11,2008,110,entorno_externo_commodities,0.24182283912380514,0.35334803363469836,0.32296667399977397,109.40696427240219,1,0.3586202509777206,0.008917309093343595
RPM-2008-12-11,2008-12-11,2008,110,inflacion_expectativas,0.03623314637117577,0.05294334922640829,0.1114496209181575,47.504288296581095,6,0.10580550411070393,-0.04469590681142339
RPM-2008-12-11,2008-12-11,2008,110,mercado_laboral,0.0841470687058177,0.1229544792834979,0.1720143210368341,71.47921088335963,4,0.163604032879627,-0.031664788466192084
RPM-2008-12-11,2008-12-11,2008,110,mercados_estructura_tasas,0.05435663309265128,0.07942512579822066,0.0867820376501816,91.52254078013627,5,0.08477974461845682,0.021703211588274214
RPM-2008-12-11,2008-12-11,2008,110,tipo_cambio,0.1237026835408372,0.18075257135705072,0.1030056339483587,175.4783349497854,3,0.12256826639074787,0.08913336458579935
RPM-2009-01-08,2009-01-08,2009,67,actividad_demanda,0.15076823853427307,0.2554227937725017,0.20378171244669416,125.3413717579373,1,0.17195939838518357,0.0880463683492767
RPM-2009-01-08,2009-01-08,2009,67,entorno_externo_commodities,0.1349621860941056,0.22864509767396643,0.32296667399977397,70.79526034135846,2,0.352804780843952,-0.06978564160522308
RPM-2009-01-08,2009-01-08,2009,67,inflacion_expectativas,0.09391505565667244,0.15910543312260184,0.1114496209181575,142.7599589947822,4,0.10880928615827157,0.0360453845708118
RPM-2009-01-08,2009-01-08,2009,67,mercado_laboral,0.10429009787745583,0.17668222711650225,0.1720143210368341,102.71367293812042,3,0.17017574668204494,0.07886056562901486
RPM-2009-01-08,2009-01-08,2009,67,mercados_estructura_tasas,0.05848787340194436,0.0990867584006496,0.0867820376501816,114.17887973553735,5,0.08251047998611424,-0.027231175588110695
RPM-2009-01-08,2009-01-08,2009,67,tipo_cambio,0.04784586742419898,0.08105768991377808,0.1030056339483587,78.69248196114778,6,0.11374030794443372,-0.10593550135576978
RPM-2009-02-12,2009-02-12,2009,102,actividad_demanda,0.1822848258857658,0.30292862227604633,0.20378171244669416,148.65348741992113,2,0.18577089026788376,0.1657379025924027
RPM-2009-02-12,2009-02-12,2009,102,entorno_externo_commodities,0.19804829036921953,0.32912501330895955,0.32296667399977397,101.90680333451058,1,0.3531397702852009,0.004019873294986875
RPM-2009-02-12,2009-02-12,2009,102,inflacion_expectativas,0.04235602238063716,0.07038902685679735,0.1114496209181575,63.15770863723906,5,0.10632029328792036,-0.029867914444214397
RPM-2009-02-12,2009-02-12,2009,102,mercado_laboral,0.0695033279131162,0.11550356573023264,0.1720143210368341,67.14764505305311,4,0.16723444317311445,-0.035295642107165556
RPM-2009-02-12,2009-02-12,2009,102,mercados_estructura_tasas,0.03833392186495961,0.06370493035041273,0.0867820376501816,73.40796791060302,6,0.07864739265277815,-0.04635704800003326
RPM-2009-02-12,2009-02-12,2009,102,tipo_cambio,0.07121544937031009,0.11834884147755145,0.1030056339483587,114.89550322741083,3,0.10888721033310238,-0.05823717133597628
RPM-2009-03-12,2009-03-12,2009,81,actividad_demanda,0.14180675925930905,0.2636029760365905,0.20378171244669416,129.3555603550758,2,0.1988549158213245,0.15700830664128876
RPM-2009-03-12,2009-03-12,2009,81,entorno_externo_commodities,0.17057523393673327,0.31708036724567346,0.32296667399977397,98.17742596126044,1,0.3535727914948737,0.005196254516074084
RPM-2009-03-12,2009-03-12,2009,81,inflacion_expectativas,0.060968049805672934,0.11333281612150965,0.1114496209181575,101.68972777819951,4,0.10331201403640655,-0.03609935101816571
RPM-2009-03-12,2009-03-12,2009,81,mercado_laboral,0.09462144619668196,0.17589073288616258,0.1720143210368341,102.25354018547004,3,0.1646555294556013,-0.030946964610157807
RPM-2009-03-12,2009-03-12,2009,81,mercados_estructura_tasas,0.029005119640422364,0.053917287846141776,0.0867820376501816,62.129548125480035,6,0.07625313417551656,-0.028731101727138927
RPM-2009-03-12,2009-03-12,2009,81,tipo_cambio,0.04097922683287244,0.07617581986392201,0.1030056339483587,73.95306154041276,5,0.10335161501627733,-0.06642714380190042
RPM-2009-04-09,2009-04-09,2009,147,actividad_demanda,0.14826680291374222,0.24644020681138287,0.20378171244669416,120.93342619046223,2,0.1960276559637016,-0.033927118291474684
RPM-2009-04-09,2009-04-09,2009,147,entorno_externo_commodities,0.2114287369816839,0.3514241937080732,0.32296667399977397,108.81128673614143,1,0.35665287897329323,0.03696104974103426
RPM-2009-04-09,2009-04-09,2009,147,inflacion_expectativas,0.0588266653228307,0.09777816263170205,0.1114496209181575,87.7330598580546,4,0.10241564282081683,-0.010756454587076636
RPM-2009-04-09,2009-04-09,2009,147,mercado_laboral,0.10535238084550443,0.1751104226530218,0.1720143210368341,101.79990921542209,3,0.16472139330097593,0.0007903661444954302
RPM-2009-04-09,2009-04-09,2009,147,mercados_estructura_tasas,0.027831577788550475,0.04625998302592221,0.0867820376501816,53.3059424260078,6,0.07659123499832225,0.00405720987366822
RPM-2009-04-09,2009-04-09,2009,147,tipo_cambio,0.04992781800528628,0.0829870311698979,0.1030056339483587,80.56552635897857,5,0.10359119394289013,0.002874947119353502
RPM-2009-05-07,2009-05-07,2009,91,actividad_demanda,0.14426077830678927,0.26083422764424524,0.20378171244669416,127.9968769093915,2,0.205116383140758,0.10906472612467655
RPM-2009-05-07,2009-05-07,2009,91,entorno_externo_commodities,0.16152279126708766,0.2920452322633191,0.32296667399977397,90.42581039290867,1,0.353605057016648,-0.03657386347974262
RPM-2009-05-07,2009-05-07,2009,91,inflacion_expectativas,0.06596081741662066,0.11926206878670104,0.1114496209181575,107.00984696419971,4,0.10339144254941617,0.01170959674319201
RPM-2009-05-07,2009-05-07,2009,91,mercado_laboral,0.09114281145126041,0.16479298884453444,0.1720143210368341,95.8019005924784,3,0.16105803639366476,-0.043960282887733765
RPM-2009-05-07,2009-05-07,2009,91,mercados_estructura_tasas,0.05286201199845025,0.09557845336182891,0.0867820376501816,110.13621706729872,5,0.07690488385045542,0.003763786225597976
RPM-2009-05-07,2009-05-07,2009,91,tipo_cambio,0.03732535960260136,0.0674870290993713,0.1030056339483587,65.51780374771107,6,0.09992419704905763,-0.04400396272599012
RPM-2009-06-16,2009-06-16,2009,99,actividad_demanda,0.15719873051684763,0.25357990662975033,0.20378171244669416,124.43702802629188,2,0.21346534158508976,0.10018750133198079
RPM-2009-06-16,2009-06-16,2009,99,entorno_externo_commodities,0.162534222833804,0.26218667870169493,0.32296667399977397,81.18072228773623,1,0.3425529945861543,-0.1326247491659257
RPM-2009-06-16,2009-06-16,2009,99,inflacion_expectativas,0.0568852106018685,0.09176248653922506,0.1114496209181575,82.33539583468877,6,0.09756414030405879,-0.06992762694428845
RPM-2009-06-16,2009-06-16,2009,99,mercado_laboral,0.09590560228218084,0.15470693428646323,0.1720143210368341,89.9384035898588,3,0.15791147820310167,-0.0377586982867574
RPM-2009-06-16,2009-06-16,2009,99,mercados_estructura_tasas,0.07896079141711264,0.127372975908458,0.0867820376501816,146.77343302527476,4,0.08489606678571897,0.09589419522316242
RPM-2009-06-16,2009-06-16,2009,99,tipo_cambio,0.068433371201958,0.11039101793440838,0.1030056339483587,107.16988353253794,5,0.10360997853587665,0.04422937784182833
RPM-2009-07-09,2009-07-09,2009,115,actividad_demanda,0.18524379870475327,0.3335117731128903,0.20378171244669416,163.6612869273691,1,0.22843907348547512,0.17968478280462472
RPM-2009-07-09,2009-07-09,2009,115,entorno_externo_commodities,0.10572244720351619,0.19034203072501488,0.32296667399977397,58.935502034227866,2,0.3275069094399849,-0.18055302175403248
RPM-2009-07-09,2009-07-09,2009,115,inflacion_expectativas,0.05497436155983466,0.09897549568604867,0.1114496209181575,88.80738657579721,5,0.09232936090312582,-0.06281735281119556
RPM-2009-07-09,2009-07-09,2009,115,mercado_laboral,0.09279728495802944,0.16707164970062996,0.1720143210368341,97.1265931194498,3,0.15985520672790648,0.023324742297657935
RPM-2009-07-09,2009-07-09,2009,115,mercados_estructura_tasas,0.06483801210984967,0.11673395025944343,0.0867820376501816,134.51395406270362,4,0.08951275000558677,0.05540019863841362
RPM-2009-07-09,2009-07-09,2009,115,tipo_cambio,0.05185815698378848,0.09336510051597274,0.1030056339483587,90.64077073957024,6,0.10235669943792096,-0.015039349175468342
RPM-2009-08-13,2009-08-13,2009,79,actividad_demanda,0.11765168107807188,0.20038336227030928,0.20378171244669416,98.33235763131894,3,0.22895889640709524,0.006237875059441678
RPM-2009-08-13,2009-08-13,2009,79,entorno_externo_commodities,0.1606772718614024,0.27366418975894524,0.32296667399977397,84.73449794982153,1,0.31713746025924966,-0.12443339016882227
RPM-2009-08-13,2009-08-13,2009,79,inflacion_expectativas,0.05393561321429214,0.09186268672879302,0.1114496209181575,82.42530209793352,6,0.09348425221822015,0.01385869578113201
RPM-2009-08-13,2009-08-13,2009,79,mercado_laboral,0.12754182256082366,0.2172281687829146,0.1720143210368341,126.28493225072737,2,0.1639638254013399,0.04930342408120103
RPM-2009-08-13,2009-08-13,2009,79,mercados_estructura_tasas,0.06039754983580713,0.10286860330500891,0.0867820376501816,118.53674572573678,5,0.0935224541905133,0.048116450219118694
RPM-2009-08-13,2009-08-13,2009,79,tipo_cambio,0.06692904367476567,0.11399298915402896,0.1030056339483587,110.66675169552252,4,0.10293311152358169,0.006916945027928764
RPM-2009-09-08,2009-09-08,2009,70,actividad_demanda,0.1480945201909622,0.22636464109037524,0.20378171244669416,111.08192112655271,2,0.23202308836682986,0.036770303516815456
RPM-2009-09-08,2009-09-08,2009,70,entorno_externo_commodities,0.16596566246858796,0.2536809435594565,0.32296667399977397,78.54709602627112,1,0.3057922272610441,-0.1361427959784673
RPM-2009-09-08,2009-09-08,2009,70,inflacion_expectativas,0.08273593627918274,0.1264630892281746,0.1114496209181575,113.47108064283339,4,0.09602338561706109,0.030469600786090983
RPM-2009-09-08,2009-09-08,2009,70,mercado_laboral,0.14021541484120456,0.2143213132730372,0.1720143210368341,124.5950406810278,3,0.1656393043810519,0.020105747756543974
RPM-2009-09-08,2009-09-08,2009,70,mercados_estructura_tasas,0.06604681889408752,0.10095352910318914,0.0867820376501816,116.32998237507724,5,0.09575737510170289,0.026819050934274946
RPM-2009-09-08,2009-09-08,2009,70,tipo_cambio,0.05117156361328074,0.07821648374576728,0.1030056339483587,75.93418024588897,6,0.10476461927231018,0.021978092984741855
RPM-2009-10-13,2009-10-13,2009,82,actividad_demanda,0.09209501831370785,0.15690631830508292,0.20378171244669416,76.9972518246096,2,0.2377984000218222,0.06930373985990805
RPM-2009-10-13,2009-10-13,2009,82,entorno_externo_commodities,0.20366611482432517,0.34699488447605403,0.32296667399977397,107.43984206751217,1,0.2955016334104936,-0.12348712620660507
RPM-2009-10-13,2009-10-13,2009,82,inflacion_expectativas,0.04892673611177706,0.08335862428337906,0.1114496209181575,74.79489261304269,6,0.09735650731426766,0.015997460366479047
RPM-2009-10-13,2009-10-13,2009,82,mercado_laboral,0.08911263188814547,0.15182509586366888,0.1720143210368341,88.26305562730325,4,0.16651336789901475,0.01048876221555406
RPM-2009-10-13,2009-10-13,2009,82,mercados_estructura_tasas,0.06338413116933668,0.10799032176604448,0.0867820376501816,124.43856435055544,5,0.09491414608287307,-0.010118748225957902
RPM-2009-10-13,2009-10-13,2009,82,tipo_cambio,0.08975806897157952,0.15292475530577068,0.1030056339483587,148.4625155381682,3,0.10791594527152866,0.03781591199062177
RPM-2009-11-12,2009-11-12,2009,81,actividad_demanda,0.14444871210042298,0.2318135715408251,0.20378171244669416,113.75582664291507,2,0.24519707001584368,0.08878403992825731
RPM-2009-11-12,2009-11-12,2009,81,entorno_externo_commodities,0.17441936573041825,0.27991094920766174,0.32296667399977397,86.66867876524549,1,0.28987063452195977,-0.06757198666240649
RPM-2009-11-12,2009-11-12,2009,81,inflacion_expectativas,0.060585192769803696,0.09722807295570511,0.1114496209181575,87.2394828754995,5,0.10020510934725381,0.03418322439583377
RPM-2009-11-12,2009-11-12,2009,81,mercado_laboral,0.13548442869182034,0.21742754813476212,0.1720143210368341,126.40084082778405,3,0.17112626054628563,0.05535471176725071
RPM-2009-11-12,2009-11-12,2009,81,mercados_estructura_tasas,0.046442942144160615,0.07453236608864339,0.0867820376501816,85.88455411600654,6,0.0890353571011636,-0.0705454677805136
RPM-2009-11-12,2009-11-12,2009,81,tipo_cambio,0.06174384234703322,0.0990874920724025,0.1030056339483587,96.19618682418815,4,0.1045655684674935,-0.04020452164842178
RPM-2009-12-15,2009-12-15,2009,79,actividad_demanda,0.10995376428756796,0.1873630754598305,0.20378171244669416,91.94302727671969,2,0.24326262291248588,-0.023213365240293604
RPM-2009-12-15,2009-12-15,2009,79,entorno_externo_commodities,0.18248055441911828,0.3109499534564521,0.32296667399977397,96.27926919068737,1,0.28633746117377257,-0.042398080178246256
RPM-2009-12-15,2009-12-15,2009,79,inflacion_expectativas,0.10605746900426175,0.18072372234709286,0.1114496209181575,162.1573235137394,3,0.11085347377397752,0.12778037312068458
RPM-2009-12-15,2009-12-15,2009,79,mercado_laboral,0.08653947258421574,0.1474647260792656,0.1720143210368341,85.72816797485625,4,0.17316878111259962,0.024510246795767715
RPM-2009-12-15,2009-12-15,2009,79,mercados_estructura_tasas,0.053293237504220485,0.0908125787661725,0.0867820376501816,104.64444166687814,5,0.08998431151515958,0.01138745296795185
RPM-2009-12-15,2009-12-15,2009,79,tipo_cambio,0.04852413295519245,0.08268594389118632,0.1030056339483587,80.27322460113244,6,0.0963933495120048,-0.0980666274658644
RPM-2010-01-14,2010-01-14,2010,69,actividad_demanda,0.10852379803575249,0.17707530463839208,0.20378171244669416,86.89460036052645,3,0.2367336654846434,-0.07834748913410963
RPM-2010-01-14,2010-01-14,2010,69,entorno_externo_commodities,0.19609619433059652,0.31996478171617415,0.32296667399977397,99.07052568414476,1,0.2939474348439565,0.09131968404220772
RPM-2010-01-14,2010-01-14,2010,69,inflacion_expectativas,0.0599607838770184,0.09783636643348888,0.1114496209181575,87.7852841736757,5,0.10574771821655143,-0.06126906668911296
RPM-2010-01-14,2010-01-14,2010,69,mercado_laboral,0.11954531868948157,0.19505881758819182,0.1720143210368341,113.39684766504013,2,0.17470016365190708,0.018376590471689574
RPM-2010-01-14,2010-01-14,2010,69,mercados_estructura_tasas,0.05002742239866868,0.08162837296386696,0.0867820376501816,94.06136935031526,6,0.08852944606209438,-0.01745838543678263
RPM-2010-01-14,2010-01-14,2010,69,tipo_cambio,0.07871454045536819,0.12843635665988618,0.1030056339483587,124.68867161603707,4,0.10034157174084717,0.04737866674610809
RPM-2010-02-11,2010-02-11,2010,133,actividad_demanda,0.10016936908470485,0.15327741832544378,0.20378171244669416,75.21647378713561,3,0.2242627318220932,-0.14965120395060255
RPM-2010-02-11,2010-02-11,2010,133,entorno_externo_commodities,0.21367669754449428,0.32696434903399774,0.32296667399977397,101.23779800086326,1,0.29376737948770976,-0.00216066427496181
RPM-2010-02-11,2010-02-11,2010,133,inflacion_expectativas,0.08729059856158568,0.1335705487002566,0.1114496209181575,119.84836520740032,5,0.11101284503683972,0.06318152184345927
RPM-2010-02-11,2010-02-11,2010,133,mercado_laboral,0.09830998329833297,0.1504322186839735,0.1720143210368341,87.45331073437825,4,0.17761088473138545,0.034928652953740855
RPM-2010-02-11,2010-02-11,2010,133,mercados_estructura_tasas,0.031160832636850315,0.04768176163123051,0.0867820376501816,54.94427524672294,6,0.08719418200216252,-0.016023168719182225
RPM-2010-02-11,2010-02-11,2010,133,tipo_cambio,0.12290932636632576,0.1880737036250978,0.1030056339483587,182.58584158550735,2,0.10615197691980933,0.06972486214754633
RPM-2010-03-18,2010-03-18,2010,84,actividad_demanda,0.14099602653493745,0.23786405058434454,0.20378171244669416,116.72492478762821,1,0.22211782136773936,-0.02573892545224596
RPM-2010-03-18,2010-03-18,2010,84,entorno_externo_commodities,0.1290495395480566,0.21771000897914716,0.32296667399977397,67.40943462770389,2,0.28548651629883254,-0.09937035826652629
RPM-2010-03-18,2010-03-18,2010,84,inflacion_expectativas,0.08687478859497362,0.14656008127816714,0.1114496209181575,131.5034363246447,4,0.11378178379989451,0.033227265156657484
RPM-2010-03-18,2010-03-18,2010,84,mercado_laboral,0.081428731562908,0.1373724380715021,0.1720143210368341,79.86104717530235,5,0.17440102683016376,-0.038518294814660486
RPM-2010-03-18,2010-03-18,2010,84,mercados_estructura_tasas,0.10497356171415231,0.17709319338447282,0.0867820376501816,204.06664579407033,3,0.09745884079702344,0.12317590553833105
RPM-2010-03-18,2010-03-18,2010,84,tipo_cambio,0.04943622497495892,0.08340022770236631,0.1030056339483587,80.96666609923352,6,0.10675401090634636,0.007224407838444302
RPM-2010-04-15,2010-04-15,2010,91,actividad_demanda,0.11142777630448863,0.19167275687491275,0.20378171244669416,94.05787917551783,2,0.21755386720636685,-0.05476744993647012
RPM-2010-04-15,2010-04-15,2010,91,entorno_externo_commodities,0.17501599538478713,0.301054184559347,0.32296667399977397,93.2152475148435,1,0.2812890155364387,-0.05037000914872619
RPM-2010-04-15,2010-04-15,2010,91,inflacion_expectativas,0.10428590633651573,0.1793876521065753,0.1114496209181575,160.95851258059264,3,0.12058257458946729,0.08160948947487326
RPM-2010-04-15,2010-04-15,2010,91,mercado_laboral,0.10216203864970613,0.17573427600710145,0.1720143210368341,102.16258445683184,4,0.17445301460967041,0.000623853354079662
RPM-2010-04-15,2010-04-15,2010,91,mercados_estructura_tasas,0.03850119849536169,0.06622792900783164,0.0867820376501816,76.3152500230479,6,0.09912283629551588,0.01996794598190943
RPM-2010-04-15,2010-04-15,2010,91,tipo_cambio,0.04995092378277632,0.08592320144423186,0.1030056339483587,83.41602119288834,5,0.10699869176254086,0.00293617027433396
RPM-2010-05-13,2010-05-13,2010,76,actividad_demanda,0.1528144322789534,0.26204850776769495,0.20378171244669416,128.5927498701545,2,0.21765505721665435,0.001214280123449707
RPM-2010-05-13,2010-05-13,2010,76,entorno_externo_commodities,0.17289560441894586,0.29648400652939133,0.32296667399977397,91.80018571501246,1,0.2816589133919447,0.004438774266072254
RPM-2010-05-13,2010-05-13,2010,76,inflacion_expectativas,0.06897608151357498,0.1182812314435083,0.1114496209181575,106.12977457354258,4,0.12050083814420122,-0.0009808373431927364
RPM-2010-05-13,2010-05-13,2010,76,mercado_laboral,0.08667724528085467,0.14863545572580528,0.1720143210368341,86.40876807808193,3,0.173106553516443,-0.016157533118729167
RPM-2010-05-13,2010-05-13,2010,76,mercados_estructura_tasas,0.0649949677220854,0.11145435709168756,0.0867820376501816,128.43021448857894,5,0.10044582827300412,0.015875903729858656
RPM-2010-05-13,2010-05-13,2010,76,tipo_cambio,0.036794893281039964,0.06309644144191263,0.1030056339483587,61.25533043517376,6,0.10663280945775262,-0.004390587657458672
RPM-2010-06-15,2010-06-15,2010,100,actividad_demanda,0.13371469140944933,0.20623957718022978,0.20378171244669416,101.20612625344316,3,0.21371002976252762,-0.047340329449520546
RPM-2010-06-15,2010-06-15,2010,100,entorno_externo_commodities,0.1676488360613428,0.25857910375886783,0.32296667399977397,80.06371077130045,1,0.28135828214670916,-0.0036075749428270965
RPM-2010-06-15,2010-06-15,2010,100,inflacion_expectativas,0.093263237090361,0.14384784784102123,0.1114496209181575,129.06984039600746,4,0.12484128491935091,0.05208536130179617
RPM-2010-06-15,2010-06-15,2010,100,mercado_laboral,0.14019319759973056,0.2162319300276199,0.1720143210368341,125.7057718940258,2,0.1782336364948727,0.06152499574115666
RPM-2010-06-15,2010-06-15,2010,100,mercados_estructura_tasas,0.07174393241185696,0.11065678819509829,0.0867820376501816,127.5111661253632,5,0.09905281263022414,-0.016716187713359712
RPM-2010-06-15,2010-06-15,2010,100,tipo_cambio,0.04178252485672704,0.06444475299716293,0.1030056339483587,62.56429918141366,6,0.10280395404631552,-0.04594626493724545
RPM-2010-07-15,2010-07-15,2010,103,actividad_demanda,0.14632760008850035,0.22584912553424602,0.20378171244669416,110.82894673059748,2,0.20473814246430724,-0.1076626475786443
RPM-2010-07-15,2010-07-15,2010,103,entorno_externo_commodities,0.22633467886671071,0.3493359370973395,0.32296667399977397,108.16470094917099,1,0.29460777434440283,0.15899390637232463
RPM-2010-07-15,2010-07-15,2010,103,inflacion_expectativas,0.07219363251339667,0.11142715907614152,0.1114496209181575,99.9798457439057,4,0.12587892353519198,0.012451663390092849
RPM-2010-07-15,2010-07-15,2010,103,mercado_laboral,0.10990235488493859,0.16962863280683588,0.1720143210368341,98.61308743619821,3,0.17844671842038987,0.002556983106205918
RPM-2010-07-15,2010-07-15,2010,103,mercados_estructura_tasas,0.04321911357403707,0.0667064791683728,0.0867820376501816,76.8666892073526,6,0.09488385670596823,-0.05002747109107063
RPM-2010-07-15,2010-07-15,2010,103,tipo_cambio,0.049922406012975214,0.07705266631706424,0.1030056339483587,74.80432221376762,5,0.10144458452973981,-0.0163124341989085
RPM-2010-08-12,2010-08-12,2010,96,actividad_demanda,0.16980980656758574,0.2614881577120209,0.20378171244669416,128.3177742362047,1,0.20983020875111655,0.0611047954417116
RPM-2010-08-12,2010-08-12,2010,96,entorno_externo_commodities,0.16975090368450393,0.2613974538434263,0.32296667399977397,80.93635501339969,2,0.2935855463514429,-0.012266735915518967
RPM-2010-08-12,2010-08-12,2010,96,inflacion_expectativas,0.05247683829444364,0.08080847652755671,0.1114496209181575,72.5067307199708,5,0.12495773935175562,-0.011054210201236314
RPM-2010-08-12,2010-08-12,2010,96,mercado_laboral,0.16264353423819192,0.25045289781182195,0.1720143210368341,145.60002696414534,3,0.18121544583946547,0.03322472902890736
RPM-2010-08-12,2010-08-12,2010,96,mercados_estructura_tasas,0.03431806273387799,0.05284598800220457,0.0867820376501816,60.89507625440503,6,0.09071530543073457,-0.05002261530280434
RPM-2010-08-12,2010-08-12,2010,96,tipo_cambio,0.06039854825611334,0.09300702610296963,0.1030056339483587,90.29314469303512,4,0.09969575427548487,-0.020985963051059334
RPM-2010-09-16,2010-09-16,2010,128,actividad_demanda,0.1261965003915218,0.18250862129004453,0.20378171244669416,89.56084385530212,4,0.20617554043442232,-0.043856019800330714
RPM-2010-09-16,2010-09-16,2010,128,entorno_externo_commodities,0.16280958413542623,0.23545940371701798,0.32296667399977397,72.9051703078141,1,0.2920670846979064,-0.01822153984243849
RPM-2010-09-16,2010-09-16,2010,128,inflacion_expectativas,0.0377564639269906,0.054604368225137416,0.1114496209181575,48.99466483177711,6,0.11896951260150251,-0.07185872100303717
RPM-2010-09-16,2010-09-16,2010,128,mercado_laboral,0.13418173621882146,0.19405707451176507,0.1720143210368341,112.81448738806515,3,0.17952675927602613,-0.02026423876127212
RPM-2010-09-16,2010-09-16,2010,128,mercados_estructura_tasas,0.08783087560727754,0.12702326898170113,0.0867820376501816,146.37046147007052,5,0.0928877837539439,0.026069739878511994
RPM-2010-09-16,2010-09-16,2010,128,tipo_cambio,0.14267984880125428,0.20634726327433392,0.1030056339483587,200.32619126230026,2,0.11037331923619874,0.12813077952856664
RPM-2010-10-14,2010-10-14,2010,89,actividad_demanda,0.06804448019662249,0.10416648836166968,0.20378171244669416,51.11670086142684,5,0.20178055460580455,-0.05273982994341324
RPM-2010-10-14,2010-10-14,2010,89,entorno_externo_commodities,0.2414049288969296,0.36955684933926347,0.32296667399977397,114.42569128340534,1,0.2939472484365072,0.02256196486320944
RPM-2010-10-14,2010-10-14,2010,89,inflacion_expectativas,0.0424914924973701,0.06504847337957884,0.1114496209181575,58.36580945156097,6,0.1174436666928525,-0.018310150903800226
RPM-2010-10-14,2010-10-14,2010,89,mercado_laboral,0.08001379228463525,0.12248981458461083,0.1720143210368341,71.20907948029607,3,0.17708215250277126,-0.029335281279058045
RPM-2010-10-14,2010-10-14,2010,89,mercados_estructura_tasas,0.07100974003118825,0.10870588234563537,0.0867820376501816,125.26311353027776,4,0.09294741380224314,0.0007155605795908931
RPM-2010-10-14,2010-10-14,2010,89,tipo_cambio,0.15026369412968843,0.23003249198924175,0.1030056339483587,223.320301202716,2,0.11679896395982133,0.07710773668347107
RPM-2010-11-16,2010-11-16,2010,108,actividad_demanda,0.14781060561850068,0.21191037569574014,0.20378171244669416,103.98890712588957,2,0.20012195495204746,-0.01990319584508496
RPM-2010-11-16,2010-11-16,2010,108,entorno_externo_commodities,0.2559755248694158,0.36698225690242864,0.32296667399977397,113.62852159250508,1,0.30120319074440444,0.0870713076947669
RPM-2010-11-16,2010-11-16,2010,108,inflacion_expectativas,0.07734627624931721,0.1108883790176948,0.1114496209181575,99.4964165011608,4,0.11858202553135162,0.013660306061989688
RPM-2010-11-16,2010-11-16,2010,108,mercado_laboral,0.10866603159697673,0.15579030668823862,0.1720143210368341,90.56821882573291,3,0.17194571571556103,-0.061637241446523494
RPM-2010-11-16,2010-11-16,2010,108,mercados_estructura_tasas,0.049591326867423825,0.07109717644246422,0.0867820376501816,81.92614320610555,6,0.09266114799839487,-0.003435189646179171
RPM-2010-11-16,2010-11-16,2010,108,tipo_cambio,0.05812495125909448,0.08333150525343364,0.1030056339483587,80.89994892435827,5,0.1154859650582406,-0.015755986818968865
RPM-2010-12-16,2010-12-16,2010,72,actividad_demanda,0.10947864778710066,0.16908941770715527,0.20378171244669416,82.97575659611074,2,0.19859915013932453,-0.018273657752675226
RPM-2010-12-16,2010-12-16,2010,72,entorno_externo_commodities,0.2082379709835184,0.3216228732254341,0.32296667399977397,99.58391967886419,1,0.3020926007251529,0.010672919768981992
RPM-2010-12-16,2010-12-16,2010,72,inflacion_expectativas,0.07118729722470768,0.10994855050895391,0.1114496209181575,98.653139959708,5,0.11268409454484007,-0.07077517183813894
RPM-2010-12-16,2010-12-16,2010,72,mercado_laboral,0.10248583620682608,0.15828904281995468,0.1720143210368341,92.02085144181666,3,0.1728477421106184,0.010824316740689066
RPM-2010-12-16,2010-12-16,2010,72,mercados_estructura_tasas,0.06333602003995954,0.09782227826993055,0.0867820376501816,112.72180386481838,6,0.09324528962370804,0.007009699503758043
RPM-2010-12-16,2010-12-16,2010,72,tipo_cambio,0.09273430699658912,0.14322783746857143,0.1030056339483587,139.04854713129373,4,0.12053112285635603,0.06054189357738511
RPM-2011-01-13,2011-01-13,2011,89,actividad_demanda,0.1308439558176792,0.21829678232523475,0.20378171244669416,107.12285204804012,2,0.20203427327989476,0.04122147768684267
RPM-2011-01-13,2011-01-13,2011,89,entorno_externo_commodities,0.1745821194510939,0.29126844025411364,0.32296667399977397,90.18529269503438,1,0.2997012389366479,-0.028696341462060515
RPM-2011-01-13,2011-01-13,2011,89,inflacion_expectativas,0.08112810297196678,0.13535209726927064,0.1114496209181575,121.4468888760652,4,0.11581040544782188,0.03751573083578176
RPM-2011-01-13,2011-01-13,2011,89,mercado_laboral,0.07809202832334605,0.13028678628450774,0.1720143210368341,75.74182515687687,5,0.16745007283531144,-0.06477203130368409
RPM-2011-01-13,2011-01-13,2011,89,mercados_estructura_tasas,0.04334790756840401,0.0723205644737601,0.0867820376501816,83.33586814967897,6,0.09246963891619914,-0.009307808490106859
RPM-2011-01-13,2011-01-13,2011,89,tipo_cambio,0.09139152235727821,0.15247532939311323,0.1030056339483587,148.0262035662592,3,0.12253437058412493,0.024038972733227054
RPM-2011-02-17,2011-02-17,2011,111,actividad_demanda,0.10991323855325526,0.15872636860679648,0.20378171244669416,77.89038903494179,2,0.2024883524700075,0.005448950281352699
RPM-2011-02-17,2011-02-17,2011,111,entorno_externo_commodities,0.2836361765890825,0.4096007078682131,0.32296667399977397,126.82444996430182,1,0.3065876021728325,0.08263635883421538
RPM-2011-02-17,2011-02-17,2011,111,inflacion_expectativas,0.06863752508453728,0.09911986263190535,0.1114496209181575,88.9369221854003,5,0.11293951494212594,-0.03445068606835126
RPM-2011-02-17,2011-02-17,2011,111,mercado_laboral,0.08481691990887309,0.12248462397025973,0.1720143210368341,71.20606193250133,4,0.1651211066091686,-0.02794759471371376
RPM-2011-02-17,2011-02-17,2011,111,mercados_estructura_tasas,0.047294753979835236,0.06829863856421463,0.0867820376501816,78.70135389022144,6,0.0941877119939478,0.02061687693298412
RPM-2011-02-17,2011-02-17,2011,111,tipo_cambio,0.0981713234127985,0.14176979835861078,0.1030056339483587,137.63305260534221,3,0.1186757118119177,-0.046303905266487005
RPM-2011-03-17,2011-03-17,2011,95,actividad_demanda,0.08406657977661607,0.12448984102829276,0.20378171244669416,61.089800224766094,4,0.19304050167366982,-0.11337420955605178
RPM-2011-03-17,2011-03-17,2011,95,entorno_externo_commodities,0.25325721467244117,0.3750354835133928,0.32296667399977397,116.12203787739884,1,0.31969805838401966,0.1573254745342456
RPM-2011-03-17,2011-03-17,2011,95,inflacion_expectativas,0.14813977291813044,0.2193725119964407,0.1114496209181575,196.83558381731586,2,0.11900721750198207,0.07281243071827356
RPM-2011-03-17,2011-03-17,2011,95,mercado_laboral,0.08592697502987198,0.12724480393915502,0.1720143210368341,73.97337801421058,3,0.16427713709813968,-0.010127634132347074
RPM-2011-03-17,2011-03-17,2011,95,mercados_estructura_tasas,0.052835836390981036,0.07824185176068882,0.0867820376501816,90.15903968063269,5,0.0859501001919658,-0.098851341623784
RPM-2011-03-17,2011-03-17,2011,95,tipo_cambio,0.05106229603250378,0.07561550776202992,0.1030056339483587,73.40909896243086,6,0.11802698515022302,-0.007784719940336388
RPM-2011-04-12,2011-04-12,2011,83,actividad_demanda,0.10778803732908433,0.15573575190446312,0.20378171244669416,76.42283011298227,2,0.19004575125946568,-0.03593700497044963
RPM-2011-04-12,2011-04-12,2011,83,entorno_externo_commodities,0.2814113934425731,0.4065925685097928,0.32296667399977397,125.89304136998277,1,0.3284929237132235,0.10553838395044579
RPM-2011-04-12,2011-04-12,2011,83,inflacion_expectativas,0.08783461022129839,0.12690637481677533,0.1114496209181575,113.86882590652186,4,0.11463377772783205,-0.05248127728979998
RPM-2011-04-12,2011-04-12,2011,83,mercado_laboral,0.09255209846092499,0.1337223591904,0.1720143210368341,77.73908496942269,3,0.16077614403008123,-0.04201191681670147
RPM-2011-04-12,2011-04-12,2011,83,mercados_estructura_tasas,0.06688613812773422,0.09663932354112713,0.0867820376501816,111.35867070865547,5,0.08848438306974044,0.030411394533295485
RPM-2011-04-12,2011-04-12,2011,83,tipo_cambio,0.05564906264350837,0.08040362203744164,0.1030056339483587,78.05749933809597,6,0.11756702019965715,-0.005519579406790223
RPM-2011-05-12,2011-05-12,2011,102,actividad_demanda,0.09920065769357428,0.15573607849571594,0.20378171244669416,76.42299037822339,3,0.1811863821534674,-0.10631242927197901
RPM-2011-05-12,2011-05-12,2011,102,entorno_externo_commodities,0.2329833619127691,0.3657628485803184,0.32296667399977397,113.25095684038732,1,0.3342661605508008,0.06927884205092705
RPM-2011-05-12,2011-05-12,2011,102,inflacion_expectativas,0.08687204351473528,0.1363812670444665,0.1114496209181575,122.37032833392715,4,0.11614211402791191,0.018100035600958186
RPM-2011-05-12,2011-05-12,2011,102,mercado_laboral,0.10230095560171705,0.1606032663713655,0.1720143210368341,93.36621823305914,2,0.16177346158387793,0.011967810645560212
RPM-2011-05-12,2011-05-12,2011,102,mercados_estructura_tasas,0.04866613854027177,0.07640144478882911,0.0867820376501816,88.0383162893724,6,0.08556330704450223,-0.03505291230285845
RPM-2011-05-12,2011-05-12,2011,102,tipo_cambio,0.06695613906808513,0.10511509471930466,0.1030056339483587,102.04790814840626,5,0.12106857463943982,0.04201865327739203
RPM-2011-06-14,2011-06-14,2011,80,actividad_demanda,0.1589307762950104,0.25704899133361725,0.20378171244669416,126.13938132493459,2,0.18542049999958307,0.05080941415338747
RPM-2011-06-14,2011-06-14,2011,80,entorno_externo_commodities,0.22255696142174403,0.35995572274524973,0.32296667399977397,111.45289954761762,1,0.3427142121329992,0.1013766189863819
RPM-2011-06-14,2011-06-14,2011,80,inflacion_expectativas,0.05419836198389315,0.0876585051974693,0.1114496209181575,78.65303127575545,4,0.11145966880761592,-0.05618934264355192
RPM-2011-06-14,2011-06-14,2011,80,mercado_laboral,0.10180437373548501,0.16465477733200112,0.1720143210368341,95.72155175192825,3,0.15747536552590968,-0.05157715269561877
RPM-2011-06-14,2011-06-14,2011,80,mercados_estructura_tasas,0.029110386339137734,0.047082104676299794,0.0867820376501816,54.25328322675225,6,0.08026541675126901,-0.0635746835187985
RPM-2011-06-14,2011-06-14,2011,80,tipo_cambio,0.051688966885586905,0.08359989871536283,0.1030056339483587,81.16051084863493,5,0.12266483678262313,0.0191551457181999
RPM-2011-07-14,2011-07-14,2011,103,actividad_demanda,0.14662130727470205,0.22898605652670545,0.20378171244669416,112.36830517193948,2,0.18568191091562136,0.00313693099245943
RPM-2011-07-14,2011-07-14,2011,103,entorno_externo_commodities,0.2310970032041938,0.360916107095699,0.32296667399977397,111.75026284475146,1,0.3436792262995292,0.01158016999835948
RPM-2011-07-14,2011-07-14,2011,103,inflacion_expectativas,0.06460846838938611,0.10090237680801563,0.1114496209181575,90.536312260867,4,0.11058260361860543,-0.010524782268125893
RPM-2011-07-14,2011-07-14,2011,103,mercado_laboral,0.10228249410836532,0.1597398455444794,0.1720143210368341,92.86427117325522,3,0.1566512999207133,-0.00988878726235648
RPM-2011-07-14,2011-07-14,2011,103,mercados_estructura_tasas,0.04096665619549166,0.06397973954573735,0.0867820376501816,73.72463389675141,6,0.08003818844938272,-0.002726739622635449
RPM-2011-07-14,2011-07-14,2011,103,tipo_cambio,0.05473077551842531,0.08547587447936314,0.1030056339483587,82.98174692290715,5,0.12336677079614805,0.008423208162298898
RPM-2011-08-18,2011-08-18,2011,84,actividad_demanda,0.11694796661881539,0.1825593164872809,0.20378171244669416,89.58572106171466,2,0.17910450748022635,-0.07892884122473998
RPM-2011-08-18,2011-08-18,2011,84,entorno_externo_commodities,0.3086586445580527,0.48182548878402603,0.32296667399977397,149.18737057816784,1,0.36204822921124585,0.22042803494059976
RPM-2011-08-18,2011-08-18,2011,84,inflacion_expectativas,0.04230424866448424,0.06603821292480407,0.1114496209181575,59.25386948897648,5,0.10935174831837603,-0.014770263602752645
RPM-2011-08-18,2011-08-18,2011,84,mercado_laboral,0.09782871372441639,0.15271358388445863,0.1720143210368341,88.77957542369829,3,0.14850635709343302,-0.09773931392736332
RPM-2011-08-18,2011-08-18,2011,84,mercados_estructura_tasas,0.051142502753872006,0.07983499513614996,0.0867820376501816,91.99483821521319,4,0.08228727237721152,0.026989007133945385
RPM-2011-08-18,2011-08-18,2011,84,tipo_cambio,0.023720489843906928,0.037028402783280484,0.1030056339483587,35.94793931547906,6,0.11870188551950728,-0.05597862331968914
RPM-2011-09-15,2011-09-15,2011,69,actividad_demanda,0.14123144307171778,0.24822514408269367,0.20378171244669416,121.80933269349435,2,0.1845808843796138,0.06571652279264914
RPM-2011-09-15,2011-09-15,2011,69,entorno_externo_commodities,0.17860010258766393,0.3139034427021629,0.32296667399977397,97.19375649958937,1,0.36858523246000785,0.07844403898514493
RPM-2011-09-15,2011-09-15,2011,69,inflacion_expectativas,0.04960909512479971,0.08719180741438903,0.1114496209181575,78.23427903664017,4,0.11206736825081366,0.03258743918925162
RPM-2011-09-15,2011-09-15,2011,69,mercado_laboral,0.11629590931032185,0.2043990220373481,0.1720143210368341,118.82674698554858,3,0.1493681860538983,0.01034194752558304
RPM-2011-09-15,2011-09-15,2011,69,mercados_estructura_tasas,0.04200228859443432,0.07382225877888943,0.0867820376501816,85.06628880560164,5,0.07785385486031055,-0.053201010202811705
RPM-2011-09-15,2011-09-15,2011,69,tipo_cambio,0.041226257871417135,0.07245832498451674,0.1030056339483587,70.34404061902411,6,0.10754447399535587,-0.13388893828981718
RPM-2011-10-13,2011-10-13,2011,86,actividad_demanda,0.1363883791072618,0.20990272442898766,0.20378171244669416,103.00371015082851,2,0.19339223738522363,0.10573623606731798
RPM-2011-10-13,2011-10-13,2011,86,entorno_externo_commodities,0.2500089472168512,0.38476561929934944,0.32296667399977397,119.13477466087375,1,0.3698526299566817,0.015208769960085966
RPM-2011-10-13,2011-10-13,2011,86,inflacion_expectativas,0.046405232100791984,0.07141799550279375,0.1114496209181575,64.08096762862856,5,0.11259816176108157,0.006369522123214913
RPM-2011-10-13,2011-10-13,2011,86,mercado_laboral,0.11934087708219451,0.1836664926972786,0.1720143210368341,106.77395439531422,3,0.15446624256328725,0.061176678112667776
RPM-2011-10-13,2011-10-13,2011,86,mercados_estructura_tasas,0.05519142748724542,0.08494001520163907,0.0867820376501816,97.87741507526279,4,0.07587336593164418,-0.023765867143996297
RPM-2011-10-13,2011-10-13,2011,86,tipo_cambio,0.042434593206322146,0.06530715286995138,0.1030056339483587,63.40153481574878,6,0.09381736240208166,-0.16472533911929038
RPM-2011-11-15,2011-11-15,2011,89,actividad_demanda,0.12386484637186754,0.2044283032287267,0.20378171244669416,100.31729578393924,2,0.19276873134630582,-0.007482072467013434
RPM-2011-11-15,2011-11-15,2011,89,entorno_externo_commodities,0.23705856496997588,0.39124482548630296,0.32296667399977397,121.14092783659059,1,0.37187451067200455,0.024262568583874322
RPM-2011-11-15,2011-11-15,2011,89,inflacion_expectativas,0.05959821248525137,0.09836173709243957,0.1114496209181575,88.25668161282582,5,0.111554274933977,-0.012526641925255225
RPM-2011-11-15,2011-11-15,2011,89,mercado_laboral,0.09493723358030659,0.15668575986268957,0.1720143210368341,91.08878779292908,3,0.15454086366115818,0.0008954531744509442
RPM-2011-11-15,2011-11-15,2011,89,mercados_estructura_tasas,0.0612820815569402,0.10114081854506761,0.0867820376501816,116.54579828231996,4,0.07837700277352778,0.030043642102603393
RPM-2011-11-15,2011-11-15,2011,89,tipo_cambio,0.02916756008180117,0.04813855578477357,0.1030056339483587,46.733905651129305,6,0.09088461661302666,-0.03519294946866006
RPM-2011-12-13,2011-12-13,2011,71,actividad_demanda,0.110050657379845,0.18457309540632053,0.20378171244669416,90.57392500546472,3,0.19405903782123626,0.015483677699165255
RPM-2011-12-13,2011-12-13,2011,71,entorno_externo_commodities,0.2370825927273638,0.39762659350238205,0.32296667399977397,123.11691128313143,1,0.37820815402841684,0.07600372027694796
RPM-2011-12-13,2011-12-13,2011,71,inflacion_expectativas,0.039868764846355854,0.06686649142239737,0.1114496209181575,59.99705595364964,6,0.1079641033434306,-0.043082059086556546
RPM-2011-12-13,2011-12-13,2011,71,mercado_laboral,0.11721610599070281,0.19659073402447166,0.1720143210368341,114.28742260499051,2,0.1577326712615346,0.038301691204516986
RPM-2011-12-13,2011-12-13,2011,71,mercados_estructura_tasas,0.051248317534387876,0.0859518773162762,0.0867820376501816,99.04339612622168,4,0.0773878026940566,-0.011870400953654353
RPM-2011-12-13,2011-12-13,2011,71,tipo_cambio,0.04077786862135129,0.06839120832815217,0.1030056339483587,66.39559964500556,5,0.08464823085132504,-0.07483662914041926
RPM-2012-01-12,2012-01-12,2012,70,actividad_demanda,0.12677385616494652,0.21312371743047656,0.20378171244669416,104.58431959944694,2,0.19362794908000644,-0.005173064894758189
RPM-2012-01-12,2012-01-12,2012,70,entorno_externo_commodities,0.20722773142089698,0.34837738482642905,0.32296667399977397,107.86790491785318,1,0.3829672327427766,0.05710894457231541
RPM-2012-01-12,2012-01-12,2012,70,inflacion_expectativas,0.04456092055340561,0.07491283556216291,0.1114496209181575,67.21677018280286,5,0.10292749820117163,-0.06043926170710773
RPM-2012-01-12,2012-01-12,2012,70,mercado_laboral,0.12665374194281795,0.21292178944381815,0.1720143210368341,123.78143177870892,3,0.16461892152481047,0.08263500315931041
RPM-2012-01-12,2012-01-12,2012,70,mercados_estructura_tasas,0.057662565812903605,0.09693844420600306,0.0867820376501816,111.70335109756462,4,0.0794392926717435,0.024617879732242956
RPM-2012-01-12,2012-01-12,2012,70,tipo_cambio,0.031958106496370604,0.05372582853111037,0.1030056339483587,52.158145600118836,6,0.07641910577949147,-0.09874950086200286
RPM-2012-02-14,2012-02-14,2012,90,actividad_demanda,0.16748441464752017,0.2699101099390332,0.20378171244669416,132.45060447199702,2,0.20289326085769285,0.11118374133223671
RPM-2012-02-14,2012-02-14,2012,90,entorno_externo_commodities,0.1905417492901636,0.3070682403919142,0.32296667399977397,95.07737643300284,1,0.374422860453085,-0.1025324674762989
RPM-2012-02-14,2012-02-14,2012,90,inflacion_expectativas,0.05443857287679295,0.08773067763363265,0.1114496209181575,78.71778917763862,4,0.10197839945131555,-0.011389184998272697
RPM-2012-02-14,2012-02-14,2012,90,mercado_laboral,0.1216299645579774,0.19601320621273982,0.1720143210368341,113.95167857609178,3,0.17074630337835048,0.07352858224248009
RPM-2012-02-14,2012-02-14,2012,90,mercados_estructura_tasas,0.04625518562518416,0.0745427105179825,0.0867820376501816,85.8964741280496,5,0.07995963200122418,0.006244071953767874
RPM-2012-02-14,2012-02-14,2012,90,tipo_cambio,0.04016934692565278,0.0647350553046975,0.1030056339483587,62.84613066616537,6,0.06999954385833203,-0.07703474305391328
RPM-2012-03-15,2012-03-15,2012,98,actividad_demanda,0.17210238905161693,0.2641570057476055,0.20378171244669416,129.62743446211078,2,0.21453219125096887,0.13966716471931273
RPM-2012-03-15,2012-03-15,2012,98,entorno_externo_commodities,0.2056956719291764,0.31571875957954654,0.32296667399977397,97.75583210166369,1,0.3694798001252644,-0.05931672393384624
RPM-2012-03-15,2012-03-15,2012,98,inflacion_expectativas,0.05540359633166659,0.0850380299499077,0.1114496209181575,76.30176688743964,4,0.09078385928077114,-0.134334482046533
RPM-2012-03-15,2012-03-15,2012,98,mercado_laboral,0.15000722782444095,0.23024352166731835,0.1720143210368341,133.85136788582585,3,0.1793295298556974,0.10299871772816332
RPM-2012-03-15,2012-03-15,2012,98,mercados_estructura_tasas,0.04230894240166464,0.06493927017956544,0.0867820376501816,74.83031274436726,5,0.07885108353613056,-0.01330258158112338
RPM-2012-03-15,2012-03-15,2012,98,tipo_cambio,0.025997692803362775,0.03990341287605654,0.1030056339483587,38.739058580098536,6,0.06702353595116758,-0.035712094885973385
RPM-2012-04-17,2012-04-17,2012,81,actividad_demanda,0.1287954239897593,0.22283369474931602,0.20378171244669416,109.34921101303708,3,0.22012368648803995,0.0670979428448529
RPM-2012-04-17,2012-04-17,2012,81,entorno_externo_commodities,0.2024448474861755,0.3502572680834775,0.32296667399977397,108.4499721738233,1,0.36478519175640484,-0.05633530042631529
RPM-2012-04-17,2012-04-17,2012,81,inflacion_expectativas,0.045731258301326336,0.0791213300686066,0.1114496209181575,70.9929108926346,4,0.08680177221842376,-0.047785044748168734
RPM-2012-04-17,2012-04-17,2012,81,mercado_laboral,0.1320057121104874,0.22838793216701,0.1720143210368341,132.77262659898207,2,0.18721832760374826,0.09466557297661002
RPM-2012-04-17,2012-04-17,2012,81,mercados_estructura_tasas,0.03062160503966078,0.05297956386000512,0.0867820376501816,61.0489973438579,6,0.07521277022937038,-0.043659759681122005
RPM-2012-04-17,2012-04-17,2012,81,tipo_cambio,0.03839015125642407,0.06642021107158483,0.1030056339483587,64.48211474032986,5,0.06585825170401285,-0.013983410965856813
RPM-2012-05-17,2012-05-17,2012,71,actividad_demanda,0.09580999313864981,0.17720288600657014,0.20378171244669416,86.95720723856583,2,0.2219125871139445,0.021466807510854197
RPM-2012-05-17,2012-05-17,2012,71,entorno_externo_commodities,0.22733713276889564,0.4204654932477623,0.32296667399977397,130.18850769973145,1,0.3693437454786918,0.0547026446674439
RPM-2012-05-17,2012-05-17,2012,71,inflacion_expectativas,0.044754509747598974,0.08277454187484429,0.1114496209181575,74.2708150937807,4,0.08233454512095524,-0.0536067251696222
RPM-2012-05-17,2012-05-17,2012,71,mercado_laboral,0.08709835299112757,0.1610904980873093,0.1720143210368341,93.64946890254235,3,0.18725893024674356,0.0004872317159438089
RPM-2012-05-17,2012-05-17,2012,71,mercados_estructura_tasas,0.041313129297109584,0.07640962598563411,0.0867820376501816,88.04774358219304,6,0.0752134519957708,8.181196804998847e-06
RPM-2012-05-17,2012-05-17,2012,71,tipo_cambio,0.04436652502302857,0.08205695479787992,0.1030056339483587,79.66258897937438,5,0.06393674004389412,-0.023058139921424747
RPM-2012-06-14,2012-06-14,2012,57,actividad_demanda,0.10041363398106398,0.18093060318040505,0.20378171244669416,88.78647696501884,2,0.21556938810117676,-0.0761183881532122
RPM-2012-06-14,2012-06-14,2012,57,entorno_externo_commodities,0.21499953872596014,0.3873975543254673,0.32296667399977397,119.94969930728469,1,0.37163056477704326,0.02744183158021757
RPM-2012-06-14,2012-06-14,2012,57,inflacion_expectativas,0.05909290697655233,0.10647672909604511,0.1114496209181575,95.5379912635466,5,0.08390273044583656,0.018818223898575806
RPM-2012-06-14,2012-06-14,2012,57,mercado_laboral,0.09378336544136545,0.16898383421512744,0.1720143210368341,98.23823574488445,3,0.18761968498700407,0.00432905688312632
RPM-2012-06-14,2012-06-14,2012,57,mercados_estructura_tasas,0.060667983379814196,0.10931478516870087,0.0867820376501816,125.9647596768225,4,0.08039950870347089,0.06223268049240108
RPM-2012-06-14,2012-06-14,2012,57,tipo_cambio,0.026026815266000775,0.04689649401425435,0.1030056339483587,45.5280863935711,6,0.060878122985468415,-0.03670340470110848
RPM-2012-07-12,2012-07-12,2012,89,actividad_demanda,0.11686205531381903,0.18142153858928076,0.20378171244669416,89.02738936239804,3,0.21160567827305807,-0.047564517937424694
RPM-2012-07-12,2012-07-12,2012,89,entorno_externo_commodities,0.21465794401767888,0.3332439633165847,0.32296667399977397,103.18215164107549,1,0.36932455279545046,-0.02767214377911431
RPM-2012-07-12,2012-07-12,2012,89,inflacion_expectativas,0.08498527492956524,0.1319346925206059,0.1114496209181575,118.38056642426046,4,0.08648875675521907,0.031032315712590283
RPM-2012-07-12,2012-07-12,2012,89,mercado_laboral,0.11789467334691567,0.1830246179792192,0.1720143210368341,106.40080248901337,2,0.18956008268989907,0.02328477243473981
RPM-2012-07-12,2012-07-12,2012,89,mercados_estructura_tasas,0.044789741330096486,0.06953346630179555,0.0867820376501816,80.12426094681592,6,0.08086231926647575,0.005553726756058197
RPM-2012-07-12,2012-07-12,2012,89,tipo_cambio,0.0649568452746149,0.10084172129251394,0.1030056339483587,97.89922883545417,5,0.06215861021989764,0.0153658468131508
RPM-2012-08-16,2012-08-16,2012,73,actividad_demanda,0.1637359973824699,0.2854660863874024,0.20378171244669416,140.08425140802342,1,0.2201812424314015,0.10290676990012149
RPM-2012-08-16,2012-08-16,2012,73,entorno_externo_commodities,0.1600165761836595,0.27898144873762176,0.32296667399977397,86.38087802762493,2,0.35242088279158335,-0.20284404004640427
RPM-2012-08-16,2012-08-16,2012,73,inflacion_expectativas,0.04301261900994803,0.07499049818202556,0.1114496209181575,67.28645424204223,5,0.08723478052665419,0.008952285257221498
RPM-2012-08-16,2012-08-16,2012,73,mercado_laboral,0.09769222109597796,0.17032183803552178,0.1720143210368341,99.0160801780278,3,0.1910274372024877,0.017608254151063152
RPM-2012-08-16,2012-08-16,2012,73,mercados_estructura_tasas,0.03873300223975617,0.06752918564138223,0.0867820376501816,77.81470390634568,6,0.07983683514191177,-0.012305809494767728
RPM-2012-08-16,2012-08-16,2012,73,tipo_cambio,0.07038383752950912,0.12271094301604615,0.1030056339483587,119.13032162645258,4,0.06929882190596146,0.08568254023276567
RPM-2012-09-13,2012-09-13,2012,65,actividad_demanda,0.08453778708950849,0.14544229546048307,0.20378171244669416,71.37161314145317,3,0.21161600504621728,-0.1027828486222106
RPM-2012-09-13,2012-09-13,2012,65,entorno_externo_commodities,0.25112495265094453,0.4320457255675114,0.32296667399977397,133.77408889185074,1,0.3622660730303624,0.1181422828653485
RPM-2012-09-13,2012-09-13,2012,65,inflacion_expectativas,0.042337843893228824,0.07283977275344358,0.1114496209181575,65.35668058210187,6,0.08603877763824208,-0.01435203466094545
RPM-2012-09-13,2012-09-13,2012,65,mercado_laboral,0.0902655496127548,0.15529657433285798,0.1720143210368341,90.28118902937373,2,0.18693556656044685,-0.049102447704490126
RPM-2012-09-13,2012-09-13,2012,65,mercados_estructura_tasas,0.05657437640275819,0.0973328904333682,0.0867820376501816,112.15787629430538,4,0.08179605444645167,0.023510631654478767
RPM-2012-09-13,2012-09-13,2012,65,tipo_cambio,0.05640572839905949,0.09704274145233564,0.1030056339483587,94.21110062871657,5,0.07134752327827969,0.024584416467818906
RPM-2012-10-18,2012-10-18,2012,82,actividad_demanda,0.10169600606239325,0.17545643063178645,0.20378171244669416,86.100184616754,3,0.20874548056311718,-0.03444629379720121
RPM-2012-10-18,2012-10-18,2012,82,entorno_externo_commodities,0.21304858609748223,0.36757337790511635,0.32296667399977397,113.81155007509338,1,0.36083338624750966,-0.017192241394233088
RPM-2012-10-18,2012-10-18,2012,82,inflacion_expectativas,0.0537859234295946,0.09279701837455973,0.1114496209181575,83.2636464889412,4,0.08782036287755592,0.021379022871765976
RPM-2012-10-18,2012-10-18,2012,82,mercado_laboral,0.11435999388655788,0.19730564759935434,0.1720143210368341,114.70303542755867,2,0.18807216280228647,0.013639154902075734
RPM-2012-10-18,2012-10-18,2012,82,mercados_estructura_tasas,0.053182069714589934,0.09175518771118578,0.0867820376501816,105.73062144616948,5,0.08236398548891388,0.006815172509546705
RPM-2012-10-18,2012-10-18,2012,82,tipo_cambio,0.043535735512950244,0.07511233777799743,0.1030056339483587,72.92061113439154,6,0.07216462202061687,0.00980518490804605
RPM-2012-11-13,2012-11-13,2012,76,actividad_demanda,0.19986463040464086,0.3419191876250162,0.20378171244669416,167.78698319872862,1,0.22020305426280798,0.1374908843962895
RPM-2012-11-13,2012-11-13,2012,76,entorno_externo_commodities,0.18889656198062546,0.3231555222492947,0.32296667399977397,100.0584729833521,2,0.3551592776444257,-0.06808930323700824
RPM-2012-11-13,2012-11-13,2012,76,inflacion_expectativas,0.06419838534336014,0.10982763543003432,0.1114496209181575,98.54464692229482,4,0.0887758544056888,0.011465898337594746
RPM-2012-11-13,2012-11-13,2012,76,mercado_laboral,0.07910779652291772,0.1353339681321275,0.1720143210368341,78.67598890394011,3,0.18629284682473965,-0.021351791730562064
RPM-2012-11-13,2012-11-13,2012,76,mercados_estructura_tasas,0.024386839294032903,0.04171987941676317,0.0867820376501816,48.07432568584758,6,0.0774122405615552,-0.05942093912830444
RPM-2012-11-13,2012-11-13,2012,76,tipo_cambio,0.028083412999771972,0.048043807146764116,0.1030056339483587,46.64192171357405,5,0.07215672630078275,-9.474863800945643e-05
RPM-2012-12-13,2012-12-13,2012,57,actividad_demanda,0.0981361529608018,0.1742604413458976,0.20378171244669416,85.51328735716713,2,0.2193436664244394,-0.010312654060422921
RPM-2012-12-13,2012-12-13,2012,57,entorno_externo_commodities,0.21997991083281265,0.39061849473831195,0.32296667399977397,120.9469973792359,1,0.35457526941408646,-0.007008098764070103
RPM-2012-12-13,2012-12-13,2012,57,inflacion_expectativas,0.07668718735158803,0.13617349682334728,0.1114496209181575,122.18390309586216,3,0.09455143818910129,0.06930700540094992
RPM-2012-12-13,2012-12-13,2012,57,mercado_laboral,0.06136746199740438,0.10897024887674905,0.1720143210368341,63.349521260741334,5,0.17899113972909605,-0.08762048514772261
RPM-2012-12-13,2012-12-13,2012,57,mercados_estructura_tasas,0.06514595290358247,0.11567971804857459,0.0867820376501816,133.2991494332958,4,0.07988956062258006,0.029727840732298394
RPM-2012-12-13,2012-12-13,2012,57,tipo_cambio,0.041841284219796805,0.07429760016711949,0.1030056339483587,72.12964700976276,6,0.07264892562069669,0.005906391838967323
RPM-2013-01-17,2013-01-17,2013,73,actividad_demanda,0.13245339127135253,0.21118075244707743,0.20378171244669416,103.63086555292283,2,0.21918175267582282,-0.0019429649833991314
RPM-2013-01-17,2013-01-17,2013,73,entorno_externo_commodities,0.1810203723701826,0.2886148710761881,0.32296667399977397,89.36366947767189,1,0.34959505993489975,-0.05976251375024094
RPM-2013-01-17,2013-01-17,2013,73,inflacion_expectativas,0.06768767726900968,0.10791973297067277,0.1114496209181575,96.83275015347348,5,0.0973020129731438,0.03300689740850986
RPM-2013-01-17,2013-01-17,2013,73,mercado_laboral,0.10086939245298031,0.16082392449627778,0.1720143210368341,93.49449715982657,3,0.1746496509834677,-0.05209786494754037
RPM-2013-01-17,2013-01-17,2013,73,mercados_estructura_tasas,0.05708846629283804,0.09102058582307258,0.0867820376501816,104.88413073449205,6,0.07939640575733585,-0.005917858382930477
RPM-2013-01-17,2013-01-17,2013,73,tipo_cambio,0.08808459907273983,0.14044013318671134,0.1030056339483587,136.3421861537401,4,0.0798751176753301,0.08671430465560097
RPM-2013-02-14,2013-02-14,2013,84,actividad_demanda,0.16516869670109097,0.26616909913506703,0.20378171244669416,130.6148112798357,2,0.21887000177549232,-0.0037410108039661605
RPM-2013-02-14,2013-02-14,2013,84,entorno_externo_commodities,0.2250149092479808,0.3626111780422998,0.32296667399977397,112.27510676304442,1,0.3542236380724319,0.05554293765038559
RPM-2013-02-14,2013-02-14,2013,84,inflacion_expectativas,0.05547104716434744,0.08939150666383898,0.1114496209181575,80.20799526046231,4,0.09744041539232766,0.001660829030206326
RPM-2013-02-14,2013-02-14,2013,84,mercado_laboral,0.10785005600488953,0.17380019835379837,0.1720143210368341,101.03821432204,3,0.17279856699522259,-0.022213007858941453
RPM-2013-02-14,2013-02-14,2013,84,mercados_estructura_tasas,0.03484699800254848,0.05615588335533887,0.0867820376501816,64.70910902288703,5,0.07786417016044887,-0.01838682716264363
RPM-2013-02-14,2013-02-14,2013,84,tipo_cambio,0.03218875846217578,0.05187213444965691,0.1030056339483587,50.3585410441362,6,0.07880320760407672,-0.012862920855040594
RPM-2013-03-14,2013-03-14,2013,65,actividad_demanda,0.13283187725003048,0.22942322975484744,0.20378171244669416,112.5828353291813,2,0.21597552044276244,-0.03473377599275804
RPM-2013-03-14,2013-03-14,2013,65,entorno_externo_commodities,0.2029169881442169,0.3504721287988998,0.32296667399977397,108.51649938319798,1,0.3571197521740446,0.034753369219353236
RPM-2013-03-14,2013-03-14,2013,65,inflacion_expectativas,0.0448210828840156,0.07741362848471083,0.1114496209181575,69.46064764236314,6,0.09680504860356126,-0.00762440146519687
RPM-2013-03-14,2013-03-14,2013,65,mercado_laboral,0.064905499104264,0.11210282909215746,0.1720143210368341,65.17063719837167,4,0.16295350928062585,-0.11814069257516088
RPM-2013-03-14,2013-03-14,2013,65,mercados_estructura_tasas,0.05013612259897298,0.08659360548214143,0.0867820376501816,99.78286731546942,5,0.07966869810233021,0.02165433530257599
RPM-2013-03-14,2013-03-14,2013,65,tipo_cambio,0.08337024189504517,0.14399457838724303,0.1030056339483587,139.79291507436758,3,0.0874774713966756,0.1040911655111865
RPM-2013-04-11,2013-04-11,2013,71,actividad_demanda,0.12007360362381136,0.20901578334627488,0.20378171244669416,102.56846938655,2,0.21482402782584234,-0.013817911403041144
RPM-2013-04-11,2013-04-11,2013,71,entorno_externo_commodities,0.23134023900965167,0.4027010085214761,0.32296667399977397,124.68809971451047,1,0.3614900638772112,0.0524437404379986
RPM-2013-04-11,2013-04-11,2013,71,inflacion_expectativas,0.03618440114250326,0.06298729047402679,0.1114496209181575,56.51637928879203,5,0.09546054530401293,-0.016134039594579805
RPM-2013-04-11,2013-04-11,2013,71,mercado_laboral,0.11237618398936144,0.19561665026386862,0.1720143210368341,113.72114198676543,3,0.16022256912203073,-0.03277128190314138
RPM-2013-04-11,2013-04-11,2013,71,mercados_estructura_tasas,0.03372540138710947,0.05870683461520049,0.0867820376501816,67.6486012599148,6,0.08014597066526315,0.005727270755195364
RPM-2013-04-11,2013-04-11,2013,71,tipo_cambio,0.040771637554391935,0.07097243277915313,0.1030056339483587,68.90150573194353,4,0.08785682320563963,0.004552221707568305
RPM-2013-05-16,2013-05-16,2013,60,actividad_demanda,0.12249706309599451,0.22133293606260177,0.20378171244669416,108.61275695703004,2,0.21850153199717834,0.04413005005603163
RPM-2013-05-16,2013-05-16,2013,60,entorno_externo_commodities,0.18753414188050124,0.3388447133778598,0.32296667399977397,104.9163089124474,1,0.354688332221386,-0.08162077986990246
RPM-2013-05-16,2013-05-16,2013,60,inflacion_expectativas,0.04556686846404849,0.08233216804898247,0.1114496209181575,73.87388792416145,6,0.09542368081852444,-0.0004423738258618193
RPM-2013-05-16,2013-05-16,2013,60,mercado_laboral,0.05710347543838384,0.10317700325804328,0.1720143210368341,59.98163561971656,5,0.15539644455292523,-0.05791349482926601
RPM-2013-05-16,2013-05-16,2013,60,mercados_estructura_tasas,0.07503691691167463,0.1355799128027381,0.0867820376501816,156.23038646460543,3,0.08507682790002181,0.059170286817103984
RPM-2013-05-16,2013-05-16,2013,60,tipo_cambio,0.06571311387555,0.11873326644977467,0.1030056339483587,115.26871094187037,4,0.09091318250996418,0.03667631165189475
RPM-2013-06-13,2013-06-13,2013,77,actividad_demanda,0.15153585970259503,0.26012188632267563,0.20378171244669416,127.6473159438775,2,0.22510080559236756,0.07919128314227059
RPM-2013-06-13,2013-06-13,2013,77,entorno_externo_commodities,0.17659235658939723,0.30313311315456204,0.32296667399977397,93.85894507331558,1,0.3476662954571439,-0.08426444117090526
RPM-2013-06-13,2013-06-13,2013,77,inflacion_expectativas,0.05371303443569659,0.09220217488421298,0.1114496209181575,82.72991341255545,5,0.0942341346342051,-0.01427455421183213
RPM-2013-06-13,2013-06-13,2013,77,mercado_laboral,0.10110707271202976,0.1735573515472438,0.1720143210368341,100.89703607299029,3,0.15577757099726827,0.004573517332116361
RPM-2013-06-13,2013-06-13,2013,77,mercados_estructura_tasas,0.05797590301764629,0.09951968652045994,0.0867820376501816,114.67774808610027,4,0.08426056967933508,-0.009795098648240935
RPM-2013-06-13,2013-06-13,2013,77,tipo_cambio,0.041632904143395336,0.07146578757084569,0.1030056339483587,69.38046476824235,6,0.09296062363968012,0.02456929355659134
RPM-2013-07-11,2013-07-11,2013,76,actividad_demanda,0.10602238548999887,0.18691707697129342,0.20378171244669416,91.72416637738667,3,0.22555876712420195,0.005495538382012666
RPM-2013-07-11,2013-07-11,2013,76,entorno_externo_commodities,0.20009532840203495,0.3527673304808584,0.32296667399977397,109.22716146282798,1,0.34929324272083334,0.01952336716427372
RPM-2013-07-11,2013-07-11,2013,76,inflacion_expectativas,0.04712075482914669,0.08307371803264971,0.1114496209181575,74.5392558074778,5,0.09016238676020875,-0.048860974487956205
RPM-2013-07-11,2013-07-11,2013,76,mercado_laboral,0.1248343944327432,0.22008257977793697,0.1720143210368341,127.9443353619434,2,0.15886573448049476,0.03705796179871776
RPM-2013-07-11,2013-07-11,2013,76,mercados_estructura_tasas,0.05256814277877374,0.09267744301928456,0.0867820376501816,106.79334748149996,4,0.0861892344057925,0.02314397671748901
RPM-2013-07-11,2013-07-11,2013,76,tipo_cambio,0.0365751479250997,0.064481851717977,0.1030056339483587,62.60031538692788,6,0.08993063450846872,-0.036359869574536935
RPM-2013-08-13,2013-08-13,2013,67,actividad_demanda,0.17647457551757406,0.3028603561152576,0.20378171244669416,148.61998776974687,1,0.22700828960152322,0.017394269727855183
RPM-2013-08-13,2013-08-13,2013,67,entorno_externo_commodities,0.14720706066556827,0.252632327830218,0.32296667399977397,78.22241369411223,2,0.3470974826452164,-0.026349120907403767
RPM-2013-08-13,2013-08-13,2013,67,inflacion_expectativas,0.03594371527144871,0.061685522547877236,0.1114496209181575,55.34834666972596,6,0.08905363879069639,-0.013304975634148328
RPM-2013-08-13,2013-08-13,2013,67,mercado_laboral,0.1188673483374816,0.20399656631774132,0.1720143210368341,118.59278058252995,3,0.1616719618373464,0.03367472828221954
RPM-2013-08-13,2013-08-13,2013,67,mercados_estructura_tasas,0.04032346046013897,0.06920190944752287,0.0867820376501816,79.74220394141443,5,0.08632862805630422,0.0016727238061406413
RPM-2013-08-13,2013-08-13,2013,67,tipo_cambio,0.06387672758951797,0.10962331774138301,0.1030056339483587,106.42458430607985,4,0.08883999906891345,-0.013087625274663145
RPM-2013-09-12,2013-09-12,2013,72,actividad_demanda,0.1358694563295828,0.23019091485875404,0.20378171244669416,112.95955466021911,2,0.23407067455137912,0.08474861939827097
RPM-2013-09-12,2013-09-12,2013,72,entorno_externo_commodities,0.2252959205557354,0.3816978110287633,0.32296667399977397,118.18489081292347,1,0.3429018231003207,-0.050347914538748095
RPM-2013-09-12,2013-09-12,2013,72,inflacion_expectativas,0.04694284108039419,0.07953086607009771,0.1114496209181575,71.36037378583892,4,0.08961122990041757,0.006691093316654129
RPM-2013-09-12,2013-09-12,2013,72,mercado_laboral,0.09756431590523856,0.16529409730850222,0.1720143210368341,96.09321846702936,3,0.1625050887519834,0.00999752297564424
RPM-2013-09-12,2013-09-12,2013,72,mercados_estructura_tasas,0.040732223580971866,0.06900879758870246,0.0867820376501816,79.51967879214467,6,0.08396828698591541,-0.028324092844665735
RPM-2013-09-12,2013-09-12,2013,72,tipo_cambio,0.04384206620292378,0.07427751314518029,0.1030056339483587,72.11014611338533,5,0.08694289670998384,-0.022765228307155355
RPM-2013-10-17,2013-10-17,2013,51,actividad_demanda,0.10558203285864294,0.18931924004719008,0.20378171244669416,92.90295864831972,2,0.23522590866932944,0.013862809415403632
RPM-2013-10-17,2013-10-17,2013,51,entorno_externo_commodities,0.16634055480345714,0.2982654015250909,0.32296667399977397,92.35175810284984,1,0.3371261584019853,-0.06930797638002545
RPM-2013-10-17,2013-10-17,2013,51,inflacion_expectativas,0.05599774632411035,0.10040961034184208,0.1114496209181575,90.09416946835324,5,0.09024561256435777,0.007612591967282353
RPM-2013-10-17,2013-10-17,2013,51,mercado_laboral,0.08680841837363719,0.1556562546792278,0.1720143210368341,90.49028809984753,4,0.15903430600863952,-0.04164939292012654
RPM-2013-10-17,2013-10-17,2013,51,mercados_estructura_tasas,0.1033381333698644,0.18529570181387547,0.0867820376501816,213.51849625933247,3,0.09176332982780622,0.0935405141026897
RPM-2013-10-17,2013-10-17,2013,51,tipo_cambio,0.03962620891996732,0.07105379159277368,0.1030056339483587,68.98049055102763,6,0.08660468452788188,-0.004058546185223749
RPM-2013-11-19,2013-11-19,2013,56,actividad_demanda,0.14872579908349534,0.2919892235320308,0.20378171244669416,143.28529288829594,1,0.2310650783282473,-0.049929964092985446
RPM-2013-11-19,2013-11-19,2013,56,entorno_externo_commodities,0.13979269812179193,0.2744511149482156,0.32296667399977397,84.97815317886565,2,0.333067457793562,-0.04870440730107911
RPM-2013-11-19,2013-11-19,2013,56,inflacion_expectativas,0.04570704188429009,0.08973536368258063,0.1114496209181575,80.5165266093434,6,0.08857125658540328,-0.02009227174745369
RPM-2013-11-19,2013-11-19,2013,56,mercado_laboral,0.07484503889393031,0.14694118254220606,0.1720143210368341,85.42380753910658,3,0.16000157387614605,0.011607214410078559
RPM-2013-11-19,2013-11-19,2013,56,mercados_estructura_tasas,0.05216485948565409,0.10241381731169956,0.0867820376501816,118.01269028105754,4,0.09682115798571757,0.06069393789493639
RPM-2013-11-19,2013-11-19,2013,56,tipo_cambio,0.04811828896102055,0.09446929798326739,0.1030056339483587,91.71274847998028,5,0.09047347543092381,0.046425490836503276
RPM-2013-12-12,2013-12-12,2013,64,actividad_demanda,0.11095235644644709,0.19429439388226874,0.20378171244669416,95.3443719504972,2,0.2327345743729449,0.020033952536371136
RPM-2013-12-12,2013-12-12,2013,64,entorno_externo_commodities,0.16653876882552063,0.29163462753917885,0.32296667399977397,90.2986750699185,1,0.32481880219363424,-0.0989838671991331
RPM-2013-12-12,2013-12-12,2013,64,inflacion_expectativas,0.058969520810638,0.10326456931954267,0.1114496209181575,92.65582822876941,6,0.08582884596008623,-0.032908927503804614
RPM-2013-12-12,2013-12-12,2013,64,mercado_laboral,0.09328487951881628,0.16335596381170203,0.1720143210368341,94.96649048001183,3,0.16453371678739215,0.05438571493495298
RPM-2013-12-12,2013-12-12,2013,64,mercados_estructura_tasas,0.06786313892163134,0.11883864269336829,0.0867820376501816,136.9392168139758,5,0.09708440170611705,0.003158924644793698
RPM-2013-12-12,2013-12-12,2013,64,tipo_cambio,0.07344412927849017,0.12861180275393946,0.1030056339483587,124.85899831306148,4,0.09499965897982547,0.054314202586819973
RPM-2014-01-16,2014-01-16,2014,53,actividad_demanda,0.0992592243532096,0.18863501405306785,0.20378171244669416,92.56719446913647,2,0.23085576284011075,-0.022545738394009585
RPM-2014-01-16,2014-01-16,2014,53,entorno_externo_commodities,0.17739902882281736,0.3371340901870616,0.32296667399977397,104.38664956103104,1,0.3288620704528737,0.04851921911087348
RPM-2014-01-16,2014-01-16,2014,53,inflacion_expectativas,0.06891081790361023,0.13096005120289445,0.1114496209181575,117.50605351907329,4,0.08774887247943804,0.023040318232221677
RPM-2014-01-16,2014-01-16,2014,53,mercado_laboral,0.07709448283231335,0.14651251757456618,0.1720143210368341,85.1746044698179,3,0.16334109954391618,-0.014311406921711595
RPM-2014-01-16,2014-01-16,2014,53,mercados_estructura_tasas,0.0672764318477235,0.12785401809988278,0.0867820376501816,147.32774380714858,5,0.10015385439585124,0.0368334322768102
RPM-2014-01-16,2014-01-16,2014,53,tipo_cambio,0.03625725737401814,0.06890430888252709,0.1030056339483587,66.8937282761367,6,0.0890383402878101,-0.07153582430418425
RPM-2014-02-18,2014-02-18,2014,73,actividad_demanda,0.07327468894100332,0.12957764956451334,0.20378171244669416,63.5864955734969,4,0.21947314204256463,-0.1365914495705537
RPM-2014-02-18,2014-02-18,2014,73,entorno_externo_commodities,0.20587574802678996,0.3640669911697091,0.32296667399977397,112.72586940966048,1,0.3289833882134911,0.0014558131274092778
RPM-2014-02-18,2014-02-18,2014,73,inflacion_expectativas,0.06907335189638648,0.12214808026660627,0.1114496209181575,109.5993680914403,5,0.09047858694633532,0.03275657360276729
RPM-2014-02-18,2014-02-18,2014,73,mercado_laboral,0.094140927369519,0.16647713245411977,0.1720143210368341,96.78097233454847,2,0.1627308440522763,-0.007323065899678599
RPM-2014-02-18,2014-02-18,2014,73,mercados_estructura_tasas,0.04813031003153366,0.08511277955364398,0.0867820376501816,98.07649354435948,6,0.10256692907904334,0.028956896198305104
RPM-2014-02-18,2014-02-18,2014,73,tipo_cambio,0.0749936146174049,0.1326173669914074,0.1030056339483587,128.7476829256683,3,0.09576710966628932,0.08074523254175048
RPM-2014-03-13,2014-03-13,2014,72,actividad_demanda,0.10847777413410578,0.18684463658886286,0.20378171244669416,91.68861834829181,2,0.21592492594539925,-0.042578593165984585
RPM-2014-03-13,2014-03-13,2014,72,entorno_externo_commodities,0.21901809970862693,0.3772418596628966,0.32296667399977397,116.8051969545194,1,0.33121419911882416,0.02676973086399681
RPM-2014-03-13,2014-03-13,2014,72,inflacion_expectativas,0.04537014814605666,0.07814659648024226,0.1114496209181575,70.11831519609102,6,0.0905396676126296,0.0007329679955314361
RPM-2014-03-13,2014-03-13,2014,72,mercado_laboral,0.07030682628138647,0.12109810983051708,0.1720143210368341,70.40001617341261,4,0.16348045078047294,0.008995280738359618
RPM-2014-03-13,2014-03-13,2014,72,mercados_estructura_tasas,0.07401836699415924,0.1274909537213355,0.0867820376501816,146.90938029739698,3,0.10597504143230951,0.04089734823919408
RPM-2014-03-13,2014-03-13,2014,72,tipo_cambio,0.06338618912112083,0.10917784371614571,0.1030056339483587,105.99210890821897,5,0.09286571511036455,-0.03481673467109732
RPM-2014-04-17,2014-04-17,2014,86,actividad_demanda,0.10876925278330953,0.1985084368322758,0.20378171244669416,97.4122920299839,2,0.21504931373589933,-0.010507346513999094
RPM-2014-04-17,2014-04-17,2014,86,entorno_externo_commodities,0.1576051143245227,0.28763592725658493,0.32296667399977397,89.06055962194608,1,0.32162544234674995,-0.11506508126489118
RPM-2014-04-17,2014-04-17,2014,86,inflacion_expectativas,0.05763909964488658,0.10519376825839473,0.1114496209181575,94.38683361304861,5,0.09405687409466028,0.04220647778436794
RPM-2014-04-17,2014-04-17,2014,86,mercado_laboral,0.10465027767054794,0.1909911349288208,0.1720143210368341,111.03211277851867,3,0.16309499116921897,-0.0046255153350478195
RPM-2014-04-17,2014-04-17,2014,86,mercados_estructura_tasas,0.056996176207571476,0.10402040608775895,0.0867820376501816,119.86398211466896,6,0.10975117238835602,0.04531357147255846
RPM-2014-04-17,2014-04-17,2014,86,tipo_cambio,0.06227272404164536,0.11365032663616476,0.1030056339483587,110.33408783556705,4,0.09642220626511551,0.04267789385701162
RPM-2014-05-15,2014-05-15,2014,65,actividad_demanda,0.18877861292381948,0.32759996016198567,0.20378171244669416,160.76023516962067,1,0.22390489907751462,0.1062670240993839
RPM-2014-05-15,2014-05-15,2014,65,entorno_externo_commodities,0.12603160771304972,0.21871094943688144,0.32296667399977397,67.71935529082933,2,0.3116142953516684,-0.12013376394097838
RPM-2014-05-15,2014-05-15,2014,65,inflacion_expectativas,0.06253531322007845,0.10852164767140349,0.1114496209181575,97.37282798933505,4,0.09623933072986203,0.02618947962242102
RPM-2014-05-15,2014-05-15,2014,65,mercado_laboral,0.11064628128570943,0.19201177919395893,0.1720143210368341,111.62546120380448,3,0.17049788916387856,0.08883477593591564
RPM-2014-05-15,2014-05-15,2014,65,mercados_estructura_tasas,0.039436085848806444,0.0684360370749579,0.0867820376501816,78.85967986926462,6,0.10415584941104102,-0.06714387572778019
RPM-2014-05-15,2014-05-15,2014,65,tipo_cambio,0.04881946128072867,0.08471962646081259,0.1030056339483587,82.24756570430536,5,0.09358773626603534,-0.03401363998896208
RPM-2014-06-12,2014-06-12,2014,78,actividad_demanda,0.13086419200715363,0.2296336732531842,0.20378171244669416,112.68610440853591,2,0.22136421465505704,-0.030488213069491427
RPM-2014-06-12,2014-06-12,2014,78,entorno_externo_commodities,0.1799985259759793,0.3158520452849572,0.32296667399977397,97.79710128394802,1,0.3126742063625347,0.012718932130395155
RPM-2014-06-12,2014-06-12,2014,78,inflacion_expectativas,0.0676005853231758,0.11862198882470136,0.1114496209181575,106.43552472180309,4,0.0984409818915694,0.026419813940488382
RPM-2014-06-12,2014-06-12,2014,78,mercado_laboral,0.08575451854314367,0.15047756601014217,0.1720143210368341,87.47967326390216,3,0.16857457370245343,-0.023079785537101632
RPM-2014-06-12,2014-06-12,2014,78,mercados_estructura_tasas,0.055187873858363386,0.09684080877094783,0.0867820376501816,111.59084459541404,5,0.10393260959858168,-0.0026788777495121013
RPM-2014-06-12,2014-06-12,2014,78,tipo_cambio,0.0504767181090307,0.08857391785606727,0.1030056339483587,85.98939151277233,6,0.09501341378980381,0.01710813028522158
RPM-2014-07-15,2014-07-15,2014,56,actividad_demanda,0.16400584656261122,0.2997277400736312,0.20378171244669416,147.08274676611862,1,0.23076510324691848,0.11281066310233775
RPM-2014-07-15,2014-07-15,2014,56,entorno_externo_commodities,0.13845538481924757,0.25303317206472453,0.32296667399977397,78.34652688187315,2,0.3043630264945235,-0.09973415841613387
RPM-2014-07-15,2014-07-15,2014,56,inflacion_expectativas,0.07406516701136892,0.1353572789737028,0.1114496209181575,121.45153824534027,4,0.10279794530332381,0.0522835609410531
RPM-2014-07-15,2014-07-15,2014,56,mercado_laboral,0.1105582077361656,0.20204988081751935,0.1720143210368341,117.46108091445109,3,0.16707184878908532,-0.01803269896041762
RPM-2014-07-15,2014-07-15,2014,56,mercados_estructura_tasas,0.034597898825551476,0.06322914849453143,0.0867820376501816,72.85971867750806,5,0.10147858505485226,-0.02944829452475313
RPM-2014-07-15,2014-07-15,2014,56,tipo_cambio,0.025500236696934134,0.04660277957589084,0.1030056339483587,45.24294234163433,6,0.09352349111129664,-0.017879072142086165
RPM-2014-08-14,2014-08-14,2014,59,actividad_demanda,0.1507021442413372,0.28757195518239875,0.20378171244669416,141.11764580328705,1,0.2294910698358469,-0.015288400932858826
RPM-2014-08-14,2014-08-14,2014,59,entorno_externo_commodities,0.13257303292292089,0.2529777295076302,0.32296667399977397,78.32936023232145,2,0.3043918099676412,0.00034540167741220484
RPM-2014-08-14,2014-08-14,2014,59,inflacion_expectativas,0.056000333006201136,0.10686062454207176,0.1114496209181575,95.88244774788814,4,0.10656253713617336,0.04517510199419453
RPM-2014-08-14,2014-08-14,2014,59,mercado_laboral,0.0986122272745457,0.18817324162832727,0.1720143210368341,109.39393911744884,3,0.1657532383983008,-0.015823324689414053
RPM-2014-08-14,2014-08-14,2014,59,mercados_estructura_tasas,0.05216850865999101,0.09954868333046883,0.0867820376501816,114.71116146379231,5,0.10400748287843109,0.03034677388294596
RPM-2014-08-14,2014-08-14,2014,59,tipo_cambio,0.03399396646093769,0.06486776580910311,0.1030056339483587,62.974968768819195,6,0.08979386178360661,-0.0447555519322799
RPM-2014-09-11,2014-09-11,2014,61,actividad_demanda,0.07609774574176215,0.1578578880452785,0.20378171244669416,77.46420723919054,3,0.22346331760139063,-0.07233302681347553
RPM-2014-09-11,2014-09-11,2014,61,entorno_externo_commodities,0.1414808384641332,0.29348919788784933,0.32296667399977397,90.87290470349109,1,0.29704109220589836,-0.088208613140914
RPM-2014-09-11,2014-09-11,2014,61,inflacion_expectativas,0.06841436492578232,0.14191940975218817,0.1114496209181575,127.33951769688478,4,0.11176158244301422,0.06238854368209046
RPM-2014-09-11,2014-09-11,2014,61,mercado_laboral,0.11532505504828146,0.23923139182605746,0.1720143210368341,139.07643874304506,2,0.17191467960809706,0.07393729451755524
RPM-2014-09-11,2014-09-11,2014,61,mercados_estructura_tasas,0.03284814016840207,0.06814049460539455,0.0867820376501816,78.51912267843825,6,0.10393512429648875,-0.0008683029833079087
RPM-2014-09-11,2014-09-11,2014,61,tipo_cambio,0.04789874758744738,0.0993616178832321,0.1030056339483587,96.46231383134489,5,0.09188420384511094,0.02508410473805181
RPM-2014-10-16,2014-10-16,2014,65,actividad_demanda,0.12474171290969167,0.22880789850752192,0.20378171244669416,112.28087926063249,2,0.22675403913975165,0.03948865846033184
RPM-2014-10-16,2014-10-16,2014,65,entorno_externo_commodities,0.20328229290112876,0.37287121651256455,0.32296667399977397,115.45191703365207,1,0.30325824345485447,0.07460581498747365
RPM-2014-10-16,2014-10-16,2014,65,inflacion_expectativas,0.0653905695253134,0.11994286791723634,0.1114496209181575,107.62070514830715,4,0.1133893539076304,0.01953325757539426
RPM-2014-10-16,2014-10-16,2014,65,mercado_laboral,0.06876948757481034,0.12614065949874398,0.1720143210368341,73.33148701713795,3,0.1694550466763901,-0.029515595180483828
RPM-2014-10-16,2014-10-16,2014,65,mercados_estructura_tasas,0.05066177051182988,0.09292651972699922,0.0867820376501816,107.08036160845408,5,0.09623769245591574,-0.09236918208687625
RPM-2014-10-16,2014-10-16,2014,65,tipo_cambio,0.03233514032578241,0.05931083783693402,0.1030056339483587,57.58018815424133,6,0.09090562436545764,-0.011742953755839662
RPM-2014-11-18,2014-11-18,2014,42,actividad_demanda,0.12493208008610875,0.24082480457995917,0.20378171244669416,118.17782944725958,2,0.22249033756041234,-0.051164418952071605
RPM-2014-11-18,2014-11-18,2014,42,entorno_externo_commodities,0.15222137961375976,0.2934289093170359,0.32296667399977397,90.85423758528141,1,0.3048397263189228,0.0189777943688203
RPM-2014-11-18,2014-11-18,2014,42,inflacion_expectativas,0.06395933272514098,0.12329094171793374,0.1114496209181575,110.62481927010937,4,0.11618565207724317,0.03355557803535311
RPM-2014-11-18,2014-11-18,2014,42,mercado_laboral,0.09222868494365141,0.17778424094846332,0.1720143210368341,103.35432531248006,3,0.1720253015435782,0.030843058406257257
RPM-2014-11-18,2014-11-18,2014,42,mercados_estructura_tasas,0.04012492507796112,0.07734664494519956,0.0867820376501816,89.12748195310174,6,0.09414876142537408,-0.025067172366499996
RPM-2014-11-18,2014-11-18,2014,42,tipo_cambio,0.04530109039537272,0.0873244584914083,0.1030056339483587,84.77639051781179,5,0.09031022107446939,-0.007144839491859095
RPM-2014-12-11,2014-12-11,2014,38,actividad_demanda,0.05584302294298901,0.1186233784955827,0.20378171244669416,58.21100287721479,5,0.21618441961152182,-0.07567101538668604
RPM-2014-12-11,2014-12-11,2014,38,entorno_externo_commodities,0.17640580583592663,0.374726359206179,0.32296667399977397,116.02632388208615,1,0.3117640372911729,0.08309173166700018
RPM-2014-12-11,2014-12-11,2014,38,inflacion_expectativas,0.06901697842055174,0.14660787905699219,0.1114496209181575,131.5463236655179,3,0.11979759455536397,0.043343309737449515
RPM-2014-12-11,2014-12-11,2014,38,mercado_laboral,0.07169217305019593,0.15229060553520612,0.1720143210368341,88.53367825263547,2,0.1711031883538702,-0.011065358276495907
RPM-2014-12-11,2014-12-11,2014,38,mercados_estructura_tasas,0.04140648162247103,0.08795685625198474,0.0867820376501816,101.35375779782774,6,0.09157527922192543,-0.03088178644138355
RPM-2014-12-11,2014-12-11,2014,38,tipo_cambio,0.05639453733364613,0.11979492145405526,0.1030056339483587,116.29938757924036,4,0.0895754809661457,-0.0088168812998842
RPM-2015-01-15,2015-01-15,2015,55,actividad_demanda,0.08720545021266035,0.15161539800975157,0.20378171244669416,74.4008852361625,3,0.21309945160791213,-0.03701961604331627
RPM-2015-01-15,2015-01-15,2015,55,entorno_externo_commodities,0.2485623840207287,0.43215056732869567,0.32296667399977397,133.80655099076822,1,0.31968207705297574,0.09501647714163408
RPM-2015-01-15,2015-01-15,2015,55,inflacion_expectativas,0.10403402497622186,0.18087355853173945,0.1114496209181575,162.2917664875353,2,0.12395705349943438,0.049913507328845
RPM-2015-01-15,2015-01-15,2015,55,mercado_laboral,0.0592076579883724,0.10293843571980198,0.1720143210368341,59.84294511022682,4,0.16747201486597318,-0.043574081854764204
RPM-2015-01-15,2015-01-15,2015,55,mercados_estructura_tasas,0.04979706208757777,0.08657717344171588,0.0867820376501816,99.76393247495348,5,0.0881355421670782,-0.0412768446581669
RPM-2015-01-15,2015-01-15,2015,55,tipo_cambio,0.026368840608475556,0.0458448669682954,0.1030056339483587,44.5071451055575,6,0.0876538608066264,-0.02305944191423169
RPM-2015-02-12,2015-02-12,2015,54,actividad_demanda,0.07442483208125293,0.1321670681348109,0.20378171244669416,64.85717807940375,4,0.21331523648877027,0.002589418570297569
RPM-2015-02-12,2015-02-12,2015,54,entorno_externo_commodities,0.22223888120073013,0.39466211118613737,0.32296667399977397,122.19902019562971,1,0.322231670387678,0.03059512001642828
RPM-2015-02-12,2015-02-12,2015,54,inflacion_expectativas,0.09079959154185278,0.16124612533654545,0.1114496209181575,144.6807301883564,2,0.12721522392192933,0.03909804506993918
RPM-2015-02-12,2015-02-12,2015,54,mercado_laboral,0.07944572326127984,0.14108339952758597,0.1720143210368341,82.0184032801404,3,0.16535587045542868,-0.025393732926533796
RPM-2015-02-12,2015-02-12,2015,54,mercados_estructura_tasas,0.039098439314786244,0.06943282165877786,0.0867820376501816,80.008286897643,6,0.08682887900917269,-0.01567995789486612
RPM-2015-02-12,2015-02-12,2015,54,tipo_cambio,0.05710430568822708,0.10140847415614244,0.1030056339483587,98.44944423815014,5,0.085053119737021,-0.031208892835264943
RPM-2015-03-19,2015-03-19,2015,57,actividad_demanda,0.1309374768954376,0.21794610582274282,0.20378171244669416,106.95076766505916,2,0.2159070255915936,0.031101469233879964
RPM-2015-03-19,2015-03-19,2015,57,entorno_externo_commodities,0.2040886980167812,0.3397066907796898,0.32296667399977397,105.18320251826587,1,0.31910373964741084,-0.03753516888320679
RPM-2015-03-19,2015-03-19,2015,57,inflacion_expectativas,0.07344315485753257,0.12224651016697281,0.1114496209181575,109.6876859336686,4,0.13089021672915685,0.04409991368673055
RPM-2015-03-19,2015-03-19,2015,57,mercado_laboral,0.10814962419186686,0.18001560743096756,0.1720143210368341,104.651523399857,3,0.1702656619221329,0.05891749760045048
RPM-2015-03-19,2015-03-19,2015,57,mercados_estructura_tasas,0.02737166442399258,0.045560276649136776,0.0867820376501816,52.49966223746699,6,0.08000132258648947,-0.08193067707219873
RPM-2015-03-19,2015-03-19,2015,57,tipo_cambio,0.056788534796093804,0.0945248091504903,0.1030056339483587,91.76663986931024,5,0.08383203352321637,-0.014653034565655407
RPM-2015-04-16,2015-04-16,2015,76,actividad_demanda,0.16021357744164916,0.2570425164500808,0.20378171244669416,126.13620396252131,2,0.220784865559744,0.05853407961780502
RPM-2015-04-16,2015-04-16,2015,76,entorno_externo_commodities,0.16637543804456553,0.2669284460989902,0.32296667399977397,82.6489132123821,1,0.31737811621761125,-0.020707481157594743
RPM-2015-04-16,2015-04-16,2015,76,inflacion_expectativas,0.07677986952684135,0.12318363518894675,0.1114496209181575,110.52853672728602,5,0.13238937230670286,0.017989866930552018
RPM-2015-04-16,2015-04-16,2015,76,mercado_laboral,0.09079409613009787,0.14566769758693351,0.1720143210368341,84.68347095108501,4,0.16648870881030894,-0.04532343734188729
RPM-2015-04-16,2015-04-16,2015,76,mercados_estructura_tasas,0.024431573749694655,0.03919738450222455,0.0867820376501816,45.167624042465114,6,0.07459940412102826,-0.06482302158553441
RPM-2015-04-16,2015-04-16,2015,76,tipo_cambio,0.10470146498082702,0.16798032017282422,0.1030056339483587,163.07876931958907,3,0.08835953298460465,0.05432999353665946
RPM-2015-05-14,2015-05-14,2015,72,actividad_demanda,0.11932293438540752,0.20734327214292653,0.20378171244669416,101.74773273493028,3,0.21076347489148908,-0.12025668801905914
RPM-2015-05-14,2015-05-14,2015,72,entorno_externo_commodities,0.1410793392220543,0.24514861268480484,0.32296667399977397,75.90523494228275,1,0.3195812548216049,0.026437663247923404
RPM-2015-05-14,2015-05-14,2015,72,inflacion_expectativas,0.07267073019218312,0.12627737546576553,0.1114496209181575,113.30444592404376,5,0.13386901628956635,0.017755727794362047
RPM-2015-05-14,2015-05-14,2015,72,mercado_laboral,0.1250191403590738,0.21724136919747306,0.1720143210368341,126.29260627140128,2,0.16859117464393514,0.02522959000351413
RPM-2015-05-14,2015-05-14,2015,72,mercados_estructura_tasas,0.021796091720456087,0.03787430304596493,0.0867820376501816,43.64302114987925,6,0.07205259295194551,-0.030561734028992975
RPM-2015-05-14,2015-05-14,2015,72,tipo_cambio,0.09559672272201603,0.16611506746306506,0.1030056339483587,161.26794340816923,4,0.09514248640145902,0.08139544100225247
RPM-2015-06-11,2015-06-11,2015,73,actividad_demanda,0.0978622318718751,0.18197892683924458,0.20378171244669416,89.30091157558958,3,0.20679224602366078,-0.04765474641393963
RPM-2015-06-11,2015-06-11,2015,73,entorno_externo_commodities,0.13216731184080982,0.24577066261382324,0.32296667399977397,76.09783993192909,1,0.3137411395990104,-0.07008138267113395
RPM-2015-06-11,2015-06-11,2015,73,inflacion_expectativas,0.046466409911935416,0.08640623913950006,0.1114496209181575,77.52941501968147,6,0.13118437048246626,-0.0322157496852013
RPM-2015-06-11,2015-06-11,2015,73,mercado_laboral,0.11260952515709603,0.20940213755593556,0.1720143210368341,121.73529290685947,2,0.1735015556060846,0.05892457154579339
RPM-2015-06-11,2015-06-11,2015,73,mercados_estructura_tasas,0.07846103969775567,0.14590159584325207,0.0867820376501816,168.12418767047325,4,0.07614099187463753,0.04906078707230424
RPM-2015-06-11,2015-06-11,2015,73,tipo_cambio,0.07020031843744215,0.13054043800824447,0.1030056339483587,126.73135730972754,5,0.09863969641414046,0.041966520152177195
RPM-2015-07-14,2015-07-14,2015,63,actividad_demanda,0.15510171765814834,0.2541553533866002,0.20378171244669416,124.7194119310794,1,0.20299454713307488,-0.04557238668703095
RPM-2015-07-14,2015-07-14,2015,63,entorno_externo_commodities,0.14774281769841335,0.24209679047677274,0.32296667399977397,74.96030085040358,2,0.3128297744666811,-0.010936381587951793
RPM-2015-07-14,2015-07-14,2015,63,inflacion_expectativas,0.06635159720240734,0.10872615654657938,0.1114496209181575,97.55632693127052,6,0.12896511028020596,-0.026631122427123427
RPM-2015-07-14,2015-07-14,2015,63,mercado_laboral,0.09290542328274591,0.1522382281929389,0.1720143210368341,88.50322884473063,3,0.1693505845540362,-0.049811652624580455
RPM-2015-07-14,2015-07-14,2015,63,mercados_estructura_tasas,0.07551427262445731,0.1237404519716661,0.0867820376501816,142.5876314064713,4,0.08118360049773209,0.06051130347713467
RPM-2015-07-14,2015-07-14,2015,63,tipo_cambio,0.0726476013275742,0.11904301942544261,0.1030056339483587,115.56942553756251,5,0.10467638306826978,0.07244023984955178
RPM-2015-08-13,2015-08-13,2015,69,actividad_demanda,0.17770305106275427,0.310152572314951,0.20378171244669416,152.19843262239817,1,0.20487626522745425,0.022580617132552272
RPM-2015-08-13,2015-08-13,2015,69,entorno_externo_commodities,0.12213152486045581,0.21316126183360226,0.32296667399977397,66.00100846124806,2,0.3095117354938454,-0.03981646767402794
RPM-2015-08-13,2015-08-13,2015,69,inflacion_expectativas,0.0942231699410094,0.16445164196169482,0.1114496209181575,147.55693254664286,3,0.13376436173184122,0.05759101741962305
RPM-2015-08-13,2015-08-13,2015,69,mercado_laboral,0.09011820123891265,0.15728706828322675,0.1720143210368341,91.43835660610273,4,0.16677673677527785,-0.03088617334510052
RPM-2015-08-13,2015-08-13,2015,69,mercados_estructura_tasas,0.030728000538004452,0.05363086537884886,0.0867820376501816,61.79950002445769,6,0.07735711566843043,-0.04591781795161997
RPM-2015-08-13,2015-08-13,2015,69,tipo_cambio,0.0580497110578535,0.10131659022767633,0.1030056339483587,98.36024141987306,5,0.10771378510315088,0.03644882441857322
RPM-2015-09-15,2015-09-15,2015,84,actividad_demanda,0.09612296701052635,0.1574255355116658,0.20378171244669416,77.2520426987999,3,0.20484023584965316,-0.00043235253361270654
RPM-2015-09-15,2015-09-15,2015,84,entorno_externo_commodities,0.19394704093956042,0.31763706146804344,0.32296667399977397,98.34979489811562,1,0.3115240574588616,0.024147863580194107
RPM-2015-09-15,2015-09-15,2015,84,inflacion_expectativas,0.08652175707792564,0.14170113933240439,0.1114496209181575,127.14367098337817,4,0.13374617253019258,-0.0002182704197837837
RPM-2015-09-15,2015-09-15,2015,84,mercado_laboral,0.13248139009076546,0.21697159824545084,0.1720143210368341,126.13577575264206,2,0.16492175397689396,-0.02225979358060662
RPM-2015-09-15,2015-09-15,2015,84,mercados_estructura_tasas,0.05889006596552148,0.09644729516021187,0.0867820376501816,111.13739406418517,5,0.0797160157146652,0.028306800554817324
RPM-2015-09-15,2015-09-15,2015,84,tipo_cambio,0.04263001398462809,0.06981737028222357,0.1030056339483587,67.7801471686744,6,0.1052517644697335,-0.02954424760100853
RPM-2015-10-15,2015-10-15,2015,79,actividad_demanda,0.08593435825298704,0.1418205996239243,0.20378171244669416,69.59437032948782,4,0.19759129427602004,-0.08698729888359763
RPM-2015-10-15,2015-10-15,2015,79,entorno_externo_commodities,0.1686200704130347,0.27827984034283154,0.32296667399977397,86.16363939241184,1,0.3036414427780505,-0.09459137616973301
RPM-2015-10-15,2015-10-15,2015,79,inflacion_expectativas,0.08784408775602962,0.14497229574113576,0.1114496209181575,130.07876971389206,3,0.13583195818218421,0.025029427823899428
RPM-2015-10-15,2015-10-15,2015,79,mercado_laboral,0.14438957258249427,0.23829136772985318,0.1720143210368341,138.52995860665982,2,0.1742676463294864,0.1121507082311092
RPM-2015-10-15,2015-10-15,2015,79,mercados_estructura_tasas,0.05154029163094382,0.08505881945814503,0.0867820376501816,98.01431466845379,6,0.07906037402559402,-0.007867700268854194
RPM-2015-10-15,2015-10-15,2015,79,tipo_cambio,0.06760868690522917,0.11157707710411016,0.1030056339483587,108.32133430686783,5,0.10960728440866485,0.05226623926717614
RPM-2015-11-12,2015-11-12,2015,58,actividad_demanda,0.12551090699973813,0.22647204447048122,0.20378171244669416,111.1346262387124,2,0.19639523093356356,-0.014352760109477947
RPM-2015-11-12,2015-11-12,2015,58,entorno_externo_commodities,0.1349694945604756,0.24353913221519607,0.32296667399977397,75.40689235799188,1,0.2994839613528972,-0.04988977710183984
RPM-2015-11-12,2015-11-12,2015,58,inflacion_expectativas,0.09493934775033717,0.1713086830434402,0.1114496209181575,153.70952510393906,4,0.1398334366259764,0.04801774132550647
RPM-2015-11-12,2015-11-12,2015,58,mercado_laboral,0.11259821025123978,0.20317235759732477,0.1720143210368341,118.11362936102203,3,0.17638332271689153,0.025388116648861453
RPM-2015-11-12,2015-11-12,2015,58,mercados_estructura_tasas,0.033505220850250005,0.06045686425010812,0.0867820376501816,69.66518174395691,6,0.07765289230100307,-0.016889780695091443
RPM-2015-11-12,2015-11-12,2015,58,tipo_cambio,0.052677260941317874,0.09505091842344965,0.1030056339483587,92.2773976335148,5,0.11025115606966829,0.007726459932041352
RPM-2015-12-17,2015-12-17,2015,81,actividad_demanda,0.14009071792662744,0.22145092085571116,0.20378171244669416,108.67065459254052,2,0.20496419279690758,0.10282754236012846
RPM-2015-12-17,2015-12-17,2015,81,entorno_externo_commodities,0.16281181990580407,0.2573677112799025,0.32296667399977397,79.6886279604448,1,0.28970407402570747,-0.11735864792627654
RPM-2015-12-17,2015-12-17,2015,81,inflacion_expectativas,0.09669530816806825,0.15285284673507551,0.1114496209181575,137.14972332415763,4,0.14035385059915,0.00624496767808333
RPM-2015-12-17,2015-12-17,2015,81,mercado_laboral,0.12454571788297315,0.19687788257510003,0.1720143210368341,114.45435553760773,3,0.18009892913688266,0.0445872770398939
RPM-2015-12-17,2015-12-17,2015,81,mercados_estructura_tasas,0.05714188706382236,0.09032806524943437,0.0867820376501816,104.08613083452455,5,0.07785049305079053,0.0023712089974496364
RPM-2015-12-17,2015-12-17,2015,81,tipo_cambio,0.0513184568861029,0.08112257330477647,0.1030056339483587,78.75547209917355,6,0.10702846039056173,-0.03867234814927879
