ngram,n_palabras,ocurrencias,intervenciones,reuniones
de,1,142524,8894,132
que,1,101272,8250,132
en,1,80443,7240,132
la,1,76662,8432,132
el,1,75943,9637,132
se,1,36388,6886,132
los,1,31627,5858,132
del,1,29710,6276,132
las,1,29362,5720,132
por,1,21959,5309,132
un,1,19937,5007,132
senor,1,17876,8970,132
lo,1,17586,4944,132
de la,2,17584,4589,132
una,1,16488,4612,132
con,1,16447,4824,132
en el,2,16335,4389,132
es,1,12683,4602,132
no,1,12477,4659,132
al,1,12465,4856,132
mas,1,12073,4004,132
para,1,11646,4396,132
que se,2,10861,4295,132
su,1,10621,3728,132
que la,2,9966,3724,132
que el,2,9721,3834,132
ha,1,9641,3447,132
politica,1,9369,3023,132
de los,2,9192,3638,132
esta,1,9161,3890,132
inflacion,1,9155,2531,132
monetaria,1,7668,2698,132
politica monetaria,2,7481,2665,132
el senor,2,7281,3656,132
que en,2,7160,3240,132
han,1,7068,2641,132
en la,2,6964,3050,132
lo que,2,6879,3261,132
de politica,2,6816,2508,132
este,1,6531,3079,132
tasa,1,6490,2296,132
senala,1,6427,3730,132
como,1,6411,2963,132
de las,2,6231,2850,132
ano,1,6173,2573,132
respecto,1,6068,3014,132
gerente,1,5712,3106,132
crecimiento,1,5708,2213,132
mes,1,5707,2103,132
de politica monetaria,3,5697,2324,132
que las,2,5655,2428,132
si,1,5482,3123,132
senala que,2,5153,3481,132
la tasa,2,5102,2018,132
sobre,1,5013,2726,132
la inflacion,2,4967,1958,132
tambien,1,4951,2655,132
en los,2,4890,2411,132
tasas,1,4842,2101,132
gerente de,2,4664,2854,132
tasa de,2,4630,1827,132
indica,1,4559,2593,132
mayor,1,4477,2165,132
escenario,1,4461,1923,132
mercado,1,4434,2139,132
agrega,1,4335,2800,132
que los,2,4266,2273,132
meses,1,4251,2051,132
consejero,1,4234,2503,132
parte,1,4199,2231,132
hace,1,4178,2410,132
precios,1,4089,1948,132
expectativas,1,4008,1781,132
la tasa de,3,3825,1650,132
pero,1,3799,2354,132
indica que,2,3722,2407,132
base,1,3702,1547,132
actividad,1,3660,1780,132
consejero senor,2,3646,2455,132
reunion,1,3639,1952,132
agrega que,2,3608,2541,132
ultimo,1,3599,1962,132
se ha,2,3430,1953,132
plazo,1,3380,1713,132
precio,1,3333,1486,132
por el,2,3272,2090,132
presidente,1,3192,2458,132
en las,2,3186,1756,132
ello,1,3168,2003,132
el consejero,2,3166,2136,132
tanto,1,3125,1977,132
el consejero senor,3,3112,2109,132
de inflacion,2,3063,1554,132
presente,1,3047,2072,132
algo,1,3030,1703,132
division,1,3009,1985,132
economia,1,2993,1584,132
trimestre,1,2980,1283,132
puntos,1,2978,1241,132
son,1,2975,1885,132
cambio,1,2974,1754,132
muy,1,2956,1953,132
aumento,1,2955,1550,132
alza,1,2947,1567,132
economias,1,2941,1252,132
de division,2,2918,1928,132
demanda,1,2862,1604,132
el gerente,2,2859,2174,132
desde,1,2853,1669,132
bien,1,2831,1763,132
estados,1,2789,1403,131
unidos,1,2785,1402,131
estados unidos,2,2779,1398,131
caso,1,2754,1639,132
para el,2,2727,1509,132
en su,2,2704,1783,132
las expectativas,2,2679,1441,132
tasas de,2,2668,1456,132
don,1,2651,313,132
analisis,1,2642,1961,132
tasa de politica,3,2602,1173,132
america,1,2596,1172,132
baja,1,2563,1475,130
ipom,1,2558,1397,130
puntos base,2,2531,1050,131
que no,2,2526,1831,132
con la,2,2520,1811,132
el presidente,2,2500,2085,132
banco,1,2481,1560,132
el gerente de,3,2478,1963,132
ya,1,2478,1817,132
menor,1,2461,1411,132
tasa de politica monetaria,4,2458,1126,132
las tasas,2,2455,1320,132
mes de,2,2413,1117,132
se han,2,2388,1488,132
presidente senor,2,2361,1951,132
importante,1,2360,1518,132
cuenta,1,2351,1532,132
anual,1,2325,1021,132
anterior,1,2315,1456,132
la economia,2,2310,1291,132
el mercado,2,2306,1459,132
el presidente senor,3,2291,1902,132
de lo,2,2287,1546,132
sin,1,2277,1410,132
la tasa de politica,4,2277,991,130
chile,1,2274,1476,132
los precios,2,2260,1397,132
ser,1,2234,1509,132
hacia,1,2232,1336,132
de crecimiento,2,2230,1333,132
central,1,2225,1332,132
respecto de,2,2203,1442,132
gerente de division,3,2198,1497,132
de un,2,2197,1525,132
por lo,2,2191,1579,132
de america,2,2191,1061,121
nivel,1,2182,1351,132
no se,2,2150,1588,132
riesgo,1,2144,1300,132
consumo,1,2140,1132,132
cuanto,1,2128,1526,132
niveles,1,2112,1226,132
estados unidos de,3,2105,1029,115
unidos de,2,2105,1029,115
menciona,1,2102,1448,128
bastante,1,2092,1314,132
con el,2,2089,1569,132
caida,1,2083,1279,131
la actividad,2,2077,1277,132
estados unidos de america,4,2077,1005,104
unidos de america,3,2077,1005,104
interes,1,2062,1191,132
internacional,1,2061,1481,132
ese,1,2053,1543,132
sus,1,2053,1350,132
manifiesta,1,2044,1476,126
que lo,2,2032,1439,132
el escenario,2,2030,1197,132
podria,1,2022,1375,132
de interes,2,2019,1166,132
proyecciones,1,2012,1250,132
la demanda,2,1987,1251,132
por la,2,1982,1454,132
precios de,2,1957,1244,132
tipo,1,1953,1210,132
destaca,1,1939,1308,130
que es,2,1938,1464,132
expectativas de,2,1935,1168,132
hay,1,1931,1338,131
en lo,2,1922,1191,132
lehmann,1,1920,1053,111
estudios,1,1919,1536,132
de que,2,1910,1404,132
mercados,1,1906,1249,132
que en el,3,1895,1337,132
comenta,1,1881,1423,129
entre,1,1881,1336,132
todo,1,1880,1270,132
opinion,1,1870,1435,132
dos,1,1857,1292,132
tipo de,2,1856,1157,132
que si,2,1838,1401,132
tpm,1,1823,877,119
la baja,2,1822,1102,128
situacion,1,1821,1260,132
del ano,2,1816,1150,131
condiciones,1,1811,1015,132
mientras,1,1806,1147,132
desaceleracion,1,1805,986,124
division estudios,2,1798,1446,132
segundo,1,1795,1254,132
mantener,1,1794,1057,132
hace presente,2,1783,1351,131
efectos,1,1780,1224,132
efecto,1,1775,1223,132
primer,1,1773,1189,132
de division estudios,3,1770,1422,132
tiene,1,1766,1321,132
precio del,2,1764,990,132
de analisis,2,1761,1358,132
la politica,2,1761,1032,132
estan,1,1757,1277,132
rodrigo,1,1755,1406,120
de cambio,2,1753,1076,132
torno,1,1739,1090,132
en torno,2,1738,1089,132
el caso,2,1724,1028,131
cifras,1,1719,1082,132
las economias,2,1717,874,128
monetaria en,2,1709,1025,132
porque,1,1707,1307,130
de una,2,1704,1261,132
el ultimo,2,1692,1147,132
petroleo,1,1687,956,129
que esta,2,1685,1320,132
gerente de analisis,3,1682,1286,132
el precio,2,1681,953,131
ultimos,1,1680,1156,132
politica monetaria en,3,1679,1002,132
tipo de cambio,3,1677,1028,132
en cuanto,2,1676,1247,132
puede,1,1661,1179,131
sido,1,1654,1149,132
en un,2,1639,1183,132
algunos,1,1639,1157,132
el mes,2,1638,823,132
en esta,2,1637,1070,132
particular,1,1633,1218,132
durante,1,1629,1038,132
sector,1,1629,921,131
la tpm,2,1628,774,119
aun,1,1625,1109,132
menos,1,1624,1186,132
si bien,2,1618,1152,131
banco central,2,1613,1076,132
proyeccion,1,1609,1023,132
25,1,1600,871,130
en este,2,1597,1125,131
materia,1,1587,1063,130
datos,1,1583,1116,130
manera,1,1577,1173,132
inversion,1,1574,975,132
estos,1,1568,1192,132
terminos,1,1553,1052,132
lo que se,3,1550,1096,132
presente que,2,1546,1234,128
empleo,1,1543,901,132
plantea,1,1541,1231,118
soto,1,1541,1007,103
la politica monetaria,3,1539,928,132
riesgos,1,1538,888,132
las tasas de,3,1534,986,131
aunque,1,1530,915,132
esa,1,1526,1198,132
los ultimos,2,1524,1048,132
claro,1,1522,1125,126
hasta,1,1522,1070,132
el ano,2,1519,969,132
asimismo,1,1518,1166,132
anos,1,1516,1012,132
manifiesta que,2,1513,1167,124
menciona que,2,1512,1206,125
marfan,1,1508,1145,106
dinamismo,1,1507,905,129
senor rodrigo,2,1506,1244,104
hecho,1,1505,1150,132
sigue,1,1501,965,132
su opinion,2,1500,1192,132
evolucion,1,1494,957,132
del mes,2,1494,847,130
ya que,2,1492,1265,132
los mercados,2,1478,959,131
para la,2,1477,989,132
vicepresidente,1,1474,1047,131
en su opinion,3,1472,1174,132
las expectativas de,3,1468,959,132
hace presente que,3,1467,1182,127
trayectoria,1,1466,862,132
le,1,1453,1026,130
la reunion,2,1453,997,132
cual,1,1448,1145,131
estima,1,1445,1088,132
corto,1,1444,992,132
emergentes,1,1442,870,131
de politica monetaria en,4,1439,864,132
las proyecciones,2,1437,993,132
los precios de,3,1435,1002,132
consejo,1,1435,895,132
ademas,1,1430,1064,132
financieros,1,1427,1032,132
fue,1,1421,969,132
ministro,1,1411,951,132
al alza,2,1406,931,131
cobre,1,1402,897,132
sobre la,2,1400,1033,132
estas,1,1399,1119,132
indicadores,1,1392,851,132
vergara,1,1391,1147,72
paises,1,1388,886,128
asi,1,1386,1061,132
antecedentes,1,1386,885,132
mientras que,2,1384,943,129
claudio,1,1382,969,103
embargo,1,1381,979,132
rodrigo vergara,2,1380,1144,72
sin embargo,2,1378,976,132
en materia,2,1378,909,124
crecimiento de,2,1371,916,132
sobre el,2,1367,1125,132
comenta que,2,1366,1160,125
que ha,2,1363,1061,132
el crecimiento,2,1363,866,132
en terminos,2,1341,917,132
hoy,1,1333,888,130
en estados,2,1333,810,129
en estados unidos,3,1331,809,129
informacion,1,1325,995,130
esto,1,1323,990,132
en que,2,1321,1048,132
corto plazo,2,1319,923,132
en el caso,3,1311,783,128
del petroleo,2,1309,821,128
siendo,1,1308,1024,132
de la inflacion,3,1307,863,131
medidas,1,1307,841,132
caso de,2,1306,827,131
financieras,1,1305,972,132
cuenta de,2,1304,926,128
perspectivas,1,1304,820,132
senor rodrigo vergara,3,1303,1067,72
claudio soto,2,1303,935,103
del banco,2,1292,960,132
tendencia,1,1292,849,131
otra,1,1285,1029,132
mantener la,2,1273,803,122
materia de,2,1270,859,123
las condiciones,2,1266,809,132
es que,2,1263,1022,129
china,1,1263,749,123
ajuste,1,1262,773,132
de la tasa,3,1262,750,130
de este,2,1261,966,132
la evolucion,2,1261,851,132
meta,1,1259,795,132
el gerente de division,4,1254,1020,132
actual,1,1254,903,132
externo,1,1249,919,132
en materia de,3,1248,844,123
interna,1,1247,873,131
marshall,1,1247,764,120
presentacion,1,1242,1058,123
plantea que,2,1241,1015,93
senor claudio,2,1240,868,82
de actividad,2,1237,865,131
de chile,2,1234,833,132
reunion de,2,1231,912,132
sentido,1,1227,998,132
europa,1,1227,797,130
parece,1,1226,854,131
tasas de interes,3,1223,813,131
ipc,1,1216,678,132
estima que,2,1215,953,132
macroeconomico,1,1204,1008,130
otros,1,1204,979,132
de gregorio,2,1204,947,83
gregorio,1,1204,947,83
senor claudio soto,3,1202,834,79
de manera,2,1200,903,132
ultima,1,1200,874,132
mayores,1,1200,859,132
el caso de,3,1199,755,128
sergio,1,1194,808,111
sergio lehmann,2,1194,808,111
relacion,1,1192,960,131
aumento de,2,1188,831,132
tiempo,1,1187,904,131
manuel,1,1185,986,106
salarios,1,1185,749,130
observa,1,1183,878,130
siguen,1,1180,783,132
manuel marfan,2,1179,984,106
hacienda,1,1179,892,132
pasado,1,1177,885,131
de hacienda,2,1176,890,132
proximos,1,1172,825,132
que la inflacion,3,1166,854,132
pib,1,1164,728,131
en el ultimo,3,1156,856,132
lado,1,1155,736,131
los proximos,2,1145,814,132
el consejo,2,1142,674,132
cambios,1,1137,819,132
seria,1,1136,927,132
gerente de division estudios,4,1135,956,130
un aumento,2,1134,781,132
enrique,1,1132,764,128
linea,1,1129,763,132
recuperacion,1,1127,741,120
muestran,1,1114,814,132
presidente senor rodrigo,3,1110,932,49
presidente senor rodrigo vergara,4,1110,932,49
decision,1,1109,653,128
el mes de,3,1109,575,115
con lo,2,1107,858,132
sebastian,1,1106,884,98
sebastian claro,2,1104,882,97
25 puntos,2,1099,644,117
se observa,2,1097,800,129
que de,2,1092,918,131
vicepresidente senor,2,1091,874,128
expresa,1,1090,881,114
inflacionarias,1,1089,746,132
senor manuel,2,1088,894,105
senor manuel marfan,3,1087,893,105
si se,2,1085,883,130
la proyeccion,2,1085,749,131
25 puntos base,3,1083,636,116
garcia,1,1081,741,90
ministro de,2,1080,798,132
esperado,1,1077,742,132
algo mas,2,1076,801,131
el presidente senor rodrigo,4,1075,911,49
jose,1,1069,877,83
mantiene,1,1069,751,131
en particular,2,1068,808,132
juicio,1,1067,818,128
al respecto,2,1065,910,117
jose de,2,1064,876,83
jose de gregorio,3,1064,876,83
anade,1,1064,849,95
interno,1,1056,829,132
destaca que,2,1055,829,109
los datos,2,1054,802,127
que su,2,1053,878,128
general,1,1051,757,132
largo,1,1050,775,130
senor sergio,2,1050,677,104
senor sergio lehmann,3,1050,677,104
continuacion,1,1041,967,130
proximo,1,1038,763,132
la ultima,2,1036,755,132
en linea,2,1033,695,131
50,1,1033,602,128
acuerdo,1,1032,806,132
dia,1,1031,868,132
las cifras,2,1028,771,130
margen,1,1028,742,129
solo,1,1026,853,132
este ano,2,1022,746,132
informa,1,1021,817,130
economias emergentes,2,1020,653,128
del cobre,2,1016,723,132
variacion,1,1015,615,128
enrique marshall,2,1013,743,120
tener,1,1012,828,132
debe,1,1009,747,130
linea con,2,1008,685,131
de tasas,2,1006,700,132
el banco,2,1005,752,131
mantienen,1,1005,718,131
en linea con,3,1005,684,131
en estados unidos de,4,1005,586,105
opciones,1,1003,795,132
produccion,1,1002,547,128
analisis macroeconomico,2,1001,860,129
da,1,999,861,126
en el mes,3,996,530,117
forma,1,994,773,132
vez,1,993,813,132
anade que,2,993,790,89
lo anterior,2,993,788,127
euro,1,993,513,125
bancos,1,992,643,123
bajo,1,990,828,132
de analisis macroeconomico,3,989,850,129
que este,2,987,823,132
del mes de,3,987,618,124
senor sebastian,2,986,764,98
senor sebastian claro,3,985,763,97
de la tasa de,4,984,574,121
que ello,2,983,842,126
el margen,2,983,711,127
central de,2,982,720,132
laboral,1,980,725,132
presiones,1,979,654,131
ha sido,2,978,754,131
esta reunion,2,977,695,132
no obstante,2,974,787,130
obstante,1,974,787,130
senor jose,2,974,787,80
medida,1,974,782,132
senor jose de,3,973,786,80
senor jose de gregorio,4,973,786,80
debajo,1,973,681,130
expresa que,2,972,794,107
alimentos,1,972,609,105
expectativas de inflacion,3,971,681,131
del banco central,3,970,726,132
gerente de analisis macroeconomico,4,968,831,129
el ipom,2,966,667,127
la inversion,2,966,664,128
el precio del,3,964,637,129
precio de,2,964,635,129
en el margen,3,963,696,126
cuando,1,962,789,129
muestra,1,962,697,131
en los ultimos,3,957,745,132
pero que,2,953,760,126
por debajo,2,953,668,130
palabra,1,948,944,132
el gerente de analisis,4,948,763,123
los salarios,2,948,639,128
de la actividad,3,947,715,132
de la demanda,3,947,701,130
noticias,1,947,649,131
zona,1,946,482,123
la palabra,2,945,941,132
es el,2,945,838,131
reunion de politica,3,945,739,132
especialmente,1,945,718,132
reunion de politica monetaria,4,944,739,132
dolar,1,943,635,132
de la economia,3,942,700,131
dicho,1,936,772,128
consejero senor sebastian,3,936,736,95
consejero senor sebastian claro,4,936,736,95
las perspectivas,2,936,644,131
ministro de hacienda,3,934,777,126
fiscal,1,934,673,132
el vicepresidente,2,933,731,129
del mercado,2,933,725,132
particularmente,1,933,646,129
en el caso de,4,933,587,125
punto,1,932,695,130
comunicado,1,928,706,132
lugar,1,927,626,131
del precio,2,926,636,129
informe,1,926,632,131
relevante,1,923,742,132
que si bien,3,923,739,123
senala el,2,923,483,57
real,1,920,666,130
lo tanto,2,918,751,131
por lo tanto,3,918,751,131
senor enrique,2,918,648,118
el vicepresidente senor,3,917,719,128
con un,2,916,751,131
septiembre,1,916,539,119
de la politica,3,914,615,131
considera,1,913,736,130
demanda interna,2,913,664,130
ahora,1,912,730,130
incremento,1,908,545,128
monetario,1,907,645,127
informa que,2,906,735,130
contexto,1,905,664,131
respecto del,2,904,706,131
otra parte,2,902,733,130
senor enrique marshall,3,902,633,116
normalizacion,1,902,526,111
continua,1,901,681,132
parte de,2,900,749,129
otras,1,897,760,132
que se ha,3,893,741,131
gerencia,1,893,693,131
por otra,2,891,725,129
banco central de,3,890,657,132
peso,1,888,628,132
con una,2,887,718,130
menores,1,884,672,131
de precios,2,884,650,130
bienes,1,883,551,128
diciembre,1,882,536,122
la trayectoria,2,880,613,130
el senor claudio,3,880,580,70
mismo,1,879,759,131
por un,2,879,711,132
horizonte,1,878,654,132
por lo que,3,874,726,124
algunas,1,873,707,130
el senor claudio soto,4,873,574,68
mediano,1,872,626,132
importaciones,1,872,546,122
por otra parte,3,870,709,129
consecuencia,1,869,778,132
opcion,1,869,510,132
por su,2,868,613,129
su juicio,2,863,674,128
mercado laboral,2,863,673,132
largo plazo,2,863,645,129
la situacion,2,862,657,125
se mantiene,2,860,646,129
la zona,2,857,444,123
en una,2,855,713,132
notar,1,855,698,88
rango,1,853,611,127
en relacion,2,852,720,131
mantener la tasa,3,852,567,115
consulta,1,851,840,130
se mantienen,2,851,629,130
financiera,1,847,650,130
depreciacion,1,845,580,118
en el mes de,4,844,449,109
registro,1,843,600,121
alzas,1,840,595,126
la gerencia,2,838,650,130
sino,1,836,752,130
se esta,2,836,685,127
donde,1,835,641,128
presidente senor jose,3,833,679,48
presidente senor jose de,4,833,679,48
luego,1,833,656,130
volatilidad,1,832,613,127
de esta,2,831,682,131
respecto de la,3,831,665,130
espera,1,831,659,132
de expectativas,2,829,601,131
zona euro,2,829,422,123
de hecho,2,827,679,128
ultimo mes,2,827,589,127
algun,1,826,696,129
sea,1,826,653,132
mundial,1,826,605,126
alza de,2,826,604,123
el presidente senor jose,4,825,674,48
reciente,1,825,653,131
una caida,2,825,629,124
desde la,2,822,657,132
de la politica monetaria,4,820,564,131
apreciacion,1,819,577,124
previsto,1,818,571,131
agradece,1,817,814,131
hace notar,2,817,664,75
banco central de chile,4,817,599,132
central de chile,3,817,599,132
precio del petroleo,3,817,572,123
los riesgos,2,817,571,131
por sobre,2,816,579,130
enero,1,814,444,102
con las,2,812,707,131
inflacion de,2,811,580,128
es la,2,810,695,131
proceso,1,810,557,123
interes de,2,810,537,132
promedio,1,808,572,129
mercados financieros,2,806,655,130
de interes de,3,806,534,132
el tipo,2,805,609,125
el tipo de,3,805,609,125
con los,2,804,695,132
las tasas de interes,4,804,601,129
incertidumbre,1,803,580,124
credito,1,803,548,128
mas bien,2,801,611,128
en niveles,2,799,595,129
que por,2,798,648,131
la meta,2,798,574,126
estado,1,797,626,131
oportunidad,1,796,617,132
la reunion de,3,796,599,132
no es,2,794,689,131
la zona euro,3,793,413,123
un escenario,2,791,591,129
en el ipom,3,790,560,126
en tanto,2,789,621,129
tema,1,788,683,128
el tipo de cambio,4,788,597,125
encuesta,1,787,488,123
razon,1,785,698,127
sesgo,1,784,465,113
inflacion en,2,782,630,131
la caida,2,782,622,127
gerencia de,2,781,598,122
observado,1,780,635,129
significativa,1,780,625,130
la demanda interna,3,780,594,130
los indicadores,2,779,550,130
inflacionaria,1,777,534,116
aumentos,1,776,558,130
la que,2,775,671,130
tasa de interes,3,774,514,132
relativamente,1,772,549,127
evolucion de,2,771,596,131
tercer,1,771,550,126
pablo,1,770,662,91
fines,1,770,587,128
que las expectativas,3,769,593,127
durante el,2,768,555,132
senor gerente,2,768,387,73
costos,1,764,538,130
otro,1,763,621,129
frente,1,763,559,128
el segundo,2,762,574,123
el consejero senor sebastian,4,761,581,95
de acuerdo,2,760,631,127
la gerencia de,3,760,583,122
luis,1,760,558,127
japon,1,760,416,118
tal,1,759,637,131
un crecimiento,2,756,555,130
desempleo,1,753,556,130
movimientos,1,752,545,130
termino,1,750,641,120
impacto,1,749,597,128
el senor gerente,3,749,372,72
marzo,1,748,445,108
el senor sergio,3,748,412,72
el senor sergio lehmann,4,748,412,72
las expectativas de inflacion,4,747,554,130
analisis internacional,2,746,626,124
lo esperado,2,746,550,128
commodities,1,743,546,125
mediano plazo,2,743,542,131
pablo garcia,2,741,656,89
que tambien,2,741,645,132
combustibles,1,740,532,127
va,1,739,580,123
recientes,1,738,557,130
mayo,1,738,390,101
su parte,2,737,522,125
importantes,1,736,586,129
sesion,1,735,655,132
fuerte,1,732,615,130
empresas,1,732,508,126
de su,2,731,592,130
que han,2,731,592,127
terminos de,2,731,546,130
notar que,2,730,611,83
el aumento,2,730,575,128
grado,1,729,574,120
le parece,2,729,535,100
por su parte,3,729,517,125
explica,1,726,628,124
de analisis internacional,3,726,606,114
dias,1,725,540,125
la evolucion de,3,724,572,131
crecimiento del,2,724,557,129
en los proximos,3,723,574,130
existe,1,722,619,125
por ultimo,2,722,600,121
sino que,2,721,656,129
periodo,1,721,595,125
senor lehmann,2,720,364,73
precios de los,3,719,566,129
gerencia de division,3,719,545,121
debajo de,2,718,535,127
proyecciones de,2,717,560,129
en primer,2,716,644,128
de lo que,3,714,582,123
indicadores de,2,714,513,128
ritmo,1,712,523,124
en 25,2,710,497,104
gerente de analisis internacional,4,708,590,114
el consumo,2,708,518,127
alguna,1,707,615,127
la gerencia de division,4,707,539,121
que no se,3,705,632,128
relacion con,2,705,612,121
consejero senor enrique,3,704,503,99
consejero senor enrique marshall,4,704,503,99
hace notar que,3,703,587,74
producto,1,703,538,129
por debajo de,3,703,526,127
precisa,1,702,569,97
comportamiento,1,701,558,128
proyectado,1,701,514,127
las economias emergentes,3,701,499,119
resto,1,699,569,127
panorama,1,699,510,129
sectores,1,698,483,125
por los,2,697,616,129
horas,1,696,579,132
mundo,1,696,554,125
precio del cobre,3,695,523,128
subyacente,1,693,542,129
efectos de,2,692,581,128
estar,1,690,584,130
en las economias,3,690,402,108
de estados,2,689,517,125
de estados unidos,3,689,517,125
us,1,688,286,102
internacionales,1,687,534,128
que para,2,686,607,127
los antecedentes,2,685,524,127
tpm en,2,684,476,91
ultimas,1,683,565,131
que hay,2,682,571,119
la tasa de interes,4,682,464,132
exportaciones,1,682,432,122
anticipado,1,681,492,120
primer trimestre,2,681,454,118
similar,1,680,554,132
debido,1,680,544,128
con respecto,2,680,534,121
de corto,2,679,545,130
un alza,2,678,489,123
escenario base,2,678,424,118
dado,1,676,554,128
deberia,1,676,539,130
estudios senor,2,675,642,126
en el escenario,3,673,487,123
escenario de,2,670,511,132
reduccion,1,669,467,126
mayor que,2,666,513,126
lo cual,2,663,573,122
incluso,1,663,544,132
division estudios senor,3,662,629,126
dato,1,661,492,119
mantener la tasa de,4,660,461,106
coherente,1,659,521,130
horizonte de,2,659,509,128
en consecuencia,2,658,605,129
intervencion,1,657,570,98
creciendo,1,656,532,125
ventas,1,655,386,119
tres,1,654,542,128
es un,2,653,569,125
preocupacion,1,653,527,129
una desaceleracion,2,653,483,111
la decision,2,652,457,126
10,1,651,494,129
desarrolladas,1,651,440,109
precisa que,2,649,525,83
desde el,2,648,530,128
se puede,2,648,527,124
del banco central de,4,647,490,132
de division estudios senor,4,646,613,126
aumentado,1,646,520,128
del pib,2,645,480,127
componente,1,645,454,124
factores,1,644,480,123
la tpm en,3,644,441,91
economica,1,643,513,128
el sector,2,643,481,126
expansion,1,643,459,124
elementos,1,642,515,131
los precios de los,4,641,517,127
la informacion,2,640,518,124
capacidad,1,640,495,129
cree,1,640,477,103
dan,1,639,532,123
en los mercados,3,638,510,120
advierte,1,637,551,97
construccion,1,637,432,112
alta,1,636,500,128
la encuesta,2,636,410,121
gerencia de division estudios,4,635,488,119
que se han,3,634,538,129
asi como,2,634,524,127
momento,1,632,540,128
del escenario,2,632,525,127
del ipom,2,632,445,117
comentarios,1,631,625,132
de consumo,2,631,439,124
de septiembre,2,631,410,101
los bancos,2,630,459,114
de corto plazo,3,629,508,129
bonos,1,628,435,115
en todo,2,627,530,131
pais,1,627,488,121
crisis,1,627,441,95
perspectivas de,2,626,474,128
senor pablo,2,625,542,85
senor pablo garcia,3,623,540,85
las importaciones,2,623,424,118
mensual,1,623,393,132
50 puntos,2,622,367,106
el primer,2,621,462,125
en general,2,620,503,126
superior,1,620,488,124
coherente con,2,619,497,130
de riesgo,2,619,479,126
esta oportunidad,2,619,479,129
el consejero senor enrique,4,619,425,99
el corto,2,618,504,129
servicios,1,618,394,123
cierta,1,615,500,129
los proximos meses,3,615,498,129
proximos meses,2,615,498,129
senala el senor,3,614,386,53
futuro,1,613,515,127
chilena,1,613,469,127
indica el,2,613,362,49
activos,1,612,457,118
exhibe,1,612,441,96
junio,1,612,374,101
semanas,1,611,501,127
nominales,1,611,475,130
en ese,2,610,540,129
su presentacion,2,610,512,90
ultimos meses,2,610,480,128
economias desarrolladas,2,610,420,107
comercio,1,610,414,122
principales,1,609,469,132
problemas,1,608,481,119
las medidas,2,608,458,124
trimestres,1,608,445,126
ultimo ipom,2,607,487,110
oferta,1,607,453,120
de bienes,2,607,391,124
lo mas,2,606,500,130
tambien se,2,606,499,129
en el mercado,3,606,498,126
segundo trimestre,2,606,424,106
inventarios,1,605,376,115
proceso de,2,604,451,118
doce,1,604,413,121
que en la,3,603,529,129
nivel de,2,603,499,132
senor ministro,2,602,430,81
velocidad,1,601,423,119
tendido,1,601,409,121
tienen,1,600,524,122
uno,1,600,494,123
mantenido,1,599,427,129
en todo caso,3,598,504,130
todo caso,2,598,504,130
magnitud,1,598,488,125
correccion,1,598,432,119
brasil,1,597,382,100
los efectos,2,596,482,126
senales,1,596,444,127
operaciones,1,595,475,122
de ese,2,594,528,132
el corto plazo,3,594,488,128
los mercados financieros,3,594,486,126
los meses,2,594,484,127
palabra al,2,593,591,123
en esta oportunidad,3,593,454,129
la palabra al,3,592,590,123
por una,2,592,499,129
doce meses,2,592,406,121
rpm,1,591,447,88
ajustes,1,591,432,128
como se,2,590,481,124
del ipc,2,590,408,122
los paises,2,589,437,120
antes,1,588,514,127
tenido,1,587,491,129
probable,1,587,488,128
relevantes,1,587,486,124
los ultimos meses,3,587,463,128
trimestre del,2,587,451,120
el ultimo mes,3,587,444,124
50 puntos base,3,587,346,99
industrial,1,587,322,120
las ultimas,2,585,485,130
senala que en,3,584,538,128
podrian,1,584,505,126
condiciones financieras,2,584,435,120
atras,1,583,481,130
del sector,2,583,441,125
cifras de,2,582,472,123
especial,1,581,497,126
el horizonte,2,581,478,132
caidas,1,581,437,115
capital,1,581,409,125
de las tasas,3,579,470,126
gasto,1,578,384,124
senala que la,3,577,544,128
la opcion,2,576,386,129
ofrece,1,574,572,131
de largo,2,573,451,124
aumentar,1,573,429,114
la presentacion,2,572,552,119
refiere,1,572,502,122
se refiere,2,572,502,122
las proyecciones de,3,572,459,127
reales,1,572,456,124
el lado,2,572,427,124
riesgo de,2,571,461,127
que el mercado,3,570,495,129
principalmente,1,569,474,129
senor presidente,2,569,433,92
de 25,2,569,402,118
de largo plazo,3,568,448,124
del tipo,2,568,438,117
habria,1,567,490,122
registros,1,567,446,117
minuta,1,567,424,124
dan cuenta,2,566,475,117
global,1,566,430,129
en terminos de,3,565,427,124
monedas,1,565,402,120
ofrece la,2,564,563,131
vicepresidente senor manuel,3,564,475,47
vicepresidente senor manuel marfan,4,564,475,47
en el corto,3,564,470,127
ofrece la palabra,3,563,562,131
resulta,1,562,493,126
para esta,2,562,470,130
del tipo de,3,562,432,116
despues,1,561,492,126
la reunion de politica,4,561,441,132
cuarto,1,560,397,124
de desempleo,2,558,414,122
abril,1,558,339,105
de enero,2,558,330,85
en europa,2,557,434,112
del tipo de cambio,4,557,428,116
caida de,2,556,458,119
senala que el,3,555,525,130
esto es,2,555,511,130
acuerdo con,2,555,462,113
las noticias,2,555,411,126
orden,1,554,461,126
por las,2,553,489,123
de mercado,2,553,437,126
lo previsto,2,553,413,127
de los precios,3,552,453,129
la desaceleracion,2,552,433,106
el senor lehmann,3,552,280,71
en el corto plazo,4,551,461,127
ultima reunion,2,550,454,130
dinamica,1,550,432,127
cifra,1,550,423,126
medidas de,2,550,418,127
que las tasas,3,549,427,122
del precio del,3,549,422,122
mucho,1,548,486,116
igual,1,548,447,129
de acuerdo con,3,547,456,113
julio,1,547,340,103
cree que,2,543,420,99
debilidad,1,542,405,121
levemente,1,541,439,126
del consumo,2,541,409,116
hacia el,2,541,409,125
proyeccion de,2,540,450,124
subir,1,538,377,116
la sesion,2,537,519,132
pesar,1,537,455,127
trayectoria de,2,537,410,124
que con,2,536,472,128
anteriores,1,535,446,127
el proximo,2,535,432,118
tercer trimestre,2,535,357,109
eso,1,534,435,86
octubre,1,534,318,106
herrera,1,533,455,66
para los,2,533,455,129
la ultima reunion,3,533,440,130
el banco central,3,533,426,122
primas,1,533,425,110
presiones inflacionarias,2,533,413,125
todos,1,532,480,128
trabajo,1,532,434,122
el senor presidente,3,532,403,90
probablemente,1,531,455,119
en segundo,2,530,504,128
la de,2,530,447,125
todavia,1,530,439,118
baja en,2,530,430,120
2008,1,529,379,97
febrero,1,529,302,88
alla,1,528,448,124
mas alla,2,528,448,124
la minuta,2,528,399,124
impulso,1,528,395,121
el dia,2,527,486,131
curso,1,526,429,125
informe de,2,526,367,131
exposicion,1,525,512,131
razones,1,525,457,125
en 25 puntos,3,525,384,92
cierre,1,523,389,121
las opciones,2,522,489,132
lo anticipado,2,522,386,113
que una,2,521,454,116
grado de,2,521,432,116
en 25 puntos base,4,521,382,92
en chile,2,520,432,126
alza en,2,519,428,126
en relacion con,3,518,455,110
hacer,1,518,445,117
en el horizonte,3,518,433,131
de estados unidos de,4,518,381,102
ello se,2,517,466,130
esperada,1,517,432,126
financiero,1,517,432,124
adelante,1,517,422,114
para el ano,3,517,365,121
cierto,1,516,434,123
el senor ministro,3,516,354,77
continuan,1,515,422,126
reserva,1,515,381,101
liquidez,1,515,336,94
por el lado,3,514,391,120
mantencion,1,514,376,114
inflacion subyacente,2,513,423,126
de este ano,3,513,421,122
en los precios,3,512,434,126
la produccion,2,512,345,120
presenta,1,511,433,121
mostrando,1,510,395,126
las exportaciones,2,510,345,117
miguel,1,508,377,87
del ultimo,2,506,429,126
considerando,1,506,404,121
el riesgo,2,506,393,123
imacec,1,506,380,115
senor consejero,2,506,230,62
datos de,2,505,422,114
de la tpm,3,505,362,102
colocaciones,1,505,308,108
dicha,1,504,443,121
luis oscar,2,504,438,60
luis oscar herrera,3,504,438,60
oscar,1,504,438,60
oscar herrera,2,504,438,60
fuerza,1,504,424,125
percepcion,1,504,408,120
que la tasa,3,503,426,126
base en,2,503,373,117
en este sentido,3,501,425,102
este sentido,2,501,425,102
la parte,2,501,374,117
estimulo,1,501,369,108
varios,1,500,434,128
respecto al,2,500,391,116
de diciembre,2,500,334,93
america latina,2,500,327,114
latina,1,500,327,114
significativo,1,499,440,126
senor luis,2,499,424,77
que un,2,498,416,126
deterioro,1,498,366,103
de mayo,2,498,297,84
dan cuenta de,3,497,427,114
adicional,1,496,434,120
estaria,1,496,426,127
considera que,2,496,423,118
haber,1,495,447,128
dentro,1,495,421,125
en la reunion,3,495,397,118
diferencia,1,494,444,126
agrega el,2,493,370,59
de capital,2,493,351,120
plano,1,493,345,131
holguras,1,493,344,115
agradece la,2,492,491,109
ambito,1,492,427,122
da cuenta,2,492,412,110
mostrado,1,492,379,124
entonces,1,490,437,119
consejero senor manuel,3,490,404,58
menor que,2,490,385,120
de marzo,2,490,334,89
vial,1,489,423,49
consejero senor manuel marfan,4,489,403,58
partir,1,489,402,128
debiera,1,489,360,114
posible,1,488,430,127
encuesta de,2,488,331,117
en parte,2,487,411,126
crecimiento de la,3,487,407,122
fuentes,1,487,363,72
federal,1,487,360,102
finalmente,1,486,443,121
es por,2,485,439,126
joaquin,1,484,420,48
joaquin vial,2,484,420,48
sorpresas,1,484,372,125
responde,1,483,469,119
que podria,2,483,447,125
con su,2,483,424,106
el precio de,3,483,384,122
las economias desarrolladas,3,483,346,100
el nivel,2,481,420,125
con todo,2,481,413,128
corbo,1,480,397,35
de en,2,480,314,124
ipcx1,1,480,288,91
estabilidad,1,479,408,124
agrega que en,3,478,447,130
de sus,2,478,424,131
vision,1,478,393,117
sorpresa,1,478,368,116
la reserva,2,478,362,100
sera,1,477,407,120
las perspectivas de,3,477,373,121
de 25 puntos,3,477,343,107
han sido,2,476,378,121
de las economias,3,476,373,108
encuentra,1,475,424,124
resalta,1,475,390,66
lo proyectado,2,475,366,118
un aumento de,3,475,363,116
ano pasado,2,473,404,110
el consejero senor manuel,4,473,393,58
los indicadores de,3,473,371,122
exhiben,1,473,347,96
el senor consejero,3,473,214,61
de mayor,2,472,411,126
claramente,1,472,399,125
el efecto,2,472,397,120
de normalizacion,2,472,313,83
componentes,1,471,378,117
un mes,2,471,363,112
creditos,1,471,316,111
desde la ultima,3,469,400,128
primera,1,468,428,123
el empleo,2,468,363,122
de ramon,2,468,355,117
ramon,1,468,355,117
de 25 puntos base,4,468,336,106
en doce,2,468,324,113
que al,2,467,421,119
pueden,1,467,409,123
economia chilena,2,467,348,117
la economia chilena,3,467,348,117
puntos base en,3,467,340,115
en doce meses,3,467,323,113
privado,1,466,368,120
escenario central,2,466,250,75
significativamente,1,465,407,125
del rango,2,465,364,119
los combustibles,2,465,359,114
atencion,1,464,410,125
bajas,1,464,394,116
curva,1,464,371,119
indica el senor,3,463,305,46
fenomeno,1,462,395,125
valores,1,462,325,122
2007,1,462,286,93
indica que el,3,461,428,120
el horizonte de,3,461,380,125
desaceleracion de,2,461,374,102
ciclo,1,461,354,111
inicia,1,460,458,86
de hacienda senor,3,460,446,114
hacienda senor,2,460,446,114
el alza,2,460,373,119
que son,2,459,418,124
el que,2,459,415,122
consigna,1,459,384,52
reserva federal,2,459,348,100
el vicepresidente senor manuel,4,458,381,47
ocasion,1,458,365,125
de empleo,2,458,357,113
consumidores,1,458,349,122
convergencia,1,458,329,108
el escenario base,3,458,313,107
se encuentra,2,457,408,123
la inflacion en,3,457,393,126
la mayor,2,457,374,123
los niveles,2,456,387,121
la crisis,2,455,337,91
fecha,1,454,380,123
habia,1,454,380,114
que las expectativas de,4,454,368,122
de mantener,2,453,386,118
de mediano,2,453,374,126
escenario externo,2,453,372,121
gran,1,452,402,125
concerniente,1,452,391,43
para esta reunion,3,452,388,128
monetaria de,2,452,355,111
la reserva federal,3,452,344,100
agosto,1,451,277,93
decir,1,450,392,98
distintas,1,450,392,130
la depreciacion,2,450,353,102
ritmo de,2,450,350,109
inicia su,2,447,447,82
altos,1,447,385,120
politica monetaria de,3,447,350,111
los costos,2,447,347,107
confianza,1,447,300,118
opcion de,2,447,300,121
bajos,1,446,385,117
observan,1,446,370,118
fundamentalmente,1,446,364,122
el crecimiento de,3,446,356,119
las condiciones financieras,3,446,354,113
tasas de crecimiento,3,446,326,121
desormeaux,1,446,292,58
su intervencion,2,445,430,84
todas,1,445,386,119
decision de,2,445,335,116
mejor,1,444,401,121
lo concerniente,2,444,388,43
en los proximos meses,4,444,374,116
parte del,2,443,400,121
alla de,2,443,392,123
mas alla de,3,443,392,123
un cambio,2,443,382,124
nueva,1,443,374,119
semestre,1,443,340,115
financiamiento,1,443,329,100
2009,1,443,302,85
inferior,1,442,345,112
30,1,441,404,132
como el,2,441,404,126
indica que la,3,441,401,122
en los ultimos meses,4,441,373,121
gradual,1,441,333,115
se espera,2,440,375,124
senor luis oscar,3,440,374,57
senor luis oscar herrera,4,440,374,57
un ajuste,2,440,345,117
en primer termino,3,439,405,92
primer termino,2,439,405,92
en lo concerniente,3,438,387,43
el ultimo ipom,3,438,369,106
valor,1,438,324,120
cuarto trimestre,2,437,313,114
sugiere,1,435,381,118
alto,1,435,376,118
el precio del petroleo,4,435,361,108
se observan,2,435,360,116
dos anos,2,435,354,123
la apreciacion,2,435,340,107
inflacion se,2,434,378,123
aumento en,2,434,362,120
segunda,1,434,355,118
brecha,1,434,290,105
magendzo,1,434,223,34
esta en,2,433,386,112
presente ano,2,433,353,88
ipom de,2,432,328,120
constituye,1,431,388,115
la baja en,3,431,357,114
del empleo,2,431,313,123
que le,2,430,394,114
con ello,2,430,376,122
que el banco,3,430,368,119
total,1,430,361,120
normalizacion de,2,430,307,96
que el precio,3,430,307,114
las ventas,2,430,283,111
staff,1,429,406,132
macroeconomico senor,2,428,418,123
una mayor,2,428,361,125
del peso,2,428,335,104
del dolar,2,427,351,116
analisis macroeconomico senor,3,426,416,123
existen,1,426,379,111
implicancias,1,426,341,117
caida en,2,425,364,110
un mayor,2,425,361,121
minuta de,2,425,344,121
repunte,1,425,337,108
una tasa,2,425,336,121
proximo ano,2,425,332,102
necesario,1,424,358,125
la curva,2,424,353,118
nacional,1,424,349,122
consejo del,2,424,313,132
la opcion de,3,424,289,119
senor joaquin,2,423,360,48
senor joaquin vial,3,423,360,48
informe de politica,3,423,294,128
el mercado laboral,3,422,376,124
de inversion,2,422,336,118
tasas de interes de,4,421,326,121
la proyeccion de,3,420,354,118
precio de los,3,420,335,117
informe de politica monetaria,4,420,291,128
de analisis macroeconomico senor,4,419,409,122
considerar,1,419,376,122
trimestre de,2,419,320,112
consejo del banco,3,419,308,132
consejero senor joaquin,3,418,358,47
consejero senor joaquin vial,4,418,358,47
brechas,1,418,324,110
la encuesta de,3,418,293,114
ministro de hacienda senor,4,417,405,108
gasolina,1,417,264,110
en linea con lo,4,416,339,117
linea con lo,3,416,339,117
dolares,1,416,294,104
internas,1,415,370,122
que el escenario,3,415,348,119
en el horizonte de,4,415,346,122
felipe,1,415,317,91
para que,2,413,392,119
las cifras de,3,413,353,117
la minuta de,3,413,335,120
en el precio,3,413,326,119
senor miguel,2,413,289,28
no ha,2,412,374,127
el primer trimestre,3,412,315,108
consejo del banco central,4,412,302,132
que lo que,3,411,379,108
la medida,2,411,362,126
un nivel,2,411,346,116
en efecto,2,411,330,96
expuesto,1,410,377,108
por parte,2,410,355,112
el particular,2,409,389,107
sobre el particular,3,409,389,107
da cuenta de,3,409,349,101
de ano,2,409,341,121
indica que en,3,408,387,126
que tiene,2,408,378,118
corresponde,1,408,375,120
direccion,1,408,352,121
de los salarios,3,408,327,112
indicador,1,408,301,115
agrega que el,3,406,379,122
niveles de,2,406,337,123
monetaria el,2,406,255,132
consejero que,2,406,177,50
dificil,1,405,356,124
el ipc,2,405,295,121
politica monetaria el,3,405,254,132
segundo lugar,2,404,385,122
una trayectoria,2,404,306,118
el consejo del,3,404,294,132
el consejo del banco,4,404,294,132
de junio,2,404,276,76
voto,1,403,374,124
de estos,2,403,367,125
tanto en,2,403,362,124
cambio en,2,403,356,117
ano en,2,403,354,124
base de,2,403,342,122
tan,1,402,364,119
horizonte de politica,3,402,329,126
lado de,2,402,320,115
por otro,2,402,316,117
industria,1,402,290,116
rodrigo vergara agradece,3,401,400,56
vergara agradece,2,401,400,56
en segundo lugar,3,401,382,122
externas,1,401,324,115
senor rodrigo vergara agradece,4,400,399,56
spreads,1,400,277,111
mas de,2,399,354,118
el de,2,399,350,120
adicionales,1,399,344,121
importante en,2,399,343,119
elevado,1,399,342,120
que en el caso,4,399,337,107
encuestas,1,399,333,118
tasa de crecimiento,3,399,273,115
operaciones financieras,2,398,347,117
consigna que,2,398,340,50
en lo que,3,398,339,116
produccion industrial,2,398,204,108
parece que,2,397,323,70
energia,1,397,299,105
misma,1,396,358,121
caracter,1,396,349,100
una situacion,2,396,342,112
su nivel,2,396,339,119
aumentando,1,396,313,113
de la inversion,3,396,303,105
inicio,1,395,351,115
en el ultimo ipom,4,395,335,102
positivas,1,395,300,119
deuda,1,395,270,90
senor consejero que,3,395,177,50
negativa,1,394,336,115
2012,1,394,244,64
es mas,2,393,356,117
local,1,393,341,107
ademas que,2,393,336,95
la trayectoria de,3,393,316,118
el lado de,3,393,313,114
en forma,2,393,313,120
los datos de,3,392,339,104
aumento de la,3,392,336,118
dinamismo de,2,392,320,104
de los combustibles,3,392,300,105
registrado,1,391,347,103
al mercado,2,391,345,123
fines de,2,391,333,113
futuros,1,391,311,113
importaciones de,2,390,299,117
mensual de,2,390,243,132
respecto la,2,389,323,112
como la,2,388,353,124
el analisis,2,388,342,126
indice,1,388,285,111
beltran,1,387,339,117
beltran de,2,387,339,117
beltran de ramon,3,387,339,117
pesar de,2,387,338,118
discusion,1,387,312,110
que se esta,3,386,353,105
medida que,2,386,343,122
elevados,1,386,326,113
ha estado,2,386,316,118
tasa de desempleo,3,386,309,121
el segundo trimestre,3,386,301,95
las colocaciones,2,386,251,103
pregunta,1,385,343,109
de tendencia,2,385,299,106
valdes,1,385,277,39
de crecimiento de,3,384,328,114
disminucion,1,384,308,109
plazos,1,384,292,110
tasa de interes de,4,384,249,132
nacionales,1,383,356,124
los commodities,2,383,325,108
le parece que,3,383,311,63
movimiento,1,383,309,113
division operaciones,2,382,331,115
reduccion de,2,382,288,105
miguel fuentes,2,382,276,23
el precio del cobre,4,381,331,114
las empresas,2,381,301,115
cambio real,2,381,299,116
era,1,380,336,113
la recuperacion,2,380,311,95
por el lado de,4,380,305,113
agrega que la,3,379,359,124
en especial,2,379,330,119
otro lado,2,379,302,116
de cambio real,3,379,297,116
es de,2,378,343,116
politica financiera,2,378,343,122
poco,1,378,327,112
negativo,1,378,312,113
moderacion,1,378,286,91
los sectores,2,378,283,111
el senor consejero que,4,378,166,49
su voto,2,377,355,123
de division operaciones,3,377,326,115
habitual,1,377,319,116
incidencia,1,377,307,107
tipo de cambio real,4,377,295,116
noviembre,1,376,236,85
suma,1,375,343,129
division operaciones financieras,3,375,326,115
seguido,1,375,317,114
leve,1,374,316,119
de las expectativas,3,374,310,116
en esta reunion,3,374,306,117
agrega el senor,3,374,289,52
en la zona,3,374,264,117
de esa,2,373,337,120
es una,2,373,333,113
del crecimiento,2,373,314,116
las presiones,2,373,291,113
correspondiente,1,372,342,131
ellos,1,372,337,119
de la demanda interna,4,372,307,114
problema,1,372,303,106
de capacidad,2,372,294,111
perspectiva,1,371,330,125
gerente de division operaciones,4,371,321,114
en el ultimo mes,4,371,317,108
un contexto,2,371,308,111
sigue siendo,2,371,307,123
de oferta,2,371,296,107
costo,1,371,292,113
probabilidad,1,371,283,108
de 50,2,371,259,91
de politica monetaria el,4,371,230,132
consejeros,1,370,360,132
refleja,1,370,328,114
de division operaciones financieras,4,370,321,115
variaciones,1,370,307,117
bolsas,1,370,256,106
estrategia,1,370,256,105
el aumento de,3,369,325,115
de la gerencia,3,369,322,119
fines del,2,369,311,111
inflacionario,1,369,291,106
crecimiento en,2,368,334,118
de hoy,2,368,290,111
neutral,1,368,287,100
el ministro,2,366,326,108
proyectada,1,366,313,130
la tendencia,2,366,298,111
hace un,2,366,289,100
jorge,1,366,263,59
el plano,2,366,250,128
al gerente,2,365,356,132
cuenta de una,3,365,314,106
el panorama,2,365,299,119
en el plano,3,365,249,128
cuanto la,2,364,344,123
que la tasa de,4,364,315,122
premios,1,364,259,108
senor gerente de,3,364,254,72
division politica,2,363,330,118
se debe,2,363,324,116
los que,2,363,312,116
el pib,2,363,274,109
despues de,2,362,332,119
de division politica,3,362,329,118
que si se,3,362,325,95
el mundo,2,362,314,116
en el ano,3,362,308,108
por otro lado,3,362,286,114
de expansion,2,362,282,108
un incremento,2,362,278,116
2006,1,362,203,61
mayoria,1,361,313,114
en un contexto,3,361,304,110
el dato,2,361,286,98
tras,1,361,197,107
actividad en,2,360,317,115
de tasas de,3,360,305,118
nuevo,1,360,301,123
positivo,1,360,295,118
la decision de,3,360,279,111
de interes de politica,4,360,229,132
interes de politica,3,360,229,132
division politica financiera,3,359,326,118
explica que,2,359,320,74
senor miguel fuentes,3,359,253,23
2011,1,359,250,73
que desde,2,358,332,117
de division politica financiera,4,358,325,118
el peso,2,358,308,119
de mediano plazo,3,358,302,120
de politica monetaria de,4,358,282,111
tambien que,2,357,298,97
positiva,1,357,282,108
laborales,1,357,280,87
presentacion del,2,356,353,103
resultado,1,356,310,121
economico,1,356,294,114
semana,1,356,290,107
por riesgo,2,356,286,110
anual en,2,356,283,115
menciona el,2,356,242,48
para este,2,355,313,117
se tiene,2,355,311,92
negativas,1,355,299,113
esta ocasion,2,355,285,116
creacion,1,355,275,109
de abril,2,355,242,82
vittorio,1,354,328,35
vittorio corbo,2,354,328,35
acerca,1,354,326,109
el ambito,2,354,326,121
del ano pasado,3,354,312,100
este contexto,2,354,309,119
un efecto,2,353,319,120
la inflacion de,3,353,294,115
2010,1,353,249,75
la gasolina,2,353,237,102
en los precios de,4,352,306,113
en la tasa,3,352,294,110
un alza de,3,352,260,91
las que,2,351,324,116
que los precios,3,351,317,112
nuevos,1,351,311,125
distintos,1,351,307,118
reducir,1,351,288,107
de octubre,2,351,235,84
cds,1,351,196,85
16,1,350,327,129
sesion de,2,350,323,132
gerente de division politica,4,350,321,116
una reduccion,2,350,256,105
con lo que,3,349,298,122
dar,1,348,319,123
cambio de,2,348,311,110
inflacion del,2,348,282,113
cerca,1,348,278,113
comenta el,2,348,244,44
el senor gerente de,4,348,240,71
de las tasas de,4,347,309,113
en este contexto,3,347,303,119
de la gerencia de,4,347,301,114
debil,1,347,298,117
depreciacion del,2,347,293,97
de julio,2,347,220,84
la presentacion del,3,346,344,102
mas que,2,346,315,112
prosigue,1,345,330,80
sobre los,2,345,322,124
es muy,2,345,315,118
un ano,2,345,288,115
trimestre del ano,3,345,285,102
mantencion de,2,345,277,108
incremento de,2,345,257,109
bienes de,2,345,243,113
senala que las,3,344,322,117
como en,2,344,318,120
15,1,344,299,111
referencia,1,344,299,101
ante,1,344,298,116
aspecto,1,344,297,94
el tercer,2,344,258,99
de febrero,2,344,223,66
situacion de,2,343,307,110
en los meses,3,343,306,119
que los datos,3,343,297,106
de inflacion de,3,343,285,111
continuado,1,343,280,114
en el ambito,3,342,315,121
por mantener,2,342,315,92
de los precios de,4,342,294,106
la tasa de desempleo,4,342,279,120
no solo,2,341,320,111
pasada,1,341,282,113
fueron,1,341,274,107
al gerente de,3,340,333,132
senalando,1,340,327,113
la primera,2,340,318,113
senor ministro de,3,340,301,79
historicos,1,340,294,111
mas probable,2,340,289,115
gerente senor,2,340,275,45
estimulo monetario,2,340,269,90
revision,1,340,264,114
se podria,2,339,301,111
que las tasas de,4,339,295,118
punto de,2,339,292,112
tal como,2,339,289,115
de demanda,2,339,288,116
seguir,1,339,286,120
el horizonte de politica,4,339,284,121
luego de,2,339,282,119
decisiones,1,339,281,110
los alimentos,2,339,271,80
dando,1,338,303,111
senor ministro de hacienda,4,338,299,79
materias,1,338,295,99
evidencia,1,338,281,114
de credito,2,338,252,102
titulo,1,337,306,71
el ministro de,3,337,303,106
que las cifras,3,337,302,117
actuales,1,337,293,117
el comunicado,2,337,278,103
caso del,2,337,256,106
inicia su intervencion,3,336,336,71
del gerente,2,336,332,113
de china,2,336,282,104
12,1,336,258,112
interes de politica monetaria,4,336,208,132
que estan,2,335,289,117
20,1,335,273,116
el senor miguel,3,335,219,25
que en su,3,334,321,116
en cuanto la,3,334,316,121
que estos,2,334,316,115
el ministro de hacienda,4,334,300,106
en las ultimas,3,334,297,113
una inflacion,2,334,295,121
evolucion de la,3,334,279,114
las de,2,334,274,118
el caso del,3,334,253,106
el sentido,2,333,306,108
significativos,1,333,291,123
favorables,1,333,275,98
mineria,1,333,266,98
economicas,1,333,262,118
encima,1,333,231,88
desde la ultima reunion,4,332,303,124
conjunto,1,332,288,120
rango de,2,332,278,107
de alimentos,2,332,263,88
investigacion,1,332,223,112
razon de,2,331,319,96
comerciales,1,331,278,104
ha mantenido,2,331,245,118
por encima,2,331,229,88
todos los,2,330,314,118
como tambien,2,330,292,108
la volatilidad,2,330,281,101
del orden,2,330,264,115
alemania,1,330,214,92
acota,1,329,308,87
en cambio,2,329,301,112
cuales,1,329,289,120
tasa en,2,329,273,113
de trabajo,2,329,270,108
asia,1,329,257,111
nuestro,1,329,224,88
shocks,1,329,209,77
consulta si,2,328,327,111
plazo en,2,328,298,119
nuevamente,1,328,296,119
esperar,1,328,294,111
de algunos,2,328,293,115
ultimas semanas,2,328,283,111
algo por,2,328,278,110
el gerente senor,3,328,265,45
por cuanto,2,327,307,91
en esa,2,327,306,115
tampoco,1,327,299,116
alrededor,1,327,291,116
que el crecimiento,3,327,288,114
aceleracion,1,327,273,112
de opciones,2,327,266,117
en la zona euro,4,327,234,112
sobre las,2,326,298,121
tambien en,2,326,294,119
en la medida,3,326,290,119
de europa,2,326,264,104
del gerente de,3,325,321,108
primero,1,325,304,120
de que la,3,325,300,120
en el sentido,3,325,299,107
continuar,1,325,291,109
el resto,2,325,288,119
es decir,2,325,287,91
supuesto,1,325,266,103
la velocidad,2,325,261,105
inflacion anual,2,325,247,109
hoy dia,2,324,265,95
evaluacion,1,324,263,110
corriente,1,324,242,90
concede,1,323,323,78
estables,1,323,282,108
para las,2,323,276,118
en las tasas,3,323,267,117
en esta ocasion,3,323,261,114
descartar,1,323,257,112
en anual,2,323,252,62
han tendido,2,323,244,104
nivel actual,2,322,282,109
aprecia,1,322,259,98
la variacion,2,322,251,107
senor garcia,2,322,141,63
posibilidad,1,321,284,117
escenario internacional,2,321,282,120
materias primas,2,321,278,97
desarrollos,1,321,261,119
shock,1,321,221,82
politicas,1,320,279,103
las ultimas semanas,3,320,278,111
recursos,1,320,274,110
particularmente en,2,320,260,111
estable,1,320,258,114
forward,1,320,255,106
mantener la tpm,3,320,250,70
persistencia,1,320,239,93
75,1,320,230,89
europeo,1,320,230,77
concede la,2,319,319,77
concede la palabra,3,319,319,77
efectivamente,1,319,296,98
similares,1,319,286,116
elemento,1,319,277,119
partir de,2,319,275,114
siguiente,1,319,266,128
orden de,2,319,263,114
creacion de,2,319,257,107
estuvo,1,318,273,118
del primer,2,318,257,96
tuvo,1,318,257,106
rodrigo vergara agradece la,4,317,317,49
vergara agradece la,3,317,317,49
considerado,1,317,287,124
las encuestas,2,317,271,111
contemplado,1,317,267,107
apuntan,1,317,264,111
cuenta corriente,2,317,236,87
que estas,2,316,293,118
no hay,2,316,288,107
dentro de,2,316,284,114
que la actividad,3,316,281,112
cuadro,1,316,244,115
rango meta,2,316,234,94
un sesgo,2,316,218,86
del consejero,2,315,306,98
antes de,2,315,292,114
la evolucion de la,4,315,265,113
las importaciones de,3,315,249,111
diagnostico,1,315,244,109
monetaria en 25,3,315,240,69
politica monetaria en 25,4,315,240,69
una recuperacion,2,314,268,96
ido,1,314,266,118
acota que,2,313,293,82
productos,1,313,284,107
la incertidumbre,2,313,267,105
se aprecia,2,313,252,97
lehmann que,2,313,100,45
principal,1,312,279,114
alberto,1,312,273,69
de los commodities,3,312,272,103
senor marfan,2,312,236,62
emergente,1,312,220,99
del consejero senor,3,311,302,97
por mantener la,3,311,292,84
mes anterior,2,311,187,96
encuentran,1,310,279,114
el crecimiento del,3,310,268,115
en dicho,2,310,268,99
mas reciente,2,310,268,115
en razon,2,309,299,87
senalando que,2,309,297,108
continuacion el,2,309,288,117
hasta ahora,2,309,267,114
que las condiciones,3,309,261,107
gerente que,2,309,146,46
fin,1,308,299,116
deja,1,308,292,95
que aun,2,308,282,108
cambios en,2,308,277,117
ver,1,308,275,87
es coherente,2,308,274,122
evolucion del,2,308,274,117
el punto,2,308,268,112
de lo que se,4,308,249,96
de tasa,2,308,244,100
novedades,1,308,217,95
respectivamente,1,308,206,102
lo que ha,3,307,276,114
que las proyecciones,3,307,269,104
nominal,1,307,251,104
senal,1,307,246,104
cuando se,2,306,287,106
indica que las,3,306,283,105
no han,2,306,282,120
efecto de,2,306,281,108
inflacion que,2,306,281,112
se encuentran,2,306,275,112
trata,1,306,269,93
se advierte,2,306,267,85
encuesta de expectativas,3,306,234,105
internacional senor,2,305,294,118
la sesion de,3,305,294,132
ejemplo,1,305,287,103
lo expuesto,2,305,287,102
de caracter,2,305,276,91
han aumentado,2,305,272,114
que la economia,3,305,268,109
las bolsas,2,305,219,98
de agosto,2,305,195,74
de inventarios,2,304,216,90
que en los,3,303,282,113
sostiene,1,303,268,65
del mundo,2,303,266,107
en la tasa de,4,303,258,104
por el mercado,3,303,256,111
el consejero senor joaquin,4,303,245,47
observado en,2,302,276,112
siguientes,1,302,275,124
la medida que,3,302,272,119
que de acuerdo,3,302,261,97
fondo,1,302,256,102
jorge desormeaux,2,302,252,58
el riesgo de,3,302,248,106
gobierno,1,302,234,96
normalizacion de la,3,302,222,79
senor magendzo,2,302,104,24
su voto es,3,301,296,117
voto es,2,301,296,117
futura,1,301,260,106
mediados,1,301,259,113
el tercer trimestre,3,301,225,91
de bienes de,3,301,218,109
asesor,1,301,179,117
especialmente en,2,300,268,114
de liquidez,2,300,224,77
al alza en,3,299,266,115
debajo de lo,3,299,263,100
caido,1,299,261,106
tensiones,1,299,234,71
acordo,1,299,187,126
millones,1,299,149,86
la misma,2,298,275,113
anticipa,1,298,273,107
tanto que,2,298,273,86
de mantener la,3,298,269,104
analistas,1,298,265,109
por debajo de lo,4,298,262,100
cuenta de un,3,298,256,103
las principales,2,298,254,118
del presente,2,298,253,79
en el segundo,3,298,249,100
2013,1,298,206,53
el senor miguel fuentes,4,298,199,23
senor gerente que,3,298,139,45
en razon de,3,297,288,83
un escenario de,3,297,262,109
en la inflacion,3,297,247,100
en el primer,3,297,242,106
costos laborales,2,297,229,73
subir la,2,297,215,82
final,1,296,263,100
presentan,1,296,257,117
la percepcion,2,296,252,110
apreciacion del,2,296,250,98
los movimientos,2,296,241,113
viviendas,1,296,209,94
el senor gerente que,4,296,139,45
00,1,295,280,128
advierte que,2,295,278,81
el comportamiento,2,295,269,113
en torno al,3,295,253,101
torno al,2,295,253,101
sugieren,1,295,251,101
de que el,3,294,279,110
de ello,2,294,266,112
la evolucion del,3,294,263,116
grandes,1,294,257,110
se trata,2,294,257,89
el senor ministro de,4,294,255,73
el dolar,2,294,248,108
concede la palabra al,4,293,293,77
que existe,2,293,273,95
hay un,2,293,268,96
nuevas,1,293,264,109
al menos,2,293,261,108
coyuntura,1,293,260,105
ve,1,293,258,109
crecimiento para,2,293,254,107
el proceso,2,293,241,102
las monedas,2,293,230,106
reitera,1,292,272,93
el hecho,2,292,268,114
riesgos de,2,292,243,108
publico,1,292,242,106
ella,1,291,281,108
expresado,1,291,273,83
medio,1,291,264,104
el futuro,2,291,260,106
este escenario,2,291,252,112
desaceleracion de la,3,291,251,82
en china,2,291,245,88
nuestra,1,291,229,92
agradece la presentacion,3,290,290,100
del comunicado,2,290,279,126
en la medida que,4,290,260,117
del proximo,2,290,259,98
es coherente con,3,290,259,121
sorprendio,1,290,253,101
el ajuste,2,290,246,105
dona,1,290,131,125
senor lehmann que,3,290,87,39
que mas,2,289,270,113
que se observa,3,289,259,110
recuperacion de,2,289,256,94
transitorio,1,289,255,101
percepcion de,2,289,244,106
escenarios,1,289,231,97
reversion,1,289,231,94
crecimiento anual,2,289,136,80
siendo las,2,288,287,132
su voto es por,4,288,284,115
voto es por,3,288,284,115
ha aumentado,2,288,254,113
hay que,2,288,248,84
senales de,2,288,244,102
bajar,1,288,224,83
el escenario central,3,288,175,62
si el,2,287,272,109
reuniones,1,287,259,105
lo que esta,3,287,250,84
del precio de,3,287,235,99
la mantencion,2,287,232,103
senor felipe,2,287,221,48
2014,1,287,208,53
monetaria el consejo,3,287,157,132
politica monetaria el consejo,4,287,157,132
analisis internacional senor,3,286,275,113
la posibilidad,2,286,257,113
el dinamismo,2,286,242,93
cierre de,2,286,235,89
responde que,2,285,284,72
votacion,1,285,281,130
la caida de,3,285,252,106
la inflacion subyacente,3,285,252,104
junto,1,285,250,112
moderado,1,285,249,105
asociado,1,285,236,103
que el precio del,4,285,215,102
que en su opinion,4,284,274,111
agrega que las,3,284,272,111
esos,1,284,262,99
visto,1,284,260,110
agregados,1,284,247,108
esta situacion,2,283,264,95
la presente,2,283,258,82
observando,1,283,255,102
aproximadamente,1,283,253,102
aumento del,2,283,243,106
dudas,1,283,241,104
salarios nominales,2,283,236,94
inversion en,2,283,235,104
marginalmente,1,283,233,107
spread,1,283,188,83
refiriendose,1,282,275,85
mejores,1,282,244,101
reunion anterior,2,282,240,106
el cuarto,2,282,227,102
en que se,3,281,268,111
monetaria que,2,281,268,125
sesion de politica,3,281,265,132
sesion de politica monetaria,4,281,265,132
referente,1,281,244,73
deficit,1,281,211,87
cuanto al,2,280,264,110
importante de,2,280,258,111
alrededor de,2,280,252,113
ano se,2,280,252,108
exterior,1,280,245,102
la reunion anterior,3,280,238,105
region,1,280,237,85
sistema,1,280,221,82
se ha mantenido,3,280,217,110
para efectos,2,279,256,108
cada,1,279,250,106
del mercado laboral,3,279,247,112
de investigacion,2,279,205,107
terremoto,1,279,159,23
en cuanto al,3,278,262,110
elevadas,1,278,254,103
que como,2,278,251,96
casi,1,278,246,105
largas,1,278,227,98
del orden de,3,278,225,106
el sesgo,2,278,220,86
en el caso del,4,278,213,99
anterior el,2,277,264,106
la mayoria,2,277,244,107
las medidas de,3,277,239,107
la rpm,2,277,227,76
previos,1,277,225,106
recorte,1,277,185,78
de analisis internacional senor,4,276,265,103
podria ser,2,276,257,107
de mercados,2,276,255,119
ha tenido,2,276,247,111
la dinamica,2,276,238,104
ubica,1,276,238,116
de desaceleracion,2,276,212,79
opciones de,2,275,270,132
senala que se,3,275,263,109
como es,2,275,260,115
en primer lugar,3,275,255,108
primer lugar,2,275,255,108
circunstancias,1,275,246,111
igual que,2,275,233,110
corregido,1,275,222,90
puede ser,2,274,246,99
palabra al gerente,3,273,273,122
lo que es,3,273,254,107
tendria,1,273,245,110
de los ultimos,3,273,241,106
que de acuerdo con,4,273,235,84
del precio del petroleo,4,273,228,91
larrain,1,273,215,48
se estima,2,273,199,98
mes de septiembre,3,273,196,69
la palabra al gerente,4,272,272,122
disponible,1,272,247,108
senor vittorio,2,272,247,35
senor vittorio corbo,3,272,247,35
de las condiciones,3,272,242,113
meses en,2,272,241,103
economia mundial,2,272,227,103
previsto en,2,272,226,111
desempeno,1,272,219,103
contrario,1,271,254,112
presidente senor vittorio,3,271,247,35
presidente senor vittorio corbo,4,271,247,35
vista,1,271,233,109
esa economia,2,271,225,82
en la parte,3,271,218,92
la brecha,2,271,206,92
sostiene que,2,270,244,57
por parte de,3,270,243,95
favorable,1,270,242,101
los efectos de,3,270,240,110
disminuido,1,270,234,95
destaca el,2,270,222,99
flujos,1,270,213,99
su reunion,2,270,158,132
en tanto que,3,269,245,78
posibilidad de,2,269,243,108
baja de,2,269,235,99
el curso,2,269,231,107
una tasa de,3,269,226,109
ha tendido,2,269,219,107
minuta de opciones,3,269,212,106
de investigacion economica,3,269,200,107
investigacion economica,2,269,200,107
capitales,1,269,194,92
senor vicepresidente,2,269,138,71
que hace,2,268,255,109
parte de la,3,268,253,101
de estas,2,268,248,108
cuanto las,2,268,245,106
trata de,2,268,240,90
producto de,2,268,238,107
dada,1,268,237,105
consumo privado,2,268,227,95
de financiamiento,2,268,221,83
felipe larrain,2,268,213,47
banco central europeo,3,268,197,75
central europeo,2,268,197,75
en su reunion,3,268,156,132
constancia,1,267,255,76
resalta que,2,267,247,56
respecto de los,3,267,243,101
los principales,2,267,242,114
ajustado,1,267,229,105
en adelante,2,267,225,80
en las economias desarrolladas,4,267,205,92
agradece la presentacion del,4,266,266,82
al mes,2,266,241,109
al igual,2,266,225,107
quiere,1,266,223,66
resultados,1,266,222,90
condiciones de,2,266,218,100
de la gasolina,3,266,192,96
politica monetaria que,3,265,252,123
meses de,2,265,235,105
11,1,265,230,130
de la reserva,3,265,223,82
senor beltran,2,265,218,97
senor beltran de,3,265,218,97
senor beltran de ramon,4,265,218,97
potencial,1,265,212,99
la minuta de opciones,4,265,210,105
de produccion,2,265,204,95
registraron,1,265,202,88
gerente de investigacion,3,265,198,104
hecho que,2,264,246,108
puntuales,1,264,235,100
de commodities,2,264,214,106
de 50 puntos,3,264,180,67
para este ano,3,263,238,101
parte el,2,263,233,103
han estado,2,263,232,113
de los mercados,3,263,227,103
una tendencia,2,263,220,101
el del,2,263,215,105
cambiaria,1,263,207,80
presentado,1,262,250,106
con su presentacion,3,262,242,67
el impacto,2,262,239,105
van,1,262,228,107
los consumidores,2,262,223,111
externa,1,262,214,97
menciona el senor,3,262,185,38
horas se,2,261,260,132
lo mismo,2,261,251,106
monetaria en su,3,261,249,120
se ubica,2,261,225,115
los salarios nominales,3,261,222,92
politica monetaria en su,4,260,248,120
lo expresado,2,260,245,74
la posibilidad de,3,260,236,107
dinamismo de la,3,260,219,95
comienzos,1,260,213,108
el cuarto trimestre,3,260,212,98
don luis,2,260,133,127
ofrece la palabra al,4,259,259,111
caida del,2,259,226,95
la economia mundial,3,259,221,101
al igual que,3,259,219,107
ese pais,2,259,203,79
que puede,2,258,248,111
en algunos,2,258,237,111
comportamiento de,2,258,230,107
contexto de,2,258,222,106
en la reunion de,4,258,222,81
cowan,1,258,209,59
aumentar la,2,258,183,79
pmi,1,258,122,76
su exposicion,2,257,250,96
paso,1,257,247,112
razon por,2,257,243,92
ancladas,1,257,234,97
se trata de,3,257,229,86
subraya,1,257,229,47
en el sector,3,257,224,108
de la reunion,3,257,218,104
el proceso de,3,257,218,94
los problemas,2,257,217,82
el proximo ano,3,257,201,84
100,1,257,200,96
gerente de investigacion economica,4,257,195,104
en las economias emergentes,4,257,187,80
palabra al gerente de,4,256,256,122
que la demanda,3,256,229,102
las distintas,2,256,225,109
contemplado en,2,256,219,99
un menor,2,256,218,99
segundo semestre,2,256,216,95
la tasa en,3,256,210,99
consejero senor marfan,3,256,205,54
la encuesta de expectativas,4,256,203,100
senor felipe larrain,3,256,201,47
hace un mes,3,256,193,75
se ve,2,255,228,106
dia de,2,255,227,101
respuesta,1,255,216,95
2005,1,255,135,49
analisis macroeconomico senor claudio,4,254,251,67
macroeconomico senor claudio,3,254,251,67
respecto de las,3,254,235,106
ejercicio,1,254,231,96
el presidente senor vittorio,4,254,231,35
que esto,2,254,231,89
su nivel actual,3,254,223,95
mantencion de la,3,254,208,93
hacia la,2,254,202,93
en 50,2,254,194,67
mexico,1,254,191,79
mes de enero,3,254,156,55
macroeconomico senor claudio soto,4,253,250,67
razon por la,3,253,239,92
hubo,1,253,232,101
mayoria de,2,253,226,109
lectura,1,253,225,100
en el mundo,3,253,224,105
observa que,2,253,222,98
en los mercados financieros,4,253,220,92
estaba,1,253,219,92
sobre lo,2,253,210,95
ajuste de,2,253,206,91
senor jorge,2,253,202,57
analisis internacional senor sergio,4,252,247,102
internacional senor sergio,3,252,247,102
internacional senor sergio lehmann,4,252,247,102
acerca de,2,252,235,88
grafico,1,252,225,85
en lo mas,3,252,222,107
desaceleracion en,2,252,216,88
asalariado,1,252,210,102
de proyeccion,2,252,208,94
debe ser,2,252,205,102
de la crisis,3,252,204,79
los spreads,2,252,199,95
que respecto,2,252,196,68
expectativas economicas,2,252,193,99
que su voto,3,251,246,101
fin de,2,251,244,105
destaca la,2,251,224,90
dato de,2,251,209,94
que en las,3,251,208,98
espana,1,251,173,62
pensar,1,250,229,104
del presente ano,3,250,219,78
la inflacion anual,3,250,199,103
del rango meta,3,250,184,81
de capitales,2,250,181,87
de 50 puntos base,4,250,171,63
estudios senor luis,3,249,242,44
estudios senor luis oscar,4,249,242,44
del senor,2,249,240,90
por ejemplo,2,249,233,95
la cual,2,249,229,101
plazo se,2,249,224,107
ni,1,249,222,107
en su nivel,3,249,221,90
variables,1,249,214,110
negativos,1,249,208,101
la industria,2,249,193,93
reunion mensual,2,249,137,132
la sesion de politica,4,248,246,132
las opciones de,3,248,245,131
division estudios senor luis,4,248,241,44
de menor,2,248,227,99
13,1,248,215,119
de activos,2,248,209,92
tasas largas,2,248,203,92
los premios,2,248,198,96
el informe,2,248,194,97
en su reunion mensual,4,248,136,132
mensual de politica,3,248,136,132
mensual de politica monetaria,4,248,136,132
reunion mensual de,3,248,136,132
reunion mensual de politica,4,248,136,132
su reunion mensual,3,248,136,132
su reunion mensual de,4,248,136,132
cuanto que,2,247,230,101
en cuanto que,3,247,230,101
mientras que el,3,247,230,101
una parte,2,247,228,108
estadisticas,1,247,227,114
resto de,2,247,227,105
modo,1,247,224,96
algo mayor,2,247,219,106
del segundo,2,247,217,97
mientras que en,3,247,212,91
la fecha,2,247,210,106
impulso monetario,2,247,192,87
de expectativas economicas,3,247,189,98
encima de,2,247,189,80
por encima de,3,247,189,80
el senor vicepresidente,3,247,120,68
que los precios de,4,246,236,98
respecto de lo,3,246,228,103
en cuanto las,3,246,227,105
que en esta,3,246,223,112
ultima reunion de,3,246,222,111
aumentos de,2,246,214,97
los activos,2,246,214,96
han mantenido,2,246,206,102
de los alimentos,3,246,200,71
subrogante,1,246,188,86
los creditos,2,246,183,94
la inflacion se,3,245,225,103
que el tipo,3,245,216,101
que el tipo de,4,245,216,101
los costos laborales,3,245,194,65
grecia,1,245,188,58
mes de diciembre,3,245,180,70
monetaria el consejo del,4,245,135,132
senores,1,244,239,124
la atencion,2,244,234,107
reflejando,1,244,222,106
el mayor,2,244,214,102
la desaceleracion de,3,244,212,83
de la reserva federal,4,244,207,79
el ipom de,3,244,201,101
cerca de,2,244,193,99
de noviembre,2,244,163,59
00 horas,2,243,237,128
lo que no,3,243,233,107
hay una,2,243,232,94
ellas,1,243,227,104
en otras,2,243,226,102
mucho mas,2,243,221,94
senalado,1,243,218,105
consistente,1,243,214,108
lo mas reciente,3,243,213,105
senor alberto,2,243,212,23
senor jorge desormeaux,3,243,193,56
el senor garcia,3,243,100,56
haya,1,242,223,99
en las ultimas semanas,4,242,221,101
de vista,2,242,208,105
lado de la,3,242,204,98
por tanto,2,242,204,98
prolongado,1,242,203,91
velocidad de,2,242,193,90
la produccion industrial,3,242,146,90
las 16,2,241,240,122
que en este,3,241,223,99
en sus,2,241,220,97
la que se,3,241,217,98
de tasas de interes,4,241,207,102
2015,1,241,176,40
don rodrigo,2,241,157,117
concluir,1,240,236,97
son las,2,240,228,110
el momento,2,240,218,100
pero en,2,240,218,102
cayendo,1,240,217,94
que el banco central,4,240,210,102
de los bancos,3,240,206,88
la correccion,2,240,202,91
una variacion,2,240,186,92
precio de la,3,240,174,89
el senor lehmann que,4,240,75,37
ultima reunion de politica,4,239,215,111
en lo mas reciente,4,239,210,104
moneda,1,239,201,96
ventas de,2,239,183,91
opciones de politica,3,238,235,132
la ultima reunion de,4,238,215,110
los registros,2,238,210,95
cuentas,1,238,209,89
el lado de la,4,238,201,98
probabilidad de,2,238,200,90
de bonos,2,238,191,83
incrementos,1,238,187,93
senor soto,2,238,177,40
importancia,1,237,220,99
observa una,2,237,215,100
un ritmo,2,237,215,105
coherentes,1,237,211,111
subyacentes,1,237,205,100
vuelto,1,237,203,105
encuesta de expectativas economicas,4,237,183,97
senala que los,3,236,229,111
ya se,2,236,219,99
llevado,1,236,217,106
se observa una,3,236,214,99
que la proyeccion,3,236,207,92
proyectado en,2,236,205,96
mantener la tpm en,4,236,200,61
el componente,2,236,185,90
balance,1,236,175,83
presidencia,1,236,142,132
los cds,2,236,136,70
palabra para,2,235,235,123
deja constancia,2,235,228,63
si la,2,235,227,110
tanto la,2,235,225,110
agrega que los,3,235,223,108
monetarios,1,235,218,100
que hoy,2,235,214,89
han tenido,2,235,212,106
junto con,2,235,208,102
comparacion,1,235,206,107
rapido,1,235,196,86
base del,2,235,190,86
la convergencia,2,235,179,81
tendencia inflacionaria,2,235,169,55
anual del,2,235,150,86
la presidencia,2,235,142,132
la palabra para,3,234,234,123
vota,1,234,233,93
la exposicion,2,234,232,113
en materia de inflacion,4,234,227,92
materia de inflacion,3,234,227,92
la situacion de,3,234,221,96
observados,1,234,212,102
la mayoria de,3,234,207,106
mercado de,2,234,205,100
factor,1,234,203,101
un tiempo,2,234,203,95
presente el,2,234,197,92
el consejero senor marfan,4,234,188,53
del gasto,2,234,183,87
lo anterior el,3,233,226,94
espera que,2,233,212,102
su vez,2,233,207,99
de lo esperado,3,233,206,94
la depreciacion del,3,233,203,84
su tasa,2,233,190,100
senor marshall,2,233,79,52
que su voto es,4,232,228,100
constancia que,2,232,224,66
es lo,2,232,216,91
necesidad,1,232,215,106
bastante mas,2,232,210,99
motivo,1,232,207,69
parecen,1,232,192,99
los bonos,2,232,189,90
al escenario,2,231,223,103
no asi,2,231,218,86
se explica,2,231,211,101
los de,2,231,205,104
elevada,1,231,203,98
meta de,2,231,202,102
de los consumidores,3,231,196,107
bienes de capital,3,231,189,104
ha mostrado,2,231,189,102
del primer trimestre,3,231,185,74
se suma,2,230,215,101
es posible,2,230,206,105
crecimiento mundial,2,230,201,97
experimentado,1,230,200,98
los anos,2,230,197,99
promedio de,2,230,189,96
anuncio,1,230,187,81
el incremento,2,230,175,98
marfan senala,2,229,223,77
rodrigo valdes,2,229,223,39
esas,1,229,215,106
parte la,2,229,215,101
lo referente,2,229,210,64
meta en,2,229,207,108
el ritmo,2,229,194,88
naturales,1,229,194,92
estimacion,1,229,187,93
caer,1,229,183,96
de servicios,2,229,174,81
anual de,2,229,147,85
continuacion concede,2,228,228,67
continuacion concede la,3,228,228,67
continuacion concede la palabra,4,228,228,67
que presente,2,228,228,130
para efectos de,3,228,218,98
cuenta de que,3,228,214,81
no son,2,228,213,104
monetaria se,2,228,209,104
un punto,2,228,201,93
menor crecimiento,2,228,200,92
rectora,1,228,193,56
bolsa,1,228,184,98
los estados,2,228,180,84
al mismo,2,227,211,99
otras economias,2,227,205,92
algun grado,2,227,204,95
precios de las,3,227,204,96
coherentes con,2,227,201,108
la vision,2,227,200,85
que los riesgos,3,227,198,100
duda,1,227,193,97
entorno,1,227,186,89
la del,2,227,180,94
en america,2,227,164,88
en america latina,3,227,164,88
noticia,1,226,207,105
que en terminos,3,226,202,101
punto de vista,3,226,194,100
tendencias,1,226,193,94
comenta el senor,3,226,171,39
las opciones de politica,4,225,223,131
todas las,2,225,208,101
de inflacion en,3,225,206,106
asociados,1,225,203,100
de crecimiento para,3,225,201,101
que las noticias,3,225,196,105
del credito,2,225,192,94
tasa rectora,2,225,192,56
ubican,1,225,188,102
la mantencion de,3,225,187,96
propia,1,225,186,97
productividad,1,225,157,69
que no es,3,224,217,100
comentario,1,224,213,83
mientras que las,3,224,209,90
fundamentos,1,224,208,95
deben,1,224,207,105
se considera,2,224,206,101
aquellos,1,224,205,94
detras,1,224,204,94
explicar,1,224,203,97
la actividad en,3,224,202,97
inflacion proyectada,2,224,194,119
del ultimo mes,3,224,185,107
creacion de empleo,3,224,178,94
de economias,2,224,172,95
compensacion,1,224,170,75
recesion,1,224,162,68
los senores,2,223,219,123
solicita,1,223,217,110
que ello se,3,223,207,91
escenario mas,2,223,199,98
ha observado,2,223,199,95
kevin,1,223,198,60
lleva,1,223,198,102
que el consumo,3,223,191,87
los estados unidos,3,223,175,83
previo,1,223,162,98
observar,1,222,215,97
tiene un,2,222,214,101
que ya,2,222,211,104
necesidad de,2,222,209,105
acotados,1,222,201,89
la discusion,2,222,200,93
desarrollados,1,222,199,97
el nivel de,3,222,199,99
aun cuando,2,222,198,88
entre los,2,222,198,97
el punto de,3,222,197,104
kevin cowan,2,222,197,59
que lo anticipado,3,222,185,83
las presiones inflacionarias,3,222,184,95
proximos trimestres,2,222,179,99
la inflacion del,3,222,172,85
deja constancia que,3,221,214,63
actualmente,1,221,211,93
necesariamente,1,221,207,92
enfatiza,1,221,204,73
mantienen en,2,221,203,97
la politica monetaria en,4,221,199,101
dando cuenta,2,221,197,95
tambien el,2,221,195,94
siguen siendo,2,221,194,95
costo de,2,221,180,94
el indice,2,221,180,99
los proximos trimestres,3,221,178,99
los inventarios,2,221,176,93
marfan senala que,3,220,215,76
efectuar,1,220,209,88
implica,1,220,201,102
no se puede,3,220,197,94
de los paises,3,220,195,92
el imacec,2,220,194,99
de las importaciones,3,220,182,87
importaciones de bienes,3,220,175,103
crediticias,1,220,170,72
normalizacion de la politica,4,220,162,60
sentido que,2,219,210,94
al mes de,3,219,201,99
politica monetaria se,3,219,201,102
de precios de,3,219,198,99
mes en,2,219,197,102
en las expectativas,3,219,195,93
las tasas largas,3,219,188,90
manana,1,219,187,86
las razones,2,218,213,92
apreciado,1,218,203,89
anteriormente,1,218,202,101
destacando,1,218,201,94
han mostrado,2,218,197,101
preocupacion por,2,218,193,91
registra,1,218,193,84
una cierta,2,218,192,90
la magnitud,2,218,191,91
chileno,1,218,188,84
expansiva,1,218,179,95
en el escenario base,4,218,172,86
vuelta,1,218,167,63
que ese,2,217,207,97
proyecciones del,2,217,200,103
mientras que la,3,217,199,100
se mantienen en,3,217,199,95
reducido,1,217,193,102
que las perspectivas,3,217,192,98
acotado,1,217,189,98
menor dinamismo,2,217,182,83
mes pasado,2,217,176,92
fondos,1,217,170,79
mes de marzo,3,217,156,64
senor de,2,217,156,61
presente que la,3,216,209,88
al consejero,2,216,204,85
al consejero senor,3,216,204,85
con mayor,2,216,202,99
altas,1,216,201,100
se estan,2,216,197,102
la base,2,216,195,94
atinente,1,216,193,36
en la economia,3,216,193,100
lo atinente,2,216,193,36
se ha observado,3,216,192,95
estimado,1,216,191,104
comunicacion,1,216,188,100
autoridades,1,216,184,78
aspectos,1,216,183,94
por sobre lo,3,216,177,85
que la opcion,3,216,175,106
modelo,1,216,154,76
producido,1,215,203,94
eventual,1,215,199,100
tiene que,2,215,196,70
mencionado,1,215,194,97
en su nivel actual,4,215,193,84
que fue,2,215,192,98
alzas de,2,215,190,87
el presente,2,215,188,80
estimaciones,1,215,188,101
empleo asalariado,2,215,183,92
la creacion,2,215,182,96
ultima rpm,2,215,182,67
de alguna,2,214,199,91
sean,1,214,197,97
cual es,2,214,196,90
en el futuro,3,214,196,96
de los activos,3,214,195,92
en lo atinente,3,214,192,36
un periodo,2,214,190,86
de gregorio senala,3,214,187,77
gregorio senala,2,214,187,77
los riesgos de,3,214,185,102
la ultima rpm,3,214,181,66
el mediano,2,214,171,98
en japon,2,214,155,90
central de chile acordo,4,214,129,117
chile acordo,2,214,129,117
de chile acordo,3,214,129,117
la votacion,2,213,211,129
opinion del,2,213,209,92
significativas,1,213,201,100
tiene una,2,213,200,96
que los indicadores,3,213,192,100
perspectivas de crecimiento,3,213,191,96
persistente,1,213,185,97
proyecciones de crecimiento,3,213,185,95
se habia,2,213,183,84
las holguras,2,213,177,90
hipotesis,1,213,176,93
la probabilidad,2,213,175,85
al staff,2,212,212,120
que esa,2,212,202,99
observada,1,212,198,105
por sobre el,3,212,194,103
como de,2,212,193,96
hasta el,2,212,193,96
mayor que la,3,212,187,94
recursos naturales,2,212,181,87
se han mantenido,3,212,181,96
la inversion en,3,212,178,88
reaccion,1,212,173,89
de normalizacion de,3,212,167,64
reitera que,2,211,199,81
meses se,2,211,195,97
traves,1,211,194,97
disponibles,1,211,193,102
muestran una,2,211,189,96
evaluar,1,211,187,93
composicion,1,211,185,90
en el primer trimestre,4,211,174,85
escenario base del,3,211,168,83
monetaria en 25 puntos,4,211,162,54
gerente de mercados,3,210,199,110
conveniencia,1,210,196,74
debajo del,2,210,194,96
el escenario de,3,210,188,99
de expectativas de,3,210,184,89
en la ultima,3,210,183,102
reflejado,1,210,183,101
desarrollo,1,210,180,94
decimas,1,210,176,102
de bienes de capital,4,210,172,102
el senor magendzo,3,210,69,24
informacion que,2,209,197,93
la conveniencia,2,209,195,74
vez que,2,209,193,99
cuanto los,2,209,192,90
espacio,1,209,192,93
fuertemente,1,209,192,89
bien la,2,209,190,94
dada la,2,209,188,94
en las tasas de,4,209,186,95
registros de,2,209,186,97
un repunte,2,209,186,84
centrales,1,209,185,83
algunos meses,2,209,184,100
sector construccion,2,209,179,81
agentes,1,209,178,87
la sorpresa,2,209,174,82
consumo de,2,209,169,88
la confianza,2,209,153,97
don enrique,2,209,123,123
ello no,2,208,202,96
hace presente que la,4,208,202,88
este ultimo,2,208,198,96
prosigue con,2,208,198,68
en algun,2,208,194,100
siempre,1,208,192,95
habido,1,208,189,83
de recuperacion,2,208,187,78
tiende,1,208,187,99
lamina,1,208,182,55
trayectoria de la,3,208,181,89
25 puntos base en,4,208,180,81
el crecimiento de la,4,208,174,92
el sentido que,3,207,198,91
la necesidad,2,207,195,98
es algo,2,207,194,100
las materias,2,207,192,87
similar al,2,207,192,100
en el comunicado,3,207,180,89
se ubican,2,207,180,99
acciones,1,207,177,96
regiones,1,207,176,91
en dolares,2,207,168,74
de variacion,2,207,155,91
peru,1,207,155,60
subir la tasa,3,207,146,65
concerniente al,2,206,199,43
en el sentido que,4,206,197,91
coincide,1,206,196,102
indican,1,206,192,101
las materias primas,3,206,191,87
superiores,1,206,191,101
varias,1,206,189,97
alude,1,206,188,60
subido,1,206,185,100
que los antecedentes,3,206,178,93
la debilidad,2,206,176,98
importaciones de bienes de,4,206,166,102
de viviendas,2,206,160,85
la tasa de crecimiento,4,206,156,82
garcia que,2,206,67,45
uno de,2,205,196,93
destaca que la,3,205,195,74
plazo de,2,205,191,106
por debajo del,3,205,190,94
ambas,1,205,189,95
de dos,2,205,184,96
de gregorio senala que,4,205,180,77
gregorio senala que,3,205,180,77
el banco central de,4,205,176,74
requiere,1,205,174,93
centro,1,205,170,80
tarifas,1,205,150,81
ese mes,2,204,199,112
pero no,2,204,197,94
el registro,2,204,193,82
es el caso,3,204,193,91
de la evolucion,3,204,182,99
inflacionarios,1,204,178,84
manera importante,2,204,173,89
las tensiones,2,204,171,59
signos,1,204,168,93
el mediano plazo,3,204,163,95
posicion,1,204,161,87
durables,1,204,158,84
el senor soto,3,204,156,40
ello es,2,203,197,93
con que,2,203,195,107
una menor,2,203,192,99
la segunda,2,203,190,100
que va,2,203,186,95
compromiso,1,203,184,105
subraya que,2,203,184,40
aquellas,1,203,183,94
precios de los commodities,4,203,183,83
actividad de,2,203,179,96
segun,1,203,174,91
de manera importante,3,203,172,89
en el ipom de,4,203,170,92
privadas,1,203,155,93
positivos,1,203,147,83
trigo,1,203,138,67
asimismo que,2,202,193,77
el hecho que,3,202,192,104
distinto,1,202,191,89
cercano,1,202,188,96
financieras senor,2,202,185,90
operaciones financieras senor,3,202,185,90
por ello,2,202,185,93
todo lo,2,202,184,92
crecimiento de los,3,202,183,95
los precios de las,4,202,183,91
para los proximos,3,202,183,98
seis,1,202,181,95
la inflacion proyectada,3,202,180,117
ultimos dias,2,202,179,89
un riesgo,2,202,167,88
opciones de politica monetaria,4,201,199,131
lo concerniente al,3,201,197,43
meses que,2,201,192,95
prosigue con su,3,201,191,67
dado que,2,201,189,85
el tema,2,201,189,84
permite,1,201,189,100
conveniencia de,2,201,187,70
la conveniencia de,3,201,187,70
que su juicio,3,201,185,91
basicamente,1,201,183,92
el dia de,3,201,182,89
la lamina,2,201,178,54
externos,1,201,175,89
permanecen,1,201,167,93
la cifra,2,201,166,87
premios por,2,201,162,83
reducir la,2,201,161,67
ano 2012,2,201,152,53
ofrece la palabra para,4,200,200,122
menciona que el,3,200,196,93
llama,1,200,194,93
haciendo,1,200,193,95
manifiesta que la,3,200,193,81
conforme,1,200,192,72
la necesidad de,3,200,190,98
como las,2,200,189,110
con respecto al,3,200,188,89
recientemente,1,200,187,91
como una,2,200,184,97
un fenomeno,2,200,181,93
que lo esperado,3,200,178,90
la apreciacion del,3,200,176,82
mostro,1,200,174,93
una correccion,2,200,169,93
cabe,1,200,163,83
indicadores de actividad,3,200,162,98
retiro,1,200,154,65
se estima que,3,200,147,81
jadresic,1,200,127,33
manufacturero,1,200,118,78
escenario interno,2,199,197,102
recuerda,1,199,196,78
en lo concerniente al,4,199,195,43
que seria,2,199,191,101
ambos,1,199,187,100
probable que,2,199,187,95
plazo que,2,199,181,100
velasco,1,199,176,39
el gasto,2,199,164,93
convergencia de,2,199,160,75
una reduccion de,3,199,143,73
respecto el,2,198,198,63
comenta que el,3,198,194,91
es por mantener,3,198,191,74
cual se,2,198,189,95
reflejan,1,198,189,92
de las materias,3,198,184,86
es bastante,2,198,184,93
depreciado,1,198,178,85
expectativas inflacionarias,2,198,178,87
mayor que el,3,198,178,93
menores que,2,198,177,92
desde el punto,3,198,173,98
tolerancia,1,198,173,81
mitad,1,198,167,91
italia,1,198,136,60
como lo,2,197,188,102
de otros,2,197,185,97
ocurre,1,197,185,81
de las materias primas,4,197,183,86
hacia fines,2,197,175,92
en la minuta,3,197,174,94
la creacion de,3,197,169,95
anuales,1,197,166,96
proceso de normalizacion,3,197,148,61
de hacienda don,3,197,139,124
hacienda don,2,197,139,124
silva,1,197,132,124
los cambios,2,196,178,93
mas recientes,2,196,171,89
que lo previsto,3,196,171,94
meses anteriores,2,196,168,87
la oferta,2,196,165,83
colombia,1,196,149,62
mes de junio,3,196,148,56
monetaria en anual,3,196,146,49
politica monetaria en anual,4,196,146,49
del vicepresidente,2,195,194,130
financiera senor,2,195,188,88
el cual,2,195,184,89
planteado,1,195,184,91
que podrian,2,195,183,97
distinta,1,195,182,96
correspondiente al,2,195,179,88
tenia,1,195,178,73
serie,1,195,173,87
tomar,1,195,173,88
alternativa,1,195,171,98
desde el punto de,4,195,171,98
la tasa rectora,3,195,166,51
la bolsa,2,195,159,90
turbulencias,1,195,156,60
mostraron,1,195,152,89
mes de mayo,3,195,140,59
aumentar la tasa,3,195,134,59
vota por,2,194,193,88
estudios senor pablo,3,194,192,33
estudios senor pablo garcia,4,194,192,33
los senores consejeros,3,194,190,105
senores consejeros,2,194,190,105
diferencia de,2,194,181,101
pueda,1,194,181,89
sugiere que,2,194,180,98
entre las,2,194,178,92
en meses,2,194,177,96
proyecta,1,194,177,92
el precio de los,4,194,175,88
los agregados,2,194,174,90
los ultimos dias,3,194,173,88
remuneraciones,1,194,162,90
un crecimiento de,3,194,157,86
al precio,2,194,155,96
en 50 puntos,3,194,154,53
estrategia de,2,194,139,70
de lo expuesto,3,193,192,84
del gerente de analisis,4,193,189,85
destaca que el,3,193,188,77
es por mantener la,4,193,186,73
actividad la,2,193,183,96
en en,2,193,183,105
conocer,1,193,182,93
caso de la,3,193,178,95
mantendra,1,193,177,82
conjunto de,2,193,176,93
desde la reunion,3,193,175,96
la normalizacion,2,193,172,84
del precio del cobre,4,193,170,87
demanda por,2,193,170,95
evidente,1,193,170,91
de tolerancia,2,193,168,79
una depreciacion,2,193,168,82
de interes de largo,4,193,167,83
interes de largo,3,193,167,83
interes de largo plazo,4,193,167,83
holguras de,2,193,165,81
equipos,1,193,162,79
se observa que,3,193,162,82
durante el ultimo,3,193,158,95
programa,1,193,158,63
rebote,1,193,150,73
delante,1,193,140,45
indicando,1,192,191,83
aclara,1,192,186,78
por mantener la tasa,4,192,184,76
cuatro,1,192,177,96
el caso de la,4,192,177,94
interes en,2,192,176,90
division operaciones financieras senor,4,192,175,86
tiene la,2,192,173,68
contempla,1,192,172,95
alberto naudon,2,192,171,17
naudon,1,192,171,17
salarial,1,192,171,81
dinamismo en,2,192,170,92
una senal,2,192,169,90
en el curso,3,192,168,92
de las exportaciones,3,192,165,79
un cierto,2,192,164,82
de proyecciones,2,192,163,86
retroceso,1,192,163,67
hogares,1,192,160,87
consideraciones,1,192,158,101
fundamentales,1,192,157,78
al respecto el,3,191,191,60
30 horas,2,191,190,127
significa,1,191,182,90
cambio se,2,191,180,92
un tema,2,191,179,92
tasas en,2,191,175,89
para la inflacion,3,191,174,87
alcanzo,1,191,172,88
sobre la inflacion,3,191,172,97
este aspecto,2,191,169,56
la meta de,3,191,169,91
que los salarios,3,191,169,85
el punto de vista,4,191,168,98
de las empresas,3,191,167,91
el ritmo de,3,191,166,84
recortes,1,191,160,70
variacion anual,2,191,123,71
menciona que la,3,190,183,90
de que se,3,190,180,94
aun no,2,190,179,89
riesgo que,2,190,177,92
de ajuste,2,190,162,95
ano 2008,2,190,156,72
en 50 puntos base,4,190,150,52
de hacienda senor felipe,4,189,183,47
hacienda senor felipe,3,189,183,47
hacienda senor felipe larrain,4,189,183,47
plantea que la,3,189,182,73
de politica monetaria que,4,189,181,101
generalizada,1,189,179,92
toda,1,189,179,95
es que la,3,189,176,90
un panorama,2,189,172,93
elementos que,2,189,171,94
efectos de la,3,189,170,86
fines del ano,3,189,170,83
consistente con,2,189,165,92
jose de gregorio senala,4,189,163,72
el promedio,2,189,162,85
superior al,2,189,161,94
precios internacionales,2,189,157,78
muestra una,2,189,153,91
condiciones crediticias,2,189,146,61
16 00,2,188,188,105
16 00 horas,3,188,188,105
las 16 00,3,188,188,105
las 16 00 horas,4,188,188,105
indica que los,3,188,181,87
ano que,2,188,176,88
en ese sentido,3,188,176,91
ese sentido,2,188,176,91
las proyecciones del,3,188,176,98
titulo de,2,188,176,66
internos,1,188,174,91
razonable,1,188,172,90
una leve,2,188,172,92
que en lo,3,188,171,99
variable,1,188,171,87
mayor dinamismo,2,188,170,77
con el escenario,3,188,168,91
esperaba,1,188,164,90
mayor inflacion,2,188,164,84
el menor,2,188,159,86
manifiesta el,2,188,135,38
division estudios senor pablo,4,187,185,33
ambito externo,2,187,184,103
tanto el,2,187,180,94
solamente,1,187,175,78
hizo,1,187,173,90
de la curva,3,187,171,90
el escenario externo,3,187,171,96
en materia de actividad,4,187,169,92
materia de actividad,3,187,169,92
proyeccion del,2,187,168,93
problemas de,2,187,163,84
rango de tolerancia,3,187,163,78
flujos de,2,187,162,87
de confianza,2,187,160,88
proposito,1,187,160,88
consejero senor pablo,3,187,156,23
consejero senor pablo garcia,4,187,156,23
soberanos,1,187,148,81
segunda vuelta,2,187,141,53
mes de julio,3,187,119,57
en opinion,2,186,182,86
comienza,1,186,179,86
el periodo,2,186,173,98
en las proyecciones,3,186,171,98
una apreciacion,2,186,166,81
en la proyeccion,3,186,162,84
la percepcion de,3,186,162,90
en el precio de,4,186,160,91
la evaluacion,2,186,159,87
europea,1,186,157,68
el senor luis,3,186,150,52
bajar la,2,186,145,58
pausa,1,186,120,51
que tambien se,3,185,179,90
obedece,1,185,178,77
mantiene en,2,185,173,95
buena,1,185,172,96
como un,2,185,172,98
de interes en,3,185,170,87
america en,2,185,169,83
actividad economica,2,185,167,96
en lo referente,3,185,167,50
el segundo semestre,3,185,162,80
un poco,2,185,158,64
emergentes en,2,185,157,75
las importaciones de bienes,4,185,150,96
senor gerente de division,4,185,126,65
presente que el,3,184,178,85
clara,1,184,174,97
de inflacion subyacente,3,184,172,93
inflacion la,2,184,171,82
de america en,3,184,168,82
unidos de america en,4,184,168,82
generar,1,184,167,92
la construccion,2,184,166,84
muchos,1,184,164,84
otros paises,2,184,164,85
expectativa,1,184,163,96
un grado,2,184,158,75
tratandose,1,184,150,50
el ipcx1,2,184,145,72
economista,1,184,140,115
la estrategia,2,184,135,63
aumentar la tasa de,4,184,124,59
vergara agradece la presentacion,4,183,183,49
el mismo,2,183,178,86
sobre este,2,183,175,68
ipom en,2,183,174,87
menciona que en,3,183,174,85
dice,1,183,172,98
se mantiene en,3,183,171,94
en cuanto los,3,183,169,86
mismo tiempo,2,183,168,90
ha habido,2,183,167,80
es importante,2,183,166,93
paises desarrollados,2,183,166,88
de la zona,3,183,154,89
el informe de,3,183,142,81
de segunda,2,183,140,50
el frente,2,183,125,98
general don,2,183,119,119
presente que en,3,182,179,91
voto es por mantener,4,182,178,71
pensar que,2,182,171,92
de ellos,2,182,170,96
mayormente,1,182,170,88
una caida de,3,182,169,89
el tiempo,2,182,168,92
al mismo tiempo,3,182,167,89
impresion,1,182,167,74
en que la,3,182,166,95
el presente ano,3,182,163,74
fiscales,1,182,162,71
el costo,2,182,161,84
han continuado,2,182,161,88
la direccion,2,182,161,88
contemplado en el,3,182,159,88
primer trimestre del,3,182,155,76
mensaje,1,182,147,80
velocidades,1,182,135,70
ano 2007,2,182,130,56
cifuentes,1,182,117,112
magendzo que,2,182,54,24
de estabilidad,2,181,175,95
comenta que la,3,181,172,84
santiago,1,181,171,132
bien el,2,181,170,93
importantes en,2,181,170,99
mas importante,2,181,170,99
de la presentacion,3,181,168,61
de no,2,181,167,92
de las expectativas de,4,181,161,90
durante los,2,181,160,91
ultimo informe,2,181,158,86
holguras de capacidad,3,181,154,78
ipom del,2,181,154,61
las condiciones de,3,181,153,85
intercambio,1,181,151,73
mes atras,2,181,151,84
un mes atras,3,181,151,84
unitarios,1,181,145,53
convergencia de la,3,181,143,72
avanzadas,1,181,139,61
la deuda,2,181,133,64
de valores,2,181,131,67
manera que,2,180,176,103
de dicho,2,180,175,86
atendido,1,180,173,61
cercana,1,180,172,89
que en general,3,180,172,91
que durante,2,180,170,94
detras de,2,180,168,86
particular el,2,180,168,92
el cambio,2,180,167,87
si bien la,3,180,167,89
asociada,1,180,165,94
en curso,2,180,165,75
andres,1,180,163,41
expectativas de mercado,3,180,161,90
la trayectoria de la,4,180,160,85
la probabilidad de,3,180,154,77
para el proximo,3,180,154,83
pese,1,180,146,90
hacia delante,2,180,128,40
marshall que,2,180,48,38
texto,1,179,175,124
relacion con la,3,179,173,91
la presente reunion,3,179,168,77
presente reunion,2,179,168,77
de crecimiento del,3,179,163,90
fija,1,179,163,105
un proceso,2,179,160,86
la caida del,3,179,159,81
resto del,2,179,159,94
las senales,2,179,158,80
un contexto de,3,179,154,90
precio de los combustibles,4,179,153,75
de la zona euro,4,179,152,88
relativos,1,179,151,86
nos,1,179,149,75
hace presente que en,4,178,176,90
indica que se,3,178,174,86
anterior se,2,178,170,92
si es,2,178,167,86
el alza de,3,178,164,85
son mas,2,178,164,87
lenta,1,178,163,80
los componentes,2,178,161,90
40,1,178,160,93
que por el,3,178,160,91
de la situacion,3,178,159,75
compra,1,178,154,74
de brechas,2,178,154,82
marcada,1,178,152,83
de la encuesta,3,178,151,87
tuvieron,1,178,150,87
diciembre de,2,178,138,83
de segunda vuelta,3,178,135,48
del informe,2,178,133,78
en el frente,3,178,122,95
senor magendzo que,3,178,51,24
comunicado en,2,177,177,132
para comentarios,2,177,177,100
manuel marfan senala,3,177,175,73
analisis de,2,177,174,99
aclara que,2,177,171,76
relacion con el,3,177,168,86
venideros,1,177,168,87
llevar,1,177,164,94
precios del,2,177,164,86
anterior en,2,177,161,93
ha ido,2,177,161,97
los ajustes,2,177,161,87
andres velasco,2,177,160,39
el escenario mas,3,177,160,86
de mercados financieros,3,177,159,81
de lo previsto,3,177,154,90
rapida,1,177,153,78
en el segundo trimestre,4,177,152,72
instrumentos,1,177,150,83
acumulacion,1,177,147,77
el indicador,2,177,143,89
los estados unidos de,4,177,143,69
mixtos,1,177,143,82
la cuenta,2,177,130,68
perecibles,1,177,130,69
confianza de,2,177,126,92
mes de octubre,3,177,124,55
senor garcia que,3,177,52,40
senor manuel marfan senala,4,176,174,73
hacen,1,176,168,89
estan en,2,176,166,89
son los,2,176,166,87
afectado,1,176,165,86
durante la,2,176,165,79
dentro del,2,176,163,97
par,1,176,163,96
alzas en,2,176,161,85
17,1,176,160,102
inflacion en el,3,176,158,89
afectar,1,176,157,90
para la economia,3,176,156,93
senor alberto naudon,3,176,155,17
paises emergentes,2,176,152,76
su tasa de,3,176,149,88
de cobre,2,176,129,74
senala que si,3,175,171,92
no se ha,3,175,168,98
es que el,3,175,165,86
que existen,2,175,165,78
lehmann senala,2,175,161,75
que sigue,2,175,159,93
trimestre de este,3,175,159,84
en el precio del,4,175,155,84
lo previsto en,3,175,155,97
paridades,1,175,148,97
marginal,1,175,144,84
modelos,1,175,140,73
ine,1,175,139,73
crecio,1,175,120,77
agradeciendo,1,174,174,75
al gerente de division,4,174,171,128
de lo anterior,3,174,171,99
politica financiera senor,3,174,167,79
principalmente por,2,174,165,97
enfatiza que,2,174,162,63
como consecuencia,2,174,161,85
mercado en,2,174,161,90
alza de la,3,174,160,88
conveniente,1,174,160,86
registran,1,174,160,74
cambiado,1,174,157,97
en cuenta,2,174,156,97
bancario,1,174,155,84
bancos centrales,2,174,154,68
de lo proyectado,3,174,154,83
objetivo,1,174,154,88
que la situacion,3,174,154,84
dinamico,1,174,151,87
las brechas,2,174,151,81
aumentos en,2,174,150,87
de incertidumbre,2,174,148,87
las sorpresas,2,174,148,84
indice de,2,174,147,81
agregada,1,174,145,77
durante el ultimo mes,4,174,140,90
participacion,1,174,134,73
financiera don,2,174,121,116
que para el,3,173,163,90
algo menor,2,173,162,92
que tienen,2,173,162,79
tres meses,2,173,159,90
que la politica,3,173,157,85
se va,2,173,155,72
caidas en,2,173,154,80
el petroleo,2,173,152,80
consecuencias,1,173,151,82
la fuerza,2,173,151,77
mediados del,2,173,151,76
para el segundo,3,173,142,64
mes de abril,3,173,130,56
de us,2,173,125,73
consejero senor marshall,3,173,71,50
como los,2,172,167,93
concluye,1,172,167,84
el primero,2,172,166,93
la actividad la,3,172,165,87
que resulta,2,172,165,92
como es el,3,172,164,83
de antecedentes,2,172,160,98
evolucion de los,3,172,160,86
todo el,2,172,160,85
trimestre de este ano,4,172,157,83
un elemento,2,172,157,94
confirman,1,172,153,84
los analistas,2,172,152,84
en un contexto de,4,172,151,89
bursatiles,1,172,147,84
el dato de,3,172,144,80
laborales unitarios,2,172,136,52
las ventas de,3,172,134,79
consejero senor rodrigo,3,172,130,23
consejero senor rodrigo vergara,4,172,130,23
propagacion,1,172,116,45
de ese mes,3,171,170,108
bajo la,2,171,167,132
riesgo en,2,171,164,88
donde se,2,171,163,89
practicamente,1,171,162,94
relativo,1,171,160,72
dando cuenta de,3,171,157,87
varios meses,2,171,157,86
dinamismo del,2,171,156,77
en el mercado laboral,4,171,156,89
en el crecimiento,3,171,155,92
las decisiones,2,171,154,81
mercado del,2,171,154,78
diferencias,1,171,151,82
las proyecciones de crecimiento,4,171,148,85
de intercambio,2,171,143,68
costos laborales unitarios,3,171,135,52
unido,1,171,132,85
metales,1,171,127,65
del ministro,2,170,170,100
el contrario,2,170,167,95
por el contrario,3,170,167,95
de inflacion se,3,170,163,90
division politica financiera senor,4,170,163,77
inflacion el,2,170,161,90
que en materia,3,170,161,94
el comportamiento de,3,170,157,90
una aceleracion,2,170,156,83
coherente con la,3,170,155,90
consignado,1,170,153,44
que en el escenario,4,170,153,84
de todas,2,170,151,73
lo proyectado en,3,170,150,83
mostrar,1,170,150,87
personas,1,170,150,87
una politica,2,170,146,96
ipom del mes,3,170,143,57
descenso,1,170,142,83
un recorte,2,170,124,67
minoristas,1,170,104,70
la palabra al consejero,4,169,169,66
palabra al consejero,3,169,169,66
palabra al consejero senor,4,169,169,66
ambito interno,2,169,166,92
coincide con,2,169,166,93
bien se,2,169,163,87
temas,1,169,163,82
precios en,2,169,161,94
de mantener la tasa,4,169,157,82
un comportamiento,2,169,157,88
economia en,2,169,156,85
entre el,2,169,156,92
la reduccion,2,169,155,84
moderada,1,169,155,85
apoyo,1,169,154,98
se mantendra,2,169,153,79
escenario mas probable,3,169,152,83
acorde,1,169,150,66
en los paises,3,169,149,83
la capacidad,2,169,147,87
que en estados,3,169,146,79
que en estados unidos,4,169,146,79
prevista,1,169,145,86
economia internacional,2,169,143,80
estadounidense,1,169,141,49
terminos de intercambio,3,169,141,67
el senor luis oscar,4,169,137,43
mantuvo,1,169,127,74
justificar,1,169,126,79
fed,1,169,111,51
del mes anterior,3,169,110,74
los consejeros,2,168,166,132
manuel marfan senala que,4,168,166,70
cargo,1,168,162,87
confirma,1,168,161,93
la proyeccion del,3,168,155,87
monetarias,1,168,155,77
proxima,1,168,155,88
lehmann senala que,3,168,154,73
de la inflacion en,4,168,153,81
fundamental,1,168,153,90
llevan,1,168,152,96
tales,1,168,151,65
excepcion,1,168,149,85
activos financieros,2,168,147,79
la economia internacional,3,168,142,79
ministerio,1,168,137,86
compensacion inflacionaria,2,168,131,58
mes de agosto,3,168,108,50
2016,1,168,102,20
acordo mantener,2,168,98,83
recuerda que,2,167,167,71
texto del,2,167,165,123
hace presente que el,4,167,161,81
una caida en,3,167,157,88
baja que,2,167,156,87
que de hecho,3,167,154,81
apunta,1,167,153,86
del proximo ano,3,167,152,66
evitar,1,167,151,81
observa un,2,167,149,87
una baja,2,167,147,80
de riesgos,2,167,145,81
un deterioro,2,167,145,82
panorama de,2,167,142,89
ipom del mes de,4,167,141,56
compensaciones,1,167,137,70
convergencia de la inflacion,4,167,134,67
ano 2010,2,167,128,57
en enero,2,167,122,49
ventas minoristas,2,167,101,68
acordo mantener la,3,167,97,83
del ministro de,3,166,166,99
indicando que,2,166,165,72
texto del comunicado,3,166,164,123
llama la,2,166,162,84
agrega que si,3,166,161,87
cuya,1,166,157,90
evolucion de las,3,166,157,82
contar,1,166,155,82
estudios en,2,166,155,89
un impacto,2,166,155,82
fue de,2,166,154,92
las alzas,2,166,153,80
que ver,2,166,153,61
registro de,2,166,153,82
el escenario mas probable,4,166,151,83
observadas,1,166,151,86
debiles,1,166,148,76
se observa un,3,166,148,86
curva forward,2,166,146,84
presion,1,166,146,94
fortaleza,1,166,144,71
primer semestre,2,166,142,85
una decision,2,166,141,81
de en el,3,166,140,83
del tercer,2,166,136,68
meses previos,2,166,135,78
produccion de,2,166,135,78
en diciembre,2,166,132,77
aumentaron,1,166,131,80
economias avanzadas,2,166,130,60
acordo mantener la tasa,4,166,96,83
precedentemente,1,165,165,62
de manera que,3,165,161,100
serian,1,165,158,92
como es el caso,4,165,157,81
revisar,1,165,157,92
se espera que,3,165,156,90
destacar,1,165,154,80
ha seguido,2,165,154,85
si bien el,3,165,154,88
el resto de,3,165,153,91
par de,2,165,153,92
un cambio en,3,165,151,91
las perspectivas de crecimiento,4,165,150,87
las implicancias,2,165,148,88
respecto las,2,165,146,71
puede descartar,2,165,145,82
complejo,1,165,144,73
creciendo tasas,2,165,142,84
automoviles,1,165,138,69
la mantencion de la,4,165,137,83
swap,1,165,128,61
del ministro de hacienda,4,164,164,99
estudios don,2,164,164,126
la sesion las,3,164,164,122
sesion las,2,164,164,122
retoma,1,164,163,76
en opinion del,3,164,161,82
llama la atencion,3,164,161,83
del staff,2,164,158,116
muestran un,2,164,158,95
el efecto de,3,164,156,83
inflacion por,2,164,156,88
anual en el,3,164,155,104
anade que el,3,164,150,66
que aunque,2,164,145,84
el diagnostico,2,164,144,84
expansivas,1,164,144,67
se puede descartar,3,164,144,81
una disminucion,2,164,139,79
mantencion de la tasa,4,164,138,68
en brasil,2,164,125,59
minimo,1,164,125,61
libra,1,164,118,74
el consejero senor marshall,4,164,66,49
garcia senala,2,163,160,68
razon de lo,3,163,160,69
acta,1,163,159,132
ocurrido,1,163,158,88
planteamiento,1,163,158,73
prosigue con su presentacion,4,163,157,62
tener una,2,163,155,89
la preocupacion,2,163,150,88
politica en,2,163,150,83
que da,2,163,150,84
alza del,2,163,149,81
tal como se,3,163,149,83
la base de,3,163,148,85
del rango de,3,163,147,82
las expectativas inflacionarias,3,163,147,75
mensuales,1,163,146,82
las autoridades,2,163,143,71
los aumentos,2,163,143,81
registro una,2,163,143,73
internamente,1,163,142,90
por un tiempo,3,163,142,78
hace presente el,3,163,130,45
la compensacion,2,163,128,67
ipcx,1,163,115,75
de crecimiento anual,3,163,84,58
en razon de lo,4,162,159,68
que le parece,3,162,159,63
plantea la,2,162,154,55
tambien es,2,162,154,94
cuyo,1,162,153,84
la evolucion de los,4,162,152,85
linea con el,3,162,152,92
que los mercados,3,162,152,87
perspectivas para,2,162,150,90
dos meses,2,162,146,84
partir del,2,162,146,81
mejora,1,162,145,67
alejandro,1,162,141,102
el escenario base del,4,162,138,74
senor kevin,2,162,137,47
senor kevin cowan,3,162,137,47
industriales,1,162,136,82
ministro de hacienda don,4,162,128,113
el ambito externo,3,161,158,103
no esta,2,161,157,88
menciona que las,3,161,156,84
tema de,2,161,156,87
estima que la,3,161,153,94
ha llevado,2,161,153,94
analizar,1,161,151,91
tendra,1,161,151,85
un aumento en,3,161,151,83
las expectativas de mercado,4,161,149,86
ano el,2,161,148,80
crece,1,161,148,92
manera de,2,161,147,77
crecimiento del pib,3,161,143,85
de la meta,3,161,143,83
debilidad de,2,161,142,77
aumento de las,3,161,138,76
mas rapido,2,161,138,71
premios por riesgo,3,161,138,77
un incremento de,3,161,135,86
indexacion,1,161,130,58
estructura,1,161,124,65
existencias,1,161,111,56
plantea que el,3,160,158,71
vicuna,1,160,158,114
en el ambito externo,4,160,157,103
estarian,1,160,154,91
de las proyecciones,3,160,153,91
en linea con el,4,160,151,92
ha visto,2,160,149,88
estos antecedentes,2,160,148,93
observo,1,160,147,90
un nuevo,2,160,147,95
caso de los,3,160,146,80
desaceleracion del,2,160,146,77
el caso de los,4,160,146,80
inferiores,1,160,145,84
acorde con,2,160,143,64
continuacion el senor,3,160,143,75
de meses,2,160,142,82
gradualmente,1,160,141,75
lo observado,2,160,140,83
variacion de,2,160,140,76
salarios reales,2,160,135,73
ipc de,2,160,134,83
australia,1,160,130,62
del tercer trimestre,3,160,130,65
en el informe,3,160,128,77
mes de febrero,3,160,113,49
de division estudios don,4,159,159,121
division estudios don,3,159,159,121
expuesto el,2,159,159,83
macroeconomico don,2,159,159,125
mencionando,1,159,157,73
por la gerencia,3,159,156,88
particular en,2,159,151,86
tienden,1,159,150,89
de costos,2,159,148,79
el cierre,2,159,147,77
cambiario,1,159,145,71
proyectado en el,3,159,144,77
correcciones,1,159,141,80
historico,1,159,136,79
vivienda,1,159,132,78
centro del,2,159,129,64
al cierre,2,159,127,85
ano 2011,2,159,127,56
el trimestre,2,159,119,82
en septiembre,2,159,110,62
analisis macroeconomico don,3,158,158,125
de analisis macroeconomico don,4,158,158,125
de gregorio agradece,3,158,158,43
gregorio agradece,2,158,158,43
jose de gregorio agradece,4,158,158,43
ricardo,1,158,158,115
comunicaciones,1,158,156,129
este tema,2,158,154,83
mercado que,2,158,152,93
la diferencia,2,158,151,85
la evolucion de las,4,158,151,80
algo menos,2,158,149,91
podria estar,2,158,149,88
soto senala,2,158,149,56
tenga,1,158,149,84
consideracion,1,158,147,80
lo que el,3,158,145,75
que debe,2,158,145,90
considerado en,2,158,144,97
de politica monetaria se,4,158,144,73
han seguido,2,158,144,83
numero,1,158,143,86
presiones de,2,158,143,78
un aumento de la,4,158,143,85
deterioro de,2,158,142,70
en el dia,3,158,141,76
publica,1,158,140,74
del segundo trimestre,3,158,134,68
argumentos,1,158,133,76
la mineria,2,158,132,72
del producto,2,158,131,77
pesos,1,158,130,69
la convergencia de,3,158,126,65
de normalizacion de la,4,158,125,53
bancos de,2,158,123,72
economista senior,2,158,118,110
senior,1,158,118,110
informa que el,3,157,154,68
informa que la,3,157,153,105
posibles,1,157,152,90
en estas,2,157,151,92
es lo que,3,157,149,69
la forma,2,157,149,85
volatilidad en,2,157,147,77
como por,2,157,146,86
resultado de,2,157,146,82
ipom que,2,157,145,81
subiendo,1,157,145,71
componente de,2,157,143,81
con respecto la,3,157,143,76
en los ultimos dias,4,157,143,80
han ajustado,2,157,143,84
de las economias emergentes,4,157,142,79
habian,1,157,142,84
seis meses,2,157,141,76
algo por debajo,3,157,140,83
expansion de,2,157,139,84
la actual,2,157,139,84
reunion pasada,2,157,138,75
un problema,2,157,138,81
esteban,1,157,131,55
que en el mes,4,157,119,73
expectativas privadas,2,157,118,85
consultas,1,156,156,61
retoma su,2,156,156,73
ricardo vicuna,2,156,156,114
garcia senala que,3,156,153,67
existe un,2,156,149,71
se presenta,2,156,146,67
que el aumento,3,156,145,81
se ha visto,3,156,145,86
que lo que se,4,156,144,68
curso de,2,156,143,88
alternativas,1,156,140,82
se esperaba,2,156,139,83
recorte de,2,156,121,64
estudios que,2,156,88,59
senor valdes,2,156,77,29
estima que el,3,155,151,91
muestran que,2,155,150,95
chile en,2,155,148,89
que parte,2,155,147,78
que en materia de,4,155,146,87
aumento de los,3,155,145,77
en torno la,3,155,144,80
menos en,2,155,144,84
torno la,2,155,144,80
correspondientes,1,155,143,70
poder,1,155,143,80
se observo,2,155,142,89
tambien ha,2,155,141,84
traspaso,1,155,141,68
con la meta,3,155,140,76
reflejado en,2,155,140,85
la curva forward,3,155,138,82
la reunion pasada,3,155,136,74
de los bonos,3,155,135,78
en el cuarto,3,155,130,72
tpm en 25,3,155,126,49
ano 2009,2,155,125,60
centro del rango,3,155,125,61
cinco,1,155,125,72
proyectos,1,155,123,69
precio de la gasolina,4,155,113,72
en marzo,2,155,103,52
el senor magendzo que,4,155,48,24
porque el,2,154,151,87
porque la,2,154,151,86
lo que podria,3,154,150,89
reafirma,1,154,150,99
manifiesta que el,3,154,148,85
ancladas en,2,154,147,78
en el tiempo,3,154,146,89
en que el,3,154,146,98
soto senala que,3,154,146,56
lo que se ha,4,154,145,85
cifras de actividad,3,154,144,87
acotada,1,154,142,79
la pregunta,2,154,141,77
en un nivel,3,154,138,80
expectativas de los,3,154,138,90
considerando que,2,154,137,84
mano,1,154,136,79
accion,1,154,134,84
en los proximos trimestres,4,154,134,89
versus,1,154,133,75
la tpm en 25,4,154,125,48
senor gerente de analisis,4,154,113,53
wti,1,154,101,63
comenta que en,3,153,149,80
que hasta,2,153,148,78
en particular en,3,153,146,85
que corresponde,2,153,145,86
ser mas,2,153,144,81
disminucion de,2,153,142,76
precios de los activos,4,153,142,73
los resultados,2,153,141,73
respecto los,2,153,141,83
de los costos,3,153,139,70
enfrenta,1,153,139,83
en caso,2,153,138,82
que la politica monetaria,4,153,138,74
riesgos que,2,153,138,82
la menor,2,153,137,79
de recursos,2,153,136,78
america se,2,153,135,76
de america se,3,153,135,76
unidos de america se,4,153,135,76
crecimiento de la actividad,4,153,128,69
las primas,2,153,128,69
del horizonte,2,153,125,77
que el pib,3,153,121,78
cuenta propia,2,153,120,73
rebaja,1,153,120,60
la cuenta corriente,3,153,119,62
bolsas de,2,153,102,60
2004,1,153,91,47
intervencion agradeciendo,2,152,152,73
su intervencion agradeciendo,3,152,152,73
senala que en el,4,152,148,75
si bien se,3,152,148,79
perjuicio,1,152,145,75
relevante en,2,152,143,87
seguira,1,152,142,81
algun grado de,3,152,141,81
brechas de,2,152,141,83
la actividad economica,3,152,139,85
dia de hoy,3,152,138,82
agregado,1,152,136,84
en el dia de,4,152,135,75
masa,1,152,135,61
ha continuado,2,152,134,83
la persistencia,2,152,129,66
politica fiscal,2,152,121,67
la convergencia de la,4,152,120,64
en mayo,2,152,87,50
division estudios que,3,152,85,56
billones,1,152,77,48
observa en,2,151,148,89
los niveles de,3,151,145,91
alguna manera,2,151,143,73
de alguna manera,3,151,143,73
macroeconomicas,1,151,142,91
que se refiere,3,151,142,79
relativa,1,151,142,80
casos,1,151,141,81
precisa que el,3,151,141,60
24,1,151,140,81
indices,1,151,140,83
la velocidad de,3,151,139,84
un dinamismo,2,151,139,77
expectativas del,2,151,138,85
cautela,1,151,137,79
seguimiento,1,151,137,69
estabilizacion,1,151,134,72
la revision,2,151,133,79
tal vez,2,151,133,70
sistema financiero,2,151,132,64
signos de,2,151,131,82
estacionalidad,1,151,130,74
previsto en el,3,151,130,76
inmobiliario,1,151,126,74
demanda agregada,2,151,124,74
pib de,2,151,123,77
al del,2,151,122,80
la intervencion,2,151,121,64
efectos de segunda,3,151,120,48
de division estudios que,4,151,84,56
manifiesta que en,3,150,147,80
la fuerte,2,150,145,81
monetaria para,2,150,145,91
senor rodrigo valdes,3,150,145,36
existe una,2,150,142,77
del ultimo ipom,3,150,141,78
internacional don,2,150,141,120
en linea con la,4,150,140,78
linea con la,3,150,140,78
aparece,1,150,139,79
antecedentes que,2,150,137,83
movimientos de,2,150,137,79
recuperacion en,2,150,137,72
se han ajustado,3,150,137,83
en la actividad,3,150,136,79
esperado por,2,150,136,81
la impresion,2,150,136,63
precios de las materias,4,150,136,79
sobre la base,3,150,135,78
supone,1,150,135,81
salida,1,150,131,67
el mes pasado,3,150,130,76
comienzos de,2,150,129,87
caida del precio,3,150,126,55
el banco central europeo,4,150,125,60
que la opcion de,4,150,124,82
cifra de,2,150,121,77
los costos laborales unitarios,4,150,120,48
efectos de segunda vuelta,4,150,119,48
de japon,2,150,115,62
porcentuales,1,150,110,66
claro que,2,150,94,67
lo expuesto el,3,149,149,81
beresi,1,149,148,109
lehmann beresi,2,149,148,109
sergio lehmann beresi,3,149,148,109
constituye un,2,149,146,83
pero si,2,149,145,77
sin perjuicio,2,149,143,73
espacio para,2,149,142,85
al que,2,149,141,80
de division estudios en,4,149,141,80
division estudios en,3,149,141,80
consideran,1,149,140,76
objeto,1,149,140,66
dan cuenta de una,4,149,139,79
el rango,2,149,139,80
fuera,1,149,139,85
traves de,2,149,139,84
es necesario,2,149,137,90
quizas,1,149,137,76
especificos,1,149,135,72
fundamentalmente por,2,149,135,82
ajuste en,2,149,134,71
anticipan,1,149,134,83
efectivo,1,149,134,78
capacidad de,2,149,133,78
que el consejo,3,149,133,78
como resultado,2,149,131,76
de brasil,2,149,131,62
de anual,2,149,129,71
esta decision,2,149,127,72
los salarios reales,3,149,126,73
primer trimestre de,3,149,126,67
eventos,1,149,124,70
centro del rango meta,4,149,120,56
las economias avanzadas,3,149,120,60
de para,2,149,119,82
vicepresidente senor enrique,3,149,118,19
vicepresidente senor enrique marshall,4,149,118,19
equilibrio,1,149,116,65
la productividad,2,149,113,60
que lo anterior,3,148,145,79
politica monetaria para,3,148,143,90
que efectivamente,2,148,143,65
que ha sido,3,148,143,82
este es,2,148,142,73
que pesar,2,148,142,83
parte importante,2,148,140,88
esperado en,2,148,139,86
pero se,2,148,139,82
un par,2,148,139,87
un par de,3,148,139,87
mercado espera,2,148,137,88
como para,2,148,136,82
flexibilidad,1,148,136,83
mercados internacionales,2,148,136,83
vision de,2,148,135,78
adecuado,1,148,134,87
decisiones de,2,148,134,84
motivo de,2,148,134,53
caida de la,3,148,133,74
el valor,2,148,131,82
el credito,2,148,130,82
los flujos,2,148,130,78
ministerio de,2,148,129,81
por el gerente,3,148,129,72
la estimacion,2,148,127,74
en el mediano,3,148,124,85
en el tercer,3,148,124,63
la libra,2,148,106,70
de los consejeros,3,147,146,132
en su opinion la,4,147,145,82
opinion la,2,147,145,82
por la gerencia de,4,147,145,83
su opinion la,3,147,145,82
buen,1,147,139,84
representa,1,147,139,80
baja en el,3,147,138,84
aqui,1,147,137,71
habria que,2,147,137,65
de inflacion que,3,147,136,87
demanda de,2,147,136,83
una fuerte,2,147,136,84
implicito,1,147,134,72
monetaria por,2,147,133,82
al de,2,147,132,85
han caido,2,147,132,80
acumulado,1,147,130,77
plano interno,2,147,129,87
caso de las,3,147,128,70
la nueva,2,147,128,77
el impulso,2,147,125,80
instancia,1,147,124,75
ingreso,1,147,120,69
por ahora,2,147,120,81
mas menos,2,147,118,60
margenes,1,147,115,66
dinero,1,147,114,61
interanual,1,147,102,60
porcentual,1,147,100,58
el senor garcia que,4,147,49,38
concuerda,1,146,145,87
se observa en,3,146,143,87
tanto se,2,146,143,88
informacion disponible,2,146,142,84
tambien la,2,146,142,89
cuenta que,2,146,141,84
meses venideros,2,146,139,77
que se mantiene,3,146,139,85
que se trata,3,146,139,68
demas,1,146,138,91
que los indicadores de,4,146,138,86
efectiva,1,146,136,89
impacto de,2,146,136,79
una vez,2,146,136,88
los mercados internacionales,3,146,135,83
mayor que lo,3,146,133,71
vaivenes,1,146,133,78
al sector,2,146,132,76
cuentas nacionales,2,146,131,65
ir,1,146,131,71
que la decision,3,146,131,69
sabe,1,146,131,61
de las monedas,3,146,130,75
los agentes,2,146,129,69
tpm se,2,146,129,71
el caso de las,4,146,127,70
en el cuarto trimestre,4,146,124,68
inferior al,2,146,123,76
la estrategia de,3,146,112,57
granos,1,146,108,66
shocks de,2,146,96,48
el siguiente,2,145,145,122
consulta por,2,145,142,68
aun mas,2,145,140,84
uno de los,3,145,138,77
teniendo,1,145,137,85
componentes de,2,145,136,85
aumento en el,3,145,135,77
relacion al,2,145,135,63
secretario,1,145,129,128
acumulacion de,2,145,128,71
de una desaceleracion,3,145,128,64
intensidad,1,145,127,87
proposito de,2,145,123,78
inflacion del ipc,3,145,122,62
desanclaje,1,145,90,31
asistencia,1,144,143,132
determinar,1,144,137,83
encuentra en,2,144,137,79
los cuales,2,144,134,81
que lo mas,3,144,133,79
asi como tambien,3,144,131,80
el dinamismo de,3,144,131,64
en la minuta de,4,144,131,79
curva de,2,144,130,76
mas debil,2,144,129,75
el plano interno,3,144,128,87
en el plano interno,4,144,128,87
las expectativas de los,4,144,128,87
de combustibles,2,144,127,77
del comercio,2,144,126,74
la manana,2,144,126,67
ciclo de,2,144,123,58
de los creditos,3,144,120,72
banca,1,144,118,53
maquinarias,1,144,118,67
macro,1,144,114,75
senora,1,144,108,49
puntos porcentuales,2,144,106,65
schmidt,1,144,104,47
don sergio,2,143,143,109
don sergio lehmann,3,143,143,109
staff por,2,143,143,81
en santiago,2,143,141,132
exposicion del,2,143,141,80
incluye,1,143,140,83
futuras,1,143,137,84
mayores que,2,143,135,84
produjo,1,143,135,82
claridad,1,143,134,88
por la que,3,143,133,53
dado el,2,143,132,79
de politica en,3,143,132,78
largos,1,143,132,77
tenido un,2,143,132,81
anticipado en,2,143,131,68
menor que el,3,143,131,80
una vision,2,143,131,80
para fines,2,143,130,67
comercio exterior,2,143,129,70
parte las,2,143,129,79
la desaceleracion de la,4,143,126,60
los premios por,3,143,125,72
por el gerente de,4,143,124,70
las compensaciones,2,143,122,65
en el tercer trimestre,4,143,121,61
la estructura,2,143,118,63
estructura de,2,143,111,60
vicepresidente senor jorge,3,143,111,24
el consejero senor rodrigo,4,143,104,23
valdes que,2,143,70,32
senor vicepresidente que,3,143,56,43
vicepresidente que,2,143,56,43
asesor del,2,142,142,110
en otros,2,142,138,82
esta sesion,2,142,138,61
indica que si,3,142,138,73
que exhibe,2,142,138,69
una de,2,142,138,82
crecimiento que,2,142,137,83
anade que la,3,142,136,63
continuar con,2,142,135,79
en algunas,2,142,135,82
prudente,1,142,135,87
se encuentra en,3,142,135,79
caida en el,3,142,133,78
han observado,2,142,133,74
llegar,1,142,133,75
que todo,2,142,132,78
financieras senor beltran,3,142,131,69
financieras senor beltran de,4,142,131,69
la recuperacion de,3,142,131,73
operaciones financieras senor beltran,4,142,131,69
se tenia,2,142,129,58
ultimo informe de,3,142,128,81
de comercio,2,142,126,73
para la tasa,3,142,125,74
arriba,1,142,123,67
la creacion de empleo,4,142,122,84
de la economia chilena,4,142,118,72
de la tpm en,4,142,118,68
don claudio,2,142,101,101
muestra que,2,141,140,76
la exposicion del,3,141,139,78
los dos,2,141,136,87
senalar,1,141,134,75
situacion que,2,141,134,80
proyecciones para,2,141,132,89
la caida en,3,141,130,74
periodos,1,141,129,82
politica monetaria por,3,141,127,78
mano de,2,141,126,77
que la trayectoria,3,141,125,82
de la proyeccion,3,141,123,80
argumento,1,141,120,69
un shock,2,141,119,60
vicepresidente senor jorge desormeaux,4,141,109,24
ligeramente,1,141,106,66
el senor pablo,3,141,102,26
el senor pablo garcia,4,141,102,26
diego,1,141,97,19
punto porcentual,2,141,95,56
al gerente de analisis,4,140,140,102
no se han,3,140,136,76
actividad demanda,2,140,135,76
imacec de,2,140,134,77
tanto de,2,140,134,83
la baja de,3,140,133,76
expectativas para,2,140,132,80
mantenga,1,140,132,83
que probablemente,2,140,132,77
por una parte,3,140,131,84
que cuando,2,140,130,68
cambio en la,3,140,129,85
registros de inflacion,3,140,128,75
similar la,2,140,128,86
idea,1,140,125,78
mayor crecimiento,2,140,125,72
persistencia de,2,140,125,64
masa salarial,2,140,123,57
fuerza de,2,140,122,62
hacia adelante,2,140,122,58
alcanzado,1,140,120,73
en el mediano plazo,4,140,117,82
del mes de septiembre,4,140,116,43
credibilidad,1,140,105,58
del ipcx1,2,140,104,61
cereales,1,140,88,60
chile acordo mantener,3,140,82,76
chile acordo mantener la,4,140,82,76
de chile acordo mantener,4,140,82,76
senor desormeaux,2,140,82,49
el senor vicepresidente que,4,140,53,43
celebrada,1,139,139,129
don sergio lehmann beresi,4,139,139,108
por el senor,3,139,139,83
titular,1,139,139,132
sino que tambien,3,139,138,82
se cuenta,2,139,136,83
por parte del,3,139,134,80
consecuencia de,2,139,133,76
cuenta con,2,139,133,79
relevantes en,2,139,133,77
una sorpresa,2,139,130,76
un lado,2,139,129,84
crecimiento para el,3,139,128,78
proyecciones de inflacion,3,139,128,78
ver con,2,139,128,58
en la lamina,3,139,127,48
expectativas de inflacion de,4,139,127,75
que la desaceleracion,3,139,127,64
senalo,1,139,127,71
compra de,2,139,126,61
la curva de,3,139,126,74
medicion,1,139,126,79
reduccion de la,3,139,125,74
en estos,2,139,124,75
economias emergentes en,3,139,123,71
de deuda,2,139,121,57
del ipom de,3,139,120,75
depreciacion del peso,3,139,120,52
mes mes,2,139,116,68
de las colocaciones,3,139,114,67
las bolsas de,3,139,94,57
core,1,139,87,62
presidente que,2,139,74,47
de comunicaciones,2,138,137,129
peso se,2,138,135,83
una perspectiva,2,138,134,80
en relacion con el,4,138,133,78
explican,1,138,133,71
consiguiente,1,138,132,69
los meses venideros,3,138,132,73
el que se,3,138,130,74
es dificil,2,138,130,83
agregados monetarios,2,138,129,67
serie de,2,138,128,77
no le,2,138,126,69
alcanzar,1,138,125,74
parte senala,2,138,125,73
el resto del,3,138,124,82
para el presente,3,138,124,67
no se puede descartar,4,138,123,75
disminuir,1,138,122,84
los meses de,3,138,122,66
los precios internacionales,3,138,122,71
este mes,2,138,121,74
el comercio,2,138,120,73
registro un,2,138,120,66
transporte,1,138,115,78
la banca,2,138,114,53
ha corregido,2,138,110,65
las expectativas privadas,3,138,108,81
el vicepresidente senor jorge,4,138,106,24
reino,1,138,101,68
reino unido,2,138,101,68
senor presidente que,3,138,74,47
fe,1,137,137,132
refiriendose los,2,137,137,74
habiendo,1,137,136,84
indican que,2,137,135,86
al consejo,2,137,134,79
entender,1,137,134,82
ubique,1,137,134,105
contiene,1,137,133,64
tener un,2,137,133,84
inflacion no,2,137,132,73
de la actividad en,4,137,131,73
produce,1,137,131,70
estabilidad financiera,2,137,130,81
perjuicio de,2,137,130,73
que se espera,3,137,130,84
esperan,1,137,129,82
porcentaje,1,137,129,70
proximo ipom,2,137,129,58
un componente,2,137,128,75
de algunas,2,137,127,73
que tal,2,137,127,70
la esperada,2,137,126,80
que ver con,3,137,126,57
alcanza,1,137,125,77
en particular el,3,137,125,81
normal,1,137,125,74
manera significativa,2,137,124,78
meta de inflacion,3,137,121,74
transitoria,1,137,121,75
diez,1,137,114,71
implicita,1,137,114,71
del cuarto,2,137,113,71
de ese pais,3,137,112,54
colocacion,1,137,108,61
ingresos,1,137,104,64
banco de,2,137,99,60
gerente general,2,136,136,127
santiago de,2,136,136,132
los fundamentos,2,136,133,80
se ubique,2,136,133,104
es el caso de,4,136,132,71
actividad que,2,136,131,80
bernier,1,136,130,82
que la informacion,3,136,130,79
al senor,2,136,129,70
de preocupacion,2,136,129,73
la opcion de mantener,4,136,129,76
monetaria la,2,136,129,81
opcion de mantener,3,136,129,76
tasas de politica,3,136,129,79
deberian,1,136,128,78
aumenta,1,136,127,73
la incidencia,2,136,127,74
mientras que los,3,136,126,64
paises de,2,136,125,77
la meta en,3,136,124,80
de manera significativa,3,136,123,77
dio,1,136,123,78
de la ultima,3,136,121,68
ministerio de hacienda,3,136,118,77
marshall senala,2,136,117,67
de entre,2,136,114,64
volvio,1,136,114,70
base del ipom,3,136,113,67
escenario base del ipom,4,136,113,67
division de,2,136,111,65
tratandose de,2,136,109,46
senor de gregorio,3,136,108,53
brent,1,136,97,57
marfan que,2,136,84,43
al staff por,3,135,135,80
analisis internacional don,3,135,135,119
actual de,2,135,132,85
entre la,2,135,132,82
efectuado,1,135,131,84
finalizar,1,135,131,57
salvo,1,135,131,81
ejemplar,1,135,130,56
especificamente,1,135,130,71
ciertos,1,135,129,82
sin perjuicio de,3,135,129,72
hechos,1,135,128,80
periodo de,2,135,128,79
pero con,2,135,128,81
de cambio se,3,135,127,82
de las medidas,3,135,127,80
reflejo,1,135,127,87
un leve,2,135,127,79
una cifra,2,135,126,79
que las cifras de,4,135,123,83
que las proyecciones de,4,135,123,76
alla de lo,3,135,122,78
mas alla de lo,4,135,122,78
trimestre se,2,135,122,80
el deterioro,2,135,121,71
la masa,2,135,121,60
precios de alimentos,3,135,120,65
la tpm se,3,135,119,68
creciente,1,135,118,73
las estimaciones,2,135,118,81
marshall senala que,3,135,117,67
alcanzando,1,135,116,80
nuestras,1,135,116,63
tasas de los,3,135,113,70
contraccion,1,135,110,58
14,1,135,108,76
ano 2013,2,135,107,41
consensus,1,135,105,64
da paso,2,134,134,77
de fe,2,134,134,132
la palabra para comentarios,4,134,134,90
ministro de fe,3,134,134,132
palabra para comentarios,3,134,134,90
precisamente,1,134,130,74
titulo ejemplar,2,134,129,56
comparte,1,134,128,80
decir que,2,134,128,66
magnitud de,2,134,128,75
meses atras,2,134,127,83
politica monetaria la,3,134,127,80
que se tiene,3,134,125,61
realidad,1,134,125,71
especifica,1,134,124,48
habra,1,134,124,71
la normalizacion de,3,134,124,71
por un lado,3,134,124,83
primeros,1,134,124,85
ubica en,2,134,124,84
gerente de mercados financieros,4,134,123,56
los paises desarrollados,3,134,122,74
recuperacion de la,3,134,121,68
ultimo informe de politica,4,134,120,77
precios de activos,3,134,118,70
creditos de,2,134,117,73
dolar estadounidense,2,134,116,44
de la minuta,3,134,113,86
se muestra,2,134,113,75
por cuenta,2,134,111,69
demanda final,2,134,109,45
disminuyo,1,134,103,63
plan,1,134,101,42
renta,1,134,92,57
el senor presidente que,4,134,70,46
senor marshall que,3,134,43,36
al concluir,2,133,133,58
chile bajo,2,133,133,132
del titular,2,133,133,132
en santiago de,3,133,133,132
reune,1,133,133,132
se reune,2,133,133,132
es en,2,133,132,83
mayor en,2,133,130,80
presente que las,3,133,130,74
tambien de,2,133,129,81
existencia,1,133,128,69
que el registro,3,133,127,61
la inflacion la,3,133,125,69
relevante para,2,133,125,81
la coyuntura,2,133,124,76
que por lo,3,133,124,76
alza en el,3,133,123,77
aunque en,2,133,123,82
cuarto trimestre del,3,133,123,68
lo contemplado,2,133,123,69
para chile,2,133,123,67
coherente con el,3,133,122,83
que da cuenta,3,133,121,73
de manera de,3,133,120,67
empleo en,2,133,120,78
han ido,2,133,120,76
para el presente ano,4,133,120,65
el ultimo informe,3,133,119,72
ubicandose,1,133,118,75
la energia,2,133,113,59
los futuros,2,133,112,64
por cuenta propia,3,133,110,68
elevar,1,133,106,63
senala el senor gerente,4,133,106,42
asesor de,2,133,97,91
del informe de,3,133,96,57
del trimestre,2,133,96,75
25 anual,2,133,95,53
una pausa,2,133,93,40
hacia la baja,3,133,92,59
01,1,132,132,131
bajo la presidencia,3,132,132,132
bajo la presidencia del,4,132,132,132
central de chile bajo,4,132,132,132
chile bajo la,3,132,132,132
chile bajo la presidencia,4,132,132,132
comunicado en su,3,132,132,132
comunicado en su reunion,4,132,132,132
con la asistencia,3,132,132,132
de chile bajo,3,132,132,132
de chile bajo la,4,132,132,132
de lo expuesto el,4,132,132,75
del titular don,3,132,132,132
en santiago de chile,4,132,132,132
fiscal ministro,2,132,132,131
fiscal ministro de,3,132,132,131
fiscal ministro de fe,4,132,132,131
la asistencia,2,132,132,132
la presidencia del,3,132,132,132
la presidencia del titular,4,132,132,132
presidencia del,2,132,132,132
presidencia del titular,3,132,132,132
presidencia del titular don,4,132,132,132
reune el,2,132,132,132
reune el consejo,3,132,132,132
reune el consejo del,4,132,132,132
santiago de chile,3,132,132,132
se reune el,3,132,132,132
se reune el consejo,4,132,132,132
titular don,2,132,132,132
igal,1,132,131,34
igal magendzo,2,132,131,34
matias,1,132,129,82
la informacion disponible,3,132,128,81
el escenario internacional,3,132,124,84
mayoria de los,3,132,124,78
que exhiben,2,132,124,59
tipo de cambio se,4,132,124,81
ha caido,2,132,123,77
en los mercados internacionales,4,132,122,81
financieros nacionales,2,132,122,57
mercados financieros nacionales,3,132,122,57
sobre la base de,4,132,119,74
algunas economias,2,132,118,66
desde la ultima rpm,4,132,118,51
principios,1,132,118,74
inflaciones,1,132,115,69
un grado de,3,132,115,60
revisado,1,132,114,63
trayectorias,1,132,114,79
de consumidores,2,132,109,66
reducciones,1,132,105,63
10 anos,2,132,103,73
enero de,2,132,100,60
impuesto,1,132,98,53
la tendencia inflacionaria,3,132,96,42
uf,1,132,95,49
celebrada el,2,131,131,129
horas se reune,3,131,131,131
horas se reune el,4,131,131,131
inicia su intervencion agradeciendo,4,131,131,63
retoma su presentacion,3,131,131,66
consecuencia el,2,131,129,91
en consecuencia el,3,131,129,91
ha apreciado,2,131,129,73
lo que en,3,131,129,78
que es un,3,131,129,78
matias bernier,2,131,128,82
efectos en,2,131,127,85
de los datos,3,131,126,78
en menor,2,131,126,77
que luego,2,131,126,79
no tiene,2,131,125,71
que se debe,3,131,125,69
unanimidad,1,131,125,110
parte por,2,131,122,80
sugieren que,2,131,121,73
de expectativas de inflacion,4,131,119,66
dinamica de,2,131,119,79
ultimo tiempo,2,131,119,84
en el escenario mas,4,131,117,70
la masa salarial,3,131,117,57
ubican en,2,131,116,80
de las economias desarrolladas,4,131,114,58
programa de,2,131,114,53
resto del mundo,3,131,114,71
expansividad,1,131,113,62
posiciones,1,131,108,63
relajamiento,1,131,105,53
de 2008,2,131,104,48
el informe de politica,4,131,100,53
base hasta,2,131,96,60
maiz,1,131,96,61
movil,1,131,96,72
puntos base hasta,3,131,96,60
del terremoto,2,131,92,15
30 horas se,3,130,130,126
asistencia del,2,130,130,130
asistencia del vicepresidente,3,130,130,130
con la asistencia del,4,130,130,130
la asistencia del,3,130,130,130
la asistencia del vicepresidente,4,130,130,130
las 11,2,130,130,130
siendo las 11,3,130,130,130
ya que el,3,130,130,90
se ha apreciado,3,130,128,72
del aumento,2,130,127,72
persiste,1,130,126,74
tanto las,2,130,126,85
dice relacion,2,130,125,77
debido la,2,130,123,81
los siguientes,2,130,123,89
medidas de inflacion,3,130,123,69
por la cual,3,130,123,61
noticias de,2,130,122,81
que el peso,3,130,122,75
se han observado,3,130,121,70
incluyendo,1,130,120,76
de cuenta,2,130,117,65
han vuelto,2,130,116,75
incremento en,2,130,116,76
la evidencia,2,130,116,76
la expectativa,2,130,116,82
del precio de los,4,130,115,65
con motivo,2,130,114,44
dicho informe,2,130,113,54
los indicadores de actividad,4,130,113,76
que las importaciones,3,130,113,66
peso chileno,2,130,112,56
distintas medidas,2,130,109,63
apreciacion del peso,3,130,106,49
gianelli,1,130,92,10
000,1,130,78,53
reanuda,1,129,129,124
en segundo termino,3,129,128,69
segundo termino,2,129,128,69
hace presente que las,4,129,126,73
que desde la,3,129,126,83
el grafico,2,129,124,69
presentacion el,2,129,124,59
que algunos,2,129,124,76
constituye una,2,129,123,74
dichos,1,129,123,71
muestra un,2,129,123,75
tambien han,2,129,123,79
debido que,2,129,122,73
plantea la conveniencia,3,129,122,44
la disminucion,2,129,121,65
se proyecta,2,129,121,73
una serie,2,129,121,73
el mercado espera,3,129,120,80
se ubica en,3,129,120,82
ultimo trimestre,2,129,120,77
perspectiva de,2,129,118,79
financieros en,2,129,117,74
para la tasa de,4,129,115,70
el supuesto,2,129,114,70
la fuerza de,3,129,114,60
los desarrollos,2,129,114,73
empleos,1,129,113,75
realizar,1,129,113,69
una mantencion,2,129,110,64
compras,1,129,109,64
contribucion,1,129,109,68
del cuarto trimestre,3,129,106,68
la compensacion inflacionaria,3,129,104,53
se ha corregido,3,129,103,62
hebbel,1,129,89,33
schmidt hebbel,2,129,89,33
secretario general,2,128,128,128
comunicaciones don,2,128,127,127
de comunicaciones don,3,128,127,127
asisten,1,128,126,121
meses por,2,128,126,82
porque se,2,128,126,82
muy importante,2,128,125,74
han registrado,2,128,124,65
mayoritariamente,1,128,124,74
mismo que,2,128,124,72
importante que,2,128,122,86
algo mas de,3,128,121,72
del ano en,3,128,121,61
que muestra,2,128,121,77
se refleja,2,128,121,69
el actual,2,128,119,76
que quiere,2,128,118,45
razon por la que,4,128,118,45
las tendencias,2,128,117,73
proyeccion de inflacion,3,128,117,73
de lo anticipado,3,128,114,67
en las expectativas de,4,128,114,73
se ubican en,3,128,114,79
con lo esperado,3,128,113,68
del estimulo,2,128,113,60
el fondo,2,128,113,69
descartar que,2,128,112,74
fuerza de trabajo,3,128,111,58
operadores,1,128,107,67
gas,1,128,105,67
el consejero senor pablo,4,128,104,23
la estructura de,3,128,104,56
francia,1,128,96,62
transables,1,128,94,55
senala el consejero,3,128,83,39
soto responde,2,127,127,46
analisis del,2,127,126,106
cual el,2,127,125,55
el peso se,3,127,125,81
bien los,2,127,124,79
similares los,2,127,124,82
reunion en,2,127,123,77
dinamismo que,2,127,122,73
existencia de,2,127,122,67
parte de los,3,127,122,80
el aumento de la,4,127,120,70
marco,1,127,120,68
mayor de,2,127,120,79
que la evolucion,3,127,120,77
espera una,2,127,118,72
largo plazo en,3,127,118,75
al alza de,3,127,117,72
en el resto,3,127,117,79
menos que,2,127,116,77
que los datos de,4,127,115,65
sus tasas,2,127,115,71
sectores de,2,127,114,75
anade que en,3,127,113,64
europeos,1,127,110,50
horizonte de proyeccion,3,127,110,63
con lo que se,4,127,109,73
las condiciones crediticias,3,127,109,52
empresarios,1,127,108,75
el precio de la,4,127,106,68
fijo,1,127,102,68
vestuario,1,127,102,54
colocaciones de,2,127,96,68
gerente senor lehmann,3,127,88,31
nuestro escenario,2,127,87,47
pablo garcia senala,3,126,126,60
que no hay,3,126,125,76
han disminuido,2,126,122,71
claudio soto senala,3,126,121,54
de crecimiento en,3,126,121,73
hace referencia,2,126,121,58
que sea,2,126,121,76
senor claudio soto senala,4,126,121,54
ultimos datos,2,126,121,72
una economia,2,126,121,87
crecimiento de las,3,126,120,71
adecuada,1,126,119,83
el cobre,2,126,119,74
el curso de,3,126,119,81
los distintos,2,126,119,82
explica por,2,126,118,75
las expectativas del,3,126,118,76
se pueden,2,126,118,68
ocurriendo,1,126,117,65
generado,1,126,116,78
que hay que,3,126,116,57
algo mayor que,3,126,115,73
del ciclo,2,126,115,66
economicos,1,126,115,72
cercanos,1,126,114,73
que el empleo,3,126,114,78
fenomenos,1,126,113,71
mas bajo,2,126,113,70
por su parte el,4,126,112,67
su parte el,3,126,112,67
que el dato,3,126,111,61
recomendacion,1,126,110,77
monedas de,2,126,108,70
para el proximo ano,4,126,108,63
el balance,2,126,107,68
menor que lo,3,126,106,59
brecha de,2,126,102,65
actual nivel,2,126,100,82
ano 2006,2,126,78,40
analisis internacional don sergio,4,125,125,109
comunicado se,2,125,125,116
de analisis internacional don,4,125,125,109
internacional don sergio,3,125,125,109
internacional don sergio lehmann,4,125,125,109
comenta que las,3,125,124,69
senala que no,3,125,123,74
menciona que los,3,125,122,79
corresponden,1,125,121,67
inflacionarias en,2,125,121,78
razon por la cual,4,125,121,60
del consejo,2,125,118,76
derivados,1,125,118,76
generando,1,125,118,81
lo menos,2,125,118,71
plantea la conveniencia de,4,125,118,43
consenso,1,125,117,75
efectos del,2,125,117,73
emergentes se,2,125,116,73
para la politica,3,125,115,72
un proceso de,3,125,115,74
que el panorama,3,125,114,77
se sigue,2,125,114,78
una normalizacion,2,125,114,65
mantenerse,1,125,113,76
el ciclo,2,125,112,61
ultimos dos,2,125,112,67
moderacion en,2,125,111,60
el primer trimestre del,4,125,110,62
obra,1,125,110,67
en la direccion,3,125,109,69
estrechas,1,125,108,55
durante el mes,3,125,104,70
formacion,1,125,98,67
eurozona,1,125,97,39
la eurozona,2,125,97,39
minera,1,125,90,48
el mes de enero,4,125,87,41
en abril,2,125,83,47
la fed,2,125,80,35
senor claro,2,125,63,35
el texto,2,124,124,118
reanuda la,2,124,124,124
se reanuda,2,124,124,122
desde hace,2,124,123,79
ya que en,3,124,122,75
claudio soto senala que,4,124,119,53
indica que en el,4,124,119,79
manifiesta que su,3,124,119,72
que se trata de,4,124,119,65
transitorios,1,124,119,72
menor que la,3,124,118,82
una reversion,2,124,117,65
de paises,2,124,116,74
proseguir,1,124,116,62
se explica por,3,124,116,75
sobre todo,2,124,116,74
consumo en,2,124,115,71
de la economia mundial,4,124,115,68
menos de,2,124,115,74
se deberia,2,124,114,72
debieran,1,124,113,70
disminuyendo,1,124,113,78
muy por,2,124,113,70
precios de commodities,3,124,112,75
economias de,2,124,111,71
mas alto,2,124,111,63
problema de,2,124,111,73
restrictivas,1,124,111,55
todo ello,2,124,111,81
valor de,2,124,110,85
cambiar,1,124,109,73
de creditos,2,124,108,65
la mano,2,124,108,67
inflacion esperada,2,124,106,76
actuar,1,124,105,69
contratos,1,124,101,64
diego gianelli,2,124,88,10
senala el consejero senor,4,124,80,37
75 puntos,2,124,79,40
mil,1,124,77,54
aprueba,1,123,123,118
soto responde que,3,123,123,45
tambien por,2,123,122,78
correspondiente al mes,3,123,119,85
que la inflacion se,4,123,119,78
efecto en,2,123,118,76
que constituye,2,123,118,74
su presentacion el,3,123,118,55
afecta,1,123,117,75
el problema,2,123,117,67
genera,1,123,117,67
la proxima,2,123,116,77
acuerdo con la,3,123,115,70
de la evolucion de,4,123,115,74
la mayoria de los,4,123,115,76
forma de,2,123,114,76
de mercados financieros nacionales,4,123,113,52
la principal,2,123,113,78
anticipada,1,123,112,71
de que las,3,123,112,75
por el banco,3,123,112,66
que sin,2,123,112,73
reduciendo,1,123,111,69
vista de,2,123,111,73
actividad del,2,123,110,78
de la produccion,3,123,107,66
la rpm anterior,3,123,107,54
monetaria del,2,123,107,65
natural,1,123,107,75
rpm anterior,2,123,107,54
que se habia,3,123,106,64
las tasas de los,4,123,104,68
de los meses,3,123,103,76
cayo,1,123,100,73
75 puntos base,3,123,78,40
continuacion el presidente,3,122,122,105
horas se reanuda,3,122,122,122
horas se reanuda la,4,122,122,122
pablo garcia senala que,4,122,122,59
se reanuda la,3,122,122,122
senor pablo garcia senala,4,122,122,60
unica,1,122,121,69
incorporado,1,122,120,79
manifiesta que las,3,122,120,68
actualidad,1,122,119,80
en tal,2,122,119,77
impacto en,2,122,119,77
la actualidad,2,122,119,80
correspondiente al mes de,4,122,118,84
implicancias de,2,122,118,77
alvarez,1,122,117,108
dichas,1,122,117,69
economia que,2,122,117,70
encuestas de,2,122,117,78
exhibido,1,122,117,71
la existencia,2,122,117,64
refiere al,2,122,117,73
se refiere al,3,122,117,73
en que las,3,122,116,74
los agregados monetarios,3,122,116,65
mucha,1,122,116,68
se produjo,2,122,116,73
presente que los,3,122,115,63
que se puede,3,122,115,65
actividad el,2,122,114,77
del rango de tolerancia,4,122,114,66
que la demanda interna,4,122,114,74
algo por debajo de,4,122,113,69
corregir,1,122,113,80
mas aun,2,122,113,73
parte los,2,122,113,71
senor andres,2,122,112,37
advierten,1,122,111,58
cobre en,2,122,111,66
de esa economia,3,122,111,56
globales,1,122,111,68
ha disminuido,2,122,111,62
por que,2,122,111,57
que se tenia,3,122,110,55
los ultimos dos,3,122,109,66
de energia,2,122,108,75
del estimulo monetario,3,122,108,59
mediados de,2,122,108,73
ano 2014,2,122,106,45
exhibe una,2,122,106,59
base por,2,122,105,69
tpm en 25 puntos,4,122,103,44
anuncios,1,122,100,45
lineas,1,122,99,65
europa emergente,2,122,97,60
obras,1,122,96,53
se mantuvo,2,122,92,59
internacional que,2,122,86,65
el gerente senor lehmann,4,122,84,31
ministro que,2,122,63,35
consejeros don,2,121,121,121
continuacion ofrece,2,121,121,67
de los consejeros don,4,121,121,121
enrique marshall rivera,3,121,121,120
levanta,1,121,121,117
los consejeros don,3,121,121,121
marshall rivera,2,121,121,120
rivera,1,121,121,120
asisten tambien,2,121,120,120
concuerda con,2,121,120,78
don beltran,2,121,120,116
don beltran de,3,121,120,116
don beltran de ramon,4,121,120,116
tanto no,2,121,120,77
anade que las,3,121,119,69
bien las,2,121,119,77
